[
    {
        "migrated_at": null,
        "id_sub_bl": 73269,
        "id_daerah": 473,
        "tahun": 2026,
        "id_unit": 966,
        "id_skpd": 701,
        "created_user": 23559,
        "kode_skpd": "1.02.0.00.0.00.01.0003",
        "nama_skpd": "UPTD RSUD LAGITA",
        "id_urusan": 11,
        "kode_urusan": "1",
        "nama_urusan": "URUSAN PEMERINTAHAN WAJIB YANG BERKAITAN DENGAN PELAYANAN DASAR",
        "id_bidang_urusan": 202,
        "kode_bidang_urusan": "1.02",
        "nama_bidang_urusan": "URUSAN PEMERINTAHAN BIDANG KESEHATAN",
        "id_sub_skpd": 966,
        "kode_sub_skpd": "1.02.0.00.0.00.01.0003",
        "nama_sub_skpd": "UPTD RSUD LAGITA",
        "id_program": 4451,
        "kode_program": "1.02.01",
        "nama_program": "PROGRAM PENUNJANG URUSAN PEMERINTAHAN DAERAH KABUPATEN/KOTA",
        "outcome": "[ Terselenggaranya Penunjang Urusan pemerintahan Daerah UPTD RSUD Lagita ]",
        "indikator_outcome": "Persentase pemenuhan kebutuhan penunjang Perangkat Daerah (%)",
        "target_akhir": "100",
        "realisasi_capaian": "100",
        "prakiraan": "100",
        "target_maju_1": "100",
        "urai_output": "Terlaksananya Administrasi Umum Perangkat Daerah",
        "id_giat": 18376,
        "kode_giat": "1.02.01.2.06",
        "nama_giat": "Administrasi Umum Perangkat Daerah",
        "id_sub_giat": 60637,
        "kode_sub_giat": "1.02.01.2.06.0003",
        "nama_sub_giat": "Penyediaan Peralatan Rumah Tangga",
        "pagu": 15000000,
        "pagu_indikatif": 15000000,
        "pagu_n_depan": 20000000,
        "kode_bl": "701.966.4451.18376",
        "kode_sbl": "701.966.4451.18376.60637",
        "urusan_locked": 0,
        "bidang_urusan_locked": 0,
        "program_locked": 0,
        "giat_locked": 0,
        "sub_giat_locked": 0,
        "kunci_bl": 1,
        "kunci_bl_rinci": 1,
        "id_output_bl": 70929,
        "satuan_output": "Paket",
        "tolak_ukur_output": "Jumlah Paket Peralatan Rumah Tangga yang Disediakan",
        "target_teks_output": "5 Paket",
        "satuan_capaian": "%",
        "tolak_ukur_capaian": "Persentase pemenuhan kebutuhan penunjang Perangkat Daerah",
        "target_teks_capaian": "85 %",
        "satuan_sub": "%",
        "tolok_ukur_sub": "Persentase Pemenuhan Administrasi Umum Rumah Sakit",
        "target_sub_teks": "85 %",
        "tolak_ukur_n": "Jumlah Paket Peralatan Rumah Tangga yang Disediakan",
        "target_teks_n": "5 Paket",
        "kode_dana": "2.2.01.08.02.0005",
        "nama_dana": "DAU yang Ditentukan Penggunaannya Bidang Kesehatan",
        "lokasi_bl": "Kab. Bengkulu Utara, Semua Kecamatan, Semua Kel/Desa",
        "id_label_pusat": 127,
        "label_pusat": "Memperkuat pembangunan sumber daya manusia (SDM), sains, teknologi, pendidikan, kesehatan, prestasi olahraga, kesetaraan gender, serta penguatan peran perempuan, pemuda (generasi milenial dan generasi Z), dan penyandang disabilitas.",
        "id_label_prov": 395,
        "label_prov": "1. Percepatan Pengentasan Kemiskinan dan Peningkatan Kualitas SDM yang Berdaya Saing\t",
        "id_label_kokab": 5207,
        "label_kokab": "2. Percepatan transformasi sosial kultural berbasis peningkatan kualitas sumber daya manusia",
        "kelompok_sasaran": "UPTD RSUD Lagita",
        "target_akhir_program_renstra": null,
        "target_min_1_program_renstra": null,
        "target_n_program_renstra": null,
        "target_akhir_giat_renstra": null,
        "target_min_1_giat_renstra": null,
        "target_n_giat_renstra": null,
        "target_akhir_sub_giat_renstra": " ",
        "target_min_1_sub_giat_renstra": " ",
        "target_n_sub_giat_renstra": " ",
        "total_pagu_indikatif_sub_skpd": 19123831000,
        "total_pagu_n_depan_sub_skpd": 20454170340,
        "total_pagu_indikatif_urusan": 19123831000,
        "total_pagu_n_depan_urusan": 20454170340,
        "total_pagu_indikatif_bidang_urusan": 19123831000,
        "total_pagu_n_depan_bidang_urusan": 20454170340,
        "total_pagu_indikatif_program": 13141196000,
        "total_pagu_n_depan_program": 13334032800,
        "total_pagu_indikatif_kegiatan": 30000000,
        "total_pagu_n_depan_kegiatan": 40000000,
        "total_pagu_indikatif": 19123831000,
        "total_pagu_n_depan": 20454170340
    },
    {
        "migrated_at": null,
        "id_sub_bl": 73270,
        "id_daerah": 473,
        "tahun": 2026,
        "id_unit": 966,
        "id_skpd": 701,
        "created_user": 23559,
        "kode_skpd": "1.02.0.00.0.00.01.0003",
        "nama_skpd": "UPTD RSUD LAGITA",
        "id_urusan": 11,
        "kode_urusan": "1",
        "nama_urusan": "URUSAN PEMERINTAHAN WAJIB YANG BERKAITAN DENGAN PELAYANAN DASAR",
        "id_bidang_urusan": 202,
        "kode_bidang_urusan": "1.02",
        "nama_bidang_urusan": "URUSAN PEMERINTAHAN BIDANG KESEHATAN",
        "id_sub_skpd": 966,
        "kode_sub_skpd": "1.02.0.00.0.00.01.0003",
        "nama_sub_skpd": "UPTD RSUD LAGITA",
        "id_program": 4451,
        "kode_program": "1.02.01",
        "nama_program": "PROGRAM PENUNJANG URUSAN PEMERINTAHAN DAERAH KABUPATEN/KOTA",
        "outcome": "[ Terselenggaranya Penunjang Urusan pemerintahan Daerah UPTD RSUD Lagita ]",
        "indikator_outcome": "Persentase pemenuhan kebutuhan penunjang Perangkat Daerah (%)",
        "target_akhir": "100",
        "realisasi_capaian": "100",
        "prakiraan": "100",
        "target_maju_1": "100",
        "urai_output": "Terlaksananya Administrasi Umum Perangkat Daerah",
        "id_giat": 18376,
        "kode_giat": "1.02.01.2.06",
        "nama_giat": "Administrasi Umum Perangkat Daerah",
        "id_sub_giat": 60638,
        "kode_sub_giat": "1.02.01.2.06.0004",
        "nama_sub_giat": "Penyediaan Bahan Logistik Kantor",
        "pagu": 15000000,
        "pagu_indikatif": 15000000,
        "pagu_n_depan": 20000000,
        "kode_bl": "701.966.4451.18376",
        "kode_sbl": "701.966.4451.18376.60638",
        "urusan_locked": 0,
        "bidang_urusan_locked": 0,
        "program_locked": 0,
        "giat_locked": 0,
        "sub_giat_locked": 0,
        "kunci_bl": 1,
        "kunci_bl_rinci": 1,
        "id_output_bl": 70930,
        "satuan_output": "Paket",
        "tolak_ukur_output": "Jumlah Paket Bahan Logistik Kantor yang Disediakan",
        "target_teks_output": "5 Paket",
        "satuan_capaian": "%",
        "tolak_ukur_capaian": "Persentase pemenuhan kebutuhan penunjang Perangkat Daerah",
        "target_teks_capaian": "85 %",
        "satuan_sub": "%",
        "tolok_ukur_sub": "Persentase Pemenuhan Administrasi Umum Rumah Sakit",
        "target_sub_teks": "85 %",
        "tolak_ukur_n": "Jumlah Paket Bahan Logistik Kantor yang Disediakan",
        "target_teks_n": "5 Paket",
        "kode_dana": "2.2.01.08.02.0005",
        "nama_dana": "DAU yang Ditentukan Penggunaannya Bidang Kesehatan",
        "lokasi_bl": "Kab. Bengkulu Utara, Semua Kecamatan, Semua Kel/Desa",
        "id_label_pusat": 127,
        "label_pusat": "Memperkuat pembangunan sumber daya manusia (SDM), sains, teknologi, pendidikan, kesehatan, prestasi olahraga, kesetaraan gender, serta penguatan peran perempuan, pemuda (generasi milenial dan generasi Z), dan penyandang disabilitas.",
        "id_label_prov": 395,
        "label_prov": "1. Percepatan Pengentasan Kemiskinan dan Peningkatan Kualitas SDM yang Berdaya Saing\t",
        "id_label_kokab": 5207,
        "label_kokab": "2. Percepatan transformasi sosial kultural berbasis peningkatan kualitas sumber daya manusia",
        "kelompok_sasaran": "UPTD RSUD Lagita",
        "target_akhir_program_renstra": null,
        "target_min_1_program_renstra": null,
        "target_n_program_renstra": null,
        "target_akhir_giat_renstra": null,
        "target_min_1_giat_renstra": null,
        "target_n_giat_renstra": null,
        "target_akhir_sub_giat_renstra": " ",
        "target_min_1_sub_giat_renstra": " ",
        "target_n_sub_giat_renstra": " ",
        "total_pagu_indikatif_sub_skpd": 19123831000,
        "total_pagu_n_depan_sub_skpd": 20454170340,
        "total_pagu_indikatif_urusan": 19123831000,
        "total_pagu_n_depan_urusan": 20454170340,
        "total_pagu_indikatif_bidang_urusan": 19123831000,
        "total_pagu_n_depan_bidang_urusan": 20454170340,
        "total_pagu_indikatif_program": 13141196000,
        "total_pagu_n_depan_program": 13334032800,
        "total_pagu_indikatif_kegiatan": 30000000,
        "total_pagu_n_depan_kegiatan": 40000000,
        "total_pagu_indikatif": 19123831000,
        "total_pagu_n_depan": 20454170340
    },
    {
        "migrated_at": null,
        "id_sub_bl": 73271,
        "id_daerah": 473,
        "tahun": 2026,
        "id_unit": 966,
        "id_skpd": 701,
        "created_user": 23559,
        "kode_skpd": "1.02.0.00.0.00.01.0003",
        "nama_skpd": "UPTD RSUD LAGITA",
        "id_urusan": 11,
        "kode_urusan": "1",
        "nama_urusan": "URUSAN PEMERINTAHAN WAJIB YANG BERKAITAN DENGAN PELAYANAN DASAR",
        "id_bidang_urusan": 202,
        "kode_bidang_urusan": "1.02",
        "nama_bidang_urusan": "URUSAN PEMERINTAHAN BIDANG KESEHATAN",
        "id_sub_skpd": 966,
        "kode_sub_skpd": "1.02.0.00.0.00.01.0003",
        "nama_sub_skpd": "UPTD RSUD LAGITA",
        "id_program": 4451,
        "kode_program": "1.02.01",
        "nama_program": "PROGRAM PENUNJANG URUSAN PEMERINTAHAN DAERAH KABUPATEN/KOTA",
        "outcome": "[ Terselenggaranya Penunjang Urusan pemerintahan Daerah UPTD RSUD Lagita ]",
        "indikator_outcome": "Persentase pemenuhan kebutuhan penunjang Perangkat Daerah (%)",
        "target_akhir": "100",
        "realisasi_capaian": "100",
        "prakiraan": "100",
        "target_maju_1": "100",
        "urai_output": "Tersedianya Jasa Penunjang Urusan Pemerintahan Daerah",
        "id_giat": 18378,
        "kode_giat": "1.02.01.2.08",
        "nama_giat": "Penyediaan Jasa Penunjang Urusan Pemerintahan Daerah",
        "id_sub_giat": 60658,
        "kode_sub_giat": "1.02.01.2.08.0002",
        "nama_sub_giat": "Penyediaan Jasa Komunikasi, Sumber Daya Air dan Listrik",
        "pagu": 456000000,
        "pagu_indikatif": 456000000,
        "pagu_n_depan": 456000000,
        "kode_bl": "701.966.4451.18378",
        "kode_sbl": "701.966.4451.18378.60658",
        "urusan_locked": 0,
        "bidang_urusan_locked": 0,
        "program_locked": 0,
        "giat_locked": 0,
        "sub_giat_locked": 0,
        "kunci_bl": 1,
        "kunci_bl_rinci": 1,
        "id_output_bl": 70931,
        "satuan_output": "Laporan",
        "tolak_ukur_output": "Jumlah Laporan Penyediaan Jasa Komunikasi, Sumber Daya Air dan Listrik yang Disediakan",
        "target_teks_output": "2 Laporan",
        "satuan_capaian": "%",
        "tolak_ukur_capaian": "Persentase pemenuhan kebutuhan penunjang Perangkat Daerah",
        "target_teks_capaian": "85 %",
        "satuan_sub": "%",
        "tolok_ukur_sub": "Persentase Penyediaan Jasa Penunjang Rumah Sakit",
        "target_sub_teks": "85 %",
        "tolak_ukur_n": "Jumlah Laporan Penyediaan Jasa Komunikasi, Sumber Daya Air dan Listrik yang Disediakan",
        "target_teks_n": "2 Laporan",
        "kode_dana": "1.2.01.08, 2.2.01.08.02.0005",
        "nama_dana": "Dana Alokasi Umum (DAU), DAU yang Ditentukan Penggunaannya Bidang Kesehatan",
        "lokasi_bl": "Kab. Bengkulu Utara, Semua Kecamatan, Semua Kel/Desa",
        "id_label_pusat": 127,
        "label_pusat": "Memperkuat pembangunan sumber daya manusia (SDM), sains, teknologi, pendidikan, kesehatan, prestasi olahraga, kesetaraan gender, serta penguatan peran perempuan, pemuda (generasi milenial dan generasi Z), dan penyandang disabilitas.",
        "id_label_prov": 395,
        "label_prov": "1. Percepatan Pengentasan Kemiskinan dan Peningkatan Kualitas SDM yang Berdaya Saing\t",
        "id_label_kokab": 5207,
        "label_kokab": "2. Percepatan transformasi sosial kultural berbasis peningkatan kualitas sumber daya manusia",
        "kelompok_sasaran": "UPTD RSUD Lagita",
        "target_akhir_program_renstra": null,
        "target_min_1_program_renstra": null,
        "target_n_program_renstra": null,
        "target_akhir_giat_renstra": null,
        "target_min_1_giat_renstra": null,
        "target_n_giat_renstra": null,
        "target_akhir_sub_giat_renstra": " ",
        "target_min_1_sub_giat_renstra": " ",
        "target_n_sub_giat_renstra": " ",
        "total_pagu_indikatif_sub_skpd": 19123831000,
        "total_pagu_n_depan_sub_skpd": 20454170340,
        "total_pagu_indikatif_urusan": 19123831000,
        "total_pagu_n_depan_urusan": 20454170340,
        "total_pagu_indikatif_bidang_urusan": 19123831000,
        "total_pagu_n_depan_bidang_urusan": 20454170340,
        "total_pagu_indikatif_program": 13141196000,
        "total_pagu_n_depan_program": 13334032800,
        "total_pagu_indikatif_kegiatan": 855000000,
        "total_pagu_n_depan_kegiatan": 855000000,
        "total_pagu_indikatif": 19123831000,
        "total_pagu_n_depan": 20454170340
    },
    {
        "migrated_at": null,
        "id_sub_bl": 73272,
        "id_daerah": 473,
        "tahun": 2026,
        "id_unit": 966,
        "id_skpd": 701,
        "created_user": 23559,
        "kode_skpd": "1.02.0.00.0.00.01.0003",
        "nama_skpd": "UPTD RSUD LAGITA",
        "id_urusan": 11,
        "kode_urusan": "1",
        "nama_urusan": "URUSAN PEMERINTAHAN WAJIB YANG BERKAITAN DENGAN PELAYANAN DASAR",
        "id_bidang_urusan": 202,
        "kode_bidang_urusan": "1.02",
        "nama_bidang_urusan": "URUSAN PEMERINTAHAN BIDANG KESEHATAN",
        "id_sub_skpd": 966,
        "kode_sub_skpd": "1.02.0.00.0.00.01.0003",
        "nama_sub_skpd": "UPTD RSUD LAGITA",
        "id_program": 4451,
        "kode_program": "1.02.01",
        "nama_program": "PROGRAM PENUNJANG URUSAN PEMERINTAHAN DAERAH KABUPATEN/KOTA",
        "outcome": "[ Terselenggaranya Penunjang Urusan pemerintahan Daerah UPTD RSUD Lagita ]",
        "indikator_outcome": "Persentase pemenuhan kebutuhan penunjang Perangkat Daerah (%)",
        "target_akhir": "100",
        "realisasi_capaian": "100",
        "prakiraan": "100",
        "target_maju_1": "100",
        "urai_output": "Tersedianya Jasa Penunjang Urusan Pemerintahan Daerah",
        "id_giat": 18378,
        "kode_giat": "1.02.01.2.08",
        "nama_giat": "Penyediaan Jasa Penunjang Urusan Pemerintahan Daerah",
        "id_sub_giat": 60660,
        "kode_sub_giat": "1.02.01.2.08.0004",
        "nama_sub_giat": "Penyediaan Jasa Pelayanan Umum Kantor",
        "pagu": 399000000,
        "pagu_indikatif": 399000000,
        "pagu_n_depan": 399000000,
        "kode_bl": "701.966.4451.18378",
        "kode_sbl": "701.966.4451.18378.60660",
        "urusan_locked": 0,
        "bidang_urusan_locked": 0,
        "program_locked": 0,
        "giat_locked": 0,
        "sub_giat_locked": 0,
        "kunci_bl": 1,
        "kunci_bl_rinci": 1,
        "id_output_bl": 70932,
        "satuan_output": "Laporan",
        "tolak_ukur_output": "Jumlah Laporan Penyediaan Jasa Pelayanan Umum Kantor yang Disediakan",
        "target_teks_output": "1 Laporan",
        "satuan_capaian": "%",
        "tolak_ukur_capaian": "Persentase pemenuhan kebutuhan penunjang Perangkat Daerah",
        "target_teks_capaian": "85 %",
        "satuan_sub": "%",
        "tolok_ukur_sub": "Persentase Penyediaan Jasa Penunjang Rumah Sakit",
        "target_sub_teks": "85 %",
        "tolak_ukur_n": "Jumlah Laporan Penyediaan Jasa Pelayanan Umum Kantor yang Disediakan",
        "target_teks_n": "1 Laporan",
        "kode_dana": "1.2.01.08, 2.2.01.08.02.0005",
        "nama_dana": "Dana Alokasi Umum (DAU), DAU yang Ditentukan Penggunaannya Bidang Kesehatan",
        "lokasi_bl": "Kab. Bengkulu Utara, Semua Kecamatan, Semua Kel/Desa",
        "id_label_pusat": 127,
        "label_pusat": "Memperkuat pembangunan sumber daya manusia (SDM), sains, teknologi, pendidikan, kesehatan, prestasi olahraga, kesetaraan gender, serta penguatan peran perempuan, pemuda (generasi milenial dan generasi Z), dan penyandang disabilitas.",
        "id_label_prov": 395,
        "label_prov": "1. Percepatan Pengentasan Kemiskinan dan Peningkatan Kualitas SDM yang Berdaya Saing\t",
        "id_label_kokab": 5207,
        "label_kokab": "2. Percepatan transformasi sosial kultural berbasis peningkatan kualitas sumber daya manusia",
        "kelompok_sasaran": "UPTD RSUD Lagita",
        "target_akhir_program_renstra": null,
        "target_min_1_program_renstra": null,
        "target_n_program_renstra": null,
        "target_akhir_giat_renstra": null,
        "target_min_1_giat_renstra": null,
        "target_n_giat_renstra": null,
        "target_akhir_sub_giat_renstra": " ",
        "target_min_1_sub_giat_renstra": " ",
        "target_n_sub_giat_renstra": " ",
        "total_pagu_indikatif_sub_skpd": 19123831000,
        "total_pagu_n_depan_sub_skpd": 20454170340,
        "total_pagu_indikatif_urusan": 19123831000,
        "total_pagu_n_depan_urusan": 20454170340,
        "total_pagu_indikatif_bidang_urusan": 19123831000,
        "total_pagu_n_depan_bidang_urusan": 20454170340,
        "total_pagu_indikatif_program": 13141196000,
        "total_pagu_n_depan_program": 13334032800,
        "total_pagu_indikatif_kegiatan": 855000000,
        "total_pagu_n_depan_kegiatan": 855000000,
        "total_pagu_indikatif": 19123831000,
        "total_pagu_n_depan": 20454170340
    },
    {
        "migrated_at": null,
        "id_sub_bl": 73273,
        "id_daerah": 473,
        "tahun": 2026,
        "id_unit": 966,
        "id_skpd": 701,
        "created_user": 23559,
        "kode_skpd": "1.02.0.00.0.00.01.0003",
        "nama_skpd": "UPTD RSUD LAGITA",
        "id_urusan": 11,
        "kode_urusan": "1",
        "nama_urusan": "URUSAN PEMERINTAHAN WAJIB YANG BERKAITAN DENGAN PELAYANAN DASAR",
        "id_bidang_urusan": 202,
        "kode_bidang_urusan": "1.02",
        "nama_bidang_urusan": "URUSAN PEMERINTAHAN BIDANG KESEHATAN",
        "id_sub_skpd": 966,
        "kode_sub_skpd": "1.02.0.00.0.00.01.0003",
        "nama_sub_skpd": "UPTD RSUD LAGITA",
        "id_program": 4451,
        "kode_program": "1.02.01",
        "nama_program": "PROGRAM PENUNJANG URUSAN PEMERINTAHAN DAERAH KABUPATEN/KOTA",
        "outcome": "[ Terselenggaranya Penunjang Urusan pemerintahan Daerah UPTD RSUD Lagita ]",
        "indikator_outcome": "Persentase pemenuhan kebutuhan penunjang Perangkat Daerah (%)",
        "target_akhir": "100",
        "realisasi_capaian": "100",
        "prakiraan": "100",
        "target_maju_1": "100",
        "urai_output": "Terlaksananya Pemeliharaan Barang Milik Daerah Penunjang Urusan Pemerintahan Daerah",
        "id_giat": 18379,
        "kode_giat": "1.02.01.2.09",
        "nama_giat": "Pemeliharaan Barang Milik Daerah Penunjang Urusan Pemerintahan Daerah",
        "id_sub_giat": 60661,
        "kode_sub_giat": "1.02.01.2.09.0001",
        "nama_sub_giat": "Penyediaan Jasa Pemeliharaan, Biaya Pemeliharaan, dan Pajak Kendaraan Perorangan Dinas atau Kendaraan Dinas Jabatan",
        "pagu": 22000000,
        "pagu_indikatif": 22000000,
        "pagu_n_depan": 22000000,
        "kode_bl": "701.966.4451.18379",
        "kode_sbl": "701.966.4451.18379.60661",
        "urusan_locked": 0,
        "bidang_urusan_locked": 0,
        "program_locked": 0,
        "giat_locked": 0,
        "sub_giat_locked": 0,
        "kunci_bl": 1,
        "kunci_bl_rinci": 1,
        "id_output_bl": 70933,
        "satuan_output": "Unit",
        "tolak_ukur_output": "Jumlah Kendaraan Perorangan Dinas atau Kendaraan Dinas Jabatan yang Dipelihara dan dibayarkan Pajaknya",
        "target_teks_output": "6 Unit",
        "satuan_capaian": "%",
        "tolak_ukur_capaian": "Persentase pemenuhan kebutuhan penunjang Perangkat Daerah",
        "target_teks_capaian": "85 %",
        "satuan_sub": "%",
        "tolok_ukur_sub": "Persentase Pemeliharaan Barang Milik Daerah",
        "target_sub_teks": "85 %",
        "tolak_ukur_n": "Jumlah Kendaraan Perorangan Dinas atau Kendaraan Dinas Jabatan yang Dipelihara dan dibayarkan Pajaknya",
        "target_teks_n": "6 Unit",
        "kode_dana": "1.2.01.08",
        "nama_dana": "Dana Alokasi Umum (DAU)",
        "lokasi_bl": "Kab. Bengkulu Utara, Semua Kecamatan, Semua Kel/Desa",
        "id_label_pusat": 127,
        "label_pusat": "Memperkuat pembangunan sumber daya manusia (SDM), sains, teknologi, pendidikan, kesehatan, prestasi olahraga, kesetaraan gender, serta penguatan peran perempuan, pemuda (generasi milenial dan generasi Z), dan penyandang disabilitas.",
        "id_label_prov": 395,
        "label_prov": "1. Percepatan Pengentasan Kemiskinan dan Peningkatan Kualitas SDM yang Berdaya Saing\t",
        "id_label_kokab": 5207,
        "label_kokab": "2. Percepatan transformasi sosial kultural berbasis peningkatan kualitas sumber daya manusia",
        "kelompok_sasaran": "UPTD RSUD Lagita",
        "target_akhir_program_renstra": null,
        "target_min_1_program_renstra": null,
        "target_n_program_renstra": null,
        "target_akhir_giat_renstra": null,
        "target_min_1_giat_renstra": null,
        "target_n_giat_renstra": null,
        "target_akhir_sub_giat_renstra": " ",
        "target_min_1_sub_giat_renstra": " ",
        "target_n_sub_giat_renstra": " ",
        "total_pagu_indikatif_sub_skpd": 19123831000,
        "total_pagu_n_depan_sub_skpd": 20454170340,
        "total_pagu_indikatif_urusan": 19123831000,
        "total_pagu_n_depan_urusan": 20454170340,
        "total_pagu_indikatif_bidang_urusan": 19123831000,
        "total_pagu_n_depan_bidang_urusan": 20454170340,
        "total_pagu_indikatif_program": 13141196000,
        "total_pagu_n_depan_program": 13334032800,
        "total_pagu_indikatif_kegiatan": 67000000,
        "total_pagu_n_depan_kegiatan": 67000000,
        "total_pagu_indikatif": 19123831000,
        "total_pagu_n_depan": 20454170340
    },
    {
        "migrated_at": null,
        "id_sub_bl": 73274,
        "id_daerah": 473,
        "tahun": 2026,
        "id_unit": 966,
        "id_skpd": 701,
        "created_user": 23559,
        "kode_skpd": "1.02.0.00.0.00.01.0003",
        "nama_skpd": "UPTD RSUD LAGITA",
        "id_urusan": 11,
        "kode_urusan": "1",
        "nama_urusan": "URUSAN PEMERINTAHAN WAJIB YANG BERKAITAN DENGAN PELAYANAN DASAR",
        "id_bidang_urusan": 202,
        "kode_bidang_urusan": "1.02",
        "nama_bidang_urusan": "URUSAN PEMERINTAHAN BIDANG KESEHATAN",
        "id_sub_skpd": 966,
        "kode_sub_skpd": "1.02.0.00.0.00.01.0003",
        "nama_sub_skpd": "UPTD RSUD LAGITA",
        "id_program": 4451,
        "kode_program": "1.02.01",
        "nama_program": "PROGRAM PENUNJANG URUSAN PEMERINTAHAN DAERAH KABUPATEN/KOTA",
        "outcome": "[ Terselenggaranya Penunjang Urusan pemerintahan Daerah UPTD RSUD Lagita ]",
        "indikator_outcome": "Persentase pemenuhan kebutuhan penunjang Perangkat Daerah (%)",
        "target_akhir": "100",
        "realisasi_capaian": "100",
        "prakiraan": "100",
        "target_maju_1": "100",
        "urai_output": "Terlaksananya Pemeliharaan Barang Milik Daerah Penunjang Urusan Pemerintahan Daerah",
        "id_giat": 18379,
        "kode_giat": "1.02.01.2.09",
        "nama_giat": "Pemeliharaan Barang Milik Daerah Penunjang Urusan Pemerintahan Daerah",
        "id_sub_giat": 60666,
        "kode_sub_giat": "1.02.01.2.09.0006",
        "nama_sub_giat": "Pemeliharaan Peralatan dan Mesin Lainnya",
        "pagu": 45000000,
        "pagu_indikatif": 45000000,
        "pagu_n_depan": 45000000,
        "kode_bl": "701.966.4451.18379",
        "kode_sbl": "701.966.4451.18379.60666",
        "urusan_locked": 0,
        "bidang_urusan_locked": 0,
        "program_locked": 0,
        "giat_locked": 0,
        "sub_giat_locked": 0,
        "kunci_bl": 1,
        "kunci_bl_rinci": 1,
        "id_output_bl": 70934,
        "satuan_output": "Unit",
        "tolak_ukur_output": "Jumlah Peralatan dan Mesin Lainnya yang Dipelihara ",
        "target_teks_output": "6 Unit",
        "satuan_capaian": "%",
        "tolak_ukur_capaian": "Persentase pemenuhan kebutuhan penunjang Perangkat Daerah",
        "target_teks_capaian": "85 %",
        "satuan_sub": "%",
        "tolok_ukur_sub": "Persentase Pemeliharaan Barang Milik Daerah",
        "target_sub_teks": "85 %",
        "tolak_ukur_n": "Jumlah Peralatan dan Mesin Lainnya yang Dipelihara ",
        "target_teks_n": "6 Unit",
        "kode_dana": "1.2.01.08",
        "nama_dana": "Dana Alokasi Umum (DAU)",
        "lokasi_bl": "Kab. Bengkulu Utara, Semua Kecamatan, Semua Kel/Desa",
        "id_label_pusat": 127,
        "label_pusat": "Memperkuat pembangunan sumber daya manusia (SDM), sains, teknologi, pendidikan, kesehatan, prestasi olahraga, kesetaraan gender, serta penguatan peran perempuan, pemuda (generasi milenial dan generasi Z), dan penyandang disabilitas.",
        "id_label_prov": 395,
        "label_prov": "1. Percepatan Pengentasan Kemiskinan dan Peningkatan Kualitas SDM yang Berdaya Saing\t",
        "id_label_kokab": 5207,
        "label_kokab": "2. Percepatan transformasi sosial kultural berbasis peningkatan kualitas sumber daya manusia",
        "kelompok_sasaran": "UPTD RSUD Lagita",
        "target_akhir_program_renstra": null,
        "target_min_1_program_renstra": null,
        "target_n_program_renstra": null,
        "target_akhir_giat_renstra": null,
        "target_min_1_giat_renstra": null,
        "target_n_giat_renstra": null,
        "target_akhir_sub_giat_renstra": " ",
        "target_min_1_sub_giat_renstra": " ",
        "target_n_sub_giat_renstra": " ",
        "total_pagu_indikatif_sub_skpd": 19123831000,
        "total_pagu_n_depan_sub_skpd": 20454170340,
        "total_pagu_indikatif_urusan": 19123831000,
        "total_pagu_n_depan_urusan": 20454170340,
        "total_pagu_indikatif_bidang_urusan": 19123831000,
        "total_pagu_n_depan_bidang_urusan": 20454170340,
        "total_pagu_indikatif_program": 13141196000,
        "total_pagu_n_depan_program": 13334032800,
        "total_pagu_indikatif_kegiatan": 67000000,
        "total_pagu_n_depan_kegiatan": 67000000,
        "total_pagu_indikatif": 19123831000,
        "total_pagu_n_depan": 20454170340
    },
    {
        "migrated_at": null,
        "id_sub_bl": 62300,
        "id_daerah": 473,
        "tahun": 2026,
        "id_unit": 966,
        "id_skpd": 701,
        "created_user": 23559,
        "kode_skpd": "1.02.0.00.0.00.01.0003",
        "nama_skpd": "UPTD RSUD LAGITA",
        "id_urusan": 11,
        "kode_urusan": "1",
        "nama_urusan": "URUSAN PEMERINTAHAN WAJIB YANG BERKAITAN DENGAN PELAYANAN DASAR",
        "id_bidang_urusan": 202,
        "kode_bidang_urusan": "1.02",
        "nama_bidang_urusan": "URUSAN PEMERINTAHAN BIDANG KESEHATAN",
        "id_sub_skpd": 966,
        "kode_sub_skpd": "1.02.0.00.0.00.01.0003",
        "nama_sub_skpd": "UPTD RSUD LAGITA",
        "id_program": 4451,
        "kode_program": "1.02.01",
        "nama_program": "PROGRAM PENUNJANG URUSAN PEMERINTAHAN DAERAH KABUPATEN/KOTA",
        "outcome": "[ Terselenggaranya Penunjang Urusan pemerintahan Daerah UPTD RSUD Lagita ]",
        "indikator_outcome": "Persentase pemenuhan kebutuhan penunjang Perangkat Daerah (%)",
        "target_akhir": "100",
        "realisasi_capaian": "100",
        "prakiraan": "100",
        "target_maju_1": "100",
        "urai_output": "Meningkatnya Kualitas Pelayanan Badan Layanan Umum Daerah",
        "id_giat": 18380,
        "kode_giat": "1.02.01.2.10",
        "nama_giat": "Peningkatan Pelayanan BLUD",
        "id_sub_giat": 60673,
        "kode_sub_giat": "1.02.01.2.10.0001",
        "nama_sub_giat": "Pelayanan dan Penunjang Pelayanan BLUD",
        "pagu": 12189196000,
        "pagu_indikatif": 12189196000,
        "pagu_n_depan": 12372032800,
        "kode_bl": "701.966.4451.18380",
        "kode_sbl": "701.966.4451.18380.60673",
        "urusan_locked": 0,
        "bidang_urusan_locked": 0,
        "program_locked": 0,
        "giat_locked": 0,
        "sub_giat_locked": 0,
        "kunci_bl": 1,
        "kunci_bl_rinci": 1,
        "id_output_bl": 60011,
        "satuan_output": "Unit Kerja",
        "tolak_ukur_output": "Jumlah BLUD yang Menyediakan Pelayanan dan Penunjang Pelayanan",
        "target_teks_output": "1 Unit Kerja",
        "satuan_capaian": "%",
        "tolak_ukur_capaian": "Persentase pemenuhan kebutuhan penunjang Perangkat Daerah",
        "target_teks_capaian": "85 %",
        "satuan_sub": "%",
        "tolok_ukur_sub": "Persentase Pelayanan BLUD Rumah Sakit",
        "target_sub_teks": "85 %",
        "tolak_ukur_n": "Jumlah BLUD yang Menyediakan Pelayanan dan Penunjang Pelayanan",
        "target_teks_n": "1 Unit Kerja",
        "kode_dana": "1.1.04.16",
        "nama_dana": "Pendapatan dari BLUD",
        "lokasi_bl": "Kab. Bengkulu Utara, Semua Kecamatan, Semua Kel/Desa",
        "id_label_pusat": 127,
        "label_pusat": "Memperkuat pembangunan sumber daya manusia (SDM), sains, teknologi, pendidikan, kesehatan, prestasi olahraga, kesetaraan gender, serta penguatan peran perempuan, pemuda (generasi milenial dan generasi Z), dan penyandang disabilitas.",
        "id_label_prov": 395,
        "label_prov": "1. Percepatan Pengentasan Kemiskinan dan Peningkatan Kualitas SDM yang Berdaya Saing\t",
        "id_label_kokab": 5207,
        "label_kokab": "2. Percepatan transformasi sosial kultural berbasis peningkatan kualitas sumber daya manusia",
        "kelompok_sasaran": "UPTD RSUD Lagita",
        "target_akhir_program_renstra": null,
        "target_min_1_program_renstra": null,
        "target_n_program_renstra": null,
        "target_akhir_giat_renstra": null,
        "target_min_1_giat_renstra": null,
        "target_n_giat_renstra": null,
        "target_akhir_sub_giat_renstra": " ",
        "target_min_1_sub_giat_renstra": " ",
        "target_n_sub_giat_renstra": " ",
        "total_pagu_indikatif_sub_skpd": 19123831000,
        "total_pagu_n_depan_sub_skpd": 20454170340,
        "total_pagu_indikatif_urusan": 19123831000,
        "total_pagu_n_depan_urusan": 20454170340,
        "total_pagu_indikatif_bidang_urusan": 19123831000,
        "total_pagu_n_depan_bidang_urusan": 20454170340,
        "total_pagu_indikatif_program": 13141196000,
        "total_pagu_n_depan_program": 13334032800,
        "total_pagu_indikatif_kegiatan": 12189196000,
        "total_pagu_n_depan_kegiatan": 12372032800,
        "total_pagu_indikatif": 19123831000,
        "total_pagu_n_depan": 20454170340
    },
    {
        "migrated_at": null,
        "id_sub_bl": 73275,
        "id_daerah": 473,
        "tahun": 2026,
        "id_unit": 966,
        "id_skpd": 701,
        "created_user": 23559,
        "kode_skpd": "1.02.0.00.0.00.01.0003",
        "nama_skpd": "UPTD RSUD LAGITA",
        "id_urusan": 11,
        "kode_urusan": "1",
        "nama_urusan": "URUSAN PEMERINTAHAN WAJIB YANG BERKAITAN DENGAN PELAYANAN DASAR",
        "id_bidang_urusan": 202,
        "kode_bidang_urusan": "1.02",
        "nama_bidang_urusan": "URUSAN PEMERINTAHAN BIDANG KESEHATAN",
        "id_sub_skpd": 966,
        "kode_sub_skpd": "1.02.0.00.0.00.01.0003",
        "nama_sub_skpd": "UPTD RSUD LAGITA",
        "id_program": 3293,
        "kode_program": "1.02.02",
        "nama_program": "PROGRAM PEMENUHAN UPAYA KESEHATAN PERORANGAN DAN UPAYA KESEHATAN MASYARAKAT",
        "outcome": "[ Meningkatnya kualitas pelayanan kesehatan di UPTD RSUD Lagita ]",
        "indikator_outcome": "Angka Penggunaan Tempat Tidur (BOR)\n\nRata-rata Lamanya Pasien Dirawat (AVLOS)\n\nStandar Pelayanan Minimal (SPM) Rumah Sakit\n\nTenggang Perputaran Tempat Tidur (TOI)",
        "target_akhir": "100\n\n2\n\n6\n\n60",
        "realisasi_capaian": "100\n\n2\n\n6\n\n60",
        "prakiraan": "100\n\n2\n\n6\n\n60",
        "target_maju_1": "100\n\n2\n\n6\n\n60",
        "urai_output": "Tersedianya Fasilitas Pelayanan Kesehatan untuk UKM dan UKP yang menjadi Kewenangan Daerah Kabupaten",
        "id_giat": 15401,
        "kode_giat": "1.02.02.2.01",
        "nama_giat": "Penyediaan Fasilitas Pelayanan Kesehatan untuk UKM dan UKP Kewenangan Daerah Kabupaten/Kota",
        "id_sub_giat": 50929,
        "kode_sub_giat": "1.02.02.2.01.0003",
        "nama_sub_giat": "Pembangunan Fasilitas Kesehatan Lainnya",
        "pagu": 2000000000,
        "pagu_indikatif": 2000000000,
        "pagu_n_depan": 2000000000,
        "kode_bl": "701.966.3293.15401",
        "kode_sbl": "701.966.3293.15401.50929",
        "urusan_locked": 0,
        "bidang_urusan_locked": 0,
        "program_locked": 0,
        "giat_locked": 0,
        "sub_giat_locked": 0,
        "kunci_bl": 1,
        "kunci_bl_rinci": 1,
        "id_output_bl": 70935,
        "satuan_output": "Unit",
        "tolak_ukur_output": "Jumlah Fasilitas Kesehatan Lainnya yang Dibangun",
        "target_teks_output": "1 Unit",
        "satuan_capaian": "%\nhari\nhari\n%",
        "tolak_ukur_capaian": "Angka penggunaan tempat tidur (BOR)\nTenggang perputaran tempat tidur (TOI)\nRata-rata lamanya pasien dirawat (AVLOS)\nStandar Pelayanan Minimal (SPM) Rumah Sakit",
        "target_teks_capaian": "60 %\n2 hari\n6 hari\n100 %",
        "satuan_sub": "%",
        "tolok_ukur_sub": "Persentase Penyediaan Fasilitas Pelayanan Kesehatan Rumah Sakit",
        "target_sub_teks": "85 %",
        "tolak_ukur_n": "Jumlah Fasilitas Kesehatan Lainnya yang Dibangun",
        "target_teks_n": "1 Unit",
        "kode_dana": "1.2.01.08",
        "nama_dana": "Dana Alokasi Umum (DAU)",
        "lokasi_bl": "Kab. Bengkulu Utara, Semua Kecamatan, Semua Kel/Desa",
        "id_label_pusat": 127,
        "label_pusat": "Memperkuat pembangunan sumber daya manusia (SDM), sains, teknologi, pendidikan, kesehatan, prestasi olahraga, kesetaraan gender, serta penguatan peran perempuan, pemuda (generasi milenial dan generasi Z), dan penyandang disabilitas.",
        "id_label_prov": 395,
        "label_prov": "1. Percepatan Pengentasan Kemiskinan dan Peningkatan Kualitas SDM yang Berdaya Saing\t",
        "id_label_kokab": 5207,
        "label_kokab": "2. Percepatan transformasi sosial kultural berbasis peningkatan kualitas sumber daya manusia",
        "kelompok_sasaran": "Masyarakat Kabupaten Bengkulu Utara",
        "target_akhir_program_renstra": null,
        "target_min_1_program_renstra": null,
        "target_n_program_renstra": null,
        "target_akhir_giat_renstra": null,
        "target_min_1_giat_renstra": null,
        "target_n_giat_renstra": null,
        "target_akhir_sub_giat_renstra": " ",
        "target_min_1_sub_giat_renstra": " ",
        "target_n_sub_giat_renstra": " ",
        "total_pagu_indikatif_sub_skpd": 19123831000,
        "total_pagu_n_depan_sub_skpd": 20454170340,
        "total_pagu_indikatif_urusan": 19123831000,
        "total_pagu_n_depan_urusan": 20454170340,
        "total_pagu_indikatif_bidang_urusan": 19123831000,
        "total_pagu_n_depan_bidang_urusan": 20454170340,
        "total_pagu_indikatif_program": 5982635000,
        "total_pagu_n_depan_program": 7120137540,
        "total_pagu_indikatif_kegiatan": 3882635000,
        "total_pagu_n_depan_kegiatan": 4957137540,
        "total_pagu_indikatif": 19123831000,
        "total_pagu_n_depan": 20454170340
    },
    {
        "migrated_at": null,
        "id_sub_bl": 73276,
        "id_daerah": 473,
        "tahun": 2026,
        "id_unit": 966,
        "id_skpd": 701,
        "created_user": 23559,
        "kode_skpd": "1.02.0.00.0.00.01.0003",
        "nama_skpd": "UPTD RSUD LAGITA",
        "id_urusan": 11,
        "kode_urusan": "1",
        "nama_urusan": "URUSAN PEMERINTAHAN WAJIB YANG BERKAITAN DENGAN PELAYANAN DASAR",
        "id_bidang_urusan": 202,
        "kode_bidang_urusan": "1.02",
        "nama_bidang_urusan": "URUSAN PEMERINTAHAN BIDANG KESEHATAN",
        "id_sub_skpd": 966,
        "kode_sub_skpd": "1.02.0.00.0.00.01.0003",
        "nama_sub_skpd": "UPTD RSUD LAGITA",
        "id_program": 3293,
        "kode_program": "1.02.02",
        "nama_program": "PROGRAM PEMENUHAN UPAYA KESEHATAN PERORANGAN DAN UPAYA KESEHATAN MASYARAKAT",
        "outcome": "[ Meningkatnya kualitas pelayanan kesehatan di UPTD RSUD Lagita ]",
        "indikator_outcome": "Angka Penggunaan Tempat Tidur (BOR)\n\nRata-rata Lamanya Pasien Dirawat (AVLOS)\n\nStandar Pelayanan Minimal (SPM) Rumah Sakit\n\nTenggang Perputaran Tempat Tidur (TOI)",
        "target_akhir": "100\n\n2\n\n6\n\n60",
        "realisasi_capaian": "100\n\n2\n\n6\n\n60",
        "prakiraan": "100\n\n2\n\n6\n\n60",
        "target_maju_1": "100\n\n2\n\n6\n\n60",
        "urai_output": "Tersedianya Fasilitas Pelayanan Kesehatan untuk UKM dan UKP yang menjadi Kewenangan Daerah Kabupaten",
        "id_giat": 15401,
        "kode_giat": "1.02.02.2.01",
        "nama_giat": "Penyediaan Fasilitas Pelayanan Kesehatan untuk UKM dan UKP Kewenangan Daerah Kabupaten/Kota",
        "id_sub_giat": 50937,
        "kode_sub_giat": "1.02.02.2.01.0014",
        "nama_sub_giat": "Pengadaan Alat Kesehatan/Alat Penunjang Medik Fasilitas Pelayanan Kesehatan",
        "pagu": 1882635000,
        "pagu_indikatif": 1882635000,
        "pagu_n_depan": 2957137540,
        "kode_bl": "701.966.3293.15401",
        "kode_sbl": "701.966.3293.15401.50937",
        "urusan_locked": 0,
        "bidang_urusan_locked": 0,
        "program_locked": 0,
        "giat_locked": 0,
        "sub_giat_locked": 0,
        "kunci_bl": 1,
        "kunci_bl_rinci": 1,
        "id_output_bl": 70936,
        "satuan_output": "Unit",
        "tolak_ukur_output": "Jumlah Alat Kesehatan/Alat Penunjang Medik Fasilitas Pelayanan Kesehatan yang Disediakan",
        "target_teks_output": "2 Unit",
        "satuan_capaian": "%\nhari\nhari\n%",
        "tolak_ukur_capaian": "Angka penggunaan tempat tidur (BOR)\nTenggang perputaran tempat tidur (TOI)\nRata-rata lamanya pasien dirawat (AVLOS)\nStandar Pelayanan Minimal (SPM) Rumah Sakit",
        "target_teks_capaian": "60 %\n2 hari\n6 hari\n100 %",
        "satuan_sub": "%",
        "tolok_ukur_sub": "Persentase Penyediaan Fasilitas Pelayanan Kesehatan Rumah Sakit",
        "target_sub_teks": "85 %",
        "tolak_ukur_n": "Jumlah Alat Kesehatan/Alat Penunjang Medik Fasilitas Pelayanan Kesehatan yang Disediakan",
        "target_teks_n": "2 Unit",
        "kode_dana": "2.2.01.08.02.0005",
        "nama_dana": "DAU yang Ditentukan Penggunaannya Bidang Kesehatan",
        "lokasi_bl": "Kab. Bengkulu Utara, Semua Kecamatan, Semua Kel/Desa",
        "id_label_pusat": 127,
        "label_pusat": "Memperkuat pembangunan sumber daya manusia (SDM), sains, teknologi, pendidikan, kesehatan, prestasi olahraga, kesetaraan gender, serta penguatan peran perempuan, pemuda (generasi milenial dan generasi Z), dan penyandang disabilitas.",
        "id_label_prov": 395,
        "label_prov": "1. Percepatan Pengentasan Kemiskinan dan Peningkatan Kualitas SDM yang Berdaya Saing\t",
        "id_label_kokab": 5207,
        "label_kokab": "2. Percepatan transformasi sosial kultural berbasis peningkatan kualitas sumber daya manusia",
        "kelompok_sasaran": "Masyarakat Kabupaten Bengkulu Utara",
        "target_akhir_program_renstra": null,
        "target_min_1_program_renstra": null,
        "target_n_program_renstra": null,
        "target_akhir_giat_renstra": null,
        "target_min_1_giat_renstra": null,
        "target_n_giat_renstra": null,
        "target_akhir_sub_giat_renstra": " ",
        "target_min_1_sub_giat_renstra": " ",
        "target_n_sub_giat_renstra": " ",
        "total_pagu_indikatif_sub_skpd": 19123831000,
        "total_pagu_n_depan_sub_skpd": 20454170340,
        "total_pagu_indikatif_urusan": 19123831000,
        "total_pagu_n_depan_urusan": 20454170340,
        "total_pagu_indikatif_bidang_urusan": 19123831000,
        "total_pagu_n_depan_bidang_urusan": 20454170340,
        "total_pagu_indikatif_program": 5982635000,
        "total_pagu_n_depan_program": 7120137540,
        "total_pagu_indikatif_kegiatan": 3882635000,
        "total_pagu_n_depan_kegiatan": 4957137540,
        "total_pagu_indikatif": 19123831000,
        "total_pagu_n_depan": 20454170340
    },
    {
        "migrated_at": null,
        "id_sub_bl": 62304,
        "id_daerah": 473,
        "tahun": 2026,
        "id_unit": 966,
        "id_skpd": 701,
        "created_user": 23559,
        "kode_skpd": "1.02.0.00.0.00.01.0003",
        "nama_skpd": "UPTD RSUD LAGITA",
        "id_urusan": 11,
        "kode_urusan": "1",
        "nama_urusan": "URUSAN PEMERINTAHAN WAJIB YANG BERKAITAN DENGAN PELAYANAN DASAR",
        "id_bidang_urusan": 202,
        "kode_bidang_urusan": "1.02",
        "nama_bidang_urusan": "URUSAN PEMERINTAHAN BIDANG KESEHATAN",
        "id_sub_skpd": 966,
        "kode_sub_skpd": "1.02.0.00.0.00.01.0003",
        "nama_sub_skpd": "UPTD RSUD LAGITA",
        "id_program": 3293,
        "kode_program": "1.02.02",
        "nama_program": "PROGRAM PEMENUHAN UPAYA KESEHATAN PERORANGAN DAN UPAYA KESEHATAN MASYARAKAT",
        "outcome": "[ Meningkatnya kualitas pelayanan kesehatan di UPTD RSUD Lagita ]",
        "indikator_outcome": "Angka Penggunaan Tempat Tidur (BOR)\n\nRata-rata Lamanya Pasien Dirawat (AVLOS)\n\nStandar Pelayanan Minimal (SPM) Rumah Sakit\n\nTenggang Perputaran Tempat Tidur (TOI)",
        "target_akhir": "100\n\n2\n\n6\n\n60",
        "realisasi_capaian": "100\n\n2\n\n6\n\n60",
        "prakiraan": "100\n\n2\n\n6\n\n60",
        "target_maju_1": "100\n\n2\n\n6\n\n60",
        "urai_output": "Tersedianya Layanan Kesehatan untuk UKM dan UKP Rujukan Tingkat Daerah Kabupaten",
        "id_giat": 15402,
        "kode_giat": "1.02.02.2.02",
        "nama_giat": "Penyediaan Layanan Kesehatan untuk UKM dan UKP Rujukan Tingkat Daerah Kabupaten/Kota",
        "id_sub_giat": 50974,
        "kode_sub_giat": "1.02.02.2.02.0032",
        "nama_sub_giat": "Operasional Pelayanan Rumah Sakit ",
        "pagu": 2100000000,
        "pagu_indikatif": 2100000000,
        "pagu_n_depan": 2163000000,
        "kode_bl": "701.966.3293.15402",
        "kode_sbl": "701.966.3293.15402.50974",
        "urusan_locked": 0,
        "bidang_urusan_locked": 0,
        "program_locked": 0,
        "giat_locked": 0,
        "sub_giat_locked": 0,
        "kunci_bl": 1,
        "kunci_bl_rinci": 1,
        "id_output_bl": 60015,
        "satuan_output": "Dokumen",
        "tolak_ukur_output": "Jumlah Dokumen Operasional Pelayanan Rumah Sakit",
        "target_teks_output": "1 Dokumen",
        "satuan_capaian": "%\nhari\n%",
        "tolak_ukur_capaian": "Capaian Standar Pelayanan Minimal (SPM) Rumah Sakit\nRata-rata lamanya pasien dirawat (AVLOS)\nAngka penggunaan tempat tidur (BOR)",
        "target_teks_capaian": "100 %\n6 hari\n60 %",
        "satuan_sub": "%",
        "tolok_ukur_sub": "Persentase Penyediaan Layanan Kesehatan Rumah Sakit",
        "target_sub_teks": "85 %",
        "tolak_ukur_n": "Jumlah Dokumen Operasional Pelayanan Rumah Sakit",
        "target_teks_n": "1 Dokumen",
        "kode_dana": "2.2.01.08.02.0005",
        "nama_dana": "DAU yang Ditentukan Penggunaannya Bidang Kesehatan",
        "lokasi_bl": "Kab. Bengkulu Utara, Semua Kecamatan, Semua Kel/Desa",
        "id_label_pusat": 127,
        "label_pusat": "Memperkuat pembangunan sumber daya manusia (SDM), sains, teknologi, pendidikan, kesehatan, prestasi olahraga, kesetaraan gender, serta penguatan peran perempuan, pemuda (generasi milenial dan generasi Z), dan penyandang disabilitas.",
        "id_label_prov": 395,
        "label_prov": "1. Percepatan Pengentasan Kemiskinan dan Peningkatan Kualitas SDM yang Berdaya Saing\t",
        "id_label_kokab": 5207,
        "label_kokab": "2. Percepatan transformasi sosial kultural berbasis peningkatan kualitas sumber daya manusia",
        "kelompok_sasaran": "Masyarakat Kabupaten Bengkulu Utara",
        "target_akhir_program_renstra": null,
        "target_min_1_program_renstra": null,
        "target_n_program_renstra": null,
        "target_akhir_giat_renstra": null,
        "target_min_1_giat_renstra": null,
        "target_n_giat_renstra": null,
        "target_akhir_sub_giat_renstra": " ",
        "target_min_1_sub_giat_renstra": " ",
        "target_n_sub_giat_renstra": " ",
        "total_pagu_indikatif_sub_skpd": 19123831000,
        "total_pagu_n_depan_sub_skpd": 20454170340,
        "total_pagu_indikatif_urusan": 19123831000,
        "total_pagu_n_depan_urusan": 20454170340,
        "total_pagu_indikatif_bidang_urusan": 19123831000,
        "total_pagu_n_depan_bidang_urusan": 20454170340,
        "total_pagu_indikatif_program": 5982635000,
        "total_pagu_n_depan_program": 7120137540,
        "total_pagu_indikatif_kegiatan": 2100000000,
        "total_pagu_n_depan_kegiatan": 2163000000,
        "total_pagu_indikatif": 19123831000,
        "total_pagu_n_depan": 20454170340
    }
]