[
    {
        "migrated_at": null,
        "id_sub_bl": 60211,
        "id_daerah": 473,
        "tahun": 2026,
        "id_unit": 663,
        "id_skpd": 663,
        "created_user": 262924,
        "kode_skpd": "7.01.0.00.0.00.04.0000",
        "nama_skpd": "Kecamatan Air Napal",
        "id_urusan": 17,
        "kode_urusan": "7",
        "nama_urusan": "UNSUR KEWILAYAHAN",
        "id_bidang_urusan": 243,
        "kode_bidang_urusan": "7.01",
        "nama_bidang_urusan": "KECAMATAN",
        "id_sub_skpd": 663,
        "kode_sub_skpd": "7.01.0.00.0.00.04.0000",
        "nama_sub_skpd": "Kecamatan Air Napal",
        "id_program": 4451,
        "kode_program": "7.01.01",
        "nama_program": "PROGRAM PENUNJANG URUSAN PEMERINTAHAN DAERAH KABUPATEN/KOTA",
        "outcome": "[ Terselenggaranya Penunjang urusan Pemerintahan Daerah Kecamatan Air Napal ]",
        "indikator_outcome": "Persentase pemenuhan kebutuhan penunjang Perangkat Daerah (%)",
        "target_akhir": "100",
        "realisasi_capaian": "100",
        "prakiraan": "100",
        "target_maju_1": "100",
        "urai_output": "Dokumen Perencanaan, Pengganggaran dan Evaluasi Perangkat Daerah",
        "id_giat": 18371,
        "kode_giat": "7.01.01.2.01",
        "nama_giat": "Perencanaan, Penganggaran, dan Evaluasi Kinerja Perangkat Daerah",
        "id_sub_giat": 60589,
        "kode_sub_giat": "7.01.01.2.01.0001",
        "nama_sub_giat": "Penyusunan Dokumen Perencanaan Perangkat Daerah",
        "pagu": 4500000,
        "pagu_indikatif": 4500000,
        "pagu_n_depan": 4567500,
        "kode_bl": "663.663.4451.18371",
        "kode_sbl": "663.663.4451.18371.60589",
        "urusan_locked": 0,
        "bidang_urusan_locked": 0,
        "program_locked": 0,
        "giat_locked": 0,
        "sub_giat_locked": 0,
        "kunci_bl": 1,
        "kunci_bl_rinci": 1,
        "id_output_bl": 57921,
        "satuan_output": "Dokumen",
        "tolak_ukur_output": "Jumlah Dokumen Perencanaan Perangkat Daerah ",
        "target_teks_output": "1 Dokumen",
        "satuan_capaian": null,
        "tolak_ukur_capaian": null,
        "target_teks_capaian": null,
        "satuan_sub": null,
        "tolok_ukur_sub": null,
        "target_sub_teks": null,
        "tolak_ukur_n": "Jumlah Dokumen Perencanaan Perangkat Daerah ",
        "target_teks_n": "1 Dokumen",
        "kode_dana": "1.2.01.08",
        "nama_dana": "Dana Alokasi Umum (DAU)",
        "lokasi_bl": "Kab. Bengkulu Utara, Air Napal, Semua Kel/Desa",
        "id_label_pusat": 0,
        "label_pusat": null,
        "id_label_prov": 395,
        "label_prov": "1. Percepatan Pengentasan Kemiskinan dan Peningkatan Kualitas SDM yang Berdaya Saing\t",
        "id_label_kokab": 5210,
        "label_kokab": "5. Inovasi dan Tata Kelola Pemerintahan",
        "kelompok_sasaran": null,
        "target_akhir_program_renstra": null,
        "target_min_1_program_renstra": null,
        "target_n_program_renstra": null,
        "target_akhir_giat_renstra": null,
        "target_min_1_giat_renstra": null,
        "target_n_giat_renstra": null,
        "target_akhir_sub_giat_renstra": " ",
        "target_min_1_sub_giat_renstra": " ",
        "target_n_sub_giat_renstra": " ",
        "total_pagu_indikatif_sub_skpd": 2349317034,
        "total_pagu_n_depan_sub_skpd": 2334789043,
        "total_pagu_indikatif_urusan": 2349317034,
        "total_pagu_n_depan_urusan": 2334789043,
        "total_pagu_indikatif_bidang_urusan": 2349317034,
        "total_pagu_n_depan_bidang_urusan": 2334789043,
        "total_pagu_indikatif_program": 2196317034,
        "total_pagu_n_depan_program": 2151489043,
        "total_pagu_indikatif_kegiatan": 19300000,
        "total_pagu_n_depan_kegiatan": 19589500,
        "total_pagu_indikatif": 2349317034,
        "total_pagu_n_depan": 2334789043
    },
    {
        "migrated_at": null,
        "id_sub_bl": 60212,
        "id_daerah": 473,
        "tahun": 2026,
        "id_unit": 663,
        "id_skpd": 663,
        "created_user": 262924,
        "kode_skpd": "7.01.0.00.0.00.04.0000",
        "nama_skpd": "Kecamatan Air Napal",
        "id_urusan": 17,
        "kode_urusan": "7",
        "nama_urusan": "UNSUR KEWILAYAHAN",
        "id_bidang_urusan": 243,
        "kode_bidang_urusan": "7.01",
        "nama_bidang_urusan": "KECAMATAN",
        "id_sub_skpd": 663,
        "kode_sub_skpd": "7.01.0.00.0.00.04.0000",
        "nama_sub_skpd": "Kecamatan Air Napal",
        "id_program": 4451,
        "kode_program": "7.01.01",
        "nama_program": "PROGRAM PENUNJANG URUSAN PEMERINTAHAN DAERAH KABUPATEN/KOTA",
        "outcome": "[ Terselenggaranya Penunjang urusan Pemerintahan Daerah Kecamatan Air Napal ]",
        "indikator_outcome": "Persentase pemenuhan kebutuhan penunjang Perangkat Daerah (%)",
        "target_akhir": "100",
        "realisasi_capaian": "100",
        "prakiraan": "100",
        "target_maju_1": "100",
        "urai_output": "Dokumen Perencanaan, Pengganggaran dan Evaluasi Perangkat Daerah",
        "id_giat": 18371,
        "kode_giat": "7.01.01.2.01",
        "nama_giat": "Perencanaan, Penganggaran, dan Evaluasi Kinerja Perangkat Daerah",
        "id_sub_giat": 60590,
        "kode_sub_giat": "7.01.01.2.01.0002",
        "nama_sub_giat": "Koordinasi dan Penyusunan Dokumen RKA-SKPD",
        "pagu": 4700000,
        "pagu_indikatif": 4700000,
        "pagu_n_depan": 4770500,
        "kode_bl": "663.663.4451.18371",
        "kode_sbl": "663.663.4451.18371.60590",
        "urusan_locked": 0,
        "bidang_urusan_locked": 0,
        "program_locked": 0,
        "giat_locked": 0,
        "sub_giat_locked": 0,
        "kunci_bl": 1,
        "kunci_bl_rinci": 1,
        "id_output_bl": 57922,
        "satuan_output": "Dokumen",
        "tolak_ukur_output": "Jumlah Dokumen RKA-SKPD dan Laporan Hasil Koordinasi Penyusunan Dokumen RKA-SKPD",
        "target_teks_output": "1 Dokumen",
        "satuan_capaian": null,
        "tolak_ukur_capaian": null,
        "target_teks_capaian": null,
        "satuan_sub": null,
        "tolok_ukur_sub": null,
        "target_sub_teks": null,
        "tolak_ukur_n": "Jumlah Dokumen RKA-SKPD dan Laporan Hasil Koordinasi Penyusunan Dokumen RKA-SKPD",
        "target_teks_n": "1 Dokumen",
        "kode_dana": "1.2.01.08",
        "nama_dana": "Dana Alokasi Umum (DAU)",
        "lokasi_bl": "Kab. Bengkulu Utara, Air Napal, Semua Kel/Desa",
        "id_label_pusat": 0,
        "label_pusat": null,
        "id_label_prov": 395,
        "label_prov": "1. Percepatan Pengentasan Kemiskinan dan Peningkatan Kualitas SDM yang Berdaya Saing\t",
        "id_label_kokab": 5210,
        "label_kokab": "5. Inovasi dan Tata Kelola Pemerintahan",
        "kelompok_sasaran": null,
        "target_akhir_program_renstra": null,
        "target_min_1_program_renstra": null,
        "target_n_program_renstra": null,
        "target_akhir_giat_renstra": null,
        "target_min_1_giat_renstra": null,
        "target_n_giat_renstra": null,
        "target_akhir_sub_giat_renstra": " ",
        "target_min_1_sub_giat_renstra": " ",
        "target_n_sub_giat_renstra": " ",
        "total_pagu_indikatif_sub_skpd": 2349317034,
        "total_pagu_n_depan_sub_skpd": 2334789043,
        "total_pagu_indikatif_urusan": 2349317034,
        "total_pagu_n_depan_urusan": 2334789043,
        "total_pagu_indikatif_bidang_urusan": 2349317034,
        "total_pagu_n_depan_bidang_urusan": 2334789043,
        "total_pagu_indikatif_program": 2196317034,
        "total_pagu_n_depan_program": 2151489043,
        "total_pagu_indikatif_kegiatan": 19300000,
        "total_pagu_n_depan_kegiatan": 19589500,
        "total_pagu_indikatif": 2349317034,
        "total_pagu_n_depan": 2334789043
    },
    {
        "migrated_at": null,
        "id_sub_bl": 60213,
        "id_daerah": 473,
        "tahun": 2026,
        "id_unit": 663,
        "id_skpd": 663,
        "created_user": 262924,
        "kode_skpd": "7.01.0.00.0.00.04.0000",
        "nama_skpd": "Kecamatan Air Napal",
        "id_urusan": 17,
        "kode_urusan": "7",
        "nama_urusan": "UNSUR KEWILAYAHAN",
        "id_bidang_urusan": 243,
        "kode_bidang_urusan": "7.01",
        "nama_bidang_urusan": "KECAMATAN",
        "id_sub_skpd": 663,
        "kode_sub_skpd": "7.01.0.00.0.00.04.0000",
        "nama_sub_skpd": "Kecamatan Air Napal",
        "id_program": 4451,
        "kode_program": "7.01.01",
        "nama_program": "PROGRAM PENUNJANG URUSAN PEMERINTAHAN DAERAH KABUPATEN/KOTA",
        "outcome": "[ Terselenggaranya Penunjang urusan Pemerintahan Daerah Kecamatan Air Napal ]",
        "indikator_outcome": "Persentase pemenuhan kebutuhan penunjang Perangkat Daerah (%)",
        "target_akhir": "100",
        "realisasi_capaian": "100",
        "prakiraan": "100",
        "target_maju_1": "100",
        "urai_output": "Dokumen Perencanaan, Pengganggaran dan Evaluasi Perangkat Daerah",
        "id_giat": 18371,
        "kode_giat": "7.01.01.2.01",
        "nama_giat": "Perencanaan, Penganggaran, dan Evaluasi Kinerja Perangkat Daerah",
        "id_sub_giat": 60592,
        "kode_sub_giat": "7.01.01.2.01.0004",
        "nama_sub_giat": "Koordinasi dan Penyusunan DPA-SKPD",
        "pagu": 4700000,
        "pagu_indikatif": 4700000,
        "pagu_n_depan": 4770500,
        "kode_bl": "663.663.4451.18371",
        "kode_sbl": "663.663.4451.18371.60592",
        "urusan_locked": 0,
        "bidang_urusan_locked": 0,
        "program_locked": 0,
        "giat_locked": 0,
        "sub_giat_locked": 0,
        "kunci_bl": 1,
        "kunci_bl_rinci": 1,
        "id_output_bl": 57923,
        "satuan_output": "Dokumen",
        "tolak_ukur_output": "Jumlah Dokumen DPA-SKPD dan Laporan Hasil Koordinasi Penyusunan Dokumen DPA-SKPD",
        "target_teks_output": "1 Dokumen",
        "satuan_capaian": null,
        "tolak_ukur_capaian": null,
        "target_teks_capaian": null,
        "satuan_sub": null,
        "tolok_ukur_sub": null,
        "target_sub_teks": null,
        "tolak_ukur_n": "Jumlah Dokumen DPA-SKPD dan Laporan Hasil Koordinasi Penyusunan Dokumen DPA-SKPD",
        "target_teks_n": "1 Dokumen",
        "kode_dana": "1.2.01.08",
        "nama_dana": "Dana Alokasi Umum (DAU)",
        "lokasi_bl": "Kab. Bengkulu Utara, Air Napal, Semua Kel/Desa",
        "id_label_pusat": 0,
        "label_pusat": null,
        "id_label_prov": 395,
        "label_prov": "1. Percepatan Pengentasan Kemiskinan dan Peningkatan Kualitas SDM yang Berdaya Saing\t",
        "id_label_kokab": 5210,
        "label_kokab": "5. Inovasi dan Tata Kelola Pemerintahan",
        "kelompok_sasaran": null,
        "target_akhir_program_renstra": null,
        "target_min_1_program_renstra": null,
        "target_n_program_renstra": null,
        "target_akhir_giat_renstra": null,
        "target_min_1_giat_renstra": null,
        "target_n_giat_renstra": null,
        "target_akhir_sub_giat_renstra": " ",
        "target_min_1_sub_giat_renstra": " ",
        "target_n_sub_giat_renstra": " ",
        "total_pagu_indikatif_sub_skpd": 2349317034,
        "total_pagu_n_depan_sub_skpd": 2334789043,
        "total_pagu_indikatif_urusan": 2349317034,
        "total_pagu_n_depan_urusan": 2334789043,
        "total_pagu_indikatif_bidang_urusan": 2349317034,
        "total_pagu_n_depan_bidang_urusan": 2334789043,
        "total_pagu_indikatif_program": 2196317034,
        "total_pagu_n_depan_program": 2151489043,
        "total_pagu_indikatif_kegiatan": 19300000,
        "total_pagu_n_depan_kegiatan": 19589500,
        "total_pagu_indikatif": 2349317034,
        "total_pagu_n_depan": 2334789043
    },
    {
        "migrated_at": null,
        "id_sub_bl": 60214,
        "id_daerah": 473,
        "tahun": 2026,
        "id_unit": 663,
        "id_skpd": 663,
        "created_user": 262924,
        "kode_skpd": "7.01.0.00.0.00.04.0000",
        "nama_skpd": "Kecamatan Air Napal",
        "id_urusan": 17,
        "kode_urusan": "7",
        "nama_urusan": "UNSUR KEWILAYAHAN",
        "id_bidang_urusan": 243,
        "kode_bidang_urusan": "7.01",
        "nama_bidang_urusan": "KECAMATAN",
        "id_sub_skpd": 663,
        "kode_sub_skpd": "7.01.0.00.0.00.04.0000",
        "nama_sub_skpd": "Kecamatan Air Napal",
        "id_program": 4451,
        "kode_program": "7.01.01",
        "nama_program": "PROGRAM PENUNJANG URUSAN PEMERINTAHAN DAERAH KABUPATEN/KOTA",
        "outcome": "[ Terselenggaranya Penunjang urusan Pemerintahan Daerah Kecamatan Air Napal ]",
        "indikator_outcome": "Persentase pemenuhan kebutuhan penunjang Perangkat Daerah (%)",
        "target_akhir": "100",
        "realisasi_capaian": "100",
        "prakiraan": "100",
        "target_maju_1": "100",
        "urai_output": "Dokumen Perencanaan, Pengganggaran dan Evaluasi Perangkat Daerah",
        "id_giat": 18371,
        "kode_giat": "7.01.01.2.01",
        "nama_giat": "Perencanaan, Penganggaran, dan Evaluasi Kinerja Perangkat Daerah",
        "id_sub_giat": 60594,
        "kode_sub_giat": "7.01.01.2.01.0006",
        "nama_sub_giat": "Koordinasi dan Penyusunan Laporan Capaian Kinerja dan Ikhtisar Realisasi Kinerja SKPD",
        "pagu": 2700000,
        "pagu_indikatif": 2700000,
        "pagu_n_depan": 2740500,
        "kode_bl": "663.663.4451.18371",
        "kode_sbl": "663.663.4451.18371.60594",
        "urusan_locked": 0,
        "bidang_urusan_locked": 0,
        "program_locked": 0,
        "giat_locked": 0,
        "sub_giat_locked": 0,
        "kunci_bl": 1,
        "kunci_bl_rinci": 1,
        "id_output_bl": 57924,
        "satuan_output": "Laporan",
        "tolak_ukur_output": "Jumlah Laporan Capaian Kinerja dan Ikhtisar Realisasi Kinerja SKPD dan Laporan Hasil Koordinasi Penyusunan Laporan Capaian Kinerja dan Ikhtisar Realisasi Kinerja SKPD",
        "target_teks_output": "1 Laporan",
        "satuan_capaian": null,
        "tolak_ukur_capaian": null,
        "target_teks_capaian": null,
        "satuan_sub": null,
        "tolok_ukur_sub": null,
        "target_sub_teks": null,
        "tolak_ukur_n": "Jumlah Laporan Capaian Kinerja dan Ikhtisar Realisasi Kinerja SKPD dan Laporan Hasil Koordinasi Penyusunan Laporan Capaian Kinerja dan Ikhtisar Realisasi Kinerja SKPD",
        "target_teks_n": "1 Laporan",
        "kode_dana": "1.2.01.08",
        "nama_dana": "Dana Alokasi Umum (DAU)",
        "lokasi_bl": "Kab. Bengkulu Utara, Air Napal, Semua Kel/Desa",
        "id_label_pusat": 0,
        "label_pusat": null,
        "id_label_prov": 395,
        "label_prov": "1. Percepatan Pengentasan Kemiskinan dan Peningkatan Kualitas SDM yang Berdaya Saing\t",
        "id_label_kokab": 5210,
        "label_kokab": "5. Inovasi dan Tata Kelola Pemerintahan",
        "kelompok_sasaran": null,
        "target_akhir_program_renstra": null,
        "target_min_1_program_renstra": null,
        "target_n_program_renstra": null,
        "target_akhir_giat_renstra": null,
        "target_min_1_giat_renstra": null,
        "target_n_giat_renstra": null,
        "target_akhir_sub_giat_renstra": " ",
        "target_min_1_sub_giat_renstra": " ",
        "target_n_sub_giat_renstra": " ",
        "total_pagu_indikatif_sub_skpd": 2349317034,
        "total_pagu_n_depan_sub_skpd": 2334789043,
        "total_pagu_indikatif_urusan": 2349317034,
        "total_pagu_n_depan_urusan": 2334789043,
        "total_pagu_indikatif_bidang_urusan": 2349317034,
        "total_pagu_n_depan_bidang_urusan": 2334789043,
        "total_pagu_indikatif_program": 2196317034,
        "total_pagu_n_depan_program": 2151489043,
        "total_pagu_indikatif_kegiatan": 19300000,
        "total_pagu_n_depan_kegiatan": 19589500,
        "total_pagu_indikatif": 2349317034,
        "total_pagu_n_depan": 2334789043
    },
    {
        "migrated_at": null,
        "id_sub_bl": 60215,
        "id_daerah": 473,
        "tahun": 2026,
        "id_unit": 663,
        "id_skpd": 663,
        "created_user": 262924,
        "kode_skpd": "7.01.0.00.0.00.04.0000",
        "nama_skpd": "Kecamatan Air Napal",
        "id_urusan": 17,
        "kode_urusan": "7",
        "nama_urusan": "UNSUR KEWILAYAHAN",
        "id_bidang_urusan": 243,
        "kode_bidang_urusan": "7.01",
        "nama_bidang_urusan": "KECAMATAN",
        "id_sub_skpd": 663,
        "kode_sub_skpd": "7.01.0.00.0.00.04.0000",
        "nama_sub_skpd": "Kecamatan Air Napal",
        "id_program": 4451,
        "kode_program": "7.01.01",
        "nama_program": "PROGRAM PENUNJANG URUSAN PEMERINTAHAN DAERAH KABUPATEN/KOTA",
        "outcome": "[ Terselenggaranya Penunjang urusan Pemerintahan Daerah Kecamatan Air Napal ]",
        "indikator_outcome": "Persentase pemenuhan kebutuhan penunjang Perangkat Daerah (%)",
        "target_akhir": "100",
        "realisasi_capaian": "100",
        "prakiraan": "100",
        "target_maju_1": "100",
        "urai_output": "Dokumen Perencanaan, Pengganggaran dan Evaluasi Perangkat Daerah",
        "id_giat": 18371,
        "kode_giat": "7.01.01.2.01",
        "nama_giat": "Perencanaan, Penganggaran, dan Evaluasi Kinerja Perangkat Daerah",
        "id_sub_giat": 60595,
        "kode_sub_giat": "7.01.01.2.01.0007",
        "nama_sub_giat": "Evaluasi Kinerja Perangkat Daerah",
        "pagu": 2700000,
        "pagu_indikatif": 2700000,
        "pagu_n_depan": 2740500,
        "kode_bl": "663.663.4451.18371",
        "kode_sbl": "663.663.4451.18371.60595",
        "urusan_locked": 0,
        "bidang_urusan_locked": 0,
        "program_locked": 0,
        "giat_locked": 0,
        "sub_giat_locked": 0,
        "kunci_bl": 1,
        "kunci_bl_rinci": 1,
        "id_output_bl": 57925,
        "satuan_output": "Laporan",
        "tolak_ukur_output": "Jumlah Laporan Evaluasi Kinerja Perangkat Daerah",
        "target_teks_output": "1 Laporan",
        "satuan_capaian": null,
        "tolak_ukur_capaian": null,
        "target_teks_capaian": null,
        "satuan_sub": null,
        "tolok_ukur_sub": null,
        "target_sub_teks": null,
        "tolak_ukur_n": "Jumlah Laporan Evaluasi Kinerja Perangkat Daerah",
        "target_teks_n": "1 Laporan",
        "kode_dana": "1.2.01.08",
        "nama_dana": "Dana Alokasi Umum (DAU)",
        "lokasi_bl": "Kab. Bengkulu Utara, Air Napal, Semua Kel/Desa",
        "id_label_pusat": 0,
        "label_pusat": null,
        "id_label_prov": 395,
        "label_prov": "1. Percepatan Pengentasan Kemiskinan dan Peningkatan Kualitas SDM yang Berdaya Saing\t",
        "id_label_kokab": 5210,
        "label_kokab": "5. Inovasi dan Tata Kelola Pemerintahan",
        "kelompok_sasaran": null,
        "target_akhir_program_renstra": null,
        "target_min_1_program_renstra": null,
        "target_n_program_renstra": null,
        "target_akhir_giat_renstra": null,
        "target_min_1_giat_renstra": null,
        "target_n_giat_renstra": null,
        "target_akhir_sub_giat_renstra": " ",
        "target_min_1_sub_giat_renstra": " ",
        "target_n_sub_giat_renstra": " ",
        "total_pagu_indikatif_sub_skpd": 2349317034,
        "total_pagu_n_depan_sub_skpd": 2334789043,
        "total_pagu_indikatif_urusan": 2349317034,
        "total_pagu_n_depan_urusan": 2334789043,
        "total_pagu_indikatif_bidang_urusan": 2349317034,
        "total_pagu_n_depan_bidang_urusan": 2334789043,
        "total_pagu_indikatif_program": 2196317034,
        "total_pagu_n_depan_program": 2151489043,
        "total_pagu_indikatif_kegiatan": 19300000,
        "total_pagu_n_depan_kegiatan": 19589500,
        "total_pagu_indikatif": 2349317034,
        "total_pagu_n_depan": 2334789043
    },
    {
        "migrated_at": null,
        "id_sub_bl": 60216,
        "id_daerah": 473,
        "tahun": 2026,
        "id_unit": 663,
        "id_skpd": 663,
        "created_user": 262924,
        "kode_skpd": "7.01.0.00.0.00.04.0000",
        "nama_skpd": "Kecamatan Air Napal",
        "id_urusan": 17,
        "kode_urusan": "7",
        "nama_urusan": "UNSUR KEWILAYAHAN",
        "id_bidang_urusan": 243,
        "kode_bidang_urusan": "7.01",
        "nama_bidang_urusan": "KECAMATAN",
        "id_sub_skpd": 663,
        "kode_sub_skpd": "7.01.0.00.0.00.04.0000",
        "nama_sub_skpd": "Kecamatan Air Napal",
        "id_program": 4451,
        "kode_program": "7.01.01",
        "nama_program": "PROGRAM PENUNJANG URUSAN PEMERINTAHAN DAERAH KABUPATEN/KOTA",
        "outcome": "[ Terselenggaranya Penunjang urusan Pemerintahan Daerah Kecamatan Air Napal ]",
        "indikator_outcome": "Persentase pemenuhan kebutuhan penunjang Perangkat Daerah (%)",
        "target_akhir": "100",
        "realisasi_capaian": "100",
        "prakiraan": "100",
        "target_maju_1": "100",
        "urai_output": "Pemenuhan Administrasi Keuangan Perangkat Daerah",
        "id_giat": 18372,
        "kode_giat": "7.01.01.2.02",
        "nama_giat": "Administrasi Keuangan Perangkat Daerah",
        "id_sub_giat": 60602,
        "kode_sub_giat": "7.01.01.2.02.0001",
        "nama_sub_giat": "Penyediaan Gaji dan Tunjangan ASN",
        "pagu": 1642778775,
        "pagu_indikatif": 1642778775,
        "pagu_n_depan": 1667420456,
        "kode_bl": "663.663.4451.18372",
        "kode_sbl": "663.663.4451.18372.60602",
        "urusan_locked": 0,
        "bidang_urusan_locked": 0,
        "program_locked": 0,
        "giat_locked": 0,
        "sub_giat_locked": 0,
        "kunci_bl": 1,
        "kunci_bl_rinci": 1,
        "id_output_bl": 57926,
        "satuan_output": "Orang/bulan",
        "tolak_ukur_output": "Jumlah Orang yang Menerima Gaji dan Tunjangan ASN",
        "target_teks_output": "17 Orang/bulan",
        "satuan_capaian": null,
        "tolak_ukur_capaian": null,
        "target_teks_capaian": null,
        "satuan_sub": null,
        "tolok_ukur_sub": null,
        "target_sub_teks": null,
        "tolak_ukur_n": "Jumlah Orang yang Menerima Gaji dan Tunjangan ASN",
        "target_teks_n": "17 Orang/bulan",
        "kode_dana": "1.2.01.08",
        "nama_dana": "Dana Alokasi Umum (DAU)",
        "lokasi_bl": "Kab. Bengkulu Utara, Air Napal, Semua Kel/Desa",
        "id_label_pusat": 0,
        "label_pusat": null,
        "id_label_prov": 395,
        "label_prov": "1. Percepatan Pengentasan Kemiskinan dan Peningkatan Kualitas SDM yang Berdaya Saing\t",
        "id_label_kokab": 5210,
        "label_kokab": "5. Inovasi dan Tata Kelola Pemerintahan",
        "kelompok_sasaran": null,
        "target_akhir_program_renstra": null,
        "target_min_1_program_renstra": null,
        "target_n_program_renstra": null,
        "target_akhir_giat_renstra": null,
        "target_min_1_giat_renstra": null,
        "target_n_giat_renstra": null,
        "target_akhir_sub_giat_renstra": " ",
        "target_min_1_sub_giat_renstra": " ",
        "target_n_sub_giat_renstra": " ",
        "total_pagu_indikatif_sub_skpd": 2349317034,
        "total_pagu_n_depan_sub_skpd": 2334789043,
        "total_pagu_indikatif_urusan": 2349317034,
        "total_pagu_n_depan_urusan": 2334789043,
        "total_pagu_indikatif_bidang_urusan": 2349317034,
        "total_pagu_n_depan_bidang_urusan": 2334789043,
        "total_pagu_indikatif_program": 2196317034,
        "total_pagu_n_depan_program": 2151489043,
        "total_pagu_indikatif_kegiatan": 1697778775,
        "total_pagu_n_depan_kegiatan": 1725245456,
        "total_pagu_indikatif": 2349317034,
        "total_pagu_n_depan": 2334789043
    },
    {
        "migrated_at": null,
        "id_sub_bl": 60217,
        "id_daerah": 473,
        "tahun": 2026,
        "id_unit": 663,
        "id_skpd": 663,
        "created_user": 262924,
        "kode_skpd": "7.01.0.00.0.00.04.0000",
        "nama_skpd": "Kecamatan Air Napal",
        "id_urusan": 17,
        "kode_urusan": "7",
        "nama_urusan": "UNSUR KEWILAYAHAN",
        "id_bidang_urusan": 243,
        "kode_bidang_urusan": "7.01",
        "nama_bidang_urusan": "KECAMATAN",
        "id_sub_skpd": 663,
        "kode_sub_skpd": "7.01.0.00.0.00.04.0000",
        "nama_sub_skpd": "Kecamatan Air Napal",
        "id_program": 4451,
        "kode_program": "7.01.01",
        "nama_program": "PROGRAM PENUNJANG URUSAN PEMERINTAHAN DAERAH KABUPATEN/KOTA",
        "outcome": "[ Terselenggaranya Penunjang urusan Pemerintahan Daerah Kecamatan Air Napal ]",
        "indikator_outcome": "Persentase pemenuhan kebutuhan penunjang Perangkat Daerah (%)",
        "target_akhir": "100",
        "realisasi_capaian": "100",
        "prakiraan": "100",
        "target_maju_1": "100",
        "urai_output": "Pemenuhan Administrasi Keuangan Perangkat Daerah",
        "id_giat": 18372,
        "kode_giat": "7.01.01.2.02",
        "nama_giat": "Administrasi Keuangan Perangkat Daerah",
        "id_sub_giat": 60604,
        "kode_sub_giat": "7.01.01.2.02.0003",
        "nama_sub_giat": "Pelaksanaan Penatausahaan dan\r\n\nPengujian/Verifikasi Keuangan SKPD",
        "pagu": 45000000,
        "pagu_indikatif": 45000000,
        "pagu_n_depan": 47675000,
        "kode_bl": "663.663.4451.18372",
        "kode_sbl": "663.663.4451.18372.60604",
        "urusan_locked": 0,
        "bidang_urusan_locked": 0,
        "program_locked": 0,
        "giat_locked": 0,
        "sub_giat_locked": 0,
        "kunci_bl": 1,
        "kunci_bl_rinci": 1,
        "id_output_bl": 57927,
        "satuan_output": "Dokumen",
        "tolak_ukur_output": "Jumlah Dokumen Penatausahaan dan Pengujian/Verifikasi Keuangan SKPD",
        "target_teks_output": "12 Dokumen",
        "satuan_capaian": null,
        "tolak_ukur_capaian": null,
        "target_teks_capaian": null,
        "satuan_sub": null,
        "tolok_ukur_sub": null,
        "target_sub_teks": null,
        "tolak_ukur_n": "Jumlah Dokumen Penatausahaan dan Pengujian/Verifikasi Keuangan SKPD",
        "target_teks_n": "12 Dokumen",
        "kode_dana": "1.2.01.08",
        "nama_dana": "Dana Alokasi Umum (DAU)",
        "lokasi_bl": "Kab. Bengkulu Utara, Air Napal, Semua Kel/Desa",
        "id_label_pusat": 0,
        "label_pusat": null,
        "id_label_prov": 395,
        "label_prov": "1. Percepatan Pengentasan Kemiskinan dan Peningkatan Kualitas SDM yang Berdaya Saing\t",
        "id_label_kokab": 5210,
        "label_kokab": "5. Inovasi dan Tata Kelola Pemerintahan",
        "kelompok_sasaran": null,
        "target_akhir_program_renstra": null,
        "target_min_1_program_renstra": null,
        "target_n_program_renstra": null,
        "target_akhir_giat_renstra": null,
        "target_min_1_giat_renstra": null,
        "target_n_giat_renstra": null,
        "target_akhir_sub_giat_renstra": " ",
        "target_min_1_sub_giat_renstra": " ",
        "target_n_sub_giat_renstra": " ",
        "total_pagu_indikatif_sub_skpd": 2349317034,
        "total_pagu_n_depan_sub_skpd": 2334789043,
        "total_pagu_indikatif_urusan": 2349317034,
        "total_pagu_n_depan_urusan": 2334789043,
        "total_pagu_indikatif_bidang_urusan": 2349317034,
        "total_pagu_n_depan_bidang_urusan": 2334789043,
        "total_pagu_indikatif_program": 2196317034,
        "total_pagu_n_depan_program": 2151489043,
        "total_pagu_indikatif_kegiatan": 1697778775,
        "total_pagu_n_depan_kegiatan": 1725245456,
        "total_pagu_indikatif": 2349317034,
        "total_pagu_n_depan": 2334789043
    },
    {
        "migrated_at": null,
        "id_sub_bl": 60218,
        "id_daerah": 473,
        "tahun": 2026,
        "id_unit": 663,
        "id_skpd": 663,
        "created_user": 262924,
        "kode_skpd": "7.01.0.00.0.00.04.0000",
        "nama_skpd": "Kecamatan Air Napal",
        "id_urusan": 17,
        "kode_urusan": "7",
        "nama_urusan": "UNSUR KEWILAYAHAN",
        "id_bidang_urusan": 243,
        "kode_bidang_urusan": "7.01",
        "nama_bidang_urusan": "KECAMATAN",
        "id_sub_skpd": 663,
        "kode_sub_skpd": "7.01.0.00.0.00.04.0000",
        "nama_sub_skpd": "Kecamatan Air Napal",
        "id_program": 4451,
        "kode_program": "7.01.01",
        "nama_program": "PROGRAM PENUNJANG URUSAN PEMERINTAHAN DAERAH KABUPATEN/KOTA",
        "outcome": "[ Terselenggaranya Penunjang urusan Pemerintahan Daerah Kecamatan Air Napal ]",
        "indikator_outcome": "Persentase pemenuhan kebutuhan penunjang Perangkat Daerah (%)",
        "target_akhir": "100",
        "realisasi_capaian": "100",
        "prakiraan": "100",
        "target_maju_1": "100",
        "urai_output": "Pemenuhan Administrasi Keuangan Perangkat Daerah",
        "id_giat": 18372,
        "kode_giat": "7.01.01.2.02",
        "nama_giat": "Administrasi Keuangan Perangkat Daerah",
        "id_sub_giat": 60606,
        "kode_sub_giat": "7.01.01.2.02.0005",
        "nama_sub_giat": "Koordinasi dan Penyusunan Laporan Keuangan Akhir Tahun SKPD",
        "pagu": 3500000,
        "pagu_indikatif": 3500000,
        "pagu_n_depan": 3552500,
        "kode_bl": "663.663.4451.18372",
        "kode_sbl": "663.663.4451.18372.60606",
        "urusan_locked": 0,
        "bidang_urusan_locked": 0,
        "program_locked": 0,
        "giat_locked": 0,
        "sub_giat_locked": 0,
        "kunci_bl": 1,
        "kunci_bl_rinci": 1,
        "id_output_bl": 57928,
        "satuan_output": "Laporan",
        "tolak_ukur_output": "Jumlah Laporan Keuangan Akhir Tahun SKPD dan Laporan Hasil Koordinasi Penyusunan Laporan Keuangan Akhir Tahun SKPD",
        "target_teks_output": "2 Laporan",
        "satuan_capaian": null,
        "tolak_ukur_capaian": null,
        "target_teks_capaian": null,
        "satuan_sub": null,
        "tolok_ukur_sub": null,
        "target_sub_teks": null,
        "tolak_ukur_n": "Jumlah Laporan Keuangan Akhir Tahun SKPD dan Laporan Hasil Koordinasi Penyusunan Laporan Keuangan Akhir Tahun SKPD",
        "target_teks_n": "2 Laporan",
        "kode_dana": "1.2.01.08",
        "nama_dana": "Dana Alokasi Umum (DAU)",
        "lokasi_bl": "Kab. Bengkulu Utara, Air Napal, Semua Kel/Desa",
        "id_label_pusat": 0,
        "label_pusat": null,
        "id_label_prov": 395,
        "label_prov": "1. Percepatan Pengentasan Kemiskinan dan Peningkatan Kualitas SDM yang Berdaya Saing\t",
        "id_label_kokab": 5210,
        "label_kokab": "5. Inovasi dan Tata Kelola Pemerintahan",
        "kelompok_sasaran": null,
        "target_akhir_program_renstra": null,
        "target_min_1_program_renstra": null,
        "target_n_program_renstra": null,
        "target_akhir_giat_renstra": null,
        "target_min_1_giat_renstra": null,
        "target_n_giat_renstra": null,
        "target_akhir_sub_giat_renstra": " ",
        "target_min_1_sub_giat_renstra": " ",
        "target_n_sub_giat_renstra": " ",
        "total_pagu_indikatif_sub_skpd": 2349317034,
        "total_pagu_n_depan_sub_skpd": 2334789043,
        "total_pagu_indikatif_urusan": 2349317034,
        "total_pagu_n_depan_urusan": 2334789043,
        "total_pagu_indikatif_bidang_urusan": 2349317034,
        "total_pagu_n_depan_bidang_urusan": 2334789043,
        "total_pagu_indikatif_program": 2196317034,
        "total_pagu_n_depan_program": 2151489043,
        "total_pagu_indikatif_kegiatan": 1697778775,
        "total_pagu_n_depan_kegiatan": 1725245456,
        "total_pagu_indikatif": 2349317034,
        "total_pagu_n_depan": 2334789043
    },
    {
        "migrated_at": null,
        "id_sub_bl": 60219,
        "id_daerah": 473,
        "tahun": 2026,
        "id_unit": 663,
        "id_skpd": 663,
        "created_user": 262924,
        "kode_skpd": "7.01.0.00.0.00.04.0000",
        "nama_skpd": "Kecamatan Air Napal",
        "id_urusan": 17,
        "kode_urusan": "7",
        "nama_urusan": "UNSUR KEWILAYAHAN",
        "id_bidang_urusan": 243,
        "kode_bidang_urusan": "7.01",
        "nama_bidang_urusan": "KECAMATAN",
        "id_sub_skpd": 663,
        "kode_sub_skpd": "7.01.0.00.0.00.04.0000",
        "nama_sub_skpd": "Kecamatan Air Napal",
        "id_program": 4451,
        "kode_program": "7.01.01",
        "nama_program": "PROGRAM PENUNJANG URUSAN PEMERINTAHAN DAERAH KABUPATEN/KOTA",
        "outcome": "[ Terselenggaranya Penunjang urusan Pemerintahan Daerah Kecamatan Air Napal ]",
        "indikator_outcome": "Persentase pemenuhan kebutuhan penunjang Perangkat Daerah (%)",
        "target_akhir": "100",
        "realisasi_capaian": "100",
        "prakiraan": "100",
        "target_maju_1": "100",
        "urai_output": "Pemenuhan Administrasi Keuangan Perangkat Daerah",
        "id_giat": 18372,
        "kode_giat": "7.01.01.2.02",
        "nama_giat": "Administrasi Keuangan Perangkat Daerah",
        "id_sub_giat": 60608,
        "kode_sub_giat": "7.01.01.2.02.0007",
        "nama_sub_giat": "Koordinasi dan Penyusunan Laporan Keuangan Bulanan/ Triwulanan/ Semesteran SKPD",
        "pagu": 6500000,
        "pagu_indikatif": 6500000,
        "pagu_n_depan": 6597500,
        "kode_bl": "663.663.4451.18372",
        "kode_sbl": "663.663.4451.18372.60608",
        "urusan_locked": 0,
        "bidang_urusan_locked": 0,
        "program_locked": 0,
        "giat_locked": 0,
        "sub_giat_locked": 0,
        "kunci_bl": 1,
        "kunci_bl_rinci": 1,
        "id_output_bl": 57929,
        "satuan_output": "Laporan",
        "tolak_ukur_output": "Jumlah Laporan Keuangan Bulanan/ Triwulanan/ Semesteran SKPD dan Laporan Koordinasi Penyusunan Laporan Keuangan Bulanan/Triwulanan/Semesteran SKPD",
        "target_teks_output": "12 Laporan",
        "satuan_capaian": null,
        "tolak_ukur_capaian": null,
        "target_teks_capaian": null,
        "satuan_sub": null,
        "tolok_ukur_sub": null,
        "target_sub_teks": null,
        "tolak_ukur_n": "Jumlah Laporan Keuangan Bulanan/ Triwulanan/ Semesteran SKPD dan Laporan Koordinasi Penyusunan Laporan Keuangan Bulanan/Triwulanan/Semesteran SKPD",
        "target_teks_n": "12 Laporan",
        "kode_dana": "1.2.01.08",
        "nama_dana": "Dana Alokasi Umum (DAU)",
        "lokasi_bl": "Kab. Bengkulu Utara, Semua Kecamatan, Semua Kel/Desa\nKab. Bengkulu Utara, Air Napal, Semua Kel/Desa",
        "id_label_pusat": 0,
        "label_pusat": null,
        "id_label_prov": 395,
        "label_prov": "1. Percepatan Pengentasan Kemiskinan dan Peningkatan Kualitas SDM yang Berdaya Saing\t",
        "id_label_kokab": 0,
        "label_kokab": null,
        "kelompok_sasaran": null,
        "target_akhir_program_renstra": null,
        "target_min_1_program_renstra": null,
        "target_n_program_renstra": null,
        "target_akhir_giat_renstra": null,
        "target_min_1_giat_renstra": null,
        "target_n_giat_renstra": null,
        "target_akhir_sub_giat_renstra": " ",
        "target_min_1_sub_giat_renstra": " ",
        "target_n_sub_giat_renstra": " ",
        "total_pagu_indikatif_sub_skpd": 2349317034,
        "total_pagu_n_depan_sub_skpd": 2334789043,
        "total_pagu_indikatif_urusan": 2349317034,
        "total_pagu_n_depan_urusan": 2334789043,
        "total_pagu_indikatif_bidang_urusan": 2349317034,
        "total_pagu_n_depan_bidang_urusan": 2334789043,
        "total_pagu_indikatif_program": 2196317034,
        "total_pagu_n_depan_program": 2151489043,
        "total_pagu_indikatif_kegiatan": 1697778775,
        "total_pagu_n_depan_kegiatan": 1725245456,
        "total_pagu_indikatif": 2349317034,
        "total_pagu_n_depan": 2334789043
    },
    {
        "migrated_at": null,
        "id_sub_bl": 60220,
        "id_daerah": 473,
        "tahun": 2026,
        "id_unit": 663,
        "id_skpd": 663,
        "created_user": 262924,
        "kode_skpd": "7.01.0.00.0.00.04.0000",
        "nama_skpd": "Kecamatan Air Napal",
        "id_urusan": 17,
        "kode_urusan": "7",
        "nama_urusan": "UNSUR KEWILAYAHAN",
        "id_bidang_urusan": 243,
        "kode_bidang_urusan": "7.01",
        "nama_bidang_urusan": "KECAMATAN",
        "id_sub_skpd": 663,
        "kode_sub_skpd": "7.01.0.00.0.00.04.0000",
        "nama_sub_skpd": "Kecamatan Air Napal",
        "id_program": 4451,
        "kode_program": "7.01.01",
        "nama_program": "PROGRAM PENUNJANG URUSAN PEMERINTAHAN DAERAH KABUPATEN/KOTA",
        "outcome": "[ Terselenggaranya Penunjang urusan Pemerintahan Daerah Kecamatan Air Napal ]",
        "indikator_outcome": "Persentase pemenuhan kebutuhan penunjang Perangkat Daerah (%)",
        "target_akhir": "100",
        "realisasi_capaian": "100",
        "prakiraan": "100",
        "target_maju_1": "100",
        "urai_output": "Pemenuhan Administrasi Barang Milik Daerah Perangkat Daerah",
        "id_giat": 18373,
        "kode_giat": "7.01.01.2.03",
        "nama_giat": "Administrasi Barang Milik Daerah pada Perangkat Daerah",
        "id_sub_giat": 60615,
        "kode_sub_giat": "7.01.01.2.03.0006",
        "nama_sub_giat": "Penatausahaan Barang Milik Daerah pada SKPD",
        "pagu": 25900000,
        "pagu_indikatif": 25900000,
        "pagu_n_depan": 28288500,
        "kode_bl": "663.663.4451.18373",
        "kode_sbl": "663.663.4451.18373.60615",
        "urusan_locked": 0,
        "bidang_urusan_locked": 0,
        "program_locked": 0,
        "giat_locked": 0,
        "sub_giat_locked": 0,
        "kunci_bl": 1,
        "kunci_bl_rinci": 1,
        "id_output_bl": 57930,
        "satuan_output": "Laporan",
        "tolak_ukur_output": "Jumlah Laporan Penatausahaan Barang Milik Daerah pada SKPD",
        "target_teks_output": "12 Laporan",
        "satuan_capaian": null,
        "tolak_ukur_capaian": null,
        "target_teks_capaian": null,
        "satuan_sub": null,
        "tolok_ukur_sub": null,
        "target_sub_teks": null,
        "tolak_ukur_n": "Jumlah Laporan Penatausahaan Barang Milik Daerah pada SKPD",
        "target_teks_n": "12 Laporan",
        "kode_dana": "1.2.01.08",
        "nama_dana": "Dana Alokasi Umum (DAU)",
        "lokasi_bl": "Kab. Bengkulu Utara, Air Napal, Semua Kel/Desa",
        "id_label_pusat": 0,
        "label_pusat": null,
        "id_label_prov": 395,
        "label_prov": "1. Percepatan Pengentasan Kemiskinan dan Peningkatan Kualitas SDM yang Berdaya Saing\t",
        "id_label_kokab": 5210,
        "label_kokab": "5. Inovasi dan Tata Kelola Pemerintahan",
        "kelompok_sasaran": null,
        "target_akhir_program_renstra": null,
        "target_min_1_program_renstra": null,
        "target_n_program_renstra": null,
        "target_akhir_giat_renstra": null,
        "target_min_1_giat_renstra": null,
        "target_n_giat_renstra": null,
        "target_akhir_sub_giat_renstra": " ",
        "target_min_1_sub_giat_renstra": " ",
        "target_n_sub_giat_renstra": " ",
        "total_pagu_indikatif_sub_skpd": 2349317034,
        "total_pagu_n_depan_sub_skpd": 2334789043,
        "total_pagu_indikatif_urusan": 2349317034,
        "total_pagu_n_depan_urusan": 2334789043,
        "total_pagu_indikatif_bidang_urusan": 2349317034,
        "total_pagu_n_depan_bidang_urusan": 2334789043,
        "total_pagu_indikatif_program": 2196317034,
        "total_pagu_n_depan_program": 2151489043,
        "total_pagu_indikatif_kegiatan": 25900000,
        "total_pagu_n_depan_kegiatan": 28288500,
        "total_pagu_indikatif": 2349317034,
        "total_pagu_n_depan": 2334789043
    },
    {
        "migrated_at": null,
        "id_sub_bl": 60221,
        "id_daerah": 473,
        "tahun": 2026,
        "id_unit": 663,
        "id_skpd": 663,
        "created_user": 262924,
        "kode_skpd": "7.01.0.00.0.00.04.0000",
        "nama_skpd": "Kecamatan Air Napal",
        "id_urusan": 17,
        "kode_urusan": "7",
        "nama_urusan": "UNSUR KEWILAYAHAN",
        "id_bidang_urusan": 243,
        "kode_bidang_urusan": "7.01",
        "nama_bidang_urusan": "KECAMATAN",
        "id_sub_skpd": 663,
        "kode_sub_skpd": "7.01.0.00.0.00.04.0000",
        "nama_sub_skpd": "Kecamatan Air Napal",
        "id_program": 4451,
        "kode_program": "7.01.01",
        "nama_program": "PROGRAM PENUNJANG URUSAN PEMERINTAHAN DAERAH KABUPATEN/KOTA",
        "outcome": "[ Terselenggaranya Penunjang urusan Pemerintahan Daerah Kecamatan Air Napal ]",
        "indikator_outcome": "Persentase pemenuhan kebutuhan penunjang Perangkat Daerah (%)",
        "target_akhir": "100",
        "realisasi_capaian": "100",
        "prakiraan": "100",
        "target_maju_1": "100",
        "urai_output": "Pemenuhan Administrasi Umum Perangkat Daerah",
        "id_giat": 18376,
        "kode_giat": "7.01.01.2.06",
        "nama_giat": "Administrasi Umum Perangkat Daerah",
        "id_sub_giat": 60638,
        "kode_sub_giat": "7.01.01.2.06.0004",
        "nama_sub_giat": "Penyediaan Bahan Logistik Kantor",
        "pagu": 28000000,
        "pagu_indikatif": 28000000,
        "pagu_n_depan": 32450000,
        "kode_bl": "663.663.4451.18376",
        "kode_sbl": "663.663.4451.18376.60638",
        "urusan_locked": 0,
        "bidang_urusan_locked": 0,
        "program_locked": 0,
        "giat_locked": 0,
        "sub_giat_locked": 0,
        "kunci_bl": 1,
        "kunci_bl_rinci": 1,
        "id_output_bl": 57931,
        "satuan_output": "Paket",
        "tolak_ukur_output": "Jumlah Paket Bahan Logistik Kantor yang Disediakan",
        "target_teks_output": "1 Paket",
        "satuan_capaian": null,
        "tolak_ukur_capaian": null,
        "target_teks_capaian": null,
        "satuan_sub": null,
        "tolok_ukur_sub": null,
        "target_sub_teks": null,
        "tolak_ukur_n": "Jumlah Paket Bahan Logistik Kantor yang Disediakan",
        "target_teks_n": "1 Paket",
        "kode_dana": "1.2.01.08",
        "nama_dana": "Dana Alokasi Umum (DAU)",
        "lokasi_bl": "Kab. Bengkulu Utara, Air Napal, Semua Kel/Desa",
        "id_label_pusat": 0,
        "label_pusat": null,
        "id_label_prov": 395,
        "label_prov": "1. Percepatan Pengentasan Kemiskinan dan Peningkatan Kualitas SDM yang Berdaya Saing\t",
        "id_label_kokab": 5210,
        "label_kokab": "5. Inovasi dan Tata Kelola Pemerintahan",
        "kelompok_sasaran": null,
        "target_akhir_program_renstra": null,
        "target_min_1_program_renstra": null,
        "target_n_program_renstra": null,
        "target_akhir_giat_renstra": null,
        "target_min_1_giat_renstra": null,
        "target_n_giat_renstra": null,
        "target_akhir_sub_giat_renstra": " ",
        "target_min_1_sub_giat_renstra": " ",
        "target_n_sub_giat_renstra": " ",
        "total_pagu_indikatif_sub_skpd": 2349317034,
        "total_pagu_n_depan_sub_skpd": 2334789043,
        "total_pagu_indikatif_urusan": 2349317034,
        "total_pagu_n_depan_urusan": 2334789043,
        "total_pagu_indikatif_bidang_urusan": 2349317034,
        "total_pagu_n_depan_bidang_urusan": 2334789043,
        "total_pagu_indikatif_program": 2196317034,
        "total_pagu_n_depan_program": 2151489043,
        "total_pagu_indikatif_kegiatan": 62400000,
        "total_pagu_n_depan_kegiatan": 77416000,
        "total_pagu_indikatif": 2349317034,
        "total_pagu_n_depan": 2334789043
    },
    {
        "migrated_at": null,
        "id_sub_bl": 60222,
        "id_daerah": 473,
        "tahun": 2026,
        "id_unit": 663,
        "id_skpd": 663,
        "created_user": 262924,
        "kode_skpd": "7.01.0.00.0.00.04.0000",
        "nama_skpd": "Kecamatan Air Napal",
        "id_urusan": 17,
        "kode_urusan": "7",
        "nama_urusan": "UNSUR KEWILAYAHAN",
        "id_bidang_urusan": 243,
        "kode_bidang_urusan": "7.01",
        "nama_bidang_urusan": "KECAMATAN",
        "id_sub_skpd": 663,
        "kode_sub_skpd": "7.01.0.00.0.00.04.0000",
        "nama_sub_skpd": "Kecamatan Air Napal",
        "id_program": 4451,
        "kode_program": "7.01.01",
        "nama_program": "PROGRAM PENUNJANG URUSAN PEMERINTAHAN DAERAH KABUPATEN/KOTA",
        "outcome": "[ Terselenggaranya Penunjang urusan Pemerintahan Daerah Kecamatan Air Napal ]",
        "indikator_outcome": "Persentase pemenuhan kebutuhan penunjang Perangkat Daerah (%)",
        "target_akhir": "100",
        "realisasi_capaian": "100",
        "prakiraan": "100",
        "target_maju_1": "100",
        "urai_output": "Pemenuhan Administrasi Umum Perangkat Daerah",
        "id_giat": 18376,
        "kode_giat": "7.01.01.2.06",
        "nama_giat": "Administrasi Umum Perangkat Daerah",
        "id_sub_giat": 60639,
        "kode_sub_giat": "7.01.01.2.06.0005",
        "nama_sub_giat": "Penyediaan Barang Cetakan dan Penggandaan",
        "pagu": 2400000,
        "pagu_indikatif": 2400000,
        "pagu_n_depan": 2436000,
        "kode_bl": "663.663.4451.18376",
        "kode_sbl": "663.663.4451.18376.60639",
        "urusan_locked": 0,
        "bidang_urusan_locked": 0,
        "program_locked": 0,
        "giat_locked": 0,
        "sub_giat_locked": 0,
        "kunci_bl": 1,
        "kunci_bl_rinci": 1,
        "id_output_bl": 57932,
        "satuan_output": "Paket",
        "tolak_ukur_output": "Jumlah Paket Barang Cetakan dan Penggandaan yang Disediakan",
        "target_teks_output": "2 Paket",
        "satuan_capaian": null,
        "tolak_ukur_capaian": null,
        "target_teks_capaian": null,
        "satuan_sub": null,
        "tolok_ukur_sub": null,
        "target_sub_teks": null,
        "tolak_ukur_n": "Jumlah Paket Barang Cetakan dan Penggandaan yang Disediakan",
        "target_teks_n": "2 Paket",
        "kode_dana": "1.2.01.08",
        "nama_dana": "Dana Alokasi Umum (DAU)",
        "lokasi_bl": "Kab. Bengkulu Utara, Air Napal, Semua Kel/Desa",
        "id_label_pusat": 0,
        "label_pusat": null,
        "id_label_prov": 395,
        "label_prov": "1. Percepatan Pengentasan Kemiskinan dan Peningkatan Kualitas SDM yang Berdaya Saing\t",
        "id_label_kokab": 5210,
        "label_kokab": "5. Inovasi dan Tata Kelola Pemerintahan",
        "kelompok_sasaran": null,
        "target_akhir_program_renstra": null,
        "target_min_1_program_renstra": null,
        "target_n_program_renstra": null,
        "target_akhir_giat_renstra": null,
        "target_min_1_giat_renstra": null,
        "target_n_giat_renstra": null,
        "target_akhir_sub_giat_renstra": " ",
        "target_min_1_sub_giat_renstra": " ",
        "target_n_sub_giat_renstra": " ",
        "total_pagu_indikatif_sub_skpd": 2349317034,
        "total_pagu_n_depan_sub_skpd": 2334789043,
        "total_pagu_indikatif_urusan": 2349317034,
        "total_pagu_n_depan_urusan": 2334789043,
        "total_pagu_indikatif_bidang_urusan": 2349317034,
        "total_pagu_n_depan_bidang_urusan": 2334789043,
        "total_pagu_indikatif_program": 2196317034,
        "total_pagu_n_depan_program": 2151489043,
        "total_pagu_indikatif_kegiatan": 62400000,
        "total_pagu_n_depan_kegiatan": 77416000,
        "total_pagu_indikatif": 2349317034,
        "total_pagu_n_depan": 2334789043
    },
    {
        "migrated_at": null,
        "id_sub_bl": 60223,
        "id_daerah": 473,
        "tahun": 2026,
        "id_unit": 663,
        "id_skpd": 663,
        "created_user": 262924,
        "kode_skpd": "7.01.0.00.0.00.04.0000",
        "nama_skpd": "Kecamatan Air Napal",
        "id_urusan": 17,
        "kode_urusan": "7",
        "nama_urusan": "UNSUR KEWILAYAHAN",
        "id_bidang_urusan": 243,
        "kode_bidang_urusan": "7.01",
        "nama_bidang_urusan": "KECAMATAN",
        "id_sub_skpd": 663,
        "kode_sub_skpd": "7.01.0.00.0.00.04.0000",
        "nama_sub_skpd": "Kecamatan Air Napal",
        "id_program": 4451,
        "kode_program": "7.01.01",
        "nama_program": "PROGRAM PENUNJANG URUSAN PEMERINTAHAN DAERAH KABUPATEN/KOTA",
        "outcome": "[ Terselenggaranya Penunjang urusan Pemerintahan Daerah Kecamatan Air Napal ]",
        "indikator_outcome": "Persentase pemenuhan kebutuhan penunjang Perangkat Daerah (%)",
        "target_akhir": "100",
        "realisasi_capaian": "100",
        "prakiraan": "100",
        "target_maju_1": "100",
        "urai_output": "Pemenuhan Administrasi Umum Perangkat Daerah",
        "id_giat": 18376,
        "kode_giat": "7.01.01.2.06",
        "nama_giat": "Administrasi Umum Perangkat Daerah",
        "id_sub_giat": 60640,
        "kode_sub_giat": "7.01.01.2.06.0006",
        "nama_sub_giat": "Penyediaan Bahan Bacaan dan Peraturan Perundang-undangan",
        "pagu": 2000000,
        "pagu_indikatif": 2000000,
        "pagu_n_depan": 2030000,
        "kode_bl": "663.663.4451.18376",
        "kode_sbl": "663.663.4451.18376.60640",
        "urusan_locked": 0,
        "bidang_urusan_locked": 0,
        "program_locked": 0,
        "giat_locked": 0,
        "sub_giat_locked": 0,
        "kunci_bl": 1,
        "kunci_bl_rinci": 1,
        "id_output_bl": 57933,
        "satuan_output": "Dokumen",
        "tolak_ukur_output": "Jumlah Dokumen Bahan Bacaan dan Peraturan Perundang-Undangan yang Disediakan",
        "target_teks_output": "1 Dokumen",
        "satuan_capaian": null,
        "tolak_ukur_capaian": null,
        "target_teks_capaian": null,
        "satuan_sub": null,
        "tolok_ukur_sub": null,
        "target_sub_teks": null,
        "tolak_ukur_n": "Jumlah Dokumen Bahan Bacaan dan Peraturan Perundang-Undangan yang Disediakan",
        "target_teks_n": "1 Dokumen",
        "kode_dana": "1.2.01.08",
        "nama_dana": "Dana Alokasi Umum (DAU)",
        "lokasi_bl": "Kab. Bengkulu Utara, Air Napal, Semua Kel/Desa",
        "id_label_pusat": 0,
        "label_pusat": null,
        "id_label_prov": 395,
        "label_prov": "1. Percepatan Pengentasan Kemiskinan dan Peningkatan Kualitas SDM yang Berdaya Saing\t",
        "id_label_kokab": 5210,
        "label_kokab": "5. Inovasi dan Tata Kelola Pemerintahan",
        "kelompok_sasaran": null,
        "target_akhir_program_renstra": null,
        "target_min_1_program_renstra": null,
        "target_n_program_renstra": null,
        "target_akhir_giat_renstra": null,
        "target_min_1_giat_renstra": null,
        "target_n_giat_renstra": null,
        "target_akhir_sub_giat_renstra": " ",
        "target_min_1_sub_giat_renstra": " ",
        "target_n_sub_giat_renstra": " ",
        "total_pagu_indikatif_sub_skpd": 2349317034,
        "total_pagu_n_depan_sub_skpd": 2334789043,
        "total_pagu_indikatif_urusan": 2349317034,
        "total_pagu_n_depan_urusan": 2334789043,
        "total_pagu_indikatif_bidang_urusan": 2349317034,
        "total_pagu_n_depan_bidang_urusan": 2334789043,
        "total_pagu_indikatif_program": 2196317034,
        "total_pagu_n_depan_program": 2151489043,
        "total_pagu_indikatif_kegiatan": 62400000,
        "total_pagu_n_depan_kegiatan": 77416000,
        "total_pagu_indikatif": 2349317034,
        "total_pagu_n_depan": 2334789043
    },
    {
        "migrated_at": null,
        "id_sub_bl": 60224,
        "id_daerah": 473,
        "tahun": 2026,
        "id_unit": 663,
        "id_skpd": 663,
        "created_user": 262924,
        "kode_skpd": "7.01.0.00.0.00.04.0000",
        "nama_skpd": "Kecamatan Air Napal",
        "id_urusan": 17,
        "kode_urusan": "7",
        "nama_urusan": "UNSUR KEWILAYAHAN",
        "id_bidang_urusan": 243,
        "kode_bidang_urusan": "7.01",
        "nama_bidang_urusan": "KECAMATAN",
        "id_sub_skpd": 663,
        "kode_sub_skpd": "7.01.0.00.0.00.04.0000",
        "nama_sub_skpd": "Kecamatan Air Napal",
        "id_program": 4451,
        "kode_program": "7.01.01",
        "nama_program": "PROGRAM PENUNJANG URUSAN PEMERINTAHAN DAERAH KABUPATEN/KOTA",
        "outcome": "[ Terselenggaranya Penunjang urusan Pemerintahan Daerah Kecamatan Air Napal ]",
        "indikator_outcome": "Persentase pemenuhan kebutuhan penunjang Perangkat Daerah (%)",
        "target_akhir": "100",
        "realisasi_capaian": "100",
        "prakiraan": "100",
        "target_maju_1": "100",
        "urai_output": "Pemenuhan Administrasi Umum Perangkat Daerah",
        "id_giat": 18376,
        "kode_giat": "7.01.01.2.06",
        "nama_giat": "Administrasi Umum Perangkat Daerah",
        "id_sub_giat": 60643,
        "kode_sub_giat": "7.01.01.2.06.0009",
        "nama_sub_giat": "Penyelenggaraan Rapat Koordinasi dan Konsultasi SKPD",
        "pagu": 30000000,
        "pagu_indikatif": 30000000,
        "pagu_n_depan": 40500000,
        "kode_bl": "663.663.4451.18376",
        "kode_sbl": "663.663.4451.18376.60643",
        "urusan_locked": 0,
        "bidang_urusan_locked": 0,
        "program_locked": 0,
        "giat_locked": 0,
        "sub_giat_locked": 0,
        "kunci_bl": 1,
        "kunci_bl_rinci": 1,
        "id_output_bl": 57934,
        "satuan_output": "Laporan",
        "tolak_ukur_output": "Jumlah Laporan Penyelenggaraan Rapat Koordinasi dan Konsultasi SKPD",
        "target_teks_output": "165 Laporan",
        "satuan_capaian": null,
        "tolak_ukur_capaian": null,
        "target_teks_capaian": null,
        "satuan_sub": null,
        "tolok_ukur_sub": null,
        "target_sub_teks": null,
        "tolak_ukur_n": "Jumlah Laporan Penyelenggaraan Rapat Koordinasi dan Konsultasi SKPD",
        "target_teks_n": "165 Laporan",
        "kode_dana": "1.2.01.08",
        "nama_dana": "Dana Alokasi Umum (DAU)",
        "lokasi_bl": "Kab. Bengkulu Utara, Air Napal, Semua Kel/Desa",
        "id_label_pusat": 0,
        "label_pusat": null,
        "id_label_prov": 395,
        "label_prov": "1. Percepatan Pengentasan Kemiskinan dan Peningkatan Kualitas SDM yang Berdaya Saing\t",
        "id_label_kokab": 5210,
        "label_kokab": "5. Inovasi dan Tata Kelola Pemerintahan",
        "kelompok_sasaran": null,
        "target_akhir_program_renstra": null,
        "target_min_1_program_renstra": null,
        "target_n_program_renstra": null,
        "target_akhir_giat_renstra": null,
        "target_min_1_giat_renstra": null,
        "target_n_giat_renstra": null,
        "target_akhir_sub_giat_renstra": " ",
        "target_min_1_sub_giat_renstra": " ",
        "target_n_sub_giat_renstra": " ",
        "total_pagu_indikatif_sub_skpd": 2349317034,
        "total_pagu_n_depan_sub_skpd": 2334789043,
        "total_pagu_indikatif_urusan": 2349317034,
        "total_pagu_n_depan_urusan": 2334789043,
        "total_pagu_indikatif_bidang_urusan": 2349317034,
        "total_pagu_n_depan_bidang_urusan": 2334789043,
        "total_pagu_indikatif_program": 2196317034,
        "total_pagu_n_depan_program": 2151489043,
        "total_pagu_indikatif_kegiatan": 62400000,
        "total_pagu_n_depan_kegiatan": 77416000,
        "total_pagu_indikatif": 2349317034,
        "total_pagu_n_depan": 2334789043
    },
    {
        "migrated_at": null,
        "id_sub_bl": 60229,
        "id_daerah": 473,
        "tahun": 2026,
        "id_unit": 663,
        "id_skpd": 663,
        "created_user": 262924,
        "kode_skpd": "7.01.0.00.0.00.04.0000",
        "nama_skpd": "Kecamatan Air Napal",
        "id_urusan": 17,
        "kode_urusan": "7",
        "nama_urusan": "UNSUR KEWILAYAHAN",
        "id_bidang_urusan": 243,
        "kode_bidang_urusan": "7.01",
        "nama_bidang_urusan": "KECAMATAN",
        "id_sub_skpd": 663,
        "kode_sub_skpd": "7.01.0.00.0.00.04.0000",
        "nama_sub_skpd": "Kecamatan Air Napal",
        "id_program": 4451,
        "kode_program": "7.01.01",
        "nama_program": "PROGRAM PENUNJANG URUSAN PEMERINTAHAN DAERAH KABUPATEN/KOTA",
        "outcome": "[ Terselenggaranya Penunjang urusan Pemerintahan Daerah Kecamatan Air Napal ]",
        "indikator_outcome": "Persentase pemenuhan kebutuhan penunjang Perangkat Daerah (%)",
        "target_akhir": "100",
        "realisasi_capaian": "100",
        "prakiraan": "100",
        "target_maju_1": "100",
        "urai_output": "Jumlah Pengadaan Barang Milik Daerah",
        "id_giat": 18377,
        "kode_giat": "7.01.01.2.07",
        "nama_giat": "Pengadaan Barang Milik Daerah Penunjang Urusan Pemerintah Daerah",
        "id_sub_giat": 60647,
        "kode_sub_giat": "7.01.01.2.07.0002",
        "nama_sub_giat": "Pengadaan Kendaraan Dinas Operasional atau Lapangan",
        "pagu": 40000000,
        "pagu_indikatif": 40000000,
        "pagu_n_depan": 41000000,
        "kode_bl": "663.663.4451.18377",
        "kode_sbl": "663.663.4451.18377.60647",
        "urusan_locked": 0,
        "bidang_urusan_locked": 0,
        "program_locked": 0,
        "giat_locked": 0,
        "sub_giat_locked": 0,
        "kunci_bl": 1,
        "kunci_bl_rinci": 1,
        "id_output_bl": 57939,
        "satuan_output": "Unit",
        "tolak_ukur_output": "Jumlah Unit Kendaraan Dinas Operasional atau Lapangan yang Disediakan",
        "target_teks_output": "1 Unit",
        "satuan_capaian": null,
        "tolak_ukur_capaian": null,
        "target_teks_capaian": null,
        "satuan_sub": null,
        "tolok_ukur_sub": null,
        "target_sub_teks": null,
        "tolak_ukur_n": "Jumlah Unit Kendaraan Dinas Operasional atau Lapangan yang Disediakan",
        "target_teks_n": "1 Unit",
        "kode_dana": "1.2.01.08",
        "nama_dana": "Dana Alokasi Umum (DAU)",
        "lokasi_bl": "Kab. Bengkulu Utara, Air Napal, Semua Kel/Desa",
        "id_label_pusat": 0,
        "label_pusat": null,
        "id_label_prov": 395,
        "label_prov": "1. Percepatan Pengentasan Kemiskinan dan Peningkatan Kualitas SDM yang Berdaya Saing\t",
        "id_label_kokab": 5210,
        "label_kokab": "5. Inovasi dan Tata Kelola Pemerintahan",
        "kelompok_sasaran": null,
        "target_akhir_program_renstra": null,
        "target_min_1_program_renstra": null,
        "target_n_program_renstra": null,
        "target_akhir_giat_renstra": null,
        "target_min_1_giat_renstra": null,
        "target_n_giat_renstra": null,
        "target_akhir_sub_giat_renstra": " ",
        "target_min_1_sub_giat_renstra": " ",
        "target_n_sub_giat_renstra": " ",
        "total_pagu_indikatif_sub_skpd": 2349317034,
        "total_pagu_n_depan_sub_skpd": 2334789043,
        "total_pagu_indikatif_urusan": 2349317034,
        "total_pagu_n_depan_urusan": 2334789043,
        "total_pagu_indikatif_bidang_urusan": 2349317034,
        "total_pagu_n_depan_bidang_urusan": 2334789043,
        "total_pagu_indikatif_program": 2196317034,
        "total_pagu_n_depan_program": 2151489043,
        "total_pagu_indikatif_kegiatan": 85500000,
        "total_pagu_n_depan_kegiatan": 95000000,
        "total_pagu_indikatif": 2349317034,
        "total_pagu_n_depan": 2334789043
    },
    {
        "migrated_at": null,
        "id_sub_bl": 60225,
        "id_daerah": 473,
        "tahun": 2026,
        "id_unit": 663,
        "id_skpd": 663,
        "created_user": 262924,
        "kode_skpd": "7.01.0.00.0.00.04.0000",
        "nama_skpd": "Kecamatan Air Napal",
        "id_urusan": 17,
        "kode_urusan": "7",
        "nama_urusan": "UNSUR KEWILAYAHAN",
        "id_bidang_urusan": 243,
        "kode_bidang_urusan": "7.01",
        "nama_bidang_urusan": "KECAMATAN",
        "id_sub_skpd": 663,
        "kode_sub_skpd": "7.01.0.00.0.00.04.0000",
        "nama_sub_skpd": "Kecamatan Air Napal",
        "id_program": 4451,
        "kode_program": "7.01.01",
        "nama_program": "PROGRAM PENUNJANG URUSAN PEMERINTAHAN DAERAH KABUPATEN/KOTA",
        "outcome": "[ Terselenggaranya Penunjang urusan Pemerintahan Daerah Kecamatan Air Napal ]",
        "indikator_outcome": "Persentase pemenuhan kebutuhan penunjang Perangkat Daerah (%)",
        "target_akhir": "100",
        "realisasi_capaian": "100",
        "prakiraan": "100",
        "target_maju_1": "100",
        "urai_output": "Jumlah Pengadaan Barang Milik Daerah",
        "id_giat": 18377,
        "kode_giat": "7.01.01.2.07",
        "nama_giat": "Pengadaan Barang Milik Daerah Penunjang Urusan Pemerintah Daerah",
        "id_sub_giat": 60650,
        "kode_sub_giat": "7.01.01.2.07.0005",
        "nama_sub_giat": "Pengadaan Mebel",
        "pagu": 20000000,
        "pagu_indikatif": 20000000,
        "pagu_n_depan": 25000000,
        "kode_bl": "663.663.4451.18377",
        "kode_sbl": "663.663.4451.18377.60650",
        "urusan_locked": 0,
        "bidang_urusan_locked": 0,
        "program_locked": 0,
        "giat_locked": 0,
        "sub_giat_locked": 0,
        "kunci_bl": 1,
        "kunci_bl_rinci": 1,
        "id_output_bl": 57935,
        "satuan_output": "Unit",
        "tolak_ukur_output": "Jumlah Paket Mebel yang Disediakan",
        "target_teks_output": "1 Unit",
        "satuan_capaian": null,
        "tolak_ukur_capaian": null,
        "target_teks_capaian": null,
        "satuan_sub": null,
        "tolok_ukur_sub": null,
        "target_sub_teks": null,
        "tolak_ukur_n": "Jumlah Paket Mebel yang Disediakan",
        "target_teks_n": "1 Unit",
        "kode_dana": "1.2.01.08",
        "nama_dana": "Dana Alokasi Umum (DAU)",
        "lokasi_bl": "Kab. Bengkulu Utara, Air Napal, Semua Kel/Desa",
        "id_label_pusat": 0,
        "label_pusat": null,
        "id_label_prov": 395,
        "label_prov": "1. Percepatan Pengentasan Kemiskinan dan Peningkatan Kualitas SDM yang Berdaya Saing\t",
        "id_label_kokab": 5210,
        "label_kokab": "5. Inovasi dan Tata Kelola Pemerintahan",
        "kelompok_sasaran": null,
        "target_akhir_program_renstra": null,
        "target_min_1_program_renstra": null,
        "target_n_program_renstra": null,
        "target_akhir_giat_renstra": null,
        "target_min_1_giat_renstra": null,
        "target_n_giat_renstra": null,
        "target_akhir_sub_giat_renstra": " ",
        "target_min_1_sub_giat_renstra": " ",
        "target_n_sub_giat_renstra": " ",
        "total_pagu_indikatif_sub_skpd": 2349317034,
        "total_pagu_n_depan_sub_skpd": 2334789043,
        "total_pagu_indikatif_urusan": 2349317034,
        "total_pagu_n_depan_urusan": 2334789043,
        "total_pagu_indikatif_bidang_urusan": 2349317034,
        "total_pagu_n_depan_bidang_urusan": 2334789043,
        "total_pagu_indikatif_program": 2196317034,
        "total_pagu_n_depan_program": 2151489043,
        "total_pagu_indikatif_kegiatan": 85500000,
        "total_pagu_n_depan_kegiatan": 95000000,
        "total_pagu_indikatif": 2349317034,
        "total_pagu_n_depan": 2334789043
    },
    {
        "migrated_at": null,
        "id_sub_bl": 60226,
        "id_daerah": 473,
        "tahun": 2026,
        "id_unit": 663,
        "id_skpd": 663,
        "created_user": 262924,
        "kode_skpd": "7.01.0.00.0.00.04.0000",
        "nama_skpd": "Kecamatan Air Napal",
        "id_urusan": 17,
        "kode_urusan": "7",
        "nama_urusan": "UNSUR KEWILAYAHAN",
        "id_bidang_urusan": 243,
        "kode_bidang_urusan": "7.01",
        "nama_bidang_urusan": "KECAMATAN",
        "id_sub_skpd": 663,
        "kode_sub_skpd": "7.01.0.00.0.00.04.0000",
        "nama_sub_skpd": "Kecamatan Air Napal",
        "id_program": 4451,
        "kode_program": "7.01.01",
        "nama_program": "PROGRAM PENUNJANG URUSAN PEMERINTAHAN DAERAH KABUPATEN/KOTA",
        "outcome": "[ Terselenggaranya Penunjang urusan Pemerintahan Daerah Kecamatan Air Napal ]",
        "indikator_outcome": "Persentase pemenuhan kebutuhan penunjang Perangkat Daerah (%)",
        "target_akhir": "100",
        "realisasi_capaian": "100",
        "prakiraan": "100",
        "target_maju_1": "100",
        "urai_output": "Jumlah Pengadaan Barang Milik Daerah",
        "id_giat": 18377,
        "kode_giat": "7.01.01.2.07",
        "nama_giat": "Pengadaan Barang Milik Daerah Penunjang Urusan Pemerintah Daerah",
        "id_sub_giat": 60651,
        "kode_sub_giat": "7.01.01.2.07.0006",
        "nama_sub_giat": "Pengadaan Peralatan dan Mesin Lainnya",
        "pagu": 25500000,
        "pagu_indikatif": 25500000,
        "pagu_n_depan": 29000000,
        "kode_bl": "663.663.4451.18377",
        "kode_sbl": "663.663.4451.18377.60651",
        "urusan_locked": 0,
        "bidang_urusan_locked": 0,
        "program_locked": 0,
        "giat_locked": 0,
        "sub_giat_locked": 0,
        "kunci_bl": 1,
        "kunci_bl_rinci": 1,
        "id_output_bl": 57936,
        "satuan_output": "Unit",
        "tolak_ukur_output": "Jumlah Unit Peralatan dan Mesin Lainnya yang Disediakan",
        "target_teks_output": "3 Unit",
        "satuan_capaian": null,
        "tolak_ukur_capaian": null,
        "target_teks_capaian": null,
        "satuan_sub": null,
        "tolok_ukur_sub": null,
        "target_sub_teks": null,
        "tolak_ukur_n": "Jumlah Unit Peralatan dan Mesin Lainnya yang Disediakan",
        "target_teks_n": "3 Unit",
        "kode_dana": "1.2.01.08",
        "nama_dana": "Dana Alokasi Umum (DAU)",
        "lokasi_bl": "Kab. Bengkulu Utara, Air Napal, Semua Kel/Desa",
        "id_label_pusat": 0,
        "label_pusat": null,
        "id_label_prov": 395,
        "label_prov": "1. Percepatan Pengentasan Kemiskinan dan Peningkatan Kualitas SDM yang Berdaya Saing\t",
        "id_label_kokab": 5210,
        "label_kokab": "5. Inovasi dan Tata Kelola Pemerintahan",
        "kelompok_sasaran": null,
        "target_akhir_program_renstra": null,
        "target_min_1_program_renstra": null,
        "target_n_program_renstra": null,
        "target_akhir_giat_renstra": null,
        "target_min_1_giat_renstra": null,
        "target_n_giat_renstra": null,
        "target_akhir_sub_giat_renstra": " ",
        "target_min_1_sub_giat_renstra": " ",
        "target_n_sub_giat_renstra": " ",
        "total_pagu_indikatif_sub_skpd": 2349317034,
        "total_pagu_n_depan_sub_skpd": 2334789043,
        "total_pagu_indikatif_urusan": 2349317034,
        "total_pagu_n_depan_urusan": 2334789043,
        "total_pagu_indikatif_bidang_urusan": 2349317034,
        "total_pagu_n_depan_bidang_urusan": 2334789043,
        "total_pagu_indikatif_program": 2196317034,
        "total_pagu_n_depan_program": 2151489043,
        "total_pagu_indikatif_kegiatan": 85500000,
        "total_pagu_n_depan_kegiatan": 95000000,
        "total_pagu_indikatif": 2349317034,
        "total_pagu_n_depan": 2334789043
    },
    {
        "migrated_at": null,
        "id_sub_bl": 60227,
        "id_daerah": 473,
        "tahun": 2026,
        "id_unit": 663,
        "id_skpd": 663,
        "created_user": 262924,
        "kode_skpd": "7.01.0.00.0.00.04.0000",
        "nama_skpd": "Kecamatan Air Napal",
        "id_urusan": 17,
        "kode_urusan": "7",
        "nama_urusan": "UNSUR KEWILAYAHAN",
        "id_bidang_urusan": 243,
        "kode_bidang_urusan": "7.01",
        "nama_bidang_urusan": "KECAMATAN",
        "id_sub_skpd": 663,
        "kode_sub_skpd": "7.01.0.00.0.00.04.0000",
        "nama_sub_skpd": "Kecamatan Air Napal",
        "id_program": 4451,
        "kode_program": "7.01.01",
        "nama_program": "PROGRAM PENUNJANG URUSAN PEMERINTAHAN DAERAH KABUPATEN/KOTA",
        "outcome": "[ Terselenggaranya Penunjang urusan Pemerintahan Daerah Kecamatan Air Napal ]",
        "indikator_outcome": "Persentase pemenuhan kebutuhan penunjang Perangkat Daerah (%)",
        "target_akhir": "100",
        "realisasi_capaian": "100",
        "prakiraan": "100",
        "target_maju_1": "100",
        "urai_output": "Pemenuhan Jasa Penunjang Urusan Pemerintah Daerah",
        "id_giat": 18378,
        "kode_giat": "7.01.01.2.08",
        "nama_giat": "Penyediaan Jasa Penunjang Urusan Pemerintahan Daerah",
        "id_sub_giat": 60658,
        "kode_sub_giat": "7.01.01.2.08.0002",
        "nama_sub_giat": "Penyediaan Jasa Komunikasi, Sumber Daya Air dan Listrik",
        "pagu": 22438259,
        "pagu_indikatif": 22438259,
        "pagu_n_depan": 23574587,
        "kode_bl": "663.663.4451.18378",
        "kode_sbl": "663.663.4451.18378.60658",
        "urusan_locked": 0,
        "bidang_urusan_locked": 0,
        "program_locked": 0,
        "giat_locked": 0,
        "sub_giat_locked": 0,
        "kunci_bl": 1,
        "kunci_bl_rinci": 1,
        "id_output_bl": 57937,
        "satuan_output": "Laporan",
        "tolak_ukur_output": "Jumlah Laporan Penyediaan Jasa Komunikasi, Sumber Daya Air dan Listrik yang Disediakan",
        "target_teks_output": "12 Laporan",
        "satuan_capaian": null,
        "tolak_ukur_capaian": null,
        "target_teks_capaian": null,
        "satuan_sub": null,
        "tolok_ukur_sub": null,
        "target_sub_teks": null,
        "tolak_ukur_n": "Jumlah Laporan Penyediaan Jasa Komunikasi, Sumber Daya Air dan Listrik yang Disediakan",
        "target_teks_n": "12 Laporan",
        "kode_dana": "1.2.01.08",
        "nama_dana": "Dana Alokasi Umum (DAU)",
        "lokasi_bl": "Kab. Bengkulu Utara, Air Napal, Semua Kel/Desa",
        "id_label_pusat": 0,
        "label_pusat": null,
        "id_label_prov": 395,
        "label_prov": "1. Percepatan Pengentasan Kemiskinan dan Peningkatan Kualitas SDM yang Berdaya Saing\t",
        "id_label_kokab": 5210,
        "label_kokab": "5. Inovasi dan Tata Kelola Pemerintahan",
        "kelompok_sasaran": null,
        "target_akhir_program_renstra": null,
        "target_min_1_program_renstra": null,
        "target_n_program_renstra": null,
        "target_akhir_giat_renstra": null,
        "target_min_1_giat_renstra": null,
        "target_n_giat_renstra": null,
        "target_akhir_sub_giat_renstra": " ",
        "target_min_1_sub_giat_renstra": " ",
        "target_n_sub_giat_renstra": " ",
        "total_pagu_indikatif_sub_skpd": 2349317034,
        "total_pagu_n_depan_sub_skpd": 2334789043,
        "total_pagu_indikatif_urusan": 2349317034,
        "total_pagu_n_depan_urusan": 2334789043,
        "total_pagu_indikatif_bidang_urusan": 2349317034,
        "total_pagu_n_depan_bidang_urusan": 2334789043,
        "total_pagu_indikatif_program": 2196317034,
        "total_pagu_n_depan_program": 2151489043,
        "total_pagu_indikatif_kegiatan": 98438259,
        "total_pagu_n_depan_kegiatan": 113574587,
        "total_pagu_indikatif": 2349317034,
        "total_pagu_n_depan": 2334789043
    },
    {
        "migrated_at": null,
        "id_sub_bl": 60228,
        "id_daerah": 473,
        "tahun": 2026,
        "id_unit": 663,
        "id_skpd": 663,
        "created_user": 262924,
        "kode_skpd": "7.01.0.00.0.00.04.0000",
        "nama_skpd": "Kecamatan Air Napal",
        "id_urusan": 17,
        "kode_urusan": "7",
        "nama_urusan": "UNSUR KEWILAYAHAN",
        "id_bidang_urusan": 243,
        "kode_bidang_urusan": "7.01",
        "nama_bidang_urusan": "KECAMATAN",
        "id_sub_skpd": 663,
        "kode_sub_skpd": "7.01.0.00.0.00.04.0000",
        "nama_sub_skpd": "Kecamatan Air Napal",
        "id_program": 4451,
        "kode_program": "7.01.01",
        "nama_program": "PROGRAM PENUNJANG URUSAN PEMERINTAHAN DAERAH KABUPATEN/KOTA",
        "outcome": "[ Terselenggaranya Penunjang urusan Pemerintahan Daerah Kecamatan Air Napal ]",
        "indikator_outcome": "Persentase pemenuhan kebutuhan penunjang Perangkat Daerah (%)",
        "target_akhir": "100",
        "realisasi_capaian": "100",
        "prakiraan": "100",
        "target_maju_1": "100",
        "urai_output": "Pemenuhan Jasa Penunjang Urusan Pemerintah Daerah",
        "id_giat": 18378,
        "kode_giat": "7.01.01.2.08",
        "nama_giat": "Penyediaan Jasa Penunjang Urusan Pemerintahan Daerah",
        "id_sub_giat": 60660,
        "kode_sub_giat": "7.01.01.2.08.0004",
        "nama_sub_giat": "Penyediaan Jasa Pelayanan Umum Kantor",
        "pagu": 76000000,
        "pagu_indikatif": 76000000,
        "pagu_n_depan": 90000000,
        "kode_bl": "663.663.4451.18378",
        "kode_sbl": "663.663.4451.18378.60660",
        "urusan_locked": 0,
        "bidang_urusan_locked": 0,
        "program_locked": 0,
        "giat_locked": 0,
        "sub_giat_locked": 0,
        "kunci_bl": 1,
        "kunci_bl_rinci": 1,
        "id_output_bl": 57938,
        "satuan_output": "Laporan",
        "tolak_ukur_output": "Jumlah Laporan Penyediaan Jasa Pelayanan Umum Kantor yang Disediakan",
        "target_teks_output": "12 Laporan",
        "satuan_capaian": null,
        "tolak_ukur_capaian": null,
        "target_teks_capaian": null,
        "satuan_sub": null,
        "tolok_ukur_sub": null,
        "target_sub_teks": null,
        "tolak_ukur_n": "Jumlah Laporan Penyediaan Jasa Pelayanan Umum Kantor yang Disediakan",
        "target_teks_n": "12 Laporan",
        "kode_dana": "1.2.01.08",
        "nama_dana": "Dana Alokasi Umum (DAU)",
        "lokasi_bl": "Kab. Bengkulu Utara, Air Napal, Semua Kel/Desa",
        "id_label_pusat": 0,
        "label_pusat": null,
        "id_label_prov": 395,
        "label_prov": "1. Percepatan Pengentasan Kemiskinan dan Peningkatan Kualitas SDM yang Berdaya Saing\t",
        "id_label_kokab": 5210,
        "label_kokab": "5. Inovasi dan Tata Kelola Pemerintahan",
        "kelompok_sasaran": null,
        "target_akhir_program_renstra": null,
        "target_min_1_program_renstra": null,
        "target_n_program_renstra": null,
        "target_akhir_giat_renstra": null,
        "target_min_1_giat_renstra": null,
        "target_n_giat_renstra": null,
        "target_akhir_sub_giat_renstra": " ",
        "target_min_1_sub_giat_renstra": " ",
        "target_n_sub_giat_renstra": " ",
        "total_pagu_indikatif_sub_skpd": 2349317034,
        "total_pagu_n_depan_sub_skpd": 2334789043,
        "total_pagu_indikatif_urusan": 2349317034,
        "total_pagu_n_depan_urusan": 2334789043,
        "total_pagu_indikatif_bidang_urusan": 2349317034,
        "total_pagu_n_depan_bidang_urusan": 2334789043,
        "total_pagu_indikatif_program": 2196317034,
        "total_pagu_n_depan_program": 2151489043,
        "total_pagu_indikatif_kegiatan": 98438259,
        "total_pagu_n_depan_kegiatan": 113574587,
        "total_pagu_indikatif": 2349317034,
        "total_pagu_n_depan": 2334789043
    },
    {
        "migrated_at": null,
        "id_sub_bl": 60210,
        "id_daerah": 473,
        "tahun": 2026,
        "id_unit": 663,
        "id_skpd": 663,
        "created_user": 262924,
        "kode_skpd": "7.01.0.00.0.00.04.0000",
        "nama_skpd": "Kecamatan Air Napal",
        "id_urusan": 17,
        "kode_urusan": "7",
        "nama_urusan": "UNSUR KEWILAYAHAN",
        "id_bidang_urusan": 243,
        "kode_bidang_urusan": "7.01",
        "nama_bidang_urusan": "KECAMATAN",
        "id_sub_skpd": 663,
        "kode_sub_skpd": "7.01.0.00.0.00.04.0000",
        "nama_sub_skpd": "Kecamatan Air Napal",
        "id_program": 4451,
        "kode_program": "7.01.01",
        "nama_program": "PROGRAM PENUNJANG URUSAN PEMERINTAHAN DAERAH KABUPATEN/KOTA",
        "outcome": "[ Terselenggaranya Penunjang urusan Pemerintahan Daerah Kecamatan Air Napal ]",
        "indikator_outcome": "Persentase pemenuhan kebutuhan penunjang Perangkat Daerah (%)",
        "target_akhir": "100",
        "realisasi_capaian": "100",
        "prakiraan": "100",
        "target_maju_1": "100",
        "urai_output": "Pemenuhan Pemeliharaan Barang Milik Daerah",
        "id_giat": 18379,
        "kode_giat": "7.01.01.2.09",
        "nama_giat": "Pemeliharaan Barang Milik Daerah Penunjang Urusan Pemerintahan Daerah",
        "id_sub_giat": 60662,
        "kode_sub_giat": "7.01.01.2.09.0002",
        "nama_sub_giat": "Penyediaan Jasa Pemeliharaan, Biaya Pemeliharaan, Pajak dan Perizinan Kendaraan Dinas Operasional atau Lapangan",
        "pagu": 22000000,
        "pagu_indikatif": 22000000,
        "pagu_n_depan": 25300000,
        "kode_bl": "663.663.4451.18379",
        "kode_sbl": "663.663.4451.18379.60662",
        "urusan_locked": 0,
        "bidang_urusan_locked": 0,
        "program_locked": 0,
        "giat_locked": 0,
        "sub_giat_locked": 0,
        "kunci_bl": 1,
        "kunci_bl_rinci": 1,
        "id_output_bl": 57920,
        "satuan_output": "Unit",
        "tolak_ukur_output": "Jumlah Kendaraan Dinas Operasional atau Lapangan yang Dipelihara dan dibayarkan Pajak dan Perizinannya",
        "target_teks_output": "3 Unit",
        "satuan_capaian": null,
        "tolak_ukur_capaian": null,
        "target_teks_capaian": null,
        "satuan_sub": null,
        "tolok_ukur_sub": null,
        "target_sub_teks": null,
        "tolak_ukur_n": "Jumlah Kendaraan Dinas Operasional atau Lapangan yang Dipelihara dan dibayarkan Pajak dan Perizinannya",
        "target_teks_n": "3 Unit",
        "kode_dana": "1.2.01.08",
        "nama_dana": "Dana Alokasi Umum (DAU)",
        "lokasi_bl": "Kab. Bengkulu Utara, Air Napal, Semua Kel/Desa",
        "id_label_pusat": 0,
        "label_pusat": null,
        "id_label_prov": 395,
        "label_prov": "1. Percepatan Pengentasan Kemiskinan dan Peningkatan Kualitas SDM yang Berdaya Saing\t",
        "id_label_kokab": 5210,
        "label_kokab": "5. Inovasi dan Tata Kelola Pemerintahan",
        "kelompok_sasaran": null,
        "target_akhir_program_renstra": null,
        "target_min_1_program_renstra": null,
        "target_n_program_renstra": null,
        "target_akhir_giat_renstra": null,
        "target_min_1_giat_renstra": null,
        "target_n_giat_renstra": null,
        "target_akhir_sub_giat_renstra": " ",
        "target_min_1_sub_giat_renstra": " ",
        "target_n_sub_giat_renstra": " ",
        "total_pagu_indikatif_sub_skpd": 2349317034,
        "total_pagu_n_depan_sub_skpd": 2334789043,
        "total_pagu_indikatif_urusan": 2349317034,
        "total_pagu_n_depan_urusan": 2334789043,
        "total_pagu_indikatif_bidang_urusan": 2349317034,
        "total_pagu_n_depan_bidang_urusan": 2334789043,
        "total_pagu_indikatif_program": 2196317034,
        "total_pagu_n_depan_program": 2151489043,
        "total_pagu_indikatif_kegiatan": 207000000,
        "total_pagu_n_depan_kegiatan": 92375000,
        "total_pagu_indikatif": 2349317034,
        "total_pagu_n_depan": 2334789043
    },
    {
        "migrated_at": null,
        "id_sub_bl": 60230,
        "id_daerah": 473,
        "tahun": 2026,
        "id_unit": 663,
        "id_skpd": 663,
        "created_user": 262924,
        "kode_skpd": "7.01.0.00.0.00.04.0000",
        "nama_skpd": "Kecamatan Air Napal",
        "id_urusan": 17,
        "kode_urusan": "7",
        "nama_urusan": "UNSUR KEWILAYAHAN",
        "id_bidang_urusan": 243,
        "kode_bidang_urusan": "7.01",
        "nama_bidang_urusan": "KECAMATAN",
        "id_sub_skpd": 663,
        "kode_sub_skpd": "7.01.0.00.0.00.04.0000",
        "nama_sub_skpd": "Kecamatan Air Napal",
        "id_program": 4451,
        "kode_program": "7.01.01",
        "nama_program": "PROGRAM PENUNJANG URUSAN PEMERINTAHAN DAERAH KABUPATEN/KOTA",
        "outcome": "[ Terselenggaranya Penunjang urusan Pemerintahan Daerah Kecamatan Air Napal ]",
        "indikator_outcome": "Persentase pemenuhan kebutuhan penunjang Perangkat Daerah (%)",
        "target_akhir": "100",
        "realisasi_capaian": "100",
        "prakiraan": "100",
        "target_maju_1": "100",
        "urai_output": "Pemenuhan Pemeliharaan Barang Milik Daerah",
        "id_giat": 18379,
        "kode_giat": "7.01.01.2.09",
        "nama_giat": "Pemeliharaan Barang Milik Daerah Penunjang Urusan Pemerintahan Daerah",
        "id_sub_giat": 60666,
        "kode_sub_giat": "7.01.01.2.09.0006",
        "nama_sub_giat": "Pemeliharaan Peralatan dan Mesin Lainnya",
        "pagu": 5000000,
        "pagu_indikatif": 5000000,
        "pagu_n_depan": 7075000,
        "kode_bl": "663.663.4451.18379",
        "kode_sbl": "663.663.4451.18379.60666",
        "urusan_locked": 0,
        "bidang_urusan_locked": 0,
        "program_locked": 0,
        "giat_locked": 0,
        "sub_giat_locked": 0,
        "kunci_bl": 1,
        "kunci_bl_rinci": 1,
        "id_output_bl": 57940,
        "satuan_output": "Unit",
        "tolak_ukur_output": "Jumlah Peralatan dan Mesin Lainnya yang Dipelihara ",
        "target_teks_output": "4 Unit",
        "satuan_capaian": null,
        "tolak_ukur_capaian": null,
        "target_teks_capaian": null,
        "satuan_sub": null,
        "tolok_ukur_sub": null,
        "target_sub_teks": null,
        "tolak_ukur_n": "Jumlah Peralatan dan Mesin Lainnya yang Dipelihara ",
        "target_teks_n": "4 Unit",
        "kode_dana": "1.2.01.08",
        "nama_dana": "Dana Alokasi Umum (DAU)",
        "lokasi_bl": "Kab. Bengkulu Utara, Air Napal, Semua Kel/Desa",
        "id_label_pusat": 0,
        "label_pusat": null,
        "id_label_prov": 395,
        "label_prov": "1. Percepatan Pengentasan Kemiskinan dan Peningkatan Kualitas SDM yang Berdaya Saing\t",
        "id_label_kokab": 5210,
        "label_kokab": "5. Inovasi dan Tata Kelola Pemerintahan",
        "kelompok_sasaran": null,
        "target_akhir_program_renstra": null,
        "target_min_1_program_renstra": null,
        "target_n_program_renstra": null,
        "target_akhir_giat_renstra": null,
        "target_min_1_giat_renstra": null,
        "target_n_giat_renstra": null,
        "target_akhir_sub_giat_renstra": " ",
        "target_min_1_sub_giat_renstra": " ",
        "target_n_sub_giat_renstra": " ",
        "total_pagu_indikatif_sub_skpd": 2349317034,
        "total_pagu_n_depan_sub_skpd": 2334789043,
        "total_pagu_indikatif_urusan": 2349317034,
        "total_pagu_n_depan_urusan": 2334789043,
        "total_pagu_indikatif_bidang_urusan": 2349317034,
        "total_pagu_n_depan_bidang_urusan": 2334789043,
        "total_pagu_indikatif_program": 2196317034,
        "total_pagu_n_depan_program": 2151489043,
        "total_pagu_indikatif_kegiatan": 207000000,
        "total_pagu_n_depan_kegiatan": 92375000,
        "total_pagu_indikatif": 2349317034,
        "total_pagu_n_depan": 2334789043
    },
    {
        "migrated_at": null,
        "id_sub_bl": 60209,
        "id_daerah": 473,
        "tahun": 2026,
        "id_unit": 663,
        "id_skpd": 663,
        "created_user": 262924,
        "kode_skpd": "7.01.0.00.0.00.04.0000",
        "nama_skpd": "Kecamatan Air Napal",
        "id_urusan": 17,
        "kode_urusan": "7",
        "nama_urusan": "UNSUR KEWILAYAHAN",
        "id_bidang_urusan": 243,
        "kode_bidang_urusan": "7.01",
        "nama_bidang_urusan": "KECAMATAN",
        "id_sub_skpd": 663,
        "kode_sub_skpd": "7.01.0.00.0.00.04.0000",
        "nama_sub_skpd": "Kecamatan Air Napal",
        "id_program": 4451,
        "kode_program": "7.01.01",
        "nama_program": "PROGRAM PENUNJANG URUSAN PEMERINTAHAN DAERAH KABUPATEN/KOTA",
        "outcome": "[ Terselenggaranya Penunjang urusan Pemerintahan Daerah Kecamatan Air Napal ]",
        "indikator_outcome": "Persentase pemenuhan kebutuhan penunjang Perangkat Daerah (%)",
        "target_akhir": "100",
        "realisasi_capaian": "100",
        "prakiraan": "100",
        "target_maju_1": "100",
        "urai_output": "Pemenuhan Pemeliharaan Barang Milik Daerah",
        "id_giat": 18379,
        "kode_giat": "7.01.01.2.09",
        "nama_giat": "Pemeliharaan Barang Milik Daerah Penunjang Urusan Pemerintahan Daerah",
        "id_sub_giat": 60669,
        "kode_sub_giat": "7.01.01.2.09.0009",
        "nama_sub_giat": "Pemeliharaan/Rehabilitasi Gedung Kantor dan Bangunan Lainnya",
        "pagu": 180000000,
        "pagu_indikatif": 180000000,
        "pagu_n_depan": 60000000,
        "kode_bl": "663.663.4451.18379",
        "kode_sbl": "663.663.4451.18379.60669",
        "urusan_locked": 0,
        "bidang_urusan_locked": 0,
        "program_locked": 0,
        "giat_locked": 0,
        "sub_giat_locked": 0,
        "kunci_bl": 1,
        "kunci_bl_rinci": 1,
        "id_output_bl": 57919,
        "satuan_output": "Unit",
        "tolak_ukur_output": "Jumlah Gedung Kantor dan Bangunan Lainnya yang Dipelihara/Direhabilitasi",
        "target_teks_output": "1 Unit",
        "satuan_capaian": null,
        "tolak_ukur_capaian": null,
        "target_teks_capaian": null,
        "satuan_sub": null,
        "tolok_ukur_sub": null,
        "target_sub_teks": null,
        "tolak_ukur_n": "Jumlah Gedung Kantor dan Bangunan Lainnya yang Dipelihara/Direhabilitasi",
        "target_teks_n": "1 Unit",
        "kode_dana": "1.2.01.08",
        "nama_dana": "Dana Alokasi Umum (DAU)",
        "lokasi_bl": "Kab. Bengkulu Utara, Air Napal, Semua Kel/Desa",
        "id_label_pusat": 0,
        "label_pusat": null,
        "id_label_prov": 395,
        "label_prov": "1. Percepatan Pengentasan Kemiskinan dan Peningkatan Kualitas SDM yang Berdaya Saing\t",
        "id_label_kokab": 5210,
        "label_kokab": "5. Inovasi dan Tata Kelola Pemerintahan",
        "kelompok_sasaran": null,
        "target_akhir_program_renstra": null,
        "target_min_1_program_renstra": null,
        "target_n_program_renstra": null,
        "target_akhir_giat_renstra": null,
        "target_min_1_giat_renstra": null,
        "target_n_giat_renstra": null,
        "target_akhir_sub_giat_renstra": " ",
        "target_min_1_sub_giat_renstra": " ",
        "target_n_sub_giat_renstra": " ",
        "total_pagu_indikatif_sub_skpd": 2349317034,
        "total_pagu_n_depan_sub_skpd": 2334789043,
        "total_pagu_indikatif_urusan": 2349317034,
        "total_pagu_n_depan_urusan": 2334789043,
        "total_pagu_indikatif_bidang_urusan": 2349317034,
        "total_pagu_n_depan_bidang_urusan": 2334789043,
        "total_pagu_indikatif_program": 2196317034,
        "total_pagu_n_depan_program": 2151489043,
        "total_pagu_indikatif_kegiatan": 207000000,
        "total_pagu_n_depan_kegiatan": 92375000,
        "total_pagu_indikatif": 2349317034,
        "total_pagu_n_depan": 2334789043
    },
    {
        "migrated_at": null,
        "id_sub_bl": 60208,
        "id_daerah": 473,
        "tahun": 2026,
        "id_unit": 663,
        "id_skpd": 663,
        "created_user": 262924,
        "kode_skpd": "7.01.0.00.0.00.04.0000",
        "nama_skpd": "Kecamatan Air Napal",
        "id_urusan": 17,
        "kode_urusan": "7",
        "nama_urusan": "UNSUR KEWILAYAHAN",
        "id_bidang_urusan": 243,
        "kode_bidang_urusan": "7.01",
        "nama_bidang_urusan": "KECAMATAN",
        "id_sub_skpd": 663,
        "kode_sub_skpd": "7.01.0.00.0.00.04.0000",
        "nama_sub_skpd": "Kecamatan Air Napal",
        "id_program": 4418,
        "kode_program": "7.01.03",
        "nama_program": "PROGRAM PEMBERDAYAAN MASYARAKAT DESA DAN KELURAHAN",
        "outcome": "[ Terselenggaranya Program Pemberdayaan Masyarakat Desa dan Kelurahan Kecamatan Air Napal ]",
        "indikator_outcome": "Persentase Pemberdayaan Masyarakat Desa dan Kelurahan",
        "target_akhir": "100",
        "realisasi_capaian": "100",
        "prakiraan": "100",
        "target_maju_1": "100",
        "urai_output": "Terpenuhinya Kegiatan Pemberdayaan Masyarakat Desa Kecamatan Air Napal",
        "id_giat": 18279,
        "kode_giat": "7.01.03.2.01",
        "nama_giat": "Koordinasi Kegiatan Pemberdayaan Desa",
        "id_sub_giat": 59913,
        "kode_sub_giat": "7.01.03.2.01.0001",
        "nama_sub_giat": "Peningkatan Partisipasi Masyarakat dalam Forum Musyawarah Perencanaan Pembangunan di Desa",
        "pagu": 20000000,
        "pagu_indikatif": 20000000,
        "pagu_n_depan": 20300000,
        "kode_bl": "663.663.4418.18279",
        "kode_sbl": "663.663.4418.18279.59913",
        "urusan_locked": 0,
        "bidang_urusan_locked": 0,
        "program_locked": 0,
        "giat_locked": 0,
        "sub_giat_locked": 0,
        "kunci_bl": 1,
        "kunci_bl_rinci": 1,
        "id_output_bl": 57918,
        "satuan_output": "Lembaga Kemasyarakatan",
        "tolak_ukur_output": "Jumlah Lembaga Kemasyarakatan yang Berpartisipasi dalam Forum Musyawarah Perencanaan Pembangunan di Desa ",
        "target_teks_output": "5 Lembaga Kemasyarakatan",
        "satuan_capaian": null,
        "tolak_ukur_capaian": null,
        "target_teks_capaian": null,
        "satuan_sub": null,
        "tolok_ukur_sub": null,
        "target_sub_teks": null,
        "tolak_ukur_n": "Jumlah Lembaga Kemasyarakatan yang Berpartisipasi dalam Forum Musyawarah Perencanaan Pembangunan di Desa ",
        "target_teks_n": "5 Lembaga Kemasyarakatan",
        "kode_dana": "1.2.01.08",
        "nama_dana": "Dana Alokasi Umum (DAU)",
        "lokasi_bl": "Kab. Bengkulu Utara, Air Napal, Semua Kel/Desa",
        "id_label_pusat": 0,
        "label_pusat": null,
        "id_label_prov": 395,
        "label_prov": "1. Percepatan Pengentasan Kemiskinan dan Peningkatan Kualitas SDM yang Berdaya Saing\t",
        "id_label_kokab": 5210,
        "label_kokab": "5. Inovasi dan Tata Kelola Pemerintahan",
        "kelompok_sasaran": null,
        "target_akhir_program_renstra": null,
        "target_min_1_program_renstra": null,
        "target_n_program_renstra": null,
        "target_akhir_giat_renstra": null,
        "target_min_1_giat_renstra": null,
        "target_n_giat_renstra": null,
        "target_akhir_sub_giat_renstra": " ",
        "target_min_1_sub_giat_renstra": " ",
        "target_n_sub_giat_renstra": " ",
        "total_pagu_indikatif_sub_skpd": 2349317034,
        "total_pagu_n_depan_sub_skpd": 2334789043,
        "total_pagu_indikatif_urusan": 2349317034,
        "total_pagu_n_depan_urusan": 2334789043,
        "total_pagu_indikatif_bidang_urusan": 2349317034,
        "total_pagu_n_depan_bidang_urusan": 2334789043,
        "total_pagu_indikatif_program": 20000000,
        "total_pagu_n_depan_program": 20300000,
        "total_pagu_indikatif_kegiatan": 20000000,
        "total_pagu_n_depan_kegiatan": 20300000,
        "total_pagu_indikatif": 2349317034,
        "total_pagu_n_depan": 2334789043
    },
    {
        "migrated_at": null,
        "id_sub_bl": 60207,
        "id_daerah": 473,
        "tahun": 2026,
        "id_unit": 663,
        "id_skpd": 663,
        "created_user": 262924,
        "kode_skpd": "7.01.0.00.0.00.04.0000",
        "nama_skpd": "Kecamatan Air Napal",
        "id_urusan": 17,
        "kode_urusan": "7",
        "nama_urusan": "UNSUR KEWILAYAHAN",
        "id_bidang_urusan": 243,
        "kode_bidang_urusan": "7.01",
        "nama_bidang_urusan": "KECAMATAN",
        "id_sub_skpd": 663,
        "kode_sub_skpd": "7.01.0.00.0.00.04.0000",
        "nama_sub_skpd": "Kecamatan Air Napal",
        "id_program": 4423,
        "kode_program": "7.01.06",
        "nama_program": "PROGRAM PEMBINAAN DAN PENGAWASAN PEMERINTAHAN DESA",
        "outcome": "[ Terselenggaranya Program Pembinaan dan Pengawasan Pemerintahan Desa Kecamatan Air Napal ]",
        "indikator_outcome": "Persentase Tingkat Pembinaan dan Pengawasan Desa",
        "target_akhir": "100",
        "realisasi_capaian": "100",
        "prakiraan": "100",
        "target_maju_1": "100",
        "urai_output": "Terpenuhinya Kegiatan Fasilitasi, Rekomendasi dan Koordinasi Pembinaan dan Pengawasan Pemerintahan Desa  Kecamatan Ai Napal",
        "id_giat": 18290,
        "kode_giat": "7.01.06.2.01",
        "nama_giat": "Fasilitasi, Rekomendasi dan Koordinasi\n\nPembinaan dan Pengawasan Pemerintahan Desa",
        "id_sub_giat": 59975,
        "kode_sub_giat": "7.01.06.2.01.0016",
        "nama_sub_giat": "Fasilitasi Penyusunan Program dan Pelaksanaan Pemberdayaan Masyarakat Desa",
        "pagu": 133000000,
        "pagu_indikatif": 133000000,
        "pagu_n_depan": 163000000,
        "kode_bl": "663.663.4423.18290",
        "kode_sbl": "663.663.4423.18290.59975",
        "urusan_locked": 0,
        "bidang_urusan_locked": 0,
        "program_locked": 0,
        "giat_locked": 0,
        "sub_giat_locked": 0,
        "kunci_bl": 1,
        "kunci_bl_rinci": 1,
        "id_output_bl": 57917,
        "satuan_output": "Dokumen",
        "tolak_ukur_output": "Jumlah Dokumen Fasilitasi dalam rangka Program dan Pelaksanaan Pemberdayaan Masyarakat Desa",
        "target_teks_output": "1 Dokumen",
        "satuan_capaian": null,
        "tolak_ukur_capaian": null,
        "target_teks_capaian": null,
        "satuan_sub": null,
        "tolok_ukur_sub": null,
        "target_sub_teks": null,
        "tolak_ukur_n": "Jumlah Dokumen Fasilitasi dalam rangka Program dan Pelaksanaan Pemberdayaan Masyarakat Desa",
        "target_teks_n": "1 Dokumen",
        "kode_dana": "1.2.01.08",
        "nama_dana": "Dana Alokasi Umum (DAU)",
        "lokasi_bl": "Kab. Bengkulu Utara, Air Napal, Semua Kel/Desa",
        "id_label_pusat": 0,
        "label_pusat": null,
        "id_label_prov": 395,
        "label_prov": "1. Percepatan Pengentasan Kemiskinan dan Peningkatan Kualitas SDM yang Berdaya Saing\t",
        "id_label_kokab": 5210,
        "label_kokab": "5. Inovasi dan Tata Kelola Pemerintahan",
        "kelompok_sasaran": null,
        "target_akhir_program_renstra": null,
        "target_min_1_program_renstra": null,
        "target_n_program_renstra": null,
        "target_akhir_giat_renstra": null,
        "target_min_1_giat_renstra": null,
        "target_n_giat_renstra": null,
        "target_akhir_sub_giat_renstra": " ",
        "target_min_1_sub_giat_renstra": " ",
        "target_n_sub_giat_renstra": " ",
        "total_pagu_indikatif_sub_skpd": 2349317034,
        "total_pagu_n_depan_sub_skpd": 2334789043,
        "total_pagu_indikatif_urusan": 2349317034,
        "total_pagu_n_depan_urusan": 2334789043,
        "total_pagu_indikatif_bidang_urusan": 2349317034,
        "total_pagu_n_depan_bidang_urusan": 2334789043,
        "total_pagu_indikatif_program": 133000000,
        "total_pagu_n_depan_program": 163000000,
        "total_pagu_indikatif_kegiatan": 133000000,
        "total_pagu_n_depan_kegiatan": 163000000,
        "total_pagu_indikatif": 2349317034,
        "total_pagu_n_depan": 2334789043
    }
]