[
    {
        "migrated_at": null,
        "id_sub_bl": 62916,
        "id_daerah": 473,
        "tahun": 2026,
        "id_unit": 717,
        "id_skpd": 717,
        "created_user": 1688,
        "kode_skpd": "7.01.0.00.0.00.19.0000",
        "nama_skpd": "Kecamatan Ulok Kupai",
        "id_urusan": 17,
        "kode_urusan": "7",
        "nama_urusan": "UNSUR KEWILAYAHAN",
        "id_bidang_urusan": 243,
        "kode_bidang_urusan": "7.01",
        "nama_bidang_urusan": "KECAMATAN",
        "id_sub_skpd": 717,
        "kode_sub_skpd": "7.01.0.00.0.00.19.0000",
        "nama_sub_skpd": "Kecamatan Ulok Kupai",
        "id_program": 4451,
        "kode_program": "7.01.01",
        "nama_program": "PROGRAM PENUNJANG URUSAN PEMERINTAHAN DAERAH KABUPATEN/KOTA",
        "outcome": "[ Terselenggaranya Penunjang urusan Pemerintahan Daerah Kecamatan Ulok Kupai ]",
        "indikator_outcome": "Persentase pemenuhan kebutuhan penunjang Perangkat Daerah (%)",
        "target_akhir": "100",
        "realisasi_capaian": "100",
        "prakiraan": "100",
        "target_maju_1": "100",
        "urai_output": "Pemenuhan Dokumen perencanaan, penganggaran dan evaluasi Perangkat Daerah",
        "id_giat": 18371,
        "kode_giat": "7.01.01.2.01",
        "nama_giat": "Perencanaan, Penganggaran, dan Evaluasi Kinerja Perangkat Daerah",
        "id_sub_giat": 60589,
        "kode_sub_giat": "7.01.01.2.01.0001",
        "nama_sub_giat": "Penyusunan Dokumen Perencanaan Perangkat Daerah",
        "pagu": 28600000,
        "pagu_indikatif": 28600000,
        "pagu_n_depan": 23000000,
        "kode_bl": "717.717.4451.18371",
        "kode_sbl": "717.717.4451.18371.60589",
        "urusan_locked": 0,
        "bidang_urusan_locked": 0,
        "program_locked": 0,
        "giat_locked": 0,
        "sub_giat_locked": 0,
        "kunci_bl": 1,
        "kunci_bl_rinci": 1,
        "id_output_bl": 60626,
        "satuan_output": "Dokumen",
        "tolak_ukur_output": "Jumlah Dokumen Perencanaan Perangkat Daerah ",
        "target_teks_output": "1 Dokumen",
        "satuan_capaian": null,
        "tolak_ukur_capaian": null,
        "target_teks_capaian": null,
        "satuan_sub": null,
        "tolok_ukur_sub": null,
        "target_sub_teks": null,
        "tolak_ukur_n": "Jumlah Dokumen Perencanaan Perangkat Daerah ",
        "target_teks_n": "1 Dokumen",
        "kode_dana": "1.2.01.08",
        "nama_dana": "Dana Alokasi Umum (DAU)",
        "lokasi_bl": "Kab. Bengkulu Utara, Ulok Kupai, Semua Kel/Desa",
        "id_label_pusat": 0,
        "label_pusat": null,
        "id_label_prov": 398,
        "label_prov": "4. Inovasi dan Tata Kelola Pemerintahan",
        "id_label_kokab": 0,
        "label_kokab": null,
        "kelompok_sasaran": null,
        "target_akhir_program_renstra": null,
        "target_min_1_program_renstra": null,
        "target_n_program_renstra": null,
        "target_akhir_giat_renstra": null,
        "target_min_1_giat_renstra": null,
        "target_n_giat_renstra": null,
        "target_akhir_sub_giat_renstra": " ",
        "target_min_1_sub_giat_renstra": " ",
        "target_n_sub_giat_renstra": " ",
        "total_pagu_indikatif_sub_skpd": 1623670753,
        "total_pagu_n_depan_sub_skpd": 1653705218,
        "total_pagu_indikatif_urusan": 1620063826,
        "total_pagu_n_depan_urusan": 1650044187,
        "total_pagu_indikatif_bidang_urusan": 1620063826,
        "total_pagu_n_depan_bidang_urusan": 1650044187,
        "total_pagu_indikatif_program": 1445422920,
        "total_pagu_n_depan_program": 1492444187,
        "total_pagu_indikatif_kegiatan": 46416117,
        "total_pagu_n_depan_kegiatan": 40103390,
        "total_pagu_indikatif": 1623670753,
        "total_pagu_n_depan": 1653705218
    },
    {
        "migrated_at": null,
        "id_sub_bl": 62919,
        "id_daerah": 473,
        "tahun": 2026,
        "id_unit": 717,
        "id_skpd": 717,
        "created_user": 1688,
        "kode_skpd": "7.01.0.00.0.00.19.0000",
        "nama_skpd": "Kecamatan Ulok Kupai",
        "id_urusan": 17,
        "kode_urusan": "7",
        "nama_urusan": "UNSUR KEWILAYAHAN",
        "id_bidang_urusan": 243,
        "kode_bidang_urusan": "7.01",
        "nama_bidang_urusan": "KECAMATAN",
        "id_sub_skpd": 717,
        "kode_sub_skpd": "7.01.0.00.0.00.19.0000",
        "nama_sub_skpd": "Kecamatan Ulok Kupai",
        "id_program": 4451,
        "kode_program": "7.01.01",
        "nama_program": "PROGRAM PENUNJANG URUSAN PEMERINTAHAN DAERAH KABUPATEN/KOTA",
        "outcome": "[ Terselenggaranya Penunjang urusan Pemerintahan Daerah Kecamatan Ulok Kupai ]",
        "indikator_outcome": "Persentase pemenuhan kebutuhan penunjang Perangkat Daerah (%)",
        "target_akhir": "100",
        "realisasi_capaian": "100",
        "prakiraan": "100",
        "target_maju_1": "100",
        "urai_output": "Pemenuhan Dokumen perencanaan, penganggaran dan evaluasi Perangkat Daerah",
        "id_giat": 18371,
        "kode_giat": "7.01.01.2.01",
        "nama_giat": "Perencanaan, Penganggaran, dan Evaluasi Kinerja Perangkat Daerah",
        "id_sub_giat": 60590,
        "kode_sub_giat": "7.01.01.2.01.0002",
        "nama_sub_giat": "Koordinasi dan Penyusunan Dokumen RKA-SKPD",
        "pagu": 4583609,
        "pagu_indikatif": 4583609,
        "pagu_n_depan": 4583609,
        "kode_bl": "717.717.4451.18371",
        "kode_sbl": "717.717.4451.18371.60590",
        "urusan_locked": 0,
        "bidang_urusan_locked": 0,
        "program_locked": 0,
        "giat_locked": 0,
        "sub_giat_locked": 0,
        "kunci_bl": 1,
        "kunci_bl_rinci": 1,
        "id_output_bl": 60629,
        "satuan_output": "Dokumen",
        "tolak_ukur_output": "Jumlah Dokumen RKA-SKPD dan Laporan Hasil Koordinasi Penyusunan Dokumen RKA-SKPD",
        "target_teks_output": "2 Dokumen",
        "satuan_capaian": null,
        "tolak_ukur_capaian": null,
        "target_teks_capaian": null,
        "satuan_sub": null,
        "tolok_ukur_sub": null,
        "target_sub_teks": null,
        "tolak_ukur_n": "Jumlah Dokumen RKA-SKPD dan Laporan Hasil Koordinasi Penyusunan Dokumen RKA-SKPD",
        "target_teks_n": "2 Dokumen",
        "kode_dana": "1.2.01.08",
        "nama_dana": "Dana Alokasi Umum (DAU)",
        "lokasi_bl": "Kab. Bengkulu Utara, Semua Kecamatan, Semua Kel/Desa\nKab. Bengkulu Utara, Ulok Kupai, Semua Kel/Desa",
        "id_label_pusat": 0,
        "label_pusat": null,
        "id_label_prov": 398,
        "label_prov": "4. Inovasi dan Tata Kelola Pemerintahan",
        "id_label_kokab": 0,
        "label_kokab": null,
        "kelompok_sasaran": null,
        "target_akhir_program_renstra": null,
        "target_min_1_program_renstra": null,
        "target_n_program_renstra": null,
        "target_akhir_giat_renstra": null,
        "target_min_1_giat_renstra": null,
        "target_n_giat_renstra": null,
        "target_akhir_sub_giat_renstra": " ",
        "target_min_1_sub_giat_renstra": " ",
        "target_n_sub_giat_renstra": " ",
        "total_pagu_indikatif_sub_skpd": 1623670753,
        "total_pagu_n_depan_sub_skpd": 1653705218,
        "total_pagu_indikatif_urusan": 1620063826,
        "total_pagu_n_depan_urusan": 1650044187,
        "total_pagu_indikatif_bidang_urusan": 1620063826,
        "total_pagu_n_depan_bidang_urusan": 1650044187,
        "total_pagu_indikatif_program": 1445422920,
        "total_pagu_n_depan_program": 1492444187,
        "total_pagu_indikatif_kegiatan": 46416117,
        "total_pagu_n_depan_kegiatan": 40103390,
        "total_pagu_indikatif": 1623670753,
        "total_pagu_n_depan": 1653705218
    },
    {
        "migrated_at": null,
        "id_sub_bl": 62922,
        "id_daerah": 473,
        "tahun": 2026,
        "id_unit": 717,
        "id_skpd": 717,
        "created_user": 1688,
        "kode_skpd": "7.01.0.00.0.00.19.0000",
        "nama_skpd": "Kecamatan Ulok Kupai",
        "id_urusan": 17,
        "kode_urusan": "7",
        "nama_urusan": "UNSUR KEWILAYAHAN",
        "id_bidang_urusan": 243,
        "kode_bidang_urusan": "7.01",
        "nama_bidang_urusan": "KECAMATAN",
        "id_sub_skpd": 717,
        "kode_sub_skpd": "7.01.0.00.0.00.19.0000",
        "nama_sub_skpd": "Kecamatan Ulok Kupai",
        "id_program": 4451,
        "kode_program": "7.01.01",
        "nama_program": "PROGRAM PENUNJANG URUSAN PEMERINTAHAN DAERAH KABUPATEN/KOTA",
        "outcome": "[ Terselenggaranya Penunjang urusan Pemerintahan Daerah Kecamatan Ulok Kupai ]",
        "indikator_outcome": "Persentase pemenuhan kebutuhan penunjang Perangkat Daerah (%)",
        "target_akhir": "100",
        "realisasi_capaian": "100",
        "prakiraan": "100",
        "target_maju_1": "100",
        "urai_output": "Pemenuhan Dokumen perencanaan, penganggaran dan evaluasi Perangkat Daerah",
        "id_giat": 18371,
        "kode_giat": "7.01.01.2.01",
        "nama_giat": "Perencanaan, Penganggaran, dan Evaluasi Kinerja Perangkat Daerah",
        "id_sub_giat": 60592,
        "kode_sub_giat": "7.01.01.2.01.0004",
        "nama_sub_giat": "Koordinasi dan Penyusunan DPA-SKPD",
        "pagu": 5296336,
        "pagu_indikatif": 5296336,
        "pagu_n_depan": 4583609,
        "kode_bl": "717.717.4451.18371",
        "kode_sbl": "717.717.4451.18371.60592",
        "urusan_locked": 0,
        "bidang_urusan_locked": 0,
        "program_locked": 0,
        "giat_locked": 0,
        "sub_giat_locked": 0,
        "kunci_bl": 1,
        "kunci_bl_rinci": 1,
        "id_output_bl": 60632,
        "satuan_output": "Dokumen",
        "tolak_ukur_output": "Jumlah Dokumen DPA-SKPD dan Laporan Hasil Koordinasi Penyusunan Dokumen DPA-SKPD",
        "target_teks_output": "2 Dokumen",
        "satuan_capaian": null,
        "tolak_ukur_capaian": null,
        "target_teks_capaian": null,
        "satuan_sub": null,
        "tolok_ukur_sub": null,
        "target_sub_teks": null,
        "tolak_ukur_n": "Jumlah Dokumen DPA-SKPD dan Laporan Hasil Koordinasi Penyusunan Dokumen DPA-SKPD",
        "target_teks_n": "2 Dokumen",
        "kode_dana": "1.2.01.08",
        "nama_dana": "Dana Alokasi Umum (DAU)",
        "lokasi_bl": "Kab. Bengkulu Utara, Ulok Kupai, Semua Kel/Desa",
        "id_label_pusat": 0,
        "label_pusat": null,
        "id_label_prov": 398,
        "label_prov": "4. Inovasi dan Tata Kelola Pemerintahan",
        "id_label_kokab": 0,
        "label_kokab": null,
        "kelompok_sasaran": null,
        "target_akhir_program_renstra": null,
        "target_min_1_program_renstra": null,
        "target_n_program_renstra": null,
        "target_akhir_giat_renstra": null,
        "target_min_1_giat_renstra": null,
        "target_n_giat_renstra": null,
        "target_akhir_sub_giat_renstra": " ",
        "target_min_1_sub_giat_renstra": " ",
        "target_n_sub_giat_renstra": " ",
        "total_pagu_indikatif_sub_skpd": 1623670753,
        "total_pagu_n_depan_sub_skpd": 1653705218,
        "total_pagu_indikatif_urusan": 1620063826,
        "total_pagu_n_depan_urusan": 1650044187,
        "total_pagu_indikatif_bidang_urusan": 1620063826,
        "total_pagu_n_depan_bidang_urusan": 1650044187,
        "total_pagu_indikatif_program": 1445422920,
        "total_pagu_n_depan_program": 1492444187,
        "total_pagu_indikatif_kegiatan": 46416117,
        "total_pagu_n_depan_kegiatan": 40103390,
        "total_pagu_indikatif": 1623670753,
        "total_pagu_n_depan": 1653705218
    },
    {
        "migrated_at": null,
        "id_sub_bl": 62924,
        "id_daerah": 473,
        "tahun": 2026,
        "id_unit": 717,
        "id_skpd": 717,
        "created_user": 1688,
        "kode_skpd": "7.01.0.00.0.00.19.0000",
        "nama_skpd": "Kecamatan Ulok Kupai",
        "id_urusan": 17,
        "kode_urusan": "7",
        "nama_urusan": "UNSUR KEWILAYAHAN",
        "id_bidang_urusan": 243,
        "kode_bidang_urusan": "7.01",
        "nama_bidang_urusan": "KECAMATAN",
        "id_sub_skpd": 717,
        "kode_sub_skpd": "7.01.0.00.0.00.19.0000",
        "nama_sub_skpd": "Kecamatan Ulok Kupai",
        "id_program": 4451,
        "kode_program": "7.01.01",
        "nama_program": "PROGRAM PENUNJANG URUSAN PEMERINTAHAN DAERAH KABUPATEN/KOTA",
        "outcome": "[ Terselenggaranya Penunjang urusan Pemerintahan Daerah Kecamatan Ulok Kupai ]",
        "indikator_outcome": "Persentase pemenuhan kebutuhan penunjang Perangkat Daerah (%)",
        "target_akhir": "100",
        "realisasi_capaian": "100",
        "prakiraan": "100",
        "target_maju_1": "100",
        "urai_output": "Pemenuhan Dokumen perencanaan, penganggaran dan evaluasi Perangkat Daerah",
        "id_giat": 18371,
        "kode_giat": "7.01.01.2.01",
        "nama_giat": "Perencanaan, Penganggaran, dan Evaluasi Kinerja Perangkat Daerah",
        "id_sub_giat": 60594,
        "kode_sub_giat": "7.01.01.2.01.0006",
        "nama_sub_giat": "Koordinasi dan Penyusunan Laporan Capaian Kinerja dan Ikhtisar Realisasi Kinerja SKPD",
        "pagu": 3954436,
        "pagu_indikatif": 3954436,
        "pagu_n_depan": 3954436,
        "kode_bl": "717.717.4451.18371",
        "kode_sbl": "717.717.4451.18371.60594",
        "urusan_locked": 0,
        "bidang_urusan_locked": 0,
        "program_locked": 0,
        "giat_locked": 0,
        "sub_giat_locked": 0,
        "kunci_bl": 1,
        "kunci_bl_rinci": 1,
        "id_output_bl": 60634,
        "satuan_output": "Laporan",
        "tolak_ukur_output": "Jumlah Laporan Capaian Kinerja dan Ikhtisar Realisasi Kinerja SKPD dan Laporan Hasil Koordinasi Penyusunan Laporan Capaian Kinerja dan Ikhtisar Realisasi Kinerja SKPD",
        "target_teks_output": "1 Laporan",
        "satuan_capaian": null,
        "tolak_ukur_capaian": null,
        "target_teks_capaian": null,
        "satuan_sub": null,
        "tolok_ukur_sub": null,
        "target_sub_teks": null,
        "tolak_ukur_n": "Jumlah Laporan Capaian Kinerja dan Ikhtisar Realisasi Kinerja SKPD dan Laporan Hasil Koordinasi Penyusunan Laporan Capaian Kinerja dan Ikhtisar Realisasi Kinerja SKPD",
        "target_teks_n": "1 Laporan",
        "kode_dana": "1.2.01.08",
        "nama_dana": "Dana Alokasi Umum (DAU)",
        "lokasi_bl": "Kab. Bengkulu Utara, Ulok Kupai, Semua Kel/Desa",
        "id_label_pusat": 0,
        "label_pusat": null,
        "id_label_prov": 398,
        "label_prov": "4. Inovasi dan Tata Kelola Pemerintahan",
        "id_label_kokab": 0,
        "label_kokab": null,
        "kelompok_sasaran": null,
        "target_akhir_program_renstra": null,
        "target_min_1_program_renstra": null,
        "target_n_program_renstra": null,
        "target_akhir_giat_renstra": null,
        "target_min_1_giat_renstra": null,
        "target_n_giat_renstra": null,
        "target_akhir_sub_giat_renstra": " ",
        "target_min_1_sub_giat_renstra": " ",
        "target_n_sub_giat_renstra": " ",
        "total_pagu_indikatif_sub_skpd": 1623670753,
        "total_pagu_n_depan_sub_skpd": 1653705218,
        "total_pagu_indikatif_urusan": 1620063826,
        "total_pagu_n_depan_urusan": 1650044187,
        "total_pagu_indikatif_bidang_urusan": 1620063826,
        "total_pagu_n_depan_bidang_urusan": 1650044187,
        "total_pagu_indikatif_program": 1445422920,
        "total_pagu_n_depan_program": 1492444187,
        "total_pagu_indikatif_kegiatan": 46416117,
        "total_pagu_n_depan_kegiatan": 40103390,
        "total_pagu_indikatif": 1623670753,
        "total_pagu_n_depan": 1653705218
    },
    {
        "migrated_at": null,
        "id_sub_bl": 62926,
        "id_daerah": 473,
        "tahun": 2026,
        "id_unit": 717,
        "id_skpd": 717,
        "created_user": 1688,
        "kode_skpd": "7.01.0.00.0.00.19.0000",
        "nama_skpd": "Kecamatan Ulok Kupai",
        "id_urusan": 17,
        "kode_urusan": "7",
        "nama_urusan": "UNSUR KEWILAYAHAN",
        "id_bidang_urusan": 243,
        "kode_bidang_urusan": "7.01",
        "nama_bidang_urusan": "KECAMATAN",
        "id_sub_skpd": 717,
        "kode_sub_skpd": "7.01.0.00.0.00.19.0000",
        "nama_sub_skpd": "Kecamatan Ulok Kupai",
        "id_program": 4451,
        "kode_program": "7.01.01",
        "nama_program": "PROGRAM PENUNJANG URUSAN PEMERINTAHAN DAERAH KABUPATEN/KOTA",
        "outcome": "[ Terselenggaranya Penunjang urusan Pemerintahan Daerah Kecamatan Ulok Kupai ]",
        "indikator_outcome": "Persentase pemenuhan kebutuhan penunjang Perangkat Daerah (%)",
        "target_akhir": "100",
        "realisasi_capaian": "100",
        "prakiraan": "100",
        "target_maju_1": "100",
        "urai_output": "Pemenuhan Dokumen perencanaan, penganggaran dan evaluasi Perangkat Daerah",
        "id_giat": 18371,
        "kode_giat": "7.01.01.2.01",
        "nama_giat": "Perencanaan, Penganggaran, dan Evaluasi Kinerja Perangkat Daerah",
        "id_sub_giat": 60595,
        "kode_sub_giat": "7.01.01.2.01.0007",
        "nama_sub_giat": "Evaluasi Kinerja Perangkat Daerah",
        "pagu": 3981736,
        "pagu_indikatif": 3981736,
        "pagu_n_depan": 3981736,
        "kode_bl": "717.717.4451.18371",
        "kode_sbl": "717.717.4451.18371.60595",
        "urusan_locked": 0,
        "bidang_urusan_locked": 0,
        "program_locked": 0,
        "giat_locked": 0,
        "sub_giat_locked": 0,
        "kunci_bl": 1,
        "kunci_bl_rinci": 1,
        "id_output_bl": 60636,
        "satuan_output": "Laporan",
        "tolak_ukur_output": "Jumlah Laporan Evaluasi Kinerja Perangkat Daerah",
        "target_teks_output": "2 Laporan",
        "satuan_capaian": null,
        "tolak_ukur_capaian": null,
        "target_teks_capaian": null,
        "satuan_sub": null,
        "tolok_ukur_sub": null,
        "target_sub_teks": null,
        "tolak_ukur_n": "Jumlah Laporan Evaluasi Kinerja Perangkat Daerah",
        "target_teks_n": "2 Laporan",
        "kode_dana": "1.2.01.08",
        "nama_dana": "Dana Alokasi Umum (DAU)",
        "lokasi_bl": "Kab. Bengkulu Utara, Ulok Kupai, Semua Kel/Desa",
        "id_label_pusat": 0,
        "label_pusat": null,
        "id_label_prov": 398,
        "label_prov": "4. Inovasi dan Tata Kelola Pemerintahan",
        "id_label_kokab": 0,
        "label_kokab": null,
        "kelompok_sasaran": null,
        "target_akhir_program_renstra": null,
        "target_min_1_program_renstra": null,
        "target_n_program_renstra": null,
        "target_akhir_giat_renstra": null,
        "target_min_1_giat_renstra": null,
        "target_n_giat_renstra": null,
        "target_akhir_sub_giat_renstra": " ",
        "target_min_1_sub_giat_renstra": " ",
        "target_n_sub_giat_renstra": " ",
        "total_pagu_indikatif_sub_skpd": 1623670753,
        "total_pagu_n_depan_sub_skpd": 1653705218,
        "total_pagu_indikatif_urusan": 1620063826,
        "total_pagu_n_depan_urusan": 1650044187,
        "total_pagu_indikatif_bidang_urusan": 1620063826,
        "total_pagu_n_depan_bidang_urusan": 1650044187,
        "total_pagu_indikatif_program": 1445422920,
        "total_pagu_n_depan_program": 1492444187,
        "total_pagu_indikatif_kegiatan": 46416117,
        "total_pagu_n_depan_kegiatan": 40103390,
        "total_pagu_indikatif": 1623670753,
        "total_pagu_n_depan": 1653705218
    },
    {
        "migrated_at": null,
        "id_sub_bl": 62928,
        "id_daerah": 473,
        "tahun": 2026,
        "id_unit": 717,
        "id_skpd": 717,
        "created_user": 1688,
        "kode_skpd": "7.01.0.00.0.00.19.0000",
        "nama_skpd": "Kecamatan Ulok Kupai",
        "id_urusan": 17,
        "kode_urusan": "7",
        "nama_urusan": "UNSUR KEWILAYAHAN",
        "id_bidang_urusan": 243,
        "kode_bidang_urusan": "7.01",
        "nama_bidang_urusan": "KECAMATAN",
        "id_sub_skpd": 717,
        "kode_sub_skpd": "7.01.0.00.0.00.19.0000",
        "nama_sub_skpd": "Kecamatan Ulok Kupai",
        "id_program": 4451,
        "kode_program": "7.01.01",
        "nama_program": "PROGRAM PENUNJANG URUSAN PEMERINTAHAN DAERAH KABUPATEN/KOTA",
        "outcome": "[ Terselenggaranya Penunjang urusan Pemerintahan Daerah Kecamatan Ulok Kupai ]",
        "indikator_outcome": "Persentase pemenuhan kebutuhan penunjang Perangkat Daerah (%)",
        "target_akhir": "100",
        "realisasi_capaian": "100",
        "prakiraan": "100",
        "target_maju_1": "100",
        "urai_output": "pemenuhan administrasi keuangan Perangkat Daerah",
        "id_giat": 18372,
        "kode_giat": "7.01.01.2.02",
        "nama_giat": "Administrasi Keuangan Perangkat Daerah",
        "id_sub_giat": 60602,
        "kode_sub_giat": "7.01.01.2.02.0001",
        "nama_sub_giat": "Penyediaan Gaji dan Tunjangan ASN",
        "pagu": 1018335174,
        "pagu_indikatif": 1018335174,
        "pagu_n_depan": 1069251932,
        "kode_bl": "717.717.4451.18372",
        "kode_sbl": "717.717.4451.18372.60602",
        "urusan_locked": 0,
        "bidang_urusan_locked": 0,
        "program_locked": 0,
        "giat_locked": 0,
        "sub_giat_locked": 0,
        "kunci_bl": 1,
        "kunci_bl_rinci": 1,
        "id_output_bl": 60638,
        "satuan_output": "Orang/bulan",
        "tolak_ukur_output": "Jumlah Orang yang Menerima Gaji dan Tunjangan ASN",
        "target_teks_output": "13 Orang/bulan",
        "satuan_capaian": null,
        "tolak_ukur_capaian": null,
        "target_teks_capaian": null,
        "satuan_sub": null,
        "tolok_ukur_sub": null,
        "target_sub_teks": null,
        "tolak_ukur_n": "Jumlah Orang yang Menerima Gaji dan Tunjangan ASN",
        "target_teks_n": "13 Orang/bulan",
        "kode_dana": "1.2.01.08",
        "nama_dana": "Dana Alokasi Umum (DAU)",
        "lokasi_bl": "Kab. Bengkulu Utara, Ulok Kupai, Semua Kel/Desa",
        "id_label_pusat": 0,
        "label_pusat": null,
        "id_label_prov": 398,
        "label_prov": "4. Inovasi dan Tata Kelola Pemerintahan",
        "id_label_kokab": 0,
        "label_kokab": null,
        "kelompok_sasaran": null,
        "target_akhir_program_renstra": null,
        "target_min_1_program_renstra": null,
        "target_n_program_renstra": null,
        "target_akhir_giat_renstra": null,
        "target_min_1_giat_renstra": null,
        "target_n_giat_renstra": null,
        "target_akhir_sub_giat_renstra": " ",
        "target_min_1_sub_giat_renstra": " ",
        "target_n_sub_giat_renstra": " ",
        "total_pagu_indikatif_sub_skpd": 1623670753,
        "total_pagu_n_depan_sub_skpd": 1653705218,
        "total_pagu_indikatif_urusan": 1620063826,
        "total_pagu_n_depan_urusan": 1650044187,
        "total_pagu_indikatif_bidang_urusan": 1620063826,
        "total_pagu_n_depan_bidang_urusan": 1650044187,
        "total_pagu_indikatif_program": 1445422920,
        "total_pagu_n_depan_program": 1492444187,
        "total_pagu_indikatif_kegiatan": 1093631901,
        "total_pagu_n_depan_kegiatan": 1149751732,
        "total_pagu_indikatif": 1623670753,
        "total_pagu_n_depan": 1653705218
    },
    {
        "migrated_at": null,
        "id_sub_bl": 62929,
        "id_daerah": 473,
        "tahun": 2026,
        "id_unit": 717,
        "id_skpd": 717,
        "created_user": 1688,
        "kode_skpd": "7.01.0.00.0.00.19.0000",
        "nama_skpd": "Kecamatan Ulok Kupai",
        "id_urusan": 17,
        "kode_urusan": "7",
        "nama_urusan": "UNSUR KEWILAYAHAN",
        "id_bidang_urusan": 243,
        "kode_bidang_urusan": "7.01",
        "nama_bidang_urusan": "KECAMATAN",
        "id_sub_skpd": 717,
        "kode_sub_skpd": "7.01.0.00.0.00.19.0000",
        "nama_sub_skpd": "Kecamatan Ulok Kupai",
        "id_program": 4451,
        "kode_program": "7.01.01",
        "nama_program": "PROGRAM PENUNJANG URUSAN PEMERINTAHAN DAERAH KABUPATEN/KOTA",
        "outcome": "[ Terselenggaranya Penunjang urusan Pemerintahan Daerah Kecamatan Ulok Kupai ]",
        "indikator_outcome": "Persentase pemenuhan kebutuhan penunjang Perangkat Daerah (%)",
        "target_akhir": "100",
        "realisasi_capaian": "100",
        "prakiraan": "100",
        "target_maju_1": "100",
        "urai_output": "pemenuhan administrasi keuangan Perangkat Daerah",
        "id_giat": 18372,
        "kode_giat": "7.01.01.2.02",
        "nama_giat": "Administrasi Keuangan Perangkat Daerah",
        "id_sub_giat": 60604,
        "kode_sub_giat": "7.01.01.2.02.0003",
        "nama_sub_giat": "Pelaksanaan Penatausahaan dan\r\n\nPengujian/Verifikasi Keuangan SKPD",
        "pagu": 71999800,
        "pagu_indikatif": 71999800,
        "pagu_n_depan": 75999800,
        "kode_bl": "717.717.4451.18372",
        "kode_sbl": "717.717.4451.18372.60604",
        "urusan_locked": 0,
        "bidang_urusan_locked": 0,
        "program_locked": 0,
        "giat_locked": 0,
        "sub_giat_locked": 0,
        "kunci_bl": 1,
        "kunci_bl_rinci": 1,
        "id_output_bl": 60639,
        "satuan_output": "Dokumen",
        "tolak_ukur_output": "Jumlah Dokumen Penatausahaan dan Pengujian/Verifikasi Keuangan SKPD",
        "target_teks_output": "1 Dokumen",
        "satuan_capaian": null,
        "tolak_ukur_capaian": null,
        "target_teks_capaian": null,
        "satuan_sub": null,
        "tolok_ukur_sub": null,
        "target_sub_teks": null,
        "tolak_ukur_n": "Jumlah Dokumen Penatausahaan dan Pengujian/Verifikasi Keuangan SKPD",
        "target_teks_n": "1 Dokumen",
        "kode_dana": "1.2.01.08",
        "nama_dana": "Dana Alokasi Umum (DAU)",
        "lokasi_bl": "Kab. Bengkulu Utara, Ulok Kupai, Semua Kel/Desa",
        "id_label_pusat": 0,
        "label_pusat": null,
        "id_label_prov": 398,
        "label_prov": "4. Inovasi dan Tata Kelola Pemerintahan",
        "id_label_kokab": 0,
        "label_kokab": null,
        "kelompok_sasaran": null,
        "target_akhir_program_renstra": null,
        "target_min_1_program_renstra": null,
        "target_n_program_renstra": null,
        "target_akhir_giat_renstra": null,
        "target_min_1_giat_renstra": null,
        "target_n_giat_renstra": null,
        "target_akhir_sub_giat_renstra": " ",
        "target_min_1_sub_giat_renstra": " ",
        "target_n_sub_giat_renstra": " ",
        "total_pagu_indikatif_sub_skpd": 1623670753,
        "total_pagu_n_depan_sub_skpd": 1653705218,
        "total_pagu_indikatif_urusan": 1620063826,
        "total_pagu_n_depan_urusan": 1650044187,
        "total_pagu_indikatif_bidang_urusan": 1620063826,
        "total_pagu_n_depan_bidang_urusan": 1650044187,
        "total_pagu_indikatif_program": 1445422920,
        "total_pagu_n_depan_program": 1492444187,
        "total_pagu_indikatif_kegiatan": 1093631901,
        "total_pagu_n_depan_kegiatan": 1149751732,
        "total_pagu_indikatif": 1623670753,
        "total_pagu_n_depan": 1653705218
    },
    {
        "migrated_at": null,
        "id_sub_bl": 62930,
        "id_daerah": 473,
        "tahun": 2026,
        "id_unit": 717,
        "id_skpd": 717,
        "created_user": 1688,
        "kode_skpd": "7.01.0.00.0.00.19.0000",
        "nama_skpd": "Kecamatan Ulok Kupai",
        "id_urusan": 17,
        "kode_urusan": "7",
        "nama_urusan": "UNSUR KEWILAYAHAN",
        "id_bidang_urusan": 243,
        "kode_bidang_urusan": "7.01",
        "nama_bidang_urusan": "KECAMATAN",
        "id_sub_skpd": 717,
        "kode_sub_skpd": "7.01.0.00.0.00.19.0000",
        "nama_sub_skpd": "Kecamatan Ulok Kupai",
        "id_program": 4451,
        "kode_program": "7.01.01",
        "nama_program": "PROGRAM PENUNJANG URUSAN PEMERINTAHAN DAERAH KABUPATEN/KOTA",
        "outcome": "[ Terselenggaranya Penunjang urusan Pemerintahan Daerah Kecamatan Ulok Kupai ]",
        "indikator_outcome": "Persentase pemenuhan kebutuhan penunjang Perangkat Daerah (%)",
        "target_akhir": "100",
        "realisasi_capaian": "100",
        "prakiraan": "100",
        "target_maju_1": "100",
        "urai_output": "pemenuhan administrasi keuangan Perangkat Daerah",
        "id_giat": 18372,
        "kode_giat": "7.01.01.2.02",
        "nama_giat": "Administrasi Keuangan Perangkat Daerah",
        "id_sub_giat": 60606,
        "kode_sub_giat": "7.01.01.2.02.0005",
        "nama_sub_giat": "Koordinasi dan Penyusunan Laporan Keuangan Akhir Tahun SKPD",
        "pagu": 3296927,
        "pagu_indikatif": 3296927,
        "pagu_n_depan": 4500000,
        "kode_bl": "717.717.4451.18372",
        "kode_sbl": "717.717.4451.18372.60606",
        "urusan_locked": 0,
        "bidang_urusan_locked": 0,
        "program_locked": 0,
        "giat_locked": 0,
        "sub_giat_locked": 0,
        "kunci_bl": 1,
        "kunci_bl_rinci": 1,
        "id_output_bl": 60640,
        "satuan_output": "Laporan",
        "tolak_ukur_output": "Jumlah Laporan Keuangan Akhir Tahun SKPD dan Laporan Hasil Koordinasi Penyusunan Laporan Keuangan Akhir Tahun SKPD",
        "target_teks_output": "1 Laporan",
        "satuan_capaian": null,
        "tolak_ukur_capaian": null,
        "target_teks_capaian": null,
        "satuan_sub": null,
        "tolok_ukur_sub": null,
        "target_sub_teks": null,
        "tolak_ukur_n": "Jumlah Laporan Keuangan Akhir Tahun SKPD dan Laporan Hasil Koordinasi Penyusunan Laporan Keuangan Akhir Tahun SKPD",
        "target_teks_n": "1 Laporan",
        "kode_dana": "1.2.01.08",
        "nama_dana": "Dana Alokasi Umum (DAU)",
        "lokasi_bl": "Kab. Bengkulu Utara, Ulok Kupai, Semua Kel/Desa",
        "id_label_pusat": 0,
        "label_pusat": null,
        "id_label_prov": 398,
        "label_prov": "4. Inovasi dan Tata Kelola Pemerintahan",
        "id_label_kokab": 0,
        "label_kokab": null,
        "kelompok_sasaran": null,
        "target_akhir_program_renstra": null,
        "target_min_1_program_renstra": null,
        "target_n_program_renstra": null,
        "target_akhir_giat_renstra": null,
        "target_min_1_giat_renstra": null,
        "target_n_giat_renstra": null,
        "target_akhir_sub_giat_renstra": " ",
        "target_min_1_sub_giat_renstra": " ",
        "target_n_sub_giat_renstra": " ",
        "total_pagu_indikatif_sub_skpd": 1623670753,
        "total_pagu_n_depan_sub_skpd": 1653705218,
        "total_pagu_indikatif_urusan": 1620063826,
        "total_pagu_n_depan_urusan": 1650044187,
        "total_pagu_indikatif_bidang_urusan": 1620063826,
        "total_pagu_n_depan_bidang_urusan": 1650044187,
        "total_pagu_indikatif_program": 1445422920,
        "total_pagu_n_depan_program": 1492444187,
        "total_pagu_indikatif_kegiatan": 1093631901,
        "total_pagu_n_depan_kegiatan": 1149751732,
        "total_pagu_indikatif": 1623670753,
        "total_pagu_n_depan": 1653705218
    },
    {
        "migrated_at": null,
        "id_sub_bl": 62933,
        "id_daerah": 473,
        "tahun": 2026,
        "id_unit": 717,
        "id_skpd": 717,
        "created_user": 1688,
        "kode_skpd": "7.01.0.00.0.00.19.0000",
        "nama_skpd": "Kecamatan Ulok Kupai",
        "id_urusan": 17,
        "kode_urusan": "7",
        "nama_urusan": "UNSUR KEWILAYAHAN",
        "id_bidang_urusan": 243,
        "kode_bidang_urusan": "7.01",
        "nama_bidang_urusan": "KECAMATAN",
        "id_sub_skpd": 717,
        "kode_sub_skpd": "7.01.0.00.0.00.19.0000",
        "nama_sub_skpd": "Kecamatan Ulok Kupai",
        "id_program": 4451,
        "kode_program": "7.01.01",
        "nama_program": "PROGRAM PENUNJANG URUSAN PEMERINTAHAN DAERAH KABUPATEN/KOTA",
        "outcome": "[ Terselenggaranya Penunjang urusan Pemerintahan Daerah Kecamatan Ulok Kupai ]",
        "indikator_outcome": "Persentase pemenuhan kebutuhan penunjang Perangkat Daerah (%)",
        "target_akhir": "100",
        "realisasi_capaian": "100",
        "prakiraan": "100",
        "target_maju_1": "100",
        "urai_output": "pemenuhan administrasi BMD Perangkat Daerah",
        "id_giat": 18373,
        "kode_giat": "7.01.01.2.03",
        "nama_giat": "Administrasi Barang Milik Daerah pada Perangkat Daerah",
        "id_sub_giat": 60615,
        "kode_sub_giat": "7.01.01.2.03.0006",
        "nama_sub_giat": "Penatausahaan Barang Milik Daerah pada SKPD",
        "pagu": 24500000,
        "pagu_indikatif": 24500000,
        "pagu_n_depan": 24500000,
        "kode_bl": "717.717.4451.18373",
        "kode_sbl": "717.717.4451.18373.60615",
        "urusan_locked": 0,
        "bidang_urusan_locked": 0,
        "program_locked": 0,
        "giat_locked": 0,
        "sub_giat_locked": 0,
        "kunci_bl": 1,
        "kunci_bl_rinci": 1,
        "id_output_bl": 60643,
        "satuan_output": "Laporan",
        "tolak_ukur_output": "Jumlah Laporan Penatausahaan Barang Milik Daerah pada SKPD",
        "target_teks_output": "1 Laporan",
        "satuan_capaian": null,
        "tolak_ukur_capaian": null,
        "target_teks_capaian": null,
        "satuan_sub": null,
        "tolok_ukur_sub": null,
        "target_sub_teks": null,
        "tolak_ukur_n": "Jumlah Laporan Penatausahaan Barang Milik Daerah pada SKPD",
        "target_teks_n": "1 Laporan",
        "kode_dana": "1.2.01.08",
        "nama_dana": "Dana Alokasi Umum (DAU)",
        "lokasi_bl": "Kab. Bengkulu Utara, Ulok Kupai, Semua Kel/Desa",
        "id_label_pusat": 0,
        "label_pusat": null,
        "id_label_prov": 398,
        "label_prov": "4. Inovasi dan Tata Kelola Pemerintahan",
        "id_label_kokab": 0,
        "label_kokab": null,
        "kelompok_sasaran": null,
        "target_akhir_program_renstra": null,
        "target_min_1_program_renstra": null,
        "target_n_program_renstra": null,
        "target_akhir_giat_renstra": null,
        "target_min_1_giat_renstra": null,
        "target_n_giat_renstra": null,
        "target_akhir_sub_giat_renstra": " ",
        "target_min_1_sub_giat_renstra": " ",
        "target_n_sub_giat_renstra": " ",
        "total_pagu_indikatif_sub_skpd": 1623670753,
        "total_pagu_n_depan_sub_skpd": 1653705218,
        "total_pagu_indikatif_urusan": 1620063826,
        "total_pagu_n_depan_urusan": 1650044187,
        "total_pagu_indikatif_bidang_urusan": 1620063826,
        "total_pagu_n_depan_bidang_urusan": 1650044187,
        "total_pagu_indikatif_program": 1445422920,
        "total_pagu_n_depan_program": 1492444187,
        "total_pagu_indikatif_kegiatan": 24500000,
        "total_pagu_n_depan_kegiatan": 24500000,
        "total_pagu_indikatif": 1623670753,
        "total_pagu_n_depan": 1653705218
    },
    {
        "migrated_at": null,
        "id_sub_bl": 62944,
        "id_daerah": 473,
        "tahun": 2026,
        "id_unit": 717,
        "id_skpd": 717,
        "created_user": 1688,
        "kode_skpd": "7.01.0.00.0.00.19.0000",
        "nama_skpd": "Kecamatan Ulok Kupai",
        "id_urusan": 17,
        "kode_urusan": "7",
        "nama_urusan": "UNSUR KEWILAYAHAN",
        "id_bidang_urusan": 243,
        "kode_bidang_urusan": "7.01",
        "nama_bidang_urusan": "KECAMATAN",
        "id_sub_skpd": 717,
        "kode_sub_skpd": "7.01.0.00.0.00.19.0000",
        "nama_sub_skpd": "Kecamatan Ulok Kupai",
        "id_program": 4451,
        "kode_program": "7.01.01",
        "nama_program": "PROGRAM PENUNJANG URUSAN PEMERINTAHAN DAERAH KABUPATEN/KOTA",
        "outcome": "[ Terselenggaranya Penunjang urusan Pemerintahan Daerah Kecamatan Ulok Kupai ]",
        "indikator_outcome": "Persentase pemenuhan kebutuhan penunjang Perangkat Daerah (%)",
        "target_akhir": "100",
        "realisasi_capaian": "100",
        "prakiraan": "100",
        "target_maju_1": "100",
        "urai_output": "Pemenuhan Administrasi Kepegawaian Perangkat Daerah",
        "id_giat": 18375,
        "kode_giat": "7.01.01.2.05",
        "nama_giat": "Administrasi Kepegawaian Perangkat Daerah",
        "id_sub_giat": 60625,
        "kode_sub_giat": "7.01.01.2.05.0002",
        "nama_sub_giat": "Pengadaan Pakaian Dinas beserta Atribut Kelengkapannya",
        "pagu": 12000000,
        "pagu_indikatif": 12000000,
        "pagu_n_depan": 12000000,
        "kode_bl": "717.717.4451.18375",
        "kode_sbl": "717.717.4451.18375.60625",
        "urusan_locked": 0,
        "bidang_urusan_locked": 0,
        "program_locked": 0,
        "giat_locked": 0,
        "sub_giat_locked": 0,
        "kunci_bl": 1,
        "kunci_bl_rinci": 1,
        "id_output_bl": 60654,
        "satuan_output": "Paket",
        "tolak_ukur_output": "Jumlah Paket Pakaian Dinas beserta Atribut Kelengkapan",
        "target_teks_output": "1 Paket",
        "satuan_capaian": null,
        "tolak_ukur_capaian": null,
        "target_teks_capaian": null,
        "satuan_sub": null,
        "tolok_ukur_sub": null,
        "target_sub_teks": null,
        "tolak_ukur_n": "Jumlah Paket Pakaian Dinas beserta Atribut Kelengkapan",
        "target_teks_n": "1 Paket",
        "kode_dana": "1.2.01.08",
        "nama_dana": "Dana Alokasi Umum (DAU)",
        "lokasi_bl": "Kab. Bengkulu Utara, Ulok Kupai, Semua Kel/Desa",
        "id_label_pusat": 0,
        "label_pusat": null,
        "id_label_prov": 398,
        "label_prov": "4. Inovasi dan Tata Kelola Pemerintahan",
        "id_label_kokab": 0,
        "label_kokab": null,
        "kelompok_sasaran": null,
        "target_akhir_program_renstra": null,
        "target_min_1_program_renstra": null,
        "target_n_program_renstra": null,
        "target_akhir_giat_renstra": null,
        "target_min_1_giat_renstra": null,
        "target_n_giat_renstra": null,
        "target_akhir_sub_giat_renstra": " ",
        "target_min_1_sub_giat_renstra": " ",
        "target_n_sub_giat_renstra": " ",
        "total_pagu_indikatif_sub_skpd": 1623670753,
        "total_pagu_n_depan_sub_skpd": 1653705218,
        "total_pagu_indikatif_urusan": 1620063826,
        "total_pagu_n_depan_urusan": 1650044187,
        "total_pagu_indikatif_bidang_urusan": 1620063826,
        "total_pagu_n_depan_bidang_urusan": 1650044187,
        "total_pagu_indikatif_program": 1445422920,
        "total_pagu_n_depan_program": 1492444187,
        "total_pagu_indikatif_kegiatan": 12000000,
        "total_pagu_n_depan_kegiatan": 12000000,
        "total_pagu_indikatif": 1623670753,
        "total_pagu_n_depan": 1653705218
    },
    {
        "migrated_at": null,
        "id_sub_bl": 62947,
        "id_daerah": 473,
        "tahun": 2026,
        "id_unit": 717,
        "id_skpd": 717,
        "created_user": 1688,
        "kode_skpd": "7.01.0.00.0.00.19.0000",
        "nama_skpd": "Kecamatan Ulok Kupai",
        "id_urusan": 17,
        "kode_urusan": "7",
        "nama_urusan": "UNSUR KEWILAYAHAN",
        "id_bidang_urusan": 243,
        "kode_bidang_urusan": "7.01",
        "nama_bidang_urusan": "KECAMATAN",
        "id_sub_skpd": 717,
        "kode_sub_skpd": "7.01.0.00.0.00.19.0000",
        "nama_sub_skpd": "Kecamatan Ulok Kupai",
        "id_program": 4451,
        "kode_program": "7.01.01",
        "nama_program": "PROGRAM PENUNJANG URUSAN PEMERINTAHAN DAERAH KABUPATEN/KOTA",
        "outcome": "[ Terselenggaranya Penunjang urusan Pemerintahan Daerah Kecamatan Ulok Kupai ]",
        "indikator_outcome": "Persentase pemenuhan kebutuhan penunjang Perangkat Daerah (%)",
        "target_akhir": "100",
        "realisasi_capaian": "100",
        "prakiraan": "100",
        "target_maju_1": "100",
        "urai_output": "pemenuhan administrasi umum",
        "id_giat": 18376,
        "kode_giat": "7.01.01.2.06",
        "nama_giat": "Administrasi Umum Perangkat Daerah",
        "id_sub_giat": 60635,
        "kode_sub_giat": "7.01.01.2.06.0001",
        "nama_sub_giat": "Penyediaan Komponen Instalasi\r\n\nListrik/Penerangan Bangunan Kantor",
        "pagu": 2998902,
        "pagu_indikatif": 2998902,
        "pagu_n_depan": 3000000,
        "kode_bl": "717.717.4451.18376",
        "kode_sbl": "717.717.4451.18376.60635",
        "urusan_locked": 0,
        "bidang_urusan_locked": 0,
        "program_locked": 0,
        "giat_locked": 0,
        "sub_giat_locked": 0,
        "kunci_bl": 1,
        "kunci_bl_rinci": 1,
        "id_output_bl": 60657,
        "satuan_output": "Paket",
        "tolak_ukur_output": "Jumlah Paket Komponen Instalasi Listrik/Penerangan Bangunan Kantor yang Disediakan",
        "target_teks_output": "1 Paket",
        "satuan_capaian": null,
        "tolak_ukur_capaian": null,
        "target_teks_capaian": null,
        "satuan_sub": null,
        "tolok_ukur_sub": null,
        "target_sub_teks": null,
        "tolak_ukur_n": "Jumlah Paket Komponen Instalasi Listrik/Penerangan Bangunan Kantor yang Disediakan",
        "target_teks_n": "1 Paket",
        "kode_dana": "1.2.01.08",
        "nama_dana": "Dana Alokasi Umum (DAU)",
        "lokasi_bl": "Kab. Bengkulu Utara, Ulok Kupai, Semua Kel/Desa",
        "id_label_pusat": 0,
        "label_pusat": null,
        "id_label_prov": 398,
        "label_prov": "4. Inovasi dan Tata Kelola Pemerintahan",
        "id_label_kokab": 0,
        "label_kokab": null,
        "kelompok_sasaran": null,
        "target_akhir_program_renstra": null,
        "target_min_1_program_renstra": null,
        "target_n_program_renstra": null,
        "target_akhir_giat_renstra": null,
        "target_min_1_giat_renstra": null,
        "target_n_giat_renstra": null,
        "target_akhir_sub_giat_renstra": " ",
        "target_min_1_sub_giat_renstra": " ",
        "target_n_sub_giat_renstra": " ",
        "total_pagu_indikatif_sub_skpd": 1623670753,
        "total_pagu_n_depan_sub_skpd": 1653705218,
        "total_pagu_indikatif_urusan": 1620063826,
        "total_pagu_n_depan_urusan": 1650044187,
        "total_pagu_indikatif_bidang_urusan": 1620063826,
        "total_pagu_n_depan_bidang_urusan": 1650044187,
        "total_pagu_indikatif_program": 1445422920,
        "total_pagu_n_depan_program": 1492444187,
        "total_pagu_indikatif_kegiatan": 123378902,
        "total_pagu_n_depan_kegiatan": 128380000,
        "total_pagu_indikatif": 1623670753,
        "total_pagu_n_depan": 1653705218
    },
    {
        "migrated_at": null,
        "id_sub_bl": 62950,
        "id_daerah": 473,
        "tahun": 2026,
        "id_unit": 717,
        "id_skpd": 717,
        "created_user": 1688,
        "kode_skpd": "7.01.0.00.0.00.19.0000",
        "nama_skpd": "Kecamatan Ulok Kupai",
        "id_urusan": 17,
        "kode_urusan": "7",
        "nama_urusan": "UNSUR KEWILAYAHAN",
        "id_bidang_urusan": 243,
        "kode_bidang_urusan": "7.01",
        "nama_bidang_urusan": "KECAMATAN",
        "id_sub_skpd": 717,
        "kode_sub_skpd": "7.01.0.00.0.00.19.0000",
        "nama_sub_skpd": "Kecamatan Ulok Kupai",
        "id_program": 4451,
        "kode_program": "7.01.01",
        "nama_program": "PROGRAM PENUNJANG URUSAN PEMERINTAHAN DAERAH KABUPATEN/KOTA",
        "outcome": "[ Terselenggaranya Penunjang urusan Pemerintahan Daerah Kecamatan Ulok Kupai ]",
        "indikator_outcome": "Persentase pemenuhan kebutuhan penunjang Perangkat Daerah (%)",
        "target_akhir": "100",
        "realisasi_capaian": "100",
        "prakiraan": "100",
        "target_maju_1": "100",
        "urai_output": "pemenuhan administrasi umum",
        "id_giat": 18376,
        "kode_giat": "7.01.01.2.06",
        "nama_giat": "Administrasi Umum Perangkat Daerah",
        "id_sub_giat": 60638,
        "kode_sub_giat": "7.01.01.2.06.0004",
        "nama_sub_giat": "Penyediaan Bahan Logistik Kantor",
        "pagu": 35000000,
        "pagu_indikatif": 35000000,
        "pagu_n_depan": 35000000,
        "kode_bl": "717.717.4451.18376",
        "kode_sbl": "717.717.4451.18376.60638",
        "urusan_locked": 0,
        "bidang_urusan_locked": 0,
        "program_locked": 0,
        "giat_locked": 0,
        "sub_giat_locked": 0,
        "kunci_bl": 1,
        "kunci_bl_rinci": 1,
        "id_output_bl": 60660,
        "satuan_output": "Paket",
        "tolak_ukur_output": "Jumlah Paket Bahan Logistik Kantor yang Disediakan",
        "target_teks_output": "1 Paket",
        "satuan_capaian": null,
        "tolak_ukur_capaian": null,
        "target_teks_capaian": null,
        "satuan_sub": null,
        "tolok_ukur_sub": null,
        "target_sub_teks": null,
        "tolak_ukur_n": "Jumlah Paket Bahan Logistik Kantor yang Disediakan",
        "target_teks_n": "1 Paket",
        "kode_dana": "1.2.01.08",
        "nama_dana": "Dana Alokasi Umum (DAU)",
        "lokasi_bl": "Kab. Bengkulu Utara, Ulok Kupai, Semua Kel/Desa",
        "id_label_pusat": 0,
        "label_pusat": null,
        "id_label_prov": 398,
        "label_prov": "4. Inovasi dan Tata Kelola Pemerintahan",
        "id_label_kokab": 5210,
        "label_kokab": "5. Inovasi dan Tata Kelola Pemerintahan",
        "kelompok_sasaran": null,
        "target_akhir_program_renstra": null,
        "target_min_1_program_renstra": null,
        "target_n_program_renstra": null,
        "target_akhir_giat_renstra": null,
        "target_min_1_giat_renstra": null,
        "target_n_giat_renstra": null,
        "target_akhir_sub_giat_renstra": " ",
        "target_min_1_sub_giat_renstra": " ",
        "target_n_sub_giat_renstra": " ",
        "total_pagu_indikatif_sub_skpd": 1623670753,
        "total_pagu_n_depan_sub_skpd": 1653705218,
        "total_pagu_indikatif_urusan": 1620063826,
        "total_pagu_n_depan_urusan": 1650044187,
        "total_pagu_indikatif_bidang_urusan": 1620063826,
        "total_pagu_n_depan_bidang_urusan": 1650044187,
        "total_pagu_indikatif_program": 1445422920,
        "total_pagu_n_depan_program": 1492444187,
        "total_pagu_indikatif_kegiatan": 123378902,
        "total_pagu_n_depan_kegiatan": 128380000,
        "total_pagu_indikatif": 1623670753,
        "total_pagu_n_depan": 1653705218
    },
    {
        "migrated_at": null,
        "id_sub_bl": 62954,
        "id_daerah": 473,
        "tahun": 2026,
        "id_unit": 717,
        "id_skpd": 717,
        "created_user": 1688,
        "kode_skpd": "7.01.0.00.0.00.19.0000",
        "nama_skpd": "Kecamatan Ulok Kupai",
        "id_urusan": 17,
        "kode_urusan": "7",
        "nama_urusan": "UNSUR KEWILAYAHAN",
        "id_bidang_urusan": 243,
        "kode_bidang_urusan": "7.01",
        "nama_bidang_urusan": "KECAMATAN",
        "id_sub_skpd": 717,
        "kode_sub_skpd": "7.01.0.00.0.00.19.0000",
        "nama_sub_skpd": "Kecamatan Ulok Kupai",
        "id_program": 4451,
        "kode_program": "7.01.01",
        "nama_program": "PROGRAM PENUNJANG URUSAN PEMERINTAHAN DAERAH KABUPATEN/KOTA",
        "outcome": "[ Terselenggaranya Penunjang urusan Pemerintahan Daerah Kecamatan Ulok Kupai ]",
        "indikator_outcome": "Persentase pemenuhan kebutuhan penunjang Perangkat Daerah (%)",
        "target_akhir": "100",
        "realisasi_capaian": "100",
        "prakiraan": "100",
        "target_maju_1": "100",
        "urai_output": "pemenuhan administrasi umum",
        "id_giat": 18376,
        "kode_giat": "7.01.01.2.06",
        "nama_giat": "Administrasi Umum Perangkat Daerah",
        "id_sub_giat": 60639,
        "kode_sub_giat": "7.01.01.2.06.0005",
        "nama_sub_giat": "Penyediaan Barang Cetakan dan Penggandaan",
        "pagu": 4000000,
        "pagu_indikatif": 4000000,
        "pagu_n_depan": 4000000,
        "kode_bl": "717.717.4451.18376",
        "kode_sbl": "717.717.4451.18376.60639",
        "urusan_locked": 0,
        "bidang_urusan_locked": 0,
        "program_locked": 0,
        "giat_locked": 0,
        "sub_giat_locked": 0,
        "kunci_bl": 1,
        "kunci_bl_rinci": 1,
        "id_output_bl": 60664,
        "satuan_output": "Paket",
        "tolak_ukur_output": "Jumlah Paket Barang Cetakan dan Penggandaan yang Disediakan",
        "target_teks_output": "1 Paket",
        "satuan_capaian": null,
        "tolak_ukur_capaian": null,
        "target_teks_capaian": null,
        "satuan_sub": null,
        "tolok_ukur_sub": null,
        "target_sub_teks": null,
        "tolak_ukur_n": "Jumlah Paket Barang Cetakan dan Penggandaan yang Disediakan",
        "target_teks_n": "1 Paket",
        "kode_dana": "1.2.01.08",
        "nama_dana": "Dana Alokasi Umum (DAU)",
        "lokasi_bl": "Kab. Bengkulu Utara, Ulok Kupai, Semua Kel/Desa",
        "id_label_pusat": 0,
        "label_pusat": null,
        "id_label_prov": 398,
        "label_prov": "4. Inovasi dan Tata Kelola Pemerintahan",
        "id_label_kokab": 0,
        "label_kokab": null,
        "kelompok_sasaran": null,
        "target_akhir_program_renstra": null,
        "target_min_1_program_renstra": null,
        "target_n_program_renstra": null,
        "target_akhir_giat_renstra": null,
        "target_min_1_giat_renstra": null,
        "target_n_giat_renstra": null,
        "target_akhir_sub_giat_renstra": " ",
        "target_min_1_sub_giat_renstra": " ",
        "target_n_sub_giat_renstra": " ",
        "total_pagu_indikatif_sub_skpd": 1623670753,
        "total_pagu_n_depan_sub_skpd": 1653705218,
        "total_pagu_indikatif_urusan": 1620063826,
        "total_pagu_n_depan_urusan": 1650044187,
        "total_pagu_indikatif_bidang_urusan": 1620063826,
        "total_pagu_n_depan_bidang_urusan": 1650044187,
        "total_pagu_indikatif_program": 1445422920,
        "total_pagu_n_depan_program": 1492444187,
        "total_pagu_indikatif_kegiatan": 123378902,
        "total_pagu_n_depan_kegiatan": 128380000,
        "total_pagu_indikatif": 1623670753,
        "total_pagu_n_depan": 1653705218
    },
    {
        "migrated_at": null,
        "id_sub_bl": 62956,
        "id_daerah": 473,
        "tahun": 2026,
        "id_unit": 717,
        "id_skpd": 717,
        "created_user": 1688,
        "kode_skpd": "7.01.0.00.0.00.19.0000",
        "nama_skpd": "Kecamatan Ulok Kupai",
        "id_urusan": 17,
        "kode_urusan": "7",
        "nama_urusan": "UNSUR KEWILAYAHAN",
        "id_bidang_urusan": 243,
        "kode_bidang_urusan": "7.01",
        "nama_bidang_urusan": "KECAMATAN",
        "id_sub_skpd": 717,
        "kode_sub_skpd": "7.01.0.00.0.00.19.0000",
        "nama_sub_skpd": "Kecamatan Ulok Kupai",
        "id_program": 4451,
        "kode_program": "7.01.01",
        "nama_program": "PROGRAM PENUNJANG URUSAN PEMERINTAHAN DAERAH KABUPATEN/KOTA",
        "outcome": "[ Terselenggaranya Penunjang urusan Pemerintahan Daerah Kecamatan Ulok Kupai ]",
        "indikator_outcome": "Persentase pemenuhan kebutuhan penunjang Perangkat Daerah (%)",
        "target_akhir": "100",
        "realisasi_capaian": "100",
        "prakiraan": "100",
        "target_maju_1": "100",
        "urai_output": "pemenuhan administrasi umum",
        "id_giat": 18376,
        "kode_giat": "7.01.01.2.06",
        "nama_giat": "Administrasi Umum Perangkat Daerah",
        "id_sub_giat": 60640,
        "kode_sub_giat": "7.01.01.2.06.0006",
        "nama_sub_giat": "Penyediaan Bahan Bacaan dan Peraturan Perundang-undangan",
        "pagu": 1380000,
        "pagu_indikatif": 1380000,
        "pagu_n_depan": 1380000,
        "kode_bl": "717.717.4451.18376",
        "kode_sbl": "717.717.4451.18376.60640",
        "urusan_locked": 0,
        "bidang_urusan_locked": 0,
        "program_locked": 0,
        "giat_locked": 0,
        "sub_giat_locked": 0,
        "kunci_bl": 1,
        "kunci_bl_rinci": 1,
        "id_output_bl": 60666,
        "satuan_output": "Dokumen",
        "tolak_ukur_output": "Jumlah Dokumen Bahan Bacaan dan Peraturan Perundang-Undangan yang Disediakan",
        "target_teks_output": "1 Dokumen",
        "satuan_capaian": null,
        "tolak_ukur_capaian": null,
        "target_teks_capaian": null,
        "satuan_sub": null,
        "tolok_ukur_sub": null,
        "target_sub_teks": null,
        "tolak_ukur_n": "Jumlah Dokumen Bahan Bacaan dan Peraturan Perundang-Undangan yang Disediakan",
        "target_teks_n": "1 Dokumen",
        "kode_dana": "1.2.01.08",
        "nama_dana": "Dana Alokasi Umum (DAU)",
        "lokasi_bl": "Kab. Bengkulu Utara, Ulok Kupai, Semua Kel/Desa",
        "id_label_pusat": 0,
        "label_pusat": null,
        "id_label_prov": 398,
        "label_prov": "4. Inovasi dan Tata Kelola Pemerintahan",
        "id_label_kokab": 0,
        "label_kokab": null,
        "kelompok_sasaran": null,
        "target_akhir_program_renstra": null,
        "target_min_1_program_renstra": null,
        "target_n_program_renstra": null,
        "target_akhir_giat_renstra": null,
        "target_min_1_giat_renstra": null,
        "target_n_giat_renstra": null,
        "target_akhir_sub_giat_renstra": " ",
        "target_min_1_sub_giat_renstra": " ",
        "target_n_sub_giat_renstra": " ",
        "total_pagu_indikatif_sub_skpd": 1623670753,
        "total_pagu_n_depan_sub_skpd": 1653705218,
        "total_pagu_indikatif_urusan": 1620063826,
        "total_pagu_n_depan_urusan": 1650044187,
        "total_pagu_indikatif_bidang_urusan": 1620063826,
        "total_pagu_n_depan_bidang_urusan": 1650044187,
        "total_pagu_indikatif_program": 1445422920,
        "total_pagu_n_depan_program": 1492444187,
        "total_pagu_indikatif_kegiatan": 123378902,
        "total_pagu_n_depan_kegiatan": 128380000,
        "total_pagu_indikatif": 1623670753,
        "total_pagu_n_depan": 1653705218
    },
    {
        "migrated_at": null,
        "id_sub_bl": 62957,
        "id_daerah": 473,
        "tahun": 2026,
        "id_unit": 717,
        "id_skpd": 717,
        "created_user": 1688,
        "kode_skpd": "7.01.0.00.0.00.19.0000",
        "nama_skpd": "Kecamatan Ulok Kupai",
        "id_urusan": 17,
        "kode_urusan": "7",
        "nama_urusan": "UNSUR KEWILAYAHAN",
        "id_bidang_urusan": 243,
        "kode_bidang_urusan": "7.01",
        "nama_bidang_urusan": "KECAMATAN",
        "id_sub_skpd": 717,
        "kode_sub_skpd": "7.01.0.00.0.00.19.0000",
        "nama_sub_skpd": "Kecamatan Ulok Kupai",
        "id_program": 4451,
        "kode_program": "7.01.01",
        "nama_program": "PROGRAM PENUNJANG URUSAN PEMERINTAHAN DAERAH KABUPATEN/KOTA",
        "outcome": "[ Terselenggaranya Penunjang urusan Pemerintahan Daerah Kecamatan Ulok Kupai ]",
        "indikator_outcome": "Persentase pemenuhan kebutuhan penunjang Perangkat Daerah (%)",
        "target_akhir": "100",
        "realisasi_capaian": "100",
        "prakiraan": "100",
        "target_maju_1": "100",
        "urai_output": "pemenuhan administrasi umum",
        "id_giat": 18376,
        "kode_giat": "7.01.01.2.06",
        "nama_giat": "Administrasi Umum Perangkat Daerah",
        "id_sub_giat": 60643,
        "kode_sub_giat": "7.01.01.2.06.0009",
        "nama_sub_giat": "Penyelenggaraan Rapat Koordinasi dan Konsultasi SKPD",
        "pagu": 80000000,
        "pagu_indikatif": 80000000,
        "pagu_n_depan": 85000000,
        "kode_bl": "717.717.4451.18376",
        "kode_sbl": "717.717.4451.18376.60643",
        "urusan_locked": 0,
        "bidang_urusan_locked": 0,
        "program_locked": 0,
        "giat_locked": 0,
        "sub_giat_locked": 0,
        "kunci_bl": 1,
        "kunci_bl_rinci": 1,
        "id_output_bl": 60667,
        "satuan_output": "Laporan",
        "tolak_ukur_output": "Jumlah Laporan Penyelenggaraan Rapat Koordinasi dan Konsultasi SKPD",
        "target_teks_output": "1 Laporan",
        "satuan_capaian": null,
        "tolak_ukur_capaian": null,
        "target_teks_capaian": null,
        "satuan_sub": null,
        "tolok_ukur_sub": null,
        "target_sub_teks": null,
        "tolak_ukur_n": "Jumlah Laporan Penyelenggaraan Rapat Koordinasi dan Konsultasi SKPD",
        "target_teks_n": "1 Laporan",
        "kode_dana": "1.2.01.08",
        "nama_dana": "Dana Alokasi Umum (DAU)",
        "lokasi_bl": "Kab. Bengkulu Utara, Ulok Kupai, Semua Kel/Desa",
        "id_label_pusat": 0,
        "label_pusat": null,
        "id_label_prov": 398,
        "label_prov": "4. Inovasi dan Tata Kelola Pemerintahan",
        "id_label_kokab": 0,
        "label_kokab": null,
        "kelompok_sasaran": null,
        "target_akhir_program_renstra": null,
        "target_min_1_program_renstra": null,
        "target_n_program_renstra": null,
        "target_akhir_giat_renstra": null,
        "target_min_1_giat_renstra": null,
        "target_n_giat_renstra": null,
        "target_akhir_sub_giat_renstra": " ",
        "target_min_1_sub_giat_renstra": " ",
        "target_n_sub_giat_renstra": " ",
        "total_pagu_indikatif_sub_skpd": 1623670753,
        "total_pagu_n_depan_sub_skpd": 1653705218,
        "total_pagu_indikatif_urusan": 1620063826,
        "total_pagu_n_depan_urusan": 1650044187,
        "total_pagu_indikatif_bidang_urusan": 1620063826,
        "total_pagu_n_depan_bidang_urusan": 1650044187,
        "total_pagu_indikatif_program": 1445422920,
        "total_pagu_n_depan_program": 1492444187,
        "total_pagu_indikatif_kegiatan": 123378902,
        "total_pagu_n_depan_kegiatan": 128380000,
        "total_pagu_indikatif": 1623670753,
        "total_pagu_n_depan": 1653705218
    },
    {
        "migrated_at": null,
        "id_sub_bl": 62959,
        "id_daerah": 473,
        "tahun": 2026,
        "id_unit": 717,
        "id_skpd": 717,
        "created_user": 1688,
        "kode_skpd": "7.01.0.00.0.00.19.0000",
        "nama_skpd": "Kecamatan Ulok Kupai",
        "id_urusan": 17,
        "kode_urusan": "7",
        "nama_urusan": "UNSUR KEWILAYAHAN",
        "id_bidang_urusan": 243,
        "kode_bidang_urusan": "7.01",
        "nama_bidang_urusan": "KECAMATAN",
        "id_sub_skpd": 717,
        "kode_sub_skpd": "7.01.0.00.0.00.19.0000",
        "nama_sub_skpd": "Kecamatan Ulok Kupai",
        "id_program": 4451,
        "kode_program": "7.01.01",
        "nama_program": "PROGRAM PENUNJANG URUSAN PEMERINTAHAN DAERAH KABUPATEN/KOTA",
        "outcome": "[ Terselenggaranya Penunjang urusan Pemerintahan Daerah Kecamatan Ulok Kupai ]",
        "indikator_outcome": "Persentase pemenuhan kebutuhan penunjang Perangkat Daerah (%)",
        "target_akhir": "100",
        "realisasi_capaian": "100",
        "prakiraan": "100",
        "target_maju_1": "100",
        "urai_output": "Jumlah pengadaan BMD",
        "id_giat": 18377,
        "kode_giat": "7.01.01.2.07",
        "nama_giat": "Pengadaan Barang Milik Daerah Penunjang Urusan Pemerintah Daerah",
        "id_sub_giat": 60650,
        "kode_sub_giat": "7.01.01.2.07.0005",
        "nama_sub_giat": "Pengadaan Mebel",
        "pagu": 8000000,
        "pagu_indikatif": 8000000,
        "pagu_n_depan": 0,
        "kode_bl": "717.717.4451.18377",
        "kode_sbl": "717.717.4451.18377.60650",
        "urusan_locked": 0,
        "bidang_urusan_locked": 0,
        "program_locked": 0,
        "giat_locked": 0,
        "sub_giat_locked": 0,
        "kunci_bl": 1,
        "kunci_bl_rinci": 1,
        "id_output_bl": 60669,
        "satuan_output": "Unit",
        "tolak_ukur_output": "Jumlah Paket Mebel yang Disediakan",
        "target_teks_output": "1 Unit",
        "satuan_capaian": null,
        "tolak_ukur_capaian": null,
        "target_teks_capaian": null,
        "satuan_sub": null,
        "tolok_ukur_sub": null,
        "target_sub_teks": null,
        "tolak_ukur_n": "Jumlah Paket Mebel yang Disediakan",
        "target_teks_n": "1 Unit",
        "kode_dana": "1.2.01.08",
        "nama_dana": "Dana Alokasi Umum (DAU)",
        "lokasi_bl": "Kab. Bengkulu Utara, Ulok Kupai, Semua Kel/Desa",
        "id_label_pusat": 0,
        "label_pusat": null,
        "id_label_prov": 398,
        "label_prov": "4. Inovasi dan Tata Kelola Pemerintahan",
        "id_label_kokab": 0,
        "label_kokab": null,
        "kelompok_sasaran": null,
        "target_akhir_program_renstra": null,
        "target_min_1_program_renstra": null,
        "target_n_program_renstra": null,
        "target_akhir_giat_renstra": null,
        "target_min_1_giat_renstra": null,
        "target_n_giat_renstra": null,
        "target_akhir_sub_giat_renstra": " ",
        "target_min_1_sub_giat_renstra": " ",
        "target_n_sub_giat_renstra": " ",
        "total_pagu_indikatif_sub_skpd": 1623670753,
        "total_pagu_n_depan_sub_skpd": 1653705218,
        "total_pagu_indikatif_urusan": 1620063826,
        "total_pagu_n_depan_urusan": 1650044187,
        "total_pagu_indikatif_bidang_urusan": 1620063826,
        "total_pagu_n_depan_bidang_urusan": 1650044187,
        "total_pagu_indikatif_program": 1445422920,
        "total_pagu_n_depan_program": 1492444187,
        "total_pagu_indikatif_kegiatan": 38000000,
        "total_pagu_n_depan_kegiatan": 20000000,
        "total_pagu_indikatif": 1623670753,
        "total_pagu_n_depan": 1653705218
    },
    {
        "migrated_at": null,
        "id_sub_bl": 62960,
        "id_daerah": 473,
        "tahun": 2026,
        "id_unit": 717,
        "id_skpd": 717,
        "created_user": 1688,
        "kode_skpd": "7.01.0.00.0.00.19.0000",
        "nama_skpd": "Kecamatan Ulok Kupai",
        "id_urusan": 17,
        "kode_urusan": "7",
        "nama_urusan": "UNSUR KEWILAYAHAN",
        "id_bidang_urusan": 243,
        "kode_bidang_urusan": "7.01",
        "nama_bidang_urusan": "KECAMATAN",
        "id_sub_skpd": 717,
        "kode_sub_skpd": "7.01.0.00.0.00.19.0000",
        "nama_sub_skpd": "Kecamatan Ulok Kupai",
        "id_program": 4451,
        "kode_program": "7.01.01",
        "nama_program": "PROGRAM PENUNJANG URUSAN PEMERINTAHAN DAERAH KABUPATEN/KOTA",
        "outcome": "[ Terselenggaranya Penunjang urusan Pemerintahan Daerah Kecamatan Ulok Kupai ]",
        "indikator_outcome": "Persentase pemenuhan kebutuhan penunjang Perangkat Daerah (%)",
        "target_akhir": "100",
        "realisasi_capaian": "100",
        "prakiraan": "100",
        "target_maju_1": "100",
        "urai_output": "Jumlah pengadaan BMD",
        "id_giat": 18377,
        "kode_giat": "7.01.01.2.07",
        "nama_giat": "Pengadaan Barang Milik Daerah Penunjang Urusan Pemerintah Daerah",
        "id_sub_giat": 60651,
        "kode_sub_giat": "7.01.01.2.07.0006",
        "nama_sub_giat": "Pengadaan Peralatan dan Mesin Lainnya",
        "pagu": 30000000,
        "pagu_indikatif": 30000000,
        "pagu_n_depan": 20000000,
        "kode_bl": "717.717.4451.18377",
        "kode_sbl": "717.717.4451.18377.60651",
        "urusan_locked": 0,
        "bidang_urusan_locked": 0,
        "program_locked": 0,
        "giat_locked": 0,
        "sub_giat_locked": 0,
        "kunci_bl": 1,
        "kunci_bl_rinci": 1,
        "id_output_bl": 60670,
        "satuan_output": "Unit",
        "tolak_ukur_output": "Jumlah Unit Peralatan dan Mesin Lainnya yang Disediakan",
        "target_teks_output": "3 Unit",
        "satuan_capaian": null,
        "tolak_ukur_capaian": null,
        "target_teks_capaian": null,
        "satuan_sub": null,
        "tolok_ukur_sub": null,
        "target_sub_teks": null,
        "tolak_ukur_n": "Jumlah Unit Peralatan dan Mesin Lainnya yang Disediakan",
        "target_teks_n": "3 Unit",
        "kode_dana": "1.2.01.08",
        "nama_dana": "Dana Alokasi Umum (DAU)",
        "lokasi_bl": "Kab. Bengkulu Utara, Ulok Kupai, Semua Kel/Desa",
        "id_label_pusat": 0,
        "label_pusat": null,
        "id_label_prov": 398,
        "label_prov": "4. Inovasi dan Tata Kelola Pemerintahan",
        "id_label_kokab": 5210,
        "label_kokab": "5. Inovasi dan Tata Kelola Pemerintahan",
        "kelompok_sasaran": null,
        "target_akhir_program_renstra": null,
        "target_min_1_program_renstra": null,
        "target_n_program_renstra": null,
        "target_akhir_giat_renstra": null,
        "target_min_1_giat_renstra": null,
        "target_n_giat_renstra": null,
        "target_akhir_sub_giat_renstra": " ",
        "target_min_1_sub_giat_renstra": " ",
        "target_n_sub_giat_renstra": " ",
        "total_pagu_indikatif_sub_skpd": 1623670753,
        "total_pagu_n_depan_sub_skpd": 1653705218,
        "total_pagu_indikatif_urusan": 1620063826,
        "total_pagu_n_depan_urusan": 1650044187,
        "total_pagu_indikatif_bidang_urusan": 1620063826,
        "total_pagu_n_depan_bidang_urusan": 1650044187,
        "total_pagu_indikatif_program": 1445422920,
        "total_pagu_n_depan_program": 1492444187,
        "total_pagu_indikatif_kegiatan": 38000000,
        "total_pagu_n_depan_kegiatan": 20000000,
        "total_pagu_indikatif": 1623670753,
        "total_pagu_n_depan": 1653705218
    },
    {
        "migrated_at": null,
        "id_sub_bl": 62962,
        "id_daerah": 473,
        "tahun": 2026,
        "id_unit": 717,
        "id_skpd": 717,
        "created_user": 1688,
        "kode_skpd": "7.01.0.00.0.00.19.0000",
        "nama_skpd": "Kecamatan Ulok Kupai",
        "id_urusan": 17,
        "kode_urusan": "7",
        "nama_urusan": "UNSUR KEWILAYAHAN",
        "id_bidang_urusan": 243,
        "kode_bidang_urusan": "7.01",
        "nama_bidang_urusan": "KECAMATAN",
        "id_sub_skpd": 717,
        "kode_sub_skpd": "7.01.0.00.0.00.19.0000",
        "nama_sub_skpd": "Kecamatan Ulok Kupai",
        "id_program": 4451,
        "kode_program": "7.01.01",
        "nama_program": "PROGRAM PENUNJANG URUSAN PEMERINTAHAN DAERAH KABUPATEN/KOTA",
        "outcome": "[ Terselenggaranya Penunjang urusan Pemerintahan Daerah Kecamatan Ulok Kupai ]",
        "indikator_outcome": "Persentase pemenuhan kebutuhan penunjang Perangkat Daerah (%)",
        "target_akhir": "100",
        "realisasi_capaian": "100",
        "prakiraan": "100",
        "target_maju_1": "100",
        "urai_output": "pemenuhan jasa penunjang",
        "id_giat": 18378,
        "kode_giat": "7.01.01.2.08",
        "nama_giat": "Penyediaan Jasa Penunjang Urusan Pemerintahan Daerah",
        "id_sub_giat": 60658,
        "kode_sub_giat": "7.01.01.2.08.0002",
        "nama_sub_giat": "Penyediaan Jasa Komunikasi, Sumber Daya Air dan Listrik",
        "pagu": 17700000,
        "pagu_indikatif": 17700000,
        "pagu_n_depan": 17709065,
        "kode_bl": "717.717.4451.18378",
        "kode_sbl": "717.717.4451.18378.60658",
        "urusan_locked": 0,
        "bidang_urusan_locked": 0,
        "program_locked": 0,
        "giat_locked": 0,
        "sub_giat_locked": 0,
        "kunci_bl": 1,
        "kunci_bl_rinci": 1,
        "id_output_bl": 60672,
        "satuan_output": "Laporan",
        "tolak_ukur_output": "Jumlah Laporan Penyediaan Jasa Komunikasi, Sumber Daya Air dan Listrik yang Disediakan",
        "target_teks_output": "3 Laporan",
        "satuan_capaian": null,
        "tolak_ukur_capaian": null,
        "target_teks_capaian": null,
        "satuan_sub": null,
        "tolok_ukur_sub": null,
        "target_sub_teks": null,
        "tolak_ukur_n": "Jumlah Laporan Penyediaan Jasa Komunikasi, Sumber Daya Air dan Listrik yang Disediakan",
        "target_teks_n": "3 Laporan",
        "kode_dana": "1.2.01.08",
        "nama_dana": "Dana Alokasi Umum (DAU)",
        "lokasi_bl": "Kab. Bengkulu Utara, Ulok Kupai, Semua Kel/Desa",
        "id_label_pusat": 0,
        "label_pusat": null,
        "id_label_prov": 398,
        "label_prov": "4. Inovasi dan Tata Kelola Pemerintahan",
        "id_label_kokab": 0,
        "label_kokab": null,
        "kelompok_sasaran": null,
        "target_akhir_program_renstra": null,
        "target_min_1_program_renstra": null,
        "target_n_program_renstra": null,
        "target_akhir_giat_renstra": null,
        "target_min_1_giat_renstra": null,
        "target_n_giat_renstra": null,
        "target_akhir_sub_giat_renstra": " ",
        "target_min_1_sub_giat_renstra": " ",
        "target_n_sub_giat_renstra": " ",
        "total_pagu_indikatif_sub_skpd": 1623670753,
        "total_pagu_n_depan_sub_skpd": 1653705218,
        "total_pagu_indikatif_urusan": 1620063826,
        "total_pagu_n_depan_urusan": 1650044187,
        "total_pagu_indikatif_bidang_urusan": 1620063826,
        "total_pagu_n_depan_bidang_urusan": 1650044187,
        "total_pagu_indikatif_program": 1445422920,
        "total_pagu_n_depan_program": 1492444187,
        "total_pagu_indikatif_kegiatan": 72496000,
        "total_pagu_n_depan_kegiatan": 77709065,
        "total_pagu_indikatif": 1623670753,
        "total_pagu_n_depan": 1653705218
    },
    {
        "migrated_at": null,
        "id_sub_bl": 62965,
        "id_daerah": 473,
        "tahun": 2026,
        "id_unit": 717,
        "id_skpd": 717,
        "created_user": 1688,
        "kode_skpd": "7.01.0.00.0.00.19.0000",
        "nama_skpd": "Kecamatan Ulok Kupai",
        "id_urusan": 17,
        "kode_urusan": "7",
        "nama_urusan": "UNSUR KEWILAYAHAN",
        "id_bidang_urusan": 243,
        "kode_bidang_urusan": "7.01",
        "nama_bidang_urusan": "KECAMATAN",
        "id_sub_skpd": 717,
        "kode_sub_skpd": "7.01.0.00.0.00.19.0000",
        "nama_sub_skpd": "Kecamatan Ulok Kupai",
        "id_program": 4451,
        "kode_program": "7.01.01",
        "nama_program": "PROGRAM PENUNJANG URUSAN PEMERINTAHAN DAERAH KABUPATEN/KOTA",
        "outcome": "[ Terselenggaranya Penunjang urusan Pemerintahan Daerah Kecamatan Ulok Kupai ]",
        "indikator_outcome": "Persentase pemenuhan kebutuhan penunjang Perangkat Daerah (%)",
        "target_akhir": "100",
        "realisasi_capaian": "100",
        "prakiraan": "100",
        "target_maju_1": "100",
        "urai_output": "pemenuhan jasa penunjang",
        "id_giat": 18378,
        "kode_giat": "7.01.01.2.08",
        "nama_giat": "Penyediaan Jasa Penunjang Urusan Pemerintahan Daerah",
        "id_sub_giat": 60660,
        "kode_sub_giat": "7.01.01.2.08.0004",
        "nama_sub_giat": "Penyediaan Jasa Pelayanan Umum Kantor",
        "pagu": 54796000,
        "pagu_indikatif": 54796000,
        "pagu_n_depan": 60000000,
        "kode_bl": "717.717.4451.18378",
        "kode_sbl": "717.717.4451.18378.60660",
        "urusan_locked": 0,
        "bidang_urusan_locked": 0,
        "program_locked": 0,
        "giat_locked": 0,
        "sub_giat_locked": 0,
        "kunci_bl": 1,
        "kunci_bl_rinci": 1,
        "id_output_bl": 60675,
        "satuan_output": "Laporan",
        "tolak_ukur_output": "Jumlah Laporan Penyediaan Jasa Pelayanan Umum Kantor yang Disediakan",
        "target_teks_output": "1 Laporan",
        "satuan_capaian": null,
        "tolak_ukur_capaian": null,
        "target_teks_capaian": null,
        "satuan_sub": null,
        "tolok_ukur_sub": null,
        "target_sub_teks": null,
        "tolak_ukur_n": "Jumlah Laporan Penyediaan Jasa Pelayanan Umum Kantor yang Disediakan",
        "target_teks_n": "1 Laporan",
        "kode_dana": "1.2.01.08",
        "nama_dana": "Dana Alokasi Umum (DAU)",
        "lokasi_bl": "Kab. Bengkulu Utara, Ulok Kupai, Semua Kel/Desa",
        "id_label_pusat": 0,
        "label_pusat": null,
        "id_label_prov": 398,
        "label_prov": "4. Inovasi dan Tata Kelola Pemerintahan",
        "id_label_kokab": 0,
        "label_kokab": null,
        "kelompok_sasaran": null,
        "target_akhir_program_renstra": null,
        "target_min_1_program_renstra": null,
        "target_n_program_renstra": null,
        "target_akhir_giat_renstra": null,
        "target_min_1_giat_renstra": null,
        "target_n_giat_renstra": null,
        "target_akhir_sub_giat_renstra": " ",
        "target_min_1_sub_giat_renstra": " ",
        "target_n_sub_giat_renstra": " ",
        "total_pagu_indikatif_sub_skpd": 1623670753,
        "total_pagu_n_depan_sub_skpd": 1653705218,
        "total_pagu_indikatif_urusan": 1620063826,
        "total_pagu_n_depan_urusan": 1650044187,
        "total_pagu_indikatif_bidang_urusan": 1620063826,
        "total_pagu_n_depan_bidang_urusan": 1650044187,
        "total_pagu_indikatif_program": 1445422920,
        "total_pagu_n_depan_program": 1492444187,
        "total_pagu_indikatif_kegiatan": 72496000,
        "total_pagu_n_depan_kegiatan": 77709065,
        "total_pagu_indikatif": 1623670753,
        "total_pagu_n_depan": 1653705218
    },
    {
        "migrated_at": null,
        "id_sub_bl": 62968,
        "id_daerah": 473,
        "tahun": 2026,
        "id_unit": 717,
        "id_skpd": 717,
        "created_user": 1688,
        "kode_skpd": "7.01.0.00.0.00.19.0000",
        "nama_skpd": "Kecamatan Ulok Kupai",
        "id_urusan": 17,
        "kode_urusan": "7",
        "nama_urusan": "UNSUR KEWILAYAHAN",
        "id_bidang_urusan": 243,
        "kode_bidang_urusan": "7.01",
        "nama_bidang_urusan": "KECAMATAN",
        "id_sub_skpd": 717,
        "kode_sub_skpd": "7.01.0.00.0.00.19.0000",
        "nama_sub_skpd": "Kecamatan Ulok Kupai",
        "id_program": 4451,
        "kode_program": "7.01.01",
        "nama_program": "PROGRAM PENUNJANG URUSAN PEMERINTAHAN DAERAH KABUPATEN/KOTA",
        "outcome": "[ Terselenggaranya Penunjang urusan Pemerintahan Daerah Kecamatan Ulok Kupai ]",
        "indikator_outcome": "Persentase pemenuhan kebutuhan penunjang Perangkat Daerah (%)",
        "target_akhir": "100",
        "realisasi_capaian": "100",
        "prakiraan": "100",
        "target_maju_1": "100",
        "urai_output": "pemenuhan pemeliharaan BMD",
        "id_giat": 18379,
        "kode_giat": "7.01.01.2.09",
        "nama_giat": "Pemeliharaan Barang Milik Daerah Penunjang Urusan Pemerintahan Daerah",
        "id_sub_giat": 60662,
        "kode_sub_giat": "7.01.01.2.09.0002",
        "nama_sub_giat": "Penyediaan Jasa Pemeliharaan, Biaya Pemeliharaan, Pajak dan Perizinan Kendaraan Dinas Operasional atau Lapangan",
        "pagu": 35000000,
        "pagu_indikatif": 35000000,
        "pagu_n_depan": 40000000,
        "kode_bl": "717.717.4451.18379",
        "kode_sbl": "717.717.4451.18379.60662",
        "urusan_locked": 0,
        "bidang_urusan_locked": 0,
        "program_locked": 0,
        "giat_locked": 0,
        "sub_giat_locked": 0,
        "kunci_bl": 1,
        "kunci_bl_rinci": 1,
        "id_output_bl": 60678,
        "satuan_output": "Unit",
        "tolak_ukur_output": "Jumlah Kendaraan Dinas Operasional atau Lapangan yang Dipelihara dan dibayarkan Pajak dan Perizinannya",
        "target_teks_output": "3 Unit",
        "satuan_capaian": null,
        "tolak_ukur_capaian": null,
        "target_teks_capaian": null,
        "satuan_sub": null,
        "tolok_ukur_sub": null,
        "target_sub_teks": null,
        "tolak_ukur_n": "Jumlah Kendaraan Dinas Operasional atau Lapangan yang Dipelihara dan dibayarkan Pajak dan Perizinannya",
        "target_teks_n": "3 Unit",
        "kode_dana": "1.2.01.08",
        "nama_dana": "Dana Alokasi Umum (DAU)",
        "lokasi_bl": "Kab. Bengkulu Utara, Ulok Kupai, Semua Kel/Desa",
        "id_label_pusat": 0,
        "label_pusat": null,
        "id_label_prov": 398,
        "label_prov": "4. Inovasi dan Tata Kelola Pemerintahan",
        "id_label_kokab": 5210,
        "label_kokab": "5. Inovasi dan Tata Kelola Pemerintahan",
        "kelompok_sasaran": null,
        "target_akhir_program_renstra": null,
        "target_min_1_program_renstra": null,
        "target_n_program_renstra": null,
        "target_akhir_giat_renstra": null,
        "target_min_1_giat_renstra": null,
        "target_n_giat_renstra": null,
        "target_akhir_sub_giat_renstra": " ",
        "target_min_1_sub_giat_renstra": " ",
        "target_n_sub_giat_renstra": " ",
        "total_pagu_indikatif_sub_skpd": 1623670753,
        "total_pagu_n_depan_sub_skpd": 1653705218,
        "total_pagu_indikatif_urusan": 1620063826,
        "total_pagu_n_depan_urusan": 1650044187,
        "total_pagu_indikatif_bidang_urusan": 1620063826,
        "total_pagu_n_depan_bidang_urusan": 1650044187,
        "total_pagu_indikatif_program": 1445422920,
        "total_pagu_n_depan_program": 1492444187,
        "total_pagu_indikatif_kegiatan": 35000000,
        "total_pagu_n_depan_kegiatan": 40000000,
        "total_pagu_indikatif": 1623670753,
        "total_pagu_n_depan": 1653705218
    },
    {
        "migrated_at": null,
        "id_sub_bl": 62974,
        "id_daerah": 473,
        "tahun": 2026,
        "id_unit": 717,
        "id_skpd": 717,
        "created_user": 1688,
        "kode_skpd": "7.01.0.00.0.00.19.0000",
        "nama_skpd": "Kecamatan Ulok Kupai",
        "id_urusan": 17,
        "kode_urusan": "7",
        "nama_urusan": "UNSUR KEWILAYAHAN",
        "id_bidang_urusan": 243,
        "kode_bidang_urusan": "7.01",
        "nama_bidang_urusan": "KECAMATAN",
        "id_sub_skpd": 717,
        "kode_sub_skpd": "7.01.0.00.0.00.19.0000",
        "nama_sub_skpd": "Kecamatan Ulok Kupai",
        "id_program": 4418,
        "kode_program": "7.01.03",
        "nama_program": "PROGRAM PEMBERDAYAAN MASYARAKAT DESA DAN KELURAHAN",
        "outcome": "[ Terselenggaranya Program Pemberdayaan Masyarakat Desa dan Kelurahan Kecamatan Ulok Kupai ]",
        "indikator_outcome": "Persentase Pemberdayaan Masyarakat Desa dan Kelurahan",
        "target_akhir": "100",
        "realisasi_capaian": "100",
        "prakiraan": "100",
        "target_maju_1": "100",
        "urai_output": "Terpenuhinya Kegiatan Pemberdayaan Masyarakat Desa",
        "id_giat": 18279,
        "kode_giat": "7.01.03.2.01",
        "nama_giat": "Koordinasi Kegiatan Pemberdayaan Desa",
        "id_sub_giat": 59913,
        "kode_sub_giat": "7.01.03.2.01.0001",
        "nama_sub_giat": "Peningkatan Partisipasi Masyarakat dalam Forum Musyawarah Perencanaan Pembangunan di Desa",
        "pagu": 21000000,
        "pagu_indikatif": 21000000,
        "pagu_n_depan": 22000000,
        "kode_bl": "717.717.4418.18279",
        "kode_sbl": "717.717.4418.18279.59913",
        "urusan_locked": 0,
        "bidang_urusan_locked": 0,
        "program_locked": 0,
        "giat_locked": 0,
        "sub_giat_locked": 0,
        "kunci_bl": 1,
        "kunci_bl_rinci": 1,
        "id_output_bl": 60684,
        "satuan_output": "Lembaga Kemasyarakatan",
        "tolak_ukur_output": "Jumlah Lembaga Kemasyarakatan yang Berpartisipasi dalam Forum Musyawarah Perencanaan Pembangunan di Desa ",
        "target_teks_output": "6 Lembaga Kemasyarakatan",
        "satuan_capaian": null,
        "tolak_ukur_capaian": null,
        "target_teks_capaian": null,
        "satuan_sub": null,
        "tolok_ukur_sub": null,
        "target_sub_teks": null,
        "tolak_ukur_n": "Jumlah Lembaga Kemasyarakatan yang Berpartisipasi dalam Forum Musyawarah Perencanaan Pembangunan di Desa ",
        "target_teks_n": "6 Lembaga Kemasyarakatan",
        "kode_dana": "1.2.01.08",
        "nama_dana": "Dana Alokasi Umum (DAU)",
        "lokasi_bl": "Kab. Bengkulu Utara, Ulok Kupai, Semua Kel/Desa",
        "id_label_pusat": 0,
        "label_pusat": null,
        "id_label_prov": 397,
        "label_prov": "3. Penguatan Ketahanan dan Transformasi Ekonomi",
        "id_label_kokab": 0,
        "label_kokab": null,
        "kelompok_sasaran": null,
        "target_akhir_program_renstra": null,
        "target_min_1_program_renstra": null,
        "target_n_program_renstra": null,
        "target_akhir_giat_renstra": null,
        "target_min_1_giat_renstra": null,
        "target_n_giat_renstra": null,
        "target_akhir_sub_giat_renstra": " ",
        "target_min_1_sub_giat_renstra": " ",
        "target_n_sub_giat_renstra": " ",
        "total_pagu_indikatif_sub_skpd": 1623670753,
        "total_pagu_n_depan_sub_skpd": 1653705218,
        "total_pagu_indikatif_urusan": 1620063826,
        "total_pagu_n_depan_urusan": 1650044187,
        "total_pagu_indikatif_bidang_urusan": 1620063826,
        "total_pagu_n_depan_bidang_urusan": 1650044187,
        "total_pagu_indikatif_program": 21000000,
        "total_pagu_n_depan_program": 22000000,
        "total_pagu_indikatif_kegiatan": 21000000,
        "total_pagu_n_depan_kegiatan": 22000000,
        "total_pagu_indikatif": 1623670753,
        "total_pagu_n_depan": 1653705218
    },
    {
        "migrated_at": null,
        "id_sub_bl": 62977,
        "id_daerah": 473,
        "tahun": 2026,
        "id_unit": 717,
        "id_skpd": 717,
        "created_user": 1688,
        "kode_skpd": "7.01.0.00.0.00.19.0000",
        "nama_skpd": "Kecamatan Ulok Kupai",
        "id_urusan": 17,
        "kode_urusan": "7",
        "nama_urusan": "UNSUR KEWILAYAHAN",
        "id_bidang_urusan": 243,
        "kode_bidang_urusan": "7.01",
        "nama_bidang_urusan": "KECAMATAN",
        "id_sub_skpd": 717,
        "kode_sub_skpd": "7.01.0.00.0.00.19.0000",
        "nama_sub_skpd": "Kecamatan Ulok Kupai",
        "id_program": 4423,
        "kode_program": "7.01.06",
        "nama_program": "PROGRAM PEMBINAAN DAN PENGAWASAN PEMERINTAHAN DESA",
        "outcome": "[ Terselenggaranya Program Pembinaan dan Pengawasan Pemerintahan Desa Kecamatan Ulok Kupai ]",
        "indikator_outcome": "Persentase Tingkat Pembinaan dan Pengawasan Desa",
        "target_akhir": "100",
        "realisasi_capaian": "100",
        "prakiraan": "100",
        "target_maju_1": "100",
        "urai_output": "Terpenuhinya Krgiatan Fasilitasi, Rekomendasi dan Koordinasi Pembinaan dan Pengawasan Pemerintahan Desa",
        "id_giat": 18290,
        "kode_giat": "7.01.06.2.01",
        "nama_giat": "Fasilitasi, Rekomendasi dan Koordinasi\n\nPembinaan dan Pengawasan Pemerintahan Desa",
        "id_sub_giat": 59975,
        "kode_sub_giat": "7.01.06.2.01.0016",
        "nama_sub_giat": "Fasilitasi Penyusunan Program dan Pelaksanaan Pemberdayaan Masyarakat Desa",
        "pagu": 153640906,
        "pagu_indikatif": 153640906,
        "pagu_n_depan": 135600000,
        "kode_bl": "717.717.4423.18290",
        "kode_sbl": "717.717.4423.18290.59975",
        "urusan_locked": 0,
        "bidang_urusan_locked": 0,
        "program_locked": 0,
        "giat_locked": 0,
        "sub_giat_locked": 0,
        "kunci_bl": 1,
        "kunci_bl_rinci": 1,
        "id_output_bl": 60687,
        "satuan_output": "Dokumen",
        "tolak_ukur_output": "Jumlah Dokumen Fasilitasi dalam rangka Program dan Pelaksanaan Pemberdayaan Masyarakat Desa",
        "target_teks_output": "1 Dokumen",
        "satuan_capaian": null,
        "tolak_ukur_capaian": null,
        "target_teks_capaian": null,
        "satuan_sub": null,
        "tolok_ukur_sub": null,
        "target_sub_teks": null,
        "tolak_ukur_n": "Jumlah Dokumen Fasilitasi dalam rangka Program dan Pelaksanaan Pemberdayaan Masyarakat Desa",
        "target_teks_n": "1 Dokumen",
        "kode_dana": "1.2.01.08",
        "nama_dana": "Dana Alokasi Umum (DAU)",
        "lokasi_bl": "Kab. Bengkulu Utara, Ulok Kupai, Semua Kel/Desa",
        "id_label_pusat": 0,
        "label_pusat": null,
        "id_label_prov": 395,
        "label_prov": "1. Percepatan Pengentasan Kemiskinan dan Peningkatan Kualitas SDM yang Berdaya Saing\t",
        "id_label_kokab": 5207,
        "label_kokab": "2. Percepatan transformasi sosial kultural berbasis peningkatan kualitas sumber daya manusia",
        "kelompok_sasaran": null,
        "target_akhir_program_renstra": null,
        "target_min_1_program_renstra": null,
        "target_n_program_renstra": null,
        "target_akhir_giat_renstra": null,
        "target_min_1_giat_renstra": null,
        "target_n_giat_renstra": null,
        "target_akhir_sub_giat_renstra": " ",
        "target_min_1_sub_giat_renstra": " ",
        "target_n_sub_giat_renstra": " ",
        "total_pagu_indikatif_sub_skpd": 1623670753,
        "total_pagu_n_depan_sub_skpd": 1653705218,
        "total_pagu_indikatif_urusan": 1620063826,
        "total_pagu_n_depan_urusan": 1650044187,
        "total_pagu_indikatif_bidang_urusan": 1620063826,
        "total_pagu_n_depan_bidang_urusan": 1650044187,
        "total_pagu_indikatif_program": 153640906,
        "total_pagu_n_depan_program": 135600000,
        "total_pagu_indikatif_kegiatan": 153640906,
        "total_pagu_n_depan_kegiatan": 135600000,
        "total_pagu_indikatif": 1623670753,
        "total_pagu_n_depan": 1653705218
    },
    {
        "migrated_at": null,
        "id_sub_bl": 62932,
        "id_daerah": 473,
        "tahun": 2026,
        "id_unit": 717,
        "id_skpd": 717,
        "created_user": 1688,
        "kode_skpd": "7.01.0.00.0.00.19.0000",
        "nama_skpd": "Kecamatan Ulok Kupai",
        "id_urusan": 20,
        "kode_urusan": "X",
        "nama_urusan": "NON URUSAN",
        "id_bidang_urusan": 251,
        "kode_bidang_urusan": "X.XX",
        "nama_bidang_urusan": "URUSAN PEMERINTAHAN BIDANG XX",
        "id_sub_skpd": 717,
        "kode_sub_skpd": "7.01.0.00.0.00.19.0000",
        "nama_sub_skpd": "Kecamatan Ulok Kupai",
        "id_program": 4451,
        "kode_program": "X.XX.01",
        "nama_program": "PROGRAM PENUNJANG URUSAN PEMERINTAHAN DAERAH KABUPATEN/KOTA",
        "outcome": null,
        "indikator_outcome": null,
        "target_akhir": null,
        "realisasi_capaian": null,
        "prakiraan": null,
        "target_maju_1": null,
        "urai_output": null,
        "id_giat": 18372,
        "kode_giat": "X.XX.01.2.02",
        "nama_giat": "Administrasi Keuangan Perangkat Daerah",
        "id_sub_giat": 60608,
        "kode_sub_giat": "X.XX.01.2.02.0007",
        "nama_sub_giat": "Koordinasi dan Penyusunan Laporan Keuangan Bulanan/ Triwulanan/ Semesteran SKPD",
        "pagu": 3606927,
        "pagu_indikatif": 3606927,
        "pagu_n_depan": 3661031,
        "kode_bl": "717.717.4451.18372",
        "kode_sbl": "717.717.4451.18372.60608",
        "urusan_locked": 0,
        "bidang_urusan_locked": 0,
        "program_locked": 0,
        "giat_locked": 0,
        "sub_giat_locked": 0,
        "kunci_bl": 1,
        "kunci_bl_rinci": 1,
        "id_output_bl": 60642,
        "satuan_output": "Laporan",
        "tolak_ukur_output": "Jumlah Laporan Keuangan Bulanan/ Triwulanan/ Semesteran SKPD dan Laporan Koordinasi Penyusunan Laporan Keuangan Bulanan/Triwulanan/Semesteran SKPD",
        "target_teks_output": "1 Laporan",
        "satuan_capaian": null,
        "tolak_ukur_capaian": null,
        "target_teks_capaian": null,
        "satuan_sub": null,
        "tolok_ukur_sub": null,
        "target_sub_teks": null,
        "tolak_ukur_n": "Jumlah Laporan Keuangan Bulanan/ Triwulanan/ Semesteran SKPD dan Laporan Koordinasi Penyusunan Laporan Keuangan Bulanan/Triwulanan/Semesteran SKPD",
        "target_teks_n": "1 Laporan",
        "kode_dana": "1.2.01.08",
        "nama_dana": "Dana Alokasi Umum (DAU)",
        "lokasi_bl": "Kab. Bengkulu Utara, Ulok Kupai, Semua Kel/Desa",
        "id_label_pusat": 0,
        "label_pusat": null,
        "id_label_prov": 398,
        "label_prov": "4. Inovasi dan Tata Kelola Pemerintahan",
        "id_label_kokab": 0,
        "label_kokab": null,
        "kelompok_sasaran": null,
        "target_akhir_program_renstra": null,
        "target_min_1_program_renstra": null,
        "target_n_program_renstra": null,
        "target_akhir_giat_renstra": null,
        "target_min_1_giat_renstra": null,
        "target_n_giat_renstra": null,
        "target_akhir_sub_giat_renstra": " ",
        "target_min_1_sub_giat_renstra": " ",
        "target_n_sub_giat_renstra": " ",
        "total_pagu_indikatif_sub_skpd": 1623670753,
        "total_pagu_n_depan_sub_skpd": 1653705218,
        "total_pagu_indikatif_urusan": 3606927,
        "total_pagu_n_depan_urusan": 3661031,
        "total_pagu_indikatif_bidang_urusan": 3606927,
        "total_pagu_n_depan_bidang_urusan": 3661031,
        "total_pagu_indikatif_program": 3606927,
        "total_pagu_n_depan_program": 3661031,
        "total_pagu_indikatif_kegiatan": 3606927,
        "total_pagu_n_depan_kegiatan": 3661031,
        "total_pagu_indikatif": 1623670753,
        "total_pagu_n_depan": 1653705218
    }
]