[
    {
        "migrated_at": null,
        "id_sub_bl": 59908,
        "id_daerah": 473,
        "tahun": 2026,
        "id_unit": 677,
        "id_skpd": 677,
        "created_user": 6591,
        "kode_skpd": "7.01.0.00.0.00.18.0000",
        "nama_skpd": "Kecamatan Tanjung Agung Palik",
        "id_urusan": 17,
        "kode_urusan": "7",
        "nama_urusan": "UNSUR KEWILAYAHAN",
        "id_bidang_urusan": 243,
        "kode_bidang_urusan": "7.01",
        "nama_bidang_urusan": "KECAMATAN",
        "id_sub_skpd": 677,
        "kode_sub_skpd": "7.01.0.00.0.00.18.0000",
        "nama_sub_skpd": "Kecamatan Tanjung Agung Palik",
        "id_program": 4451,
        "kode_program": "7.01.01",
        "nama_program": "PROGRAM PENUNJANG URUSAN PEMERINTAHAN DAERAH KABUPATEN/KOTA",
        "outcome": "[ Terselenggaranya Penunjang urusan Pemerintahan Daerah Kecamatan Tanjung Agung Palik ]",
        "indikator_outcome": "Persentase pemenuhan kebutuhan penunjang Perangkat Daerah",
        "target_akhir": "100",
        "realisasi_capaian": "100",
        "prakiraan": "100",
        "target_maju_1": "100",
        "urai_output": "Dokumen perencanaan, penganggaran dan evaluasi Perangkat Daerah",
        "id_giat": 18371,
        "kode_giat": "7.01.01.2.01",
        "nama_giat": "Perencanaan, Penganggaran, dan Evaluasi Kinerja Perangkat Daerah",
        "id_sub_giat": 60589,
        "kode_sub_giat": "7.01.01.2.01.0001",
        "nama_sub_giat": "Penyusunan Dokumen Perencanaan Perangkat Daerah",
        "pagu": 50000000,
        "pagu_indikatif": 50000000,
        "pagu_n_depan": 50000000,
        "kode_bl": "677.677.4451.18371",
        "kode_sbl": "677.677.4451.18371.60589",
        "urusan_locked": 0,
        "bidang_urusan_locked": 0,
        "program_locked": 0,
        "giat_locked": 0,
        "sub_giat_locked": 0,
        "kunci_bl": 1,
        "kunci_bl_rinci": 1,
        "id_output_bl": 57618,
        "satuan_output": "Dokumen",
        "tolak_ukur_output": "Jumlah Dokumen Perencanaan Perangkat Daerah ",
        "target_teks_output": "5 Dokumen",
        "satuan_capaian": null,
        "tolak_ukur_capaian": null,
        "target_teks_capaian": null,
        "satuan_sub": null,
        "tolok_ukur_sub": null,
        "target_sub_teks": null,
        "tolak_ukur_n": "Jumlah Dokumen Perencanaan Perangkat Daerah ",
        "target_teks_n": "5 Dokumen",
        "kode_dana": "1.2.01.08",
        "nama_dana": "Dana Alokasi Umum (DAU)",
        "lokasi_bl": "Kab. Bengkulu Utara, Tanjung Agung Palik, Semua Kel/Desa",
        "id_label_pusat": 0,
        "label_pusat": null,
        "id_label_prov": 398,
        "label_prov": "4. Inovasi dan Tata Kelola Pemerintahan",
        "id_label_kokab": 0,
        "label_kokab": null,
        "kelompok_sasaran": null,
        "target_akhir_program_renstra": null,
        "target_min_1_program_renstra": null,
        "target_n_program_renstra": null,
        "target_akhir_giat_renstra": null,
        "target_min_1_giat_renstra": null,
        "target_n_giat_renstra": null,
        "target_akhir_sub_giat_renstra": " ",
        "target_min_1_sub_giat_renstra": " ",
        "target_n_sub_giat_renstra": " ",
        "total_pagu_indikatif_sub_skpd": 1787671180,
        "total_pagu_n_depan_sub_skpd": 1794750901,
        "total_pagu_indikatif_urusan": 1787671180,
        "total_pagu_n_depan_urusan": 1794750901,
        "total_pagu_indikatif_bidang_urusan": 1787671180,
        "total_pagu_n_depan_bidang_urusan": 1794750901,
        "total_pagu_indikatif_program": 1652671180,
        "total_pagu_n_depan_program": 1659750901,
        "total_pagu_indikatif_kegiatan": 50000000,
        "total_pagu_n_depan_kegiatan": 50000000,
        "total_pagu_indikatif": 1787671180,
        "total_pagu_n_depan": 1794750901
    },
    {
        "migrated_at": null,
        "id_sub_bl": 59912,
        "id_daerah": 473,
        "tahun": 2026,
        "id_unit": 677,
        "id_skpd": 677,
        "created_user": 6591,
        "kode_skpd": "7.01.0.00.0.00.18.0000",
        "nama_skpd": "Kecamatan Tanjung Agung Palik",
        "id_urusan": 17,
        "kode_urusan": "7",
        "nama_urusan": "UNSUR KEWILAYAHAN",
        "id_bidang_urusan": 243,
        "kode_bidang_urusan": "7.01",
        "nama_bidang_urusan": "KECAMATAN",
        "id_sub_skpd": 677,
        "kode_sub_skpd": "7.01.0.00.0.00.18.0000",
        "nama_sub_skpd": "Kecamatan Tanjung Agung Palik",
        "id_program": 4451,
        "kode_program": "7.01.01",
        "nama_program": "PROGRAM PENUNJANG URUSAN PEMERINTAHAN DAERAH KABUPATEN/KOTA",
        "outcome": "[ Terselenggaranya Penunjang urusan Pemerintahan Daerah Kecamatan Tanjung Agung Palik ]",
        "indikator_outcome": "Persentase pemenuhan kebutuhan penunjang Perangkat Daerah",
        "target_akhir": "100",
        "realisasi_capaian": "100",
        "prakiraan": "100",
        "target_maju_1": "100",
        "urai_output": "Pemenuhan administrasi keuangan Perangkat Daerah",
        "id_giat": 18372,
        "kode_giat": "7.01.01.2.02",
        "nama_giat": "Administrasi Keuangan Perangkat Daerah",
        "id_sub_giat": 60602,
        "kode_sub_giat": "7.01.01.2.02.0001",
        "nama_sub_giat": "Penyediaan Gaji dan Tunjangan ASN",
        "pagu": 1245176150,
        "pagu_indikatif": 1245176150,
        "pagu_n_depan": 1245176150,
        "kode_bl": "677.677.4451.18372",
        "kode_sbl": "677.677.4451.18372.60602",
        "urusan_locked": 0,
        "bidang_urusan_locked": 0,
        "program_locked": 0,
        "giat_locked": 0,
        "sub_giat_locked": 0,
        "kunci_bl": 1,
        "kunci_bl_rinci": 1,
        "id_output_bl": 57622,
        "satuan_output": "Orang/bulan",
        "tolak_ukur_output": "Jumlah Orang yang Menerima Gaji dan Tunjangan ASN",
        "target_teks_output": "15 Orang/bulan",
        "satuan_capaian": null,
        "tolak_ukur_capaian": null,
        "target_teks_capaian": null,
        "satuan_sub": null,
        "tolok_ukur_sub": null,
        "target_sub_teks": null,
        "tolak_ukur_n": "Jumlah Orang yang Menerima Gaji dan Tunjangan ASN",
        "target_teks_n": "15 Orang/bulan",
        "kode_dana": "1.2.01.08",
        "nama_dana": "Dana Alokasi Umum (DAU)",
        "lokasi_bl": "Kab. Bengkulu Utara, Tanjung Agung Palik, Semua Kel/Desa",
        "id_label_pusat": 0,
        "label_pusat": null,
        "id_label_prov": 398,
        "label_prov": "4. Inovasi dan Tata Kelola Pemerintahan",
        "id_label_kokab": 0,
        "label_kokab": null,
        "kelompok_sasaran": null,
        "target_akhir_program_renstra": null,
        "target_min_1_program_renstra": null,
        "target_n_program_renstra": null,
        "target_akhir_giat_renstra": null,
        "target_min_1_giat_renstra": null,
        "target_n_giat_renstra": null,
        "target_akhir_sub_giat_renstra": " ",
        "target_min_1_sub_giat_renstra": " ",
        "target_n_sub_giat_renstra": " ",
        "total_pagu_indikatif_sub_skpd": 1787671180,
        "total_pagu_n_depan_sub_skpd": 1794750901,
        "total_pagu_indikatif_urusan": 1787671180,
        "total_pagu_n_depan_urusan": 1794750901,
        "total_pagu_indikatif_bidang_urusan": 1787671180,
        "total_pagu_n_depan_bidang_urusan": 1794750901,
        "total_pagu_indikatif_program": 1652671180,
        "total_pagu_n_depan_program": 1659750901,
        "total_pagu_indikatif_kegiatan": 1286176150,
        "total_pagu_n_depan_kegiatan": 1286176150,
        "total_pagu_indikatif": 1787671180,
        "total_pagu_n_depan": 1794750901
    },
    {
        "migrated_at": null,
        "id_sub_bl": 59916,
        "id_daerah": 473,
        "tahun": 2026,
        "id_unit": 677,
        "id_skpd": 677,
        "created_user": 6591,
        "kode_skpd": "7.01.0.00.0.00.18.0000",
        "nama_skpd": "Kecamatan Tanjung Agung Palik",
        "id_urusan": 17,
        "kode_urusan": "7",
        "nama_urusan": "UNSUR KEWILAYAHAN",
        "id_bidang_urusan": 243,
        "kode_bidang_urusan": "7.01",
        "nama_bidang_urusan": "KECAMATAN",
        "id_sub_skpd": 677,
        "kode_sub_skpd": "7.01.0.00.0.00.18.0000",
        "nama_sub_skpd": "Kecamatan Tanjung Agung Palik",
        "id_program": 4451,
        "kode_program": "7.01.01",
        "nama_program": "PROGRAM PENUNJANG URUSAN PEMERINTAHAN DAERAH KABUPATEN/KOTA",
        "outcome": "[ Terselenggaranya Penunjang urusan Pemerintahan Daerah Kecamatan Tanjung Agung Palik ]",
        "indikator_outcome": "Persentase pemenuhan kebutuhan penunjang Perangkat Daerah",
        "target_akhir": "100",
        "realisasi_capaian": "100",
        "prakiraan": "100",
        "target_maju_1": "100",
        "urai_output": "Pemenuhan administrasi keuangan Perangkat Daerah",
        "id_giat": 18372,
        "kode_giat": "7.01.01.2.02",
        "nama_giat": "Administrasi Keuangan Perangkat Daerah",
        "id_sub_giat": 60604,
        "kode_sub_giat": "7.01.01.2.02.0003",
        "nama_sub_giat": "Pelaksanaan Penatausahaan dan\r\n\nPengujian/Verifikasi Keuangan SKPD",
        "pagu": 35000000,
        "pagu_indikatif": 35000000,
        "pagu_n_depan": 35000000,
        "kode_bl": "677.677.4451.18372",
        "kode_sbl": "677.677.4451.18372.60604",
        "urusan_locked": 0,
        "bidang_urusan_locked": 0,
        "program_locked": 0,
        "giat_locked": 0,
        "sub_giat_locked": 0,
        "kunci_bl": 1,
        "kunci_bl_rinci": 1,
        "id_output_bl": 57626,
        "satuan_output": "Dokumen",
        "tolak_ukur_output": "Jumlah Dokumen Penatausahaan dan Pengujian/Verifikasi Keuangan SKPD",
        "target_teks_output": "1 Dokumen",
        "satuan_capaian": null,
        "tolak_ukur_capaian": null,
        "target_teks_capaian": null,
        "satuan_sub": null,
        "tolok_ukur_sub": null,
        "target_sub_teks": null,
        "tolak_ukur_n": "Jumlah Dokumen Penatausahaan dan Pengujian/Verifikasi Keuangan SKPD",
        "target_teks_n": "1 Dokumen",
        "kode_dana": "1.2.01.08",
        "nama_dana": "Dana Alokasi Umum (DAU)",
        "lokasi_bl": "Kab. Bengkulu Utara, Tanjung Agung Palik, Semua Kel/Desa",
        "id_label_pusat": 0,
        "label_pusat": null,
        "id_label_prov": 398,
        "label_prov": "4. Inovasi dan Tata Kelola Pemerintahan",
        "id_label_kokab": 0,
        "label_kokab": null,
        "kelompok_sasaran": null,
        "target_akhir_program_renstra": null,
        "target_min_1_program_renstra": null,
        "target_n_program_renstra": null,
        "target_akhir_giat_renstra": null,
        "target_min_1_giat_renstra": null,
        "target_n_giat_renstra": null,
        "target_akhir_sub_giat_renstra": " ",
        "target_min_1_sub_giat_renstra": " ",
        "target_n_sub_giat_renstra": " ",
        "total_pagu_indikatif_sub_skpd": 1787671180,
        "total_pagu_n_depan_sub_skpd": 1794750901,
        "total_pagu_indikatif_urusan": 1787671180,
        "total_pagu_n_depan_urusan": 1794750901,
        "total_pagu_indikatif_bidang_urusan": 1787671180,
        "total_pagu_n_depan_bidang_urusan": 1794750901,
        "total_pagu_indikatif_program": 1652671180,
        "total_pagu_n_depan_program": 1659750901,
        "total_pagu_indikatif_kegiatan": 1286176150,
        "total_pagu_n_depan_kegiatan": 1286176150,
        "total_pagu_indikatif": 1787671180,
        "total_pagu_n_depan": 1794750901
    },
    {
        "migrated_at": null,
        "id_sub_bl": 59919,
        "id_daerah": 473,
        "tahun": 2026,
        "id_unit": 677,
        "id_skpd": 677,
        "created_user": 6591,
        "kode_skpd": "7.01.0.00.0.00.18.0000",
        "nama_skpd": "Kecamatan Tanjung Agung Palik",
        "id_urusan": 17,
        "kode_urusan": "7",
        "nama_urusan": "UNSUR KEWILAYAHAN",
        "id_bidang_urusan": 243,
        "kode_bidang_urusan": "7.01",
        "nama_bidang_urusan": "KECAMATAN",
        "id_sub_skpd": 677,
        "kode_sub_skpd": "7.01.0.00.0.00.18.0000",
        "nama_sub_skpd": "Kecamatan Tanjung Agung Palik",
        "id_program": 4451,
        "kode_program": "7.01.01",
        "nama_program": "PROGRAM PENUNJANG URUSAN PEMERINTAHAN DAERAH KABUPATEN/KOTA",
        "outcome": "[ Terselenggaranya Penunjang urusan Pemerintahan Daerah Kecamatan Tanjung Agung Palik ]",
        "indikator_outcome": "Persentase pemenuhan kebutuhan penunjang Perangkat Daerah",
        "target_akhir": "100",
        "realisasi_capaian": "100",
        "prakiraan": "100",
        "target_maju_1": "100",
        "urai_output": "Pemenuhan administrasi keuangan Perangkat Daerah",
        "id_giat": 18372,
        "kode_giat": "7.01.01.2.02",
        "nama_giat": "Administrasi Keuangan Perangkat Daerah",
        "id_sub_giat": 60606,
        "kode_sub_giat": "7.01.01.2.02.0005",
        "nama_sub_giat": "Koordinasi dan Penyusunan Laporan Keuangan Akhir Tahun SKPD",
        "pagu": 3000000,
        "pagu_indikatif": 3000000,
        "pagu_n_depan": 3000000,
        "kode_bl": "677.677.4451.18372",
        "kode_sbl": "677.677.4451.18372.60606",
        "urusan_locked": 0,
        "bidang_urusan_locked": 0,
        "program_locked": 0,
        "giat_locked": 0,
        "sub_giat_locked": 0,
        "kunci_bl": 1,
        "kunci_bl_rinci": 1,
        "id_output_bl": 57629,
        "satuan_output": "Laporan",
        "tolak_ukur_output": "Jumlah Laporan Keuangan Akhir Tahun SKPD dan Laporan Hasil Koordinasi Penyusunan Laporan Keuangan Akhir Tahun SKPD",
        "target_teks_output": "2 Laporan",
        "satuan_capaian": null,
        "tolak_ukur_capaian": null,
        "target_teks_capaian": null,
        "satuan_sub": null,
        "tolok_ukur_sub": null,
        "target_sub_teks": null,
        "tolak_ukur_n": "Jumlah Laporan Keuangan Akhir Tahun SKPD dan Laporan Hasil Koordinasi Penyusunan Laporan Keuangan Akhir Tahun SKPD",
        "target_teks_n": "2 Laporan",
        "kode_dana": "1.2.01.08",
        "nama_dana": "Dana Alokasi Umum (DAU)",
        "lokasi_bl": "Kab. Bengkulu Utara, Tanjung Agung Palik, Semua Kel/Desa",
        "id_label_pusat": 0,
        "label_pusat": null,
        "id_label_prov": 398,
        "label_prov": "4. Inovasi dan Tata Kelola Pemerintahan",
        "id_label_kokab": 0,
        "label_kokab": null,
        "kelompok_sasaran": null,
        "target_akhir_program_renstra": null,
        "target_min_1_program_renstra": null,
        "target_n_program_renstra": null,
        "target_akhir_giat_renstra": null,
        "target_min_1_giat_renstra": null,
        "target_n_giat_renstra": null,
        "target_akhir_sub_giat_renstra": " ",
        "target_min_1_sub_giat_renstra": " ",
        "target_n_sub_giat_renstra": " ",
        "total_pagu_indikatif_sub_skpd": 1787671180,
        "total_pagu_n_depan_sub_skpd": 1794750901,
        "total_pagu_indikatif_urusan": 1787671180,
        "total_pagu_n_depan_urusan": 1794750901,
        "total_pagu_indikatif_bidang_urusan": 1787671180,
        "total_pagu_n_depan_bidang_urusan": 1794750901,
        "total_pagu_indikatif_program": 1652671180,
        "total_pagu_n_depan_program": 1659750901,
        "total_pagu_indikatif_kegiatan": 1286176150,
        "total_pagu_n_depan_kegiatan": 1286176150,
        "total_pagu_indikatif": 1787671180,
        "total_pagu_n_depan": 1794750901
    },
    {
        "migrated_at": null,
        "id_sub_bl": 59917,
        "id_daerah": 473,
        "tahun": 2026,
        "id_unit": 677,
        "id_skpd": 677,
        "created_user": 6591,
        "kode_skpd": "7.01.0.00.0.00.18.0000",
        "nama_skpd": "Kecamatan Tanjung Agung Palik",
        "id_urusan": 17,
        "kode_urusan": "7",
        "nama_urusan": "UNSUR KEWILAYAHAN",
        "id_bidang_urusan": 243,
        "kode_bidang_urusan": "7.01",
        "nama_bidang_urusan": "KECAMATAN",
        "id_sub_skpd": 677,
        "kode_sub_skpd": "7.01.0.00.0.00.18.0000",
        "nama_sub_skpd": "Kecamatan Tanjung Agung Palik",
        "id_program": 4451,
        "kode_program": "7.01.01",
        "nama_program": "PROGRAM PENUNJANG URUSAN PEMERINTAHAN DAERAH KABUPATEN/KOTA",
        "outcome": "[ Terselenggaranya Penunjang urusan Pemerintahan Daerah Kecamatan Tanjung Agung Palik ]",
        "indikator_outcome": "Persentase pemenuhan kebutuhan penunjang Perangkat Daerah",
        "target_akhir": "100",
        "realisasi_capaian": "100",
        "prakiraan": "100",
        "target_maju_1": "100",
        "urai_output": "Pemenuhan administrasi keuangan Perangkat Daerah",
        "id_giat": 18372,
        "kode_giat": "7.01.01.2.02",
        "nama_giat": "Administrasi Keuangan Perangkat Daerah",
        "id_sub_giat": 60608,
        "kode_sub_giat": "7.01.01.2.02.0007",
        "nama_sub_giat": "Koordinasi dan Penyusunan Laporan Keuangan Bulanan/ Triwulanan/ Semesteran SKPD",
        "pagu": 3000000,
        "pagu_indikatif": 3000000,
        "pagu_n_depan": 3000000,
        "kode_bl": "677.677.4451.18372",
        "kode_sbl": "677.677.4451.18372.60608",
        "urusan_locked": 0,
        "bidang_urusan_locked": 0,
        "program_locked": 0,
        "giat_locked": 0,
        "sub_giat_locked": 0,
        "kunci_bl": 1,
        "kunci_bl_rinci": 1,
        "id_output_bl": 57627,
        "satuan_output": "Laporan",
        "tolak_ukur_output": "Jumlah Laporan Keuangan Bulanan/ Triwulanan/ Semesteran SKPD dan Laporan Koordinasi Penyusunan Laporan Keuangan Bulanan/Triwulanan/Semesteran SKPD",
        "target_teks_output": "12 Laporan",
        "satuan_capaian": null,
        "tolak_ukur_capaian": null,
        "target_teks_capaian": null,
        "satuan_sub": null,
        "tolok_ukur_sub": null,
        "target_sub_teks": null,
        "tolak_ukur_n": "Jumlah Laporan Keuangan Bulanan/ Triwulanan/ Semesteran SKPD dan Laporan Koordinasi Penyusunan Laporan Keuangan Bulanan/Triwulanan/Semesteran SKPD",
        "target_teks_n": "12 Laporan",
        "kode_dana": "1.2.01.08",
        "nama_dana": "Dana Alokasi Umum (DAU)",
        "lokasi_bl": "Kab. Bengkulu Utara, Putri Hijau, Semua Kel/Desa",
        "id_label_pusat": 0,
        "label_pusat": null,
        "id_label_prov": 398,
        "label_prov": "4. Inovasi dan Tata Kelola Pemerintahan",
        "id_label_kokab": 0,
        "label_kokab": null,
        "kelompok_sasaran": null,
        "target_akhir_program_renstra": null,
        "target_min_1_program_renstra": null,
        "target_n_program_renstra": null,
        "target_akhir_giat_renstra": null,
        "target_min_1_giat_renstra": null,
        "target_n_giat_renstra": null,
        "target_akhir_sub_giat_renstra": " ",
        "target_min_1_sub_giat_renstra": " ",
        "target_n_sub_giat_renstra": " ",
        "total_pagu_indikatif_sub_skpd": 1787671180,
        "total_pagu_n_depan_sub_skpd": 1794750901,
        "total_pagu_indikatif_urusan": 1787671180,
        "total_pagu_n_depan_urusan": 1794750901,
        "total_pagu_indikatif_bidang_urusan": 1787671180,
        "total_pagu_n_depan_bidang_urusan": 1794750901,
        "total_pagu_indikatif_program": 1652671180,
        "total_pagu_n_depan_program": 1659750901,
        "total_pagu_indikatif_kegiatan": 1286176150,
        "total_pagu_n_depan_kegiatan": 1286176150,
        "total_pagu_indikatif": 1787671180,
        "total_pagu_n_depan": 1794750901
    },
    {
        "migrated_at": null,
        "id_sub_bl": 59923,
        "id_daerah": 473,
        "tahun": 2026,
        "id_unit": 677,
        "id_skpd": 677,
        "created_user": 6591,
        "kode_skpd": "7.01.0.00.0.00.18.0000",
        "nama_skpd": "Kecamatan Tanjung Agung Palik",
        "id_urusan": 17,
        "kode_urusan": "7",
        "nama_urusan": "UNSUR KEWILAYAHAN",
        "id_bidang_urusan": 243,
        "kode_bidang_urusan": "7.01",
        "nama_bidang_urusan": "KECAMATAN",
        "id_sub_skpd": 677,
        "kode_sub_skpd": "7.01.0.00.0.00.18.0000",
        "nama_sub_skpd": "Kecamatan Tanjung Agung Palik",
        "id_program": 4451,
        "kode_program": "7.01.01",
        "nama_program": "PROGRAM PENUNJANG URUSAN PEMERINTAHAN DAERAH KABUPATEN/KOTA",
        "outcome": "[ Terselenggaranya Penunjang urusan Pemerintahan Daerah Kecamatan Tanjung Agung Palik ]",
        "indikator_outcome": "Persentase pemenuhan kebutuhan penunjang Perangkat Daerah",
        "target_akhir": "100",
        "realisasi_capaian": "100",
        "prakiraan": "100",
        "target_maju_1": "100",
        "urai_output": "Pemenuhan administrasi BMD Perangkat Daerah",
        "id_giat": 18373,
        "kode_giat": "7.01.01.2.03",
        "nama_giat": "Administrasi Barang Milik Daerah pada Perangkat Daerah",
        "id_sub_giat": 60615,
        "kode_sub_giat": "7.01.01.2.03.0006",
        "nama_sub_giat": "Penatausahaan Barang Milik Daerah pada SKPD",
        "pagu": 27000000,
        "pagu_indikatif": 27000000,
        "pagu_n_depan": 27000000,
        "kode_bl": "677.677.4451.18373",
        "kode_sbl": "677.677.4451.18373.60615",
        "urusan_locked": 0,
        "bidang_urusan_locked": 0,
        "program_locked": 0,
        "giat_locked": 0,
        "sub_giat_locked": 0,
        "kunci_bl": 1,
        "kunci_bl_rinci": 1,
        "id_output_bl": 57633,
        "satuan_output": "Laporan",
        "tolak_ukur_output": "Jumlah Laporan Penatausahaan Barang Milik Daerah pada SKPD",
        "target_teks_output": "1 Laporan",
        "satuan_capaian": null,
        "tolak_ukur_capaian": null,
        "target_teks_capaian": null,
        "satuan_sub": null,
        "tolok_ukur_sub": null,
        "target_sub_teks": null,
        "tolak_ukur_n": "Jumlah Laporan Penatausahaan Barang Milik Daerah pada SKPD",
        "target_teks_n": "1 Laporan",
        "kode_dana": "1.2.01.08",
        "nama_dana": "Dana Alokasi Umum (DAU)",
        "lokasi_bl": "Kab. Bengkulu Utara, Tanjung Agung Palik, Semua Kel/Desa",
        "id_label_pusat": 0,
        "label_pusat": null,
        "id_label_prov": 398,
        "label_prov": "4. Inovasi dan Tata Kelola Pemerintahan",
        "id_label_kokab": 0,
        "label_kokab": null,
        "kelompok_sasaran": null,
        "target_akhir_program_renstra": null,
        "target_min_1_program_renstra": null,
        "target_n_program_renstra": null,
        "target_akhir_giat_renstra": null,
        "target_min_1_giat_renstra": null,
        "target_n_giat_renstra": null,
        "target_akhir_sub_giat_renstra": " ",
        "target_min_1_sub_giat_renstra": " ",
        "target_n_sub_giat_renstra": " ",
        "total_pagu_indikatif_sub_skpd": 1787671180,
        "total_pagu_n_depan_sub_skpd": 1794750901,
        "total_pagu_indikatif_urusan": 1787671180,
        "total_pagu_n_depan_urusan": 1794750901,
        "total_pagu_indikatif_bidang_urusan": 1787671180,
        "total_pagu_n_depan_bidang_urusan": 1794750901,
        "total_pagu_indikatif_program": 1652671180,
        "total_pagu_n_depan_program": 1659750901,
        "total_pagu_indikatif_kegiatan": 27000000,
        "total_pagu_n_depan_kegiatan": 27000000,
        "total_pagu_indikatif": 1787671180,
        "total_pagu_n_depan": 1794750901
    },
    {
        "migrated_at": null,
        "id_sub_bl": 59927,
        "id_daerah": 473,
        "tahun": 2026,
        "id_unit": 677,
        "id_skpd": 677,
        "created_user": 6591,
        "kode_skpd": "7.01.0.00.0.00.18.0000",
        "nama_skpd": "Kecamatan Tanjung Agung Palik",
        "id_urusan": 17,
        "kode_urusan": "7",
        "nama_urusan": "UNSUR KEWILAYAHAN",
        "id_bidang_urusan": 243,
        "kode_bidang_urusan": "7.01",
        "nama_bidang_urusan": "KECAMATAN",
        "id_sub_skpd": 677,
        "kode_sub_skpd": "7.01.0.00.0.00.18.0000",
        "nama_sub_skpd": "Kecamatan Tanjung Agung Palik",
        "id_program": 4451,
        "kode_program": "7.01.01",
        "nama_program": "PROGRAM PENUNJANG URUSAN PEMERINTAHAN DAERAH KABUPATEN/KOTA",
        "outcome": "[ Terselenggaranya Penunjang urusan Pemerintahan Daerah Kecamatan Tanjung Agung Palik ]",
        "indikator_outcome": "Persentase pemenuhan kebutuhan penunjang Perangkat Daerah",
        "target_akhir": "100",
        "realisasi_capaian": "100",
        "prakiraan": "100",
        "target_maju_1": "100",
        "urai_output": "Pemenuhan administrasi umum",
        "id_giat": 18376,
        "kode_giat": "7.01.01.2.06",
        "nama_giat": "Administrasi Umum Perangkat Daerah",
        "id_sub_giat": 60637,
        "kode_sub_giat": "7.01.01.2.06.0003",
        "nama_sub_giat": "Penyediaan Peralatan Rumah Tangga",
        "pagu": 20000000,
        "pagu_indikatif": 20000000,
        "pagu_n_depan": 21000000,
        "kode_bl": "677.677.4451.18376",
        "kode_sbl": "677.677.4451.18376.60637",
        "urusan_locked": 0,
        "bidang_urusan_locked": 0,
        "program_locked": 0,
        "giat_locked": 0,
        "sub_giat_locked": 0,
        "kunci_bl": 1,
        "kunci_bl_rinci": 1,
        "id_output_bl": 57637,
        "satuan_output": "Paket",
        "tolak_ukur_output": "Jumlah Paket Peralatan Rumah Tangga yang Disediakan",
        "target_teks_output": "2 Paket",
        "satuan_capaian": null,
        "tolak_ukur_capaian": null,
        "target_teks_capaian": null,
        "satuan_sub": null,
        "tolok_ukur_sub": null,
        "target_sub_teks": null,
        "tolak_ukur_n": "Jumlah Paket Peralatan Rumah Tangga yang Disediakan",
        "target_teks_n": "2 Paket",
        "kode_dana": "1.2.01.08",
        "nama_dana": "Dana Alokasi Umum (DAU)",
        "lokasi_bl": "Kab. Bengkulu Utara, Tanjung Agung Palik, Semua Kel/Desa",
        "id_label_pusat": 0,
        "label_pusat": null,
        "id_label_prov": 398,
        "label_prov": "4. Inovasi dan Tata Kelola Pemerintahan",
        "id_label_kokab": 0,
        "label_kokab": null,
        "kelompok_sasaran": null,
        "target_akhir_program_renstra": null,
        "target_min_1_program_renstra": null,
        "target_n_program_renstra": null,
        "target_akhir_giat_renstra": null,
        "target_min_1_giat_renstra": null,
        "target_n_giat_renstra": null,
        "target_akhir_sub_giat_renstra": " ",
        "target_min_1_sub_giat_renstra": " ",
        "target_n_sub_giat_renstra": " ",
        "total_pagu_indikatif_sub_skpd": 1787671180,
        "total_pagu_n_depan_sub_skpd": 1794750901,
        "total_pagu_indikatif_urusan": 1787671180,
        "total_pagu_n_depan_urusan": 1794750901,
        "total_pagu_indikatif_bidang_urusan": 1787671180,
        "total_pagu_n_depan_bidang_urusan": 1794750901,
        "total_pagu_indikatif_program": 1652671180,
        "total_pagu_n_depan_program": 1659750901,
        "total_pagu_indikatif_kegiatan": 159495030,
        "total_pagu_n_depan_kegiatan": 161074751,
        "total_pagu_indikatif": 1787671180,
        "total_pagu_n_depan": 1794750901
    },
    {
        "migrated_at": null,
        "id_sub_bl": 59930,
        "id_daerah": 473,
        "tahun": 2026,
        "id_unit": 677,
        "id_skpd": 677,
        "created_user": 6591,
        "kode_skpd": "7.01.0.00.0.00.18.0000",
        "nama_skpd": "Kecamatan Tanjung Agung Palik",
        "id_urusan": 17,
        "kode_urusan": "7",
        "nama_urusan": "UNSUR KEWILAYAHAN",
        "id_bidang_urusan": 243,
        "kode_bidang_urusan": "7.01",
        "nama_bidang_urusan": "KECAMATAN",
        "id_sub_skpd": 677,
        "kode_sub_skpd": "7.01.0.00.0.00.18.0000",
        "nama_sub_skpd": "Kecamatan Tanjung Agung Palik",
        "id_program": 4451,
        "kode_program": "7.01.01",
        "nama_program": "PROGRAM PENUNJANG URUSAN PEMERINTAHAN DAERAH KABUPATEN/KOTA",
        "outcome": "[ Terselenggaranya Penunjang urusan Pemerintahan Daerah Kecamatan Tanjung Agung Palik ]",
        "indikator_outcome": "Persentase pemenuhan kebutuhan penunjang Perangkat Daerah",
        "target_akhir": "100",
        "realisasi_capaian": "100",
        "prakiraan": "100",
        "target_maju_1": "100",
        "urai_output": "Pemenuhan administrasi umum",
        "id_giat": 18376,
        "kode_giat": "7.01.01.2.06",
        "nama_giat": "Administrasi Umum Perangkat Daerah",
        "id_sub_giat": 60638,
        "kode_sub_giat": "7.01.01.2.06.0004",
        "nama_sub_giat": "Penyediaan Bahan Logistik Kantor",
        "pagu": 41495030,
        "pagu_indikatif": 41495030,
        "pagu_n_depan": 42074751,
        "kode_bl": "677.677.4451.18376",
        "kode_sbl": "677.677.4451.18376.60638",
        "urusan_locked": 0,
        "bidang_urusan_locked": 0,
        "program_locked": 0,
        "giat_locked": 0,
        "sub_giat_locked": 0,
        "kunci_bl": 1,
        "kunci_bl_rinci": 1,
        "id_output_bl": 57640,
        "satuan_output": "Paket",
        "tolak_ukur_output": "Jumlah Paket Bahan Logistik Kantor yang Disediakan",
        "target_teks_output": "1 Paket",
        "satuan_capaian": null,
        "tolak_ukur_capaian": null,
        "target_teks_capaian": null,
        "satuan_sub": null,
        "tolok_ukur_sub": null,
        "target_sub_teks": null,
        "tolak_ukur_n": "Jumlah Paket Bahan Logistik Kantor yang Disediakan",
        "target_teks_n": "1 Paket",
        "kode_dana": "1.2.01.08",
        "nama_dana": "Dana Alokasi Umum (DAU)",
        "lokasi_bl": "Kab. Bengkulu Utara, Tanjung Agung Palik, Semua Kel/Desa",
        "id_label_pusat": 0,
        "label_pusat": null,
        "id_label_prov": 398,
        "label_prov": "4. Inovasi dan Tata Kelola Pemerintahan",
        "id_label_kokab": 0,
        "label_kokab": null,
        "kelompok_sasaran": null,
        "target_akhir_program_renstra": null,
        "target_min_1_program_renstra": null,
        "target_n_program_renstra": null,
        "target_akhir_giat_renstra": null,
        "target_min_1_giat_renstra": null,
        "target_n_giat_renstra": null,
        "target_akhir_sub_giat_renstra": " ",
        "target_min_1_sub_giat_renstra": " ",
        "target_n_sub_giat_renstra": " ",
        "total_pagu_indikatif_sub_skpd": 1787671180,
        "total_pagu_n_depan_sub_skpd": 1794750901,
        "total_pagu_indikatif_urusan": 1787671180,
        "total_pagu_n_depan_urusan": 1794750901,
        "total_pagu_indikatif_bidang_urusan": 1787671180,
        "total_pagu_n_depan_bidang_urusan": 1794750901,
        "total_pagu_indikatif_program": 1652671180,
        "total_pagu_n_depan_program": 1659750901,
        "total_pagu_indikatif_kegiatan": 159495030,
        "total_pagu_n_depan_kegiatan": 161074751,
        "total_pagu_indikatif": 1787671180,
        "total_pagu_n_depan": 1794750901
    },
    {
        "migrated_at": null,
        "id_sub_bl": 59934,
        "id_daerah": 473,
        "tahun": 2026,
        "id_unit": 677,
        "id_skpd": 677,
        "created_user": 6591,
        "kode_skpd": "7.01.0.00.0.00.18.0000",
        "nama_skpd": "Kecamatan Tanjung Agung Palik",
        "id_urusan": 17,
        "kode_urusan": "7",
        "nama_urusan": "UNSUR KEWILAYAHAN",
        "id_bidang_urusan": 243,
        "kode_bidang_urusan": "7.01",
        "nama_bidang_urusan": "KECAMATAN",
        "id_sub_skpd": 677,
        "kode_sub_skpd": "7.01.0.00.0.00.18.0000",
        "nama_sub_skpd": "Kecamatan Tanjung Agung Palik",
        "id_program": 4451,
        "kode_program": "7.01.01",
        "nama_program": "PROGRAM PENUNJANG URUSAN PEMERINTAHAN DAERAH KABUPATEN/KOTA",
        "outcome": "[ Terselenggaranya Penunjang urusan Pemerintahan Daerah Kecamatan Tanjung Agung Palik ]",
        "indikator_outcome": "Persentase pemenuhan kebutuhan penunjang Perangkat Daerah",
        "target_akhir": "100",
        "realisasi_capaian": "100",
        "prakiraan": "100",
        "target_maju_1": "100",
        "urai_output": "Pemenuhan administrasi umum",
        "id_giat": 18376,
        "kode_giat": "7.01.01.2.06",
        "nama_giat": "Administrasi Umum Perangkat Daerah",
        "id_sub_giat": 60639,
        "kode_sub_giat": "7.01.01.2.06.0005",
        "nama_sub_giat": "Penyediaan Barang Cetakan dan Penggandaan",
        "pagu": 7000000,
        "pagu_indikatif": 7000000,
        "pagu_n_depan": 7000000,
        "kode_bl": "677.677.4451.18376",
        "kode_sbl": "677.677.4451.18376.60639",
        "urusan_locked": 0,
        "bidang_urusan_locked": 0,
        "program_locked": 0,
        "giat_locked": 0,
        "sub_giat_locked": 0,
        "kunci_bl": 1,
        "kunci_bl_rinci": 1,
        "id_output_bl": 57644,
        "satuan_output": "Paket",
        "tolak_ukur_output": "Jumlah Paket Barang Cetakan dan Penggandaan yang Disediakan",
        "target_teks_output": "1 Paket",
        "satuan_capaian": null,
        "tolak_ukur_capaian": null,
        "target_teks_capaian": null,
        "satuan_sub": null,
        "tolok_ukur_sub": null,
        "target_sub_teks": null,
        "tolak_ukur_n": "Jumlah Paket Barang Cetakan dan Penggandaan yang Disediakan",
        "target_teks_n": "1 Paket",
        "kode_dana": "1.2.01.08",
        "nama_dana": "Dana Alokasi Umum (DAU)",
        "lokasi_bl": "Kab. Bengkulu Utara, Tanjung Agung Palik, Semua Kel/Desa",
        "id_label_pusat": 0,
        "label_pusat": null,
        "id_label_prov": 398,
        "label_prov": "4. Inovasi dan Tata Kelola Pemerintahan",
        "id_label_kokab": 0,
        "label_kokab": null,
        "kelompok_sasaran": null,
        "target_akhir_program_renstra": null,
        "target_min_1_program_renstra": null,
        "target_n_program_renstra": null,
        "target_akhir_giat_renstra": null,
        "target_min_1_giat_renstra": null,
        "target_n_giat_renstra": null,
        "target_akhir_sub_giat_renstra": " ",
        "target_min_1_sub_giat_renstra": " ",
        "target_n_sub_giat_renstra": " ",
        "total_pagu_indikatif_sub_skpd": 1787671180,
        "total_pagu_n_depan_sub_skpd": 1794750901,
        "total_pagu_indikatif_urusan": 1787671180,
        "total_pagu_n_depan_urusan": 1794750901,
        "total_pagu_indikatif_bidang_urusan": 1787671180,
        "total_pagu_n_depan_bidang_urusan": 1794750901,
        "total_pagu_indikatif_program": 1652671180,
        "total_pagu_n_depan_program": 1659750901,
        "total_pagu_indikatif_kegiatan": 159495030,
        "total_pagu_n_depan_kegiatan": 161074751,
        "total_pagu_indikatif": 1787671180,
        "total_pagu_n_depan": 1794750901
    },
    {
        "migrated_at": null,
        "id_sub_bl": 60006,
        "id_daerah": 473,
        "tahun": 2026,
        "id_unit": 677,
        "id_skpd": 677,
        "created_user": 6591,
        "kode_skpd": "7.01.0.00.0.00.18.0000",
        "nama_skpd": "Kecamatan Tanjung Agung Palik",
        "id_urusan": 17,
        "kode_urusan": "7",
        "nama_urusan": "UNSUR KEWILAYAHAN",
        "id_bidang_urusan": 243,
        "kode_bidang_urusan": "7.01",
        "nama_bidang_urusan": "KECAMATAN",
        "id_sub_skpd": 677,
        "kode_sub_skpd": "7.01.0.00.0.00.18.0000",
        "nama_sub_skpd": "Kecamatan Tanjung Agung Palik",
        "id_program": 4451,
        "kode_program": "7.01.01",
        "nama_program": "PROGRAM PENUNJANG URUSAN PEMERINTAHAN DAERAH KABUPATEN/KOTA",
        "outcome": "[ Terselenggaranya Penunjang urusan Pemerintahan Daerah Kecamatan Tanjung Agung Palik ]",
        "indikator_outcome": "Persentase pemenuhan kebutuhan penunjang Perangkat Daerah",
        "target_akhir": "100",
        "realisasi_capaian": "100",
        "prakiraan": "100",
        "target_maju_1": "100",
        "urai_output": "Pemenuhan administrasi umum",
        "id_giat": 18376,
        "kode_giat": "7.01.01.2.06",
        "nama_giat": "Administrasi Umum Perangkat Daerah",
        "id_sub_giat": 60640,
        "kode_sub_giat": "7.01.01.2.06.0006",
        "nama_sub_giat": "Penyediaan Bahan Bacaan dan Peraturan Perundang-undangan",
        "pagu": 6000000,
        "pagu_indikatif": 6000000,
        "pagu_n_depan": 6000000,
        "kode_bl": "677.677.4451.18376",
        "kode_sbl": "677.677.4451.18376.60640",
        "urusan_locked": 0,
        "bidang_urusan_locked": 0,
        "program_locked": 0,
        "giat_locked": 0,
        "sub_giat_locked": 0,
        "kunci_bl": 1,
        "kunci_bl_rinci": 1,
        "id_output_bl": 57716,
        "satuan_output": "Dokumen",
        "tolak_ukur_output": "Jumlah Dokumen Bahan Bacaan dan Peraturan Perundang-Undangan yang Disediakan",
        "target_teks_output": "1 Dokumen",
        "satuan_capaian": null,
        "tolak_ukur_capaian": null,
        "target_teks_capaian": null,
        "satuan_sub": null,
        "tolok_ukur_sub": null,
        "target_sub_teks": null,
        "tolak_ukur_n": "Jumlah Dokumen Bahan Bacaan dan Peraturan Perundang-Undangan yang Disediakan",
        "target_teks_n": "1 Dokumen",
        "kode_dana": "1.2.01.08",
        "nama_dana": "Dana Alokasi Umum (DAU)",
        "lokasi_bl": "Kab. Bengkulu Utara, Tanjung Agung Palik, Semua Kel/Desa",
        "id_label_pusat": 0,
        "label_pusat": null,
        "id_label_prov": 398,
        "label_prov": "4. Inovasi dan Tata Kelola Pemerintahan",
        "id_label_kokab": 0,
        "label_kokab": null,
        "kelompok_sasaran": null,
        "target_akhir_program_renstra": null,
        "target_min_1_program_renstra": null,
        "target_n_program_renstra": null,
        "target_akhir_giat_renstra": null,
        "target_min_1_giat_renstra": null,
        "target_n_giat_renstra": null,
        "target_akhir_sub_giat_renstra": " ",
        "target_min_1_sub_giat_renstra": " ",
        "target_n_sub_giat_renstra": " ",
        "total_pagu_indikatif_sub_skpd": 1787671180,
        "total_pagu_n_depan_sub_skpd": 1794750901,
        "total_pagu_indikatif_urusan": 1787671180,
        "total_pagu_n_depan_urusan": 1794750901,
        "total_pagu_indikatif_bidang_urusan": 1787671180,
        "total_pagu_n_depan_bidang_urusan": 1794750901,
        "total_pagu_indikatif_program": 1652671180,
        "total_pagu_n_depan_program": 1659750901,
        "total_pagu_indikatif_kegiatan": 159495030,
        "total_pagu_n_depan_kegiatan": 161074751,
        "total_pagu_indikatif": 1787671180,
        "total_pagu_n_depan": 1794750901
    },
    {
        "migrated_at": null,
        "id_sub_bl": 60007,
        "id_daerah": 473,
        "tahun": 2026,
        "id_unit": 677,
        "id_skpd": 677,
        "created_user": 6591,
        "kode_skpd": "7.01.0.00.0.00.18.0000",
        "nama_skpd": "Kecamatan Tanjung Agung Palik",
        "id_urusan": 17,
        "kode_urusan": "7",
        "nama_urusan": "UNSUR KEWILAYAHAN",
        "id_bidang_urusan": 243,
        "kode_bidang_urusan": "7.01",
        "nama_bidang_urusan": "KECAMATAN",
        "id_sub_skpd": 677,
        "kode_sub_skpd": "7.01.0.00.0.00.18.0000",
        "nama_sub_skpd": "Kecamatan Tanjung Agung Palik",
        "id_program": 4451,
        "kode_program": "7.01.01",
        "nama_program": "PROGRAM PENUNJANG URUSAN PEMERINTAHAN DAERAH KABUPATEN/KOTA",
        "outcome": "[ Terselenggaranya Penunjang urusan Pemerintahan Daerah Kecamatan Tanjung Agung Palik ]",
        "indikator_outcome": "Persentase pemenuhan kebutuhan penunjang Perangkat Daerah",
        "target_akhir": "100",
        "realisasi_capaian": "100",
        "prakiraan": "100",
        "target_maju_1": "100",
        "urai_output": "Pemenuhan administrasi umum",
        "id_giat": 18376,
        "kode_giat": "7.01.01.2.06",
        "nama_giat": "Administrasi Umum Perangkat Daerah",
        "id_sub_giat": 60643,
        "kode_sub_giat": "7.01.01.2.06.0009",
        "nama_sub_giat": "Penyelenggaraan Rapat Koordinasi dan Konsultasi SKPD",
        "pagu": 85000000,
        "pagu_indikatif": 85000000,
        "pagu_n_depan": 85000000,
        "kode_bl": "677.677.4451.18376",
        "kode_sbl": "677.677.4451.18376.60643",
        "urusan_locked": 0,
        "bidang_urusan_locked": 0,
        "program_locked": 0,
        "giat_locked": 0,
        "sub_giat_locked": 0,
        "kunci_bl": 1,
        "kunci_bl_rinci": 1,
        "id_output_bl": 57717,
        "satuan_output": "Laporan",
        "tolak_ukur_output": "Jumlah Laporan Penyelenggaraan Rapat Koordinasi dan Konsultasi SKPD",
        "target_teks_output": "1 Laporan",
        "satuan_capaian": null,
        "tolak_ukur_capaian": null,
        "target_teks_capaian": null,
        "satuan_sub": null,
        "tolok_ukur_sub": null,
        "target_sub_teks": null,
        "tolak_ukur_n": "Jumlah Laporan Penyelenggaraan Rapat Koordinasi dan Konsultasi SKPD",
        "target_teks_n": "1 Laporan",
        "kode_dana": "1.2.01.08",
        "nama_dana": "Dana Alokasi Umum (DAU)",
        "lokasi_bl": "Kab. Bengkulu Utara, Tanjung Agung Palik, Semua Kel/Desa",
        "id_label_pusat": 0,
        "label_pusat": null,
        "id_label_prov": 398,
        "label_prov": "4. Inovasi dan Tata Kelola Pemerintahan",
        "id_label_kokab": 0,
        "label_kokab": null,
        "kelompok_sasaran": null,
        "target_akhir_program_renstra": null,
        "target_min_1_program_renstra": null,
        "target_n_program_renstra": null,
        "target_akhir_giat_renstra": null,
        "target_min_1_giat_renstra": null,
        "target_n_giat_renstra": null,
        "target_akhir_sub_giat_renstra": " ",
        "target_min_1_sub_giat_renstra": " ",
        "target_n_sub_giat_renstra": " ",
        "total_pagu_indikatif_sub_skpd": 1787671180,
        "total_pagu_n_depan_sub_skpd": 1794750901,
        "total_pagu_indikatif_urusan": 1787671180,
        "total_pagu_n_depan_urusan": 1794750901,
        "total_pagu_indikatif_bidang_urusan": 1787671180,
        "total_pagu_n_depan_bidang_urusan": 1794750901,
        "total_pagu_indikatif_program": 1652671180,
        "total_pagu_n_depan_program": 1659750901,
        "total_pagu_indikatif_kegiatan": 159495030,
        "total_pagu_n_depan_kegiatan": 161074751,
        "total_pagu_indikatif": 1787671180,
        "total_pagu_n_depan": 1794750901
    },
    {
        "migrated_at": null,
        "id_sub_bl": 60008,
        "id_daerah": 473,
        "tahun": 2026,
        "id_unit": 677,
        "id_skpd": 677,
        "created_user": 6591,
        "kode_skpd": "7.01.0.00.0.00.18.0000",
        "nama_skpd": "Kecamatan Tanjung Agung Palik",
        "id_urusan": 17,
        "kode_urusan": "7",
        "nama_urusan": "UNSUR KEWILAYAHAN",
        "id_bidang_urusan": 243,
        "kode_bidang_urusan": "7.01",
        "nama_bidang_urusan": "KECAMATAN",
        "id_sub_skpd": 677,
        "kode_sub_skpd": "7.01.0.00.0.00.18.0000",
        "nama_sub_skpd": "Kecamatan Tanjung Agung Palik",
        "id_program": 4451,
        "kode_program": "7.01.01",
        "nama_program": "PROGRAM PENUNJANG URUSAN PEMERINTAHAN DAERAH KABUPATEN/KOTA",
        "outcome": "[ Terselenggaranya Penunjang urusan Pemerintahan Daerah Kecamatan Tanjung Agung Palik ]",
        "indikator_outcome": "Persentase pemenuhan kebutuhan penunjang Perangkat Daerah",
        "target_akhir": "100",
        "realisasi_capaian": "100",
        "prakiraan": "100",
        "target_maju_1": "100",
        "urai_output": "Pemenuhan jasa penunjang",
        "id_giat": 18378,
        "kode_giat": "7.01.01.2.08",
        "nama_giat": "Penyediaan Jasa Penunjang Urusan Pemerintahan Daerah",
        "id_sub_giat": 60657,
        "kode_sub_giat": "7.01.01.2.08.0001",
        "nama_sub_giat": "Penyediaan Jasa Surat Menyurat",
        "pagu": 5000000,
        "pagu_indikatif": 5000000,
        "pagu_n_depan": 7500000,
        "kode_bl": "677.677.4451.18378",
        "kode_sbl": "677.677.4451.18378.60657",
        "urusan_locked": 0,
        "bidang_urusan_locked": 0,
        "program_locked": 0,
        "giat_locked": 0,
        "sub_giat_locked": 0,
        "kunci_bl": 1,
        "kunci_bl_rinci": 1,
        "id_output_bl": 57718,
        "satuan_output": "Laporan",
        "tolak_ukur_output": "Jumlah Laporan Penyediaan Jasa Surat Menyurat",
        "target_teks_output": "1 Laporan",
        "satuan_capaian": null,
        "tolak_ukur_capaian": null,
        "target_teks_capaian": null,
        "satuan_sub": null,
        "tolok_ukur_sub": null,
        "target_sub_teks": null,
        "tolak_ukur_n": "Jumlah Laporan Penyediaan Jasa Surat Menyurat",
        "target_teks_n": "1 Laporan",
        "kode_dana": "1.2.01.08",
        "nama_dana": "Dana Alokasi Umum (DAU)",
        "lokasi_bl": "Kab. Bengkulu Utara, Tanjung Agung Palik, Semua Kel/Desa",
        "id_label_pusat": 0,
        "label_pusat": null,
        "id_label_prov": 398,
        "label_prov": "4. Inovasi dan Tata Kelola Pemerintahan",
        "id_label_kokab": 0,
        "label_kokab": null,
        "kelompok_sasaran": null,
        "target_akhir_program_renstra": null,
        "target_min_1_program_renstra": null,
        "target_n_program_renstra": null,
        "target_akhir_giat_renstra": null,
        "target_min_1_giat_renstra": null,
        "target_n_giat_renstra": null,
        "target_akhir_sub_giat_renstra": " ",
        "target_min_1_sub_giat_renstra": " ",
        "target_n_sub_giat_renstra": " ",
        "total_pagu_indikatif_sub_skpd": 1787671180,
        "total_pagu_n_depan_sub_skpd": 1794750901,
        "total_pagu_indikatif_urusan": 1787671180,
        "total_pagu_n_depan_urusan": 1794750901,
        "total_pagu_indikatif_bidang_urusan": 1787671180,
        "total_pagu_n_depan_bidang_urusan": 1794750901,
        "total_pagu_indikatif_program": 1652671180,
        "total_pagu_n_depan_program": 1659750901,
        "total_pagu_indikatif_kegiatan": 95000000,
        "total_pagu_n_depan_kegiatan": 100500000,
        "total_pagu_indikatif": 1787671180,
        "total_pagu_n_depan": 1794750901
    },
    {
        "migrated_at": null,
        "id_sub_bl": 60009,
        "id_daerah": 473,
        "tahun": 2026,
        "id_unit": 677,
        "id_skpd": 677,
        "created_user": 6591,
        "kode_skpd": "7.01.0.00.0.00.18.0000",
        "nama_skpd": "Kecamatan Tanjung Agung Palik",
        "id_urusan": 17,
        "kode_urusan": "7",
        "nama_urusan": "UNSUR KEWILAYAHAN",
        "id_bidang_urusan": 243,
        "kode_bidang_urusan": "7.01",
        "nama_bidang_urusan": "KECAMATAN",
        "id_sub_skpd": 677,
        "kode_sub_skpd": "7.01.0.00.0.00.18.0000",
        "nama_sub_skpd": "Kecamatan Tanjung Agung Palik",
        "id_program": 4451,
        "kode_program": "7.01.01",
        "nama_program": "PROGRAM PENUNJANG URUSAN PEMERINTAHAN DAERAH KABUPATEN/KOTA",
        "outcome": "[ Terselenggaranya Penunjang urusan Pemerintahan Daerah Kecamatan Tanjung Agung Palik ]",
        "indikator_outcome": "Persentase pemenuhan kebutuhan penunjang Perangkat Daerah",
        "target_akhir": "100",
        "realisasi_capaian": "100",
        "prakiraan": "100",
        "target_maju_1": "100",
        "urai_output": "Pemenuhan jasa penunjang",
        "id_giat": 18378,
        "kode_giat": "7.01.01.2.08",
        "nama_giat": "Penyediaan Jasa Penunjang Urusan Pemerintahan Daerah",
        "id_sub_giat": 60658,
        "kode_sub_giat": "7.01.01.2.08.0002",
        "nama_sub_giat": "Penyediaan Jasa Komunikasi, Sumber Daya Air dan Listrik",
        "pagu": 30000000,
        "pagu_indikatif": 30000000,
        "pagu_n_depan": 30000000,
        "kode_bl": "677.677.4451.18378",
        "kode_sbl": "677.677.4451.18378.60658",
        "urusan_locked": 0,
        "bidang_urusan_locked": 0,
        "program_locked": 0,
        "giat_locked": 0,
        "sub_giat_locked": 0,
        "kunci_bl": 1,
        "kunci_bl_rinci": 1,
        "id_output_bl": 57719,
        "satuan_output": "Laporan",
        "tolak_ukur_output": "Jumlah Laporan Penyediaan Jasa Komunikasi, Sumber Daya Air dan Listrik yang Disediakan",
        "target_teks_output": "4 Laporan",
        "satuan_capaian": null,
        "tolak_ukur_capaian": null,
        "target_teks_capaian": null,
        "satuan_sub": null,
        "tolok_ukur_sub": null,
        "target_sub_teks": null,
        "tolak_ukur_n": "Jumlah Laporan Penyediaan Jasa Komunikasi, Sumber Daya Air dan Listrik yang Disediakan",
        "target_teks_n": "4 Laporan",
        "kode_dana": "1.2.01.08",
        "nama_dana": "Dana Alokasi Umum (DAU)",
        "lokasi_bl": "Kab. Bengkulu Utara, Tanjung Agung Palik, Semua Kel/Desa",
        "id_label_pusat": 0,
        "label_pusat": null,
        "id_label_prov": 398,
        "label_prov": "4. Inovasi dan Tata Kelola Pemerintahan",
        "id_label_kokab": 0,
        "label_kokab": null,
        "kelompok_sasaran": null,
        "target_akhir_program_renstra": null,
        "target_min_1_program_renstra": null,
        "target_n_program_renstra": null,
        "target_akhir_giat_renstra": null,
        "target_min_1_giat_renstra": null,
        "target_n_giat_renstra": null,
        "target_akhir_sub_giat_renstra": " ",
        "target_min_1_sub_giat_renstra": " ",
        "target_n_sub_giat_renstra": " ",
        "total_pagu_indikatif_sub_skpd": 1787671180,
        "total_pagu_n_depan_sub_skpd": 1794750901,
        "total_pagu_indikatif_urusan": 1787671180,
        "total_pagu_n_depan_urusan": 1794750901,
        "total_pagu_indikatif_bidang_urusan": 1787671180,
        "total_pagu_n_depan_bidang_urusan": 1794750901,
        "total_pagu_indikatif_program": 1652671180,
        "total_pagu_n_depan_program": 1659750901,
        "total_pagu_indikatif_kegiatan": 95000000,
        "total_pagu_n_depan_kegiatan": 100500000,
        "total_pagu_indikatif": 1787671180,
        "total_pagu_n_depan": 1794750901
    },
    {
        "migrated_at": null,
        "id_sub_bl": 60010,
        "id_daerah": 473,
        "tahun": 2026,
        "id_unit": 677,
        "id_skpd": 677,
        "created_user": 6591,
        "kode_skpd": "7.01.0.00.0.00.18.0000",
        "nama_skpd": "Kecamatan Tanjung Agung Palik",
        "id_urusan": 17,
        "kode_urusan": "7",
        "nama_urusan": "UNSUR KEWILAYAHAN",
        "id_bidang_urusan": 243,
        "kode_bidang_urusan": "7.01",
        "nama_bidang_urusan": "KECAMATAN",
        "id_sub_skpd": 677,
        "kode_sub_skpd": "7.01.0.00.0.00.18.0000",
        "nama_sub_skpd": "Kecamatan Tanjung Agung Palik",
        "id_program": 4451,
        "kode_program": "7.01.01",
        "nama_program": "PROGRAM PENUNJANG URUSAN PEMERINTAHAN DAERAH KABUPATEN/KOTA",
        "outcome": "[ Terselenggaranya Penunjang urusan Pemerintahan Daerah Kecamatan Tanjung Agung Palik ]",
        "indikator_outcome": "Persentase pemenuhan kebutuhan penunjang Perangkat Daerah",
        "target_akhir": "100",
        "realisasi_capaian": "100",
        "prakiraan": "100",
        "target_maju_1": "100",
        "urai_output": "Pemenuhan jasa penunjang",
        "id_giat": 18378,
        "kode_giat": "7.01.01.2.08",
        "nama_giat": "Penyediaan Jasa Penunjang Urusan Pemerintahan Daerah",
        "id_sub_giat": 60660,
        "kode_sub_giat": "7.01.01.2.08.0004",
        "nama_sub_giat": "Penyediaan Jasa Pelayanan Umum Kantor",
        "pagu": 60000000,
        "pagu_indikatif": 60000000,
        "pagu_n_depan": 63000000,
        "kode_bl": "677.677.4451.18378",
        "kode_sbl": "677.677.4451.18378.60660",
        "urusan_locked": 0,
        "bidang_urusan_locked": 0,
        "program_locked": 0,
        "giat_locked": 0,
        "sub_giat_locked": 0,
        "kunci_bl": 1,
        "kunci_bl_rinci": 1,
        "id_output_bl": 57720,
        "satuan_output": "Laporan",
        "tolak_ukur_output": "Jumlah Laporan Penyediaan Jasa Pelayanan Umum Kantor yang Disediakan",
        "target_teks_output": "1 Laporan",
        "satuan_capaian": null,
        "tolak_ukur_capaian": null,
        "target_teks_capaian": null,
        "satuan_sub": null,
        "tolok_ukur_sub": null,
        "target_sub_teks": null,
        "tolak_ukur_n": "Jumlah Laporan Penyediaan Jasa Pelayanan Umum Kantor yang Disediakan",
        "target_teks_n": "1 Laporan",
        "kode_dana": "1.2.01.08",
        "nama_dana": "Dana Alokasi Umum (DAU)",
        "lokasi_bl": "Kab. Bengkulu Utara, Tanjung Agung Palik, Semua Kel/Desa",
        "id_label_pusat": 0,
        "label_pusat": null,
        "id_label_prov": 398,
        "label_prov": "4. Inovasi dan Tata Kelola Pemerintahan",
        "id_label_kokab": 0,
        "label_kokab": null,
        "kelompok_sasaran": null,
        "target_akhir_program_renstra": null,
        "target_min_1_program_renstra": null,
        "target_n_program_renstra": null,
        "target_akhir_giat_renstra": null,
        "target_min_1_giat_renstra": null,
        "target_n_giat_renstra": null,
        "target_akhir_sub_giat_renstra": " ",
        "target_min_1_sub_giat_renstra": " ",
        "target_n_sub_giat_renstra": " ",
        "total_pagu_indikatif_sub_skpd": 1787671180,
        "total_pagu_n_depan_sub_skpd": 1794750901,
        "total_pagu_indikatif_urusan": 1787671180,
        "total_pagu_n_depan_urusan": 1794750901,
        "total_pagu_indikatif_bidang_urusan": 1787671180,
        "total_pagu_n_depan_bidang_urusan": 1794750901,
        "total_pagu_indikatif_program": 1652671180,
        "total_pagu_n_depan_program": 1659750901,
        "total_pagu_indikatif_kegiatan": 95000000,
        "total_pagu_n_depan_kegiatan": 100500000,
        "total_pagu_indikatif": 1787671180,
        "total_pagu_n_depan": 1794750901
    },
    {
        "migrated_at": null,
        "id_sub_bl": 60011,
        "id_daerah": 473,
        "tahun": 2026,
        "id_unit": 677,
        "id_skpd": 677,
        "created_user": 6591,
        "kode_skpd": "7.01.0.00.0.00.18.0000",
        "nama_skpd": "Kecamatan Tanjung Agung Palik",
        "id_urusan": 17,
        "kode_urusan": "7",
        "nama_urusan": "UNSUR KEWILAYAHAN",
        "id_bidang_urusan": 243,
        "kode_bidang_urusan": "7.01",
        "nama_bidang_urusan": "KECAMATAN",
        "id_sub_skpd": 677,
        "kode_sub_skpd": "7.01.0.00.0.00.18.0000",
        "nama_sub_skpd": "Kecamatan Tanjung Agung Palik",
        "id_program": 4451,
        "kode_program": "7.01.01",
        "nama_program": "PROGRAM PENUNJANG URUSAN PEMERINTAHAN DAERAH KABUPATEN/KOTA",
        "outcome": "[ Terselenggaranya Penunjang urusan Pemerintahan Daerah Kecamatan Tanjung Agung Palik ]",
        "indikator_outcome": "Persentase pemenuhan kebutuhan penunjang Perangkat Daerah",
        "target_akhir": "100",
        "realisasi_capaian": "100",
        "prakiraan": "100",
        "target_maju_1": "100",
        "urai_output": "Pemenuhan pemeliharaan BMD",
        "id_giat": 18379,
        "kode_giat": "7.01.01.2.09",
        "nama_giat": "Pemeliharaan Barang Milik Daerah Penunjang Urusan Pemerintahan Daerah",
        "id_sub_giat": 60662,
        "kode_sub_giat": "7.01.01.2.09.0002",
        "nama_sub_giat": "Penyediaan Jasa Pemeliharaan, Biaya Pemeliharaan, Pajak dan Perizinan Kendaraan Dinas Operasional atau Lapangan",
        "pagu": 20000000,
        "pagu_indikatif": 20000000,
        "pagu_n_depan": 20000000,
        "kode_bl": "677.677.4451.18379",
        "kode_sbl": "677.677.4451.18379.60662",
        "urusan_locked": 0,
        "bidang_urusan_locked": 0,
        "program_locked": 0,
        "giat_locked": 0,
        "sub_giat_locked": 0,
        "kunci_bl": 1,
        "kunci_bl_rinci": 1,
        "id_output_bl": 57721,
        "satuan_output": "Unit",
        "tolak_ukur_output": "Jumlah Kendaraan Dinas Operasional atau Lapangan yang Dipelihara dan dibayarkan Pajak dan Perizinannya",
        "target_teks_output": "3 Unit",
        "satuan_capaian": null,
        "tolak_ukur_capaian": null,
        "target_teks_capaian": null,
        "satuan_sub": null,
        "tolok_ukur_sub": null,
        "target_sub_teks": null,
        "tolak_ukur_n": "Jumlah Kendaraan Dinas Operasional atau Lapangan yang Dipelihara dan dibayarkan Pajak dan Perizinannya",
        "target_teks_n": "3 Unit",
        "kode_dana": "1.2.01.08",
        "nama_dana": "Dana Alokasi Umum (DAU)",
        "lokasi_bl": "Kab. Bengkulu Utara, Tanjung Agung Palik, Semua Kel/Desa",
        "id_label_pusat": 0,
        "label_pusat": null,
        "id_label_prov": 398,
        "label_prov": "4. Inovasi dan Tata Kelola Pemerintahan",
        "id_label_kokab": 0,
        "label_kokab": null,
        "kelompok_sasaran": null,
        "target_akhir_program_renstra": null,
        "target_min_1_program_renstra": null,
        "target_n_program_renstra": null,
        "target_akhir_giat_renstra": null,
        "target_min_1_giat_renstra": null,
        "target_n_giat_renstra": null,
        "target_akhir_sub_giat_renstra": " ",
        "target_min_1_sub_giat_renstra": " ",
        "target_n_sub_giat_renstra": " ",
        "total_pagu_indikatif_sub_skpd": 1787671180,
        "total_pagu_n_depan_sub_skpd": 1794750901,
        "total_pagu_indikatif_urusan": 1787671180,
        "total_pagu_n_depan_urusan": 1794750901,
        "total_pagu_indikatif_bidang_urusan": 1787671180,
        "total_pagu_n_depan_bidang_urusan": 1794750901,
        "total_pagu_indikatif_program": 1652671180,
        "total_pagu_n_depan_program": 1659750901,
        "total_pagu_indikatif_kegiatan": 35000000,
        "total_pagu_n_depan_kegiatan": 35000000,
        "total_pagu_indikatif": 1787671180,
        "total_pagu_n_depan": 1794750901
    },
    {
        "migrated_at": null,
        "id_sub_bl": 60012,
        "id_daerah": 473,
        "tahun": 2026,
        "id_unit": 677,
        "id_skpd": 677,
        "created_user": 6591,
        "kode_skpd": "7.01.0.00.0.00.18.0000",
        "nama_skpd": "Kecamatan Tanjung Agung Palik",
        "id_urusan": 17,
        "kode_urusan": "7",
        "nama_urusan": "UNSUR KEWILAYAHAN",
        "id_bidang_urusan": 243,
        "kode_bidang_urusan": "7.01",
        "nama_bidang_urusan": "KECAMATAN",
        "id_sub_skpd": 677,
        "kode_sub_skpd": "7.01.0.00.0.00.18.0000",
        "nama_sub_skpd": "Kecamatan Tanjung Agung Palik",
        "id_program": 4451,
        "kode_program": "7.01.01",
        "nama_program": "PROGRAM PENUNJANG URUSAN PEMERINTAHAN DAERAH KABUPATEN/KOTA",
        "outcome": "[ Terselenggaranya Penunjang urusan Pemerintahan Daerah Kecamatan Tanjung Agung Palik ]",
        "indikator_outcome": "Persentase pemenuhan kebutuhan penunjang Perangkat Daerah",
        "target_akhir": "100",
        "realisasi_capaian": "100",
        "prakiraan": "100",
        "target_maju_1": "100",
        "urai_output": "Pemenuhan pemeliharaan BMD",
        "id_giat": 18379,
        "kode_giat": "7.01.01.2.09",
        "nama_giat": "Pemeliharaan Barang Milik Daerah Penunjang Urusan Pemerintahan Daerah",
        "id_sub_giat": 60670,
        "kode_sub_giat": "7.01.01.2.09.0010",
        "nama_sub_giat": "Pemeliharaan/Rehabilitasi Sarana dan Prasarana Gedung Kantor atau Bangunan Lainnya",
        "pagu": 15000000,
        "pagu_indikatif": 15000000,
        "pagu_n_depan": 15000000,
        "kode_bl": "677.677.4451.18379",
        "kode_sbl": "677.677.4451.18379.60670",
        "urusan_locked": 0,
        "bidang_urusan_locked": 0,
        "program_locked": 0,
        "giat_locked": 0,
        "sub_giat_locked": 0,
        "kunci_bl": 1,
        "kunci_bl_rinci": 1,
        "id_output_bl": 57722,
        "satuan_output": "Unit",
        "tolak_ukur_output": "Jumlah Sarana dan Prasarana Gedung Kantor atau Bangunan Lainnya yang Dipelihara/Direhabilitasi",
        "target_teks_output": "1 Unit",
        "satuan_capaian": null,
        "tolak_ukur_capaian": null,
        "target_teks_capaian": null,
        "satuan_sub": null,
        "tolok_ukur_sub": null,
        "target_sub_teks": null,
        "tolak_ukur_n": "Jumlah Sarana dan Prasarana Gedung Kantor atau Bangunan Lainnya yang Dipelihara/Direhabilitasi",
        "target_teks_n": "1 Unit",
        "kode_dana": "1.2.01.08",
        "nama_dana": "Dana Alokasi Umum (DAU)",
        "lokasi_bl": "Kab. Bengkulu Utara, Tanjung Agung Palik, Semua Kel/Desa",
        "id_label_pusat": 0,
        "label_pusat": null,
        "id_label_prov": 398,
        "label_prov": "4. Inovasi dan Tata Kelola Pemerintahan",
        "id_label_kokab": 0,
        "label_kokab": null,
        "kelompok_sasaran": null,
        "target_akhir_program_renstra": null,
        "target_min_1_program_renstra": null,
        "target_n_program_renstra": null,
        "target_akhir_giat_renstra": null,
        "target_min_1_giat_renstra": null,
        "target_n_giat_renstra": null,
        "target_akhir_sub_giat_renstra": " ",
        "target_min_1_sub_giat_renstra": " ",
        "target_n_sub_giat_renstra": " ",
        "total_pagu_indikatif_sub_skpd": 1787671180,
        "total_pagu_n_depan_sub_skpd": 1794750901,
        "total_pagu_indikatif_urusan": 1787671180,
        "total_pagu_n_depan_urusan": 1794750901,
        "total_pagu_indikatif_bidang_urusan": 1787671180,
        "total_pagu_n_depan_bidang_urusan": 1794750901,
        "total_pagu_indikatif_program": 1652671180,
        "total_pagu_n_depan_program": 1659750901,
        "total_pagu_indikatif_kegiatan": 35000000,
        "total_pagu_n_depan_kegiatan": 35000000,
        "total_pagu_indikatif": 1787671180,
        "total_pagu_n_depan": 1794750901
    },
    {
        "migrated_at": null,
        "id_sub_bl": 60014,
        "id_daerah": 473,
        "tahun": 2026,
        "id_unit": 677,
        "id_skpd": 677,
        "created_user": 6591,
        "kode_skpd": "7.01.0.00.0.00.18.0000",
        "nama_skpd": "Kecamatan Tanjung Agung Palik",
        "id_urusan": 17,
        "kode_urusan": "7",
        "nama_urusan": "UNSUR KEWILAYAHAN",
        "id_bidang_urusan": 243,
        "kode_bidang_urusan": "7.01",
        "nama_bidang_urusan": "KECAMATAN",
        "id_sub_skpd": 677,
        "kode_sub_skpd": "7.01.0.00.0.00.18.0000",
        "nama_sub_skpd": "Kecamatan Tanjung Agung Palik",
        "id_program": 4418,
        "kode_program": "7.01.03",
        "nama_program": "PROGRAM PEMBERDAYAAN MASYARAKAT DESA DAN KELURAHAN",
        "outcome": "[ Terselenggaranya Program Pemberdayaan Masyarakat Desa dan Kelurahan Kecamatan Tanjung Agung Palik ]",
        "indikator_outcome": "Persentase Pemberdayaan Masyarakat Desa dan Kelurahan",
        "target_akhir": "100",
        "realisasi_capaian": "100",
        "prakiraan": "100",
        "target_maju_1": "100",
        "urai_output": "Terselenggaranya Program Pemberdayaan Masyarakat Desa dan Kelurahan",
        "id_giat": 18279,
        "kode_giat": "7.01.03.2.01",
        "nama_giat": "Koordinasi Kegiatan Pemberdayaan Desa",
        "id_sub_giat": 59913,
        "kode_sub_giat": "7.01.03.2.01.0001",
        "nama_sub_giat": "Peningkatan Partisipasi Masyarakat dalam Forum Musyawarah Perencanaan Pembangunan di Desa",
        "pagu": 25000000,
        "pagu_indikatif": 25000000,
        "pagu_n_depan": 25000000,
        "kode_bl": "677.677.4418.18279",
        "kode_sbl": "677.677.4418.18279.59913",
        "urusan_locked": 0,
        "bidang_urusan_locked": 0,
        "program_locked": 0,
        "giat_locked": 0,
        "sub_giat_locked": 0,
        "kunci_bl": 1,
        "kunci_bl_rinci": 1,
        "id_output_bl": 57724,
        "satuan_output": "Lembaga Kemasyarakatan",
        "tolak_ukur_output": "Jumlah Lembaga Kemasyarakatan yang Berpartisipasi dalam Forum Musyawarah Perencanaan Pembangunan di Desa ",
        "target_teks_output": "10 Lembaga Kemasyarakatan",
        "satuan_capaian": null,
        "tolak_ukur_capaian": null,
        "target_teks_capaian": null,
        "satuan_sub": null,
        "tolok_ukur_sub": null,
        "target_sub_teks": null,
        "tolak_ukur_n": "Jumlah Lembaga Kemasyarakatan yang Berpartisipasi dalam Forum Musyawarah Perencanaan Pembangunan di Desa ",
        "target_teks_n": "10 Lembaga Kemasyarakatan",
        "kode_dana": "1.2.01.08",
        "nama_dana": "Dana Alokasi Umum (DAU)",
        "lokasi_bl": "Kab. Bengkulu Utara, Tanjung Agung Palik, Semua Kel/Desa",
        "id_label_pusat": 0,
        "label_pusat": null,
        "id_label_prov": 395,
        "label_prov": "1. Percepatan Pengentasan Kemiskinan dan Peningkatan Kualitas SDM yang Berdaya Saing\t",
        "id_label_kokab": 0,
        "label_kokab": null,
        "kelompok_sasaran": null,
        "target_akhir_program_renstra": null,
        "target_min_1_program_renstra": null,
        "target_n_program_renstra": null,
        "target_akhir_giat_renstra": null,
        "target_min_1_giat_renstra": null,
        "target_n_giat_renstra": null,
        "target_akhir_sub_giat_renstra": " ",
        "target_min_1_sub_giat_renstra": " ",
        "target_n_sub_giat_renstra": " ",
        "total_pagu_indikatif_sub_skpd": 1787671180,
        "total_pagu_n_depan_sub_skpd": 1794750901,
        "total_pagu_indikatif_urusan": 1787671180,
        "total_pagu_n_depan_urusan": 1794750901,
        "total_pagu_indikatif_bidang_urusan": 1787671180,
        "total_pagu_n_depan_bidang_urusan": 1794750901,
        "total_pagu_indikatif_program": 25000000,
        "total_pagu_n_depan_program": 25000000,
        "total_pagu_indikatif_kegiatan": 25000000,
        "total_pagu_n_depan_kegiatan": 25000000,
        "total_pagu_indikatif": 1787671180,
        "total_pagu_n_depan": 1794750901
    },
    {
        "migrated_at": null,
        "id_sub_bl": 60015,
        "id_daerah": 473,
        "tahun": 2026,
        "id_unit": 677,
        "id_skpd": 677,
        "created_user": 6591,
        "kode_skpd": "7.01.0.00.0.00.18.0000",
        "nama_skpd": "Kecamatan Tanjung Agung Palik",
        "id_urusan": 17,
        "kode_urusan": "7",
        "nama_urusan": "UNSUR KEWILAYAHAN",
        "id_bidang_urusan": 243,
        "kode_bidang_urusan": "7.01",
        "nama_bidang_urusan": "KECAMATAN",
        "id_sub_skpd": 677,
        "kode_sub_skpd": "7.01.0.00.0.00.18.0000",
        "nama_sub_skpd": "Kecamatan Tanjung Agung Palik",
        "id_program": 4423,
        "kode_program": "7.01.06",
        "nama_program": "PROGRAM PEMBINAAN DAN PENGAWASAN PEMERINTAHAN DESA",
        "outcome": "[ Terselenggaranya Program Pembinaan dan Pengawasan Pemerintahan Desa Kecamatan Tanjung Agung Palik ]",
        "indikator_outcome": "Persentase Tingkat Pembinaan dan Pengawasan Desa",
        "target_akhir": "100",
        "realisasi_capaian": "100",
        "prakiraan": "100",
        "target_maju_1": "100",
        "urai_output": "Terselenggaranya Program Pembinaan dan Penggawasan Pemerintahan Desa",
        "id_giat": 18290,
        "kode_giat": "7.01.06.2.01",
        "nama_giat": "Fasilitasi, Rekomendasi dan Koordinasi\n\nPembinaan dan Pengawasan Pemerintahan Desa",
        "id_sub_giat": 59975,
        "kode_sub_giat": "7.01.06.2.01.0016",
        "nama_sub_giat": "Fasilitasi Penyusunan Program dan Pelaksanaan Pemberdayaan Masyarakat Desa",
        "pagu": 110000000,
        "pagu_indikatif": 110000000,
        "pagu_n_depan": 110000000,
        "kode_bl": "677.677.4423.18290",
        "kode_sbl": "677.677.4423.18290.59975",
        "urusan_locked": 0,
        "bidang_urusan_locked": 0,
        "program_locked": 0,
        "giat_locked": 0,
        "sub_giat_locked": 0,
        "kunci_bl": 1,
        "kunci_bl_rinci": 1,
        "id_output_bl": 57725,
        "satuan_output": "Dokumen",
        "tolak_ukur_output": "Jumlah Dokumen Fasilitasi dalam rangka Program dan Pelaksanaan Pemberdayaan Masyarakat Desa",
        "target_teks_output": "10 Dokumen",
        "satuan_capaian": null,
        "tolak_ukur_capaian": null,
        "target_teks_capaian": null,
        "satuan_sub": null,
        "tolok_ukur_sub": null,
        "target_sub_teks": null,
        "tolak_ukur_n": "Jumlah Dokumen Fasilitasi dalam rangka Program dan Pelaksanaan Pemberdayaan Masyarakat Desa",
        "target_teks_n": "10 Dokumen",
        "kode_dana": "1.2.01.08",
        "nama_dana": "Dana Alokasi Umum (DAU)",
        "lokasi_bl": "Kab. Bengkulu Utara, Tanjung Agung Palik, Semua Kel/Desa",
        "id_label_pusat": 0,
        "label_pusat": null,
        "id_label_prov": 395,
        "label_prov": "1. Percepatan Pengentasan Kemiskinan dan Peningkatan Kualitas SDM yang Berdaya Saing\t",
        "id_label_kokab": 0,
        "label_kokab": null,
        "kelompok_sasaran": null,
        "target_akhir_program_renstra": null,
        "target_min_1_program_renstra": null,
        "target_n_program_renstra": null,
        "target_akhir_giat_renstra": null,
        "target_min_1_giat_renstra": null,
        "target_n_giat_renstra": null,
        "target_akhir_sub_giat_renstra": " ",
        "target_min_1_sub_giat_renstra": " ",
        "target_n_sub_giat_renstra": " ",
        "total_pagu_indikatif_sub_skpd": 1787671180,
        "total_pagu_n_depan_sub_skpd": 1794750901,
        "total_pagu_indikatif_urusan": 1787671180,
        "total_pagu_n_depan_urusan": 1794750901,
        "total_pagu_indikatif_bidang_urusan": 1787671180,
        "total_pagu_n_depan_bidang_urusan": 1794750901,
        "total_pagu_indikatif_program": 110000000,
        "total_pagu_n_depan_program": 110000000,
        "total_pagu_indikatif_kegiatan": 110000000,
        "total_pagu_n_depan_kegiatan": 110000000,
        "total_pagu_indikatif": 1787671180,
        "total_pagu_n_depan": 1794750901
    }
]