[
    {
        "migrated_at": null,
        "id_sub_bl": 61136,
        "id_daerah": 473,
        "tahun": 2026,
        "id_unit": 665,
        "id_skpd": 665,
        "created_user": 468146,
        "kode_skpd": "7.01.0.00.0.00.14.0000",
        "nama_skpd": "Kecamatan Napal Putih",
        "id_urusan": 17,
        "kode_urusan": "7",
        "nama_urusan": "UNSUR KEWILAYAHAN",
        "id_bidang_urusan": 243,
        "kode_bidang_urusan": "7.01",
        "nama_bidang_urusan": "KECAMATAN",
        "id_sub_skpd": 665,
        "kode_sub_skpd": "7.01.0.00.0.00.14.0000",
        "nama_sub_skpd": "Kecamatan Napal Putih",
        "id_program": 4451,
        "kode_program": "7.01.01",
        "nama_program": "PROGRAM PENUNJANG URUSAN PEMERINTAHAN DAERAH KABUPATEN/KOTA",
        "outcome": "[ Terselenggaranya Penunjang urusan Pemerintahan Daerah Kecamatan Napal Putih ]",
        "indikator_outcome": "Persentase pemenuhan kebutuhan penunjang Perangkat Daerah",
        "target_akhir": "100",
        "realisasi_capaian": "100",
        "prakiraan": "100",
        "target_maju_1": "100",
        "urai_output": "Terselenggaranya Penunjang Urusan Pemerintahan Daerah",
        "id_giat": 18371,
        "kode_giat": "7.01.01.2.01",
        "nama_giat": "Perencanaan, Penganggaran, dan Evaluasi Kinerja Perangkat Daerah",
        "id_sub_giat": 60589,
        "kode_sub_giat": "7.01.01.2.01.0001",
        "nama_sub_giat": "Penyusunan Dokumen Perencanaan Perangkat Daerah",
        "pagu": 25500000,
        "pagu_indikatif": 25500000,
        "pagu_n_depan": 26775000,
        "kode_bl": "665.665.4451.18371",
        "kode_sbl": "665.665.4451.18371.60589",
        "urusan_locked": 0,
        "bidang_urusan_locked": 0,
        "program_locked": 0,
        "giat_locked": 0,
        "sub_giat_locked": 0,
        "kunci_bl": 1,
        "kunci_bl_rinci": 1,
        "id_output_bl": 58846,
        "satuan_output": "Dokumen",
        "tolak_ukur_output": "Jumlah Dokumen Perencanaan Perangkat Daerah ",
        "target_teks_output": "2 Dokumen",
        "satuan_capaian": null,
        "tolak_ukur_capaian": null,
        "target_teks_capaian": null,
        "satuan_sub": null,
        "tolok_ukur_sub": null,
        "target_sub_teks": null,
        "tolak_ukur_n": "Jumlah Dokumen Perencanaan Perangkat Daerah ",
        "target_teks_n": "2 Dokumen",
        "kode_dana": "1.2.01.08",
        "nama_dana": "Dana Alokasi Umum (DAU)",
        "lokasi_bl": "Kab. Bengkulu Utara, Napal Putih, Semua Kel/Desa",
        "id_label_pusat": 0,
        "label_pusat": null,
        "id_label_prov": 398,
        "label_prov": "4. Inovasi dan Tata Kelola Pemerintahan",
        "id_label_kokab": 0,
        "label_kokab": null,
        "kelompok_sasaran": null,
        "target_akhir_program_renstra": null,
        "target_min_1_program_renstra": null,
        "target_n_program_renstra": null,
        "target_akhir_giat_renstra": null,
        "target_min_1_giat_renstra": null,
        "target_n_giat_renstra": null,
        "target_akhir_sub_giat_renstra": " ",
        "target_min_1_sub_giat_renstra": " ",
        "target_n_sub_giat_renstra": " ",
        "total_pagu_indikatif_sub_skpd": 1946092553,
        "total_pagu_n_depan_sub_skpd": 2017084179,
        "total_pagu_indikatif_urusan": 1921092553,
        "total_pagu_n_depan_urusan": 2017084179,
        "total_pagu_indikatif_bidang_urusan": 1921092553,
        "total_pagu_n_depan_bidang_urusan": 2017084179,
        "total_pagu_indikatif_program": 1801092553,
        "total_pagu_n_depan_program": 1914007779,
        "total_pagu_indikatif_kegiatan": 40500000,
        "total_pagu_n_depan_kegiatan": 42525000,
        "total_pagu_indikatif": 1946092553,
        "total_pagu_n_depan": 2017084179
    },
    {
        "migrated_at": null,
        "id_sub_bl": 61160,
        "id_daerah": 473,
        "tahun": 2026,
        "id_unit": 665,
        "id_skpd": 665,
        "created_user": 468146,
        "kode_skpd": "7.01.0.00.0.00.14.0000",
        "nama_skpd": "Kecamatan Napal Putih",
        "id_urusan": 17,
        "kode_urusan": "7",
        "nama_urusan": "UNSUR KEWILAYAHAN",
        "id_bidang_urusan": 243,
        "kode_bidang_urusan": "7.01",
        "nama_bidang_urusan": "KECAMATAN",
        "id_sub_skpd": 665,
        "kode_sub_skpd": "7.01.0.00.0.00.14.0000",
        "nama_sub_skpd": "Kecamatan Napal Putih",
        "id_program": 4451,
        "kode_program": "7.01.01",
        "nama_program": "PROGRAM PENUNJANG URUSAN PEMERINTAHAN DAERAH KABUPATEN/KOTA",
        "outcome": "[ Terselenggaranya Penunjang urusan Pemerintahan Daerah Kecamatan Napal Putih ]",
        "indikator_outcome": "Persentase pemenuhan kebutuhan penunjang Perangkat Daerah",
        "target_akhir": "100",
        "realisasi_capaian": "100",
        "prakiraan": "100",
        "target_maju_1": "100",
        "urai_output": "Terselenggaranya Penunjang Urusan Pemerintahan Daerah",
        "id_giat": 18371,
        "kode_giat": "7.01.01.2.01",
        "nama_giat": "Perencanaan, Penganggaran, dan Evaluasi Kinerja Perangkat Daerah",
        "id_sub_giat": 60590,
        "kode_sub_giat": "7.01.01.2.01.0002",
        "nama_sub_giat": "Koordinasi dan Penyusunan Dokumen RKA-SKPD",
        "pagu": 2500000,
        "pagu_indikatif": 2500000,
        "pagu_n_depan": 2625000,
        "kode_bl": "665.665.4451.18371",
        "kode_sbl": "665.665.4451.18371.60590",
        "urusan_locked": 0,
        "bidang_urusan_locked": 0,
        "program_locked": 0,
        "giat_locked": 0,
        "sub_giat_locked": 0,
        "kunci_bl": 1,
        "kunci_bl_rinci": 1,
        "id_output_bl": 58870,
        "satuan_output": "Dokumen",
        "tolak_ukur_output": "Jumlah Dokumen RKA-SKPD dan Laporan Hasil Koordinasi Penyusunan Dokumen RKA-SKPD",
        "target_teks_output": "1 Dokumen",
        "satuan_capaian": null,
        "tolak_ukur_capaian": null,
        "target_teks_capaian": null,
        "satuan_sub": null,
        "tolok_ukur_sub": null,
        "target_sub_teks": null,
        "tolak_ukur_n": "Jumlah Dokumen RKA-SKPD dan Laporan Hasil Koordinasi Penyusunan Dokumen RKA-SKPD",
        "target_teks_n": "1 Dokumen",
        "kode_dana": "1.2.01.08",
        "nama_dana": "Dana Alokasi Umum (DAU)",
        "lokasi_bl": "Kab. Bengkulu Utara, Napal Putih, Semua Kel/Desa",
        "id_label_pusat": 0,
        "label_pusat": null,
        "id_label_prov": 398,
        "label_prov": "4. Inovasi dan Tata Kelola Pemerintahan",
        "id_label_kokab": 0,
        "label_kokab": null,
        "kelompok_sasaran": null,
        "target_akhir_program_renstra": null,
        "target_min_1_program_renstra": null,
        "target_n_program_renstra": null,
        "target_akhir_giat_renstra": null,
        "target_min_1_giat_renstra": null,
        "target_n_giat_renstra": null,
        "target_akhir_sub_giat_renstra": " ",
        "target_min_1_sub_giat_renstra": " ",
        "target_n_sub_giat_renstra": " ",
        "total_pagu_indikatif_sub_skpd": 1946092553,
        "total_pagu_n_depan_sub_skpd": 2017084179,
        "total_pagu_indikatif_urusan": 1921092553,
        "total_pagu_n_depan_urusan": 2017084179,
        "total_pagu_indikatif_bidang_urusan": 1921092553,
        "total_pagu_n_depan_bidang_urusan": 2017084179,
        "total_pagu_indikatif_program": 1801092553,
        "total_pagu_n_depan_program": 1914007779,
        "total_pagu_indikatif_kegiatan": 40500000,
        "total_pagu_n_depan_kegiatan": 42525000,
        "total_pagu_indikatif": 1946092553,
        "total_pagu_n_depan": 2017084179
    },
    {
        "migrated_at": null,
        "id_sub_bl": 61172,
        "id_daerah": 473,
        "tahun": 2026,
        "id_unit": 665,
        "id_skpd": 665,
        "created_user": 468146,
        "kode_skpd": "7.01.0.00.0.00.14.0000",
        "nama_skpd": "Kecamatan Napal Putih",
        "id_urusan": 17,
        "kode_urusan": "7",
        "nama_urusan": "UNSUR KEWILAYAHAN",
        "id_bidang_urusan": 243,
        "kode_bidang_urusan": "7.01",
        "nama_bidang_urusan": "KECAMATAN",
        "id_sub_skpd": 665,
        "kode_sub_skpd": "7.01.0.00.0.00.14.0000",
        "nama_sub_skpd": "Kecamatan Napal Putih",
        "id_program": 4451,
        "kode_program": "7.01.01",
        "nama_program": "PROGRAM PENUNJANG URUSAN PEMERINTAHAN DAERAH KABUPATEN/KOTA",
        "outcome": "[ Terselenggaranya Penunjang urusan Pemerintahan Daerah Kecamatan Napal Putih ]",
        "indikator_outcome": "Persentase pemenuhan kebutuhan penunjang Perangkat Daerah",
        "target_akhir": "100",
        "realisasi_capaian": "100",
        "prakiraan": "100",
        "target_maju_1": "100",
        "urai_output": "Terselenggaranya Penunjang Urusan Pemerintahan Daerah",
        "id_giat": 18371,
        "kode_giat": "7.01.01.2.01",
        "nama_giat": "Perencanaan, Penganggaran, dan Evaluasi Kinerja Perangkat Daerah",
        "id_sub_giat": 60591,
        "kode_sub_giat": "7.01.01.2.01.0003",
        "nama_sub_giat": "Koordinasi dan Penyusunan Dokumen Perubahan RKA-SKPD",
        "pagu": 2500000,
        "pagu_indikatif": 2500000,
        "pagu_n_depan": 2625000,
        "kode_bl": "665.665.4451.18371",
        "kode_sbl": "665.665.4451.18371.60591",
        "urusan_locked": 0,
        "bidang_urusan_locked": 0,
        "program_locked": 0,
        "giat_locked": 0,
        "sub_giat_locked": 0,
        "kunci_bl": 1,
        "kunci_bl_rinci": 1,
        "id_output_bl": 58882,
        "satuan_output": "Dokumen",
        "tolak_ukur_output": "Jumlah Dokumen Perubahan RKA-SKPD dan Laporan Hasil Koordinasi Penyusunan Dokumen Perubahan RKA-SKPD",
        "target_teks_output": "1 Dokumen",
        "satuan_capaian": null,
        "tolak_ukur_capaian": null,
        "target_teks_capaian": null,
        "satuan_sub": null,
        "tolok_ukur_sub": null,
        "target_sub_teks": null,
        "tolak_ukur_n": "Jumlah Dokumen Perubahan RKA-SKPD dan Laporan Hasil Koordinasi Penyusunan Dokumen Perubahan RKA-SKPD",
        "target_teks_n": "1 Dokumen",
        "kode_dana": "1.2.01.08",
        "nama_dana": "Dana Alokasi Umum (DAU)",
        "lokasi_bl": "Kab. Bengkulu Utara, Napal Putih, Semua Kel/Desa",
        "id_label_pusat": 0,
        "label_pusat": null,
        "id_label_prov": 398,
        "label_prov": "4. Inovasi dan Tata Kelola Pemerintahan",
        "id_label_kokab": 0,
        "label_kokab": null,
        "kelompok_sasaran": null,
        "target_akhir_program_renstra": null,
        "target_min_1_program_renstra": null,
        "target_n_program_renstra": null,
        "target_akhir_giat_renstra": null,
        "target_min_1_giat_renstra": null,
        "target_n_giat_renstra": null,
        "target_akhir_sub_giat_renstra": " ",
        "target_min_1_sub_giat_renstra": " ",
        "target_n_sub_giat_renstra": " ",
        "total_pagu_indikatif_sub_skpd": 1946092553,
        "total_pagu_n_depan_sub_skpd": 2017084179,
        "total_pagu_indikatif_urusan": 1921092553,
        "total_pagu_n_depan_urusan": 2017084179,
        "total_pagu_indikatif_bidang_urusan": 1921092553,
        "total_pagu_n_depan_bidang_urusan": 2017084179,
        "total_pagu_indikatif_program": 1801092553,
        "total_pagu_n_depan_program": 1914007779,
        "total_pagu_indikatif_kegiatan": 40500000,
        "total_pagu_n_depan_kegiatan": 42525000,
        "total_pagu_indikatif": 1946092553,
        "total_pagu_n_depan": 2017084179
    },
    {
        "migrated_at": null,
        "id_sub_bl": 61183,
        "id_daerah": 473,
        "tahun": 2026,
        "id_unit": 665,
        "id_skpd": 665,
        "created_user": 468146,
        "kode_skpd": "7.01.0.00.0.00.14.0000",
        "nama_skpd": "Kecamatan Napal Putih",
        "id_urusan": 17,
        "kode_urusan": "7",
        "nama_urusan": "UNSUR KEWILAYAHAN",
        "id_bidang_urusan": 243,
        "kode_bidang_urusan": "7.01",
        "nama_bidang_urusan": "KECAMATAN",
        "id_sub_skpd": 665,
        "kode_sub_skpd": "7.01.0.00.0.00.14.0000",
        "nama_sub_skpd": "Kecamatan Napal Putih",
        "id_program": 4451,
        "kode_program": "7.01.01",
        "nama_program": "PROGRAM PENUNJANG URUSAN PEMERINTAHAN DAERAH KABUPATEN/KOTA",
        "outcome": "[ Terselenggaranya Penunjang urusan Pemerintahan Daerah Kecamatan Napal Putih ]",
        "indikator_outcome": "Persentase pemenuhan kebutuhan penunjang Perangkat Daerah",
        "target_akhir": "100",
        "realisasi_capaian": "100",
        "prakiraan": "100",
        "target_maju_1": "100",
        "urai_output": "Terselenggaranya Penunjang Urusan Pemerintahan Daerah",
        "id_giat": 18371,
        "kode_giat": "7.01.01.2.01",
        "nama_giat": "Perencanaan, Penganggaran, dan Evaluasi Kinerja Perangkat Daerah",
        "id_sub_giat": 60592,
        "kode_sub_giat": "7.01.01.2.01.0004",
        "nama_sub_giat": "Koordinasi dan Penyusunan DPA-SKPD",
        "pagu": 2500000,
        "pagu_indikatif": 2500000,
        "pagu_n_depan": 2625000,
        "kode_bl": "665.665.4451.18371",
        "kode_sbl": "665.665.4451.18371.60592",
        "urusan_locked": 0,
        "bidang_urusan_locked": 0,
        "program_locked": 0,
        "giat_locked": 0,
        "sub_giat_locked": 0,
        "kunci_bl": 1,
        "kunci_bl_rinci": 1,
        "id_output_bl": 58893,
        "satuan_output": "Dokumen",
        "tolak_ukur_output": "Jumlah Dokumen DPA-SKPD dan Laporan Hasil Koordinasi Penyusunan Dokumen DPA-SKPD",
        "target_teks_output": "1 Dokumen",
        "satuan_capaian": null,
        "tolak_ukur_capaian": null,
        "target_teks_capaian": null,
        "satuan_sub": null,
        "tolok_ukur_sub": null,
        "target_sub_teks": null,
        "tolak_ukur_n": "Jumlah Dokumen DPA-SKPD dan Laporan Hasil Koordinasi Penyusunan Dokumen DPA-SKPD",
        "target_teks_n": "1 Dokumen",
        "kode_dana": "1.2.01.08",
        "nama_dana": "Dana Alokasi Umum (DAU)",
        "lokasi_bl": "Kab. Bengkulu Utara, Semua Kecamatan, Semua Kel/Desa",
        "id_label_pusat": 0,
        "label_pusat": null,
        "id_label_prov": 398,
        "label_prov": "4. Inovasi dan Tata Kelola Pemerintahan",
        "id_label_kokab": 0,
        "label_kokab": null,
        "kelompok_sasaran": null,
        "target_akhir_program_renstra": null,
        "target_min_1_program_renstra": null,
        "target_n_program_renstra": null,
        "target_akhir_giat_renstra": null,
        "target_min_1_giat_renstra": null,
        "target_n_giat_renstra": null,
        "target_akhir_sub_giat_renstra": " ",
        "target_min_1_sub_giat_renstra": " ",
        "target_n_sub_giat_renstra": " ",
        "total_pagu_indikatif_sub_skpd": 1946092553,
        "total_pagu_n_depan_sub_skpd": 2017084179,
        "total_pagu_indikatif_urusan": 1921092553,
        "total_pagu_n_depan_urusan": 2017084179,
        "total_pagu_indikatif_bidang_urusan": 1921092553,
        "total_pagu_n_depan_bidang_urusan": 2017084179,
        "total_pagu_indikatif_program": 1801092553,
        "total_pagu_n_depan_program": 1914007779,
        "total_pagu_indikatif_kegiatan": 40500000,
        "total_pagu_n_depan_kegiatan": 42525000,
        "total_pagu_indikatif": 1946092553,
        "total_pagu_n_depan": 2017084179
    },
    {
        "migrated_at": null,
        "id_sub_bl": 61191,
        "id_daerah": 473,
        "tahun": 2026,
        "id_unit": 665,
        "id_skpd": 665,
        "created_user": 468146,
        "kode_skpd": "7.01.0.00.0.00.14.0000",
        "nama_skpd": "Kecamatan Napal Putih",
        "id_urusan": 17,
        "kode_urusan": "7",
        "nama_urusan": "UNSUR KEWILAYAHAN",
        "id_bidang_urusan": 243,
        "kode_bidang_urusan": "7.01",
        "nama_bidang_urusan": "KECAMATAN",
        "id_sub_skpd": 665,
        "kode_sub_skpd": "7.01.0.00.0.00.14.0000",
        "nama_sub_skpd": "Kecamatan Napal Putih",
        "id_program": 4451,
        "kode_program": "7.01.01",
        "nama_program": "PROGRAM PENUNJANG URUSAN PEMERINTAHAN DAERAH KABUPATEN/KOTA",
        "outcome": "[ Terselenggaranya Penunjang urusan Pemerintahan Daerah Kecamatan Napal Putih ]",
        "indikator_outcome": "Persentase pemenuhan kebutuhan penunjang Perangkat Daerah",
        "target_akhir": "100",
        "realisasi_capaian": "100",
        "prakiraan": "100",
        "target_maju_1": "100",
        "urai_output": "Terselenggaranya Penunjang Urusan Pemerintahan Daerah",
        "id_giat": 18371,
        "kode_giat": "7.01.01.2.01",
        "nama_giat": "Perencanaan, Penganggaran, dan Evaluasi Kinerja Perangkat Daerah",
        "id_sub_giat": 60593,
        "kode_sub_giat": "7.01.01.2.01.0005",
        "nama_sub_giat": "Koordinasi dan Penyusunan Perubahan DPA- SKPD",
        "pagu": 2500000,
        "pagu_indikatif": 2500000,
        "pagu_n_depan": 2625000,
        "kode_bl": "665.665.4451.18371",
        "kode_sbl": "665.665.4451.18371.60593",
        "urusan_locked": 0,
        "bidang_urusan_locked": 0,
        "program_locked": 0,
        "giat_locked": 0,
        "sub_giat_locked": 0,
        "kunci_bl": 1,
        "kunci_bl_rinci": 1,
        "id_output_bl": 58901,
        "satuan_output": "Dokumen",
        "tolak_ukur_output": "Jumlah Dokumen Perubahan DPA-SKPD dan Laporan Hasil Koordinasi Penyusunan Dokumen Perubahan DPA-SKPD",
        "target_teks_output": "1 Dokumen",
        "satuan_capaian": null,
        "tolak_ukur_capaian": null,
        "target_teks_capaian": null,
        "satuan_sub": null,
        "tolok_ukur_sub": null,
        "target_sub_teks": null,
        "tolak_ukur_n": "Jumlah Dokumen Perubahan DPA-SKPD dan Laporan Hasil Koordinasi Penyusunan Dokumen Perubahan DPA-SKPD",
        "target_teks_n": "1 Dokumen",
        "kode_dana": "1.2.01.08",
        "nama_dana": "Dana Alokasi Umum (DAU)",
        "lokasi_bl": "Kab. Bengkulu Utara, Semua Kecamatan, Semua Kel/Desa",
        "id_label_pusat": 0,
        "label_pusat": null,
        "id_label_prov": 398,
        "label_prov": "4. Inovasi dan Tata Kelola Pemerintahan",
        "id_label_kokab": 0,
        "label_kokab": null,
        "kelompok_sasaran": null,
        "target_akhir_program_renstra": null,
        "target_min_1_program_renstra": null,
        "target_n_program_renstra": null,
        "target_akhir_giat_renstra": null,
        "target_min_1_giat_renstra": null,
        "target_n_giat_renstra": null,
        "target_akhir_sub_giat_renstra": " ",
        "target_min_1_sub_giat_renstra": " ",
        "target_n_sub_giat_renstra": " ",
        "total_pagu_indikatif_sub_skpd": 1946092553,
        "total_pagu_n_depan_sub_skpd": 2017084179,
        "total_pagu_indikatif_urusan": 1921092553,
        "total_pagu_n_depan_urusan": 2017084179,
        "total_pagu_indikatif_bidang_urusan": 1921092553,
        "total_pagu_n_depan_bidang_urusan": 2017084179,
        "total_pagu_indikatif_program": 1801092553,
        "total_pagu_n_depan_program": 1914007779,
        "total_pagu_indikatif_kegiatan": 40500000,
        "total_pagu_n_depan_kegiatan": 42525000,
        "total_pagu_indikatif": 1946092553,
        "total_pagu_n_depan": 2017084179
    },
    {
        "migrated_at": null,
        "id_sub_bl": 61205,
        "id_daerah": 473,
        "tahun": 2026,
        "id_unit": 665,
        "id_skpd": 665,
        "created_user": 468146,
        "kode_skpd": "7.01.0.00.0.00.14.0000",
        "nama_skpd": "Kecamatan Napal Putih",
        "id_urusan": 17,
        "kode_urusan": "7",
        "nama_urusan": "UNSUR KEWILAYAHAN",
        "id_bidang_urusan": 243,
        "kode_bidang_urusan": "7.01",
        "nama_bidang_urusan": "KECAMATAN",
        "id_sub_skpd": 665,
        "kode_sub_skpd": "7.01.0.00.0.00.14.0000",
        "nama_sub_skpd": "Kecamatan Napal Putih",
        "id_program": 4451,
        "kode_program": "7.01.01",
        "nama_program": "PROGRAM PENUNJANG URUSAN PEMERINTAHAN DAERAH KABUPATEN/KOTA",
        "outcome": "[ Terselenggaranya Penunjang urusan Pemerintahan Daerah Kecamatan Napal Putih ]",
        "indikator_outcome": "Persentase pemenuhan kebutuhan penunjang Perangkat Daerah",
        "target_akhir": "100",
        "realisasi_capaian": "100",
        "prakiraan": "100",
        "target_maju_1": "100",
        "urai_output": "Terselenggaranya Penunjang Urusan Pemerintahan Daerah",
        "id_giat": 18371,
        "kode_giat": "7.01.01.2.01",
        "nama_giat": "Perencanaan, Penganggaran, dan Evaluasi Kinerja Perangkat Daerah",
        "id_sub_giat": 60594,
        "kode_sub_giat": "7.01.01.2.01.0006",
        "nama_sub_giat": "Koordinasi dan Penyusunan Laporan Capaian Kinerja dan Ikhtisar Realisasi Kinerja SKPD",
        "pagu": 2500000,
        "pagu_indikatif": 2500000,
        "pagu_n_depan": 2625000,
        "kode_bl": "665.665.4451.18371",
        "kode_sbl": "665.665.4451.18371.60594",
        "urusan_locked": 0,
        "bidang_urusan_locked": 0,
        "program_locked": 0,
        "giat_locked": 0,
        "sub_giat_locked": 0,
        "kunci_bl": 1,
        "kunci_bl_rinci": 1,
        "id_output_bl": 58915,
        "satuan_output": "Laporan",
        "tolak_ukur_output": "Jumlah Laporan Capaian Kinerja dan Ikhtisar Realisasi Kinerja SKPD dan Laporan Hasil Koordinasi Penyusunan Laporan Capaian Kinerja dan Ikhtisar Realisasi Kinerja SKPD",
        "target_teks_output": "2 Laporan",
        "satuan_capaian": null,
        "tolak_ukur_capaian": null,
        "target_teks_capaian": null,
        "satuan_sub": null,
        "tolok_ukur_sub": null,
        "target_sub_teks": null,
        "tolak_ukur_n": "Jumlah Laporan Capaian Kinerja dan Ikhtisar Realisasi Kinerja SKPD dan Laporan Hasil Koordinasi Penyusunan Laporan Capaian Kinerja dan Ikhtisar Realisasi Kinerja SKPD",
        "target_teks_n": "2 Laporan",
        "kode_dana": "1.2.01.08",
        "nama_dana": "Dana Alokasi Umum (DAU)",
        "lokasi_bl": "Kab. Bengkulu Utara, Napal Putih, Semua Kel/Desa",
        "id_label_pusat": 0,
        "label_pusat": null,
        "id_label_prov": 398,
        "label_prov": "4. Inovasi dan Tata Kelola Pemerintahan",
        "id_label_kokab": 0,
        "label_kokab": null,
        "kelompok_sasaran": null,
        "target_akhir_program_renstra": null,
        "target_min_1_program_renstra": null,
        "target_n_program_renstra": null,
        "target_akhir_giat_renstra": null,
        "target_min_1_giat_renstra": null,
        "target_n_giat_renstra": null,
        "target_akhir_sub_giat_renstra": " ",
        "target_min_1_sub_giat_renstra": " ",
        "target_n_sub_giat_renstra": " ",
        "total_pagu_indikatif_sub_skpd": 1946092553,
        "total_pagu_n_depan_sub_skpd": 2017084179,
        "total_pagu_indikatif_urusan": 1921092553,
        "total_pagu_n_depan_urusan": 2017084179,
        "total_pagu_indikatif_bidang_urusan": 1921092553,
        "total_pagu_n_depan_bidang_urusan": 2017084179,
        "total_pagu_indikatif_program": 1801092553,
        "total_pagu_n_depan_program": 1914007779,
        "total_pagu_indikatif_kegiatan": 40500000,
        "total_pagu_n_depan_kegiatan": 42525000,
        "total_pagu_indikatif": 1946092553,
        "total_pagu_n_depan": 2017084179
    },
    {
        "migrated_at": null,
        "id_sub_bl": 61214,
        "id_daerah": 473,
        "tahun": 2026,
        "id_unit": 665,
        "id_skpd": 665,
        "created_user": 468146,
        "kode_skpd": "7.01.0.00.0.00.14.0000",
        "nama_skpd": "Kecamatan Napal Putih",
        "id_urusan": 17,
        "kode_urusan": "7",
        "nama_urusan": "UNSUR KEWILAYAHAN",
        "id_bidang_urusan": 243,
        "kode_bidang_urusan": "7.01",
        "nama_bidang_urusan": "KECAMATAN",
        "id_sub_skpd": 665,
        "kode_sub_skpd": "7.01.0.00.0.00.14.0000",
        "nama_sub_skpd": "Kecamatan Napal Putih",
        "id_program": 4451,
        "kode_program": "7.01.01",
        "nama_program": "PROGRAM PENUNJANG URUSAN PEMERINTAHAN DAERAH KABUPATEN/KOTA",
        "outcome": "[ Terselenggaranya Penunjang urusan Pemerintahan Daerah Kecamatan Napal Putih ]",
        "indikator_outcome": "Persentase pemenuhan kebutuhan penunjang Perangkat Daerah",
        "target_akhir": "100",
        "realisasi_capaian": "100",
        "prakiraan": "100",
        "target_maju_1": "100",
        "urai_output": "Terselenggaranya Penunjang Urusan Pemerintahan Daerah",
        "id_giat": 18371,
        "kode_giat": "7.01.01.2.01",
        "nama_giat": "Perencanaan, Penganggaran, dan Evaluasi Kinerja Perangkat Daerah",
        "id_sub_giat": 60595,
        "kode_sub_giat": "7.01.01.2.01.0007",
        "nama_sub_giat": "Evaluasi Kinerja Perangkat Daerah",
        "pagu": 2500000,
        "pagu_indikatif": 2500000,
        "pagu_n_depan": 2625000,
        "kode_bl": "665.665.4451.18371",
        "kode_sbl": "665.665.4451.18371.60595",
        "urusan_locked": 0,
        "bidang_urusan_locked": 0,
        "program_locked": 0,
        "giat_locked": 0,
        "sub_giat_locked": 0,
        "kunci_bl": 1,
        "kunci_bl_rinci": 1,
        "id_output_bl": 58924,
        "satuan_output": "Laporan",
        "tolak_ukur_output": "Jumlah Laporan Evaluasi Kinerja Perangkat Daerah",
        "target_teks_output": "1 Laporan",
        "satuan_capaian": null,
        "tolak_ukur_capaian": null,
        "target_teks_capaian": null,
        "satuan_sub": null,
        "tolok_ukur_sub": null,
        "target_sub_teks": null,
        "tolak_ukur_n": "Jumlah Laporan Evaluasi Kinerja Perangkat Daerah",
        "target_teks_n": "1 Laporan",
        "kode_dana": "1.2.01.08",
        "nama_dana": "Dana Alokasi Umum (DAU)",
        "lokasi_bl": "Kab. Bengkulu Utara, Napal Putih, Semua Kel/Desa",
        "id_label_pusat": 0,
        "label_pusat": null,
        "id_label_prov": 398,
        "label_prov": "4. Inovasi dan Tata Kelola Pemerintahan",
        "id_label_kokab": 0,
        "label_kokab": null,
        "kelompok_sasaran": null,
        "target_akhir_program_renstra": null,
        "target_min_1_program_renstra": null,
        "target_n_program_renstra": null,
        "target_akhir_giat_renstra": null,
        "target_min_1_giat_renstra": null,
        "target_n_giat_renstra": null,
        "target_akhir_sub_giat_renstra": " ",
        "target_min_1_sub_giat_renstra": " ",
        "target_n_sub_giat_renstra": " ",
        "total_pagu_indikatif_sub_skpd": 1946092553,
        "total_pagu_n_depan_sub_skpd": 2017084179,
        "total_pagu_indikatif_urusan": 1921092553,
        "total_pagu_n_depan_urusan": 2017084179,
        "total_pagu_indikatif_bidang_urusan": 1921092553,
        "total_pagu_n_depan_bidang_urusan": 2017084179,
        "total_pagu_indikatif_program": 1801092553,
        "total_pagu_n_depan_program": 1914007779,
        "total_pagu_indikatif_kegiatan": 40500000,
        "total_pagu_n_depan_kegiatan": 42525000,
        "total_pagu_indikatif": 1946092553,
        "total_pagu_n_depan": 2017084179
    },
    {
        "migrated_at": null,
        "id_sub_bl": 61238,
        "id_daerah": 473,
        "tahun": 2026,
        "id_unit": 665,
        "id_skpd": 665,
        "created_user": 468146,
        "kode_skpd": "7.01.0.00.0.00.14.0000",
        "nama_skpd": "Kecamatan Napal Putih",
        "id_urusan": 17,
        "kode_urusan": "7",
        "nama_urusan": "UNSUR KEWILAYAHAN",
        "id_bidang_urusan": 243,
        "kode_bidang_urusan": "7.01",
        "nama_bidang_urusan": "KECAMATAN",
        "id_sub_skpd": 665,
        "kode_sub_skpd": "7.01.0.00.0.00.14.0000",
        "nama_sub_skpd": "Kecamatan Napal Putih",
        "id_program": 4451,
        "kode_program": "7.01.01",
        "nama_program": "PROGRAM PENUNJANG URUSAN PEMERINTAHAN DAERAH KABUPATEN/KOTA",
        "outcome": "[ Terselenggaranya Penunjang urusan Pemerintahan Daerah Kecamatan Napal Putih ]",
        "indikator_outcome": "Persentase pemenuhan kebutuhan penunjang Perangkat Daerah",
        "target_akhir": "100",
        "realisasi_capaian": "100",
        "prakiraan": "100",
        "target_maju_1": "100",
        "urai_output": "Pemenuhan Administrasi Keuangan Perangkat Daerah",
        "id_giat": 18372,
        "kode_giat": "7.01.01.2.02",
        "nama_giat": "Administrasi Keuangan Perangkat Daerah",
        "id_sub_giat": 60602,
        "kode_sub_giat": "7.01.01.2.02.0001",
        "nama_sub_giat": "Penyediaan Gaji dan Tunjangan ASN",
        "pagu": 1456982400,
        "pagu_indikatif": 1456982400,
        "pagu_n_depan": 1554472779,
        "kode_bl": "665.665.4451.18372",
        "kode_sbl": "665.665.4451.18372.60602",
        "urusan_locked": 0,
        "bidang_urusan_locked": 0,
        "program_locked": 0,
        "giat_locked": 0,
        "sub_giat_locked": 0,
        "kunci_bl": 1,
        "kunci_bl_rinci": 1,
        "id_output_bl": 58948,
        "satuan_output": "Orang/bulan",
        "tolak_ukur_output": "Jumlah Orang yang Menerima Gaji dan Tunjangan ASN",
        "target_teks_output": "13 Orang/bulan",
        "satuan_capaian": null,
        "tolak_ukur_capaian": null,
        "target_teks_capaian": null,
        "satuan_sub": null,
        "tolok_ukur_sub": null,
        "target_sub_teks": null,
        "tolak_ukur_n": "Jumlah Orang yang Menerima Gaji dan Tunjangan ASN",
        "target_teks_n": "13 Orang/bulan",
        "kode_dana": "1.2.01.08",
        "nama_dana": "Dana Alokasi Umum (DAU)",
        "lokasi_bl": "Kab. Bengkulu Utara, Semua Kecamatan, Semua Kel/Desa",
        "id_label_pusat": 0,
        "label_pusat": null,
        "id_label_prov": 398,
        "label_prov": "4. Inovasi dan Tata Kelola Pemerintahan",
        "id_label_kokab": 0,
        "label_kokab": null,
        "kelompok_sasaran": null,
        "target_akhir_program_renstra": null,
        "target_min_1_program_renstra": null,
        "target_n_program_renstra": null,
        "target_akhir_giat_renstra": null,
        "target_min_1_giat_renstra": null,
        "target_n_giat_renstra": null,
        "target_akhir_sub_giat_renstra": " ",
        "target_min_1_sub_giat_renstra": " ",
        "target_n_sub_giat_renstra": " ",
        "total_pagu_indikatif_sub_skpd": 1946092553,
        "total_pagu_n_depan_sub_skpd": 2017084179,
        "total_pagu_indikatif_urusan": 1921092553,
        "total_pagu_n_depan_urusan": 2017084179,
        "total_pagu_indikatif_bidang_urusan": 1921092553,
        "total_pagu_n_depan_bidang_urusan": 2017084179,
        "total_pagu_indikatif_program": 1801092553,
        "total_pagu_n_depan_program": 1914007779,
        "total_pagu_indikatif_kegiatan": 1497382400,
        "total_pagu_n_depan_kegiatan": 1595122779,
        "total_pagu_indikatif": 1946092553,
        "total_pagu_n_depan": 2017084179
    },
    {
        "migrated_at": null,
        "id_sub_bl": 61261,
        "id_daerah": 473,
        "tahun": 2026,
        "id_unit": 665,
        "id_skpd": 665,
        "created_user": 468146,
        "kode_skpd": "7.01.0.00.0.00.14.0000",
        "nama_skpd": "Kecamatan Napal Putih",
        "id_urusan": 17,
        "kode_urusan": "7",
        "nama_urusan": "UNSUR KEWILAYAHAN",
        "id_bidang_urusan": 243,
        "kode_bidang_urusan": "7.01",
        "nama_bidang_urusan": "KECAMATAN",
        "id_sub_skpd": 665,
        "kode_sub_skpd": "7.01.0.00.0.00.14.0000",
        "nama_sub_skpd": "Kecamatan Napal Putih",
        "id_program": 4451,
        "kode_program": "7.01.01",
        "nama_program": "PROGRAM PENUNJANG URUSAN PEMERINTAHAN DAERAH KABUPATEN/KOTA",
        "outcome": "[ Terselenggaranya Penunjang urusan Pemerintahan Daerah Kecamatan Napal Putih ]",
        "indikator_outcome": "Persentase pemenuhan kebutuhan penunjang Perangkat Daerah",
        "target_akhir": "100",
        "realisasi_capaian": "100",
        "prakiraan": "100",
        "target_maju_1": "100",
        "urai_output": "Pemenuhan Administrasi Keuangan Perangkat Daerah",
        "id_giat": 18372,
        "kode_giat": "7.01.01.2.02",
        "nama_giat": "Administrasi Keuangan Perangkat Daerah",
        "id_sub_giat": 60604,
        "kode_sub_giat": "7.01.01.2.02.0003",
        "nama_sub_giat": "Pelaksanaan Penatausahaan dan\r\n\nPengujian/Verifikasi Keuangan SKPD",
        "pagu": 35400000,
        "pagu_indikatif": 35400000,
        "pagu_n_depan": 35400000,
        "kode_bl": "665.665.4451.18372",
        "kode_sbl": "665.665.4451.18372.60604",
        "urusan_locked": 0,
        "bidang_urusan_locked": 0,
        "program_locked": 0,
        "giat_locked": 0,
        "sub_giat_locked": 0,
        "kunci_bl": 1,
        "kunci_bl_rinci": 1,
        "id_output_bl": 58971,
        "satuan_output": "Dokumen",
        "tolak_ukur_output": "Jumlah Dokumen Penatausahaan dan Pengujian/Verifikasi Keuangan SKPD",
        "target_teks_output": "1 Dokumen",
        "satuan_capaian": null,
        "tolak_ukur_capaian": null,
        "target_teks_capaian": null,
        "satuan_sub": null,
        "tolok_ukur_sub": null,
        "target_sub_teks": null,
        "tolak_ukur_n": "Jumlah Dokumen Penatausahaan dan Pengujian/Verifikasi Keuangan SKPD",
        "target_teks_n": "1 Dokumen",
        "kode_dana": "1.2.01.08",
        "nama_dana": "Dana Alokasi Umum (DAU)",
        "lokasi_bl": "Kab. Bengkulu Utara, Padang Jaya, Semua Kel/Desa",
        "id_label_pusat": 0,
        "label_pusat": null,
        "id_label_prov": 398,
        "label_prov": "4. Inovasi dan Tata Kelola Pemerintahan",
        "id_label_kokab": 0,
        "label_kokab": null,
        "kelompok_sasaran": null,
        "target_akhir_program_renstra": null,
        "target_min_1_program_renstra": null,
        "target_n_program_renstra": null,
        "target_akhir_giat_renstra": null,
        "target_min_1_giat_renstra": null,
        "target_n_giat_renstra": null,
        "target_akhir_sub_giat_renstra": " ",
        "target_min_1_sub_giat_renstra": " ",
        "target_n_sub_giat_renstra": " ",
        "total_pagu_indikatif_sub_skpd": 1946092553,
        "total_pagu_n_depan_sub_skpd": 2017084179,
        "total_pagu_indikatif_urusan": 1921092553,
        "total_pagu_n_depan_urusan": 2017084179,
        "total_pagu_indikatif_bidang_urusan": 1921092553,
        "total_pagu_n_depan_bidang_urusan": 2017084179,
        "total_pagu_indikatif_program": 1801092553,
        "total_pagu_n_depan_program": 1914007779,
        "total_pagu_indikatif_kegiatan": 1497382400,
        "total_pagu_n_depan_kegiatan": 1595122779,
        "total_pagu_indikatif": 1946092553,
        "total_pagu_n_depan": 2017084179
    },
    {
        "migrated_at": null,
        "id_sub_bl": 61267,
        "id_daerah": 473,
        "tahun": 2026,
        "id_unit": 665,
        "id_skpd": 665,
        "created_user": 468146,
        "kode_skpd": "7.01.0.00.0.00.14.0000",
        "nama_skpd": "Kecamatan Napal Putih",
        "id_urusan": 17,
        "kode_urusan": "7",
        "nama_urusan": "UNSUR KEWILAYAHAN",
        "id_bidang_urusan": 243,
        "kode_bidang_urusan": "7.01",
        "nama_bidang_urusan": "KECAMATAN",
        "id_sub_skpd": 665,
        "kode_sub_skpd": "7.01.0.00.0.00.14.0000",
        "nama_sub_skpd": "Kecamatan Napal Putih",
        "id_program": 4451,
        "kode_program": "7.01.01",
        "nama_program": "PROGRAM PENUNJANG URUSAN PEMERINTAHAN DAERAH KABUPATEN/KOTA",
        "outcome": "[ Terselenggaranya Penunjang urusan Pemerintahan Daerah Kecamatan Napal Putih ]",
        "indikator_outcome": "Persentase pemenuhan kebutuhan penunjang Perangkat Daerah",
        "target_akhir": "100",
        "realisasi_capaian": "100",
        "prakiraan": "100",
        "target_maju_1": "100",
        "urai_output": "Pemenuhan Administrasi Keuangan Perangkat Daerah",
        "id_giat": 18372,
        "kode_giat": "7.01.01.2.02",
        "nama_giat": "Administrasi Keuangan Perangkat Daerah",
        "id_sub_giat": 60606,
        "kode_sub_giat": "7.01.01.2.02.0005",
        "nama_sub_giat": "Koordinasi dan Penyusunan Laporan Keuangan Akhir Tahun SKPD",
        "pagu": 2500000,
        "pagu_indikatif": 2500000,
        "pagu_n_depan": 2625000,
        "kode_bl": "665.665.4451.18372",
        "kode_sbl": "665.665.4451.18372.60606",
        "urusan_locked": 0,
        "bidang_urusan_locked": 0,
        "program_locked": 0,
        "giat_locked": 0,
        "sub_giat_locked": 0,
        "kunci_bl": 1,
        "kunci_bl_rinci": 1,
        "id_output_bl": 58977,
        "satuan_output": "Laporan",
        "tolak_ukur_output": "Jumlah Laporan Keuangan Akhir Tahun SKPD dan Laporan Hasil Koordinasi Penyusunan Laporan Keuangan Akhir Tahun SKPD",
        "target_teks_output": "2 Laporan",
        "satuan_capaian": null,
        "tolak_ukur_capaian": null,
        "target_teks_capaian": null,
        "satuan_sub": null,
        "tolok_ukur_sub": null,
        "target_sub_teks": null,
        "tolak_ukur_n": "Jumlah Laporan Keuangan Akhir Tahun SKPD dan Laporan Hasil Koordinasi Penyusunan Laporan Keuangan Akhir Tahun SKPD",
        "target_teks_n": "2 Laporan",
        "kode_dana": "1.2.01.08",
        "nama_dana": "Dana Alokasi Umum (DAU)",
        "lokasi_bl": "Kab. Bengkulu Utara, Napal Putih, Semua Kel/Desa",
        "id_label_pusat": 0,
        "label_pusat": null,
        "id_label_prov": 398,
        "label_prov": "4. Inovasi dan Tata Kelola Pemerintahan",
        "id_label_kokab": 0,
        "label_kokab": null,
        "kelompok_sasaran": null,
        "target_akhir_program_renstra": null,
        "target_min_1_program_renstra": null,
        "target_n_program_renstra": null,
        "target_akhir_giat_renstra": null,
        "target_min_1_giat_renstra": null,
        "target_n_giat_renstra": null,
        "target_akhir_sub_giat_renstra": " ",
        "target_min_1_sub_giat_renstra": " ",
        "target_n_sub_giat_renstra": " ",
        "total_pagu_indikatif_sub_skpd": 1946092553,
        "total_pagu_n_depan_sub_skpd": 2017084179,
        "total_pagu_indikatif_urusan": 1921092553,
        "total_pagu_n_depan_urusan": 2017084179,
        "total_pagu_indikatif_bidang_urusan": 1921092553,
        "total_pagu_n_depan_bidang_urusan": 2017084179,
        "total_pagu_indikatif_program": 1801092553,
        "total_pagu_n_depan_program": 1914007779,
        "total_pagu_indikatif_kegiatan": 1497382400,
        "total_pagu_n_depan_kegiatan": 1595122779,
        "total_pagu_indikatif": 1946092553,
        "total_pagu_n_depan": 2017084179
    },
    {
        "migrated_at": null,
        "id_sub_bl": 61283,
        "id_daerah": 473,
        "tahun": 2026,
        "id_unit": 665,
        "id_skpd": 665,
        "created_user": 468146,
        "kode_skpd": "7.01.0.00.0.00.14.0000",
        "nama_skpd": "Kecamatan Napal Putih",
        "id_urusan": 17,
        "kode_urusan": "7",
        "nama_urusan": "UNSUR KEWILAYAHAN",
        "id_bidang_urusan": 243,
        "kode_bidang_urusan": "7.01",
        "nama_bidang_urusan": "KECAMATAN",
        "id_sub_skpd": 665,
        "kode_sub_skpd": "7.01.0.00.0.00.14.0000",
        "nama_sub_skpd": "Kecamatan Napal Putih",
        "id_program": 4451,
        "kode_program": "7.01.01",
        "nama_program": "PROGRAM PENUNJANG URUSAN PEMERINTAHAN DAERAH KABUPATEN/KOTA",
        "outcome": "[ Terselenggaranya Penunjang urusan Pemerintahan Daerah Kecamatan Napal Putih ]",
        "indikator_outcome": "Persentase pemenuhan kebutuhan penunjang Perangkat Daerah",
        "target_akhir": "100",
        "realisasi_capaian": "100",
        "prakiraan": "100",
        "target_maju_1": "100",
        "urai_output": "Pemenuhan Administrasi Keuangan Perangkat Daerah",
        "id_giat": 18372,
        "kode_giat": "7.01.01.2.02",
        "nama_giat": "Administrasi Keuangan Perangkat Daerah",
        "id_sub_giat": 60608,
        "kode_sub_giat": "7.01.01.2.02.0007",
        "nama_sub_giat": "Koordinasi dan Penyusunan Laporan Keuangan Bulanan/ Triwulanan/ Semesteran SKPD",
        "pagu": 2500000,
        "pagu_indikatif": 2500000,
        "pagu_n_depan": 2625000,
        "kode_bl": "665.665.4451.18372",
        "kode_sbl": "665.665.4451.18372.60608",
        "urusan_locked": 0,
        "bidang_urusan_locked": 0,
        "program_locked": 0,
        "giat_locked": 0,
        "sub_giat_locked": 0,
        "kunci_bl": 1,
        "kunci_bl_rinci": 1,
        "id_output_bl": 58993,
        "satuan_output": "Laporan",
        "tolak_ukur_output": "Jumlah Laporan Keuangan Bulanan/ Triwulanan/ Semesteran SKPD dan Laporan Koordinasi Penyusunan Laporan Keuangan Bulanan/Triwulanan/Semesteran SKPD",
        "target_teks_output": "1 Laporan",
        "satuan_capaian": null,
        "tolak_ukur_capaian": null,
        "target_teks_capaian": null,
        "satuan_sub": null,
        "tolok_ukur_sub": null,
        "target_sub_teks": null,
        "tolak_ukur_n": "Jumlah Laporan Keuangan Bulanan/ Triwulanan/ Semesteran SKPD dan Laporan Koordinasi Penyusunan Laporan Keuangan Bulanan/Triwulanan/Semesteran SKPD",
        "target_teks_n": "1 Laporan",
        "kode_dana": "1.2.01.08",
        "nama_dana": "Dana Alokasi Umum (DAU)",
        "lokasi_bl": "Kab. Bengkulu Utara, Napal Putih, Semua Kel/Desa",
        "id_label_pusat": 0,
        "label_pusat": null,
        "id_label_prov": 398,
        "label_prov": "4. Inovasi dan Tata Kelola Pemerintahan",
        "id_label_kokab": 0,
        "label_kokab": null,
        "kelompok_sasaran": null,
        "target_akhir_program_renstra": null,
        "target_min_1_program_renstra": null,
        "target_n_program_renstra": null,
        "target_akhir_giat_renstra": null,
        "target_min_1_giat_renstra": null,
        "target_n_giat_renstra": null,
        "target_akhir_sub_giat_renstra": " ",
        "target_min_1_sub_giat_renstra": " ",
        "target_n_sub_giat_renstra": " ",
        "total_pagu_indikatif_sub_skpd": 1946092553,
        "total_pagu_n_depan_sub_skpd": 2017084179,
        "total_pagu_indikatif_urusan": 1921092553,
        "total_pagu_n_depan_urusan": 2017084179,
        "total_pagu_indikatif_bidang_urusan": 1921092553,
        "total_pagu_n_depan_bidang_urusan": 2017084179,
        "total_pagu_indikatif_program": 1801092553,
        "total_pagu_n_depan_program": 1914007779,
        "total_pagu_indikatif_kegiatan": 1497382400,
        "total_pagu_n_depan_kegiatan": 1595122779,
        "total_pagu_indikatif": 1946092553,
        "total_pagu_n_depan": 2017084179
    },
    {
        "migrated_at": null,
        "id_sub_bl": 61294,
        "id_daerah": 473,
        "tahun": 2026,
        "id_unit": 665,
        "id_skpd": 665,
        "created_user": 468146,
        "kode_skpd": "7.01.0.00.0.00.14.0000",
        "nama_skpd": "Kecamatan Napal Putih",
        "id_urusan": 17,
        "kode_urusan": "7",
        "nama_urusan": "UNSUR KEWILAYAHAN",
        "id_bidang_urusan": 243,
        "kode_bidang_urusan": "7.01",
        "nama_bidang_urusan": "KECAMATAN",
        "id_sub_skpd": 665,
        "kode_sub_skpd": "7.01.0.00.0.00.14.0000",
        "nama_sub_skpd": "Kecamatan Napal Putih",
        "id_program": 4451,
        "kode_program": "7.01.01",
        "nama_program": "PROGRAM PENUNJANG URUSAN PEMERINTAHAN DAERAH KABUPATEN/KOTA",
        "outcome": "[ Terselenggaranya Penunjang urusan Pemerintahan Daerah Kecamatan Napal Putih ]",
        "indikator_outcome": "Persentase pemenuhan kebutuhan penunjang Perangkat Daerah",
        "target_akhir": "100",
        "realisasi_capaian": "100",
        "prakiraan": "100",
        "target_maju_1": "100",
        "urai_output": "Pemenuhan Administrasi BMD Perangkat Daerah",
        "id_giat": 18373,
        "kode_giat": "7.01.01.2.03",
        "nama_giat": "Administrasi Barang Milik Daerah pada Perangkat Daerah",
        "id_sub_giat": 60615,
        "kode_sub_giat": "7.01.01.2.03.0006",
        "nama_sub_giat": "Penatausahaan Barang Milik Daerah pada SKPD",
        "pagu": 19700000,
        "pagu_indikatif": 19700000,
        "pagu_n_depan": 19700000,
        "kode_bl": "665.665.4451.18373",
        "kode_sbl": "665.665.4451.18373.60615",
        "urusan_locked": 0,
        "bidang_urusan_locked": 0,
        "program_locked": 0,
        "giat_locked": 0,
        "sub_giat_locked": 0,
        "kunci_bl": 1,
        "kunci_bl_rinci": 1,
        "id_output_bl": 59004,
        "satuan_output": "Laporan",
        "tolak_ukur_output": "Jumlah Laporan Penatausahaan Barang Milik Daerah pada SKPD",
        "target_teks_output": "5 Laporan",
        "satuan_capaian": null,
        "tolak_ukur_capaian": null,
        "target_teks_capaian": null,
        "satuan_sub": null,
        "tolok_ukur_sub": null,
        "target_sub_teks": null,
        "tolak_ukur_n": "Jumlah Laporan Penatausahaan Barang Milik Daerah pada SKPD",
        "target_teks_n": "5 Laporan",
        "kode_dana": "1.2.01.08",
        "nama_dana": "Dana Alokasi Umum (DAU)",
        "lokasi_bl": "Kab. Bengkulu Utara, Padang Jaya, Semua Kel/Desa",
        "id_label_pusat": 0,
        "label_pusat": null,
        "id_label_prov": 398,
        "label_prov": "4. Inovasi dan Tata Kelola Pemerintahan",
        "id_label_kokab": 0,
        "label_kokab": null,
        "kelompok_sasaran": null,
        "target_akhir_program_renstra": null,
        "target_min_1_program_renstra": null,
        "target_n_program_renstra": null,
        "target_akhir_giat_renstra": null,
        "target_min_1_giat_renstra": null,
        "target_n_giat_renstra": null,
        "target_akhir_sub_giat_renstra": " ",
        "target_min_1_sub_giat_renstra": " ",
        "target_n_sub_giat_renstra": " ",
        "total_pagu_indikatif_sub_skpd": 1946092553,
        "total_pagu_n_depan_sub_skpd": 2017084179,
        "total_pagu_indikatif_urusan": 1921092553,
        "total_pagu_n_depan_urusan": 2017084179,
        "total_pagu_indikatif_bidang_urusan": 1921092553,
        "total_pagu_n_depan_bidang_urusan": 2017084179,
        "total_pagu_indikatif_program": 1801092553,
        "total_pagu_n_depan_program": 1914007779,
        "total_pagu_indikatif_kegiatan": 19700000,
        "total_pagu_n_depan_kegiatan": 19700000,
        "total_pagu_indikatif": 1946092553,
        "total_pagu_n_depan": 2017084179
    },
    {
        "migrated_at": null,
        "id_sub_bl": 61301,
        "id_daerah": 473,
        "tahun": 2026,
        "id_unit": 665,
        "id_skpd": 665,
        "created_user": 468146,
        "kode_skpd": "7.01.0.00.0.00.14.0000",
        "nama_skpd": "Kecamatan Napal Putih",
        "id_urusan": 17,
        "kode_urusan": "7",
        "nama_urusan": "UNSUR KEWILAYAHAN",
        "id_bidang_urusan": 243,
        "kode_bidang_urusan": "7.01",
        "nama_bidang_urusan": "KECAMATAN",
        "id_sub_skpd": 665,
        "kode_sub_skpd": "7.01.0.00.0.00.14.0000",
        "nama_sub_skpd": "Kecamatan Napal Putih",
        "id_program": 4451,
        "kode_program": "7.01.01",
        "nama_program": "PROGRAM PENUNJANG URUSAN PEMERINTAHAN DAERAH KABUPATEN/KOTA",
        "outcome": "[ Terselenggaranya Penunjang urusan Pemerintahan Daerah Kecamatan Napal Putih ]",
        "indikator_outcome": "Persentase pemenuhan kebutuhan penunjang Perangkat Daerah",
        "target_akhir": "100",
        "realisasi_capaian": "100",
        "prakiraan": "100",
        "target_maju_1": "100",
        "urai_output": "Pemenuhan Administrasi Umum",
        "id_giat": 18376,
        "kode_giat": "7.01.01.2.06",
        "nama_giat": "Administrasi Umum Perangkat Daerah",
        "id_sub_giat": 60635,
        "kode_sub_giat": "7.01.01.2.06.0001",
        "nama_sub_giat": "Penyediaan Komponen Instalasi\r\n\nListrik/Penerangan Bangunan Kantor",
        "pagu": 1000000,
        "pagu_indikatif": 1000000,
        "pagu_n_depan": 1000000,
        "kode_bl": "665.665.4451.18376",
        "kode_sbl": "665.665.4451.18376.60635",
        "urusan_locked": 0,
        "bidang_urusan_locked": 0,
        "program_locked": 0,
        "giat_locked": 0,
        "sub_giat_locked": 0,
        "kunci_bl": 1,
        "kunci_bl_rinci": 1,
        "id_output_bl": 59011,
        "satuan_output": "Paket",
        "tolak_ukur_output": "Jumlah Paket Komponen Instalasi Listrik/Penerangan Bangunan Kantor yang Disediakan",
        "target_teks_output": "1 Paket",
        "satuan_capaian": null,
        "tolak_ukur_capaian": null,
        "target_teks_capaian": null,
        "satuan_sub": null,
        "tolok_ukur_sub": null,
        "target_sub_teks": null,
        "tolak_ukur_n": "Jumlah Paket Komponen Instalasi Listrik/Penerangan Bangunan Kantor yang Disediakan",
        "target_teks_n": "1 Paket",
        "kode_dana": "1.2.01.08",
        "nama_dana": "Dana Alokasi Umum (DAU)",
        "lokasi_bl": "Kab. Bengkulu Utara, Napal Putih, Semua Kel/Desa",
        "id_label_pusat": 0,
        "label_pusat": null,
        "id_label_prov": 398,
        "label_prov": "4. Inovasi dan Tata Kelola Pemerintahan",
        "id_label_kokab": 0,
        "label_kokab": null,
        "kelompok_sasaran": null,
        "target_akhir_program_renstra": null,
        "target_min_1_program_renstra": null,
        "target_n_program_renstra": null,
        "target_akhir_giat_renstra": null,
        "target_min_1_giat_renstra": null,
        "target_n_giat_renstra": null,
        "target_akhir_sub_giat_renstra": " ",
        "target_min_1_sub_giat_renstra": " ",
        "target_n_sub_giat_renstra": " ",
        "total_pagu_indikatif_sub_skpd": 1946092553,
        "total_pagu_n_depan_sub_skpd": 2017084179,
        "total_pagu_indikatif_urusan": 1921092553,
        "total_pagu_n_depan_urusan": 2017084179,
        "total_pagu_indikatif_bidang_urusan": 1921092553,
        "total_pagu_n_depan_bidang_urusan": 2017084179,
        "total_pagu_indikatif_program": 1801092553,
        "total_pagu_n_depan_program": 1914007779,
        "total_pagu_indikatif_kegiatan": 38380000,
        "total_pagu_n_depan_kegiatan": 50880000,
        "total_pagu_indikatif": 1946092553,
        "total_pagu_n_depan": 2017084179
    },
    {
        "migrated_at": null,
        "id_sub_bl": 61311,
        "id_daerah": 473,
        "tahun": 2026,
        "id_unit": 665,
        "id_skpd": 665,
        "created_user": 468146,
        "kode_skpd": "7.01.0.00.0.00.14.0000",
        "nama_skpd": "Kecamatan Napal Putih",
        "id_urusan": 17,
        "kode_urusan": "7",
        "nama_urusan": "UNSUR KEWILAYAHAN",
        "id_bidang_urusan": 243,
        "kode_bidang_urusan": "7.01",
        "nama_bidang_urusan": "KECAMATAN",
        "id_sub_skpd": 665,
        "kode_sub_skpd": "7.01.0.00.0.00.14.0000",
        "nama_sub_skpd": "Kecamatan Napal Putih",
        "id_program": 4451,
        "kode_program": "7.01.01",
        "nama_program": "PROGRAM PENUNJANG URUSAN PEMERINTAHAN DAERAH KABUPATEN/KOTA",
        "outcome": "[ Terselenggaranya Penunjang urusan Pemerintahan Daerah Kecamatan Napal Putih ]",
        "indikator_outcome": "Persentase pemenuhan kebutuhan penunjang Perangkat Daerah",
        "target_akhir": "100",
        "realisasi_capaian": "100",
        "prakiraan": "100",
        "target_maju_1": "100",
        "urai_output": "Pemenuhan Administrasi Umum",
        "id_giat": 18376,
        "kode_giat": "7.01.01.2.06",
        "nama_giat": "Administrasi Umum Perangkat Daerah",
        "id_sub_giat": 60638,
        "kode_sub_giat": "7.01.01.2.06.0004",
        "nama_sub_giat": "Penyediaan Bahan Logistik Kantor",
        "pagu": 5000000,
        "pagu_indikatif": 5000000,
        "pagu_n_depan": 5250000,
        "kode_bl": "665.665.4451.18376",
        "kode_sbl": "665.665.4451.18376.60638",
        "urusan_locked": 0,
        "bidang_urusan_locked": 0,
        "program_locked": 0,
        "giat_locked": 0,
        "sub_giat_locked": 0,
        "kunci_bl": 1,
        "kunci_bl_rinci": 1,
        "id_output_bl": 59021,
        "satuan_output": "Paket",
        "tolak_ukur_output": "Jumlah Paket Bahan Logistik Kantor yang Disediakan",
        "target_teks_output": "1 Paket",
        "satuan_capaian": null,
        "tolak_ukur_capaian": null,
        "target_teks_capaian": null,
        "satuan_sub": null,
        "tolok_ukur_sub": null,
        "target_sub_teks": null,
        "tolak_ukur_n": "Jumlah Paket Bahan Logistik Kantor yang Disediakan",
        "target_teks_n": "1 Paket",
        "kode_dana": "1.2.01.08",
        "nama_dana": "Dana Alokasi Umum (DAU)",
        "lokasi_bl": "Kab. Bengkulu Utara, Napal Putih, Semua Kel/Desa",
        "id_label_pusat": 0,
        "label_pusat": null,
        "id_label_prov": 398,
        "label_prov": "4. Inovasi dan Tata Kelola Pemerintahan",
        "id_label_kokab": 0,
        "label_kokab": null,
        "kelompok_sasaran": null,
        "target_akhir_program_renstra": null,
        "target_min_1_program_renstra": null,
        "target_n_program_renstra": null,
        "target_akhir_giat_renstra": null,
        "target_min_1_giat_renstra": null,
        "target_n_giat_renstra": null,
        "target_akhir_sub_giat_renstra": " ",
        "target_min_1_sub_giat_renstra": " ",
        "target_n_sub_giat_renstra": " ",
        "total_pagu_indikatif_sub_skpd": 1946092553,
        "total_pagu_n_depan_sub_skpd": 2017084179,
        "total_pagu_indikatif_urusan": 1921092553,
        "total_pagu_n_depan_urusan": 2017084179,
        "total_pagu_indikatif_bidang_urusan": 1921092553,
        "total_pagu_n_depan_bidang_urusan": 2017084179,
        "total_pagu_indikatif_program": 1801092553,
        "total_pagu_n_depan_program": 1914007779,
        "total_pagu_indikatif_kegiatan": 38380000,
        "total_pagu_n_depan_kegiatan": 50880000,
        "total_pagu_indikatif": 1946092553,
        "total_pagu_n_depan": 2017084179
    },
    {
        "migrated_at": null,
        "id_sub_bl": 61324,
        "id_daerah": 473,
        "tahun": 2026,
        "id_unit": 665,
        "id_skpd": 665,
        "created_user": 468146,
        "kode_skpd": "7.01.0.00.0.00.14.0000",
        "nama_skpd": "Kecamatan Napal Putih",
        "id_urusan": 17,
        "kode_urusan": "7",
        "nama_urusan": "UNSUR KEWILAYAHAN",
        "id_bidang_urusan": 243,
        "kode_bidang_urusan": "7.01",
        "nama_bidang_urusan": "KECAMATAN",
        "id_sub_skpd": 665,
        "kode_sub_skpd": "7.01.0.00.0.00.14.0000",
        "nama_sub_skpd": "Kecamatan Napal Putih",
        "id_program": 4451,
        "kode_program": "7.01.01",
        "nama_program": "PROGRAM PENUNJANG URUSAN PEMERINTAHAN DAERAH KABUPATEN/KOTA",
        "outcome": "[ Terselenggaranya Penunjang urusan Pemerintahan Daerah Kecamatan Napal Putih ]",
        "indikator_outcome": "Persentase pemenuhan kebutuhan penunjang Perangkat Daerah",
        "target_akhir": "100",
        "realisasi_capaian": "100",
        "prakiraan": "100",
        "target_maju_1": "100",
        "urai_output": "Pemenuhan Administrasi Umum",
        "id_giat": 18376,
        "kode_giat": "7.01.01.2.06",
        "nama_giat": "Administrasi Umum Perangkat Daerah",
        "id_sub_giat": 60639,
        "kode_sub_giat": "7.01.01.2.06.0005",
        "nama_sub_giat": "Penyediaan Barang Cetakan dan Penggandaan",
        "pagu": 1000000,
        "pagu_indikatif": 1000000,
        "pagu_n_depan": 1250000,
        "kode_bl": "665.665.4451.18376",
        "kode_sbl": "665.665.4451.18376.60639",
        "urusan_locked": 0,
        "bidang_urusan_locked": 0,
        "program_locked": 0,
        "giat_locked": 0,
        "sub_giat_locked": 0,
        "kunci_bl": 1,
        "kunci_bl_rinci": 1,
        "id_output_bl": 59034,
        "satuan_output": "Paket",
        "tolak_ukur_output": "Jumlah Paket Barang Cetakan dan Penggandaan yang Disediakan",
        "target_teks_output": "1 Paket",
        "satuan_capaian": null,
        "tolak_ukur_capaian": null,
        "target_teks_capaian": null,
        "satuan_sub": null,
        "tolok_ukur_sub": null,
        "target_sub_teks": null,
        "tolak_ukur_n": "Jumlah Paket Barang Cetakan dan Penggandaan yang Disediakan",
        "target_teks_n": "1 Paket",
        "kode_dana": "1.2.01.08",
        "nama_dana": "Dana Alokasi Umum (DAU)",
        "lokasi_bl": "Kab. Bengkulu Utara, Napal Putih, Semua Kel/Desa",
        "id_label_pusat": 0,
        "label_pusat": null,
        "id_label_prov": 398,
        "label_prov": "4. Inovasi dan Tata Kelola Pemerintahan",
        "id_label_kokab": 0,
        "label_kokab": null,
        "kelompok_sasaran": null,
        "target_akhir_program_renstra": null,
        "target_min_1_program_renstra": null,
        "target_n_program_renstra": null,
        "target_akhir_giat_renstra": null,
        "target_min_1_giat_renstra": null,
        "target_n_giat_renstra": null,
        "target_akhir_sub_giat_renstra": " ",
        "target_min_1_sub_giat_renstra": " ",
        "target_n_sub_giat_renstra": " ",
        "total_pagu_indikatif_sub_skpd": 1946092553,
        "total_pagu_n_depan_sub_skpd": 2017084179,
        "total_pagu_indikatif_urusan": 1921092553,
        "total_pagu_n_depan_urusan": 2017084179,
        "total_pagu_indikatif_bidang_urusan": 1921092553,
        "total_pagu_n_depan_bidang_urusan": 2017084179,
        "total_pagu_indikatif_program": 1801092553,
        "total_pagu_n_depan_program": 1914007779,
        "total_pagu_indikatif_kegiatan": 38380000,
        "total_pagu_n_depan_kegiatan": 50880000,
        "total_pagu_indikatif": 1946092553,
        "total_pagu_n_depan": 2017084179
    },
    {
        "migrated_at": null,
        "id_sub_bl": 61335,
        "id_daerah": 473,
        "tahun": 2026,
        "id_unit": 665,
        "id_skpd": 665,
        "created_user": 468146,
        "kode_skpd": "7.01.0.00.0.00.14.0000",
        "nama_skpd": "Kecamatan Napal Putih",
        "id_urusan": 17,
        "kode_urusan": "7",
        "nama_urusan": "UNSUR KEWILAYAHAN",
        "id_bidang_urusan": 243,
        "kode_bidang_urusan": "7.01",
        "nama_bidang_urusan": "KECAMATAN",
        "id_sub_skpd": 665,
        "kode_sub_skpd": "7.01.0.00.0.00.14.0000",
        "nama_sub_skpd": "Kecamatan Napal Putih",
        "id_program": 4451,
        "kode_program": "7.01.01",
        "nama_program": "PROGRAM PENUNJANG URUSAN PEMERINTAHAN DAERAH KABUPATEN/KOTA",
        "outcome": "[ Terselenggaranya Penunjang urusan Pemerintahan Daerah Kecamatan Napal Putih ]",
        "indikator_outcome": "Persentase pemenuhan kebutuhan penunjang Perangkat Daerah",
        "target_akhir": "100",
        "realisasi_capaian": "100",
        "prakiraan": "100",
        "target_maju_1": "100",
        "urai_output": "Pemenuhan Administrasi Umum",
        "id_giat": 18376,
        "kode_giat": "7.01.01.2.06",
        "nama_giat": "Administrasi Umum Perangkat Daerah",
        "id_sub_giat": 60640,
        "kode_sub_giat": "7.01.01.2.06.0006",
        "nama_sub_giat": "Penyediaan Bahan Bacaan dan Peraturan Perundang-undangan",
        "pagu": 1380000,
        "pagu_indikatif": 1380000,
        "pagu_n_depan": 1380000,
        "kode_bl": "665.665.4451.18376",
        "kode_sbl": "665.665.4451.18376.60640",
        "urusan_locked": 0,
        "bidang_urusan_locked": 0,
        "program_locked": 0,
        "giat_locked": 0,
        "sub_giat_locked": 0,
        "kunci_bl": 1,
        "kunci_bl_rinci": 1,
        "id_output_bl": 59045,
        "satuan_output": "Dokumen",
        "tolak_ukur_output": "Jumlah Dokumen Bahan Bacaan dan Peraturan Perundang-Undangan yang Disediakan",
        "target_teks_output": "1 Dokumen",
        "satuan_capaian": null,
        "tolak_ukur_capaian": null,
        "target_teks_capaian": null,
        "satuan_sub": null,
        "tolok_ukur_sub": null,
        "target_sub_teks": null,
        "tolak_ukur_n": "Jumlah Dokumen Bahan Bacaan dan Peraturan Perundang-Undangan yang Disediakan",
        "target_teks_n": "1 Dokumen",
        "kode_dana": "1.2.01.08",
        "nama_dana": "Dana Alokasi Umum (DAU)",
        "lokasi_bl": "Kab. Bengkulu Utara, Napal Putih, Semua Kel/Desa",
        "id_label_pusat": 0,
        "label_pusat": null,
        "id_label_prov": 398,
        "label_prov": "4. Inovasi dan Tata Kelola Pemerintahan",
        "id_label_kokab": 0,
        "label_kokab": null,
        "kelompok_sasaran": null,
        "target_akhir_program_renstra": null,
        "target_min_1_program_renstra": null,
        "target_n_program_renstra": null,
        "target_akhir_giat_renstra": null,
        "target_min_1_giat_renstra": null,
        "target_n_giat_renstra": null,
        "target_akhir_sub_giat_renstra": " ",
        "target_min_1_sub_giat_renstra": " ",
        "target_n_sub_giat_renstra": " ",
        "total_pagu_indikatif_sub_skpd": 1946092553,
        "total_pagu_n_depan_sub_skpd": 2017084179,
        "total_pagu_indikatif_urusan": 1921092553,
        "total_pagu_n_depan_urusan": 2017084179,
        "total_pagu_indikatif_bidang_urusan": 1921092553,
        "total_pagu_n_depan_bidang_urusan": 2017084179,
        "total_pagu_indikatif_program": 1801092553,
        "total_pagu_n_depan_program": 1914007779,
        "total_pagu_indikatif_kegiatan": 38380000,
        "total_pagu_n_depan_kegiatan": 50880000,
        "total_pagu_indikatif": 1946092553,
        "total_pagu_n_depan": 2017084179
    },
    {
        "migrated_at": null,
        "id_sub_bl": 61344,
        "id_daerah": 473,
        "tahun": 2026,
        "id_unit": 665,
        "id_skpd": 665,
        "created_user": 468146,
        "kode_skpd": "7.01.0.00.0.00.14.0000",
        "nama_skpd": "Kecamatan Napal Putih",
        "id_urusan": 17,
        "kode_urusan": "7",
        "nama_urusan": "UNSUR KEWILAYAHAN",
        "id_bidang_urusan": 243,
        "kode_bidang_urusan": "7.01",
        "nama_bidang_urusan": "KECAMATAN",
        "id_sub_skpd": 665,
        "kode_sub_skpd": "7.01.0.00.0.00.14.0000",
        "nama_sub_skpd": "Kecamatan Napal Putih",
        "id_program": 4451,
        "kode_program": "7.01.01",
        "nama_program": "PROGRAM PENUNJANG URUSAN PEMERINTAHAN DAERAH KABUPATEN/KOTA",
        "outcome": "[ Terselenggaranya Penunjang urusan Pemerintahan Daerah Kecamatan Napal Putih ]",
        "indikator_outcome": "Persentase pemenuhan kebutuhan penunjang Perangkat Daerah",
        "target_akhir": "100",
        "realisasi_capaian": "100",
        "prakiraan": "100",
        "target_maju_1": "100",
        "urai_output": "Pemenuhan Administrasi Umum",
        "id_giat": 18376,
        "kode_giat": "7.01.01.2.06",
        "nama_giat": "Administrasi Umum Perangkat Daerah",
        "id_sub_giat": 60643,
        "kode_sub_giat": "7.01.01.2.06.0009",
        "nama_sub_giat": "Penyelenggaraan Rapat Koordinasi dan Konsultasi SKPD",
        "pagu": 30000000,
        "pagu_indikatif": 30000000,
        "pagu_n_depan": 42000000,
        "kode_bl": "665.665.4451.18376",
        "kode_sbl": "665.665.4451.18376.60643",
        "urusan_locked": 0,
        "bidang_urusan_locked": 0,
        "program_locked": 0,
        "giat_locked": 0,
        "sub_giat_locked": 0,
        "kunci_bl": 1,
        "kunci_bl_rinci": 1,
        "id_output_bl": 59054,
        "satuan_output": "Laporan",
        "tolak_ukur_output": "Jumlah Laporan Penyelenggaraan Rapat Koordinasi dan Konsultasi SKPD",
        "target_teks_output": "100 % Laporan",
        "satuan_capaian": null,
        "tolak_ukur_capaian": null,
        "target_teks_capaian": null,
        "satuan_sub": null,
        "tolok_ukur_sub": null,
        "target_sub_teks": null,
        "tolak_ukur_n": "Jumlah Laporan Penyelenggaraan Rapat Koordinasi dan Konsultasi SKPD",
        "target_teks_n": "100 % Laporan",
        "kode_dana": "1.2.01.08",
        "nama_dana": "Dana Alokasi Umum (DAU)",
        "lokasi_bl": "Kab. Bengkulu Utara, Napal Putih, Semua Kel/Desa",
        "id_label_pusat": 0,
        "label_pusat": null,
        "id_label_prov": 398,
        "label_prov": "4. Inovasi dan Tata Kelola Pemerintahan",
        "id_label_kokab": 0,
        "label_kokab": null,
        "kelompok_sasaran": null,
        "target_akhir_program_renstra": null,
        "target_min_1_program_renstra": null,
        "target_n_program_renstra": null,
        "target_akhir_giat_renstra": null,
        "target_min_1_giat_renstra": null,
        "target_n_giat_renstra": null,
        "target_akhir_sub_giat_renstra": " ",
        "target_min_1_sub_giat_renstra": " ",
        "target_n_sub_giat_renstra": " ",
        "total_pagu_indikatif_sub_skpd": 1946092553,
        "total_pagu_n_depan_sub_skpd": 2017084179,
        "total_pagu_indikatif_urusan": 1921092553,
        "total_pagu_n_depan_urusan": 2017084179,
        "total_pagu_indikatif_bidang_urusan": 1921092553,
        "total_pagu_n_depan_bidang_urusan": 2017084179,
        "total_pagu_indikatif_program": 1801092553,
        "total_pagu_n_depan_program": 1914007779,
        "total_pagu_indikatif_kegiatan": 38380000,
        "total_pagu_n_depan_kegiatan": 50880000,
        "total_pagu_indikatif": 1946092553,
        "total_pagu_n_depan": 2017084179
    },
    {
        "migrated_at": null,
        "id_sub_bl": 61316,
        "id_daerah": 473,
        "tahun": 2026,
        "id_unit": 665,
        "id_skpd": 665,
        "created_user": 468146,
        "kode_skpd": "7.01.0.00.0.00.14.0000",
        "nama_skpd": "Kecamatan Napal Putih",
        "id_urusan": 17,
        "kode_urusan": "7",
        "nama_urusan": "UNSUR KEWILAYAHAN",
        "id_bidang_urusan": 243,
        "kode_bidang_urusan": "7.01",
        "nama_bidang_urusan": "KECAMATAN",
        "id_sub_skpd": 665,
        "kode_sub_skpd": "7.01.0.00.0.00.14.0000",
        "nama_sub_skpd": "Kecamatan Napal Putih",
        "id_program": 4451,
        "kode_program": "7.01.01",
        "nama_program": "PROGRAM PENUNJANG URUSAN PEMERINTAHAN DAERAH KABUPATEN/KOTA",
        "outcome": "[ Terselenggaranya Penunjang urusan Pemerintahan Daerah Kecamatan Napal Putih ]",
        "indikator_outcome": "Persentase pemenuhan kebutuhan penunjang Perangkat Daerah",
        "target_akhir": "100",
        "realisasi_capaian": "100",
        "prakiraan": "100",
        "target_maju_1": "100",
        "urai_output": "Jumlah pengadaan BMD",
        "id_giat": 18377,
        "kode_giat": "7.01.01.2.07",
        "nama_giat": "Pengadaan Barang Milik Daerah Penunjang Urusan Pemerintah Daerah",
        "id_sub_giat": 60651,
        "kode_sub_giat": "7.01.01.2.07.0006",
        "nama_sub_giat": "Pengadaan Peralatan dan Mesin Lainnya",
        "pagu": 33530153,
        "pagu_indikatif": 33530153,
        "pagu_n_depan": 10500000,
        "kode_bl": "665.665.4451.18377",
        "kode_sbl": "665.665.4451.18377.60651",
        "urusan_locked": 0,
        "bidang_urusan_locked": 0,
        "program_locked": 0,
        "giat_locked": 0,
        "sub_giat_locked": 0,
        "kunci_bl": 1,
        "kunci_bl_rinci": 1,
        "id_output_bl": 59026,
        "satuan_output": "Unit",
        "tolak_ukur_output": "Jumlah Unit Peralatan dan Mesin Lainnya yang Disediakan",
        "target_teks_output": "1 Unit",
        "satuan_capaian": null,
        "tolak_ukur_capaian": null,
        "target_teks_capaian": null,
        "satuan_sub": null,
        "tolok_ukur_sub": null,
        "target_sub_teks": null,
        "tolak_ukur_n": "Jumlah Unit Peralatan dan Mesin Lainnya yang Disediakan",
        "target_teks_n": "1 Unit",
        "kode_dana": "1.2.01.08",
        "nama_dana": "Dana Alokasi Umum (DAU)",
        "lokasi_bl": "Kab. Bengkulu Utara, Semua Kecamatan, Semua Kel/Desa\nKab. Bengkulu Utara, Napal Putih, Semua Kel/Desa",
        "id_label_pusat": 0,
        "label_pusat": null,
        "id_label_prov": 398,
        "label_prov": "4. Inovasi dan Tata Kelola Pemerintahan",
        "id_label_kokab": 0,
        "label_kokab": null,
        "kelompok_sasaran": null,
        "target_akhir_program_renstra": null,
        "target_min_1_program_renstra": null,
        "target_n_program_renstra": null,
        "target_akhir_giat_renstra": null,
        "target_min_1_giat_renstra": null,
        "target_n_giat_renstra": null,
        "target_akhir_sub_giat_renstra": " ",
        "target_min_1_sub_giat_renstra": " ",
        "target_n_sub_giat_renstra": " ",
        "total_pagu_indikatif_sub_skpd": 1946092553,
        "total_pagu_n_depan_sub_skpd": 2017084179,
        "total_pagu_indikatif_urusan": 1921092553,
        "total_pagu_n_depan_urusan": 2017084179,
        "total_pagu_indikatif_bidang_urusan": 1921092553,
        "total_pagu_n_depan_bidang_urusan": 2017084179,
        "total_pagu_indikatif_program": 1801092553,
        "total_pagu_n_depan_program": 1914007779,
        "total_pagu_indikatif_kegiatan": 33530153,
        "total_pagu_n_depan_kegiatan": 10500000,
        "total_pagu_indikatif": 1946092553,
        "total_pagu_n_depan": 2017084179
    },
    {
        "migrated_at": null,
        "id_sub_bl": 61371,
        "id_daerah": 473,
        "tahun": 2026,
        "id_unit": 665,
        "id_skpd": 665,
        "created_user": 468146,
        "kode_skpd": "7.01.0.00.0.00.14.0000",
        "nama_skpd": "Kecamatan Napal Putih",
        "id_urusan": 17,
        "kode_urusan": "7",
        "nama_urusan": "UNSUR KEWILAYAHAN",
        "id_bidang_urusan": 243,
        "kode_bidang_urusan": "7.01",
        "nama_bidang_urusan": "KECAMATAN",
        "id_sub_skpd": 665,
        "kode_sub_skpd": "7.01.0.00.0.00.14.0000",
        "nama_sub_skpd": "Kecamatan Napal Putih",
        "id_program": 4451,
        "kode_program": "7.01.01",
        "nama_program": "PROGRAM PENUNJANG URUSAN PEMERINTAHAN DAERAH KABUPATEN/KOTA",
        "outcome": "[ Terselenggaranya Penunjang urusan Pemerintahan Daerah Kecamatan Napal Putih ]",
        "indikator_outcome": "Persentase pemenuhan kebutuhan penunjang Perangkat Daerah",
        "target_akhir": "100",
        "realisasi_capaian": "100",
        "prakiraan": "100",
        "target_maju_1": "100",
        "urai_output": "Pemenuhan Jasa Penunjang",
        "id_giat": 18378,
        "kode_giat": "7.01.01.2.08",
        "nama_giat": "Penyediaan Jasa Penunjang Urusan Pemerintahan Daerah",
        "id_sub_giat": 60660,
        "kode_sub_giat": "7.01.01.2.08.0004",
        "nama_sub_giat": "Penyediaan Jasa Pelayanan Umum Kantor",
        "pagu": 56600000,
        "pagu_indikatif": 56600000,
        "pagu_n_depan": 66600000,
        "kode_bl": "665.665.4451.18378",
        "kode_sbl": "665.665.4451.18378.60660",
        "urusan_locked": 0,
        "bidang_urusan_locked": 0,
        "program_locked": 0,
        "giat_locked": 0,
        "sub_giat_locked": 0,
        "kunci_bl": 1,
        "kunci_bl_rinci": 1,
        "id_output_bl": 59081,
        "satuan_output": "Laporan",
        "tolak_ukur_output": "Jumlah Laporan Penyediaan Jasa Pelayanan Umum Kantor yang Disediakan",
        "target_teks_output": "100 % Laporan",
        "satuan_capaian": null,
        "tolak_ukur_capaian": null,
        "target_teks_capaian": null,
        "satuan_sub": null,
        "tolok_ukur_sub": null,
        "target_sub_teks": null,
        "tolak_ukur_n": "Jumlah Laporan Penyediaan Jasa Pelayanan Umum Kantor yang Disediakan",
        "target_teks_n": "100 % Laporan",
        "kode_dana": "1.2.01.08",
        "nama_dana": "Dana Alokasi Umum (DAU)",
        "lokasi_bl": "Kab. Bengkulu Utara, Napal Putih, Semua Kel/Desa",
        "id_label_pusat": 0,
        "label_pusat": null,
        "id_label_prov": 398,
        "label_prov": "4. Inovasi dan Tata Kelola Pemerintahan",
        "id_label_kokab": 0,
        "label_kokab": null,
        "kelompok_sasaran": null,
        "target_akhir_program_renstra": null,
        "target_min_1_program_renstra": null,
        "target_n_program_renstra": null,
        "target_akhir_giat_renstra": null,
        "target_min_1_giat_renstra": null,
        "target_n_giat_renstra": null,
        "target_akhir_sub_giat_renstra": " ",
        "target_min_1_sub_giat_renstra": " ",
        "target_n_sub_giat_renstra": " ",
        "total_pagu_indikatif_sub_skpd": 1946092553,
        "total_pagu_n_depan_sub_skpd": 2017084179,
        "total_pagu_indikatif_urusan": 1921092553,
        "total_pagu_n_depan_urusan": 2017084179,
        "total_pagu_indikatif_bidang_urusan": 1921092553,
        "total_pagu_n_depan_bidang_urusan": 2017084179,
        "total_pagu_indikatif_program": 1801092553,
        "total_pagu_n_depan_program": 1914007779,
        "total_pagu_indikatif_kegiatan": 56600000,
        "total_pagu_n_depan_kegiatan": 66600000,
        "total_pagu_indikatif": 1946092553,
        "total_pagu_n_depan": 2017084179
    },
    {
        "migrated_at": null,
        "id_sub_bl": 61382,
        "id_daerah": 473,
        "tahun": 2026,
        "id_unit": 665,
        "id_skpd": 665,
        "created_user": 468146,
        "kode_skpd": "7.01.0.00.0.00.14.0000",
        "nama_skpd": "Kecamatan Napal Putih",
        "id_urusan": 17,
        "kode_urusan": "7",
        "nama_urusan": "UNSUR KEWILAYAHAN",
        "id_bidang_urusan": 243,
        "kode_bidang_urusan": "7.01",
        "nama_bidang_urusan": "KECAMATAN",
        "id_sub_skpd": 665,
        "kode_sub_skpd": "7.01.0.00.0.00.14.0000",
        "nama_sub_skpd": "Kecamatan Napal Putih",
        "id_program": 4451,
        "kode_program": "7.01.01",
        "nama_program": "PROGRAM PENUNJANG URUSAN PEMERINTAHAN DAERAH KABUPATEN/KOTA",
        "outcome": "[ Terselenggaranya Penunjang urusan Pemerintahan Daerah Kecamatan Napal Putih ]",
        "indikator_outcome": "Persentase pemenuhan kebutuhan penunjang Perangkat Daerah",
        "target_akhir": "100",
        "realisasi_capaian": "100",
        "prakiraan": "100",
        "target_maju_1": "100",
        "urai_output": "Pemenuhan Pemeliharaan BMD",
        "id_giat": 18379,
        "kode_giat": "7.01.01.2.09",
        "nama_giat": "Pemeliharaan Barang Milik Daerah Penunjang Urusan Pemerintahan Daerah",
        "id_sub_giat": 60662,
        "kode_sub_giat": "7.01.01.2.09.0002",
        "nama_sub_giat": "Penyediaan Jasa Pemeliharaan, Biaya Pemeliharaan, Pajak dan Perizinan Kendaraan Dinas Operasional atau Lapangan",
        "pagu": 10000000,
        "pagu_indikatif": 10000000,
        "pagu_n_depan": 21000000,
        "kode_bl": "665.665.4451.18379",
        "kode_sbl": "665.665.4451.18379.60662",
        "urusan_locked": 0,
        "bidang_urusan_locked": 0,
        "program_locked": 0,
        "giat_locked": 0,
        "sub_giat_locked": 0,
        "kunci_bl": 1,
        "kunci_bl_rinci": 1,
        "id_output_bl": 59092,
        "satuan_output": "Unit",
        "tolak_ukur_output": "Jumlah Kendaraan Dinas Operasional atau Lapangan yang Dipelihara dan dibayarkan Pajak dan Perizinannya",
        "target_teks_output": "5 Unit",
        "satuan_capaian": null,
        "tolak_ukur_capaian": null,
        "target_teks_capaian": null,
        "satuan_sub": null,
        "tolok_ukur_sub": null,
        "target_sub_teks": null,
        "tolak_ukur_n": "Jumlah Kendaraan Dinas Operasional atau Lapangan yang Dipelihara dan dibayarkan Pajak dan Perizinannya",
        "target_teks_n": "5 Unit",
        "kode_dana": "1.2.01.08",
        "nama_dana": "Dana Alokasi Umum (DAU)",
        "lokasi_bl": "Kab. Bengkulu Utara, Napal Putih, Semua Kel/Desa",
        "id_label_pusat": 0,
        "label_pusat": null,
        "id_label_prov": 398,
        "label_prov": "4. Inovasi dan Tata Kelola Pemerintahan",
        "id_label_kokab": 0,
        "label_kokab": null,
        "kelompok_sasaran": null,
        "target_akhir_program_renstra": null,
        "target_min_1_program_renstra": null,
        "target_n_program_renstra": null,
        "target_akhir_giat_renstra": null,
        "target_min_1_giat_renstra": null,
        "target_n_giat_renstra": null,
        "target_akhir_sub_giat_renstra": " ",
        "target_min_1_sub_giat_renstra": " ",
        "target_n_sub_giat_renstra": " ",
        "total_pagu_indikatif_sub_skpd": 1946092553,
        "total_pagu_n_depan_sub_skpd": 2017084179,
        "total_pagu_indikatif_urusan": 1921092553,
        "total_pagu_n_depan_urusan": 2017084179,
        "total_pagu_indikatif_bidang_urusan": 1921092553,
        "total_pagu_n_depan_bidang_urusan": 2017084179,
        "total_pagu_indikatif_program": 1801092553,
        "total_pagu_n_depan_program": 1914007779,
        "total_pagu_indikatif_kegiatan": 115000000,
        "total_pagu_n_depan_kegiatan": 128680000,
        "total_pagu_indikatif": 1946092553,
        "total_pagu_n_depan": 2017084179
    },
    {
        "migrated_at": null,
        "id_sub_bl": 76056,
        "id_daerah": 473,
        "tahun": 2026,
        "id_unit": 665,
        "id_skpd": 665,
        "created_user": 468146,
        "kode_skpd": "7.01.0.00.0.00.14.0000",
        "nama_skpd": "Kecamatan Napal Putih",
        "id_urusan": 17,
        "kode_urusan": "7",
        "nama_urusan": "UNSUR KEWILAYAHAN",
        "id_bidang_urusan": 243,
        "kode_bidang_urusan": "7.01",
        "nama_bidang_urusan": "KECAMATAN",
        "id_sub_skpd": 665,
        "kode_sub_skpd": "7.01.0.00.0.00.14.0000",
        "nama_sub_skpd": "Kecamatan Napal Putih",
        "id_program": 4451,
        "kode_program": "7.01.01",
        "nama_program": "PROGRAM PENUNJANG URUSAN PEMERINTAHAN DAERAH KABUPATEN/KOTA",
        "outcome": "[ Terselenggaranya Penunjang urusan Pemerintahan Daerah Kecamatan Napal Putih ]",
        "indikator_outcome": "Persentase pemenuhan kebutuhan penunjang Perangkat Daerah",
        "target_akhir": "100",
        "realisasi_capaian": "100",
        "prakiraan": "100",
        "target_maju_1": "100",
        "urai_output": "Pemenuhan Pemeliharaan BMD",
        "id_giat": 18379,
        "kode_giat": "7.01.01.2.09",
        "nama_giat": "Pemeliharaan Barang Milik Daerah Penunjang Urusan Pemerintahan Daerah",
        "id_sub_giat": 60666,
        "kode_sub_giat": "7.01.01.2.09.0006",
        "nama_sub_giat": "Pemeliharaan Peralatan dan Mesin Lainnya",
        "pagu": 5000000,
        "pagu_indikatif": 5000000,
        "pagu_n_depan": 2500000,
        "kode_bl": "665.665.4451.18379",
        "kode_sbl": "665.665.4451.18379.60666",
        "urusan_locked": 0,
        "bidang_urusan_locked": 0,
        "program_locked": 0,
        "giat_locked": 0,
        "sub_giat_locked": 0,
        "kunci_bl": 1,
        "kunci_bl_rinci": 1,
        "id_output_bl": null,
        "satuan_output": null,
        "tolak_ukur_output": null,
        "target_teks_output": null,
        "satuan_capaian": null,
        "tolak_ukur_capaian": null,
        "target_teks_capaian": null,
        "satuan_sub": null,
        "tolok_ukur_sub": null,
        "target_sub_teks": null,
        "tolak_ukur_n": null,
        "target_teks_n": null,
        "kode_dana": "1.2.01.08",
        "nama_dana": "Dana Alokasi Umum (DAU)",
        "lokasi_bl": "Kab. Bengkulu Utara, Napal Putih, Semua Kel/Desa",
        "id_label_pusat": 0,
        "label_pusat": null,
        "id_label_prov": 395,
        "label_prov": "1. Percepatan Pengentasan Kemiskinan dan Peningkatan Kualitas SDM yang Berdaya Saing\t",
        "id_label_kokab": 5206,
        "label_kokab": "1. Percepatan pertumbuhan Ekonomi berkelanjutan yang inklusif",
        "kelompok_sasaran": null,
        "target_akhir_program_renstra": null,
        "target_min_1_program_renstra": null,
        "target_n_program_renstra": null,
        "target_akhir_giat_renstra": null,
        "target_min_1_giat_renstra": null,
        "target_n_giat_renstra": null,
        "target_akhir_sub_giat_renstra": " ",
        "target_min_1_sub_giat_renstra": " ",
        "target_n_sub_giat_renstra": " ",
        "total_pagu_indikatif_sub_skpd": 1946092553,
        "total_pagu_n_depan_sub_skpd": 2017084179,
        "total_pagu_indikatif_urusan": 1921092553,
        "total_pagu_n_depan_urusan": 2017084179,
        "total_pagu_indikatif_bidang_urusan": 1921092553,
        "total_pagu_n_depan_bidang_urusan": 2017084179,
        "total_pagu_indikatif_program": 1801092553,
        "total_pagu_n_depan_program": 1914007779,
        "total_pagu_indikatif_kegiatan": 115000000,
        "total_pagu_n_depan_kegiatan": 128680000,
        "total_pagu_indikatif": 1946092553,
        "total_pagu_n_depan": 2017084179
    },
    {
        "migrated_at": null,
        "id_sub_bl": 61422,
        "id_daerah": 473,
        "tahun": 2026,
        "id_unit": 665,
        "id_skpd": 665,
        "created_user": 468146,
        "kode_skpd": "7.01.0.00.0.00.14.0000",
        "nama_skpd": "Kecamatan Napal Putih",
        "id_urusan": 17,
        "kode_urusan": "7",
        "nama_urusan": "UNSUR KEWILAYAHAN",
        "id_bidang_urusan": 243,
        "kode_bidang_urusan": "7.01",
        "nama_bidang_urusan": "KECAMATAN",
        "id_sub_skpd": 665,
        "kode_sub_skpd": "7.01.0.00.0.00.14.0000",
        "nama_sub_skpd": "Kecamatan Napal Putih",
        "id_program": 4451,
        "kode_program": "7.01.01",
        "nama_program": "PROGRAM PENUNJANG URUSAN PEMERINTAHAN DAERAH KABUPATEN/KOTA",
        "outcome": "[ Terselenggaranya Penunjang urusan Pemerintahan Daerah Kecamatan Napal Putih ]",
        "indikator_outcome": "Persentase pemenuhan kebutuhan penunjang Perangkat Daerah",
        "target_akhir": "100",
        "realisasi_capaian": "100",
        "prakiraan": "100",
        "target_maju_1": "100",
        "urai_output": "Pemenuhan Pemeliharaan BMD",
        "id_giat": 18379,
        "kode_giat": "7.01.01.2.09",
        "nama_giat": "Pemeliharaan Barang Milik Daerah Penunjang Urusan Pemerintahan Daerah",
        "id_sub_giat": 60669,
        "kode_sub_giat": "7.01.01.2.09.0009",
        "nama_sub_giat": "Pemeliharaan/Rehabilitasi Gedung Kantor dan Bangunan Lainnya",
        "pagu": 100000000,
        "pagu_indikatif": 100000000,
        "pagu_n_depan": 105180000,
        "kode_bl": "665.665.4451.18379",
        "kode_sbl": "665.665.4451.18379.60669",
        "urusan_locked": 0,
        "bidang_urusan_locked": 0,
        "program_locked": 0,
        "giat_locked": 0,
        "sub_giat_locked": 0,
        "kunci_bl": 1,
        "kunci_bl_rinci": 1,
        "id_output_bl": 59132,
        "satuan_output": "Unit",
        "tolak_ukur_output": "Jumlah Gedung Kantor dan Bangunan Lainnya yang Dipelihara/Direhabilitasi",
        "target_teks_output": "1 Unit",
        "satuan_capaian": null,
        "tolak_ukur_capaian": null,
        "target_teks_capaian": null,
        "satuan_sub": null,
        "tolok_ukur_sub": null,
        "target_sub_teks": null,
        "tolak_ukur_n": "Jumlah Gedung Kantor dan Bangunan Lainnya yang Dipelihara/Direhabilitasi",
        "target_teks_n": "1 Unit",
        "kode_dana": "1.2.01.08",
        "nama_dana": "Dana Alokasi Umum (DAU)",
        "lokasi_bl": "Kab. Bengkulu Utara, Napal Putih, Semua Kel/Desa",
        "id_label_pusat": 0,
        "label_pusat": null,
        "id_label_prov": 398,
        "label_prov": "4. Inovasi dan Tata Kelola Pemerintahan",
        "id_label_kokab": 0,
        "label_kokab": null,
        "kelompok_sasaran": null,
        "target_akhir_program_renstra": null,
        "target_min_1_program_renstra": null,
        "target_n_program_renstra": null,
        "target_akhir_giat_renstra": null,
        "target_min_1_giat_renstra": null,
        "target_n_giat_renstra": null,
        "target_akhir_sub_giat_renstra": " ",
        "target_min_1_sub_giat_renstra": " ",
        "target_n_sub_giat_renstra": " ",
        "total_pagu_indikatif_sub_skpd": 1946092553,
        "total_pagu_n_depan_sub_skpd": 2017084179,
        "total_pagu_indikatif_urusan": 1921092553,
        "total_pagu_n_depan_urusan": 2017084179,
        "total_pagu_indikatif_bidang_urusan": 1921092553,
        "total_pagu_n_depan_bidang_urusan": 2017084179,
        "total_pagu_indikatif_program": 1801092553,
        "total_pagu_n_depan_program": 1914007779,
        "total_pagu_indikatif_kegiatan": 115000000,
        "total_pagu_n_depan_kegiatan": 128680000,
        "total_pagu_indikatif": 1946092553,
        "total_pagu_n_depan": 2017084179
    },
    {
        "migrated_at": null,
        "id_sub_bl": 61396,
        "id_daerah": 473,
        "tahun": 2026,
        "id_unit": 665,
        "id_skpd": 665,
        "created_user": 468146,
        "kode_skpd": "7.01.0.00.0.00.14.0000",
        "nama_skpd": "Kecamatan Napal Putih",
        "id_urusan": 17,
        "kode_urusan": "7",
        "nama_urusan": "UNSUR KEWILAYAHAN",
        "id_bidang_urusan": 243,
        "kode_bidang_urusan": "7.01",
        "nama_bidang_urusan": "KECAMATAN",
        "id_sub_skpd": 665,
        "kode_sub_skpd": "7.01.0.00.0.00.14.0000",
        "nama_sub_skpd": "Kecamatan Napal Putih",
        "id_program": 4418,
        "kode_program": "7.01.03",
        "nama_program": "PROGRAM PEMBERDAYAAN MASYARAKAT DESA DAN KELURAHAN",
        "outcome": "[ Terselenggaranya Program Pemberdayaan Masyarakat Desa dan Kelurahan Kecamatan Napal Putih ]",
        "indikator_outcome": "Persentase Pemberdayaan Masyarakat Desa dan Kelurahan",
        "target_akhir": "100",
        "realisasi_capaian": "100",
        "prakiraan": "100",
        "target_maju_1": "100",
        "urai_output": "Terselenggaranya Program Pemberdayaan Masyarakat Desa dan Kelurahan",
        "id_giat": 18279,
        "kode_giat": "7.01.03.2.01",
        "nama_giat": "Koordinasi Kegiatan Pemberdayaan Desa",
        "id_sub_giat": 59913,
        "kode_sub_giat": "7.01.03.2.01.0001",
        "nama_sub_giat": "Peningkatan Partisipasi Masyarakat dalam Forum Musyawarah Perencanaan Pembangunan di Desa",
        "pagu": 20000000,
        "pagu_indikatif": 20000000,
        "pagu_n_depan": 21000000,
        "kode_bl": "665.665.4418.18279",
        "kode_sbl": "665.665.4418.18279.59913",
        "urusan_locked": 0,
        "bidang_urusan_locked": 0,
        "program_locked": 0,
        "giat_locked": 0,
        "sub_giat_locked": 0,
        "kunci_bl": 1,
        "kunci_bl_rinci": 1,
        "id_output_bl": 59106,
        "satuan_output": "Lembaga Kemasyarakatan",
        "tolak_ukur_output": "Jumlah Lembaga Kemasyarakatan yang Berpartisipasi dalam Forum Musyawarah Perencanaan Pembangunan di Desa ",
        "target_teks_output": "10 Lembaga Kemasyarakatan",
        "satuan_capaian": null,
        "tolak_ukur_capaian": null,
        "target_teks_capaian": null,
        "satuan_sub": null,
        "tolok_ukur_sub": null,
        "target_sub_teks": null,
        "tolak_ukur_n": "Jumlah Lembaga Kemasyarakatan yang Berpartisipasi dalam Forum Musyawarah Perencanaan Pembangunan di Desa ",
        "target_teks_n": "10 Lembaga Kemasyarakatan",
        "kode_dana": "1.2.01.08",
        "nama_dana": "Dana Alokasi Umum (DAU)",
        "lokasi_bl": "Kab. Bengkulu Utara, Napal Putih, Semua Kel/Desa",
        "id_label_pusat": 0,
        "label_pusat": null,
        "id_label_prov": 398,
        "label_prov": "4. Inovasi dan Tata Kelola Pemerintahan",
        "id_label_kokab": 0,
        "label_kokab": null,
        "kelompok_sasaran": null,
        "target_akhir_program_renstra": null,
        "target_min_1_program_renstra": null,
        "target_n_program_renstra": null,
        "target_akhir_giat_renstra": null,
        "target_min_1_giat_renstra": null,
        "target_n_giat_renstra": null,
        "target_akhir_sub_giat_renstra": " ",
        "target_min_1_sub_giat_renstra": " ",
        "target_n_sub_giat_renstra": " ",
        "total_pagu_indikatif_sub_skpd": 1946092553,
        "total_pagu_n_depan_sub_skpd": 2017084179,
        "total_pagu_indikatif_urusan": 1921092553,
        "total_pagu_n_depan_urusan": 2017084179,
        "total_pagu_indikatif_bidang_urusan": 1921092553,
        "total_pagu_n_depan_bidang_urusan": 2017084179,
        "total_pagu_indikatif_program": 20000000,
        "total_pagu_n_depan_program": 21000000,
        "total_pagu_indikatif_kegiatan": 20000000,
        "total_pagu_n_depan_kegiatan": 21000000,
        "total_pagu_indikatif": 1946092553,
        "total_pagu_n_depan": 2017084179
    },
    {
        "migrated_at": null,
        "id_sub_bl": 61429,
        "id_daerah": 473,
        "tahun": 2026,
        "id_unit": 665,
        "id_skpd": 665,
        "created_user": 468146,
        "kode_skpd": "7.01.0.00.0.00.14.0000",
        "nama_skpd": "Kecamatan Napal Putih",
        "id_urusan": 17,
        "kode_urusan": "7",
        "nama_urusan": "UNSUR KEWILAYAHAN",
        "id_bidang_urusan": 243,
        "kode_bidang_urusan": "7.01",
        "nama_bidang_urusan": "KECAMATAN",
        "id_sub_skpd": 665,
        "kode_sub_skpd": "7.01.0.00.0.00.14.0000",
        "nama_sub_skpd": "Kecamatan Napal Putih",
        "id_program": 4423,
        "kode_program": "7.01.06",
        "nama_program": "PROGRAM PEMBINAAN DAN PENGAWASAN PEMERINTAHAN DESA",
        "outcome": "[ Terselenggaranya Program Pembinaan dan Pengawasan Pemerintahan Desa Kecamatan Napal Putih ]",
        "indikator_outcome": "Persentase Tingkat Pembinaan dan Pengawasan Desa",
        "target_akhir": "100",
        "realisasi_capaian": "100",
        "prakiraan": "100",
        "target_maju_1": "100",
        "urai_output": "Terpenuhinya Krgiatan Fasilitasi, Rekomendasi dan Koordinasi Pembinaan dan Pengawasan Pemerintahan Desa",
        "id_giat": 18290,
        "kode_giat": "7.01.06.2.01",
        "nama_giat": "Fasilitasi, Rekomendasi dan Koordinasi\n\nPembinaan dan Pengawasan Pemerintahan Desa",
        "id_sub_giat": 59975,
        "kode_sub_giat": "7.01.06.2.01.0016",
        "nama_sub_giat": "Fasilitasi Penyusunan Program dan Pelaksanaan Pemberdayaan Masyarakat Desa",
        "pagu": 100000000,
        "pagu_indikatif": 100000000,
        "pagu_n_depan": 82076400,
        "kode_bl": "665.665.4423.18290",
        "kode_sbl": "665.665.4423.18290.59975",
        "urusan_locked": 0,
        "bidang_urusan_locked": 0,
        "program_locked": 0,
        "giat_locked": 0,
        "sub_giat_locked": 0,
        "kunci_bl": 1,
        "kunci_bl_rinci": 1,
        "id_output_bl": 59139,
        "satuan_output": "Dokumen",
        "tolak_ukur_output": "Jumlah Dokumen Fasilitasi dalam rangka Program dan Pelaksanaan Pemberdayaan Masyarakat Desa",
        "target_teks_output": "1 Dokumen",
        "satuan_capaian": null,
        "tolak_ukur_capaian": null,
        "target_teks_capaian": null,
        "satuan_sub": null,
        "tolok_ukur_sub": null,
        "target_sub_teks": null,
        "tolak_ukur_n": "Jumlah Dokumen Fasilitasi dalam rangka Program dan Pelaksanaan Pemberdayaan Masyarakat Desa",
        "target_teks_n": "1 Dokumen",
        "kode_dana": "1.2.01.08",
        "nama_dana": "Dana Alokasi Umum (DAU)",
        "lokasi_bl": "Kab. Bengkulu Utara, Napal Putih, Semua Kel/Desa",
        "id_label_pusat": 0,
        "label_pusat": null,
        "id_label_prov": 398,
        "label_prov": "4. Inovasi dan Tata Kelola Pemerintahan",
        "id_label_kokab": 0,
        "label_kokab": null,
        "kelompok_sasaran": null,
        "target_akhir_program_renstra": null,
        "target_min_1_program_renstra": null,
        "target_n_program_renstra": null,
        "target_akhir_giat_renstra": null,
        "target_min_1_giat_renstra": null,
        "target_n_giat_renstra": null,
        "target_akhir_sub_giat_renstra": " ",
        "target_min_1_sub_giat_renstra": " ",
        "target_n_sub_giat_renstra": " ",
        "total_pagu_indikatif_sub_skpd": 1946092553,
        "total_pagu_n_depan_sub_skpd": 2017084179,
        "total_pagu_indikatif_urusan": 1921092553,
        "total_pagu_n_depan_urusan": 2017084179,
        "total_pagu_indikatif_bidang_urusan": 1921092553,
        "total_pagu_n_depan_bidang_urusan": 2017084179,
        "total_pagu_indikatif_program": 100000000,
        "total_pagu_n_depan_program": 82076400,
        "total_pagu_indikatif_kegiatan": 100000000,
        "total_pagu_n_depan_kegiatan": 82076400,
        "total_pagu_indikatif": 1946092553,
        "total_pagu_n_depan": 2017084179
    },
    {
        "migrated_at": null,
        "id_sub_bl": 76054,
        "id_daerah": 473,
        "tahun": 2026,
        "id_unit": 665,
        "id_skpd": 665,
        "created_user": 468146,
        "kode_skpd": "7.01.0.00.0.00.14.0000",
        "nama_skpd": "Kecamatan Napal Putih",
        "id_urusan": 20,
        "kode_urusan": "X",
        "nama_urusan": "NON URUSAN",
        "id_bidang_urusan": 251,
        "kode_bidang_urusan": "X.XX",
        "nama_bidang_urusan": "URUSAN PEMERINTAHAN BIDANG XX",
        "id_sub_skpd": 665,
        "kode_sub_skpd": "7.01.0.00.0.00.14.0000",
        "nama_sub_skpd": "Kecamatan Napal Putih",
        "id_program": 4451,
        "kode_program": "X.XX.01",
        "nama_program": "PROGRAM PENUNJANG URUSAN PEMERINTAHAN DAERAH KABUPATEN/KOTA",
        "outcome": null,
        "indikator_outcome": null,
        "target_akhir": null,
        "realisasi_capaian": null,
        "prakiraan": null,
        "target_maju_1": null,
        "urai_output": null,
        "id_giat": 18375,
        "kode_giat": "X.XX.01.2.05",
        "nama_giat": "Administrasi Kepegawaian Perangkat Daerah",
        "id_sub_giat": 60632,
        "kode_sub_giat": "X.XX.01.2.05.0009",
        "nama_sub_giat": "Pendidikan dan Pelatihan Pegawai Berdasarkan Tugas dan Fungsi",
        "pagu": 25000000,
        "pagu_indikatif": 25000000,
        "pagu_n_depan": 0,
        "kode_bl": "665.665.4451.18375",
        "kode_sbl": "665.665.4451.18375.60632",
        "urusan_locked": 0,
        "bidang_urusan_locked": 0,
        "program_locked": 0,
        "giat_locked": 0,
        "sub_giat_locked": 0,
        "kunci_bl": 1,
        "kunci_bl_rinci": 1,
        "id_output_bl": 73764,
        "satuan_output": "Orang",
        "tolak_ukur_output": "Jumlah Pegawai Berdasarkan Tugas dan Fungsi yang Mengikuti Pendidikan dan Pelatihan ",
        "target_teks_output": "0 Orang",
        "satuan_capaian": null,
        "tolak_ukur_capaian": null,
        "target_teks_capaian": null,
        "satuan_sub": null,
        "tolok_ukur_sub": null,
        "target_sub_teks": null,
        "tolak_ukur_n": "Jumlah Pegawai Berdasarkan Tugas dan Fungsi yang Mengikuti Pendidikan dan Pelatihan ",
        "target_teks_n": "0 Orang",
        "kode_dana": "1.2.01.08",
        "nama_dana": "Dana Alokasi Umum (DAU)",
        "lokasi_bl": "Kab. Bengkulu Utara, Napal Putih, Semua Kel/Desa",
        "id_label_pusat": 0,
        "label_pusat": null,
        "id_label_prov": 395,
        "label_prov": "1. Percepatan Pengentasan Kemiskinan dan Peningkatan Kualitas SDM yang Berdaya Saing\t",
        "id_label_kokab": 5206,
        "label_kokab": "1. Percepatan pertumbuhan Ekonomi berkelanjutan yang inklusif",
        "kelompok_sasaran": null,
        "target_akhir_program_renstra": null,
        "target_min_1_program_renstra": null,
        "target_n_program_renstra": null,
        "target_akhir_giat_renstra": null,
        "target_min_1_giat_renstra": null,
        "target_n_giat_renstra": null,
        "target_akhir_sub_giat_renstra": " ",
        "target_min_1_sub_giat_renstra": " ",
        "target_n_sub_giat_renstra": " ",
        "total_pagu_indikatif_sub_skpd": 1946092553,
        "total_pagu_n_depan_sub_skpd": 2017084179,
        "total_pagu_indikatif_urusan": 25000000,
        "total_pagu_n_depan_urusan": 0,
        "total_pagu_indikatif_bidang_urusan": 25000000,
        "total_pagu_n_depan_bidang_urusan": 0,
        "total_pagu_indikatif_program": 25000000,
        "total_pagu_n_depan_program": 0,
        "total_pagu_indikatif_kegiatan": 25000000,
        "total_pagu_n_depan_kegiatan": 0,
        "total_pagu_indikatif": 1946092553,
        "total_pagu_n_depan": 2017084179
    }
]