[
       {
              "tahun": 2026,
              "id_daerah": 473,
              "id_skpd": 699,
              "id_unit": 699,
              "kode_skpd": "1.01.2.22.0.00.01.0000",
              "nama_skpd": "Dinas Pendidikan",
              "total_giat": 60,
              "belanja_terbuka": 0,
              "set_pagu_skpd": 380861851605.0,
              "set_pagu_giat": 380861851605.0,
              "rinci_giat": 380861851605.0,
              "rincian_terbuka": 0
       },
       {
              "tahun": 2026,
              "id_daerah": 473,
              "id_skpd": 701,
              "id_unit": 701,
              "kode_skpd": "1.02.0.00.0.00.01.0000",
              "nama_skpd": "Dinas Kesehatan",
              "total_giat": 124,
              "belanja_terbuka": 0,
              "set_pagu_skpd": 147618882317.0,
              "set_pagu_giat": 147618882317.0,
              "rinci_giat": 147618882317.0,
              "rincian_terbuka": 0
       },
       {
              "tahun": 2026,
              "id_daerah": 473,
              "id_skpd": 964,
              "id_unit": 701,
              "kode_skpd": "1.02.0.00.0.00.01.0002",
              "nama_skpd": "UPTD RSUD ARGA MAKMUR",
              "total_giat": 16,
              "belanja_terbuka": 0,
              "set_pagu_skpd": 48096940648.0,
              "set_pagu_giat": 48096940648.0,
              "rinci_giat": 48096940648.0,
              "rincian_terbuka": 0
       },
       {
              "tahun": 2026,
              "id_daerah": 473,
              "id_skpd": 966,
              "id_unit": 701,
              "kode_skpd": "1.02.0.00.0.00.01.0003",
              "nama_skpd": "UPTD RSUD LAGITA",
              "total_giat": 10,
              "belanja_terbuka": 0,
              "set_pagu_skpd": 19123831000.0,
              "set_pagu_giat": 19123831000.0,
              "rinci_giat": 19123831000.0,
              "rincian_terbuka": 0
       },
       {
              "tahun": 2026,
              "id_daerah": 473,
              "id_skpd": 668,
              "id_unit": 668,
              "kode_skpd": "1.03.0.00.0.00.01.0000",
              "nama_skpd": "Dinas Pekerjaan Umum dan Penataan Ruang",
              "total_giat": 47,
              "belanja_terbuka": 0,
              "set_pagu_skpd": 41652997181.0,
              "set_pagu_giat": 41652997181.0,
              "rinci_giat": 41652997181.0,
              "rincian_terbuka": 0
       },
       {
              "tahun": 2026,
              "id_daerah": 473,
              "id_skpd": 694,
              "id_unit": 694,
              "kode_skpd": "1.04.2.10.1.03.01.0000",
              "nama_skpd": "Dinas Perumahan Rakyat dan Kawasan Permukiman",
              "total_giat": 47,
              "belanja_terbuka": 0,
              "set_pagu_skpd": 7270770693.0,
              "set_pagu_giat": 7270770693.0,
              "rinci_giat": 7270770693.0,
              "rincian_terbuka": 0
       },
       {
              "tahun": 2026,
              "id_daerah": 473,
              "id_skpd": 683,
              "id_unit": 683,
              "kode_skpd": "1.05.0.00.0.00.01.0000",
              "nama_skpd": "Satuan Polisi Pamong Praja dan Pemadam Kebakaran",
              "total_giat": 46,
              "belanja_terbuka": 0,
              "set_pagu_skpd": 9246274756.0,
              "set_pagu_giat": 9246274756.0,
              "rinci_giat": 9246274756.0,
              "rincian_terbuka": 0
       },
       {
              "tahun": 2026,
              "id_daerah": 473,
              "id_skpd": 953,
              "id_unit": 953,
              "kode_skpd": "1.05.0.00.0.00.02.0000",
              "nama_skpd": "Badan Penanggulangan Bencana Daerah",
              "total_giat": 49,
              "belanja_terbuka": 0,
              "set_pagu_skpd": 4151539200.0,
              "set_pagu_giat": 4151539200.0,
              "rinci_giat": 4151539200.0,
              "rincian_terbuka": 0
       },
       {
              "tahun": 2026,
              "id_daerah": 473,
              "id_skpd": 672,
              "id_unit": 672,
              "kode_skpd": "1.06.0.00.0.00.01.0000",
              "nama_skpd": "Dinas Sosial",
              "total_giat": 64,
              "belanja_terbuka": 0,
              "set_pagu_skpd": 7051929020.0,
              "set_pagu_giat": 7051929020.0,
              "rinci_giat": 7051929020.0,
              "rincian_terbuka": 0
       },
       {
              "tahun": 2026,
              "id_daerah": 473,
              "id_skpd": 669,
              "id_unit": 669,
              "kode_skpd": "2.07.3.32.0.00.01.0000",
              "nama_skpd": "Dinas Ketenagakerjaan dan Transmigrasi",
              "total_giat": 37,
              "belanja_terbuka": 0,
              "set_pagu_skpd": 7506436670.0,
              "set_pagu_giat": 7506436670.0,
              "rinci_giat": 7506436670.0,
              "rincian_terbuka": 0
       },
       {
              "tahun": 2026,
              "id_daerah": 473,
              "id_skpd": 996,
              "id_unit": 996,
              "kode_skpd": "2.08.0.00.0.00.01.0000",
              "nama_skpd": "Dinas Pemberdayaan Perempuan dan Perlindungan Anak",
              "total_giat": 36,
              "belanja_terbuka": 0,
              "set_pagu_skpd": 4606293331.0,
              "set_pagu_giat": 4606293331.0,
              "rinci_giat": 4606293331.0,
              "rincian_terbuka": 0
       },
       {
              "tahun": 2026,
              "id_daerah": 473,
              "id_skpd": 698,
              "id_unit": 698,
              "kode_skpd": "2.09.0.00.0.00.01.0000",
              "nama_skpd": "Dinas Ketahanan Pangan",
              "total_giat": 47,
              "belanja_terbuka": 0,
              "set_pagu_skpd": 4045149024.0,
              "set_pagu_giat": 4045149024.0,
              "rinci_giat": 4045149024.0,
              "rincian_terbuka": 0
       },
       {
              "tahun": 2026,
              "id_daerah": 473,
              "id_skpd": 695,
              "id_unit": 695,
              "kode_skpd": "2.11.0.00.0.00.01.0000",
              "nama_skpd": "Dinas Lingkungan Hidup",
              "total_giat": 43,
              "belanja_terbuka": 0,
              "set_pagu_skpd": 9023914681.0,
              "set_pagu_giat": 9023914681.0,
              "rinci_giat": 9023914681.0,
              "rincian_terbuka": 0
       },
       {
              "tahun": 2026,
              "id_daerah": 473,
              "id_skpd": 700,
              "id_unit": 700,
              "kode_skpd": "2.12.0.00.0.00.01.0000",
              "nama_skpd": "Dinas Kependudukan dan Pencatatan Sipil",
              "total_giat": 48,
              "belanja_terbuka": 0,
              "set_pagu_skpd": 5672051687.0,
              "set_pagu_giat": 5672051687.0,
              "rinci_giat": 5672051687.0,
              "rincian_terbuka": 0
       },
       {
              "tahun": 2026,
              "id_daerah": 473,
              "id_skpd": 971,
              "id_unit": 971,
              "kode_skpd": "2.13.0.00.0.00.01.0000",
              "nama_skpd": "Dinas Pemberdayaan Masyarakat dan Desa",
              "total_giat": 31,
              "belanja_terbuka": 0,
              "set_pagu_skpd": 5167841408.0,
              "set_pagu_giat": 5167841408.0,
              "rinci_giat": 5167841408.0,
              "rincian_terbuka": 0
       },
       {
              "tahun": 2026,
              "id_daerah": 473,
              "id_skpd": 718,
              "id_unit": 718,
              "kode_skpd": "2.14.0.00.0.00.01.0000",
              "nama_skpd": "Dinas Pengendalian Penduduk dan Keluarga Berencana",
              "total_giat": 51,
              "belanja_terbuka": 0,
              "set_pagu_skpd": 11788178815.0,
              "set_pagu_giat": 11788178815.0,
              "rinci_giat": 11788178815.0,
              "rincian_terbuka": 0
       },
       {
              "tahun": 2026,
              "id_daerah": 473,
              "id_skpd": 682,
              "id_unit": 682,
              "kode_skpd": "2.15.0.00.0.00.01.0000",
              "nama_skpd": "Dinas Perhubungan",
              "total_giat": 35,
              "belanja_terbuka": 0,
              "set_pagu_skpd": 8305142192.0,
              "set_pagu_giat": 8305142192.0,
              "rinci_giat": 8305142192.0,
              "rincian_terbuka": 0
       },
       {
              "tahun": 2026,
              "id_daerah": 473,
              "id_skpd": 689,
              "id_unit": 689,
              "kode_skpd": "2.16.2.20.2.21.01.0000",
              "nama_skpd": "Dinas Komunikasi dan Informatika",
              "total_giat": 37,
              "belanja_terbuka": 0,
              "set_pagu_skpd": 5790425492.0,
              "set_pagu_giat": 5790425492.0,
              "rinci_giat": 5790425492.0,
              "rincian_terbuka": 0
       },
       {
              "tahun": 2026,
              "id_daerah": 473,
              "id_skpd": 693,
              "id_unit": 693,
              "kode_skpd": "2.17.0.00.0.00.01.0000",
              "nama_skpd": "Dinas Koperasi, Usaha Kecil dan Menengah",
              "total_giat": 66,
              "belanja_terbuka": 0,
              "set_pagu_skpd": 3783021564.0,
              "set_pagu_giat": 3783021564.0,
              "rinci_giat": 3783021564.0,
              "rincian_terbuka": 0
       },
       {
              "tahun": 2026,
              "id_daerah": 473,
              "id_skpd": 690,
              "id_unit": 690,
              "kode_skpd": "2.18.0.00.0.00.01.0000",
              "nama_skpd": "Dinas Penanaman Modal dan Pelayanan Terpadu Satu Pintu",
              "total_giat": 60,
              "belanja_terbuka": 0,
              "set_pagu_skpd": 5225400463.0,
              "set_pagu_giat": 5225400463.0,
              "rinci_giat": 5225400463.0,
              "rincian_terbuka": 0
       },
       {
              "tahun": 2026,
              "id_daerah": 473,
              "id_skpd": 644,
              "id_unit": 644,
              "kode_skpd": "2.19.0.00.0.00.01.0000",
              "nama_skpd": "Dinas Kepemudaan dan Olahraga",
              "total_giat": 38,
              "belanja_terbuka": 0,
              "set_pagu_skpd": 7677832012.0,
              "set_pagu_giat": 7677832012.0,
              "rinci_giat": 7677832012.0,
              "rincian_terbuka": 0
       },
       {
              "tahun": 2026,
              "id_daerah": 473,
              "id_skpd": 957,
              "id_unit": 957,
              "kode_skpd": "2.23.2.24.0.00.01.0000",
              "nama_skpd": "Dinas Kearsipan dan Perpustakaan",
              "total_giat": 55,
              "belanja_terbuka": 0,
              "set_pagu_skpd": 5881876848.0,
              "set_pagu_giat": 5881876848.0,
              "rinci_giat": 5881876848.0,
              "rincian_terbuka": 0
       },
       {
              "tahun": 2026,
              "id_daerah": 473,
              "id_skpd": 951,
              "id_unit": 951,
              "kode_skpd": "3.25.0.00.0.00.01.0000",
              "nama_skpd": "Dinas Perikanan",
              "total_giat": 44,
              "belanja_terbuka": 0,
              "set_pagu_skpd": 5211631440.0,
              "set_pagu_giat": 5211631440.0,
              "rinci_giat": 5211631440.0,
              "rincian_terbuka": 0
       },
       {
              "tahun": 2026,
              "id_daerah": 473,
              "id_skpd": 696,
              "id_unit": 696,
              "kode_skpd": "3.26.0.00.0.00.01.0000",
              "nama_skpd": "Dinas Pariwisata",
              "total_giat": 43,
              "belanja_terbuka": 0,
              "set_pagu_skpd": 4389406255.0,
              "set_pagu_giat": 4389406255.0,
              "rinci_giat": 4389406255.0,
              "rincian_terbuka": 0
       },
       {
              "tahun": 2026,
              "id_daerah": 473,
              "id_skpd": 692,
              "id_unit": 692,
              "kode_skpd": "3.27.0.00.0.00.01.0000",
              "nama_skpd": "Dinas Tanaman Pangan, Hortikultura dan Peternakan",
              "total_giat": 53,
              "belanja_terbuka": 0,
              "set_pagu_skpd": 12262063445.0,
              "set_pagu_giat": 12262063445.0,
              "rinci_giat": 12262063445.0,
              "rincian_terbuka": 0
       },
       {
              "tahun": 2026,
              "id_daerah": 473,
              "id_skpd": 995,
              "id_unit": 995,
              "kode_skpd": "3.27.0.00.0.00.02.0000",
              "nama_skpd": "Dinas Perkebunan",
              "total_giat": 30,
              "belanja_terbuka": 0,
              "set_pagu_skpd": 5913232755.0,
              "set_pagu_giat": 5913232755.0,
              "rinci_giat": 5913232755.0,
              "rincian_terbuka": 0
       },
       {
              "tahun": 2026,
              "id_daerah": 473,
              "id_skpd": 697,
              "id_unit": 697,
              "kode_skpd": "3.30.3.31.0.00.02.0000",
              "nama_skpd": "Dinas Perdagangan",
              "total_giat": 39,
              "belanja_terbuka": 0,
              "set_pagu_skpd": 6468220829.0,
              "set_pagu_giat": 6468220829.0,
              "rinci_giat": 6468220829.0,
              "rincian_terbuka": 0
       },
       {
              "tahun": 2026,
              "id_daerah": 473,
              "id_skpd": 716,
              "id_unit": 716,
              "kode_skpd": "4.01.0.00.0.00.01.0000",
              "nama_skpd": "Sekretariat Daerah",
              "total_giat": 70,
              "belanja_terbuka": 0,
              "set_pagu_skpd": 46863304901.0,
              "set_pagu_giat": 46863304901.0,
              "rinci_giat": 46863304901.0,
              "rincian_terbuka": 0
       },
       {
              "tahun": 2026,
              "id_daerah": 473,
              "id_skpd": 691,
              "id_unit": 691,
              "kode_skpd": "4.02.0.00.0.00.01.0000",
              "nama_skpd": "Sekretariat DPRD",
              "total_giat": 58,
              "belanja_terbuka": 0,
              "set_pagu_skpd": 49384702800.0,
              "set_pagu_giat": 49384702800.0,
              "rinci_giat": 49384702800.0,
              "rincian_terbuka": 0
       },
       {
              "tahun": 2026,
              "id_daerah": 473,
              "id_skpd": 30,
              "id_unit": 30,
              "kode_skpd": "5.01.5.05.0.00.01.0000",
              "nama_skpd": "Badan Perencanaan Pembangunan, Riset dan Inovasi Daerah",
              "total_giat": 54,
              "belanja_terbuka": 0,
              "set_pagu_skpd": 9342338661.0,
              "set_pagu_giat": 9342338661.0,
              "rinci_giat": 9342338661.0,
              "rincian_terbuka": 0
       },
       {
              "tahun": 2026,
              "id_daerah": 473,
              "id_skpd": 54,
              "id_unit": 54,
              "kode_skpd": "5.02.0.00.0.00.01.0000",
              "nama_skpd": "Badan Keuangan dan Aset Daerah",
              "total_giat": 49,
              "belanja_terbuka": 0,
              "set_pagu_skpd": 401715300470.0,
              "set_pagu_giat": 401715300470.0,
              "rinci_giat": 401715300470.0,
              "rincian_terbuka": 0
       },
       {
              "tahun": 2026,
              "id_daerah": 473,
              "id_skpd": 646,
              "id_unit": 646,
              "kode_skpd": "5.02.0.00.0.00.02.0000",
              "nama_skpd": "Badan Pendapatan Daerah",
              "total_giat": 43,
              "belanja_terbuka": 0,
              "set_pagu_skpd": 7897846599.0,
              "set_pagu_giat": 7897846599.0,
              "rinci_giat": 7897846599.0,
              "rincian_terbuka": 0
       },
       {
              "tahun": 2026,
              "id_daerah": 473,
              "id_skpd": 676,
              "id_unit": 676,
              "kode_skpd": "5.03.5.04.0.00.01.0000",
              "nama_skpd": "Badan Kepegawaian dan Pengembangan Sumber Daya Manusia",
              "total_giat": 46,
              "belanja_terbuka": 0,
              "set_pagu_skpd": 4809553185.0,
              "set_pagu_giat": 4809553185.0,
              "rinci_giat": 4809553185.0,
              "rincian_terbuka": 0
       },
       {
              "tahun": 2026,
              "id_daerah": 473,
              "id_skpd": 103,
              "id_unit": 103,
              "kode_skpd": "6.01.0.00.0.00.01.0000",
              "nama_skpd": "Inspektorat",
              "total_giat": 43,
              "belanja_terbuka": 0,
              "set_pagu_skpd": 12466375617.0,
              "set_pagu_giat": 12466375617.0,
              "rinci_giat": 12466375617.0,
              "rincian_terbuka": 0
       },
       {
              "tahun": 2026,
              "id_daerah": 473,
              "id_skpd": 673,
              "id_unit": 673,
              "kode_skpd": "7.01.0.00.0.00.01.0000",
              "nama_skpd": "Kecamatan Arga Makmur",
              "total_giat": 44,
              "belanja_terbuka": 0,
              "set_pagu_skpd": 4343591418.0,
              "set_pagu_giat": 4343591418.0,
              "rinci_giat": 4343591418.0,
              "rincian_terbuka": 0
       },
       {
              "tahun": 2026,
              "id_daerah": 473,
              "id_skpd": 974,
              "id_unit": 974,
              "kode_skpd": "7.01.0.00.0.00.02.0000",
              "nama_skpd": "Kecamatan Arma Jaya",
              "total_giat": 34,
              "belanja_terbuka": 0,
              "set_pagu_skpd": 2719572837.0,
              "set_pagu_giat": 2719572837.0,
              "rinci_giat": 2719572837.0,
              "rincian_terbuka": 0
       },
       {
              "tahun": 2026,
              "id_daerah": 473,
              "id_skpd": 973,
              "id_unit": 973,
              "kode_skpd": "7.01.0.00.0.00.03.0000",
              "nama_skpd": "Kecamatan Air Besi",
              "total_giat": 26,
              "belanja_terbuka": 0,
              "set_pagu_skpd": 2013708878.0,
              "set_pagu_giat": 2013708878.0,
              "rinci_giat": 2013708878.0,
              "rincian_terbuka": 0
       },
       {
              "tahun": 2026,
              "id_daerah": 473,
              "id_skpd": 663,
              "id_unit": 663,
              "kode_skpd": "7.01.0.00.0.00.04.0000",
              "nama_skpd": "Kecamatan Air Napal",
              "total_giat": 24,
              "belanja_terbuka": 0,
              "set_pagu_skpd": 2349317034.0,
              "set_pagu_giat": 2349317034.0,
              "rinci_giat": 2349317034.0,
              "rincian_terbuka": 0
       },
       {
              "tahun": 2026,
              "id_daerah": 473,
              "id_skpd": 687,
              "id_unit": 687,
              "kode_skpd": "7.01.0.00.0.00.05.0000",
              "nama_skpd": "Kecamatan Air Padang",
              "total_giat": 22,
              "belanja_terbuka": 0,
              "set_pagu_skpd": 1722699053.0,
              "set_pagu_giat": 1722699053.0,
              "rinci_giat": 1722699053.0,
              "rincian_terbuka": 0
       },
       {
              "tahun": 2026,
              "id_daerah": 473,
              "id_skpd": 1106,
              "id_unit": 1106,
              "kode_skpd": "7.01.0.00.0.00.06.0000",
              "nama_skpd": "Kecamatan Batik Nau",
              "total_giat": 25,
              "belanja_terbuka": 0,
              "set_pagu_skpd": 2206700188.0,
              "set_pagu_giat": 2206700188.0,
              "rinci_giat": 2206700188.0,
              "rincian_terbuka": 0
       },
       {
              "tahun": 2026,
              "id_daerah": 473,
              "id_skpd": 688,
              "id_unit": 688,
              "kode_skpd": "7.01.0.00.0.00.07.0000",
              "nama_skpd": "Kecamatan Enggano",
              "total_giat": 26,
              "belanja_terbuka": 0,
              "set_pagu_skpd": 2174621572.0,
              "set_pagu_giat": 2174621572.0,
              "rinci_giat": 2174621572.0,
              "rincian_terbuka": 0
       },
       {
              "tahun": 2026,
              "id_daerah": 473,
              "id_skpd": 647,
              "id_unit": 647,
              "kode_skpd": "7.01.0.00.0.00.08.0000",
              "nama_skpd": "Kecamatan Giri Mulya",
              "total_giat": 23,
              "belanja_terbuka": 0,
              "set_pagu_skpd": 1817285903.0,
              "set_pagu_giat": 1817285903.0,
              "rinci_giat": 1817285903.0,
              "rincian_terbuka": 0
       },
       {
              "tahun": 2026,
              "id_daerah": 473,
              "id_skpd": 975,
              "id_unit": 975,
              "kode_skpd": "7.01.0.00.0.00.09.0000",
              "nama_skpd": "Kecamatan Hulu Palik",
              "total_giat": 26,
              "belanja_terbuka": 0,
              "set_pagu_skpd": 2069396457.0,
              "set_pagu_giat": 2069396457.0,
              "rinci_giat": 2069396457.0,
              "rincian_terbuka": 0
       },
       {
              "tahun": 2026,
              "id_daerah": 473,
              "id_skpd": 705,
              "id_unit": 705,
              "kode_skpd": "7.01.0.00.0.00.10.0000",
              "nama_skpd": "Kecamatan Kerkap",
              "total_giat": 29,
              "belanja_terbuka": 0,
              "set_pagu_skpd": 3064230161.0,
              "set_pagu_giat": 3064230161.0,
              "rinci_giat": 3064230161.0,
              "rincian_terbuka": 0
       },
       {
              "tahun": 2026,
              "id_daerah": 473,
              "id_skpd": 977,
              "id_unit": 977,
              "kode_skpd": "7.01.0.00.0.00.11.0000",
              "nama_skpd": "Kecamatan Ketahun",
              "total_giat": 27,
              "belanja_terbuka": 0,
              "set_pagu_skpd": 2176914295.0,
              "set_pagu_giat": 2176914295.0,
              "rinci_giat": 2176914295.0,
              "rincian_terbuka": 0
       },
       {
              "tahun": 2026,
              "id_daerah": 473,
              "id_skpd": 978,
              "id_unit": 978,
              "kode_skpd": "7.01.0.00.0.00.12.0000",
              "nama_skpd": "Kecamatan Lais",
              "total_giat": 31,
              "belanja_terbuka": 0,
              "set_pagu_skpd": 3098913612.0,
              "set_pagu_giat": 3098913612.0,
              "rinci_giat": 3098913612.0,
              "rincian_terbuka": 0
       },
       {
              "tahun": 2026,
              "id_daerah": 473,
              "id_skpd": 704,
              "id_unit": 704,
              "kode_skpd": "7.01.0.00.0.00.13.0000",
              "nama_skpd": "Kecamatan Marga Sakti Sebelat",
              "total_giat": 28,
              "belanja_terbuka": 0,
              "set_pagu_skpd": 1847402478.0,
              "set_pagu_giat": 1847402478.0,
              "rinci_giat": 1847402478.0,
              "rincian_terbuka": 0
       },
       {
              "tahun": 2026,
              "id_daerah": 473,
              "id_skpd": 665,
              "id_unit": 665,
              "kode_skpd": "7.01.0.00.0.00.14.0000",
              "nama_skpd": "Kecamatan Napal Putih",
              "total_giat": 25,
              "belanja_terbuka": 0,
              "set_pagu_skpd": 1946092553.0,
              "set_pagu_giat": 1946092553.0,
              "rinci_giat": 1946092553.0,
              "rincian_terbuka": 0
       },
       {
              "tahun": 2026,
              "id_daerah": 473,
              "id_skpd": 645,
              "id_unit": 645,
              "kode_skpd": "7.01.0.00.0.00.15.0000",
              "nama_skpd": "Kecamatan Padang Jaya",
              "total_giat": 34,
              "belanja_terbuka": 0,
              "set_pagu_skpd": 2091782126.0,
              "set_pagu_giat": 2091782126.0,
              "rinci_giat": 2091782126.0,
              "rincian_terbuka": 0
       },
       {
              "tahun": 2026,
              "id_daerah": 473,
              "id_skpd": 976,
              "id_unit": 976,
              "kode_skpd": "7.01.0.00.0.00.16.0000",
              "nama_skpd": "Kecamatan Pinang Raya",
              "total_giat": 32,
              "belanja_terbuka": 0,
              "set_pagu_skpd": 1514183171.0,
              "set_pagu_giat": 1514183171.0,
              "rinci_giat": 1514183171.0,
              "rincian_terbuka": 0
       },
       {
              "tahun": 2026,
              "id_daerah": 473,
              "id_skpd": 703,
              "id_unit": 703,
              "kode_skpd": "7.01.0.00.0.00.17.0000",
              "nama_skpd": "Kecamatan Putri Hijau",
              "total_giat": 28,
              "belanja_terbuka": 0,
              "set_pagu_skpd": 2013674417.0,
              "set_pagu_giat": 2013674417.0,
              "rinci_giat": 2013674417.0,
              "rincian_terbuka": 0
       },
       {
              "tahun": 2026,
              "id_daerah": 473,
              "id_skpd": 677,
              "id_unit": 677,
              "kode_skpd": "7.01.0.00.0.00.18.0000",
              "nama_skpd": "Kecamatan Tanjung Agung Palik",
              "total_giat": 18,
              "belanja_terbuka": 0,
              "set_pagu_skpd": 1787671180.0,
              "set_pagu_giat": 1787671180.0,
              "rinci_giat": 1787671180.0,
              "rincian_terbuka": 0
       },
       {
              "tahun": 2026,
              "id_daerah": 473,
              "id_skpd": 717,
              "id_unit": 717,
              "kode_skpd": "7.01.0.00.0.00.19.0000",
              "nama_skpd": "Kecamatan Ulok Kupai",
              "total_giat": 23,
              "belanja_terbuka": 0,
              "set_pagu_skpd": 1623670753.0,
              "set_pagu_giat": 1623670753.0,
              "rinci_giat": 1623670753.0,
              "rincian_terbuka": 0
       },
       {
              "tahun": 2026,
              "id_daerah": 473,
              "id_skpd": 680,
              "id_unit": 680,
              "kode_skpd": "8.01.0.00.0.00.01.0000",
              "nama_skpd": "Badan Kesatuan Bangsa dan Politik",
              "total_giat": 45,
              "belanja_terbuka": 0,
              "set_pagu_skpd": 12787804111.0,
              "set_pagu_giat": 12787804111.0,
              "rinci_giat": 12787804111.0,
              "rincian_terbuka": 0
       }
]