[
        {
            "id_sub_bl": 62382,
            "id_daerah": 473,
            "tahun": 2026,
            "id_unit": 964,
            "id_skpd": 701,
            "created_user": 2252,
            "kode_skpd": "1.02.0.00.0.00.01.0000",
            "nama_skpd": "Dinas Kesehatan",
            "id_urusan": 11,
            "kode_urusan": "1",
            "nama_urusan": "URUSAN PEMERINTAHAN WAJIB YANG BERKAITAN DENGAN PELAYANAN DASAR",
            "id_bidang_urusan": 202,
            "kode_bidang_urusan": "1.02",
            "nama_bidang_urusan": "URUSAN PEMERINTAHAN BIDANG KESEHATAN",
            "id_sub_skpd": 964,
            "kode_sub_skpd": "1.02.0.00.0.00.01.0002",
            "nama_sub_skpd": "UPTD RSUD ARGA MAKMUR",
            "set_pagu_user": 600952,
            "set_pagu_at": "Sat, 21 Jun 2025 00:18:55 GMT",
            "id_program": 3293,
            "kode_program": "1.02.02",
            "nama_program": "PROGRAM PEMENUHAN UPAYA KESEHATAN PERORANGAN DAN UPAYA KESEHATAN MASYARAKAT",
            "id_giat": 15401,
            "kode_giat": "1.02.02.2.01",
            "nama_giat": "Penyediaan Fasilitas Pelayanan Kesehatan untuk UKM dan UKP Kewenangan Daerah Kabupaten/Kota",
            "pagu_giat": 1236180648.0,
            "rinci_giat": null,
            "id_sub_giat": 50935,
            "kode_sub_giat": "1.02.02.2.01.0010",
            "nama_sub_giat": "Rehabilitasi dan Pemeliharaan Fasilitas Kesehatan Lainnya",
            "pagu": 476180648.0,
            "pagu_indikatif": 476180648.0,
            "rincian": null,
            "kode_bl": "701.964.3293.15401",
            "kode_sbl": "701.964.3293.15401.50935",
            "kunci_bl": 1,
            "kunci_bl_rinci": 1,
            "user_created": "dr. ANDARIAS BIJAKSANA PUTRA TARIGAN,MM",
            "created_date": "31-01-2025",
            "created_time": "13:45",
            "user_updated": "dr. JESSIE ARINI",
            "updated_date": "21-06-2025",
            "updated_time": "00:07",
            "is_locked": 0
        },
        {
            "id_sub_bl": 62384,
            "id_daerah": 473,
            "tahun": 2026,
            "id_unit": 964,
            "id_skpd": 701,
            "created_user": 2252,
            "kode_skpd": "1.02.0.00.0.00.01.0000",
            "nama_skpd": "Dinas Kesehatan",
            "id_urusan": 11,
            "kode_urusan": "1",
            "nama_urusan": "URUSAN PEMERINTAHAN WAJIB YANG BERKAITAN DENGAN PELAYANAN DASAR",
            "id_bidang_urusan": 202,
            "kode_bidang_urusan": "1.02",
            "nama_bidang_urusan": "URUSAN PEMERINTAHAN BIDANG KESEHATAN",
            "id_sub_skpd": 964,
            "kode_sub_skpd": "1.02.0.00.0.00.01.0002",
            "nama_sub_skpd": "UPTD RSUD ARGA MAKMUR",
            "set_pagu_user": 600952,
            "set_pagu_at": "Sat, 21 Jun 2025 00:18:55 GMT",
            "id_program": 3293,
            "kode_program": "1.02.02",
            "nama_program": "PROGRAM PEMENUHAN UPAYA KESEHATAN PERORANGAN DAN UPAYA KESEHATAN MASYARAKAT",
            "id_giat": 15401,
            "kode_giat": "1.02.02.2.01",
            "nama_giat": "Penyediaan Fasilitas Pelayanan Kesehatan untuk UKM dan UKP Kewenangan Daerah Kabupaten/Kota",
            "pagu_giat": 1236180648.0,
            "rinci_giat": null,
            "id_sub_giat": 50937,
            "kode_sub_giat": "1.02.02.2.01.0014",
            "nama_sub_giat": "Pengadaan Alat Kesehatan/Alat Penunjang Medik Fasilitas Pelayanan Kesehatan",
            "pagu": 150000000.0,
            "pagu_indikatif": 150000000.0,
            "rincian": null,
            "kode_bl": "701.964.3293.15401",
            "kode_sbl": "701.964.3293.15401.50937",
            "kunci_bl": 1,
            "kunci_bl_rinci": 1,
            "user_created": "dr. ANDARIAS BIJAKSANA PUTRA TARIGAN,MM",
            "created_date": "31-01-2025",
            "created_time": "13:48",
            "user_updated": "dr. JESSIE ARINI",
            "updated_date": "20-06-2025",
            "updated_time": "23:45",
            "is_locked": 0
        },
        {
            "id_sub_bl": 62387,
            "id_daerah": 473,
            "tahun": 2026,
            "id_unit": 964,
            "id_skpd": 701,
            "created_user": 2252,
            "kode_skpd": "1.02.0.00.0.00.01.0000",
            "nama_skpd": "Dinas Kesehatan",
            "id_urusan": 11,
            "kode_urusan": "1",
            "nama_urusan": "URUSAN PEMERINTAHAN WAJIB YANG BERKAITAN DENGAN PELAYANAN DASAR",
            "id_bidang_urusan": 202,
            "kode_bidang_urusan": "1.02",
            "nama_bidang_urusan": "URUSAN PEMERINTAHAN BIDANG KESEHATAN",
            "id_sub_skpd": 964,
            "kode_sub_skpd": "1.02.0.00.0.00.01.0002",
            "nama_sub_skpd": "UPTD RSUD ARGA MAKMUR",
            "set_pagu_user": 600952,
            "set_pagu_at": "Sat, 21 Jun 2025 00:18:55 GMT",
            "id_program": 3293,
            "kode_program": "1.02.02",
            "nama_program": "PROGRAM PEMENUHAN UPAYA KESEHATAN PERORANGAN DAN UPAYA KESEHATAN MASYARAKAT",
            "id_giat": 15401,
            "kode_giat": "1.02.02.2.01",
            "nama_giat": "Penyediaan Fasilitas Pelayanan Kesehatan untuk UKM dan UKP Kewenangan Daerah Kabupaten/Kota",
            "pagu_giat": 1236180648.0,
            "rinci_giat": null,
            "id_sub_giat": 50939,
            "kode_sub_giat": "1.02.02.2.01.0020",
            "nama_sub_giat": "Pemeliharaan Rutin dan Berkala Alat Kesehatan/Alat Penunjang Medik Fasilitas Pelayanan Kesehatan",
            "pagu": 300000000.0,
            "pagu_indikatif": 300000000.0,
            "rincian": null,
            "kode_bl": "701.964.3293.15401",
            "kode_sbl": "701.964.3293.15401.50939",
            "kunci_bl": 1,
            "kunci_bl_rinci": 1,
            "user_created": "dr. ANDARIAS BIJAKSANA PUTRA TARIGAN,MM",
            "created_date": "31-01-2025",
            "created_time": "13:50",
            "user_updated": "dr. JESSIE ARINI",
            "updated_date": "21-06-2025",
            "updated_time": "00:08",
            "is_locked": 0
        },
        {
            "id_sub_bl": 62378,
            "id_daerah": 473,
            "tahun": 2026,
            "id_unit": 964,
            "id_skpd": 701,
            "created_user": 2252,
            "kode_skpd": "1.02.0.00.0.00.01.0000",
            "nama_skpd": "Dinas Kesehatan",
            "id_urusan": 11,
            "kode_urusan": "1",
            "nama_urusan": "URUSAN PEMERINTAHAN WAJIB YANG BERKAITAN DENGAN PELAYANAN DASAR",
            "id_bidang_urusan": 202,
            "kode_bidang_urusan": "1.02",
            "nama_bidang_urusan": "URUSAN PEMERINTAHAN BIDANG KESEHATAN",
            "id_sub_skpd": 964,
            "kode_sub_skpd": "1.02.0.00.0.00.01.0002",
            "nama_sub_skpd": "UPTD RSUD ARGA MAKMUR",
            "set_pagu_user": 600952,
            "set_pagu_at": "Sat, 21 Jun 2025 00:18:55 GMT",
            "id_program": 3293,
            "kode_program": "1.02.02",
            "nama_program": "PROGRAM PEMENUHAN UPAYA KESEHATAN PERORANGAN DAN UPAYA KESEHATAN MASYARAKAT",
            "id_giat": 15401,
            "kode_giat": "1.02.02.2.01",
            "nama_giat": "Penyediaan Fasilitas Pelayanan Kesehatan untuk UKM dan UKP Kewenangan Daerah Kabupaten/Kota",
            "pagu_giat": 1236180648.0,
            "rinci_giat": null,
            "id_sub_giat": 50940,
            "kode_sub_giat": "1.02.02.2.01.0022",
            "nama_sub_giat": "Pengembangan Rumah Sakit",
            "pagu": 210000000.0,
            "pagu_indikatif": 210000000.0,
            "rincian": null,
            "kode_bl": "701.964.3293.15401",
            "kode_sbl": "701.964.3293.15401.50940",
            "kunci_bl": 1,
            "kunci_bl_rinci": 1,
            "user_created": "dr. ANDARIAS BIJAKSANA PUTRA TARIGAN,MM",
            "created_date": "31-01-2025",
            "created_time": "13:42",
            "user_updated": "dr. JESSIE ARINI",
            "updated_date": "21-06-2025",
            "updated_time": "00:09",
            "is_locked": 0
        },
        {
            "id_sub_bl": 76124,
            "id_daerah": 473,
            "tahun": 2026,
            "id_unit": 964,
            "id_skpd": 701,
            "created_user": 600952,
            "kode_skpd": "1.02.0.00.0.00.01.0000",
            "nama_skpd": "Dinas Kesehatan",
            "id_urusan": 11,
            "kode_urusan": "1",
            "nama_urusan": "URUSAN PEMERINTAHAN WAJIB YANG BERKAITAN DENGAN PELAYANAN DASAR",
            "id_bidang_urusan": 202,
            "kode_bidang_urusan": "1.02",
            "nama_bidang_urusan": "URUSAN PEMERINTAHAN BIDANG KESEHATAN",
            "id_sub_skpd": 964,
            "kode_sub_skpd": "1.02.0.00.0.00.01.0002",
            "nama_sub_skpd": "UPTD RSUD ARGA MAKMUR",
            "set_pagu_user": 600952,
            "set_pagu_at": "Sat, 21 Jun 2025 00:18:55 GMT",
            "id_program": 3293,
            "kode_program": "1.02.02",
            "nama_program": "PROGRAM PEMENUHAN UPAYA KESEHATAN PERORANGAN DAN UPAYA KESEHATAN MASYARAKAT",
            "id_giat": 15401,
            "kode_giat": "1.02.02.2.01",
            "nama_giat": "Penyediaan Fasilitas Pelayanan Kesehatan untuk UKM dan UKP Kewenangan Daerah Kabupaten/Kota",
            "pagu_giat": 1236180648.0,
            "rinci_giat": null,
            "id_sub_giat": 50941,
            "kode_sub_giat": "1.02.02.2.01.0023",
            "nama_sub_giat": "Pengadaan Obat, Bahan Habis Pakai, Bahan Medis Habis Pakai,, Vaksin, Makanan dan Minuman di Fasilitas Kesehatan",
            "pagu": 100000000.0,
            "pagu_indikatif": 100000000.0,
            "rincian": null,
            "kode_bl": "701.964.3293.15401",
            "kode_sbl": "701.964.3293.15401.50941",
            "kunci_bl": 1,
            "kunci_bl_rinci": 1,
            "user_created": "dr. JESSIE ARINI",
            "created_date": "20-06-2025",
            "created_time": "10:56",
            "user_updated": "dr. JESSIE ARINI",
            "updated_date": "20-06-2025",
            "updated_time": "23:47",
            "is_locked": 0
        },
        {
            "id_sub_bl": 76230,
            "id_daerah": 473,
            "tahun": 2026,
            "id_unit": 964,
            "id_skpd": 701,
            "created_user": 600952,
            "kode_skpd": "1.02.0.00.0.00.01.0000",
            "nama_skpd": "Dinas Kesehatan",
            "id_urusan": 11,
            "kode_urusan": "1",
            "nama_urusan": "URUSAN PEMERINTAHAN WAJIB YANG BERKAITAN DENGAN PELAYANAN DASAR",
            "id_bidang_urusan": 202,
            "kode_bidang_urusan": "1.02",
            "nama_bidang_urusan": "URUSAN PEMERINTAHAN BIDANG KESEHATAN",
            "id_sub_skpd": 964,
            "kode_sub_skpd": "1.02.0.00.0.00.01.0002",
            "nama_sub_skpd": "UPTD RSUD ARGA MAKMUR",
            "set_pagu_user": 600952,
            "set_pagu_at": "Sat, 21 Jun 2025 00:18:55 GMT",
            "id_program": 3293,
            "kode_program": "1.02.02",
            "nama_program": "PROGRAM PEMENUHAN UPAYA KESEHATAN PERORANGAN DAN UPAYA KESEHATAN MASYARAKAT",
            "id_giat": 15402,
            "kode_giat": "1.02.02.2.02",
            "nama_giat": "Penyediaan Layanan Kesehatan untuk UKM dan UKP Rujukan Tingkat Daerah Kabupaten/Kota",
            "pagu_giat": 508000000.0,
            "rinci_giat": null,
            "id_sub_giat": 50962,
            "kode_sub_giat": "1.02.02.2.02.0018",
            "nama_sub_giat": "Pengelolaan Pelayanan Promosi Kesehatan ",
            "pagu": 50000000.0,
            "pagu_indikatif": 50000000.0,
            "rincian": null,
            "kode_bl": "701.964.3293.15402",
            "kode_sbl": "701.964.3293.15402.50962",
            "kunci_bl": 1,
            "kunci_bl_rinci": 1,
            "user_created": "dr. JESSIE ARINI",
            "created_date": "21-06-2025",
            "created_time": "00:18",
            "user_updated": null,
            "updated_date": null,
            "updated_time": null,
            "is_locked": 0
        },
        {
            "id_sub_bl": 73256,
            "id_daerah": 473,
            "tahun": 2026,
            "id_unit": 964,
            "id_skpd": 701,
            "created_user": 2252,
            "kode_skpd": "1.02.0.00.0.00.01.0000",
            "nama_skpd": "Dinas Kesehatan",
            "id_urusan": 11,
            "kode_urusan": "1",
            "nama_urusan": "URUSAN PEMERINTAHAN WAJIB YANG BERKAITAN DENGAN PELAYANAN DASAR",
            "id_bidang_urusan": 202,
            "kode_bidang_urusan": "1.02",
            "nama_bidang_urusan": "URUSAN PEMERINTAHAN BIDANG KESEHATAN",
            "id_sub_skpd": 964,
            "kode_sub_skpd": "1.02.0.00.0.00.01.0002",
            "nama_sub_skpd": "UPTD RSUD ARGA MAKMUR",
            "set_pagu_user": 600952,
            "set_pagu_at": "Sat, 21 Jun 2025 00:18:55 GMT",
            "id_program": 3293,
            "kode_program": "1.02.02",
            "nama_program": "PROGRAM PEMENUHAN UPAYA KESEHATAN PERORANGAN DAN UPAYA KESEHATAN MASYARAKAT",
            "id_giat": 15402,
            "kode_giat": "1.02.02.2.02",
            "nama_giat": "Penyediaan Layanan Kesehatan untuk UKM dan UKP Rujukan Tingkat Daerah Kabupaten/Kota",
            "pagu_giat": 508000000.0,
            "rinci_giat": null,
            "id_sub_giat": 50968,
            "kode_sub_giat": "1.02.02.2.02.0025",
            "nama_sub_giat": "Pelayanan Kesehatan Penyakit Menular dan Tidak Menular",
            "pagu": 8000000.0,
            "pagu_indikatif": 8000000.0,
            "rincian": null,
            "kode_bl": "701.964.3293.15402",
            "kode_sbl": "701.964.3293.15402.50968",
            "kunci_bl": 1,
            "kunci_bl_rinci": 1,
            "user_created": "dr. ANDARIAS BIJAKSANA PUTRA TARIGAN,MM",
            "created_date": "25-03-2025",
            "created_time": "13:01",
            "user_updated": "dr. ANDARIAS BIJAKSANA PUTRA TARIGAN,MM",
            "updated_date": "25-03-2025",
            "updated_time": "13:05",
            "is_locked": 0
        },
        {
            "id_sub_bl": 62389,
            "id_daerah": 473,
            "tahun": 2026,
            "id_unit": 964,
            "id_skpd": 701,
            "created_user": 2252,
            "kode_skpd": "1.02.0.00.0.00.01.0000",
            "nama_skpd": "Dinas Kesehatan",
            "id_urusan": 11,
            "kode_urusan": "1",
            "nama_urusan": "URUSAN PEMERINTAHAN WAJIB YANG BERKAITAN DENGAN PELAYANAN DASAR",
            "id_bidang_urusan": 202,
            "kode_bidang_urusan": "1.02",
            "nama_bidang_urusan": "URUSAN PEMERINTAHAN BIDANG KESEHATAN",
            "id_sub_skpd": 964,
            "kode_sub_skpd": "1.02.0.00.0.00.01.0002",
            "nama_sub_skpd": "UPTD RSUD ARGA MAKMUR",
            "set_pagu_user": 600952,
            "set_pagu_at": "Sat, 21 Jun 2025 00:18:55 GMT",
            "id_program": 3293,
            "kode_program": "1.02.02",
            "nama_program": "PROGRAM PEMENUHAN UPAYA KESEHATAN PERORANGAN DAN UPAYA KESEHATAN MASYARAKAT",
            "id_giat": 15402,
            "kode_giat": "1.02.02.2.02",
            "nama_giat": "Penyediaan Layanan Kesehatan untuk UKM dan UKP Rujukan Tingkat Daerah Kabupaten/Kota",
            "pagu_giat": 508000000.0,
            "rinci_giat": null,
            "id_sub_giat": 50977,
            "kode_sub_giat": "1.02.02.2.02.0035",
            "nama_sub_giat": "Pelaksanaan Akreditasi Fasilitas Kesehatan di Kabupaten/Kota",
            "pagu": 450000000.0,
            "pagu_indikatif": 450000000.0,
            "rincian": null,
            "kode_bl": "701.964.3293.15402",
            "kode_sbl": "701.964.3293.15402.50977",
            "kunci_bl": 1,
            "kunci_bl_rinci": 1,
            "user_created": "dr. ANDARIAS BIJAKSANA PUTRA TARIGAN,MM",
            "created_date": "31-01-2025",
            "created_time": "13:51",
            "user_updated": "dr. JESSIE ARINI",
            "updated_date": "20-06-2025",
            "updated_time": "23:48",
            "is_locked": 0
        },
        {
            "id_sub_bl": 62392,
            "id_daerah": 473,
            "tahun": 2026,
            "id_unit": 964,
            "id_skpd": 701,
            "created_user": 2252,
            "kode_skpd": "1.02.0.00.0.00.01.0000",
            "nama_skpd": "Dinas Kesehatan",
            "id_urusan": 11,
            "kode_urusan": "1",
            "nama_urusan": "URUSAN PEMERINTAHAN WAJIB YANG BERKAITAN DENGAN PELAYANAN DASAR",
            "id_bidang_urusan": 202,
            "kode_bidang_urusan": "1.02",
            "nama_bidang_urusan": "URUSAN PEMERINTAHAN BIDANG KESEHATAN",
            "id_sub_skpd": 964,
            "kode_sub_skpd": "1.02.0.00.0.00.01.0002",
            "nama_sub_skpd": "UPTD RSUD ARGA MAKMUR",
            "set_pagu_user": 600952,
            "set_pagu_at": "Sat, 21 Jun 2025 00:18:55 GMT",
            "id_program": 3293,
            "kode_program": "1.02.02",
            "nama_program": "PROGRAM PEMENUHAN UPAYA KESEHATAN PERORANGAN DAN UPAYA KESEHATAN MASYARAKAT",
            "id_giat": 15403,
            "kode_giat": "1.02.02.2.03",
            "nama_giat": "Penyelenggaraan Sistem Informasi Kesehatan Secara Terintegrasi",
            "pagu_giat": 225000000.0,
            "rinci_giat": null,
            "id_sub_giat": 50992,
            "kode_sub_giat": "1.02.02.2.03.0002",
            "nama_sub_giat": "Pengelolaan Sistem Informasi Kesehatan",
            "pagu": 225000000.0,
            "pagu_indikatif": 225000000.0,
            "rincian": null,
            "kode_bl": "701.964.3293.15403",
            "kode_sbl": "701.964.3293.15403.50992",
            "kunci_bl": 1,
            "kunci_bl_rinci": 1,
            "user_created": "dr. ANDARIAS BIJAKSANA PUTRA TARIGAN,MM",
            "created_date": "31-01-2025",
            "created_time": "13:53",
            "user_updated": "dr. JESSIE ARINI",
            "updated_date": "21-06-2025",
            "updated_time": "00:09",
            "is_locked": 0
        },
        {
            "id_sub_bl": 62398,
            "id_daerah": 473,
            "tahun": 2026,
            "id_unit": 964,
            "id_skpd": 701,
            "created_user": 2252,
            "kode_skpd": "1.02.0.00.0.00.01.0000",
            "nama_skpd": "Dinas Kesehatan",
            "id_urusan": 11,
            "kode_urusan": "1",
            "nama_urusan": "URUSAN PEMERINTAHAN WAJIB YANG BERKAITAN DENGAN PELAYANAN DASAR",
            "id_bidang_urusan": 202,
            "kode_bidang_urusan": "1.02",
            "nama_bidang_urusan": "URUSAN PEMERINTAHAN BIDANG KESEHATAN",
            "id_sub_skpd": 964,
            "kode_sub_skpd": "1.02.0.00.0.00.01.0002",
            "nama_sub_skpd": "UPTD RSUD ARGA MAKMUR",
            "set_pagu_user": 600952,
            "set_pagu_at": "Sat, 21 Jun 2025 00:18:55 GMT",
            "id_program": 3307,
            "kode_program": "1.02.03",
            "nama_program": "PROGRAM PENINGKATAN KAPASITAS SUMBER DAYA MANUSIA KESEHATAN",
            "id_giat": 15427,
            "kode_giat": "1.02.03.2.03",
            "nama_giat": "Pengembangan Mutu dan Peningkatan Kompetensi Teknis Sumber Daya Manusia Kesehatan Tingkat Daerah Kabupaten/Kota",
            "pagu_giat": 250000000.0,
            "rinci_giat": null,
            "id_sub_giat": 51322,
            "kode_sub_giat": "1.02.03.2.03.0001",
            "nama_sub_giat": "Pengembangan Mutu dan Peningkatan Kompetensi Teknis Sumber Daya Manusia Kesehatan Tingkat Daerah Kabupaten/Kota",
            "pagu": 250000000.0,
            "pagu_indikatif": 250000000.0,
            "rincian": null,
            "kode_bl": "701.964.3307.15427",
            "kode_sbl": "701.964.3307.15427.51322",
            "kunci_bl": 1,
            "kunci_bl_rinci": 1,
            "user_created": "dr. ANDARIAS BIJAKSANA PUTRA TARIGAN,MM",
            "created_date": "31-01-2025",
            "created_time": "13:58",
            "user_updated": "dr. JESSIE ARINI",
            "updated_date": "20-06-2025",
            "updated_time": "23:49",
            "is_locked": 0
        },
        {
            "id_sub_bl": 73257,
            "id_daerah": 473,
            "tahun": 2026,
            "id_unit": 964,
            "id_skpd": 701,
            "created_user": 2252,
            "kode_skpd": "1.02.0.00.0.00.01.0000",
            "nama_skpd": "Dinas Kesehatan",
            "id_urusan": 11,
            "kode_urusan": "1",
            "nama_urusan": "URUSAN PEMERINTAHAN WAJIB YANG BERKAITAN DENGAN PELAYANAN DASAR",
            "id_bidang_urusan": 202,
            "kode_bidang_urusan": "1.02",
            "nama_bidang_urusan": "URUSAN PEMERINTAHAN BIDANG KESEHATAN",
            "id_sub_skpd": 964,
            "kode_sub_skpd": "1.02.0.00.0.00.01.0002",
            "nama_sub_skpd": "UPTD RSUD ARGA MAKMUR",
            "set_pagu_user": 600952,
            "set_pagu_at": "Sat, 21 Jun 2025 00:18:55 GMT",
            "id_program": 4451,
            "kode_program": "1.02.01",
            "nama_program": "PROGRAM PENUNJANG URUSAN PEMERINTAHAN DAERAH KABUPATEN/KOTA",
            "id_giat": 18371,
            "kode_giat": "1.02.01.2.01",
            "nama_giat": "Perencanaan, Penganggaran, dan Evaluasi Kinerja Perangkat Daerah",
            "pagu_giat": 12000000.0,
            "rinci_giat": null,
            "id_sub_giat": 60589,
            "kode_sub_giat": "1.02.01.2.01.0001",
            "nama_sub_giat": "Penyusunan Dokumen Perencanaan Perangkat Daerah",
            "pagu": 12000000.0,
            "pagu_indikatif": 12000000.0,
            "rincian": null,
            "kode_bl": "701.964.4451.18371",
            "kode_sbl": "701.964.4451.18371.60589",
            "kunci_bl": 1,
            "kunci_bl_rinci": 1,
            "user_created": "dr. ANDARIAS BIJAKSANA PUTRA TARIGAN,MM",
            "created_date": "25-03-2025",
            "created_time": "13:11",
            "user_updated": null,
            "updated_date": null,
            "updated_time": null,
            "is_locked": 0
        },
        {
            "id_sub_bl": 76229,
            "id_daerah": 473,
            "tahun": 2026,
            "id_unit": 964,
            "id_skpd": 701,
            "created_user": 600952,
            "kode_skpd": "1.02.0.00.0.00.01.0000",
            "nama_skpd": "Dinas Kesehatan",
            "id_urusan": 11,
            "kode_urusan": "1",
            "nama_urusan": "URUSAN PEMERINTAHAN WAJIB YANG BERKAITAN DENGAN PELAYANAN DASAR",
            "id_bidang_urusan": 202,
            "kode_bidang_urusan": "1.02",
            "nama_bidang_urusan": "URUSAN PEMERINTAHAN BIDANG KESEHATAN",
            "id_sub_skpd": 964,
            "kode_sub_skpd": "1.02.0.00.0.00.01.0002",
            "nama_sub_skpd": "UPTD RSUD ARGA MAKMUR",
            "set_pagu_user": 600952,
            "set_pagu_at": "Sat, 21 Jun 2025 00:18:55 GMT",
            "id_program": 4451,
            "kode_program": "1.02.01",
            "nama_program": "PROGRAM PENUNJANG URUSAN PEMERINTAHAN DAERAH KABUPATEN/KOTA",
            "id_giat": 18376,
            "kode_giat": "1.02.01.2.06",
            "nama_giat": "Administrasi Umum Perangkat Daerah",
            "pagu_giat": 340000000.0,
            "rinci_giat": null,
            "id_sub_giat": 60637,
            "kode_sub_giat": "1.02.01.2.06.0003",
            "nama_sub_giat": "Penyediaan Peralatan Rumah Tangga",
            "pagu": 300000000.0,
            "pagu_indikatif": 300000000.0,
            "rincian": null,
            "kode_bl": "701.964.4451.18376",
            "kode_sbl": "701.964.4451.18376.60637",
            "kunci_bl": 1,
            "kunci_bl_rinci": 1,
            "user_created": "dr. JESSIE ARINI",
            "created_date": "21-06-2025",
            "created_time": "00:16",
            "user_updated": null,
            "updated_date": null,
            "updated_time": null,
            "is_locked": 0
        },
        {
            "id_sub_bl": 76126,
            "id_daerah": 473,
            "tahun": 2026,
            "id_unit": 964,
            "id_skpd": 701,
            "created_user": 600952,
            "kode_skpd": "1.02.0.00.0.00.01.0000",
            "nama_skpd": "Dinas Kesehatan",
            "id_urusan": 11,
            "kode_urusan": "1",
            "nama_urusan": "URUSAN PEMERINTAHAN WAJIB YANG BERKAITAN DENGAN PELAYANAN DASAR",
            "id_bidang_urusan": 202,
            "kode_bidang_urusan": "1.02",
            "nama_bidang_urusan": "URUSAN PEMERINTAHAN BIDANG KESEHATAN",
            "id_sub_skpd": 964,
            "kode_sub_skpd": "1.02.0.00.0.00.01.0002",
            "nama_sub_skpd": "UPTD RSUD ARGA MAKMUR",
            "set_pagu_user": 600952,
            "set_pagu_at": "Sat, 21 Jun 2025 00:18:55 GMT",
            "id_program": 4451,
            "kode_program": "1.02.01",
            "nama_program": "PROGRAM PENUNJANG URUSAN PEMERINTAHAN DAERAH KABUPATEN/KOTA",
            "id_giat": 18376,
            "kode_giat": "1.02.01.2.06",
            "nama_giat": "Administrasi Umum Perangkat Daerah",
            "pagu_giat": 340000000.0,
            "rinci_giat": null,
            "id_sub_giat": 60638,
            "kode_sub_giat": "1.02.01.2.06.0004",
            "nama_sub_giat": "Penyediaan Bahan Logistik Kantor",
            "pagu": 20000000.0,
            "pagu_indikatif": 20000000.0,
            "rincian": null,
            "kode_bl": "701.964.4451.18376",
            "kode_sbl": "701.964.4451.18376.60638",
            "kunci_bl": 1,
            "kunci_bl_rinci": 1,
            "user_created": "dr. JESSIE ARINI",
            "created_date": "20-06-2025",
            "created_time": "11:08",
            "user_updated": null,
            "updated_date": null,
            "updated_time": null,
            "is_locked": 0
        },
        {
            "id_sub_bl": 62370,
            "id_daerah": 473,
            "tahun": 2026,
            "id_unit": 964,
            "id_skpd": 701,
            "created_user": 2252,
            "kode_skpd": "1.02.0.00.0.00.01.0000",
            "nama_skpd": "Dinas Kesehatan",
            "id_urusan": 11,
            "kode_urusan": "1",
            "nama_urusan": "URUSAN PEMERINTAHAN WAJIB YANG BERKAITAN DENGAN PELAYANAN DASAR",
            "id_bidang_urusan": 202,
            "kode_bidang_urusan": "1.02",
            "nama_bidang_urusan": "URUSAN PEMERINTAHAN BIDANG KESEHATAN",
            "id_sub_skpd": 964,
            "kode_sub_skpd": "1.02.0.00.0.00.01.0002",
            "nama_sub_skpd": "UPTD RSUD ARGA MAKMUR",
            "set_pagu_user": 600952,
            "set_pagu_at": "Sat, 21 Jun 2025 00:18:55 GMT",
            "id_program": 4451,
            "kode_program": "1.02.01",
            "nama_program": "PROGRAM PENUNJANG URUSAN PEMERINTAHAN DAERAH KABUPATEN/KOTA",
            "id_giat": 18378,
            "kode_giat": "1.02.01.2.08",
            "nama_giat": "Penyediaan Jasa Penunjang Urusan Pemerintahan Daerah",
            "pagu_giat": 3545760000.0,
            "rinci_giat": null,
            "id_sub_giat": 60658,
            "kode_sub_giat": "1.02.01.2.08.0002",
            "nama_sub_giat": "Penyediaan Jasa Komunikasi, Sumber Daya Air dan Listrik",
            "pagu": 2003160000.0,
            "pagu_indikatif": 2003160000.0,
            "rincian": null,
            "kode_bl": "701.964.4451.18378",
            "kode_sbl": "701.964.4451.18378.60658",
            "kunci_bl": 1,
            "kunci_bl_rinci": 1,
            "user_created": "dr. ANDARIAS BIJAKSANA PUTRA TARIGAN,MM",
            "created_date": "31-01-2025",
            "created_time": "13:37",
            "user_updated": "dr. JESSIE ARINI",
            "updated_date": "21-06-2025",
            "updated_time": "00:10",
            "is_locked": 0
        },
        {
            "id_sub_bl": 62374,
            "id_daerah": 473,
            "tahun": 2026,
            "id_unit": 964,
            "id_skpd": 701,
            "created_user": 2252,
            "kode_skpd": "1.02.0.00.0.00.01.0000",
            "nama_skpd": "Dinas Kesehatan",
            "id_urusan": 11,
            "kode_urusan": "1",
            "nama_urusan": "URUSAN PEMERINTAHAN WAJIB YANG BERKAITAN DENGAN PELAYANAN DASAR",
            "id_bidang_urusan": 202,
            "kode_bidang_urusan": "1.02",
            "nama_bidang_urusan": "URUSAN PEMERINTAHAN BIDANG KESEHATAN",
            "id_sub_skpd": 964,
            "kode_sub_skpd": "1.02.0.00.0.00.01.0002",
            "nama_sub_skpd": "UPTD RSUD ARGA MAKMUR",
            "set_pagu_user": 600952,
            "set_pagu_at": "Sat, 21 Jun 2025 00:18:55 GMT",
            "id_program": 4451,
            "kode_program": "1.02.01",
            "nama_program": "PROGRAM PENUNJANG URUSAN PEMERINTAHAN DAERAH KABUPATEN/KOTA",
            "id_giat": 18378,
            "kode_giat": "1.02.01.2.08",
            "nama_giat": "Penyediaan Jasa Penunjang Urusan Pemerintahan Daerah",
            "pagu_giat": 3545760000.0,
            "rinci_giat": null,
            "id_sub_giat": 60660,
            "kode_sub_giat": "1.02.01.2.08.0004",
            "nama_sub_giat": "Penyediaan Jasa Pelayanan Umum Kantor",
            "pagu": 1542600000.0,
            "pagu_indikatif": 1542600000.0,
            "rincian": null,
            "kode_bl": "701.964.4451.18378",
            "kode_sbl": "701.964.4451.18378.60660",
            "kunci_bl": 1,
            "kunci_bl_rinci": 1,
            "user_created": "dr. ANDARIAS BIJAKSANA PUTRA TARIGAN,MM",
            "created_date": "31-01-2025",
            "created_time": "13:39",
            "user_updated": "dr. JESSIE ARINI",
            "updated_date": "20-06-2025",
            "updated_time": "09:59",
            "is_locked": 0
        },
        {
            "id_sub_bl": 62375,
            "id_daerah": 473,
            "tahun": 2026,
            "id_unit": 964,
            "id_skpd": 701,
            "created_user": 2252,
            "kode_skpd": "1.02.0.00.0.00.01.0000",
            "nama_skpd": "Dinas Kesehatan",
            "id_urusan": 11,
            "kode_urusan": "1",
            "nama_urusan": "URUSAN PEMERINTAHAN WAJIB YANG BERKAITAN DENGAN PELAYANAN DASAR",
            "id_bidang_urusan": 202,
            "kode_bidang_urusan": "1.02",
            "nama_bidang_urusan": "URUSAN PEMERINTAHAN BIDANG KESEHATAN",
            "id_sub_skpd": 964,
            "kode_sub_skpd": "1.02.0.00.0.00.01.0002",
            "nama_sub_skpd": "UPTD RSUD ARGA MAKMUR",
            "set_pagu_user": 600952,
            "set_pagu_at": "Sat, 21 Jun 2025 00:18:55 GMT",
            "id_program": 4451,
            "kode_program": "1.02.01",
            "nama_program": "PROGRAM PENUNJANG URUSAN PEMERINTAHAN DAERAH KABUPATEN/KOTA",
            "id_giat": 18380,
            "kode_giat": "1.02.01.2.10",
            "nama_giat": "Peningkatan Pelayanan BLUD",
            "pagu_giat": 42000000000.0,
            "rinci_giat": null,
            "id_sub_giat": 60673,
            "kode_sub_giat": "1.02.01.2.10.0001",
            "nama_sub_giat": "Pelayanan dan Penunjang Pelayanan BLUD",
            "pagu": 42000000000.0,
            "pagu_indikatif": 42000000000.0,
            "rincian": null,
            "kode_bl": "701.964.4451.18380",
            "kode_sbl": "701.964.4451.18380.60673",
            "kunci_bl": 1,
            "kunci_bl_rinci": 1,
            "user_created": "dr. ANDARIAS BIJAKSANA PUTRA TARIGAN,MM",
            "created_date": "31-01-2025",
            "created_time": "13:40",
            "user_updated": "dr. ANDARIAS BIJAKSANA PUTRA TARIGAN,MM",
            "updated_date": "24-03-2025",
            "updated_time": "17:06",
            "is_locked": 0
        }
    ]