[
        {
            "id_sub_bl": 73275,
            "id_daerah": 473,
            "tahun": 2026,
            "id_unit": 966,
            "id_skpd": 701,
            "created_user": 23559,
            "kode_skpd": "1.02.0.00.0.00.01.0000",
            "nama_skpd": "Dinas Kesehatan",
            "id_urusan": 11,
            "kode_urusan": "1",
            "nama_urusan": "URUSAN PEMERINTAHAN WAJIB YANG BERKAITAN DENGAN PELAYANAN DASAR",
            "id_bidang_urusan": 202,
            "kode_bidang_urusan": "1.02",
            "nama_bidang_urusan": "URUSAN PEMERINTAHAN BIDANG KESEHATAN",
            "id_sub_skpd": 966,
            "kode_sub_skpd": "1.02.0.00.0.00.01.0003",
            "nama_sub_skpd": "UPTD RSUD LAGITA",
            "set_pagu_user": 23559,
            "set_pagu_at": "Thu, 27 Mar 2025 00:35:30 GMT",
            "id_program": 3293,
            "kode_program": "1.02.02",
            "nama_program": "PROGRAM PEMENUHAN UPAYA KESEHATAN PERORANGAN DAN UPAYA KESEHATAN MASYARAKAT",
            "id_giat": 15401,
            "kode_giat": "1.02.02.2.01",
            "nama_giat": "Penyediaan Fasilitas Pelayanan Kesehatan untuk UKM dan UKP Kewenangan Daerah Kabupaten/Kota",
            "pagu_giat": 3882635000.0,
            "rinci_giat": null,
            "id_sub_giat": 50929,
            "kode_sub_giat": "1.02.02.2.01.0003",
            "nama_sub_giat": "Pembangunan Fasilitas Kesehatan Lainnya",
            "pagu": 2000000000.0,
            "pagu_indikatif": 2000000000.0,
            "rincian": null,
            "kode_bl": "701.966.3293.15401",
            "kode_sbl": "701.966.3293.15401.50929",
            "kunci_bl": 1,
            "kunci_bl_rinci": 1,
            "user_created": "dr. NORMALA TARIGAN",
            "created_date": "25-03-2025",
            "created_time": "17:03",
            "user_updated": "dr. NORMALA TARIGAN",
            "updated_date": "25-03-2025",
            "updated_time": "17:15",
            "is_locked": 0
        },
        {
            "id_sub_bl": 73276,
            "id_daerah": 473,
            "tahun": 2026,
            "id_unit": 966,
            "id_skpd": 701,
            "created_user": 23559,
            "kode_skpd": "1.02.0.00.0.00.01.0000",
            "nama_skpd": "Dinas Kesehatan",
            "id_urusan": 11,
            "kode_urusan": "1",
            "nama_urusan": "URUSAN PEMERINTAHAN WAJIB YANG BERKAITAN DENGAN PELAYANAN DASAR",
            "id_bidang_urusan": 202,
            "kode_bidang_urusan": "1.02",
            "nama_bidang_urusan": "URUSAN PEMERINTAHAN BIDANG KESEHATAN",
            "id_sub_skpd": 966,
            "kode_sub_skpd": "1.02.0.00.0.00.01.0003",
            "nama_sub_skpd": "UPTD RSUD LAGITA",
            "set_pagu_user": 23559,
            "set_pagu_at": "Thu, 27 Mar 2025 00:35:30 GMT",
            "id_program": 3293,
            "kode_program": "1.02.02",
            "nama_program": "PROGRAM PEMENUHAN UPAYA KESEHATAN PERORANGAN DAN UPAYA KESEHATAN MASYARAKAT",
            "id_giat": 15401,
            "kode_giat": "1.02.02.2.01",
            "nama_giat": "Penyediaan Fasilitas Pelayanan Kesehatan untuk UKM dan UKP Kewenangan Daerah Kabupaten/Kota",
            "pagu_giat": 3882635000.0,
            "rinci_giat": null,
            "id_sub_giat": 50937,
            "kode_sub_giat": "1.02.02.2.01.0014",
            "nama_sub_giat": "Pengadaan Alat Kesehatan/Alat Penunjang Medik Fasilitas Pelayanan Kesehatan",
            "pagu": 1882635000.0,
            "pagu_indikatif": 1882635000.0,
            "rincian": null,
            "kode_bl": "701.966.3293.15401",
            "kode_sbl": "701.966.3293.15401.50937",
            "kunci_bl": 1,
            "kunci_bl_rinci": 1,
            "user_created": "dr. NORMALA TARIGAN",
            "created_date": "25-03-2025",
            "created_time": "17:04",
            "user_updated": "dr. NORMALA TARIGAN",
            "updated_date": "25-03-2025",
            "updated_time": "17:18",
            "is_locked": 0
        },
        {
            "id_sub_bl": 62304,
            "id_daerah": 473,
            "tahun": 2026,
            "id_unit": 966,
            "id_skpd": 701,
            "created_user": 23559,
            "kode_skpd": "1.02.0.00.0.00.01.0000",
            "nama_skpd": "Dinas Kesehatan",
            "id_urusan": 11,
            "kode_urusan": "1",
            "nama_urusan": "URUSAN PEMERINTAHAN WAJIB YANG BERKAITAN DENGAN PELAYANAN DASAR",
            "id_bidang_urusan": 202,
            "kode_bidang_urusan": "1.02",
            "nama_bidang_urusan": "URUSAN PEMERINTAHAN BIDANG KESEHATAN",
            "id_sub_skpd": 966,
            "kode_sub_skpd": "1.02.0.00.0.00.01.0003",
            "nama_sub_skpd": "UPTD RSUD LAGITA",
            "set_pagu_user": 23559,
            "set_pagu_at": "Thu, 27 Mar 2025 00:35:30 GMT",
            "id_program": 3293,
            "kode_program": "1.02.02",
            "nama_program": "PROGRAM PEMENUHAN UPAYA KESEHATAN PERORANGAN DAN UPAYA KESEHATAN MASYARAKAT",
            "id_giat": 15402,
            "kode_giat": "1.02.02.2.02",
            "nama_giat": "Penyediaan Layanan Kesehatan untuk UKM dan UKP Rujukan Tingkat Daerah Kabupaten/Kota",
            "pagu_giat": 2100000000.0,
            "rinci_giat": null,
            "id_sub_giat": 50974,
            "kode_sub_giat": "1.02.02.2.02.0032",
            "nama_sub_giat": "Operasional Pelayanan Rumah Sakit ",
            "pagu": 2100000000.0,
            "pagu_indikatif": 2100000000.0,
            "rincian": null,
            "kode_bl": "701.966.3293.15402",
            "kode_sbl": "701.966.3293.15402.50974",
            "kunci_bl": 1,
            "kunci_bl_rinci": 1,
            "user_created": "dr. NORMALA TARIGAN",
            "created_date": "31-01-2025",
            "created_time": "11:51",
            "user_updated": "dr. NORMALA TARIGAN",
            "updated_date": "25-03-2025",
            "updated_time": "17:07",
            "is_locked": 0
        },
        {
            "id_sub_bl": 73269,
            "id_daerah": 473,
            "tahun": 2026,
            "id_unit": 966,
            "id_skpd": 701,
            "created_user": 23559,
            "kode_skpd": "1.02.0.00.0.00.01.0000",
            "nama_skpd": "Dinas Kesehatan",
            "id_urusan": 11,
            "kode_urusan": "1",
            "nama_urusan": "URUSAN PEMERINTAHAN WAJIB YANG BERKAITAN DENGAN PELAYANAN DASAR",
            "id_bidang_urusan": 202,
            "kode_bidang_urusan": "1.02",
            "nama_bidang_urusan": "URUSAN PEMERINTAHAN BIDANG KESEHATAN",
            "id_sub_skpd": 966,
            "kode_sub_skpd": "1.02.0.00.0.00.01.0003",
            "nama_sub_skpd": "UPTD RSUD LAGITA",
            "set_pagu_user": 23559,
            "set_pagu_at": "Thu, 27 Mar 2025 00:35:30 GMT",
            "id_program": 4451,
            "kode_program": "1.02.01",
            "nama_program": "PROGRAM PENUNJANG URUSAN PEMERINTAHAN DAERAH KABUPATEN/KOTA",
            "id_giat": 18376,
            "kode_giat": "1.02.01.2.06",
            "nama_giat": "Administrasi Umum Perangkat Daerah",
            "pagu_giat": 30000000.0,
            "rinci_giat": null,
            "id_sub_giat": 60637,
            "kode_sub_giat": "1.02.01.2.06.0003",
            "nama_sub_giat": "Penyediaan Peralatan Rumah Tangga",
            "pagu": 15000000.0,
            "pagu_indikatif": 15000000.0,
            "rincian": null,
            "kode_bl": "701.966.4451.18376",
            "kode_sbl": "701.966.4451.18376.60637",
            "kunci_bl": 1,
            "kunci_bl_rinci": 1,
            "user_created": "dr. NORMALA TARIGAN",
            "created_date": "25-03-2025",
            "created_time": "16:57",
            "user_updated": "dr. NORMALA TARIGAN",
            "updated_date": "25-03-2025",
            "updated_time": "17:09",
            "is_locked": 0
        },
        {
            "id_sub_bl": 73270,
            "id_daerah": 473,
            "tahun": 2026,
            "id_unit": 966,
            "id_skpd": 701,
            "created_user": 23559,
            "kode_skpd": "1.02.0.00.0.00.01.0000",
            "nama_skpd": "Dinas Kesehatan",
            "id_urusan": 11,
            "kode_urusan": "1",
            "nama_urusan": "URUSAN PEMERINTAHAN WAJIB YANG BERKAITAN DENGAN PELAYANAN DASAR",
            "id_bidang_urusan": 202,
            "kode_bidang_urusan": "1.02",
            "nama_bidang_urusan": "URUSAN PEMERINTAHAN BIDANG KESEHATAN",
            "id_sub_skpd": 966,
            "kode_sub_skpd": "1.02.0.00.0.00.01.0003",
            "nama_sub_skpd": "UPTD RSUD LAGITA",
            "set_pagu_user": 23559,
            "set_pagu_at": "Thu, 27 Mar 2025 00:35:30 GMT",
            "id_program": 4451,
            "kode_program": "1.02.01",
            "nama_program": "PROGRAM PENUNJANG URUSAN PEMERINTAHAN DAERAH KABUPATEN/KOTA",
            "id_giat": 18376,
            "kode_giat": "1.02.01.2.06",
            "nama_giat": "Administrasi Umum Perangkat Daerah",
            "pagu_giat": 30000000.0,
            "rinci_giat": null,
            "id_sub_giat": 60638,
            "kode_sub_giat": "1.02.01.2.06.0004",
            "nama_sub_giat": "Penyediaan Bahan Logistik Kantor",
            "pagu": 15000000.0,
            "pagu_indikatif": 15000000.0,
            "rincian": null,
            "kode_bl": "701.966.4451.18376",
            "kode_sbl": "701.966.4451.18376.60638",
            "kunci_bl": 1,
            "kunci_bl_rinci": 1,
            "user_created": "dr. NORMALA TARIGAN",
            "created_date": "25-03-2025",
            "created_time": "16:58",
            "user_updated": "dr. NORMALA TARIGAN",
            "updated_date": "25-03-2025",
            "updated_time": "17:10",
            "is_locked": 0
        },
        {
            "id_sub_bl": 73271,
            "id_daerah": 473,
            "tahun": 2026,
            "id_unit": 966,
            "id_skpd": 701,
            "created_user": 23559,
            "kode_skpd": "1.02.0.00.0.00.01.0000",
            "nama_skpd": "Dinas Kesehatan",
            "id_urusan": 11,
            "kode_urusan": "1",
            "nama_urusan": "URUSAN PEMERINTAHAN WAJIB YANG BERKAITAN DENGAN PELAYANAN DASAR",
            "id_bidang_urusan": 202,
            "kode_bidang_urusan": "1.02",
            "nama_bidang_urusan": "URUSAN PEMERINTAHAN BIDANG KESEHATAN",
            "id_sub_skpd": 966,
            "kode_sub_skpd": "1.02.0.00.0.00.01.0003",
            "nama_sub_skpd": "UPTD RSUD LAGITA",
            "set_pagu_user": 23559,
            "set_pagu_at": "Thu, 27 Mar 2025 00:35:30 GMT",
            "id_program": 4451,
            "kode_program": "1.02.01",
            "nama_program": "PROGRAM PENUNJANG URUSAN PEMERINTAHAN DAERAH KABUPATEN/KOTA",
            "id_giat": 18378,
            "kode_giat": "1.02.01.2.08",
            "nama_giat": "Penyediaan Jasa Penunjang Urusan Pemerintahan Daerah",
            "pagu_giat": 855000000.0,
            "rinci_giat": null,
            "id_sub_giat": 60658,
            "kode_sub_giat": "1.02.01.2.08.0002",
            "nama_sub_giat": "Penyediaan Jasa Komunikasi, Sumber Daya Air dan Listrik",
            "pagu": 456000000.0,
            "pagu_indikatif": 456000000.0,
            "rincian": null,
            "kode_bl": "701.966.4451.18378",
            "kode_sbl": "701.966.4451.18378.60658",
            "kunci_bl": 1,
            "kunci_bl_rinci": 1,
            "user_created": "dr. NORMALA TARIGAN",
            "created_date": "25-03-2025",
            "created_time": "16:59",
            "user_updated": "dr. NORMALA TARIGAN",
            "updated_date": "25-03-2025",
            "updated_time": "17:11",
            "is_locked": 0
        },
        {
            "id_sub_bl": 73272,
            "id_daerah": 473,
            "tahun": 2026,
            "id_unit": 966,
            "id_skpd": 701,
            "created_user": 23559,
            "kode_skpd": "1.02.0.00.0.00.01.0000",
            "nama_skpd": "Dinas Kesehatan",
            "id_urusan": 11,
            "kode_urusan": "1",
            "nama_urusan": "URUSAN PEMERINTAHAN WAJIB YANG BERKAITAN DENGAN PELAYANAN DASAR",
            "id_bidang_urusan": 202,
            "kode_bidang_urusan": "1.02",
            "nama_bidang_urusan": "URUSAN PEMERINTAHAN BIDANG KESEHATAN",
            "id_sub_skpd": 966,
            "kode_sub_skpd": "1.02.0.00.0.00.01.0003",
            "nama_sub_skpd": "UPTD RSUD LAGITA",
            "set_pagu_user": 23559,
            "set_pagu_at": "Thu, 27 Mar 2025 00:35:30 GMT",
            "id_program": 4451,
            "kode_program": "1.02.01",
            "nama_program": "PROGRAM PENUNJANG URUSAN PEMERINTAHAN DAERAH KABUPATEN/KOTA",
            "id_giat": 18378,
            "kode_giat": "1.02.01.2.08",
            "nama_giat": "Penyediaan Jasa Penunjang Urusan Pemerintahan Daerah",
            "pagu_giat": 855000000.0,
            "rinci_giat": null,
            "id_sub_giat": 60660,
            "kode_sub_giat": "1.02.01.2.08.0004",
            "nama_sub_giat": "Penyediaan Jasa Pelayanan Umum Kantor",
            "pagu": 399000000.0,
            "pagu_indikatif": 399000000.0,
            "rincian": null,
            "kode_bl": "701.966.4451.18378",
            "kode_sbl": "701.966.4451.18378.60660",
            "kunci_bl": 1,
            "kunci_bl_rinci": 1,
            "user_created": "dr. NORMALA TARIGAN",
            "created_date": "25-03-2025",
            "created_time": "17:00",
            "user_updated": "dr. NORMALA TARIGAN",
            "updated_date": "25-03-2025",
            "updated_time": "17:11",
            "is_locked": 0
        },
        {
            "id_sub_bl": 73273,
            "id_daerah": 473,
            "tahun": 2026,
            "id_unit": 966,
            "id_skpd": 701,
            "created_user": 23559,
            "kode_skpd": "1.02.0.00.0.00.01.0000",
            "nama_skpd": "Dinas Kesehatan",
            "id_urusan": 11,
            "kode_urusan": "1",
            "nama_urusan": "URUSAN PEMERINTAHAN WAJIB YANG BERKAITAN DENGAN PELAYANAN DASAR",
            "id_bidang_urusan": 202,
            "kode_bidang_urusan": "1.02",
            "nama_bidang_urusan": "URUSAN PEMERINTAHAN BIDANG KESEHATAN",
            "id_sub_skpd": 966,
            "kode_sub_skpd": "1.02.0.00.0.00.01.0003",
            "nama_sub_skpd": "UPTD RSUD LAGITA",
            "set_pagu_user": 23559,
            "set_pagu_at": "Thu, 27 Mar 2025 00:35:30 GMT",
            "id_program": 4451,
            "kode_program": "1.02.01",
            "nama_program": "PROGRAM PENUNJANG URUSAN PEMERINTAHAN DAERAH KABUPATEN/KOTA",
            "id_giat": 18379,
            "kode_giat": "1.02.01.2.09",
            "nama_giat": "Pemeliharaan Barang Milik Daerah Penunjang Urusan Pemerintahan Daerah",
            "pagu_giat": 67000000.0,
            "rinci_giat": null,
            "id_sub_giat": 60661,
            "kode_sub_giat": "1.02.01.2.09.0001",
            "nama_sub_giat": "Penyediaan Jasa Pemeliharaan, Biaya Pemeliharaan, dan Pajak Kendaraan Perorangan Dinas atau Kendaraan Dinas Jabatan",
            "pagu": 22000000.0,
            "pagu_indikatif": 22000000.0,
            "rincian": null,
            "kode_bl": "701.966.4451.18379",
            "kode_sbl": "701.966.4451.18379.60661",
            "kunci_bl": 1,
            "kunci_bl_rinci": 1,
            "user_created": "dr. NORMALA TARIGAN",
            "created_date": "25-03-2025",
            "created_time": "17:01",
            "user_updated": "dr. NORMALA TARIGAN",
            "updated_date": "25-03-2025",
            "updated_time": "17:12",
            "is_locked": 0
        },
        {
            "id_sub_bl": 73274,
            "id_daerah": 473,
            "tahun": 2026,
            "id_unit": 966,
            "id_skpd": 701,
            "created_user": 23559,
            "kode_skpd": "1.02.0.00.0.00.01.0000",
            "nama_skpd": "Dinas Kesehatan",
            "id_urusan": 11,
            "kode_urusan": "1",
            "nama_urusan": "URUSAN PEMERINTAHAN WAJIB YANG BERKAITAN DENGAN PELAYANAN DASAR",
            "id_bidang_urusan": 202,
            "kode_bidang_urusan": "1.02",
            "nama_bidang_urusan": "URUSAN PEMERINTAHAN BIDANG KESEHATAN",
            "id_sub_skpd": 966,
            "kode_sub_skpd": "1.02.0.00.0.00.01.0003",
            "nama_sub_skpd": "UPTD RSUD LAGITA",
            "set_pagu_user": 23559,
            "set_pagu_at": "Thu, 27 Mar 2025 00:35:30 GMT",
            "id_program": 4451,
            "kode_program": "1.02.01",
            "nama_program": "PROGRAM PENUNJANG URUSAN PEMERINTAHAN DAERAH KABUPATEN/KOTA",
            "id_giat": 18379,
            "kode_giat": "1.02.01.2.09",
            "nama_giat": "Pemeliharaan Barang Milik Daerah Penunjang Urusan Pemerintahan Daerah",
            "pagu_giat": 67000000.0,
            "rinci_giat": null,
            "id_sub_giat": 60666,
            "kode_sub_giat": "1.02.01.2.09.0006",
            "nama_sub_giat": "Pemeliharaan Peralatan dan Mesin Lainnya",
            "pagu": 45000000.0,
            "pagu_indikatif": 45000000.0,
            "rincian": null,
            "kode_bl": "701.966.4451.18379",
            "kode_sbl": "701.966.4451.18379.60666",
            "kunci_bl": 1,
            "kunci_bl_rinci": 1,
            "user_created": "dr. NORMALA TARIGAN",
            "created_date": "25-03-2025",
            "created_time": "17:02",
            "user_updated": "dr. NORMALA TARIGAN",
            "updated_date": "25-03-2025",
            "updated_time": "17:13",
            "is_locked": 0
        },
        {
            "id_sub_bl": 62300,
            "id_daerah": 473,
            "tahun": 2026,
            "id_unit": 966,
            "id_skpd": 701,
            "created_user": 23559,
            "kode_skpd": "1.02.0.00.0.00.01.0000",
            "nama_skpd": "Dinas Kesehatan",
            "id_urusan": 11,
            "kode_urusan": "1",
            "nama_urusan": "URUSAN PEMERINTAHAN WAJIB YANG BERKAITAN DENGAN PELAYANAN DASAR",
            "id_bidang_urusan": 202,
            "kode_bidang_urusan": "1.02",
            "nama_bidang_urusan": "URUSAN PEMERINTAHAN BIDANG KESEHATAN",
            "id_sub_skpd": 966,
            "kode_sub_skpd": "1.02.0.00.0.00.01.0003",
            "nama_sub_skpd": "UPTD RSUD LAGITA",
            "set_pagu_user": 23559,
            "set_pagu_at": "Thu, 27 Mar 2025 00:35:30 GMT",
            "id_program": 4451,
            "kode_program": "1.02.01",
            "nama_program": "PROGRAM PENUNJANG URUSAN PEMERINTAHAN DAERAH KABUPATEN/KOTA",
            "id_giat": 18380,
            "kode_giat": "1.02.01.2.10",
            "nama_giat": "Peningkatan Pelayanan BLUD",
            "pagu_giat": 12189196000.0,
            "rinci_giat": null,
            "id_sub_giat": 60673,
            "kode_sub_giat": "1.02.01.2.10.0001",
            "nama_sub_giat": "Pelayanan dan Penunjang Pelayanan BLUD",
            "pagu": 12189196000.0,
            "pagu_indikatif": 12189196000.0,
            "rincian": null,
            "kode_bl": "701.966.4451.18380",
            "kode_sbl": "701.966.4451.18380.60673",
            "kunci_bl": 1,
            "kunci_bl_rinci": 1,
            "user_created": "dr. NORMALA TARIGAN",
            "created_date": "31-01-2025",
            "created_time": "11:49",
            "user_updated": "dr. NORMALA TARIGAN",
            "updated_date": "24-03-2025",
            "updated_time": "16:56",
            "is_locked": 0
        }
    ]