[
        {
            "id_sub_bl": 61764,
            "id_daerah": 473,
            "tahun": 2026,
            "id_unit": 668,
            "id_skpd": 668,
            "created_user": 336903,
            "kode_skpd": "1.03.0.00.0.00.01.0000",
            "nama_skpd": "Dinas Pekerjaan Umum dan Penataan Ruang",
            "id_urusan": 11,
            "kode_urusan": "1",
            "nama_urusan": "URUSAN PEMERINTAHAN WAJIB YANG BERKAITAN DENGAN PELAYANAN DASAR",
            "id_bidang_urusan": 203,
            "kode_bidang_urusan": "1.03",
            "nama_bidang_urusan": "URUSAN PEMERINTAHAN BIDANG PEKERJAAN UMUM DAN PENATAAN RUANG",
            "id_sub_skpd": 668,
            "kode_sub_skpd": "1.03.0.00.0.00.01.0000",
            "nama_sub_skpd": "Dinas Pekerjaan Umum dan Penataan Ruang",
            "set_pagu_user": 336903,
            "set_pagu_at": "Thu, 10 Apr 2025 11:43:50 GMT",
            "id_program": 3343,
            "kode_program": "1.03.02",
            "nama_program": "PROGRAM PENGELOLAAN SUMBER DAYA AIR (SDA)",
            "id_giat": 15529,
            "kode_giat": "1.03.02.2.02",
            "nama_giat": "Pengembangan dan Pengelolaan Sistem Irigasi Primer dan Sekunder pada Daerah Irigasi yang Luasnya di Bawah 1000 Ha dalam 1 (Satu) Daerah Kabupaten/Kota",
            "pagu_giat": 500000000.0,
            "rinci_giat": null,
            "id_sub_giat": 51655,
            "kode_sub_giat": "1.03.02.2.02.0014",
            "nama_sub_giat": "Rehabilitasi Jaringan Irigasi Permukaan",
            "pagu": 150000000.0,
            "pagu_indikatif": 150000000.0,
            "rincian": null,
            "kode_bl": "668.668.3343.15529",
            "kode_sbl": "668.668.3343.15529.51655",
            "kunci_bl": 1,
            "kunci_bl_rinci": 1,
            "user_created": "MUNADI, S.P",
            "created_date": "30-01-2025",
            "created_time": "15:19",
            "user_updated": "MUNADI, S.P",
            "updated_date": "25-03-2025",
            "updated_time": "14:08",
            "is_locked": 0
        },
        {
            "id_sub_bl": 61766,
            "id_daerah": 473,
            "tahun": 2026,
            "id_unit": 668,
            "id_skpd": 668,
            "created_user": 336903,
            "kode_skpd": "1.03.0.00.0.00.01.0000",
            "nama_skpd": "Dinas Pekerjaan Umum dan Penataan Ruang",
            "id_urusan": 11,
            "kode_urusan": "1",
            "nama_urusan": "URUSAN PEMERINTAHAN WAJIB YANG BERKAITAN DENGAN PELAYANAN DASAR",
            "id_bidang_urusan": 203,
            "kode_bidang_urusan": "1.03",
            "nama_bidang_urusan": "URUSAN PEMERINTAHAN BIDANG PEKERJAAN UMUM DAN PENATAAN RUANG",
            "id_sub_skpd": 668,
            "kode_sub_skpd": "1.03.0.00.0.00.01.0000",
            "nama_sub_skpd": "Dinas Pekerjaan Umum dan Penataan Ruang",
            "set_pagu_user": 336903,
            "set_pagu_at": "Thu, 10 Apr 2025 11:43:50 GMT",
            "id_program": 3343,
            "kode_program": "1.03.02",
            "nama_program": "PROGRAM PENGELOLAAN SUMBER DAYA AIR (SDA)",
            "id_giat": 15529,
            "kode_giat": "1.03.02.2.02",
            "nama_giat": "Pengembangan dan Pengelolaan Sistem Irigasi Primer dan Sekunder pada Daerah Irigasi yang Luasnya di Bawah 1000 Ha dalam 1 (Satu) Daerah Kabupaten/Kota",
            "pagu_giat": 500000000.0,
            "rinci_giat": null,
            "id_sub_giat": 51659,
            "kode_sub_giat": "1.03.02.2.02.0021",
            "nama_sub_giat": "Operasi dan Pemeliharaan Jaringan Irigasi Permukaan",
            "pagu": 350000000.0,
            "pagu_indikatif": 350000000.0,
            "rincian": null,
            "kode_bl": "668.668.3343.15529",
            "kode_sbl": "668.668.3343.15529.51659",
            "kunci_bl": 1,
            "kunci_bl_rinci": 1,
            "user_created": "MUNADI, S.P",
            "created_date": "30-01-2025",
            "created_time": "15:21",
            "user_updated": "MUNADI, S.P",
            "updated_date": "25-03-2025",
            "updated_time": "14:08",
            "is_locked": 0
        },
        {
            "id_sub_bl": 61760,
            "id_daerah": 473,
            "tahun": 2026,
            "id_unit": 668,
            "id_skpd": 668,
            "created_user": 336903,
            "kode_skpd": "1.03.0.00.0.00.01.0000",
            "nama_skpd": "Dinas Pekerjaan Umum dan Penataan Ruang",
            "id_urusan": 11,
            "kode_urusan": "1",
            "nama_urusan": "URUSAN PEMERINTAHAN WAJIB YANG BERKAITAN DENGAN PELAYANAN DASAR",
            "id_bidang_urusan": 203,
            "kode_bidang_urusan": "1.03",
            "nama_bidang_urusan": "URUSAN PEMERINTAHAN BIDANG PEKERJAAN UMUM DAN PENATAAN RUANG",
            "id_sub_skpd": 668,
            "kode_sub_skpd": "1.03.0.00.0.00.01.0000",
            "nama_sub_skpd": "Dinas Pekerjaan Umum dan Penataan Ruang",
            "set_pagu_user": 336903,
            "set_pagu_at": "Thu, 10 Apr 2025 11:43:50 GMT",
            "id_program": 3351,
            "kode_program": "1.03.03",
            "nama_program": "PROGRAM PENGELOLAAN DAN PENGEMBANGAN SISTEM PENYEDIAAN AIR MINUM",
            "id_giat": 15537,
            "kode_giat": "1.03.03.2.01",
            "nama_giat": "Pengelolaan dan Pengembangan Sistem Penyediaan Air Minum (SPAM) di Daerah Kabupaten/Kota",
            "pagu_giat": 2750000000.0,
            "rinci_giat": null,
            "id_sub_giat": 51695,
            "kode_sub_giat": "1.03.03.2.01.0028",
            "nama_sub_giat": "Pembangunan Sistem Penyediaan Air Minum (SPAM) Jaringan Perpipaan",
            "pagu": 2500000000.0,
            "pagu_indikatif": 2500000000.0,
            "rincian": null,
            "kode_bl": "668.668.3351.15537",
            "kode_sbl": "668.668.3351.15537.51695",
            "kunci_bl": 1,
            "kunci_bl_rinci": 1,
            "user_created": "MUNADI, S.P",
            "created_date": "30-01-2025",
            "created_time": "15:14",
            "user_updated": "MUNADI, S.P",
            "updated_date": "25-03-2025",
            "updated_time": "14:09",
            "is_locked": 0
        },
        {
            "id_sub_bl": 61535,
            "id_daerah": 473,
            "tahun": 2026,
            "id_unit": 668,
            "id_skpd": 668,
            "created_user": 336903,
            "kode_skpd": "1.03.0.00.0.00.01.0000",
            "nama_skpd": "Dinas Pekerjaan Umum dan Penataan Ruang",
            "id_urusan": 11,
            "kode_urusan": "1",
            "nama_urusan": "URUSAN PEMERINTAHAN WAJIB YANG BERKAITAN DENGAN PELAYANAN DASAR",
            "id_bidang_urusan": 203,
            "kode_bidang_urusan": "1.03",
            "nama_bidang_urusan": "URUSAN PEMERINTAHAN BIDANG PEKERJAAN UMUM DAN PENATAAN RUANG",
            "id_sub_skpd": 668,
            "kode_sub_skpd": "1.03.0.00.0.00.01.0000",
            "nama_sub_skpd": "Dinas Pekerjaan Umum dan Penataan Ruang",
            "set_pagu_user": 336903,
            "set_pagu_at": "Thu, 10 Apr 2025 11:43:50 GMT",
            "id_program": 3351,
            "kode_program": "1.03.03",
            "nama_program": "PROGRAM PENGELOLAAN DAN PENGEMBANGAN SISTEM PENYEDIAAN AIR MINUM",
            "id_giat": 15537,
            "kode_giat": "1.03.03.2.01",
            "nama_giat": "Pengelolaan dan Pengembangan Sistem Penyediaan Air Minum (SPAM) di Daerah Kabupaten/Kota",
            "pagu_giat": 2750000000.0,
            "rinci_giat": null,
            "id_sub_giat": 51699,
            "kode_sub_giat": "1.03.03.2.01.0032",
            "nama_sub_giat": "Perluasan Sistem Penyediaan Air Minum (SPAM) Jaringan Perpipaan",
            "pagu": 250000000.0,
            "pagu_indikatif": 250000000.0,
            "rincian": null,
            "kode_bl": "668.668.3351.15537",
            "kode_sbl": "668.668.3351.15537.51699",
            "kunci_bl": 1,
            "kunci_bl_rinci": 1,
            "user_created": "MUNADI, S.P",
            "created_date": "30-01-2025",
            "created_time": "12:22",
            "user_updated": "MUNADI, S.P",
            "updated_date": "25-03-2025",
            "updated_time": "14:09",
            "is_locked": 0
        },
        {
            "id_sub_bl": 61543,
            "id_daerah": 473,
            "tahun": 2026,
            "id_unit": 668,
            "id_skpd": 668,
            "created_user": 336903,
            "kode_skpd": "1.03.0.00.0.00.01.0000",
            "nama_skpd": "Dinas Pekerjaan Umum dan Penataan Ruang",
            "id_urusan": 11,
            "kode_urusan": "1",
            "nama_urusan": "URUSAN PEMERINTAHAN WAJIB YANG BERKAITAN DENGAN PELAYANAN DASAR",
            "id_bidang_urusan": 203,
            "kode_bidang_urusan": "1.03",
            "nama_bidang_urusan": "URUSAN PEMERINTAHAN BIDANG PEKERJAAN UMUM DAN PENATAAN RUANG",
            "id_sub_skpd": 668,
            "kode_sub_skpd": "1.03.0.00.0.00.01.0000",
            "nama_sub_skpd": "Dinas Pekerjaan Umum dan Penataan Ruang",
            "set_pagu_user": 336903,
            "set_pagu_at": "Thu, 10 Apr 2025 11:43:50 GMT",
            "id_program": 3355,
            "kode_program": "1.03.05",
            "nama_program": "PROGRAM PENGELOLAAN DAN PENGEMBANGAN SISTEM AIR LIMBAH",
            "id_giat": 15541,
            "kode_giat": "1.03.05.2.01",
            "nama_giat": "Pengelolaan dan Pengembangan Sistem Air Limbah Domestik dalam Daerah Kabupaten/Kota",
            "pagu_giat": 150000000.0,
            "rinci_giat": null,
            "id_sub_giat": 51736,
            "kode_sub_giat": "1.03.05.2.01.0022",
            "nama_sub_giat": "Pembangunan Sistem Pengelolaan Air Limbah Domestik (SPALD) Terpusat Skala Permukiman",
            "pagu": 150000000.0,
            "pagu_indikatif": 150000000.0,
            "rincian": null,
            "kode_bl": "668.668.3355.15541",
            "kode_sbl": "668.668.3355.15541.51736",
            "kunci_bl": 1,
            "kunci_bl_rinci": 1,
            "user_created": "MUNADI, S.P",
            "created_date": "30-01-2025",
            "created_time": "12:26",
            "user_updated": "MUNADI, S.P",
            "updated_date": "25-03-2025",
            "updated_time": "14:09",
            "is_locked": 0
        },
        {
            "id_sub_bl": 61548,
            "id_daerah": 473,
            "tahun": 2026,
            "id_unit": 668,
            "id_skpd": 668,
            "created_user": 336903,
            "kode_skpd": "1.03.0.00.0.00.01.0000",
            "nama_skpd": "Dinas Pekerjaan Umum dan Penataan Ruang",
            "id_urusan": 11,
            "kode_urusan": "1",
            "nama_urusan": "URUSAN PEMERINTAHAN WAJIB YANG BERKAITAN DENGAN PELAYANAN DASAR",
            "id_bidang_urusan": 203,
            "kode_bidang_urusan": "1.03",
            "nama_bidang_urusan": "URUSAN PEMERINTAHAN BIDANG PEKERJAAN UMUM DAN PENATAAN RUANG",
            "id_sub_skpd": 668,
            "kode_sub_skpd": "1.03.0.00.0.00.01.0000",
            "nama_sub_skpd": "Dinas Pekerjaan Umum dan Penataan Ruang",
            "set_pagu_user": 336903,
            "set_pagu_at": "Thu, 10 Apr 2025 11:43:50 GMT",
            "id_program": 3357,
            "kode_program": "1.03.06",
            "nama_program": "PROGRAM PENGELOLAAN DAN PENGEMBANGAN SISTEM DRAINASE",
            "id_giat": 15543,
            "kode_giat": "1.03.06.2.01",
            "nama_giat": "Pengelolaan dan Pengembangan Sistem Drainase yang Terhubung Langsung dengan Sungai dalam Daerah Kabupaten/Kota",
            "pagu_giat": 250000000.0,
            "rinci_giat": null,
            "id_sub_giat": 51772,
            "kode_sub_giat": "1.03.06.2.01.0024",
            "nama_sub_giat": "Peningkatan Sistem Drainase Perkotaan",
            "pagu": 250000000.0,
            "pagu_indikatif": 250000000.0,
            "rincian": null,
            "kode_bl": "668.668.3357.15543",
            "kode_sbl": "668.668.3357.15543.51772",
            "kunci_bl": 1,
            "kunci_bl_rinci": 1,
            "user_created": "MUNADI, S.P",
            "created_date": "30-01-2025",
            "created_time": "12:28",
            "user_updated": "MUNADI, S.P",
            "updated_date": "25-03-2025",
            "updated_time": "14:10",
            "is_locked": 0
        },
        {
            "id_sub_bl": 61553,
            "id_daerah": 473,
            "tahun": 2026,
            "id_unit": 668,
            "id_skpd": 668,
            "created_user": 336903,
            "kode_skpd": "1.03.0.00.0.00.01.0000",
            "nama_skpd": "Dinas Pekerjaan Umum dan Penataan Ruang",
            "id_urusan": 11,
            "kode_urusan": "1",
            "nama_urusan": "URUSAN PEMERINTAHAN WAJIB YANG BERKAITAN DENGAN PELAYANAN DASAR",
            "id_bidang_urusan": 203,
            "kode_bidang_urusan": "1.03",
            "nama_bidang_urusan": "URUSAN PEMERINTAHAN BIDANG PEKERJAAN UMUM DAN PENATAAN RUANG",
            "id_sub_skpd": 668,
            "kode_sub_skpd": "1.03.0.00.0.00.01.0000",
            "nama_sub_skpd": "Dinas Pekerjaan Umum dan Penataan Ruang",
            "set_pagu_user": 336903,
            "set_pagu_at": "Thu, 10 Apr 2025 11:43:50 GMT",
            "id_program": 3373,
            "kode_program": "1.03.08",
            "nama_program": "PROGRAM PENATAAN BANGUNAN GEDUNG",
            "id_giat": 15559,
            "kode_giat": "1.03.08.2.01",
            "nama_giat": "Penyelenggaraan Bangunan Gedung di Wilayah Daerah Kabupaten/Kota, Pemberian Izin Mendirikan Bangunan (IMB) dan Sertifikat Laik Fungsi Bangunan Gedung",
            "pagu_giat": 1081703200.0,
            "rinci_giat": null,
            "id_sub_giat": 51870,
            "kode_sub_giat": "1.03.08.2.01.0017",
            "nama_sub_giat": "Pengubahsuaian Bangunan Gedung untuk Kepentingan Strategis Daerah Kabupaten/Kota",
            "pagu": 650000000.0,
            "pagu_indikatif": 650000000.0,
            "rincian": null,
            "kode_bl": "668.668.3373.15559",
            "kode_sbl": "668.668.3373.15559.51870",
            "kunci_bl": 1,
            "kunci_bl_rinci": 1,
            "user_created": "MUNADI, S.P",
            "created_date": "30-01-2025",
            "created_time": "12:31",
            "user_updated": "MUNADI, S.P",
            "updated_date": "25-03-2025",
            "updated_time": "14:10",
            "is_locked": 0
        },
        {
            "id_sub_bl": 61555,
            "id_daerah": 473,
            "tahun": 2026,
            "id_unit": 668,
            "id_skpd": 668,
            "created_user": 336903,
            "kode_skpd": "1.03.0.00.0.00.01.0000",
            "nama_skpd": "Dinas Pekerjaan Umum dan Penataan Ruang",
            "id_urusan": 11,
            "kode_urusan": "1",
            "nama_urusan": "URUSAN PEMERINTAHAN WAJIB YANG BERKAITAN DENGAN PELAYANAN DASAR",
            "id_bidang_urusan": 203,
            "kode_bidang_urusan": "1.03",
            "nama_bidang_urusan": "URUSAN PEMERINTAHAN BIDANG PEKERJAAN UMUM DAN PENATAAN RUANG",
            "id_sub_skpd": 668,
            "kode_sub_skpd": "1.03.0.00.0.00.01.0000",
            "nama_sub_skpd": "Dinas Pekerjaan Umum dan Penataan Ruang",
            "set_pagu_user": 336903,
            "set_pagu_at": "Thu, 10 Apr 2025 11:43:50 GMT",
            "id_program": 3373,
            "kode_program": "1.03.08",
            "nama_program": "PROGRAM PENATAAN BANGUNAN GEDUNG",
            "id_giat": 15559,
            "kode_giat": "1.03.08.2.01",
            "nama_giat": "Penyelenggaraan Bangunan Gedung di Wilayah Daerah Kabupaten/Kota, Pemberian Izin Mendirikan Bangunan (IMB) dan Sertifikat Laik Fungsi Bangunan Gedung",
            "pagu_giat": 1081703200.0,
            "rinci_giat": null,
            "id_sub_giat": 51871,
            "kode_sub_giat": "1.03.08.2.01.0018",
            "nama_sub_giat": "Pemeliharaan, Perawatan, dan Pemeriksaan Berkala Bangunan Gedung untuk Kepentingan Strategis Daerah Kabupaten/Kota",
            "pagu": 350000000.0,
            "pagu_indikatif": 350000000.0,
            "rincian": null,
            "kode_bl": "668.668.3373.15559",
            "kode_sbl": "668.668.3373.15559.51871",
            "kunci_bl": 1,
            "kunci_bl_rinci": 1,
            "user_created": "MUNADI, S.P",
            "created_date": "30-01-2025",
            "created_time": "12:33",
            "user_updated": "MUNADI, S.P",
            "updated_date": "25-03-2025",
            "updated_time": "14:10",
            "is_locked": 0
        },
        {
            "id_sub_bl": 61563,
            "id_daerah": 473,
            "tahun": 2026,
            "id_unit": 668,
            "id_skpd": 668,
            "created_user": 336903,
            "kode_skpd": "1.03.0.00.0.00.01.0000",
            "nama_skpd": "Dinas Pekerjaan Umum dan Penataan Ruang",
            "id_urusan": 11,
            "kode_urusan": "1",
            "nama_urusan": "URUSAN PEMERINTAHAN WAJIB YANG BERKAITAN DENGAN PELAYANAN DASAR",
            "id_bidang_urusan": 203,
            "kode_bidang_urusan": "1.03",
            "nama_bidang_urusan": "URUSAN PEMERINTAHAN BIDANG PEKERJAAN UMUM DAN PENATAAN RUANG",
            "id_sub_skpd": 668,
            "kode_sub_skpd": "1.03.0.00.0.00.01.0000",
            "nama_sub_skpd": "Dinas Pekerjaan Umum dan Penataan Ruang",
            "set_pagu_user": 336903,
            "set_pagu_at": "Thu, 10 Apr 2025 11:43:50 GMT",
            "id_program": 3373,
            "kode_program": "1.03.08",
            "nama_program": "PROGRAM PENATAAN BANGUNAN GEDUNG",
            "id_giat": 15559,
            "kode_giat": "1.03.08.2.01",
            "nama_giat": "Penyelenggaraan Bangunan Gedung di Wilayah Daerah Kabupaten/Kota, Pemberian Izin Mendirikan Bangunan (IMB) dan Sertifikat Laik Fungsi Bangunan Gedung",
            "pagu_giat": 1081703200.0,
            "rinci_giat": null,
            "id_sub_giat": 51876,
            "kode_sub_giat": "1.03.08.2.01.0023",
            "nama_sub_giat": "Penyelenggaraan Penerbitan Persetujuan Bangunan Gedung (PBG), Sertifikat Laik Fungsi (SLF), Surat Bukti Kepemilikan Bangunan Gedung (SBKBG),  Rencana Teknis Pembongkaran Bangunan Gedung (RTB),  Tim Profesi Ahli (TPA), Tim Penilai Teknis (TPT), Penilik, dan Pendataan Bangunan Gedung melalui SIMBG",
            "pagu": 81703200.0,
            "pagu_indikatif": 81703200.0,
            "rincian": null,
            "kode_bl": "668.668.3373.15559",
            "kode_sbl": "668.668.3373.15559.51876",
            "kunci_bl": 1,
            "kunci_bl_rinci": 1,
            "user_created": "MUNADI, S.P",
            "created_date": "30-01-2025",
            "created_time": "12:36",
            "user_updated": "MUNADI, S.P",
            "updated_date": "24-03-2025",
            "updated_time": "11:05",
            "is_locked": 0
        },
        {
            "id_sub_bl": 61777,
            "id_daerah": 473,
            "tahun": 2026,
            "id_unit": 668,
            "id_skpd": 668,
            "created_user": 336903,
            "kode_skpd": "1.03.0.00.0.00.01.0000",
            "nama_skpd": "Dinas Pekerjaan Umum dan Penataan Ruang",
            "id_urusan": 11,
            "kode_urusan": "1",
            "nama_urusan": "URUSAN PEMERINTAHAN WAJIB YANG BERKAITAN DENGAN PELAYANAN DASAR",
            "id_bidang_urusan": 203,
            "kode_bidang_urusan": "1.03",
            "nama_bidang_urusan": "URUSAN PEMERINTAHAN BIDANG PEKERJAAN UMUM DAN PENATAAN RUANG",
            "id_sub_skpd": 668,
            "kode_sub_skpd": "1.03.0.00.0.00.01.0000",
            "nama_sub_skpd": "Dinas Pekerjaan Umum dan Penataan Ruang",
            "set_pagu_user": 336903,
            "set_pagu_at": "Thu, 10 Apr 2025 11:43:50 GMT",
            "id_program": 3378,
            "kode_program": "1.03.10",
            "nama_program": "PROGRAM PENYELENGGARAAN JALAN",
            "id_giat": 15564,
            "kode_giat": "1.03.10.2.01",
            "nama_giat": "Penyelenggaraan Jalan Kabupaten/Kota",
            "pagu_giat": 27056606505.0,
            "rinci_giat": null,
            "id_sub_giat": 51908,
            "kode_sub_giat": "1.03.10.2.01.0029",
            "nama_sub_giat": "Penyusunan Rencana, Kebijakan, Strategi dan Teknis Pengembangan Jaringan Jalan serta Perencanaan Teknis Penyelenggaraan Jalan dan Jembatan",
            "pagu": 250000000.0,
            "pagu_indikatif": 250000000.0,
            "rincian": null,
            "kode_bl": "668.668.3378.15564",
            "kode_sbl": "668.668.3378.15564.51908",
            "kunci_bl": 1,
            "kunci_bl_rinci": 1,
            "user_created": "MUNADI, S.P",
            "created_date": "30-01-2025",
            "created_time": "15:28",
            "user_updated": "MUNADI, S.P",
            "updated_date": "25-03-2025",
            "updated_time": "14:12",
            "is_locked": 0
        },
        {
            "id_sub_bl": 61795,
            "id_daerah": 473,
            "tahun": 2026,
            "id_unit": 668,
            "id_skpd": 668,
            "created_user": 336903,
            "kode_skpd": "1.03.0.00.0.00.01.0000",
            "nama_skpd": "Dinas Pekerjaan Umum dan Penataan Ruang",
            "id_urusan": 11,
            "kode_urusan": "1",
            "nama_urusan": "URUSAN PEMERINTAHAN WAJIB YANG BERKAITAN DENGAN PELAYANAN DASAR",
            "id_bidang_urusan": 203,
            "kode_bidang_urusan": "1.03",
            "nama_bidang_urusan": "URUSAN PEMERINTAHAN BIDANG PEKERJAAN UMUM DAN PENATAAN RUANG",
            "id_sub_skpd": 668,
            "kode_sub_skpd": "1.03.0.00.0.00.01.0000",
            "nama_sub_skpd": "Dinas Pekerjaan Umum dan Penataan Ruang",
            "set_pagu_user": 336903,
            "set_pagu_at": "Thu, 10 Apr 2025 11:43:50 GMT",
            "id_program": 3378,
            "kode_program": "1.03.10",
            "nama_program": "PROGRAM PENYELENGGARAAN JALAN",
            "id_giat": 15564,
            "kode_giat": "1.03.10.2.01",
            "nama_giat": "Penyelenggaraan Jalan Kabupaten/Kota",
            "pagu_giat": 27056606505.0,
            "rinci_giat": null,
            "id_sub_giat": 51909,
            "kode_sub_giat": "1.03.10.2.01.0043",
            "nama_sub_giat": "Survey Kondisi Jalan/Jembatan",
            "pagu": 200000000.0,
            "pagu_indikatif": 200000000.0,
            "rincian": null,
            "kode_bl": "668.668.3378.15564",
            "kode_sbl": "668.668.3378.15564.51909",
            "kunci_bl": 1,
            "kunci_bl_rinci": 1,
            "user_created": "MUNADI, S.P",
            "created_date": "30-01-2025",
            "created_time": "15:40",
            "user_updated": "MUNADI, S.P",
            "updated_date": "25-03-2025",
            "updated_time": "14:12",
            "is_locked": 0
        },
        {
            "id_sub_bl": 61793,
            "id_daerah": 473,
            "tahun": 2026,
            "id_unit": 668,
            "id_skpd": 668,
            "created_user": 336903,
            "kode_skpd": "1.03.0.00.0.00.01.0000",
            "nama_skpd": "Dinas Pekerjaan Umum dan Penataan Ruang",
            "id_urusan": 11,
            "kode_urusan": "1",
            "nama_urusan": "URUSAN PEMERINTAHAN WAJIB YANG BERKAITAN DENGAN PELAYANAN DASAR",
            "id_bidang_urusan": 203,
            "kode_bidang_urusan": "1.03",
            "nama_bidang_urusan": "URUSAN PEMERINTAHAN BIDANG PEKERJAAN UMUM DAN PENATAAN RUANG",
            "id_sub_skpd": 668,
            "kode_sub_skpd": "1.03.0.00.0.00.01.0000",
            "nama_sub_skpd": "Dinas Pekerjaan Umum dan Penataan Ruang",
            "set_pagu_user": 336903,
            "set_pagu_at": "Thu, 10 Apr 2025 11:43:50 GMT",
            "id_program": 3378,
            "kode_program": "1.03.10",
            "nama_program": "PROGRAM PENYELENGGARAAN JALAN",
            "id_giat": 15564,
            "kode_giat": "1.03.10.2.01",
            "nama_giat": "Penyelenggaraan Jalan Kabupaten/Kota",
            "pagu_giat": 27056606505.0,
            "rinci_giat": null,
            "id_sub_giat": 51912,
            "kode_sub_giat": "1.03.10.2.01.0051",
            "nama_sub_giat": "Pemeliharaan Rutin Jalan",
            "pagu": 1024702000.0,
            "pagu_indikatif": 1024702000.0,
            "rincian": null,
            "kode_bl": "668.668.3378.15564",
            "kode_sbl": "668.668.3378.15564.51912",
            "kunci_bl": 1,
            "kunci_bl_rinci": 1,
            "user_created": "MUNADI, S.P",
            "created_date": "30-01-2025",
            "created_time": "15:39",
            "user_updated": "MUNADI, S.P",
            "updated_date": "24-03-2025",
            "updated_time": "10:32",
            "is_locked": 0
        },
        {
            "id_sub_bl": 61791,
            "id_daerah": 473,
            "tahun": 2026,
            "id_unit": 668,
            "id_skpd": 668,
            "created_user": 336903,
            "kode_skpd": "1.03.0.00.0.00.01.0000",
            "nama_skpd": "Dinas Pekerjaan Umum dan Penataan Ruang",
            "id_urusan": 11,
            "kode_urusan": "1",
            "nama_urusan": "URUSAN PEMERINTAHAN WAJIB YANG BERKAITAN DENGAN PELAYANAN DASAR",
            "id_bidang_urusan": 203,
            "kode_bidang_urusan": "1.03",
            "nama_bidang_urusan": "URUSAN PEMERINTAHAN BIDANG PEKERJAAN UMUM DAN PENATAAN RUANG",
            "id_sub_skpd": 668,
            "kode_sub_skpd": "1.03.0.00.0.00.01.0000",
            "nama_sub_skpd": "Dinas Pekerjaan Umum dan Penataan Ruang",
            "set_pagu_user": 336903,
            "set_pagu_at": "Thu, 10 Apr 2025 11:43:50 GMT",
            "id_program": 3378,
            "kode_program": "1.03.10",
            "nama_program": "PROGRAM PENYELENGGARAAN JALAN",
            "id_giat": 15564,
            "kode_giat": "1.03.10.2.01",
            "nama_giat": "Penyelenggaraan Jalan Kabupaten/Kota",
            "pagu_giat": 27056606505.0,
            "rinci_giat": null,
            "id_sub_giat": 51916,
            "kode_sub_giat": "1.03.10.2.01.0055",
            "nama_sub_giat": "Rehabilitasi Jalan",
            "pagu": 428767000.0,
            "pagu_indikatif": 428767000.0,
            "rincian": null,
            "kode_bl": "668.668.3378.15564",
            "kode_sbl": "668.668.3378.15564.51916",
            "kunci_bl": 1,
            "kunci_bl_rinci": 1,
            "user_created": "MUNADI, S.P",
            "created_date": "30-01-2025",
            "created_time": "15:38",
            "user_updated": "MUNADI, S.P",
            "updated_date": "24-03-2025",
            "updated_time": "11:12",
            "is_locked": 0
        },
        {
            "id_sub_bl": 61779,
            "id_daerah": 473,
            "tahun": 2026,
            "id_unit": 668,
            "id_skpd": 668,
            "created_user": 336903,
            "kode_skpd": "1.03.0.00.0.00.01.0000",
            "nama_skpd": "Dinas Pekerjaan Umum dan Penataan Ruang",
            "id_urusan": 11,
            "kode_urusan": "1",
            "nama_urusan": "URUSAN PEMERINTAHAN WAJIB YANG BERKAITAN DENGAN PELAYANAN DASAR",
            "id_bidang_urusan": 203,
            "kode_bidang_urusan": "1.03",
            "nama_bidang_urusan": "URUSAN PEMERINTAHAN BIDANG PEKERJAAN UMUM DAN PENATAAN RUANG",
            "id_sub_skpd": 668,
            "kode_sub_skpd": "1.03.0.00.0.00.01.0000",
            "nama_sub_skpd": "Dinas Pekerjaan Umum dan Penataan Ruang",
            "set_pagu_user": 336903,
            "set_pagu_at": "Thu, 10 Apr 2025 11:43:50 GMT",
            "id_program": 3378,
            "kode_program": "1.03.10",
            "nama_program": "PROGRAM PENYELENGGARAAN JALAN",
            "id_giat": 15564,
            "kode_giat": "1.03.10.2.01",
            "nama_giat": "Penyelenggaraan Jalan Kabupaten/Kota",
            "pagu_giat": 27056606505.0,
            "rinci_giat": null,
            "id_sub_giat": 51919,
            "kode_sub_giat": "1.03.10.2.01.0058",
            "nama_sub_giat": "Rehabilitasi Jembatan",
            "pagu": 486973000.0,
            "pagu_indikatif": 486973000.0,
            "rincian": null,
            "kode_bl": "668.668.3378.15564",
            "kode_sbl": "668.668.3378.15564.51919",
            "kunci_bl": 1,
            "kunci_bl_rinci": 1,
            "user_created": "MUNADI, S.P",
            "created_date": "30-01-2025",
            "created_time": "15:30",
            "user_updated": "MUNADI, S.P",
            "updated_date": "24-03-2025",
            "updated_time": "11:06",
            "is_locked": 0
        },
        {
            "id_sub_bl": 61810,
            "id_daerah": 473,
            "tahun": 2026,
            "id_unit": 668,
            "id_skpd": 668,
            "created_user": 336903,
            "kode_skpd": "1.03.0.00.0.00.01.0000",
            "nama_skpd": "Dinas Pekerjaan Umum dan Penataan Ruang",
            "id_urusan": 11,
            "kode_urusan": "1",
            "nama_urusan": "URUSAN PEMERINTAHAN WAJIB YANG BERKAITAN DENGAN PELAYANAN DASAR",
            "id_bidang_urusan": 203,
            "kode_bidang_urusan": "1.03",
            "nama_bidang_urusan": "URUSAN PEMERINTAHAN BIDANG PEKERJAAN UMUM DAN PENATAAN RUANG",
            "id_sub_skpd": 668,
            "kode_sub_skpd": "1.03.0.00.0.00.01.0000",
            "nama_sub_skpd": "Dinas Pekerjaan Umum dan Penataan Ruang",
            "set_pagu_user": 336903,
            "set_pagu_at": "Thu, 10 Apr 2025 11:43:50 GMT",
            "id_program": 3378,
            "kode_program": "1.03.10",
            "nama_program": "PROGRAM PENYELENGGARAAN JALAN",
            "id_giat": 15564,
            "kode_giat": "1.03.10.2.01",
            "nama_giat": "Penyelenggaraan Jalan Kabupaten/Kota",
            "pagu_giat": 27056606505.0,
            "rinci_giat": null,
            "id_sub_giat": 51920,
            "kode_sub_giat": "1.03.10.2.01.0059",
            "nama_sub_giat": "Rekonstruksi Jalan",
            "pagu": 23166164505.0,
            "pagu_indikatif": 23166164505.0,
            "rincian": null,
            "kode_bl": "668.668.3378.15564",
            "kode_sbl": "668.668.3378.15564.51920",
            "kunci_bl": 1,
            "kunci_bl_rinci": 1,
            "user_created": "MUNADI, S.P",
            "created_date": "30-01-2025",
            "created_time": "15:49",
            "user_updated": "MUNADI, S.P",
            "updated_date": "10-04-2025",
            "updated_time": "11:31",
            "is_locked": 0
        },
        {
            "id_sub_bl": 61792,
            "id_daerah": 473,
            "tahun": 2026,
            "id_unit": 668,
            "id_skpd": 668,
            "created_user": 336903,
            "kode_skpd": "1.03.0.00.0.00.01.0000",
            "nama_skpd": "Dinas Pekerjaan Umum dan Penataan Ruang",
            "id_urusan": 11,
            "kode_urusan": "1",
            "nama_urusan": "URUSAN PEMERINTAHAN WAJIB YANG BERKAITAN DENGAN PELAYANAN DASAR",
            "id_bidang_urusan": 203,
            "kode_bidang_urusan": "1.03",
            "nama_bidang_urusan": "URUSAN PEMERINTAHAN BIDANG PEKERJAAN UMUM DAN PENATAAN RUANG",
            "id_sub_skpd": 668,
            "kode_sub_skpd": "1.03.0.00.0.00.01.0000",
            "nama_sub_skpd": "Dinas Pekerjaan Umum dan Penataan Ruang",
            "set_pagu_user": 336903,
            "set_pagu_at": "Thu, 10 Apr 2025 11:43:50 GMT",
            "id_program": 3378,
            "kode_program": "1.03.10",
            "nama_program": "PROGRAM PENYELENGGARAAN JALAN",
            "id_giat": 15564,
            "kode_giat": "1.03.10.2.01",
            "nama_giat": "Penyelenggaraan Jalan Kabupaten/Kota",
            "pagu_giat": 27056606505.0,
            "rinci_giat": null,
            "id_sub_giat": 51926,
            "kode_sub_giat": "1.03.10.2.01.0069",
            "nama_sub_giat": "Pembangunan Jembatan",
            "pagu": 1500000000.0,
            "pagu_indikatif": 1500000000.0,
            "rincian": null,
            "kode_bl": "668.668.3378.15564",
            "kode_sbl": "668.668.3378.15564.51926",
            "kunci_bl": 1,
            "kunci_bl_rinci": 1,
            "user_created": "MUNADI, S.P",
            "created_date": "30-01-2025",
            "created_time": "15:39",
            "user_updated": "MUNADI, S.P",
            "updated_date": "25-03-2025",
            "updated_time": "14:13",
            "is_locked": 0
        },
        {
            "id_sub_bl": 61581,
            "id_daerah": 473,
            "tahun": 2026,
            "id_unit": 668,
            "id_skpd": 668,
            "created_user": 336903,
            "kode_skpd": "1.03.0.00.0.00.01.0000",
            "nama_skpd": "Dinas Pekerjaan Umum dan Penataan Ruang",
            "id_urusan": 11,
            "kode_urusan": "1",
            "nama_urusan": "URUSAN PEMERINTAHAN WAJIB YANG BERKAITAN DENGAN PELAYANAN DASAR",
            "id_bidang_urusan": 203,
            "kode_bidang_urusan": "1.03",
            "nama_bidang_urusan": "URUSAN PEMERINTAHAN BIDANG PEKERJAAN UMUM DAN PENATAAN RUANG",
            "id_sub_skpd": 668,
            "kode_sub_skpd": "1.03.0.00.0.00.01.0000",
            "nama_sub_skpd": "Dinas Pekerjaan Umum dan Penataan Ruang",
            "set_pagu_user": 336903,
            "set_pagu_at": "Thu, 10 Apr 2025 11:43:50 GMT",
            "id_program": 3380,
            "kode_program": "1.03.11",
            "nama_program": "PROGRAM PENGEMBANGAN JASA KONSTRUKSI",
            "id_giat": 15568,
            "kode_giat": "1.03.11.2.01",
            "nama_giat": "Penyelenggaraan Pelatihan Tenaga Terampil Konstruksi",
            "pagu_giat": 48960000.0,
            "rinci_giat": null,
            "id_sub_giat": 51947,
            "kode_sub_giat": "1.03.11.2.01.0010",
            "nama_sub_giat": "Fasilitasi Sertifikasi Tenaga Kerja Konstruksi Kualifikasi Jabatan Operator dan Teknisi atau Analis",
            "pagu": 48960000.0,
            "pagu_indikatif": 48960000.0,
            "rincian": null,
            "kode_bl": "668.668.3380.15568",
            "kode_sbl": "668.668.3380.15568.51947",
            "kunci_bl": 1,
            "kunci_bl_rinci": 1,
            "user_created": "MUNADI, S.P",
            "created_date": "30-01-2025",
            "created_time": "12:48",
            "user_updated": "MUNADI, S.P",
            "updated_date": "24-03-2025",
            "updated_time": "10:34",
            "is_locked": 0
        },
        {
            "id_sub_bl": 61586,
            "id_daerah": 473,
            "tahun": 2026,
            "id_unit": 668,
            "id_skpd": 668,
            "created_user": 336903,
            "kode_skpd": "1.03.0.00.0.00.01.0000",
            "nama_skpd": "Dinas Pekerjaan Umum dan Penataan Ruang",
            "id_urusan": 11,
            "kode_urusan": "1",
            "nama_urusan": "URUSAN PEMERINTAHAN WAJIB YANG BERKAITAN DENGAN PELAYANAN DASAR",
            "id_bidang_urusan": 203,
            "kode_bidang_urusan": "1.03",
            "nama_bidang_urusan": "URUSAN PEMERINTAHAN BIDANG PEKERJAAN UMUM DAN PENATAAN RUANG",
            "id_sub_skpd": 668,
            "kode_sub_skpd": "1.03.0.00.0.00.01.0000",
            "nama_sub_skpd": "Dinas Pekerjaan Umum dan Penataan Ruang",
            "set_pagu_user": 336903,
            "set_pagu_at": "Thu, 10 Apr 2025 11:43:50 GMT",
            "id_program": 3380,
            "kode_program": "1.03.11",
            "nama_program": "PROGRAM PENGEMBANGAN JASA KONSTRUKSI",
            "id_giat": 15569,
            "kode_giat": "1.03.11.2.02",
            "nama_giat": "Penyelenggaraan Sistem Informasi Jasa Konstruksi Cakupan Daerah Kabupaten/Kota",
            "pagu_giat": 85000000.0,
            "rinci_giat": null,
            "id_sub_giat": 51955,
            "kode_sub_giat": "1.03.11.2.02.0013",
            "nama_sub_giat": "Penyediaan Data dan Informasi Jasa Konstruksi Cakupan Kabupaten/Kota",
            "pagu": 85000000.0,
            "pagu_indikatif": 85000000.0,
            "rincian": null,
            "kode_bl": "668.668.3380.15569",
            "kode_sbl": "668.668.3380.15569.51955",
            "kunci_bl": 1,
            "kunci_bl_rinci": 1,
            "user_created": "MUNADI, S.P",
            "created_date": "30-01-2025",
            "created_time": "12:50",
            "user_updated": "MUNADI, S.P",
            "updated_date": "25-03-2025",
            "updated_time": "14:11",
            "is_locked": 0
        },
        {
            "id_sub_bl": 61590,
            "id_daerah": 473,
            "tahun": 2026,
            "id_unit": 668,
            "id_skpd": 668,
            "created_user": 336903,
            "kode_skpd": "1.03.0.00.0.00.01.0000",
            "nama_skpd": "Dinas Pekerjaan Umum dan Penataan Ruang",
            "id_urusan": 11,
            "kode_urusan": "1",
            "nama_urusan": "URUSAN PEMERINTAHAN WAJIB YANG BERKAITAN DENGAN PELAYANAN DASAR",
            "id_bidang_urusan": 203,
            "kode_bidang_urusan": "1.03",
            "nama_bidang_urusan": "URUSAN PEMERINTAHAN BIDANG PEKERJAAN UMUM DAN PENATAAN RUANG",
            "id_sub_skpd": 668,
            "kode_sub_skpd": "1.03.0.00.0.00.01.0000",
            "nama_sub_skpd": "Dinas Pekerjaan Umum dan Penataan Ruang",
            "set_pagu_user": 336903,
            "set_pagu_at": "Thu, 10 Apr 2025 11:43:50 GMT",
            "id_program": 3380,
            "kode_program": "1.03.11",
            "nama_program": "PROGRAM PENGEMBANGAN JASA KONSTRUKSI",
            "id_giat": 15570,
            "kode_giat": "1.03.11.2.04",
            "nama_giat": "Pengawasan Tertib Usaha, Tertib Penyelenggaraan dan Tertib Pemanfaatan Jasa Konstruksi",
            "pagu_giat": 85000000.0,
            "rinci_giat": null,
            "id_sub_giat": 51961,
            "kode_sub_giat": "1.03.11.2.04.0007",
            "nama_sub_giat": "Pengawasan dan Evaluasi Tertib Usaha Jasa Konstruksi Kabupaten/Kota",
            "pagu": 85000000.0,
            "pagu_indikatif": 85000000.0,
            "rincian": null,
            "kode_bl": "668.668.3380.15570",
            "kode_sbl": "668.668.3380.15570.51961",
            "kunci_bl": 1,
            "kunci_bl_rinci": 1,
            "user_created": "MUNADI, S.P",
            "created_date": "30-01-2025",
            "created_time": "12:52",
            "user_updated": "MUNADI, S.P",
            "updated_date": "25-03-2025",
            "updated_time": "14:12",
            "is_locked": 0
        },
        {
            "id_sub_bl": 61551,
            "id_daerah": 473,
            "tahun": 2026,
            "id_unit": 668,
            "id_skpd": 668,
            "created_user": 336903,
            "kode_skpd": "1.03.0.00.0.00.01.0000",
            "nama_skpd": "Dinas Pekerjaan Umum dan Penataan Ruang",
            "id_urusan": 11,
            "kode_urusan": "1",
            "nama_urusan": "URUSAN PEMERINTAHAN WAJIB YANG BERKAITAN DENGAN PELAYANAN DASAR",
            "id_bidang_urusan": 203,
            "kode_bidang_urusan": "1.03",
            "nama_bidang_urusan": "URUSAN PEMERINTAHAN BIDANG PEKERJAAN UMUM DAN PENATAAN RUANG",
            "id_sub_skpd": 668,
            "kode_sub_skpd": "1.03.0.00.0.00.01.0000",
            "nama_sub_skpd": "Dinas Pekerjaan Umum dan Penataan Ruang",
            "set_pagu_user": 336903,
            "set_pagu_at": "Thu, 10 Apr 2025 11:43:50 GMT",
            "id_program": 3390,
            "kode_program": "1.03.12",
            "nama_program": "PROGRAM PENYELENGGARAAN PENATAAN RUANG",
            "id_giat": 15583,
            "kode_giat": "1.03.12.2.01",
            "nama_giat": "Penetapan Rencana Tata Ruang Wilayah (RTRW) dan Rencana Rinci Tata Ruang (RRTR) Kabupaten/Kota",
            "pagu_giat": 350560000.0,
            "rinci_giat": null,
            "id_sub_giat": 52006,
            "kode_sub_giat": "1.03.12.2.01.0005",
            "nama_sub_giat": "Pelaksanaan Persetujuan Substansi RTRW Kabupaten/Kota",
            "pagu": 60560000.0,
            "pagu_indikatif": 60560000.0,
            "rincian": null,
            "kode_bl": "668.668.3390.15583",
            "kode_sbl": "668.668.3390.15583.52006",
            "kunci_bl": 1,
            "kunci_bl_rinci": 1,
            "user_created": "MUNADI, S.P",
            "created_date": "30-01-2025",
            "created_time": "12:30",
            "user_updated": "MUNADI, S.P",
            "updated_date": "24-03-2025",
            "updated_time": "10:34",
            "is_locked": 0
        },
        {
            "id_sub_bl": 61556,
            "id_daerah": 473,
            "tahun": 2026,
            "id_unit": 668,
            "id_skpd": 668,
            "created_user": 336903,
            "kode_skpd": "1.03.0.00.0.00.01.0000",
            "nama_skpd": "Dinas Pekerjaan Umum dan Penataan Ruang",
            "id_urusan": 11,
            "kode_urusan": "1",
            "nama_urusan": "URUSAN PEMERINTAHAN WAJIB YANG BERKAITAN DENGAN PELAYANAN DASAR",
            "id_bidang_urusan": 203,
            "kode_bidang_urusan": "1.03",
            "nama_bidang_urusan": "URUSAN PEMERINTAHAN BIDANG PEKERJAAN UMUM DAN PENATAAN RUANG",
            "id_sub_skpd": 668,
            "kode_sub_skpd": "1.03.0.00.0.00.01.0000",
            "nama_sub_skpd": "Dinas Pekerjaan Umum dan Penataan Ruang",
            "set_pagu_user": 336903,
            "set_pagu_at": "Thu, 10 Apr 2025 11:43:50 GMT",
            "id_program": 3390,
            "kode_program": "1.03.12",
            "nama_program": "PROGRAM PENYELENGGARAAN PENATAAN RUANG",
            "id_giat": 15583,
            "kode_giat": "1.03.12.2.01",
            "nama_giat": "Penetapan Rencana Tata Ruang Wilayah (RTRW) dan Rencana Rinci Tata Ruang (RRTR) Kabupaten/Kota",
            "pagu_giat": 350560000.0,
            "rinci_giat": null,
            "id_sub_giat": 52007,
            "kode_sub_giat": "1.03.12.2.01.0006",
            "nama_sub_giat": "Pelaksanaan Persetujuan Substansi RDTR Kabupaten/Kota",
            "pagu": 150000000.0,
            "pagu_indikatif": 150000000.0,
            "rincian": null,
            "kode_bl": "668.668.3390.15583",
            "kode_sbl": "668.668.3390.15583.52007",
            "kunci_bl": 1,
            "kunci_bl_rinci": 1,
            "user_created": "MUNADI, S.P",
            "created_date": "30-01-2025",
            "created_time": "12:33",
            "user_updated": "MUNADI, S.P",
            "updated_date": "25-03-2025",
            "updated_time": "14:11",
            "is_locked": 0
        },
        {
            "id_sub_bl": 61565,
            "id_daerah": 473,
            "tahun": 2026,
            "id_unit": 668,
            "id_skpd": 668,
            "created_user": 336903,
            "kode_skpd": "1.03.0.00.0.00.01.0000",
            "nama_skpd": "Dinas Pekerjaan Umum dan Penataan Ruang",
            "id_urusan": 11,
            "kode_urusan": "1",
            "nama_urusan": "URUSAN PEMERINTAHAN WAJIB YANG BERKAITAN DENGAN PELAYANAN DASAR",
            "id_bidang_urusan": 203,
            "kode_bidang_urusan": "1.03",
            "nama_bidang_urusan": "URUSAN PEMERINTAHAN BIDANG PEKERJAAN UMUM DAN PENATAAN RUANG",
            "id_sub_skpd": 668,
            "kode_sub_skpd": "1.03.0.00.0.00.01.0000",
            "nama_sub_skpd": "Dinas Pekerjaan Umum dan Penataan Ruang",
            "set_pagu_user": 336903,
            "set_pagu_at": "Thu, 10 Apr 2025 11:43:50 GMT",
            "id_program": 3390,
            "kode_program": "1.03.12",
            "nama_program": "PROGRAM PENYELENGGARAAN PENATAAN RUANG",
            "id_giat": 15585,
            "kode_giat": "1.03.12.2.03",
            "nama_giat": "Koordinasi dan Sinkronisasi Pemanfaatan Ruang Daerah Kabupaten/Kota",
            "pagu_giat": 80000000.0,
            "rinci_giat": null,
            "id_sub_giat": 52019,
            "kode_sub_giat": "1.03.12.2.03.0003",
            "nama_sub_giat": "Koordinasi Penyelenggaraan Penataan Ruang",
            "pagu": 80000000.0,
            "pagu_indikatif": 80000000.0,
            "rincian": null,
            "kode_bl": "668.668.3390.15585",
            "kode_sbl": "668.668.3390.15585.52019",
            "kunci_bl": 1,
            "kunci_bl_rinci": 1,
            "user_created": "MUNADI, S.P",
            "created_date": "30-01-2025",
            "created_time": "12:37",
            "user_updated": "MUNADI, S.P",
            "updated_date": "25-03-2025",
            "updated_time": "14:11",
            "is_locked": 0
        },
        {
            "id_sub_bl": 61503,
            "id_daerah": 473,
            "tahun": 2026,
            "id_unit": 668,
            "id_skpd": 668,
            "created_user": 336903,
            "kode_skpd": "1.03.0.00.0.00.01.0000",
            "nama_skpd": "Dinas Pekerjaan Umum dan Penataan Ruang",
            "id_urusan": 11,
            "kode_urusan": "1",
            "nama_urusan": "URUSAN PEMERINTAHAN WAJIB YANG BERKAITAN DENGAN PELAYANAN DASAR",
            "id_bidang_urusan": 203,
            "kode_bidang_urusan": "1.03",
            "nama_bidang_urusan": "URUSAN PEMERINTAHAN BIDANG PEKERJAAN UMUM DAN PENATAAN RUANG",
            "id_sub_skpd": 668,
            "kode_sub_skpd": "1.03.0.00.0.00.01.0000",
            "nama_sub_skpd": "Dinas Pekerjaan Umum dan Penataan Ruang",
            "set_pagu_user": 336903,
            "set_pagu_at": "Thu, 10 Apr 2025 11:43:50 GMT",
            "id_program": 4451,
            "kode_program": "1.03.01",
            "nama_program": "PROGRAM PENUNJANG URUSAN PEMERINTAHAN DAERAH KABUPATEN/KOTA",
            "id_giat": 18371,
            "kode_giat": "1.03.01.2.01",
            "nama_giat": "Perencanaan, Penganggaran, dan Evaluasi Kinerja Perangkat Daerah",
            "pagu_giat": 112021600.0,
            "rinci_giat": null,
            "id_sub_giat": 60589,
            "kode_sub_giat": "1.03.01.2.01.0001",
            "nama_sub_giat": "Penyusunan Dokumen Perencanaan Perangkat Daerah",
            "pagu": 58021600.0,
            "pagu_indikatif": 58021600.0,
            "rincian": null,
            "kode_bl": "668.668.4451.18371",
            "kode_sbl": "668.668.4451.18371.60589",
            "kunci_bl": 1,
            "kunci_bl_rinci": 1,
            "user_created": "MUNADI, S.P",
            "created_date": "30-01-2025",
            "created_time": "12:00",
            "user_updated": "MUNADI, S.P",
            "updated_date": "24-03-2025",
            "updated_time": "10:13",
            "is_locked": 0
        },
        {
            "id_sub_bl": 61496,
            "id_daerah": 473,
            "tahun": 2026,
            "id_unit": 668,
            "id_skpd": 668,
            "created_user": 336903,
            "kode_skpd": "1.03.0.00.0.00.01.0000",
            "nama_skpd": "Dinas Pekerjaan Umum dan Penataan Ruang",
            "id_urusan": 11,
            "kode_urusan": "1",
            "nama_urusan": "URUSAN PEMERINTAHAN WAJIB YANG BERKAITAN DENGAN PELAYANAN DASAR",
            "id_bidang_urusan": 203,
            "kode_bidang_urusan": "1.03",
            "nama_bidang_urusan": "URUSAN PEMERINTAHAN BIDANG PEKERJAAN UMUM DAN PENATAAN RUANG",
            "id_sub_skpd": 668,
            "kode_sub_skpd": "1.03.0.00.0.00.01.0000",
            "nama_sub_skpd": "Dinas Pekerjaan Umum dan Penataan Ruang",
            "set_pagu_user": 336903,
            "set_pagu_at": "Thu, 10 Apr 2025 11:43:50 GMT",
            "id_program": 4451,
            "kode_program": "1.03.01",
            "nama_program": "PROGRAM PENUNJANG URUSAN PEMERINTAHAN DAERAH KABUPATEN/KOTA",
            "id_giat": 18371,
            "kode_giat": "1.03.01.2.01",
            "nama_giat": "Perencanaan, Penganggaran, dan Evaluasi Kinerja Perangkat Daerah",
            "pagu_giat": 112021600.0,
            "rinci_giat": null,
            "id_sub_giat": 60590,
            "kode_sub_giat": "1.03.01.2.01.0002",
            "nama_sub_giat": "Koordinasi dan Penyusunan Dokumen RKA-SKPD",
            "pagu": 13500000.0,
            "pagu_indikatif": 13500000.0,
            "rincian": null,
            "kode_bl": "668.668.4451.18371",
            "kode_sbl": "668.668.4451.18371.60590",
            "kunci_bl": 1,
            "kunci_bl_rinci": 1,
            "user_created": "MUNADI, S.P",
            "created_date": "30-01-2025",
            "created_time": "11:53",
            "user_updated": "MUNADI, S.P",
            "updated_date": "24-03-2025",
            "updated_time": "10:26",
            "is_locked": 0
        },
        {
            "id_sub_bl": 61500,
            "id_daerah": 473,
            "tahun": 2026,
            "id_unit": 668,
            "id_skpd": 668,
            "created_user": 336903,
            "kode_skpd": "1.03.0.00.0.00.01.0000",
            "nama_skpd": "Dinas Pekerjaan Umum dan Penataan Ruang",
            "id_urusan": 11,
            "kode_urusan": "1",
            "nama_urusan": "URUSAN PEMERINTAHAN WAJIB YANG BERKAITAN DENGAN PELAYANAN DASAR",
            "id_bidang_urusan": 203,
            "kode_bidang_urusan": "1.03",
            "nama_bidang_urusan": "URUSAN PEMERINTAHAN BIDANG PEKERJAAN UMUM DAN PENATAAN RUANG",
            "id_sub_skpd": 668,
            "kode_sub_skpd": "1.03.0.00.0.00.01.0000",
            "nama_sub_skpd": "Dinas Pekerjaan Umum dan Penataan Ruang",
            "set_pagu_user": 336903,
            "set_pagu_at": "Thu, 10 Apr 2025 11:43:50 GMT",
            "id_program": 4451,
            "kode_program": "1.03.01",
            "nama_program": "PROGRAM PENUNJANG URUSAN PEMERINTAHAN DAERAH KABUPATEN/KOTA",
            "id_giat": 18371,
            "kode_giat": "1.03.01.2.01",
            "nama_giat": "Perencanaan, Penganggaran, dan Evaluasi Kinerja Perangkat Daerah",
            "pagu_giat": 112021600.0,
            "rinci_giat": null,
            "id_sub_giat": 60592,
            "kode_sub_giat": "1.03.01.2.01.0004",
            "nama_sub_giat": "Koordinasi dan Penyusunan DPA-SKPD",
            "pagu": 13500000.0,
            "pagu_indikatif": 13500000.0,
            "rincian": null,
            "kode_bl": "668.668.4451.18371",
            "kode_sbl": "668.668.4451.18371.60592",
            "kunci_bl": 1,
            "kunci_bl_rinci": 1,
            "user_created": "MUNADI, S.P",
            "created_date": "30-01-2025",
            "created_time": "11:57",
            "user_updated": "MUNADI, S.P",
            "updated_date": "24-03-2025",
            "updated_time": "10:25",
            "is_locked": 0
        },
        {
            "id_sub_bl": 61529,
            "id_daerah": 473,
            "tahun": 2026,
            "id_unit": 668,
            "id_skpd": 668,
            "created_user": 336903,
            "kode_skpd": "1.03.0.00.0.00.01.0000",
            "nama_skpd": "Dinas Pekerjaan Umum dan Penataan Ruang",
            "id_urusan": 11,
            "kode_urusan": "1",
            "nama_urusan": "URUSAN PEMERINTAHAN WAJIB YANG BERKAITAN DENGAN PELAYANAN DASAR",
            "id_bidang_urusan": 203,
            "kode_bidang_urusan": "1.03",
            "nama_bidang_urusan": "URUSAN PEMERINTAHAN BIDANG PEKERJAAN UMUM DAN PENATAAN RUANG",
            "id_sub_skpd": 668,
            "kode_sub_skpd": "1.03.0.00.0.00.01.0000",
            "nama_sub_skpd": "Dinas Pekerjaan Umum dan Penataan Ruang",
            "set_pagu_user": 336903,
            "set_pagu_at": "Thu, 10 Apr 2025 11:43:50 GMT",
            "id_program": 4451,
            "kode_program": "1.03.01",
            "nama_program": "PROGRAM PENUNJANG URUSAN PEMERINTAHAN DAERAH KABUPATEN/KOTA",
            "id_giat": 18371,
            "kode_giat": "1.03.01.2.01",
            "nama_giat": "Perencanaan, Penganggaran, dan Evaluasi Kinerja Perangkat Daerah",
            "pagu_giat": 112021600.0,
            "rinci_giat": null,
            "id_sub_giat": 60594,
            "kode_sub_giat": "1.03.01.2.01.0006",
            "nama_sub_giat": "Koordinasi dan Penyusunan Laporan Capaian Kinerja dan Ikhtisar Realisasi Kinerja SKPD",
            "pagu": 13500000.0,
            "pagu_indikatif": 13500000.0,
            "rincian": null,
            "kode_bl": "668.668.4451.18371",
            "kode_sbl": "668.668.4451.18371.60594",
            "kunci_bl": 1,
            "kunci_bl_rinci": 1,
            "user_created": "MUNADI, S.P",
            "created_date": "30-01-2025",
            "created_time": "12:18",
            "user_updated": "MUNADI, S.P",
            "updated_date": "24-03-2025",
            "updated_time": "10:26",
            "is_locked": 0
        },
        {
            "id_sub_bl": 61520,
            "id_daerah": 473,
            "tahun": 2026,
            "id_unit": 668,
            "id_skpd": 668,
            "created_user": 336903,
            "kode_skpd": "1.03.0.00.0.00.01.0000",
            "nama_skpd": "Dinas Pekerjaan Umum dan Penataan Ruang",
            "id_urusan": 11,
            "kode_urusan": "1",
            "nama_urusan": "URUSAN PEMERINTAHAN WAJIB YANG BERKAITAN DENGAN PELAYANAN DASAR",
            "id_bidang_urusan": 203,
            "kode_bidang_urusan": "1.03",
            "nama_bidang_urusan": "URUSAN PEMERINTAHAN BIDANG PEKERJAAN UMUM DAN PENATAAN RUANG",
            "id_sub_skpd": 668,
            "kode_sub_skpd": "1.03.0.00.0.00.01.0000",
            "nama_sub_skpd": "Dinas Pekerjaan Umum dan Penataan Ruang",
            "set_pagu_user": 336903,
            "set_pagu_at": "Thu, 10 Apr 2025 11:43:50 GMT",
            "id_program": 4451,
            "kode_program": "1.03.01",
            "nama_program": "PROGRAM PENUNJANG URUSAN PEMERINTAHAN DAERAH KABUPATEN/KOTA",
            "id_giat": 18371,
            "kode_giat": "1.03.01.2.01",
            "nama_giat": "Perencanaan, Penganggaran, dan Evaluasi Kinerja Perangkat Daerah",
            "pagu_giat": 112021600.0,
            "rinci_giat": null,
            "id_sub_giat": 60595,
            "kode_sub_giat": "1.03.01.2.01.0007",
            "nama_sub_giat": "Evaluasi Kinerja Perangkat Daerah",
            "pagu": 13500000.0,
            "pagu_indikatif": 13500000.0,
            "rincian": null,
            "kode_bl": "668.668.4451.18371",
            "kode_sbl": "668.668.4451.18371.60595",
            "kunci_bl": 1,
            "kunci_bl_rinci": 1,
            "user_created": "MUNADI, S.P",
            "created_date": "30-01-2025",
            "created_time": "12:12",
            "user_updated": "MUNADI, S.P",
            "updated_date": "24-03-2025",
            "updated_time": "10:26",
            "is_locked": 0
        },
        {
            "id_sub_bl": 61538,
            "id_daerah": 473,
            "tahun": 2026,
            "id_unit": 668,
            "id_skpd": 668,
            "created_user": 336903,
            "kode_skpd": "1.03.0.00.0.00.01.0000",
            "nama_skpd": "Dinas Pekerjaan Umum dan Penataan Ruang",
            "id_urusan": 11,
            "kode_urusan": "1",
            "nama_urusan": "URUSAN PEMERINTAHAN WAJIB YANG BERKAITAN DENGAN PELAYANAN DASAR",
            "id_bidang_urusan": 203,
            "kode_bidang_urusan": "1.03",
            "nama_bidang_urusan": "URUSAN PEMERINTAHAN BIDANG PEKERJAAN UMUM DAN PENATAAN RUANG",
            "id_sub_skpd": 668,
            "kode_sub_skpd": "1.03.0.00.0.00.01.0000",
            "nama_sub_skpd": "Dinas Pekerjaan Umum dan Penataan Ruang",
            "set_pagu_user": 336903,
            "set_pagu_at": "Thu, 10 Apr 2025 11:43:50 GMT",
            "id_program": 4451,
            "kode_program": "1.03.01",
            "nama_program": "PROGRAM PENUNJANG URUSAN PEMERINTAHAN DAERAH KABUPATEN/KOTA",
            "id_giat": 18372,
            "kode_giat": "1.03.01.2.02",
            "nama_giat": "Administrasi Keuangan Perangkat Daerah",
            "pagu_giat": 7708540265.0,
            "rinci_giat": null,
            "id_sub_giat": 60602,
            "kode_sub_giat": "1.03.01.2.02.0001",
            "nama_sub_giat": "Penyediaan Gaji dan Tunjangan ASN",
            "pagu": 7299526265.0,
            "pagu_indikatif": 7299526265.0,
            "rincian": null,
            "kode_bl": "668.668.4451.18372",
            "kode_sbl": "668.668.4451.18372.60602",
            "kunci_bl": 1,
            "kunci_bl_rinci": 1,
            "user_created": "MUNADI, S.P",
            "created_date": "30-01-2025",
            "created_time": "12:23",
            "user_updated": "MUNADI, S.P",
            "updated_date": "24-03-2025",
            "updated_time": "10:27",
            "is_locked": 0
        },
        {
            "id_sub_bl": 61549,
            "id_daerah": 473,
            "tahun": 2026,
            "id_unit": 668,
            "id_skpd": 668,
            "created_user": 336903,
            "kode_skpd": "1.03.0.00.0.00.01.0000",
            "nama_skpd": "Dinas Pekerjaan Umum dan Penataan Ruang",
            "id_urusan": 11,
            "kode_urusan": "1",
            "nama_urusan": "URUSAN PEMERINTAHAN WAJIB YANG BERKAITAN DENGAN PELAYANAN DASAR",
            "id_bidang_urusan": 203,
            "kode_bidang_urusan": "1.03",
            "nama_bidang_urusan": "URUSAN PEMERINTAHAN BIDANG PEKERJAAN UMUM DAN PENATAAN RUANG",
            "id_sub_skpd": 668,
            "kode_sub_skpd": "1.03.0.00.0.00.01.0000",
            "nama_sub_skpd": "Dinas Pekerjaan Umum dan Penataan Ruang",
            "set_pagu_user": 336903,
            "set_pagu_at": "Thu, 10 Apr 2025 11:43:50 GMT",
            "id_program": 4451,
            "kode_program": "1.03.01",
            "nama_program": "PROGRAM PENUNJANG URUSAN PEMERINTAHAN DAERAH KABUPATEN/KOTA",
            "id_giat": 18372,
            "kode_giat": "1.03.01.2.02",
            "nama_giat": "Administrasi Keuangan Perangkat Daerah",
            "pagu_giat": 7708540265.0,
            "rinci_giat": null,
            "id_sub_giat": 60604,
            "kode_sub_giat": "1.03.01.2.02.0003",
            "nama_sub_giat": "Pelaksanaan Penatausahaan dan\r\n\nPengujian/Verifikasi Keuangan SKPD",
            "pagu": 397014000.0,
            "pagu_indikatif": 397014000.0,
            "rincian": null,
            "kode_bl": "668.668.4451.18372",
            "kode_sbl": "668.668.4451.18372.60604",
            "kunci_bl": 1,
            "kunci_bl_rinci": 1,
            "user_created": "MUNADI, S.P",
            "created_date": "30-01-2025",
            "created_time": "12:30",
            "user_updated": "MUNADI, S.P",
            "updated_date": "24-03-2025",
            "updated_time": "10:27",
            "is_locked": 0
        },
        {
            "id_sub_bl": 61554,
            "id_daerah": 473,
            "tahun": 2026,
            "id_unit": 668,
            "id_skpd": 668,
            "created_user": 336903,
            "kode_skpd": "1.03.0.00.0.00.01.0000",
            "nama_skpd": "Dinas Pekerjaan Umum dan Penataan Ruang",
            "id_urusan": 11,
            "kode_urusan": "1",
            "nama_urusan": "URUSAN PEMERINTAHAN WAJIB YANG BERKAITAN DENGAN PELAYANAN DASAR",
            "id_bidang_urusan": 203,
            "kode_bidang_urusan": "1.03",
            "nama_bidang_urusan": "URUSAN PEMERINTAHAN BIDANG PEKERJAAN UMUM DAN PENATAAN RUANG",
            "id_sub_skpd": 668,
            "kode_sub_skpd": "1.03.0.00.0.00.01.0000",
            "nama_sub_skpd": "Dinas Pekerjaan Umum dan Penataan Ruang",
            "set_pagu_user": 336903,
            "set_pagu_at": "Thu, 10 Apr 2025 11:43:50 GMT",
            "id_program": 4451,
            "kode_program": "1.03.01",
            "nama_program": "PROGRAM PENUNJANG URUSAN PEMERINTAHAN DAERAH KABUPATEN/KOTA",
            "id_giat": 18372,
            "kode_giat": "1.03.01.2.02",
            "nama_giat": "Administrasi Keuangan Perangkat Daerah",
            "pagu_giat": 7708540265.0,
            "rinci_giat": null,
            "id_sub_giat": 60606,
            "kode_sub_giat": "1.03.01.2.02.0005",
            "nama_sub_giat": "Koordinasi dan Penyusunan Laporan Keuangan Akhir Tahun SKPD",
            "pagu": 12000000.0,
            "pagu_indikatif": 12000000.0,
            "rincian": null,
            "kode_bl": "668.668.4451.18372",
            "kode_sbl": "668.668.4451.18372.60606",
            "kunci_bl": 1,
            "kunci_bl_rinci": 1,
            "user_created": "MUNADI, S.P",
            "created_date": "30-01-2025",
            "created_time": "12:33",
            "user_updated": "MUNADI, S.P",
            "updated_date": "25-03-2025",
            "updated_time": "14:07",
            "is_locked": 0
        },
        {
            "id_sub_bl": 61591,
            "id_daerah": 473,
            "tahun": 2026,
            "id_unit": 668,
            "id_skpd": 668,
            "created_user": 336903,
            "kode_skpd": "1.03.0.00.0.00.01.0000",
            "nama_skpd": "Dinas Pekerjaan Umum dan Penataan Ruang",
            "id_urusan": 11,
            "kode_urusan": "1",
            "nama_urusan": "URUSAN PEMERINTAHAN WAJIB YANG BERKAITAN DENGAN PELAYANAN DASAR",
            "id_bidang_urusan": 203,
            "kode_bidang_urusan": "1.03",
            "nama_bidang_urusan": "URUSAN PEMERINTAHAN BIDANG PEKERJAAN UMUM DAN PENATAAN RUANG",
            "id_sub_skpd": 668,
            "kode_sub_skpd": "1.03.0.00.0.00.01.0000",
            "nama_sub_skpd": "Dinas Pekerjaan Umum dan Penataan Ruang",
            "set_pagu_user": 336903,
            "set_pagu_at": "Thu, 10 Apr 2025 11:43:50 GMT",
            "id_program": 4451,
            "kode_program": "1.03.01",
            "nama_program": "PROGRAM PENUNJANG URUSAN PEMERINTAHAN DAERAH KABUPATEN/KOTA",
            "id_giat": 18373,
            "kode_giat": "1.03.01.2.03",
            "nama_giat": "Administrasi Barang Milik Daerah pada Perangkat Daerah",
            "pagu_giat": 55000000.0,
            "rinci_giat": null,
            "id_sub_giat": 60615,
            "kode_sub_giat": "1.03.01.2.03.0006",
            "nama_sub_giat": "Penatausahaan Barang Milik Daerah pada SKPD",
            "pagu": 55000000.0,
            "pagu_indikatif": 55000000.0,
            "rincian": null,
            "kode_bl": "668.668.4451.18373",
            "kode_sbl": "668.668.4451.18373.60615",
            "kunci_bl": 1,
            "kunci_bl_rinci": 1,
            "user_created": "MUNADI, S.P",
            "created_date": "30-01-2025",
            "created_time": "12:53",
            "user_updated": "MUNADI, S.P",
            "updated_date": "25-03-2025",
            "updated_time": "14:37",
            "is_locked": 0
        },
        {
            "id_sub_bl": 61596,
            "id_daerah": 473,
            "tahun": 2026,
            "id_unit": 668,
            "id_skpd": 668,
            "created_user": 336903,
            "kode_skpd": "1.03.0.00.0.00.01.0000",
            "nama_skpd": "Dinas Pekerjaan Umum dan Penataan Ruang",
            "id_urusan": 11,
            "kode_urusan": "1",
            "nama_urusan": "URUSAN PEMERINTAHAN WAJIB YANG BERKAITAN DENGAN PELAYANAN DASAR",
            "id_bidang_urusan": 203,
            "kode_bidang_urusan": "1.03",
            "nama_bidang_urusan": "URUSAN PEMERINTAHAN BIDANG PEKERJAAN UMUM DAN PENATAAN RUANG",
            "id_sub_skpd": 668,
            "kode_sub_skpd": "1.03.0.00.0.00.01.0000",
            "nama_sub_skpd": "Dinas Pekerjaan Umum dan Penataan Ruang",
            "set_pagu_user": 336903,
            "set_pagu_at": "Thu, 10 Apr 2025 11:43:50 GMT",
            "id_program": 4451,
            "kode_program": "1.03.01",
            "nama_program": "PROGRAM PENUNJANG URUSAN PEMERINTAHAN DAERAH KABUPATEN/KOTA",
            "id_giat": 18375,
            "kode_giat": "1.03.01.2.05",
            "nama_giat": "Administrasi Kepegawaian Perangkat Daerah",
            "pagu_giat": 15000000.0,
            "rinci_giat": null,
            "id_sub_giat": 60632,
            "kode_sub_giat": "1.03.01.2.05.0009",
            "nama_sub_giat": "Pendidikan dan Pelatihan Pegawai Berdasarkan Tugas dan Fungsi",
            "pagu": 15000000.0,
            "pagu_indikatif": 15000000.0,
            "rincian": null,
            "kode_bl": "668.668.4451.18375",
            "kode_sbl": "668.668.4451.18375.60632",
            "kunci_bl": 1,
            "kunci_bl_rinci": 1,
            "user_created": "MUNADI, S.P",
            "created_date": "30-01-2025",
            "created_time": "12:58",
            "user_updated": "MUNADI, S.P",
            "updated_date": "25-03-2025",
            "updated_time": "14:00",
            "is_locked": 0
        },
        {
            "id_sub_bl": 61597,
            "id_daerah": 473,
            "tahun": 2026,
            "id_unit": 668,
            "id_skpd": 668,
            "created_user": 336903,
            "kode_skpd": "1.03.0.00.0.00.01.0000",
            "nama_skpd": "Dinas Pekerjaan Umum dan Penataan Ruang",
            "id_urusan": 11,
            "kode_urusan": "1",
            "nama_urusan": "URUSAN PEMERINTAHAN WAJIB YANG BERKAITAN DENGAN PELAYANAN DASAR",
            "id_bidang_urusan": 203,
            "kode_bidang_urusan": "1.03",
            "nama_bidang_urusan": "URUSAN PEMERINTAHAN BIDANG PEKERJAAN UMUM DAN PENATAAN RUANG",
            "id_sub_skpd": 668,
            "kode_sub_skpd": "1.03.0.00.0.00.01.0000",
            "nama_sub_skpd": "Dinas Pekerjaan Umum dan Penataan Ruang",
            "set_pagu_user": 336903,
            "set_pagu_at": "Thu, 10 Apr 2025 11:43:50 GMT",
            "id_program": 4451,
            "kode_program": "1.03.01",
            "nama_program": "PROGRAM PENUNJANG URUSAN PEMERINTAHAN DAERAH KABUPATEN/KOTA",
            "id_giat": 18376,
            "kode_giat": "1.03.01.2.06",
            "nama_giat": "Administrasi Umum Perangkat Daerah",
            "pagu_giat": 91000000.0,
            "rinci_giat": null,
            "id_sub_giat": 60635,
            "kode_sub_giat": "1.03.01.2.06.0001",
            "nama_sub_giat": "Penyediaan Komponen Instalasi\r\n\nListrik/Penerangan Bangunan Kantor",
            "pagu": 3000000.0,
            "pagu_indikatif": 3000000.0,
            "rincian": null,
            "kode_bl": "668.668.4451.18376",
            "kode_sbl": "668.668.4451.18376.60635",
            "kunci_bl": 1,
            "kunci_bl_rinci": 1,
            "user_created": "MUNADI, S.P",
            "created_date": "30-01-2025",
            "created_time": "12:59",
            "user_updated": "MUNADI, S.P",
            "updated_date": "25-03-2025",
            "updated_time": "14:01",
            "is_locked": 0
        },
        {
            "id_sub_bl": 61598,
            "id_daerah": 473,
            "tahun": 2026,
            "id_unit": 668,
            "id_skpd": 668,
            "created_user": 336903,
            "kode_skpd": "1.03.0.00.0.00.01.0000",
            "nama_skpd": "Dinas Pekerjaan Umum dan Penataan Ruang",
            "id_urusan": 11,
            "kode_urusan": "1",
            "nama_urusan": "URUSAN PEMERINTAHAN WAJIB YANG BERKAITAN DENGAN PELAYANAN DASAR",
            "id_bidang_urusan": 203,
            "kode_bidang_urusan": "1.03",
            "nama_bidang_urusan": "URUSAN PEMERINTAHAN BIDANG PEKERJAAN UMUM DAN PENATAAN RUANG",
            "id_sub_skpd": 668,
            "kode_sub_skpd": "1.03.0.00.0.00.01.0000",
            "nama_sub_skpd": "Dinas Pekerjaan Umum dan Penataan Ruang",
            "set_pagu_user": 336903,
            "set_pagu_at": "Thu, 10 Apr 2025 11:43:50 GMT",
            "id_program": 4451,
            "kode_program": "1.03.01",
            "nama_program": "PROGRAM PENUNJANG URUSAN PEMERINTAHAN DAERAH KABUPATEN/KOTA",
            "id_giat": 18376,
            "kode_giat": "1.03.01.2.06",
            "nama_giat": "Administrasi Umum Perangkat Daerah",
            "pagu_giat": 91000000.0,
            "rinci_giat": null,
            "id_sub_giat": 60638,
            "kode_sub_giat": "1.03.01.2.06.0004",
            "nama_sub_giat": "Penyediaan Bahan Logistik Kantor",
            "pagu": 25000000.0,
            "pagu_indikatif": 25000000.0,
            "rincian": null,
            "kode_bl": "668.668.4451.18376",
            "kode_sbl": "668.668.4451.18376.60638",
            "kunci_bl": 1,
            "kunci_bl_rinci": 1,
            "user_created": "MUNADI, S.P",
            "created_date": "30-01-2025",
            "created_time": "13:01",
            "user_updated": "MUNADI, S.P",
            "updated_date": "25-03-2025",
            "updated_time": "14:39",
            "is_locked": 0
        },
        {
            "id_sub_bl": 61600,
            "id_daerah": 473,
            "tahun": 2026,
            "id_unit": 668,
            "id_skpd": 668,
            "created_user": 336903,
            "kode_skpd": "1.03.0.00.0.00.01.0000",
            "nama_skpd": "Dinas Pekerjaan Umum dan Penataan Ruang",
            "id_urusan": 11,
            "kode_urusan": "1",
            "nama_urusan": "URUSAN PEMERINTAHAN WAJIB YANG BERKAITAN DENGAN PELAYANAN DASAR",
            "id_bidang_urusan": 203,
            "kode_bidang_urusan": "1.03",
            "nama_bidang_urusan": "URUSAN PEMERINTAHAN BIDANG PEKERJAAN UMUM DAN PENATAAN RUANG",
            "id_sub_skpd": 668,
            "kode_sub_skpd": "1.03.0.00.0.00.01.0000",
            "nama_sub_skpd": "Dinas Pekerjaan Umum dan Penataan Ruang",
            "set_pagu_user": 336903,
            "set_pagu_at": "Thu, 10 Apr 2025 11:43:50 GMT",
            "id_program": 4451,
            "kode_program": "1.03.01",
            "nama_program": "PROGRAM PENUNJANG URUSAN PEMERINTAHAN DAERAH KABUPATEN/KOTA",
            "id_giat": 18376,
            "kode_giat": "1.03.01.2.06",
            "nama_giat": "Administrasi Umum Perangkat Daerah",
            "pagu_giat": 91000000.0,
            "rinci_giat": null,
            "id_sub_giat": 60639,
            "kode_sub_giat": "1.03.01.2.06.0005",
            "nama_sub_giat": "Penyediaan Barang Cetakan dan Penggandaan",
            "pagu": 3000000.0,
            "pagu_indikatif": 3000000.0,
            "rincian": null,
            "kode_bl": "668.668.4451.18376",
            "kode_sbl": "668.668.4451.18376.60639",
            "kunci_bl": 1,
            "kunci_bl_rinci": 1,
            "user_created": "MUNADI, S.P",
            "created_date": "30-01-2025",
            "created_time": "13:04",
            "user_updated": "MUNADI, S.P",
            "updated_date": "25-03-2025",
            "updated_time": "14:40",
            "is_locked": 0
        },
        {
            "id_sub_bl": 61601,
            "id_daerah": 473,
            "tahun": 2026,
            "id_unit": 668,
            "id_skpd": 668,
            "created_user": 336903,
            "kode_skpd": "1.03.0.00.0.00.01.0000",
            "nama_skpd": "Dinas Pekerjaan Umum dan Penataan Ruang",
            "id_urusan": 11,
            "kode_urusan": "1",
            "nama_urusan": "URUSAN PEMERINTAHAN WAJIB YANG BERKAITAN DENGAN PELAYANAN DASAR",
            "id_bidang_urusan": 203,
            "kode_bidang_urusan": "1.03",
            "nama_bidang_urusan": "URUSAN PEMERINTAHAN BIDANG PEKERJAAN UMUM DAN PENATAAN RUANG",
            "id_sub_skpd": 668,
            "kode_sub_skpd": "1.03.0.00.0.00.01.0000",
            "nama_sub_skpd": "Dinas Pekerjaan Umum dan Penataan Ruang",
            "set_pagu_user": 336903,
            "set_pagu_at": "Thu, 10 Apr 2025 11:43:50 GMT",
            "id_program": 4451,
            "kode_program": "1.03.01",
            "nama_program": "PROGRAM PENUNJANG URUSAN PEMERINTAHAN DAERAH KABUPATEN/KOTA",
            "id_giat": 18376,
            "kode_giat": "1.03.01.2.06",
            "nama_giat": "Administrasi Umum Perangkat Daerah",
            "pagu_giat": 91000000.0,
            "rinci_giat": null,
            "id_sub_giat": 60640,
            "kode_sub_giat": "1.03.01.2.06.0006",
            "nama_sub_giat": "Penyediaan Bahan Bacaan dan Peraturan Perundang-undangan",
            "pagu": 6000000.0,
            "pagu_indikatif": 6000000.0,
            "rincian": null,
            "kode_bl": "668.668.4451.18376",
            "kode_sbl": "668.668.4451.18376.60640",
            "kunci_bl": 1,
            "kunci_bl_rinci": 1,
            "user_created": "MUNADI, S.P",
            "created_date": "30-01-2025",
            "created_time": "13:05",
            "user_updated": "MUNADI, S.P",
            "updated_date": "25-03-2025",
            "updated_time": "14:41",
            "is_locked": 0
        },
        {
            "id_sub_bl": 61603,
            "id_daerah": 473,
            "tahun": 2026,
            "id_unit": 668,
            "id_skpd": 668,
            "created_user": 336903,
            "kode_skpd": "1.03.0.00.0.00.01.0000",
            "nama_skpd": "Dinas Pekerjaan Umum dan Penataan Ruang",
            "id_urusan": 11,
            "kode_urusan": "1",
            "nama_urusan": "URUSAN PEMERINTAHAN WAJIB YANG BERKAITAN DENGAN PELAYANAN DASAR",
            "id_bidang_urusan": 203,
            "kode_bidang_urusan": "1.03",
            "nama_bidang_urusan": "URUSAN PEMERINTAHAN BIDANG PEKERJAAN UMUM DAN PENATAAN RUANG",
            "id_sub_skpd": 668,
            "kode_sub_skpd": "1.03.0.00.0.00.01.0000",
            "nama_sub_skpd": "Dinas Pekerjaan Umum dan Penataan Ruang",
            "set_pagu_user": 336903,
            "set_pagu_at": "Thu, 10 Apr 2025 11:43:50 GMT",
            "id_program": 4451,
            "kode_program": "1.03.01",
            "nama_program": "PROGRAM PENUNJANG URUSAN PEMERINTAHAN DAERAH KABUPATEN/KOTA",
            "id_giat": 18376,
            "kode_giat": "1.03.01.2.06",
            "nama_giat": "Administrasi Umum Perangkat Daerah",
            "pagu_giat": 91000000.0,
            "rinci_giat": null,
            "id_sub_giat": 60643,
            "kode_sub_giat": "1.03.01.2.06.0009",
            "nama_sub_giat": "Penyelenggaraan Rapat Koordinasi dan Konsultasi SKPD",
            "pagu": 54000000.0,
            "pagu_indikatif": 54000000.0,
            "rincian": null,
            "kode_bl": "668.668.4451.18376",
            "kode_sbl": "668.668.4451.18376.60643",
            "kunci_bl": 1,
            "kunci_bl_rinci": 1,
            "user_created": "MUNADI, S.P",
            "created_date": "30-01-2025",
            "created_time": "13:06",
            "user_updated": "MUNADI, S.P",
            "updated_date": "26-03-2025",
            "updated_time": "10:58",
            "is_locked": 0
        },
        {
            "id_sub_bl": 61605,
            "id_daerah": 473,
            "tahun": 2026,
            "id_unit": 668,
            "id_skpd": 668,
            "created_user": 336903,
            "kode_skpd": "1.03.0.00.0.00.01.0000",
            "nama_skpd": "Dinas Pekerjaan Umum dan Penataan Ruang",
            "id_urusan": 11,
            "kode_urusan": "1",
            "nama_urusan": "URUSAN PEMERINTAHAN WAJIB YANG BERKAITAN DENGAN PELAYANAN DASAR",
            "id_bidang_urusan": 203,
            "kode_bidang_urusan": "1.03",
            "nama_bidang_urusan": "URUSAN PEMERINTAHAN BIDANG PEKERJAAN UMUM DAN PENATAAN RUANG",
            "id_sub_skpd": 668,
            "kode_sub_skpd": "1.03.0.00.0.00.01.0000",
            "nama_sub_skpd": "Dinas Pekerjaan Umum dan Penataan Ruang",
            "set_pagu_user": 336903,
            "set_pagu_at": "Thu, 10 Apr 2025 11:43:50 GMT",
            "id_program": 4451,
            "kode_program": "1.03.01",
            "nama_program": "PROGRAM PENUNJANG URUSAN PEMERINTAHAN DAERAH KABUPATEN/KOTA",
            "id_giat": 18377,
            "kode_giat": "1.03.01.2.07",
            "nama_giat": "Pengadaan Barang Milik Daerah Penunjang Urusan Pemerintah Daerah",
            "pagu_giat": 16058000.0,
            "rinci_giat": null,
            "id_sub_giat": 60647,
            "kode_sub_giat": "1.03.01.2.07.0002",
            "nama_sub_giat": "Pengadaan Kendaraan Dinas Operasional atau Lapangan",
            "pagu": 58000.0,
            "pagu_indikatif": 58000.0,
            "rincian": null,
            "kode_bl": "668.668.4451.18377",
            "kode_sbl": "668.668.4451.18377.60647",
            "kunci_bl": 1,
            "kunci_bl_rinci": 1,
            "user_created": "MUNADI, S.P",
            "created_date": "30-01-2025",
            "created_time": "13:08",
            "user_updated": "MUNADI, S.P",
            "updated_date": "24-03-2025",
            "updated_time": "10:36",
            "is_locked": 0
        },
        {
            "id_sub_bl": 61606,
            "id_daerah": 473,
            "tahun": 2026,
            "id_unit": 668,
            "id_skpd": 668,
            "created_user": 336903,
            "kode_skpd": "1.03.0.00.0.00.01.0000",
            "nama_skpd": "Dinas Pekerjaan Umum dan Penataan Ruang",
            "id_urusan": 11,
            "kode_urusan": "1",
            "nama_urusan": "URUSAN PEMERINTAHAN WAJIB YANG BERKAITAN DENGAN PELAYANAN DASAR",
            "id_bidang_urusan": 203,
            "kode_bidang_urusan": "1.03",
            "nama_bidang_urusan": "URUSAN PEMERINTAHAN BIDANG PEKERJAAN UMUM DAN PENATAAN RUANG",
            "id_sub_skpd": 668,
            "kode_sub_skpd": "1.03.0.00.0.00.01.0000",
            "nama_sub_skpd": "Dinas Pekerjaan Umum dan Penataan Ruang",
            "set_pagu_user": 336903,
            "set_pagu_at": "Thu, 10 Apr 2025 11:43:50 GMT",
            "id_program": 4451,
            "kode_program": "1.03.01",
            "nama_program": "PROGRAM PENUNJANG URUSAN PEMERINTAHAN DAERAH KABUPATEN/KOTA",
            "id_giat": 18377,
            "kode_giat": "1.03.01.2.07",
            "nama_giat": "Pengadaan Barang Milik Daerah Penunjang Urusan Pemerintah Daerah",
            "pagu_giat": 16058000.0,
            "rinci_giat": null,
            "id_sub_giat": 60651,
            "kode_sub_giat": "1.03.01.2.07.0006",
            "nama_sub_giat": "Pengadaan Peralatan dan Mesin Lainnya",
            "pagu": 12000000.0,
            "pagu_indikatif": 12000000.0,
            "rincian": null,
            "kode_bl": "668.668.4451.18377",
            "kode_sbl": "668.668.4451.18377.60651",
            "kunci_bl": 1,
            "kunci_bl_rinci": 1,
            "user_created": "MUNADI, S.P",
            "created_date": "30-01-2025",
            "created_time": "13:09",
            "user_updated": "MUNADI, S.P",
            "updated_date": "25-03-2025",
            "updated_time": "14:05",
            "is_locked": 0
        },
        {
            "id_sub_bl": 61609,
            "id_daerah": 473,
            "tahun": 2026,
            "id_unit": 668,
            "id_skpd": 668,
            "created_user": 336903,
            "kode_skpd": "1.03.0.00.0.00.01.0000",
            "nama_skpd": "Dinas Pekerjaan Umum dan Penataan Ruang",
            "id_urusan": 11,
            "kode_urusan": "1",
            "nama_urusan": "URUSAN PEMERINTAHAN WAJIB YANG BERKAITAN DENGAN PELAYANAN DASAR",
            "id_bidang_urusan": 203,
            "kode_bidang_urusan": "1.03",
            "nama_bidang_urusan": "URUSAN PEMERINTAHAN BIDANG PEKERJAAN UMUM DAN PENATAAN RUANG",
            "id_sub_skpd": 668,
            "kode_sub_skpd": "1.03.0.00.0.00.01.0000",
            "nama_sub_skpd": "Dinas Pekerjaan Umum dan Penataan Ruang",
            "set_pagu_user": 336903,
            "set_pagu_at": "Thu, 10 Apr 2025 11:43:50 GMT",
            "id_program": 4451,
            "kode_program": "1.03.01",
            "nama_program": "PROGRAM PENUNJANG URUSAN PEMERINTAHAN DAERAH KABUPATEN/KOTA",
            "id_giat": 18377,
            "kode_giat": "1.03.01.2.07",
            "nama_giat": "Pengadaan Barang Milik Daerah Penunjang Urusan Pemerintah Daerah",
            "pagu_giat": 16058000.0,
            "rinci_giat": null,
            "id_sub_giat": 60655,
            "kode_sub_giat": "1.03.01.2.07.0010",
            "nama_sub_giat": "Pengadaan Sarana dan Prasarana Gedung Kantor atau Bangunan Lainnya",
            "pagu": 4000000.0,
            "pagu_indikatif": 4000000.0,
            "rincian": null,
            "kode_bl": "668.668.4451.18377",
            "kode_sbl": "668.668.4451.18377.60655",
            "kunci_bl": 1,
            "kunci_bl_rinci": 1,
            "user_created": "MUNADI, S.P",
            "created_date": "30-01-2025",
            "created_time": "13:10",
            "user_updated": "MUNADI, S.P",
            "updated_date": "25-03-2025",
            "updated_time": "14:44",
            "is_locked": 0
        },
        {
            "id_sub_bl": 61607,
            "id_daerah": 473,
            "tahun": 2026,
            "id_unit": 668,
            "id_skpd": 668,
            "created_user": 336903,
            "kode_skpd": "1.03.0.00.0.00.01.0000",
            "nama_skpd": "Dinas Pekerjaan Umum dan Penataan Ruang",
            "id_urusan": 11,
            "kode_urusan": "1",
            "nama_urusan": "URUSAN PEMERINTAHAN WAJIB YANG BERKAITAN DENGAN PELAYANAN DASAR",
            "id_bidang_urusan": 203,
            "kode_bidang_urusan": "1.03",
            "nama_bidang_urusan": "URUSAN PEMERINTAHAN BIDANG PEKERJAAN UMUM DAN PENATAAN RUANG",
            "id_sub_skpd": 668,
            "kode_sub_skpd": "1.03.0.00.0.00.01.0000",
            "nama_sub_skpd": "Dinas Pekerjaan Umum dan Penataan Ruang",
            "set_pagu_user": 336903,
            "set_pagu_at": "Thu, 10 Apr 2025 11:43:50 GMT",
            "id_program": 4451,
            "kode_program": "1.03.01",
            "nama_program": "PROGRAM PENUNJANG URUSAN PEMERINTAHAN DAERAH KABUPATEN/KOTA",
            "id_giat": 18378,
            "kode_giat": "1.03.01.2.08",
            "nama_giat": "Penyediaan Jasa Penunjang Urusan Pemerintahan Daerah",
            "pagu_giat": 666536611.0,
            "rinci_giat": null,
            "id_sub_giat": 60658,
            "kode_sub_giat": "1.03.01.2.08.0002",
            "nama_sub_giat": "Penyediaan Jasa Komunikasi, Sumber Daya Air dan Listrik",
            "pagu": 303926611.0,
            "pagu_indikatif": 303926611.0,
            "rincian": null,
            "kode_bl": "668.668.4451.18378",
            "kode_sbl": "668.668.4451.18378.60658",
            "kunci_bl": 1,
            "kunci_bl_rinci": 1,
            "user_created": "MUNADI, S.P",
            "created_date": "30-01-2025",
            "created_time": "13:09",
            "user_updated": null,
            "updated_date": null,
            "updated_time": null,
            "is_locked": 0
        },
        {
            "id_sub_bl": 61610,
            "id_daerah": 473,
            "tahun": 2026,
            "id_unit": 668,
            "id_skpd": 668,
            "created_user": 336903,
            "kode_skpd": "1.03.0.00.0.00.01.0000",
            "nama_skpd": "Dinas Pekerjaan Umum dan Penataan Ruang",
            "id_urusan": 11,
            "kode_urusan": "1",
            "nama_urusan": "URUSAN PEMERINTAHAN WAJIB YANG BERKAITAN DENGAN PELAYANAN DASAR",
            "id_bidang_urusan": 203,
            "kode_bidang_urusan": "1.03",
            "nama_bidang_urusan": "URUSAN PEMERINTAHAN BIDANG PEKERJAAN UMUM DAN PENATAAN RUANG",
            "id_sub_skpd": 668,
            "kode_sub_skpd": "1.03.0.00.0.00.01.0000",
            "nama_sub_skpd": "Dinas Pekerjaan Umum dan Penataan Ruang",
            "set_pagu_user": 336903,
            "set_pagu_at": "Thu, 10 Apr 2025 11:43:50 GMT",
            "id_program": 4451,
            "kode_program": "1.03.01",
            "nama_program": "PROGRAM PENUNJANG URUSAN PEMERINTAHAN DAERAH KABUPATEN/KOTA",
            "id_giat": 18378,
            "kode_giat": "1.03.01.2.08",
            "nama_giat": "Penyediaan Jasa Penunjang Urusan Pemerintahan Daerah",
            "pagu_giat": 666536611.0,
            "rinci_giat": null,
            "id_sub_giat": 60660,
            "kode_sub_giat": "1.03.01.2.08.0004",
            "nama_sub_giat": "Penyediaan Jasa Pelayanan Umum Kantor",
            "pagu": 362610000.0,
            "pagu_indikatif": 362610000.0,
            "rincian": null,
            "kode_bl": "668.668.4451.18378",
            "kode_sbl": "668.668.4451.18378.60660",
            "kunci_bl": 1,
            "kunci_bl_rinci": 1,
            "user_created": "MUNADI, S.P",
            "created_date": "30-01-2025",
            "created_time": "13:11",
            "user_updated": "MUNADI, S.P",
            "updated_date": "24-03-2025",
            "updated_time": "10:38",
            "is_locked": 0
        },
        {
            "id_sub_bl": 61611,
            "id_daerah": 473,
            "tahun": 2026,
            "id_unit": 668,
            "id_skpd": 668,
            "created_user": 336903,
            "kode_skpd": "1.03.0.00.0.00.01.0000",
            "nama_skpd": "Dinas Pekerjaan Umum dan Penataan Ruang",
            "id_urusan": 11,
            "kode_urusan": "1",
            "nama_urusan": "URUSAN PEMERINTAHAN WAJIB YANG BERKAITAN DENGAN PELAYANAN DASAR",
            "id_bidang_urusan": 203,
            "kode_bidang_urusan": "1.03",
            "nama_bidang_urusan": "URUSAN PEMERINTAHAN BIDANG PEKERJAAN UMUM DAN PENATAAN RUANG",
            "id_sub_skpd": 668,
            "kode_sub_skpd": "1.03.0.00.0.00.01.0000",
            "nama_sub_skpd": "Dinas Pekerjaan Umum dan Penataan Ruang",
            "set_pagu_user": 336903,
            "set_pagu_at": "Thu, 10 Apr 2025 11:43:50 GMT",
            "id_program": 4451,
            "kode_program": "1.03.01",
            "nama_program": "PROGRAM PENUNJANG URUSAN PEMERINTAHAN DAERAH KABUPATEN/KOTA",
            "id_giat": 18379,
            "kode_giat": "1.03.01.2.09",
            "nama_giat": "Pemeliharaan Barang Milik Daerah Penunjang Urusan Pemerintahan Daerah",
            "pagu_giat": 76011000.0,
            "rinci_giat": null,
            "id_sub_giat": 60662,
            "kode_sub_giat": "1.03.01.2.09.0002",
            "nama_sub_giat": "Penyediaan Jasa Pemeliharaan, Biaya Pemeliharaan, Pajak dan Perizinan Kendaraan Dinas Operasional atau Lapangan",
            "pagu": 65000000.0,
            "pagu_indikatif": 65000000.0,
            "rincian": null,
            "kode_bl": "668.668.4451.18379",
            "kode_sbl": "668.668.4451.18379.60662",
            "kunci_bl": 1,
            "kunci_bl_rinci": 1,
            "user_created": "MUNADI, S.P",
            "created_date": "30-01-2025",
            "created_time": "13:12",
            "user_updated": "MUNADI, S.P",
            "updated_date": "26-03-2025",
            "updated_time": "10:59",
            "is_locked": 0
        },
        {
            "id_sub_bl": 61612,
            "id_daerah": 473,
            "tahun": 2026,
            "id_unit": 668,
            "id_skpd": 668,
            "created_user": 336903,
            "kode_skpd": "1.03.0.00.0.00.01.0000",
            "nama_skpd": "Dinas Pekerjaan Umum dan Penataan Ruang",
            "id_urusan": 11,
            "kode_urusan": "1",
            "nama_urusan": "URUSAN PEMERINTAHAN WAJIB YANG BERKAITAN DENGAN PELAYANAN DASAR",
            "id_bidang_urusan": 203,
            "kode_bidang_urusan": "1.03",
            "nama_bidang_urusan": "URUSAN PEMERINTAHAN BIDANG PEKERJAAN UMUM DAN PENATAAN RUANG",
            "id_sub_skpd": 668,
            "kode_sub_skpd": "1.03.0.00.0.00.01.0000",
            "nama_sub_skpd": "Dinas Pekerjaan Umum dan Penataan Ruang",
            "set_pagu_user": 336903,
            "set_pagu_at": "Thu, 10 Apr 2025 11:43:50 GMT",
            "id_program": 4451,
            "kode_program": "1.03.01",
            "nama_program": "PROGRAM PENUNJANG URUSAN PEMERINTAHAN DAERAH KABUPATEN/KOTA",
            "id_giat": 18379,
            "kode_giat": "1.03.01.2.09",
            "nama_giat": "Pemeliharaan Barang Milik Daerah Penunjang Urusan Pemerintahan Daerah",
            "pagu_giat": 76011000.0,
            "rinci_giat": null,
            "id_sub_giat": 60666,
            "kode_sub_giat": "1.03.01.2.09.0006",
            "nama_sub_giat": "Pemeliharaan Peralatan dan Mesin Lainnya",
            "pagu": 4011000.0,
            "pagu_indikatif": 4011000.0,
            "rincian": null,
            "kode_bl": "668.668.4451.18379",
            "kode_sbl": "668.668.4451.18379.60666",
            "kunci_bl": 1,
            "kunci_bl_rinci": 1,
            "user_created": "MUNADI, S.P",
            "created_date": "30-01-2025",
            "created_time": "13:14",
            "user_updated": null,
            "updated_date": null,
            "updated_time": null,
            "is_locked": 0
        },
        {
            "id_sub_bl": 61614,
            "id_daerah": 473,
            "tahun": 2026,
            "id_unit": 668,
            "id_skpd": 668,
            "created_user": 336903,
            "kode_skpd": "1.03.0.00.0.00.01.0000",
            "nama_skpd": "Dinas Pekerjaan Umum dan Penataan Ruang",
            "id_urusan": 11,
            "kode_urusan": "1",
            "nama_urusan": "URUSAN PEMERINTAHAN WAJIB YANG BERKAITAN DENGAN PELAYANAN DASAR",
            "id_bidang_urusan": 203,
            "kode_bidang_urusan": "1.03",
            "nama_bidang_urusan": "URUSAN PEMERINTAHAN BIDANG PEKERJAAN UMUM DAN PENATAAN RUANG",
            "id_sub_skpd": 668,
            "kode_sub_skpd": "1.03.0.00.0.00.01.0000",
            "nama_sub_skpd": "Dinas Pekerjaan Umum dan Penataan Ruang",
            "set_pagu_user": 336903,
            "set_pagu_at": "Thu, 10 Apr 2025 11:43:50 GMT",
            "id_program": 4451,
            "kode_program": "1.03.01",
            "nama_program": "PROGRAM PENUNJANG URUSAN PEMERINTAHAN DAERAH KABUPATEN/KOTA",
            "id_giat": 18379,
            "kode_giat": "1.03.01.2.09",
            "nama_giat": "Pemeliharaan Barang Milik Daerah Penunjang Urusan Pemerintahan Daerah",
            "pagu_giat": 76011000.0,
            "rinci_giat": null,
            "id_sub_giat": 60669,
            "kode_sub_giat": "1.03.01.2.09.0009",
            "nama_sub_giat": "Pemeliharaan/Rehabilitasi Gedung Kantor dan Bangunan Lainnya",
            "pagu": 7000000.0,
            "pagu_indikatif": 7000000.0,
            "rincian": null,
            "kode_bl": "668.668.4451.18379",
            "kode_sbl": "668.668.4451.18379.60669",
            "kunci_bl": 1,
            "kunci_bl_rinci": 1,
            "user_created": "MUNADI, S.P",
            "created_date": "30-01-2025",
            "created_time": "13:15",
            "user_updated": "MUNADI, S.P",
            "updated_date": "25-03-2025",
            "updated_time": "14:46",
            "is_locked": 0
        },
        {
            "id_sub_bl": 61781,
            "id_daerah": 473,
            "tahun": 2026,
            "id_unit": 668,
            "id_skpd": 668,
            "created_user": 336903,
            "kode_skpd": "1.03.0.00.0.00.01.0000",
            "nama_skpd": "Dinas Pekerjaan Umum dan Penataan Ruang",
            "id_urusan": 11,
            "kode_urusan": "1",
            "nama_urusan": "URUSAN PEMERINTAHAN WAJIB YANG BERKAITAN DENGAN PELAYANAN DASAR",
            "id_bidang_urusan": 203,
            "kode_bidang_urusan": "1.03",
            "nama_bidang_urusan": "URUSAN PEMERINTAHAN BIDANG PEKERJAAN UMUM DAN PENATAAN RUANG",
            "id_sub_skpd": 979,
            "kode_sub_skpd": "1.03.0.00.0.00.01.0001",
            "nama_sub_skpd": "UPTD PERALATAN KELAS A",
            "set_pagu_user": 336903,
            "set_pagu_at": "Thu, 10 Apr 2025 11:43:50 GMT",
            "id_program": 4451,
            "kode_program": "1.03.01",
            "nama_program": "PROGRAM PENUNJANG URUSAN PEMERINTAHAN DAERAH KABUPATEN/KOTA",
            "id_giat": 18377,
            "kode_giat": "1.03.01.2.07",
            "nama_giat": "Pengadaan Barang Milik Daerah Penunjang Urusan Pemerintah Daerah",
            "pagu_giat": 230000000.0,
            "rinci_giat": null,
            "id_sub_giat": 60648,
            "kode_sub_giat": "1.03.01.2.07.0003",
            "nama_sub_giat": "Pengadaan Alat Besar",
            "pagu": 230000000.0,
            "pagu_indikatif": 230000000.0,
            "rincian": null,
            "kode_bl": "668.979.4451.18377",
            "kode_sbl": "668.979.4451.18377.60648",
            "kunci_bl": 1,
            "kunci_bl_rinci": 1,
            "user_created": "MUNADI, S.P",
            "created_date": "30-01-2025",
            "created_time": "15:31",
            "user_updated": "MUNADI, S.P",
            "updated_date": "24-03-2025",
            "updated_time": "10:38",
            "is_locked": 0
        },
        {
            "id_sub_bl": 61784,
            "id_daerah": 473,
            "tahun": 2026,
            "id_unit": 668,
            "id_skpd": 668,
            "created_user": 336903,
            "kode_skpd": "1.03.0.00.0.00.01.0000",
            "nama_skpd": "Dinas Pekerjaan Umum dan Penataan Ruang",
            "id_urusan": 11,
            "kode_urusan": "1",
            "nama_urusan": "URUSAN PEMERINTAHAN WAJIB YANG BERKAITAN DENGAN PELAYANAN DASAR",
            "id_bidang_urusan": 203,
            "kode_bidang_urusan": "1.03",
            "nama_bidang_urusan": "URUSAN PEMERINTAHAN BIDANG PEKERJAAN UMUM DAN PENATAAN RUANG",
            "id_sub_skpd": 979,
            "kode_sub_skpd": "1.03.0.00.0.00.01.0001",
            "nama_sub_skpd": "UPTD PERALATAN KELAS A",
            "set_pagu_user": 336903,
            "set_pagu_at": "Thu, 10 Apr 2025 11:43:50 GMT",
            "id_program": 4451,
            "kode_program": "1.03.01",
            "nama_program": "PROGRAM PENUNJANG URUSAN PEMERINTAHAN DAERAH KABUPATEN/KOTA",
            "id_giat": 18379,
            "kode_giat": "1.03.01.2.09",
            "nama_giat": "Pemeliharaan Barang Milik Daerah Penunjang Urusan Pemerintahan Daerah",
            "pagu_giat": 385000000.0,
            "rinci_giat": null,
            "id_sub_giat": 60663,
            "kode_sub_giat": "1.03.01.2.09.0003",
            "nama_sub_giat": "Penyediaan Jasa Pemeliharaan, Biaya\r\n\nPemeliharaan dan Perizinan Alat Besar",
            "pagu": 385000000.0,
            "pagu_indikatif": 385000000.0,
            "rincian": null,
            "kode_bl": "668.979.4451.18379",
            "kode_sbl": "668.979.4451.18379.60663",
            "kunci_bl": 1,
            "kunci_bl_rinci": 1,
            "user_created": "MUNADI, S.P",
            "created_date": "30-01-2025",
            "created_time": "15:33",
            "user_updated": "MUNADI, S.P",
            "updated_date": "24-03-2025",
            "updated_time": "10:39",
            "is_locked": 0
        }
    ]