[
        {
            "id_sub_bl": 76703,
            "id_daerah": 473,
            "tahun": 2026,
            "id_unit": 694,
            "id_skpd": 694,
            "created_user": 595,
            "kode_skpd": "1.04.2.10.1.03.01.0000",
            "nama_skpd": "Dinas Perumahan Rakyat dan Kawasan Permukiman",
            "id_urusan": 11,
            "kode_urusan": "1",
            "nama_urusan": "URUSAN PEMERINTAHAN WAJIB YANG BERKAITAN DENGAN PELAYANAN DASAR",
            "id_bidang_urusan": 203,
            "kode_bidang_urusan": "1.03",
            "nama_bidang_urusan": "URUSAN PEMERINTAHAN BIDANG PEKERJAAN UMUM DAN PENATAAN RUANG",
            "id_sub_skpd": 694,
            "kode_sub_skpd": "1.04.2.10.1.03.01.0000",
            "nama_sub_skpd": "Dinas Perumahan Rakyat dan Kawasan Permukiman",
            "set_pagu_user": 595,
            "set_pagu_at": "Thu, 26 Jun 2025 10:55:20 GMT",
            "id_program": 3351,
            "kode_program": "1.03.03",
            "nama_program": "PROGRAM PENGELOLAAN DAN PENGEMBANGAN SISTEM PENYEDIAAN AIR MINUM",
            "id_giat": 15537,
            "kode_giat": "1.03.03.2.01",
            "nama_giat": "Pengelolaan dan Pengembangan Sistem Penyediaan Air Minum (SPAM) di Daerah Kabupaten/Kota",
            "pagu_giat": 522042500.0,
            "rinci_giat": null,
            "id_sub_giat": 51695,
            "kode_sub_giat": "1.03.03.2.01.0028",
            "nama_sub_giat": "Pembangunan Sistem Penyediaan Air Minum (SPAM) Jaringan Perpipaan",
            "pagu": 496857500.0,
            "pagu_indikatif": 496857500.0,
            "rincian": null,
            "kode_bl": "694.694.3351.15537",
            "kode_sbl": "694.694.3351.15537.51695",
            "kunci_bl": 1,
            "kunci_bl_rinci": 1,
            "user_created": "Ir.Suharto Handayani",
            "created_date": "22-06-2025",
            "created_time": "10:59",
            "user_updated": "Ir.Suharto Handayani",
            "updated_date": "22-06-2025",
            "updated_time": "18:46",
            "is_locked": 0
        },
        {
            "id_sub_bl": 59755,
            "id_daerah": 473,
            "tahun": 2026,
            "id_unit": 694,
            "id_skpd": 694,
            "created_user": 595,
            "kode_skpd": "1.04.2.10.1.03.01.0000",
            "nama_skpd": "Dinas Perumahan Rakyat dan Kawasan Permukiman",
            "id_urusan": 11,
            "kode_urusan": "1",
            "nama_urusan": "URUSAN PEMERINTAHAN WAJIB YANG BERKAITAN DENGAN PELAYANAN DASAR",
            "id_bidang_urusan": 203,
            "kode_bidang_urusan": "1.03",
            "nama_bidang_urusan": "URUSAN PEMERINTAHAN BIDANG PEKERJAAN UMUM DAN PENATAAN RUANG",
            "id_sub_skpd": 694,
            "kode_sub_skpd": "1.04.2.10.1.03.01.0000",
            "nama_sub_skpd": "Dinas Perumahan Rakyat dan Kawasan Permukiman",
            "set_pagu_user": 595,
            "set_pagu_at": "Thu, 26 Jun 2025 10:55:20 GMT",
            "id_program": 3351,
            "kode_program": "1.03.03",
            "nama_program": "PROGRAM PENGELOLAAN DAN PENGEMBANGAN SISTEM PENYEDIAAN AIR MINUM",
            "id_giat": 15537,
            "kode_giat": "1.03.03.2.01",
            "nama_giat": "Pengelolaan dan Pengembangan Sistem Penyediaan Air Minum (SPAM) di Daerah Kabupaten/Kota",
            "pagu_giat": 522042500.0,
            "rinci_giat": null,
            "id_sub_giat": 51699,
            "kode_sub_giat": "1.03.03.2.01.0032",
            "nama_sub_giat": "Perluasan Sistem Penyediaan Air Minum (SPAM) Jaringan Perpipaan",
            "pagu": 25185000.0,
            "pagu_indikatif": 25185000.0,
            "rincian": null,
            "kode_bl": "694.694.3351.15537",
            "kode_sbl": "694.694.3351.15537.51699",
            "kunci_bl": 1,
            "kunci_bl_rinci": 1,
            "user_created": "Ir.Suharto Handayani",
            "created_date": "22-01-2025",
            "created_time": "08:44",
            "user_updated": "Ir.Suharto Handayani",
            "updated_date": "22-06-2025",
            "updated_time": "10:05",
            "is_locked": 0
        },
        {
            "id_sub_bl": 63537,
            "id_daerah": 473,
            "tahun": 2026,
            "id_unit": 694,
            "id_skpd": 694,
            "created_user": 595,
            "kode_skpd": "1.04.2.10.1.03.01.0000",
            "nama_skpd": "Dinas Perumahan Rakyat dan Kawasan Permukiman",
            "id_urusan": 11,
            "kode_urusan": "1",
            "nama_urusan": "URUSAN PEMERINTAHAN WAJIB YANG BERKAITAN DENGAN PELAYANAN DASAR",
            "id_bidang_urusan": 203,
            "kode_bidang_urusan": "1.03",
            "nama_bidang_urusan": "URUSAN PEMERINTAHAN BIDANG PEKERJAAN UMUM DAN PENATAAN RUANG",
            "id_sub_skpd": 694,
            "kode_sub_skpd": "1.04.2.10.1.03.01.0000",
            "nama_sub_skpd": "Dinas Perumahan Rakyat dan Kawasan Permukiman",
            "set_pagu_user": 595,
            "set_pagu_at": "Thu, 26 Jun 2025 10:55:20 GMT",
            "id_program": 3355,
            "kode_program": "1.03.05",
            "nama_program": "PROGRAM PENGELOLAAN DAN PENGEMBANGAN SISTEM AIR LIMBAH",
            "id_giat": 15541,
            "kode_giat": "1.03.05.2.01",
            "nama_giat": "Pengelolaan dan Pengembangan Sistem Air Limbah Domestik dalam Daerah Kabupaten/Kota",
            "pagu_giat": 358800000.0,
            "rinci_giat": null,
            "id_sub_giat": 51737,
            "kode_sub_giat": "1.03.05.2.01.0023",
            "nama_sub_giat": "Pembangunan Sistem Pengelolaan Air Limbah Domestik (SPALD) Terpusat Skala Permukiman Berbasis Masyarakat",
            "pagu": 358800000.0,
            "pagu_indikatif": 358800000.0,
            "rincian": null,
            "kode_bl": "694.694.3355.15541",
            "kode_sbl": "694.694.3355.15541.51737",
            "kunci_bl": 1,
            "kunci_bl_rinci": 1,
            "user_created": "Ir.Suharto Handayani",
            "created_date": "03-02-2025",
            "created_time": "09:28",
            "user_updated": "Ir.Suharto Handayani",
            "updated_date": "22-06-2025",
            "updated_time": "10:09",
            "is_locked": 0
        },
        {
            "id_sub_bl": 59821,
            "id_daerah": 473,
            "tahun": 2026,
            "id_unit": 694,
            "id_skpd": 694,
            "created_user": 595,
            "kode_skpd": "1.04.2.10.1.03.01.0000",
            "nama_skpd": "Dinas Perumahan Rakyat dan Kawasan Permukiman",
            "id_urusan": 11,
            "kode_urusan": "1",
            "nama_urusan": "URUSAN PEMERINTAHAN WAJIB YANG BERKAITAN DENGAN PELAYANAN DASAR",
            "id_bidang_urusan": 204,
            "kode_bidang_urusan": "1.04",
            "nama_bidang_urusan": "URUSAN PEMERINTAHAN BIDANG PERUMAHAN DAN KAWASAN PERMUKIMAN",
            "id_sub_skpd": 694,
            "kode_sub_skpd": "1.04.2.10.1.03.01.0000",
            "nama_sub_skpd": "Dinas Perumahan Rakyat dan Kawasan Permukiman",
            "set_pagu_user": 595,
            "set_pagu_at": "Thu, 26 Jun 2025 10:55:20 GMT",
            "id_program": 3407,
            "kode_program": "1.04.02",
            "nama_program": "PROGRAM PENGEMBANGAN PERUMAHAN",
            "id_giat": 15650,
            "kode_giat": "1.04.02.2.03",
            "nama_giat": "Pembangunan dan Rehabilitasi Rumah Korban Bencana atau Relokasi Program Kabupaten/Kota",
            "pagu_giat": 48000000.0,
            "rinci_giat": null,
            "id_sub_giat": 52273,
            "kode_sub_giat": "1.04.02.2.03.0001",
            "nama_sub_giat": "Rehabilitasi Rumah bagi Korban Bencana",
            "pagu": 48000000.0,
            "pagu_indikatif": 48000000.0,
            "rincian": null,
            "kode_bl": "694.694.3407.15650",
            "kode_sbl": "694.694.3407.15650.52273",
            "kunci_bl": 1,
            "kunci_bl_rinci": 1,
            "user_created": "Ir.Suharto Handayani",
            "created_date": "22-01-2025",
            "created_time": "09:55",
            "user_updated": "Ir.Suharto Handayani",
            "updated_date": "22-06-2025",
            "updated_time": "10:18",
            "is_locked": 0
        },
        {
            "id_sub_bl": 59866,
            "id_daerah": 473,
            "tahun": 2026,
            "id_unit": 694,
            "id_skpd": 694,
            "created_user": 595,
            "kode_skpd": "1.04.2.10.1.03.01.0000",
            "nama_skpd": "Dinas Perumahan Rakyat dan Kawasan Permukiman",
            "id_urusan": 11,
            "kode_urusan": "1",
            "nama_urusan": "URUSAN PEMERINTAHAN WAJIB YANG BERKAITAN DENGAN PELAYANAN DASAR",
            "id_bidang_urusan": 204,
            "kode_bidang_urusan": "1.04",
            "nama_bidang_urusan": "URUSAN PEMERINTAHAN BIDANG PERUMAHAN DAN KAWASAN PERMUKIMAN",
            "id_sub_skpd": 694,
            "kode_sub_skpd": "1.04.2.10.1.03.01.0000",
            "nama_sub_skpd": "Dinas Perumahan Rakyat dan Kawasan Permukiman",
            "set_pagu_user": 595,
            "set_pagu_at": "Thu, 26 Jun 2025 10:55:20 GMT",
            "id_program": 3407,
            "kode_program": "1.04.02",
            "nama_program": "PROGRAM PENGEMBANGAN PERUMAHAN",
            "id_giat": 15650,
            "kode_giat": "1.04.02.2.03",
            "nama_giat": "Pembangunan dan Rehabilitasi Rumah Korban Bencana atau Relokasi Program Kabupaten/Kota",
            "pagu_giat": 48000000.0,
            "rinci_giat": null,
            "id_sub_giat": 52274,
            "kode_sub_giat": "1.04.02.2.03.0004",
            "nama_sub_giat": "Pembangunan Rumah bagi Korban Bencana",
            "pagu": 0.0,
            "pagu_indikatif": 0.0,
            "rincian": null,
            "kode_bl": "694.694.3407.15650",
            "kode_sbl": "694.694.3407.15650.52274",
            "kunci_bl": 1,
            "kunci_bl_rinci": 1,
            "user_created": "Ir.Suharto Handayani",
            "created_date": "22-01-2025",
            "created_time": "10:51",
            "user_updated": "Ir.Suharto Handayani",
            "updated_date": "03-02-2025",
            "updated_time": "09:42",
            "is_locked": 0
        },
        {
            "id_sub_bl": 73293,
            "id_daerah": 473,
            "tahun": 2026,
            "id_unit": 694,
            "id_skpd": 694,
            "created_user": 595,
            "kode_skpd": "1.04.2.10.1.03.01.0000",
            "nama_skpd": "Dinas Perumahan Rakyat dan Kawasan Permukiman",
            "id_urusan": 11,
            "kode_urusan": "1",
            "nama_urusan": "URUSAN PEMERINTAHAN WAJIB YANG BERKAITAN DENGAN PELAYANAN DASAR",
            "id_bidang_urusan": 204,
            "kode_bidang_urusan": "1.04",
            "nama_bidang_urusan": "URUSAN PEMERINTAHAN BIDANG PERUMAHAN DAN KAWASAN PERMUKIMAN",
            "id_sub_skpd": 694,
            "kode_sub_skpd": "1.04.2.10.1.03.01.0000",
            "nama_sub_skpd": "Dinas Perumahan Rakyat dan Kawasan Permukiman",
            "set_pagu_user": 595,
            "set_pagu_at": "Thu, 26 Jun 2025 10:55:20 GMT",
            "id_program": 3407,
            "kode_program": "1.04.02",
            "nama_program": "PROGRAM PENGEMBANGAN PERUMAHAN",
            "id_giat": 15653,
            "kode_giat": "1.04.02.2.06",
            "nama_giat": "Penerbitan Izin Pembangunan dan Pengembangan Perumahan",
            "pagu_giat": 0.0,
            "rinci_giat": null,
            "id_sub_giat": 52294,
            "kode_sub_giat": "1.04.02.2.06.0003",
            "nama_sub_giat": "Koordinasi dan Sinkronisasi Pengendalian Pembangunan dan Pengembangan Perumahan",
            "pagu": 0.0,
            "pagu_indikatif": 0.0,
            "rincian": null,
            "kode_bl": "694.694.3407.15653",
            "kode_sbl": "694.694.3407.15653.52294",
            "kunci_bl": 1,
            "kunci_bl_rinci": 1,
            "user_created": "Ir.Suharto Handayani",
            "created_date": "25-03-2025",
            "created_time": "22:07",
            "user_updated": "Ir.Suharto Handayani",
            "updated_date": "22-06-2025",
            "updated_time": "10:20",
            "is_locked": 0
        },
        {
            "id_sub_bl": 59824,
            "id_daerah": 473,
            "tahun": 2026,
            "id_unit": 694,
            "id_skpd": 694,
            "created_user": 595,
            "kode_skpd": "1.04.2.10.1.03.01.0000",
            "nama_skpd": "Dinas Perumahan Rakyat dan Kawasan Permukiman",
            "id_urusan": 11,
            "kode_urusan": "1",
            "nama_urusan": "URUSAN PEMERINTAHAN WAJIB YANG BERKAITAN DENGAN PELAYANAN DASAR",
            "id_bidang_urusan": 204,
            "kode_bidang_urusan": "1.04",
            "nama_bidang_urusan": "URUSAN PEMERINTAHAN BIDANG PERUMAHAN DAN KAWASAN PERMUKIMAN",
            "id_sub_skpd": 694,
            "kode_sub_skpd": "1.04.2.10.1.03.01.0000",
            "nama_sub_skpd": "Dinas Perumahan Rakyat dan Kawasan Permukiman",
            "set_pagu_user": 595,
            "set_pagu_at": "Thu, 26 Jun 2025 10:55:20 GMT",
            "id_program": 3409,
            "kode_program": "1.04.03",
            "nama_program": "PROGRAM KAWASAN PERMUKIMAN",
            "id_giat": 15658,
            "kode_giat": "1.04.03.2.02",
            "nama_giat": "Penataan dan Peningkatan Kualitas Kawasan Permukiman Kumuh dengan Luas di Bawah 10 (Sepuluh) Ha",
            "pagu_giat": 200000000.0,
            "rinci_giat": null,
            "id_sub_giat": 52324,
            "kode_sub_giat": "1.04.03.2.02.0008",
            "nama_sub_giat": "Penyusunan/Review/Legalisasi Kebijakan Bidang PKP",
            "pagu": 200000000.0,
            "pagu_indikatif": 200000000.0,
            "rincian": null,
            "kode_bl": "694.694.3409.15658",
            "kode_sbl": "694.694.3409.15658.52324",
            "kunci_bl": 1,
            "kunci_bl_rinci": 1,
            "user_created": "Ir.Suharto Handayani",
            "created_date": "22-01-2025",
            "created_time": "09:58",
            "user_updated": "Ir.Suharto Handayani",
            "updated_date": "22-06-2025",
            "updated_time": "10:21",
            "is_locked": 0
        },
        {
            "id_sub_bl": 59829,
            "id_daerah": 473,
            "tahun": 2026,
            "id_unit": 694,
            "id_skpd": 694,
            "created_user": 595,
            "kode_skpd": "1.04.2.10.1.03.01.0000",
            "nama_skpd": "Dinas Perumahan Rakyat dan Kawasan Permukiman",
            "id_urusan": 11,
            "kode_urusan": "1",
            "nama_urusan": "URUSAN PEMERINTAHAN WAJIB YANG BERKAITAN DENGAN PELAYANAN DASAR",
            "id_bidang_urusan": 204,
            "kode_bidang_urusan": "1.04",
            "nama_bidang_urusan": "URUSAN PEMERINTAHAN BIDANG PERUMAHAN DAN KAWASAN PERMUKIMAN",
            "id_sub_skpd": 694,
            "kode_sub_skpd": "1.04.2.10.1.03.01.0000",
            "nama_sub_skpd": "Dinas Perumahan Rakyat dan Kawasan Permukiman",
            "set_pagu_user": 595,
            "set_pagu_at": "Thu, 26 Jun 2025 10:55:20 GMT",
            "id_program": 3409,
            "kode_program": "1.04.03",
            "nama_program": "PROGRAM KAWASAN PERMUKIMAN",
            "id_giat": 15659,
            "kode_giat": "1.04.03.2.03",
            "nama_giat": "Peningkatan Kualitas Kawasan Permukiman Kumuh dengan Luas di Bawah 10 (Sepuluh) Ha",
            "pagu_giat": 272400000.0,
            "rinci_giat": null,
            "id_sub_giat": 52331,
            "kode_sub_giat": "1.04.03.2.03.0002",
            "nama_sub_giat": "Perbaikan Rumah Tidak Layak Huni ",
            "pagu": 48000000.0,
            "pagu_indikatif": 48000000.0,
            "rincian": null,
            "kode_bl": "694.694.3409.15659",
            "kode_sbl": "694.694.3409.15659.52331",
            "kunci_bl": 1,
            "kunci_bl_rinci": 1,
            "user_created": "Ir.Suharto Handayani",
            "created_date": "22-01-2025",
            "created_time": "10:01",
            "user_updated": "Ir.Suharto Handayani",
            "updated_date": "22-06-2025",
            "updated_time": "10:22",
            "is_locked": 0
        },
        {
            "id_sub_bl": 59827,
            "id_daerah": 473,
            "tahun": 2026,
            "id_unit": 694,
            "id_skpd": 694,
            "created_user": 595,
            "kode_skpd": "1.04.2.10.1.03.01.0000",
            "nama_skpd": "Dinas Perumahan Rakyat dan Kawasan Permukiman",
            "id_urusan": 11,
            "kode_urusan": "1",
            "nama_urusan": "URUSAN PEMERINTAHAN WAJIB YANG BERKAITAN DENGAN PELAYANAN DASAR",
            "id_bidang_urusan": 204,
            "kode_bidang_urusan": "1.04",
            "nama_bidang_urusan": "URUSAN PEMERINTAHAN BIDANG PERUMAHAN DAN KAWASAN PERMUKIMAN",
            "id_sub_skpd": 694,
            "kode_sub_skpd": "1.04.2.10.1.03.01.0000",
            "nama_sub_skpd": "Dinas Perumahan Rakyat dan Kawasan Permukiman",
            "set_pagu_user": 595,
            "set_pagu_at": "Thu, 26 Jun 2025 10:55:20 GMT",
            "id_program": 3409,
            "kode_program": "1.04.03",
            "nama_program": "PROGRAM KAWASAN PERMUKIMAN",
            "id_giat": 15659,
            "kode_giat": "1.04.03.2.03",
            "nama_giat": "Peningkatan Kualitas Kawasan Permukiman Kumuh dengan Luas di Bawah 10 (Sepuluh) Ha",
            "pagu_giat": 272400000.0,
            "rinci_giat": null,
            "id_sub_giat": 52335,
            "kode_sub_giat": "1.04.03.2.03.0009",
            "nama_sub_giat": "Pelaksanaan Peremajaan Kawasan Permukiman Kumuh",
            "pagu": 224400000.0,
            "pagu_indikatif": 224400000.0,
            "rincian": null,
            "kode_bl": "694.694.3409.15659",
            "kode_sbl": "694.694.3409.15659.52335",
            "kunci_bl": 1,
            "kunci_bl_rinci": 1,
            "user_created": "Ir.Suharto Handayani",
            "created_date": "22-01-2025",
            "created_time": "10:00",
            "user_updated": "Ir.Suharto Handayani",
            "updated_date": "22-06-2025",
            "updated_time": "10:53",
            "is_locked": 0
        },
        {
            "id_sub_bl": 59830,
            "id_daerah": 473,
            "tahun": 2026,
            "id_unit": 694,
            "id_skpd": 694,
            "created_user": 595,
            "kode_skpd": "1.04.2.10.1.03.01.0000",
            "nama_skpd": "Dinas Perumahan Rakyat dan Kawasan Permukiman",
            "id_urusan": 11,
            "kode_urusan": "1",
            "nama_urusan": "URUSAN PEMERINTAHAN WAJIB YANG BERKAITAN DENGAN PELAYANAN DASAR",
            "id_bidang_urusan": 204,
            "kode_bidang_urusan": "1.04",
            "nama_bidang_urusan": "URUSAN PEMERINTAHAN BIDANG PERUMAHAN DAN KAWASAN PERMUKIMAN",
            "id_sub_skpd": 694,
            "kode_sub_skpd": "1.04.2.10.1.03.01.0000",
            "nama_sub_skpd": "Dinas Perumahan Rakyat dan Kawasan Permukiman",
            "set_pagu_user": 595,
            "set_pagu_at": "Thu, 26 Jun 2025 10:55:20 GMT",
            "id_program": 3410,
            "kode_program": "1.04.04",
            "nama_program": "PROGRAM PERUMAHAN DAN KAWASAN PERMUKIMAN KUMUH",
            "id_giat": 15660,
            "kode_giat": "1.04.04.2.01",
            "nama_giat": "Pencegahan Perumahan dan Kawasan Permukiman Kumuh pada Daerah Kabupaten/Kota",
            "pagu_giat": 960000000.0,
            "rinci_giat": null,
            "id_sub_giat": 52341,
            "kode_sub_giat": "1.04.04.2.01.0001",
            "nama_sub_giat": "Perbaikan Rumah Tidak Layak Huni untuk Pencegahan Terhadap Tumbuh dan Berkembangnya Permukiman Kumuh di Luar Kawasan Permukiman Kumuh dengan Luas di Bawah 10 (Sepuluh) Ha",
            "pagu": 960000000.0,
            "pagu_indikatif": 960000000.0,
            "rincian": null,
            "kode_bl": "694.694.3410.15660",
            "kode_sbl": "694.694.3410.15660.52341",
            "kunci_bl": 1,
            "kunci_bl_rinci": 1,
            "user_created": "Ir.Suharto Handayani",
            "created_date": "22-01-2025",
            "created_time": "10:04",
            "user_updated": "Ir.Suharto Handayani",
            "updated_date": "22-06-2025",
            "updated_time": "10:54",
            "is_locked": 0
        },
        {
            "id_sub_bl": 59832,
            "id_daerah": 473,
            "tahun": 2026,
            "id_unit": 694,
            "id_skpd": 694,
            "created_user": 595,
            "kode_skpd": "1.04.2.10.1.03.01.0000",
            "nama_skpd": "Dinas Perumahan Rakyat dan Kawasan Permukiman",
            "id_urusan": 11,
            "kode_urusan": "1",
            "nama_urusan": "URUSAN PEMERINTAHAN WAJIB YANG BERKAITAN DENGAN PELAYANAN DASAR",
            "id_bidang_urusan": 204,
            "kode_bidang_urusan": "1.04",
            "nama_bidang_urusan": "URUSAN PEMERINTAHAN BIDANG PERUMAHAN DAN KAWASAN PERMUKIMAN",
            "id_sub_skpd": 694,
            "kode_sub_skpd": "1.04.2.10.1.03.01.0000",
            "nama_sub_skpd": "Dinas Perumahan Rakyat dan Kawasan Permukiman",
            "set_pagu_user": 595,
            "set_pagu_at": "Thu, 26 Jun 2025 10:55:20 GMT",
            "id_program": 3412,
            "kode_program": "1.04.05",
            "nama_program": "PROGRAM PENINGKATAN PRASARANA, SARANA DAN UTILITAS UMUM (PSU)",
            "id_giat": 15662,
            "kode_giat": "1.04.05.2.01",
            "nama_giat": "Urusan Penyelenggaraan PSU Perumahan",
            "pagu_giat": 1637901535.0,
            "rinci_giat": null,
            "id_sub_giat": 52355,
            "kode_sub_giat": "1.04.05.2.01.0001",
            "nama_sub_giat": "Perencanaan Penyediaan PSU Perumahan",
            "pagu": 50000000.0,
            "pagu_indikatif": 50000000.0,
            "rincian": null,
            "kode_bl": "694.694.3412.15662",
            "kode_sbl": "694.694.3412.15662.52355",
            "kunci_bl": 1,
            "kunci_bl_rinci": 1,
            "user_created": "Ir.Suharto Handayani",
            "created_date": "22-01-2025",
            "created_time": "10:06",
            "user_updated": "Ir.Suharto Handayani",
            "updated_date": "22-06-2025",
            "updated_time": "10:55",
            "is_locked": 0
        },
        {
            "id_sub_bl": 76706,
            "id_daerah": 473,
            "tahun": 2026,
            "id_unit": 694,
            "id_skpd": 694,
            "created_user": 595,
            "kode_skpd": "1.04.2.10.1.03.01.0000",
            "nama_skpd": "Dinas Perumahan Rakyat dan Kawasan Permukiman",
            "id_urusan": 11,
            "kode_urusan": "1",
            "nama_urusan": "URUSAN PEMERINTAHAN WAJIB YANG BERKAITAN DENGAN PELAYANAN DASAR",
            "id_bidang_urusan": 204,
            "kode_bidang_urusan": "1.04",
            "nama_bidang_urusan": "URUSAN PEMERINTAHAN BIDANG PERUMAHAN DAN KAWASAN PERMUKIMAN",
            "id_sub_skpd": 694,
            "kode_sub_skpd": "1.04.2.10.1.03.01.0000",
            "nama_sub_skpd": "Dinas Perumahan Rakyat dan Kawasan Permukiman",
            "set_pagu_user": 595,
            "set_pagu_at": "Thu, 26 Jun 2025 10:55:20 GMT",
            "id_program": 3412,
            "kode_program": "1.04.05",
            "nama_program": "PROGRAM PENINGKATAN PRASARANA, SARANA DAN UTILITAS UMUM (PSU)",
            "id_giat": 15662,
            "kode_giat": "1.04.05.2.01",
            "nama_giat": "Urusan Penyelenggaraan PSU Perumahan",
            "pagu_giat": 1637901535.0,
            "rinci_giat": null,
            "id_sub_giat": 52360,
            "kode_sub_giat": "1.04.05.2.01.0010",
            "nama_sub_giat": "Verifikasi dan Penyerahan PSU Perumahan dari Pengembang",
            "pagu": 20000000.0,
            "pagu_indikatif": 20000000.0,
            "rincian": null,
            "kode_bl": "694.694.3412.15662",
            "kode_sbl": "694.694.3412.15662.52360",
            "kunci_bl": 1,
            "kunci_bl_rinci": 1,
            "user_created": "Ir.Suharto Handayani",
            "created_date": "22-06-2025",
            "created_time": "11:01",
            "user_updated": null,
            "updated_date": null,
            "updated_time": null,
            "is_locked": 0
        },
        {
            "id_sub_bl": 73345,
            "id_daerah": 473,
            "tahun": 2026,
            "id_unit": 694,
            "id_skpd": 694,
            "created_user": 595,
            "kode_skpd": "1.04.2.10.1.03.01.0000",
            "nama_skpd": "Dinas Perumahan Rakyat dan Kawasan Permukiman",
            "id_urusan": 11,
            "kode_urusan": "1",
            "nama_urusan": "URUSAN PEMERINTAHAN WAJIB YANG BERKAITAN DENGAN PELAYANAN DASAR",
            "id_bidang_urusan": 204,
            "kode_bidang_urusan": "1.04",
            "nama_bidang_urusan": "URUSAN PEMERINTAHAN BIDANG PERUMAHAN DAN KAWASAN PERMUKIMAN",
            "id_sub_skpd": 694,
            "kode_sub_skpd": "1.04.2.10.1.03.01.0000",
            "nama_sub_skpd": "Dinas Perumahan Rakyat dan Kawasan Permukiman",
            "set_pagu_user": 595,
            "set_pagu_at": "Thu, 26 Jun 2025 10:55:20 GMT",
            "id_program": 3412,
            "kode_program": "1.04.05",
            "nama_program": "PROGRAM PENINGKATAN PRASARANA, SARANA DAN UTILITAS UMUM (PSU)",
            "id_giat": 15662,
            "kode_giat": "1.04.05.2.01",
            "nama_giat": "Urusan Penyelenggaraan PSU Perumahan",
            "pagu_giat": 1637901535.0,
            "rinci_giat": null,
            "id_sub_giat": 52362,
            "kode_sub_giat": "1.04.05.2.01.0012",
            "nama_sub_giat": "Penyediaan Prasarana, Sarana, dan Utilitas Umum di Perumahan",
            "pagu": 1567901535.0,
            "pagu_indikatif": 1567901535.0,
            "rincian": null,
            "kode_bl": "694.694.3412.15662",
            "kode_sbl": "694.694.3412.15662.52362",
            "kunci_bl": 1,
            "kunci_bl_rinci": 1,
            "user_created": "Ir.Suharto Handayani",
            "created_date": "26-03-2025",
            "created_time": "10:15",
            "user_updated": "Ir.Suharto Handayani",
            "updated_date": "22-06-2025",
            "updated_time": "10:57",
            "is_locked": 0
        },
        {
            "id_sub_bl": 59759,
            "id_daerah": 473,
            "tahun": 2026,
            "id_unit": 694,
            "id_skpd": 694,
            "created_user": 595,
            "kode_skpd": "1.04.2.10.1.03.01.0000",
            "nama_skpd": "Dinas Perumahan Rakyat dan Kawasan Permukiman",
            "id_urusan": 11,
            "kode_urusan": "1",
            "nama_urusan": "URUSAN PEMERINTAHAN WAJIB YANG BERKAITAN DENGAN PELAYANAN DASAR",
            "id_bidang_urusan": 204,
            "kode_bidang_urusan": "1.04",
            "nama_bidang_urusan": "URUSAN PEMERINTAHAN BIDANG PERUMAHAN DAN KAWASAN PERMUKIMAN",
            "id_sub_skpd": 694,
            "kode_sub_skpd": "1.04.2.10.1.03.01.0000",
            "nama_sub_skpd": "Dinas Perumahan Rakyat dan Kawasan Permukiman",
            "set_pagu_user": 595,
            "set_pagu_at": "Thu, 26 Jun 2025 10:55:20 GMT",
            "id_program": 4451,
            "kode_program": "1.04.01",
            "nama_program": "PROGRAM PENUNJANG URUSAN PEMERINTAHAN DAERAH KABUPATEN/KOTA",
            "id_giat": 18371,
            "kode_giat": "1.04.01.2.01",
            "nama_giat": "Perencanaan, Penganggaran, dan Evaluasi Kinerja Perangkat Daerah",
            "pagu_giat": 110000000.0,
            "rinci_giat": null,
            "id_sub_giat": 60589,
            "kode_sub_giat": "1.04.01.2.01.0001",
            "nama_sub_giat": "Penyusunan Dokumen Perencanaan Perangkat Daerah",
            "pagu": 60000000.0,
            "pagu_indikatif": 60000000.0,
            "rincian": null,
            "kode_bl": "694.694.4451.18371",
            "kode_sbl": "694.694.4451.18371.60589",
            "kunci_bl": 1,
            "kunci_bl_rinci": 1,
            "user_created": "Ir.Suharto Handayani",
            "created_date": "22-01-2025",
            "created_time": "08:54",
            "user_updated": "Ir.Suharto Handayani",
            "updated_date": "22-06-2025",
            "updated_time": "10:13",
            "is_locked": 0
        },
        {
            "id_sub_bl": 59762,
            "id_daerah": 473,
            "tahun": 2026,
            "id_unit": 694,
            "id_skpd": 694,
            "created_user": 595,
            "kode_skpd": "1.04.2.10.1.03.01.0000",
            "nama_skpd": "Dinas Perumahan Rakyat dan Kawasan Permukiman",
            "id_urusan": 11,
            "kode_urusan": "1",
            "nama_urusan": "URUSAN PEMERINTAHAN WAJIB YANG BERKAITAN DENGAN PELAYANAN DASAR",
            "id_bidang_urusan": 204,
            "kode_bidang_urusan": "1.04",
            "nama_bidang_urusan": "URUSAN PEMERINTAHAN BIDANG PERUMAHAN DAN KAWASAN PERMUKIMAN",
            "id_sub_skpd": 694,
            "kode_sub_skpd": "1.04.2.10.1.03.01.0000",
            "nama_sub_skpd": "Dinas Perumahan Rakyat dan Kawasan Permukiman",
            "set_pagu_user": 595,
            "set_pagu_at": "Thu, 26 Jun 2025 10:55:20 GMT",
            "id_program": 4451,
            "kode_program": "1.04.01",
            "nama_program": "PROGRAM PENUNJANG URUSAN PEMERINTAHAN DAERAH KABUPATEN/KOTA",
            "id_giat": 18371,
            "kode_giat": "1.04.01.2.01",
            "nama_giat": "Perencanaan, Penganggaran, dan Evaluasi Kinerja Perangkat Daerah",
            "pagu_giat": 110000000.0,
            "rinci_giat": null,
            "id_sub_giat": 60590,
            "kode_sub_giat": "1.04.01.2.01.0002",
            "nama_sub_giat": "Koordinasi dan Penyusunan Dokumen RKA-SKPD",
            "pagu": 8000000.0,
            "pagu_indikatif": 8000000.0,
            "rincian": null,
            "kode_bl": "694.694.4451.18371",
            "kode_sbl": "694.694.4451.18371.60590",
            "kunci_bl": 1,
            "kunci_bl_rinci": 1,
            "user_created": "Ir.Suharto Handayani",
            "created_date": "22-01-2025",
            "created_time": "08:56",
            "user_updated": "Ir.Suharto Handayani",
            "updated_date": "22-06-2025",
            "updated_time": "10:14",
            "is_locked": 0
        },
        {
            "id_sub_bl": 59766,
            "id_daerah": 473,
            "tahun": 2026,
            "id_unit": 694,
            "id_skpd": 694,
            "created_user": 595,
            "kode_skpd": "1.04.2.10.1.03.01.0000",
            "nama_skpd": "Dinas Perumahan Rakyat dan Kawasan Permukiman",
            "id_urusan": 11,
            "kode_urusan": "1",
            "nama_urusan": "URUSAN PEMERINTAHAN WAJIB YANG BERKAITAN DENGAN PELAYANAN DASAR",
            "id_bidang_urusan": 204,
            "kode_bidang_urusan": "1.04",
            "nama_bidang_urusan": "URUSAN PEMERINTAHAN BIDANG PERUMAHAN DAN KAWASAN PERMUKIMAN",
            "id_sub_skpd": 694,
            "kode_sub_skpd": "1.04.2.10.1.03.01.0000",
            "nama_sub_skpd": "Dinas Perumahan Rakyat dan Kawasan Permukiman",
            "set_pagu_user": 595,
            "set_pagu_at": "Thu, 26 Jun 2025 10:55:20 GMT",
            "id_program": 4451,
            "kode_program": "1.04.01",
            "nama_program": "PROGRAM PENUNJANG URUSAN PEMERINTAHAN DAERAH KABUPATEN/KOTA",
            "id_giat": 18371,
            "kode_giat": "1.04.01.2.01",
            "nama_giat": "Perencanaan, Penganggaran, dan Evaluasi Kinerja Perangkat Daerah",
            "pagu_giat": 110000000.0,
            "rinci_giat": null,
            "id_sub_giat": 60591,
            "kode_sub_giat": "1.04.01.2.01.0003",
            "nama_sub_giat": "Koordinasi dan Penyusunan Dokumen Perubahan RKA-SKPD",
            "pagu": 8000000.0,
            "pagu_indikatif": 8000000.0,
            "rincian": null,
            "kode_bl": "694.694.4451.18371",
            "kode_sbl": "694.694.4451.18371.60591",
            "kunci_bl": 1,
            "kunci_bl_rinci": 1,
            "user_created": "Ir.Suharto Handayani",
            "created_date": "22-01-2025",
            "created_time": "08:59",
            "user_updated": "Ir.Suharto Handayani",
            "updated_date": "22-06-2025",
            "updated_time": "10:15",
            "is_locked": 0
        },
        {
            "id_sub_bl": 59765,
            "id_daerah": 473,
            "tahun": 2026,
            "id_unit": 694,
            "id_skpd": 694,
            "created_user": 595,
            "kode_skpd": "1.04.2.10.1.03.01.0000",
            "nama_skpd": "Dinas Perumahan Rakyat dan Kawasan Permukiman",
            "id_urusan": 11,
            "kode_urusan": "1",
            "nama_urusan": "URUSAN PEMERINTAHAN WAJIB YANG BERKAITAN DENGAN PELAYANAN DASAR",
            "id_bidang_urusan": 204,
            "kode_bidang_urusan": "1.04",
            "nama_bidang_urusan": "URUSAN PEMERINTAHAN BIDANG PERUMAHAN DAN KAWASAN PERMUKIMAN",
            "id_sub_skpd": 694,
            "kode_sub_skpd": "1.04.2.10.1.03.01.0000",
            "nama_sub_skpd": "Dinas Perumahan Rakyat dan Kawasan Permukiman",
            "set_pagu_user": 595,
            "set_pagu_at": "Thu, 26 Jun 2025 10:55:20 GMT",
            "id_program": 4451,
            "kode_program": "1.04.01",
            "nama_program": "PROGRAM PENUNJANG URUSAN PEMERINTAHAN DAERAH KABUPATEN/KOTA",
            "id_giat": 18371,
            "kode_giat": "1.04.01.2.01",
            "nama_giat": "Perencanaan, Penganggaran, dan Evaluasi Kinerja Perangkat Daerah",
            "pagu_giat": 110000000.0,
            "rinci_giat": null,
            "id_sub_giat": 60592,
            "kode_sub_giat": "1.04.01.2.01.0004",
            "nama_sub_giat": "Koordinasi dan Penyusunan DPA-SKPD",
            "pagu": 8000000.0,
            "pagu_indikatif": 8000000.0,
            "rincian": null,
            "kode_bl": "694.694.4451.18371",
            "kode_sbl": "694.694.4451.18371.60592",
            "kunci_bl": 1,
            "kunci_bl_rinci": 1,
            "user_created": "Ir.Suharto Handayani",
            "created_date": "22-01-2025",
            "created_time": "08:58",
            "user_updated": "Ir.Suharto Handayani",
            "updated_date": "22-06-2025",
            "updated_time": "10:16",
            "is_locked": 0
        },
        {
            "id_sub_bl": 59767,
            "id_daerah": 473,
            "tahun": 2026,
            "id_unit": 694,
            "id_skpd": 694,
            "created_user": 595,
            "kode_skpd": "1.04.2.10.1.03.01.0000",
            "nama_skpd": "Dinas Perumahan Rakyat dan Kawasan Permukiman",
            "id_urusan": 11,
            "kode_urusan": "1",
            "nama_urusan": "URUSAN PEMERINTAHAN WAJIB YANG BERKAITAN DENGAN PELAYANAN DASAR",
            "id_bidang_urusan": 204,
            "kode_bidang_urusan": "1.04",
            "nama_bidang_urusan": "URUSAN PEMERINTAHAN BIDANG PERUMAHAN DAN KAWASAN PERMUKIMAN",
            "id_sub_skpd": 694,
            "kode_sub_skpd": "1.04.2.10.1.03.01.0000",
            "nama_sub_skpd": "Dinas Perumahan Rakyat dan Kawasan Permukiman",
            "set_pagu_user": 595,
            "set_pagu_at": "Thu, 26 Jun 2025 10:55:20 GMT",
            "id_program": 4451,
            "kode_program": "1.04.01",
            "nama_program": "PROGRAM PENUNJANG URUSAN PEMERINTAHAN DAERAH KABUPATEN/KOTA",
            "id_giat": 18371,
            "kode_giat": "1.04.01.2.01",
            "nama_giat": "Perencanaan, Penganggaran, dan Evaluasi Kinerja Perangkat Daerah",
            "pagu_giat": 110000000.0,
            "rinci_giat": null,
            "id_sub_giat": 60593,
            "kode_sub_giat": "1.04.01.2.01.0005",
            "nama_sub_giat": "Koordinasi dan Penyusunan Perubahan DPA- SKPD",
            "pagu": 8000000.0,
            "pagu_indikatif": 8000000.0,
            "rincian": null,
            "kode_bl": "694.694.4451.18371",
            "kode_sbl": "694.694.4451.18371.60593",
            "kunci_bl": 1,
            "kunci_bl_rinci": 1,
            "user_created": "Ir.Suharto Handayani",
            "created_date": "22-01-2025",
            "created_time": "09:00",
            "user_updated": "Ir.Suharto Handayani",
            "updated_date": "22-06-2025",
            "updated_time": "10:23",
            "is_locked": 0
        },
        {
            "id_sub_bl": 59768,
            "id_daerah": 473,
            "tahun": 2026,
            "id_unit": 694,
            "id_skpd": 694,
            "created_user": 595,
            "kode_skpd": "1.04.2.10.1.03.01.0000",
            "nama_skpd": "Dinas Perumahan Rakyat dan Kawasan Permukiman",
            "id_urusan": 11,
            "kode_urusan": "1",
            "nama_urusan": "URUSAN PEMERINTAHAN WAJIB YANG BERKAITAN DENGAN PELAYANAN DASAR",
            "id_bidang_urusan": 204,
            "kode_bidang_urusan": "1.04",
            "nama_bidang_urusan": "URUSAN PEMERINTAHAN BIDANG PERUMAHAN DAN KAWASAN PERMUKIMAN",
            "id_sub_skpd": 694,
            "kode_sub_skpd": "1.04.2.10.1.03.01.0000",
            "nama_sub_skpd": "Dinas Perumahan Rakyat dan Kawasan Permukiman",
            "set_pagu_user": 595,
            "set_pagu_at": "Thu, 26 Jun 2025 10:55:20 GMT",
            "id_program": 4451,
            "kode_program": "1.04.01",
            "nama_program": "PROGRAM PENUNJANG URUSAN PEMERINTAHAN DAERAH KABUPATEN/KOTA",
            "id_giat": 18371,
            "kode_giat": "1.04.01.2.01",
            "nama_giat": "Perencanaan, Penganggaran, dan Evaluasi Kinerja Perangkat Daerah",
            "pagu_giat": 110000000.0,
            "rinci_giat": null,
            "id_sub_giat": 60594,
            "kode_sub_giat": "1.04.01.2.01.0006",
            "nama_sub_giat": "Koordinasi dan Penyusunan Laporan Capaian Kinerja dan Ikhtisar Realisasi Kinerja SKPD",
            "pagu": 12000000.0,
            "pagu_indikatif": 12000000.0,
            "rincian": null,
            "kode_bl": "694.694.4451.18371",
            "kode_sbl": "694.694.4451.18371.60594",
            "kunci_bl": 1,
            "kunci_bl_rinci": 1,
            "user_created": "Ir.Suharto Handayani",
            "created_date": "22-01-2025",
            "created_time": "09:02",
            "user_updated": "Ir.Suharto Handayani",
            "updated_date": "22-06-2025",
            "updated_time": "10:23",
            "is_locked": 0
        },
        {
            "id_sub_bl": 59771,
            "id_daerah": 473,
            "tahun": 2026,
            "id_unit": 694,
            "id_skpd": 694,
            "created_user": 595,
            "kode_skpd": "1.04.2.10.1.03.01.0000",
            "nama_skpd": "Dinas Perumahan Rakyat dan Kawasan Permukiman",
            "id_urusan": 11,
            "kode_urusan": "1",
            "nama_urusan": "URUSAN PEMERINTAHAN WAJIB YANG BERKAITAN DENGAN PELAYANAN DASAR",
            "id_bidang_urusan": 204,
            "kode_bidang_urusan": "1.04",
            "nama_bidang_urusan": "URUSAN PEMERINTAHAN BIDANG PERUMAHAN DAN KAWASAN PERMUKIMAN",
            "id_sub_skpd": 694,
            "kode_sub_skpd": "1.04.2.10.1.03.01.0000",
            "nama_sub_skpd": "Dinas Perumahan Rakyat dan Kawasan Permukiman",
            "set_pagu_user": 595,
            "set_pagu_at": "Thu, 26 Jun 2025 10:55:20 GMT",
            "id_program": 4451,
            "kode_program": "1.04.01",
            "nama_program": "PROGRAM PENUNJANG URUSAN PEMERINTAHAN DAERAH KABUPATEN/KOTA",
            "id_giat": 18371,
            "kode_giat": "1.04.01.2.01",
            "nama_giat": "Perencanaan, Penganggaran, dan Evaluasi Kinerja Perangkat Daerah",
            "pagu_giat": 110000000.0,
            "rinci_giat": null,
            "id_sub_giat": 60595,
            "kode_sub_giat": "1.04.01.2.01.0007",
            "nama_sub_giat": "Evaluasi Kinerja Perangkat Daerah",
            "pagu": 6000000.0,
            "pagu_indikatif": 6000000.0,
            "rincian": null,
            "kode_bl": "694.694.4451.18371",
            "kode_sbl": "694.694.4451.18371.60595",
            "kunci_bl": 1,
            "kunci_bl_rinci": 1,
            "user_created": "Ir.Suharto Handayani",
            "created_date": "22-01-2025",
            "created_time": "09:04",
            "user_updated": "Ir.Suharto Handayani",
            "updated_date": "22-06-2025",
            "updated_time": "10:24",
            "is_locked": 0
        },
        {
            "id_sub_bl": 59774,
            "id_daerah": 473,
            "tahun": 2026,
            "id_unit": 694,
            "id_skpd": 694,
            "created_user": 595,
            "kode_skpd": "1.04.2.10.1.03.01.0000",
            "nama_skpd": "Dinas Perumahan Rakyat dan Kawasan Permukiman",
            "id_urusan": 11,
            "kode_urusan": "1",
            "nama_urusan": "URUSAN PEMERINTAHAN WAJIB YANG BERKAITAN DENGAN PELAYANAN DASAR",
            "id_bidang_urusan": 204,
            "kode_bidang_urusan": "1.04",
            "nama_bidang_urusan": "URUSAN PEMERINTAHAN BIDANG PERUMAHAN DAN KAWASAN PERMUKIMAN",
            "id_sub_skpd": 694,
            "kode_sub_skpd": "1.04.2.10.1.03.01.0000",
            "nama_sub_skpd": "Dinas Perumahan Rakyat dan Kawasan Permukiman",
            "set_pagu_user": 595,
            "set_pagu_at": "Thu, 26 Jun 2025 10:55:20 GMT",
            "id_program": 4451,
            "kode_program": "1.04.01",
            "nama_program": "PROGRAM PENUNJANG URUSAN PEMERINTAHAN DAERAH KABUPATEN/KOTA",
            "id_giat": 18372,
            "kode_giat": "1.04.01.2.02",
            "nama_giat": "Administrasi Keuangan Perangkat Daerah",
            "pagu_giat": 2296626658.0,
            "rinci_giat": null,
            "id_sub_giat": 60602,
            "kode_sub_giat": "1.04.01.2.02.0001",
            "nama_sub_giat": "Penyediaan Gaji dan Tunjangan ASN",
            "pagu": 2179626658.0,
            "pagu_indikatif": 2179626658.0,
            "rincian": null,
            "kode_bl": "694.694.4451.18372",
            "kode_sbl": "694.694.4451.18372.60602",
            "kunci_bl": 1,
            "kunci_bl_rinci": 1,
            "user_created": "Ir.Suharto Handayani",
            "created_date": "22-01-2025",
            "created_time": "09:08",
            "user_updated": "Ir.Suharto Handayani",
            "updated_date": "22-06-2025",
            "updated_time": "10:25",
            "is_locked": 0
        },
        {
            "id_sub_bl": 59775,
            "id_daerah": 473,
            "tahun": 2026,
            "id_unit": 694,
            "id_skpd": 694,
            "created_user": 595,
            "kode_skpd": "1.04.2.10.1.03.01.0000",
            "nama_skpd": "Dinas Perumahan Rakyat dan Kawasan Permukiman",
            "id_urusan": 11,
            "kode_urusan": "1",
            "nama_urusan": "URUSAN PEMERINTAHAN WAJIB YANG BERKAITAN DENGAN PELAYANAN DASAR",
            "id_bidang_urusan": 204,
            "kode_bidang_urusan": "1.04",
            "nama_bidang_urusan": "URUSAN PEMERINTAHAN BIDANG PERUMAHAN DAN KAWASAN PERMUKIMAN",
            "id_sub_skpd": 694,
            "kode_sub_skpd": "1.04.2.10.1.03.01.0000",
            "nama_sub_skpd": "Dinas Perumahan Rakyat dan Kawasan Permukiman",
            "set_pagu_user": 595,
            "set_pagu_at": "Thu, 26 Jun 2025 10:55:20 GMT",
            "id_program": 4451,
            "kode_program": "1.04.01",
            "nama_program": "PROGRAM PENUNJANG URUSAN PEMERINTAHAN DAERAH KABUPATEN/KOTA",
            "id_giat": 18372,
            "kode_giat": "1.04.01.2.02",
            "nama_giat": "Administrasi Keuangan Perangkat Daerah",
            "pagu_giat": 2296626658.0,
            "rinci_giat": null,
            "id_sub_giat": 60604,
            "kode_sub_giat": "1.04.01.2.02.0003",
            "nama_sub_giat": "Pelaksanaan Penatausahaan dan\r\n\nPengujian/Verifikasi Keuangan SKPD",
            "pagu": 105000000.0,
            "pagu_indikatif": 105000000.0,
            "rincian": null,
            "kode_bl": "694.694.4451.18372",
            "kode_sbl": "694.694.4451.18372.60604",
            "kunci_bl": 1,
            "kunci_bl_rinci": 1,
            "user_created": "Ir.Suharto Handayani",
            "created_date": "22-01-2025",
            "created_time": "09:09",
            "user_updated": "Ir.Suharto Handayani",
            "updated_date": "22-06-2025",
            "updated_time": "10:26",
            "is_locked": 0
        },
        {
            "id_sub_bl": 59777,
            "id_daerah": 473,
            "tahun": 2026,
            "id_unit": 694,
            "id_skpd": 694,
            "created_user": 595,
            "kode_skpd": "1.04.2.10.1.03.01.0000",
            "nama_skpd": "Dinas Perumahan Rakyat dan Kawasan Permukiman",
            "id_urusan": 11,
            "kode_urusan": "1",
            "nama_urusan": "URUSAN PEMERINTAHAN WAJIB YANG BERKAITAN DENGAN PELAYANAN DASAR",
            "id_bidang_urusan": 204,
            "kode_bidang_urusan": "1.04",
            "nama_bidang_urusan": "URUSAN PEMERINTAHAN BIDANG PERUMAHAN DAN KAWASAN PERMUKIMAN",
            "id_sub_skpd": 694,
            "kode_sub_skpd": "1.04.2.10.1.03.01.0000",
            "nama_sub_skpd": "Dinas Perumahan Rakyat dan Kawasan Permukiman",
            "set_pagu_user": 595,
            "set_pagu_at": "Thu, 26 Jun 2025 10:55:20 GMT",
            "id_program": 4451,
            "kode_program": "1.04.01",
            "nama_program": "PROGRAM PENUNJANG URUSAN PEMERINTAHAN DAERAH KABUPATEN/KOTA",
            "id_giat": 18372,
            "kode_giat": "1.04.01.2.02",
            "nama_giat": "Administrasi Keuangan Perangkat Daerah",
            "pagu_giat": 2296626658.0,
            "rinci_giat": null,
            "id_sub_giat": 60606,
            "kode_sub_giat": "1.04.01.2.02.0005",
            "nama_sub_giat": "Koordinasi dan Penyusunan Laporan Keuangan Akhir Tahun SKPD",
            "pagu": 8000000.0,
            "pagu_indikatif": 8000000.0,
            "rincian": null,
            "kode_bl": "694.694.4451.18372",
            "kode_sbl": "694.694.4451.18372.60606",
            "kunci_bl": 1,
            "kunci_bl_rinci": 1,
            "user_created": "Ir.Suharto Handayani",
            "created_date": "22-01-2025",
            "created_time": "09:10",
            "user_updated": "Ir.Suharto Handayani",
            "updated_date": "22-06-2025",
            "updated_time": "10:27",
            "is_locked": 0
        },
        {
            "id_sub_bl": 59848,
            "id_daerah": 473,
            "tahun": 2026,
            "id_unit": 694,
            "id_skpd": 694,
            "created_user": 595,
            "kode_skpd": "1.04.2.10.1.03.01.0000",
            "nama_skpd": "Dinas Perumahan Rakyat dan Kawasan Permukiman",
            "id_urusan": 11,
            "kode_urusan": "1",
            "nama_urusan": "URUSAN PEMERINTAHAN WAJIB YANG BERKAITAN DENGAN PELAYANAN DASAR",
            "id_bidang_urusan": 204,
            "kode_bidang_urusan": "1.04",
            "nama_bidang_urusan": "URUSAN PEMERINTAHAN BIDANG PERUMAHAN DAN KAWASAN PERMUKIMAN",
            "id_sub_skpd": 694,
            "kode_sub_skpd": "1.04.2.10.1.03.01.0000",
            "nama_sub_skpd": "Dinas Perumahan Rakyat dan Kawasan Permukiman",
            "set_pagu_user": 595,
            "set_pagu_at": "Thu, 26 Jun 2025 10:55:20 GMT",
            "id_program": 4451,
            "kode_program": "1.04.01",
            "nama_program": "PROGRAM PENUNJANG URUSAN PEMERINTAHAN DAERAH KABUPATEN/KOTA",
            "id_giat": 18372,
            "kode_giat": "1.04.01.2.02",
            "nama_giat": "Administrasi Keuangan Perangkat Daerah",
            "pagu_giat": 2296626658.0,
            "rinci_giat": null,
            "id_sub_giat": 60608,
            "kode_sub_giat": "1.04.01.2.02.0007",
            "nama_sub_giat": "Koordinasi dan Penyusunan Laporan Keuangan Bulanan/ Triwulanan/ Semesteran SKPD",
            "pagu": 4000000.0,
            "pagu_indikatif": 4000000.0,
            "rincian": null,
            "kode_bl": "694.694.4451.18372",
            "kode_sbl": "694.694.4451.18372.60608",
            "kunci_bl": 1,
            "kunci_bl_rinci": 1,
            "user_created": "Ir.Suharto Handayani",
            "created_date": "22-01-2025",
            "created_time": "10:30",
            "user_updated": "Ir.Suharto Handayani",
            "updated_date": "22-06-2025",
            "updated_time": "10:28",
            "is_locked": 0
        },
        {
            "id_sub_bl": 59778,
            "id_daerah": 473,
            "tahun": 2026,
            "id_unit": 694,
            "id_skpd": 694,
            "created_user": 595,
            "kode_skpd": "1.04.2.10.1.03.01.0000",
            "nama_skpd": "Dinas Perumahan Rakyat dan Kawasan Permukiman",
            "id_urusan": 11,
            "kode_urusan": "1",
            "nama_urusan": "URUSAN PEMERINTAHAN WAJIB YANG BERKAITAN DENGAN PELAYANAN DASAR",
            "id_bidang_urusan": 204,
            "kode_bidang_urusan": "1.04",
            "nama_bidang_urusan": "URUSAN PEMERINTAHAN BIDANG PERUMAHAN DAN KAWASAN PERMUKIMAN",
            "id_sub_skpd": 694,
            "kode_sub_skpd": "1.04.2.10.1.03.01.0000",
            "nama_sub_skpd": "Dinas Perumahan Rakyat dan Kawasan Permukiman",
            "set_pagu_user": 595,
            "set_pagu_at": "Thu, 26 Jun 2025 10:55:20 GMT",
            "id_program": 4451,
            "kode_program": "1.04.01",
            "nama_program": "PROGRAM PENUNJANG URUSAN PEMERINTAHAN DAERAH KABUPATEN/KOTA",
            "id_giat": 18373,
            "kode_giat": "1.04.01.2.03",
            "nama_giat": "Administrasi Barang Milik Daerah pada Perangkat Daerah",
            "pagu_giat": 50000000.0,
            "rinci_giat": null,
            "id_sub_giat": 60615,
            "kode_sub_giat": "1.04.01.2.03.0006",
            "nama_sub_giat": "Penatausahaan Barang Milik Daerah pada SKPD",
            "pagu": 50000000.0,
            "pagu_indikatif": 50000000.0,
            "rincian": null,
            "kode_bl": "694.694.4451.18373",
            "kode_sbl": "694.694.4451.18373.60615",
            "kunci_bl": 1,
            "kunci_bl_rinci": 1,
            "user_created": "Ir.Suharto Handayani",
            "created_date": "22-01-2025",
            "created_time": "09:12",
            "user_updated": "Ir.Suharto Handayani",
            "updated_date": "22-06-2025",
            "updated_time": "10:30",
            "is_locked": 0
        },
        {
            "id_sub_bl": 59779,
            "id_daerah": 473,
            "tahun": 2026,
            "id_unit": 694,
            "id_skpd": 694,
            "created_user": 595,
            "kode_skpd": "1.04.2.10.1.03.01.0000",
            "nama_skpd": "Dinas Perumahan Rakyat dan Kawasan Permukiman",
            "id_urusan": 11,
            "kode_urusan": "1",
            "nama_urusan": "URUSAN PEMERINTAHAN WAJIB YANG BERKAITAN DENGAN PELAYANAN DASAR",
            "id_bidang_urusan": 204,
            "kode_bidang_urusan": "1.04",
            "nama_bidang_urusan": "URUSAN PEMERINTAHAN BIDANG PERUMAHAN DAN KAWASAN PERMUKIMAN",
            "id_sub_skpd": 694,
            "kode_sub_skpd": "1.04.2.10.1.03.01.0000",
            "nama_sub_skpd": "Dinas Perumahan Rakyat dan Kawasan Permukiman",
            "set_pagu_user": 595,
            "set_pagu_at": "Thu, 26 Jun 2025 10:55:20 GMT",
            "id_program": 4451,
            "kode_program": "1.04.01",
            "nama_program": "PROGRAM PENUNJANG URUSAN PEMERINTAHAN DAERAH KABUPATEN/KOTA",
            "id_giat": 18375,
            "kode_giat": "1.04.01.2.05",
            "nama_giat": "Administrasi Kepegawaian Perangkat Daerah",
            "pagu_giat": 50000000.0,
            "rinci_giat": null,
            "id_sub_giat": 60632,
            "kode_sub_giat": "1.04.01.2.05.0009",
            "nama_sub_giat": "Pendidikan dan Pelatihan Pegawai Berdasarkan Tugas dan Fungsi",
            "pagu": 50000000.0,
            "pagu_indikatif": 50000000.0,
            "rincian": null,
            "kode_bl": "694.694.4451.18375",
            "kode_sbl": "694.694.4451.18375.60632",
            "kunci_bl": 1,
            "kunci_bl_rinci": 1,
            "user_created": "Ir.Suharto Handayani",
            "created_date": "22-01-2025",
            "created_time": "09:14",
            "user_updated": "Ir.Suharto Handayani",
            "updated_date": "22-06-2025",
            "updated_time": "10:31",
            "is_locked": 0
        },
        {
            "id_sub_bl": 59781,
            "id_daerah": 473,
            "tahun": 2026,
            "id_unit": 694,
            "id_skpd": 694,
            "created_user": 595,
            "kode_skpd": "1.04.2.10.1.03.01.0000",
            "nama_skpd": "Dinas Perumahan Rakyat dan Kawasan Permukiman",
            "id_urusan": 11,
            "kode_urusan": "1",
            "nama_urusan": "URUSAN PEMERINTAHAN WAJIB YANG BERKAITAN DENGAN PELAYANAN DASAR",
            "id_bidang_urusan": 204,
            "kode_bidang_urusan": "1.04",
            "nama_bidang_urusan": "URUSAN PEMERINTAHAN BIDANG PERUMAHAN DAN KAWASAN PERMUKIMAN",
            "id_sub_skpd": 694,
            "kode_sub_skpd": "1.04.2.10.1.03.01.0000",
            "nama_sub_skpd": "Dinas Perumahan Rakyat dan Kawasan Permukiman",
            "set_pagu_user": 595,
            "set_pagu_at": "Thu, 26 Jun 2025 10:55:20 GMT",
            "id_program": 4451,
            "kode_program": "1.04.01",
            "nama_program": "PROGRAM PENUNJANG URUSAN PEMERINTAHAN DAERAH KABUPATEN/KOTA",
            "id_giat": 18376,
            "kode_giat": "1.04.01.2.06",
            "nama_giat": "Administrasi Umum Perangkat Daerah",
            "pagu_giat": 153000000.0,
            "rinci_giat": null,
            "id_sub_giat": 60635,
            "kode_sub_giat": "1.04.01.2.06.0001",
            "nama_sub_giat": "Penyediaan Komponen Instalasi\r\n\nListrik/Penerangan Bangunan Kantor",
            "pagu": 2000000.0,
            "pagu_indikatif": 2000000.0,
            "rincian": null,
            "kode_bl": "694.694.4451.18376",
            "kode_sbl": "694.694.4451.18376.60635",
            "kunci_bl": 1,
            "kunci_bl_rinci": 1,
            "user_created": "Ir.Suharto Handayani",
            "created_date": "22-01-2025",
            "created_time": "09:16",
            "user_updated": "Ir.Suharto Handayani",
            "updated_date": "22-06-2025",
            "updated_time": "10:32",
            "is_locked": 0
        },
        {
            "id_sub_bl": 59783,
            "id_daerah": 473,
            "tahun": 2026,
            "id_unit": 694,
            "id_skpd": 694,
            "created_user": 595,
            "kode_skpd": "1.04.2.10.1.03.01.0000",
            "nama_skpd": "Dinas Perumahan Rakyat dan Kawasan Permukiman",
            "id_urusan": 11,
            "kode_urusan": "1",
            "nama_urusan": "URUSAN PEMERINTAHAN WAJIB YANG BERKAITAN DENGAN PELAYANAN DASAR",
            "id_bidang_urusan": 204,
            "kode_bidang_urusan": "1.04",
            "nama_bidang_urusan": "URUSAN PEMERINTAHAN BIDANG PERUMAHAN DAN KAWASAN PERMUKIMAN",
            "id_sub_skpd": 694,
            "kode_sub_skpd": "1.04.2.10.1.03.01.0000",
            "nama_sub_skpd": "Dinas Perumahan Rakyat dan Kawasan Permukiman",
            "set_pagu_user": 595,
            "set_pagu_at": "Thu, 26 Jun 2025 10:55:20 GMT",
            "id_program": 4451,
            "kode_program": "1.04.01",
            "nama_program": "PROGRAM PENUNJANG URUSAN PEMERINTAHAN DAERAH KABUPATEN/KOTA",
            "id_giat": 18376,
            "kode_giat": "1.04.01.2.06",
            "nama_giat": "Administrasi Umum Perangkat Daerah",
            "pagu_giat": 153000000.0,
            "rinci_giat": null,
            "id_sub_giat": 60636,
            "kode_sub_giat": "1.04.01.2.06.0002",
            "nama_sub_giat": "Penyediaan Peralatan dan Perlengkapan Kantor",
            "pagu": 5000000.0,
            "pagu_indikatif": 5000000.0,
            "rincian": null,
            "kode_bl": "694.694.4451.18376",
            "kode_sbl": "694.694.4451.18376.60636",
            "kunci_bl": 1,
            "kunci_bl_rinci": 1,
            "user_created": "Ir.Suharto Handayani",
            "created_date": "22-01-2025",
            "created_time": "09:19",
            "user_updated": "Ir.Suharto Handayani",
            "updated_date": "22-06-2025",
            "updated_time": "10:33",
            "is_locked": 0
        },
        {
            "id_sub_bl": 59786,
            "id_daerah": 473,
            "tahun": 2026,
            "id_unit": 694,
            "id_skpd": 694,
            "created_user": 595,
            "kode_skpd": "1.04.2.10.1.03.01.0000",
            "nama_skpd": "Dinas Perumahan Rakyat dan Kawasan Permukiman",
            "id_urusan": 11,
            "kode_urusan": "1",
            "nama_urusan": "URUSAN PEMERINTAHAN WAJIB YANG BERKAITAN DENGAN PELAYANAN DASAR",
            "id_bidang_urusan": 204,
            "kode_bidang_urusan": "1.04",
            "nama_bidang_urusan": "URUSAN PEMERINTAHAN BIDANG PERUMAHAN DAN KAWASAN PERMUKIMAN",
            "id_sub_skpd": 694,
            "kode_sub_skpd": "1.04.2.10.1.03.01.0000",
            "nama_sub_skpd": "Dinas Perumahan Rakyat dan Kawasan Permukiman",
            "set_pagu_user": 595,
            "set_pagu_at": "Thu, 26 Jun 2025 10:55:20 GMT",
            "id_program": 4451,
            "kode_program": "1.04.01",
            "nama_program": "PROGRAM PENUNJANG URUSAN PEMERINTAHAN DAERAH KABUPATEN/KOTA",
            "id_giat": 18376,
            "kode_giat": "1.04.01.2.06",
            "nama_giat": "Administrasi Umum Perangkat Daerah",
            "pagu_giat": 153000000.0,
            "rinci_giat": null,
            "id_sub_giat": 60637,
            "kode_sub_giat": "1.04.01.2.06.0003",
            "nama_sub_giat": "Penyediaan Peralatan Rumah Tangga",
            "pagu": 5000000.0,
            "pagu_indikatif": 5000000.0,
            "rincian": null,
            "kode_bl": "694.694.4451.18376",
            "kode_sbl": "694.694.4451.18376.60637",
            "kunci_bl": 1,
            "kunci_bl_rinci": 1,
            "user_created": "Ir.Suharto Handayani",
            "created_date": "22-01-2025",
            "created_time": "09:22",
            "user_updated": "Ir.Suharto Handayani",
            "updated_date": "22-06-2025",
            "updated_time": "10:34",
            "is_locked": 0
        },
        {
            "id_sub_bl": 59788,
            "id_daerah": 473,
            "tahun": 2026,
            "id_unit": 694,
            "id_skpd": 694,
            "created_user": 595,
            "kode_skpd": "1.04.2.10.1.03.01.0000",
            "nama_skpd": "Dinas Perumahan Rakyat dan Kawasan Permukiman",
            "id_urusan": 11,
            "kode_urusan": "1",
            "nama_urusan": "URUSAN PEMERINTAHAN WAJIB YANG BERKAITAN DENGAN PELAYANAN DASAR",
            "id_bidang_urusan": 204,
            "kode_bidang_urusan": "1.04",
            "nama_bidang_urusan": "URUSAN PEMERINTAHAN BIDANG PERUMAHAN DAN KAWASAN PERMUKIMAN",
            "id_sub_skpd": 694,
            "kode_sub_skpd": "1.04.2.10.1.03.01.0000",
            "nama_sub_skpd": "Dinas Perumahan Rakyat dan Kawasan Permukiman",
            "set_pagu_user": 595,
            "set_pagu_at": "Thu, 26 Jun 2025 10:55:20 GMT",
            "id_program": 4451,
            "kode_program": "1.04.01",
            "nama_program": "PROGRAM PENUNJANG URUSAN PEMERINTAHAN DAERAH KABUPATEN/KOTA",
            "id_giat": 18376,
            "kode_giat": "1.04.01.2.06",
            "nama_giat": "Administrasi Umum Perangkat Daerah",
            "pagu_giat": 153000000.0,
            "rinci_giat": null,
            "id_sub_giat": 60638,
            "kode_sub_giat": "1.04.01.2.06.0004",
            "nama_sub_giat": "Penyediaan Bahan Logistik Kantor",
            "pagu": 60000000.0,
            "pagu_indikatif": 60000000.0,
            "rincian": null,
            "kode_bl": "694.694.4451.18376",
            "kode_sbl": "694.694.4451.18376.60638",
            "kunci_bl": 1,
            "kunci_bl_rinci": 1,
            "user_created": "Ir.Suharto Handayani",
            "created_date": "22-01-2025",
            "created_time": "09:24",
            "user_updated": "Ir.Suharto Handayani",
            "updated_date": "22-06-2025",
            "updated_time": "10:34",
            "is_locked": 0
        },
        {
            "id_sub_bl": 59791,
            "id_daerah": 473,
            "tahun": 2026,
            "id_unit": 694,
            "id_skpd": 694,
            "created_user": 595,
            "kode_skpd": "1.04.2.10.1.03.01.0000",
            "nama_skpd": "Dinas Perumahan Rakyat dan Kawasan Permukiman",
            "id_urusan": 11,
            "kode_urusan": "1",
            "nama_urusan": "URUSAN PEMERINTAHAN WAJIB YANG BERKAITAN DENGAN PELAYANAN DASAR",
            "id_bidang_urusan": 204,
            "kode_bidang_urusan": "1.04",
            "nama_bidang_urusan": "URUSAN PEMERINTAHAN BIDANG PERUMAHAN DAN KAWASAN PERMUKIMAN",
            "id_sub_skpd": 694,
            "kode_sub_skpd": "1.04.2.10.1.03.01.0000",
            "nama_sub_skpd": "Dinas Perumahan Rakyat dan Kawasan Permukiman",
            "set_pagu_user": 595,
            "set_pagu_at": "Thu, 26 Jun 2025 10:55:20 GMT",
            "id_program": 4451,
            "kode_program": "1.04.01",
            "nama_program": "PROGRAM PENUNJANG URUSAN PEMERINTAHAN DAERAH KABUPATEN/KOTA",
            "id_giat": 18376,
            "kode_giat": "1.04.01.2.06",
            "nama_giat": "Administrasi Umum Perangkat Daerah",
            "pagu_giat": 153000000.0,
            "rinci_giat": null,
            "id_sub_giat": 60639,
            "kode_sub_giat": "1.04.01.2.06.0005",
            "nama_sub_giat": "Penyediaan Barang Cetakan dan Penggandaan",
            "pagu": 5000000.0,
            "pagu_indikatif": 5000000.0,
            "rincian": null,
            "kode_bl": "694.694.4451.18376",
            "kode_sbl": "694.694.4451.18376.60639",
            "kunci_bl": 1,
            "kunci_bl_rinci": 1,
            "user_created": "Ir.Suharto Handayani",
            "created_date": "22-01-2025",
            "created_time": "09:28",
            "user_updated": "Ir.Suharto Handayani",
            "updated_date": "22-06-2025",
            "updated_time": "10:35",
            "is_locked": 0
        },
        {
            "id_sub_bl": 59794,
            "id_daerah": 473,
            "tahun": 2026,
            "id_unit": 694,
            "id_skpd": 694,
            "created_user": 595,
            "kode_skpd": "1.04.2.10.1.03.01.0000",
            "nama_skpd": "Dinas Perumahan Rakyat dan Kawasan Permukiman",
            "id_urusan": 11,
            "kode_urusan": "1",
            "nama_urusan": "URUSAN PEMERINTAHAN WAJIB YANG BERKAITAN DENGAN PELAYANAN DASAR",
            "id_bidang_urusan": 204,
            "kode_bidang_urusan": "1.04",
            "nama_bidang_urusan": "URUSAN PEMERINTAHAN BIDANG PERUMAHAN DAN KAWASAN PERMUKIMAN",
            "id_sub_skpd": 694,
            "kode_sub_skpd": "1.04.2.10.1.03.01.0000",
            "nama_sub_skpd": "Dinas Perumahan Rakyat dan Kawasan Permukiman",
            "set_pagu_user": 595,
            "set_pagu_at": "Thu, 26 Jun 2025 10:55:20 GMT",
            "id_program": 4451,
            "kode_program": "1.04.01",
            "nama_program": "PROGRAM PENUNJANG URUSAN PEMERINTAHAN DAERAH KABUPATEN/KOTA",
            "id_giat": 18376,
            "kode_giat": "1.04.01.2.06",
            "nama_giat": "Administrasi Umum Perangkat Daerah",
            "pagu_giat": 153000000.0,
            "rinci_giat": null,
            "id_sub_giat": 60640,
            "kode_sub_giat": "1.04.01.2.06.0006",
            "nama_sub_giat": "Penyediaan Bahan Bacaan dan Peraturan Perundang-undangan",
            "pagu": 6000000.0,
            "pagu_indikatif": 6000000.0,
            "rincian": null,
            "kode_bl": "694.694.4451.18376",
            "kode_sbl": "694.694.4451.18376.60640",
            "kunci_bl": 1,
            "kunci_bl_rinci": 1,
            "user_created": "Ir.Suharto Handayani",
            "created_date": "22-01-2025",
            "created_time": "09:29",
            "user_updated": "Ir.Suharto Handayani",
            "updated_date": "22-06-2025",
            "updated_time": "10:36",
            "is_locked": 0
        },
        {
            "id_sub_bl": 59796,
            "id_daerah": 473,
            "tahun": 2026,
            "id_unit": 694,
            "id_skpd": 694,
            "created_user": 595,
            "kode_skpd": "1.04.2.10.1.03.01.0000",
            "nama_skpd": "Dinas Perumahan Rakyat dan Kawasan Permukiman",
            "id_urusan": 11,
            "kode_urusan": "1",
            "nama_urusan": "URUSAN PEMERINTAHAN WAJIB YANG BERKAITAN DENGAN PELAYANAN DASAR",
            "id_bidang_urusan": 204,
            "kode_bidang_urusan": "1.04",
            "nama_bidang_urusan": "URUSAN PEMERINTAHAN BIDANG PERUMAHAN DAN KAWASAN PERMUKIMAN",
            "id_sub_skpd": 694,
            "kode_sub_skpd": "1.04.2.10.1.03.01.0000",
            "nama_sub_skpd": "Dinas Perumahan Rakyat dan Kawasan Permukiman",
            "set_pagu_user": 595,
            "set_pagu_at": "Thu, 26 Jun 2025 10:55:20 GMT",
            "id_program": 4451,
            "kode_program": "1.04.01",
            "nama_program": "PROGRAM PENUNJANG URUSAN PEMERINTAHAN DAERAH KABUPATEN/KOTA",
            "id_giat": 18376,
            "kode_giat": "1.04.01.2.06",
            "nama_giat": "Administrasi Umum Perangkat Daerah",
            "pagu_giat": 153000000.0,
            "rinci_giat": null,
            "id_sub_giat": 60643,
            "kode_sub_giat": "1.04.01.2.06.0009",
            "nama_sub_giat": "Penyelenggaraan Rapat Koordinasi dan Konsultasi SKPD",
            "pagu": 70000000.0,
            "pagu_indikatif": 70000000.0,
            "rincian": null,
            "kode_bl": "694.694.4451.18376",
            "kode_sbl": "694.694.4451.18376.60643",
            "kunci_bl": 1,
            "kunci_bl_rinci": 1,
            "user_created": "Ir.Suharto Handayani",
            "created_date": "22-01-2025",
            "created_time": "09:30",
            "user_updated": "Ir.Suharto Handayani",
            "updated_date": "22-06-2025",
            "updated_time": "10:37",
            "is_locked": 0
        },
        {
            "id_sub_bl": 59798,
            "id_daerah": 473,
            "tahun": 2026,
            "id_unit": 694,
            "id_skpd": 694,
            "created_user": 595,
            "kode_skpd": "1.04.2.10.1.03.01.0000",
            "nama_skpd": "Dinas Perumahan Rakyat dan Kawasan Permukiman",
            "id_urusan": 11,
            "kode_urusan": "1",
            "nama_urusan": "URUSAN PEMERINTAHAN WAJIB YANG BERKAITAN DENGAN PELAYANAN DASAR",
            "id_bidang_urusan": 204,
            "kode_bidang_urusan": "1.04",
            "nama_bidang_urusan": "URUSAN PEMERINTAHAN BIDANG PERUMAHAN DAN KAWASAN PERMUKIMAN",
            "id_sub_skpd": 694,
            "kode_sub_skpd": "1.04.2.10.1.03.01.0000",
            "nama_sub_skpd": "Dinas Perumahan Rakyat dan Kawasan Permukiman",
            "set_pagu_user": 595,
            "set_pagu_at": "Thu, 26 Jun 2025 10:55:20 GMT",
            "id_program": 4451,
            "kode_program": "1.04.01",
            "nama_program": "PROGRAM PENUNJANG URUSAN PEMERINTAHAN DAERAH KABUPATEN/KOTA",
            "id_giat": 18377,
            "kode_giat": "1.04.01.2.07",
            "nama_giat": "Pengadaan Barang Milik Daerah Penunjang Urusan Pemerintah Daerah",
            "pagu_giat": 67000000.0,
            "rinci_giat": null,
            "id_sub_giat": 60646,
            "kode_sub_giat": "1.04.01.2.07.0001",
            "nama_sub_giat": "Pengadaan Kendaraan Perorangan Dinas atau Kendaraan Dinas Jabatan",
            "pagu": 35000000.0,
            "pagu_indikatif": 35000000.0,
            "rincian": null,
            "kode_bl": "694.694.4451.18377",
            "kode_sbl": "694.694.4451.18377.60646",
            "kunci_bl": 1,
            "kunci_bl_rinci": 1,
            "user_created": "Ir.Suharto Handayani",
            "created_date": "22-01-2025",
            "created_time": "09:32",
            "user_updated": "Ir.Suharto Handayani",
            "updated_date": "22-06-2025",
            "updated_time": "10:39",
            "is_locked": 0
        },
        {
            "id_sub_bl": 59800,
            "id_daerah": 473,
            "tahun": 2026,
            "id_unit": 694,
            "id_skpd": 694,
            "created_user": 595,
            "kode_skpd": "1.04.2.10.1.03.01.0000",
            "nama_skpd": "Dinas Perumahan Rakyat dan Kawasan Permukiman",
            "id_urusan": 11,
            "kode_urusan": "1",
            "nama_urusan": "URUSAN PEMERINTAHAN WAJIB YANG BERKAITAN DENGAN PELAYANAN DASAR",
            "id_bidang_urusan": 204,
            "kode_bidang_urusan": "1.04",
            "nama_bidang_urusan": "URUSAN PEMERINTAHAN BIDANG PERUMAHAN DAN KAWASAN PERMUKIMAN",
            "id_sub_skpd": 694,
            "kode_sub_skpd": "1.04.2.10.1.03.01.0000",
            "nama_sub_skpd": "Dinas Perumahan Rakyat dan Kawasan Permukiman",
            "set_pagu_user": 595,
            "set_pagu_at": "Thu, 26 Jun 2025 10:55:20 GMT",
            "id_program": 4451,
            "kode_program": "1.04.01",
            "nama_program": "PROGRAM PENUNJANG URUSAN PEMERINTAHAN DAERAH KABUPATEN/KOTA",
            "id_giat": 18377,
            "kode_giat": "1.04.01.2.07",
            "nama_giat": "Pengadaan Barang Milik Daerah Penunjang Urusan Pemerintah Daerah",
            "pagu_giat": 67000000.0,
            "rinci_giat": null,
            "id_sub_giat": 60650,
            "kode_sub_giat": "1.04.01.2.07.0005",
            "nama_sub_giat": "Pengadaan Mebel",
            "pagu": 12000000.0,
            "pagu_indikatif": 12000000.0,
            "rincian": null,
            "kode_bl": "694.694.4451.18377",
            "kode_sbl": "694.694.4451.18377.60650",
            "kunci_bl": 1,
            "kunci_bl_rinci": 1,
            "user_created": "Ir.Suharto Handayani",
            "created_date": "22-01-2025",
            "created_time": "09:33",
            "user_updated": "Ir.Suharto Handayani",
            "updated_date": "22-06-2025",
            "updated_time": "10:40",
            "is_locked": 0
        },
        {
            "id_sub_bl": 59803,
            "id_daerah": 473,
            "tahun": 2026,
            "id_unit": 694,
            "id_skpd": 694,
            "created_user": 595,
            "kode_skpd": "1.04.2.10.1.03.01.0000",
            "nama_skpd": "Dinas Perumahan Rakyat dan Kawasan Permukiman",
            "id_urusan": 11,
            "kode_urusan": "1",
            "nama_urusan": "URUSAN PEMERINTAHAN WAJIB YANG BERKAITAN DENGAN PELAYANAN DASAR",
            "id_bidang_urusan": 204,
            "kode_bidang_urusan": "1.04",
            "nama_bidang_urusan": "URUSAN PEMERINTAHAN BIDANG PERUMAHAN DAN KAWASAN PERMUKIMAN",
            "id_sub_skpd": 694,
            "kode_sub_skpd": "1.04.2.10.1.03.01.0000",
            "nama_sub_skpd": "Dinas Perumahan Rakyat dan Kawasan Permukiman",
            "set_pagu_user": 595,
            "set_pagu_at": "Thu, 26 Jun 2025 10:55:20 GMT",
            "id_program": 4451,
            "kode_program": "1.04.01",
            "nama_program": "PROGRAM PENUNJANG URUSAN PEMERINTAHAN DAERAH KABUPATEN/KOTA",
            "id_giat": 18377,
            "kode_giat": "1.04.01.2.07",
            "nama_giat": "Pengadaan Barang Milik Daerah Penunjang Urusan Pemerintah Daerah",
            "pagu_giat": 67000000.0,
            "rinci_giat": null,
            "id_sub_giat": 60651,
            "kode_sub_giat": "1.04.01.2.07.0006",
            "nama_sub_giat": "Pengadaan Peralatan dan Mesin Lainnya",
            "pagu": 20000000.0,
            "pagu_indikatif": 20000000.0,
            "rincian": null,
            "kode_bl": "694.694.4451.18377",
            "kode_sbl": "694.694.4451.18377.60651",
            "kunci_bl": 1,
            "kunci_bl_rinci": 1,
            "user_created": "Ir.Suharto Handayani",
            "created_date": "22-01-2025",
            "created_time": "09:38",
            "user_updated": "Ir.Suharto Handayani",
            "updated_date": "22-06-2025",
            "updated_time": "10:41",
            "is_locked": 0
        },
        {
            "id_sub_bl": 59864,
            "id_daerah": 473,
            "tahun": 2026,
            "id_unit": 694,
            "id_skpd": 694,
            "created_user": 595,
            "kode_skpd": "1.04.2.10.1.03.01.0000",
            "nama_skpd": "Dinas Perumahan Rakyat dan Kawasan Permukiman",
            "id_urusan": 11,
            "kode_urusan": "1",
            "nama_urusan": "URUSAN PEMERINTAHAN WAJIB YANG BERKAITAN DENGAN PELAYANAN DASAR",
            "id_bidang_urusan": 204,
            "kode_bidang_urusan": "1.04",
            "nama_bidang_urusan": "URUSAN PEMERINTAHAN BIDANG PERUMAHAN DAN KAWASAN PERMUKIMAN",
            "id_sub_skpd": 694,
            "kode_sub_skpd": "1.04.2.10.1.03.01.0000",
            "nama_sub_skpd": "Dinas Perumahan Rakyat dan Kawasan Permukiman",
            "set_pagu_user": 595,
            "set_pagu_at": "Thu, 26 Jun 2025 10:55:20 GMT",
            "id_program": 4451,
            "kode_program": "1.04.01",
            "nama_program": "PROGRAM PENUNJANG URUSAN PEMERINTAHAN DAERAH KABUPATEN/KOTA",
            "id_giat": 18377,
            "kode_giat": "1.04.01.2.07",
            "nama_giat": "Pengadaan Barang Milik Daerah Penunjang Urusan Pemerintah Daerah",
            "pagu_giat": 67000000.0,
            "rinci_giat": null,
            "id_sub_giat": 60656,
            "kode_sub_giat": "1.04.01.2.07.0011",
            "nama_sub_giat": "Pengadaan Sarana dan Prasarana Pendukung Gedung Kantor atau Bangunan Lainnya",
            "pagu": 0.0,
            "pagu_indikatif": 0.0,
            "rincian": null,
            "kode_bl": "694.694.4451.18377",
            "kode_sbl": "694.694.4451.18377.60656",
            "kunci_bl": 1,
            "kunci_bl_rinci": 1,
            "user_created": "Ir.Suharto Handayani",
            "created_date": "22-01-2025",
            "created_time": "10:50",
            "user_updated": "Ir.Suharto Handayani",
            "updated_date": "22-06-2025",
            "updated_time": "10:41",
            "is_locked": 0
        },
        {
            "id_sub_bl": 59806,
            "id_daerah": 473,
            "tahun": 2026,
            "id_unit": 694,
            "id_skpd": 694,
            "created_user": 595,
            "kode_skpd": "1.04.2.10.1.03.01.0000",
            "nama_skpd": "Dinas Perumahan Rakyat dan Kawasan Permukiman",
            "id_urusan": 11,
            "kode_urusan": "1",
            "nama_urusan": "URUSAN PEMERINTAHAN WAJIB YANG BERKAITAN DENGAN PELAYANAN DASAR",
            "id_bidang_urusan": 204,
            "kode_bidang_urusan": "1.04",
            "nama_bidang_urusan": "URUSAN PEMERINTAHAN BIDANG PERUMAHAN DAN KAWASAN PERMUKIMAN",
            "id_sub_skpd": 694,
            "kode_sub_skpd": "1.04.2.10.1.03.01.0000",
            "nama_sub_skpd": "Dinas Perumahan Rakyat dan Kawasan Permukiman",
            "set_pagu_user": 595,
            "set_pagu_at": "Thu, 26 Jun 2025 10:55:20 GMT",
            "id_program": 4451,
            "kode_program": "1.04.01",
            "nama_program": "PROGRAM PENUNJANG URUSAN PEMERINTAHAN DAERAH KABUPATEN/KOTA",
            "id_giat": 18378,
            "kode_giat": "1.04.01.2.08",
            "nama_giat": "Penyediaan Jasa Penunjang Urusan Pemerintahan Daerah",
            "pagu_giat": 285000000.0,
            "rinci_giat": null,
            "id_sub_giat": 60658,
            "kode_sub_giat": "1.04.01.2.08.0002",
            "nama_sub_giat": "Penyediaan Jasa Komunikasi, Sumber Daya Air dan Listrik",
            "pagu": 40000000.0,
            "pagu_indikatif": 40000000.0,
            "rincian": null,
            "kode_bl": "694.694.4451.18378",
            "kode_sbl": "694.694.4451.18378.60658",
            "kunci_bl": 1,
            "kunci_bl_rinci": 1,
            "user_created": "Ir.Suharto Handayani",
            "created_date": "22-01-2025",
            "created_time": "09:40",
            "user_updated": "Ir.Suharto Handayani",
            "updated_date": "22-06-2025",
            "updated_time": "10:42",
            "is_locked": 0
        },
        {
            "id_sub_bl": 59808,
            "id_daerah": 473,
            "tahun": 2026,
            "id_unit": 694,
            "id_skpd": 694,
            "created_user": 595,
            "kode_skpd": "1.04.2.10.1.03.01.0000",
            "nama_skpd": "Dinas Perumahan Rakyat dan Kawasan Permukiman",
            "id_urusan": 11,
            "kode_urusan": "1",
            "nama_urusan": "URUSAN PEMERINTAHAN WAJIB YANG BERKAITAN DENGAN PELAYANAN DASAR",
            "id_bidang_urusan": 204,
            "kode_bidang_urusan": "1.04",
            "nama_bidang_urusan": "URUSAN PEMERINTAHAN BIDANG PERUMAHAN DAN KAWASAN PERMUKIMAN",
            "id_sub_skpd": 694,
            "kode_sub_skpd": "1.04.2.10.1.03.01.0000",
            "nama_sub_skpd": "Dinas Perumahan Rakyat dan Kawasan Permukiman",
            "set_pagu_user": 595,
            "set_pagu_at": "Thu, 26 Jun 2025 10:55:20 GMT",
            "id_program": 4451,
            "kode_program": "1.04.01",
            "nama_program": "PROGRAM PENUNJANG URUSAN PEMERINTAHAN DAERAH KABUPATEN/KOTA",
            "id_giat": 18378,
            "kode_giat": "1.04.01.2.08",
            "nama_giat": "Penyediaan Jasa Penunjang Urusan Pemerintahan Daerah",
            "pagu_giat": 285000000.0,
            "rinci_giat": null,
            "id_sub_giat": 60660,
            "kode_sub_giat": "1.04.01.2.08.0004",
            "nama_sub_giat": "Penyediaan Jasa Pelayanan Umum Kantor",
            "pagu": 245000000.0,
            "pagu_indikatif": 245000000.0,
            "rincian": null,
            "kode_bl": "694.694.4451.18378",
            "kode_sbl": "694.694.4451.18378.60660",
            "kunci_bl": 1,
            "kunci_bl_rinci": 1,
            "user_created": "Ir.Suharto Handayani",
            "created_date": "22-01-2025",
            "created_time": "09:43",
            "user_updated": "Ir.Suharto Handayani",
            "updated_date": "22-06-2025",
            "updated_time": "10:43",
            "is_locked": 0
        },
        {
            "id_sub_bl": 59811,
            "id_daerah": 473,
            "tahun": 2026,
            "id_unit": 694,
            "id_skpd": 694,
            "created_user": 595,
            "kode_skpd": "1.04.2.10.1.03.01.0000",
            "nama_skpd": "Dinas Perumahan Rakyat dan Kawasan Permukiman",
            "id_urusan": 11,
            "kode_urusan": "1",
            "nama_urusan": "URUSAN PEMERINTAHAN WAJIB YANG BERKAITAN DENGAN PELAYANAN DASAR",
            "id_bidang_urusan": 204,
            "kode_bidang_urusan": "1.04",
            "nama_bidang_urusan": "URUSAN PEMERINTAHAN BIDANG PERUMAHAN DAN KAWASAN PERMUKIMAN",
            "id_sub_skpd": 694,
            "kode_sub_skpd": "1.04.2.10.1.03.01.0000",
            "nama_sub_skpd": "Dinas Perumahan Rakyat dan Kawasan Permukiman",
            "set_pagu_user": 595,
            "set_pagu_at": "Thu, 26 Jun 2025 10:55:20 GMT",
            "id_program": 4451,
            "kode_program": "1.04.01",
            "nama_program": "PROGRAM PENUNJANG URUSAN PEMERINTAHAN DAERAH KABUPATEN/KOTA",
            "id_giat": 18379,
            "kode_giat": "1.04.01.2.09",
            "nama_giat": "Pemeliharaan Barang Milik Daerah Penunjang Urusan Pemerintahan Daerah",
            "pagu_giat": 95000000.0,
            "rinci_giat": null,
            "id_sub_giat": 60661,
            "kode_sub_giat": "1.04.01.2.09.0001",
            "nama_sub_giat": "Penyediaan Jasa Pemeliharaan, Biaya Pemeliharaan, dan Pajak Kendaraan Perorangan Dinas atau Kendaraan Dinas Jabatan",
            "pagu": 75000000.0,
            "pagu_indikatif": 75000000.0,
            "rincian": null,
            "kode_bl": "694.694.4451.18379",
            "kode_sbl": "694.694.4451.18379.60661",
            "kunci_bl": 1,
            "kunci_bl_rinci": 1,
            "user_created": "Ir.Suharto Handayani",
            "created_date": "22-01-2025",
            "created_time": "09:45",
            "user_updated": "Ir.Suharto Handayani",
            "updated_date": "22-06-2025",
            "updated_time": "10:45",
            "is_locked": 0
        },
        {
            "id_sub_bl": 59812,
            "id_daerah": 473,
            "tahun": 2026,
            "id_unit": 694,
            "id_skpd": 694,
            "created_user": 595,
            "kode_skpd": "1.04.2.10.1.03.01.0000",
            "nama_skpd": "Dinas Perumahan Rakyat dan Kawasan Permukiman",
            "id_urusan": 11,
            "kode_urusan": "1",
            "nama_urusan": "URUSAN PEMERINTAHAN WAJIB YANG BERKAITAN DENGAN PELAYANAN DASAR",
            "id_bidang_urusan": 204,
            "kode_bidang_urusan": "1.04",
            "nama_bidang_urusan": "URUSAN PEMERINTAHAN BIDANG PERUMAHAN DAN KAWASAN PERMUKIMAN",
            "id_sub_skpd": 694,
            "kode_sub_skpd": "1.04.2.10.1.03.01.0000",
            "nama_sub_skpd": "Dinas Perumahan Rakyat dan Kawasan Permukiman",
            "set_pagu_user": 595,
            "set_pagu_at": "Thu, 26 Jun 2025 10:55:20 GMT",
            "id_program": 4451,
            "kode_program": "1.04.01",
            "nama_program": "PROGRAM PENUNJANG URUSAN PEMERINTAHAN DAERAH KABUPATEN/KOTA",
            "id_giat": 18379,
            "kode_giat": "1.04.01.2.09",
            "nama_giat": "Pemeliharaan Barang Milik Daerah Penunjang Urusan Pemerintahan Daerah",
            "pagu_giat": 95000000.0,
            "rinci_giat": null,
            "id_sub_giat": 60666,
            "kode_sub_giat": "1.04.01.2.09.0006",
            "nama_sub_giat": "Pemeliharaan Peralatan dan Mesin Lainnya",
            "pagu": 10000000.0,
            "pagu_indikatif": 10000000.0,
            "rincian": null,
            "kode_bl": "694.694.4451.18379",
            "kode_sbl": "694.694.4451.18379.60666",
            "kunci_bl": 1,
            "kunci_bl_rinci": 1,
            "user_created": "Ir.Suharto Handayani",
            "created_date": "22-01-2025",
            "created_time": "09:46",
            "user_updated": "Ir.Suharto Handayani",
            "updated_date": "22-06-2025",
            "updated_time": "10:46",
            "is_locked": 0
        },
        {
            "id_sub_bl": 59819,
            "id_daerah": 473,
            "tahun": 2026,
            "id_unit": 694,
            "id_skpd": 694,
            "created_user": 595,
            "kode_skpd": "1.04.2.10.1.03.01.0000",
            "nama_skpd": "Dinas Perumahan Rakyat dan Kawasan Permukiman",
            "id_urusan": 11,
            "kode_urusan": "1",
            "nama_urusan": "URUSAN PEMERINTAHAN WAJIB YANG BERKAITAN DENGAN PELAYANAN DASAR",
            "id_bidang_urusan": 204,
            "kode_bidang_urusan": "1.04",
            "nama_bidang_urusan": "URUSAN PEMERINTAHAN BIDANG PERUMAHAN DAN KAWASAN PERMUKIMAN",
            "id_sub_skpd": 694,
            "kode_sub_skpd": "1.04.2.10.1.03.01.0000",
            "nama_sub_skpd": "Dinas Perumahan Rakyat dan Kawasan Permukiman",
            "set_pagu_user": 595,
            "set_pagu_at": "Thu, 26 Jun 2025 10:55:20 GMT",
            "id_program": 4451,
            "kode_program": "1.04.01",
            "nama_program": "PROGRAM PENUNJANG URUSAN PEMERINTAHAN DAERAH KABUPATEN/KOTA",
            "id_giat": 18379,
            "kode_giat": "1.04.01.2.09",
            "nama_giat": "Pemeliharaan Barang Milik Daerah Penunjang Urusan Pemerintahan Daerah",
            "pagu_giat": 95000000.0,
            "rinci_giat": null,
            "id_sub_giat": 60669,
            "kode_sub_giat": "1.04.01.2.09.0009",
            "nama_sub_giat": "Pemeliharaan/Rehabilitasi Gedung Kantor dan Bangunan Lainnya",
            "pagu": 10000000.0,
            "pagu_indikatif": 10000000.0,
            "rincian": null,
            "kode_bl": "694.694.4451.18379",
            "kode_sbl": "694.694.4451.18379.60669",
            "kunci_bl": 1,
            "kunci_bl_rinci": 1,
            "user_created": "Ir.Suharto Handayani",
            "created_date": "22-01-2025",
            "created_time": "09:53",
            "user_updated": "Ir.Suharto Handayani",
            "updated_date": "22-06-2025",
            "updated_time": "10:47",
            "is_locked": 0
        },
        {
            "id_sub_bl": 59838,
            "id_daerah": 473,
            "tahun": 2026,
            "id_unit": 694,
            "id_skpd": 694,
            "created_user": 595,
            "kode_skpd": "1.04.2.10.1.03.01.0000",
            "nama_skpd": "Dinas Perumahan Rakyat dan Kawasan Permukiman",
            "id_urusan": 12,
            "kode_urusan": "2",
            "nama_urusan": "URUSAN PEMERINTAHAN WAJIB YANG TIDAK BERKAITAN DENGAN PELAYANAN DASAR",
            "id_bidang_urusan": 210,
            "kode_bidang_urusan": "2.10",
            "nama_bidang_urusan": "URUSAN PEMERINTAHAN BIDANG PERTANAHAN",
            "id_sub_skpd": 694,
            "kode_sub_skpd": "1.04.2.10.1.03.01.0000",
            "nama_sub_skpd": "Dinas Perumahan Rakyat dan Kawasan Permukiman",
            "set_pagu_user": 595,
            "set_pagu_at": "Thu, 26 Jun 2025 10:55:20 GMT",
            "id_program": 3559,
            "kode_program": "2.10.04",
            "nama_program": "PROGRAM PENYELESAIAN SENGKETA TANAH GARAPAN",
            "id_giat": 15971,
            "kode_giat": "2.10.04.2.01",
            "nama_giat": "Penyelesaian Sengketa Tanah Garapan dalam Daerah Kabupaten/Kota",
            "pagu_giat": 25000000.0,
            "rinci_giat": null,
            "id_sub_giat": 53384,
            "kode_sub_giat": "2.10.04.2.01.0005",
            "nama_sub_giat": "Inventarisasi Kasus Pertanahan dalam 1 (satu) Daerah Kabupaten/Kota",
            "pagu": 25000000.0,
            "pagu_indikatif": 25000000.0,
            "rincian": null,
            "kode_bl": "694.694.3559.15971",
            "kode_sbl": "694.694.3559.15971.53384",
            "kunci_bl": 1,
            "kunci_bl_rinci": 1,
            "user_created": "Ir.Suharto Handayani",
            "created_date": "22-01-2025",
            "created_time": "10:20",
            "user_updated": "Ir.Suharto Handayani",
            "updated_date": "22-06-2025",
            "updated_time": "10:50",
            "is_locked": 0
        },
        {
            "id_sub_bl": 77167,
            "id_daerah": 473,
            "tahun": 2026,
            "id_unit": 694,
            "id_skpd": 694,
            "created_user": 595,
            "kode_skpd": "1.04.2.10.1.03.01.0000",
            "nama_skpd": "Dinas Perumahan Rakyat dan Kawasan Permukiman",
            "id_urusan": 12,
            "kode_urusan": "2",
            "nama_urusan": "URUSAN PEMERINTAHAN WAJIB YANG TIDAK BERKAITAN DENGAN PELAYANAN DASAR",
            "id_bidang_urusan": 210,
            "kode_bidang_urusan": "2.10",
            "nama_bidang_urusan": "URUSAN PEMERINTAHAN BIDANG PERTANAHAN",
            "id_sub_skpd": 694,
            "kode_sub_skpd": "1.04.2.10.1.03.01.0000",
            "nama_sub_skpd": "Dinas Perumahan Rakyat dan Kawasan Permukiman",
            "set_pagu_user": 595,
            "set_pagu_at": "Thu, 26 Jun 2025 10:55:20 GMT",
            "id_program": 3561,
            "kode_program": "2.10.05",
            "nama_program": "PROGRAM PENYELESAIAN GANTI KERUGIAN DAN SANTUNAN TANAH UNTUK PEMBANGUNAN",
            "id_giat": 15973,
            "kode_giat": "2.10.05.2.01",
            "nama_giat": "Penyelesaian Masalah Ganti Kerugian dan Santunan Tanah untuk Pembangunan oleh Pemerintah Daerah Kabupaten/Kota",
            "pagu_giat": 0.0,
            "rinci_giat": null,
            "id_sub_giat": 53396,
            "kode_sub_giat": "2.10.05.2.01.0001",
            "nama_sub_giat": "Penetapan Daftar Masyarakat Penerima Santunan Tanah dalam 1 (satu) Daerah Kabupaten/Kota",
            "pagu": 0.0,
            "pagu_indikatif": 0.0,
            "rincian": null,
            "kode_bl": "694.694.3561.15973",
            "kode_sbl": "694.694.3561.15973.53396",
            "kunci_bl": 1,
            "kunci_bl_rinci": 1,
            "user_created": "Ir.Suharto Handayani",
            "created_date": "26-06-2025",
            "created_time": "10:52",
            "user_updated": null,
            "updated_date": null,
            "updated_time": null,
            "is_locked": 0
        },
        {
            "id_sub_bl": 59839,
            "id_daerah": 473,
            "tahun": 2026,
            "id_unit": 694,
            "id_skpd": 694,
            "created_user": 595,
            "kode_skpd": "1.04.2.10.1.03.01.0000",
            "nama_skpd": "Dinas Perumahan Rakyat dan Kawasan Permukiman",
            "id_urusan": 12,
            "kode_urusan": "2",
            "nama_urusan": "URUSAN PEMERINTAHAN WAJIB YANG TIDAK BERKAITAN DENGAN PELAYANAN DASAR",
            "id_bidang_urusan": 210,
            "kode_bidang_urusan": "2.10",
            "nama_bidang_urusan": "URUSAN PEMERINTAHAN BIDANG PERTANAHAN",
            "id_sub_skpd": 694,
            "kode_sub_skpd": "1.04.2.10.1.03.01.0000",
            "nama_sub_skpd": "Dinas Perumahan Rakyat dan Kawasan Permukiman",
            "set_pagu_user": 595,
            "set_pagu_at": "Thu, 26 Jun 2025 10:55:20 GMT",
            "id_program": 3585,
            "kode_program": "2.10.08",
            "nama_program": "PROGRAM PENGELOLAAN TANAH KOSONG",
            "id_giat": 16115,
            "kode_giat": "2.10.08.2.02",
            "nama_giat": "Inventarisasi dan Pemanfaatan Tanah Kosong",
            "pagu_giat": 120000000.0,
            "rinci_giat": null,
            "id_sub_giat": 53677,
            "kode_sub_giat": "2.10.08.2.02.0001",
            "nama_sub_giat": "Pelaksanaan Inventarisasi Tanah Kosong",
            "pagu": 120000000.0,
            "pagu_indikatif": 120000000.0,
            "rincian": null,
            "kode_bl": "694.694.3585.16115",
            "kode_sbl": "694.694.3585.16115.53677",
            "kunci_bl": 1,
            "kunci_bl_rinci": 1,
            "user_created": "Ir.Suharto Handayani",
            "created_date": "22-01-2025",
            "created_time": "10:22",
            "user_updated": "Ir.Suharto Handayani",
            "updated_date": "22-06-2025",
            "updated_time": "10:51",
            "is_locked": 0
        },
        {
            "id_sub_bl": 76809,
            "id_daerah": 473,
            "tahun": 2026,
            "id_unit": 694,
            "id_skpd": 694,
            "created_user": 595,
            "kode_skpd": "1.04.2.10.1.03.01.0000",
            "nama_skpd": "Dinas Perumahan Rakyat dan Kawasan Permukiman",
            "id_urusan": 12,
            "kode_urusan": "2",
            "nama_urusan": "URUSAN PEMERINTAHAN WAJIB YANG TIDAK BERKAITAN DENGAN PELAYANAN DASAR",
            "id_bidang_urusan": 210,
            "kode_bidang_urusan": "2.10",
            "nama_bidang_urusan": "URUSAN PEMERINTAHAN BIDANG PERTANAHAN",
            "id_sub_skpd": 694,
            "kode_sub_skpd": "1.04.2.10.1.03.01.0000",
            "nama_sub_skpd": "Dinas Perumahan Rakyat dan Kawasan Permukiman",
            "set_pagu_user": 595,
            "set_pagu_at": "Thu, 26 Jun 2025 10:55:20 GMT",
            "id_program": 3588,
            "kode_program": "2.10.10",
            "nama_program": "PROGRAM PENATAGUNAAN TANAH ",
            "id_giat": 16118,
            "kode_giat": "2.10.10.2.01",
            "nama_giat": "Penggunaan Tanah yang Hamparannya dalam satu Daerah Kabupaten/Kota",
            "pagu_giat": 20000000.0,
            "rinci_giat": null,
            "id_sub_giat": 53690,
            "kode_sub_giat": "2.10.10.2.01.0001",
            "nama_sub_giat": "Koordinasi dan Sinkronisasi Perencanaan Penggunaan Tanah",
            "pagu": 0.0,
            "pagu_indikatif": 0.0,
            "rincian": null,
            "kode_bl": "694.694.3588.16118",
            "kode_sbl": "694.694.3588.16118.53690",
            "kunci_bl": 1,
            "kunci_bl_rinci": 1,
            "user_created": "Ir.Suharto Handayani",
            "created_date": "22-06-2025",
            "created_time": "18:44",
            "user_updated": null,
            "updated_date": null,
            "updated_time": null,
            "is_locked": 0
        },
        {
            "id_sub_bl": 59843,
            "id_daerah": 473,
            "tahun": 2026,
            "id_unit": 694,
            "id_skpd": 694,
            "created_user": 595,
            "kode_skpd": "1.04.2.10.1.03.01.0000",
            "nama_skpd": "Dinas Perumahan Rakyat dan Kawasan Permukiman",
            "id_urusan": 12,
            "kode_urusan": "2",
            "nama_urusan": "URUSAN PEMERINTAHAN WAJIB YANG TIDAK BERKAITAN DENGAN PELAYANAN DASAR",
            "id_bidang_urusan": 210,
            "kode_bidang_urusan": "2.10",
            "nama_bidang_urusan": "URUSAN PEMERINTAHAN BIDANG PERTANAHAN",
            "id_sub_skpd": 694,
            "kode_sub_skpd": "1.04.2.10.1.03.01.0000",
            "nama_sub_skpd": "Dinas Perumahan Rakyat dan Kawasan Permukiman",
            "set_pagu_user": 595,
            "set_pagu_at": "Thu, 26 Jun 2025 10:55:20 GMT",
            "id_program": 3588,
            "kode_program": "2.10.10",
            "nama_program": "PROGRAM PENATAGUNAAN TANAH ",
            "id_giat": 16118,
            "kode_giat": "2.10.10.2.01",
            "nama_giat": "Penggunaan Tanah yang Hamparannya dalam satu Daerah Kabupaten/Kota",
            "pagu_giat": 20000000.0,
            "rinci_giat": null,
            "id_sub_giat": 53692,
            "kode_sub_giat": "2.10.10.2.01.0003",
            "nama_sub_giat": "Koordinasi dan Sinkronisasi Pelaksanaan Konsolidasi Tanah Kabupaten/Kota",
            "pagu": 20000000.0,
            "pagu_indikatif": 20000000.0,
            "rincian": null,
            "kode_bl": "694.694.3588.16118",
            "kode_sbl": "694.694.3588.16118.53692",
            "kunci_bl": 1,
            "kunci_bl_rinci": 1,
            "user_created": "Ir.Suharto Handayani",
            "created_date": "22-01-2025",
            "created_time": "10:25",
            "user_updated": "Ir.Suharto Handayani",
            "updated_date": "22-06-2025",
            "updated_time": "10:48",
            "is_locked": 0
        }
    ]