[
        {
            "id_sub_bl": 63966,
            "id_daerah": 473,
            "tahun": 2026,
            "id_unit": 683,
            "id_skpd": 683,
            "created_user": 1077,
            "kode_skpd": "1.05.0.00.0.00.01.0000",
            "nama_skpd": "Satuan Polisi Pamong Praja dan Pemadam Kebakaran",
            "id_urusan": 11,
            "kode_urusan": "1",
            "nama_urusan": "URUSAN PEMERINTAHAN WAJIB YANG BERKAITAN DENGAN PELAYANAN DASAR",
            "id_bidang_urusan": 205,
            "kode_bidang_urusan": "1.05",
            "nama_bidang_urusan": "URUSAN PEMERINTAHAN BIDANG KETENTERAMAN DAN KETERTIBAN UMUM SERTA PERLINDUNGAN MASYARAKAT",
            "id_sub_skpd": 683,
            "kode_sub_skpd": "1.05.0.00.0.00.01.0000",
            "nama_sub_skpd": "Satuan Polisi Pamong Praja dan Pemadam Kebakaran",
            "set_pagu_user": 0,
            "set_pagu_at": null,
            "id_program": 3422,
            "kode_program": "1.05.02",
            "nama_program": "PROGRAM PENINGKATAN KETENTERAMAN DAN KETERTIBAN UMUM",
            "id_giat": 15674,
            "kode_giat": "1.05.02.2.01",
            "nama_giat": "Penanganan Gangguan Ketenteraman dan Ketertiban Umum dalam 1 (Satu) Daerah Kabupaten/Kota",
            "pagu_giat": 405000000.0,
            "rinci_giat": null,
            "id_sub_giat": 52402,
            "kode_sub_giat": "1.05.02.2.01.0003",
            "nama_sub_giat": "Koordinasi Penyelenggaraan Ketentraman dan Ketertiban Umum serta Perlindungan Masyarakat Tingkat Kabupaten/Kota",
            "pagu": 20000000.0,
            "pagu_indikatif": 20000000.0,
            "rincian": null,
            "kode_bl": "683.683.3422.15674",
            "kode_sbl": "683.683.3422.15674.52402",
            "kunci_bl": 1,
            "kunci_bl_rinci": 1,
            "user_created": "SASMAN, SP",
            "created_date": "03-02-2025",
            "created_time": "14:27",
            "user_updated": "SASMAN, SP",
            "updated_date": "03-07-2025",
            "updated_time": "09:27",
            "is_locked": 0
        },
        {
            "id_sub_bl": 63977,
            "id_daerah": 473,
            "tahun": 2026,
            "id_unit": 683,
            "id_skpd": 683,
            "created_user": 1077,
            "kode_skpd": "1.05.0.00.0.00.01.0000",
            "nama_skpd": "Satuan Polisi Pamong Praja dan Pemadam Kebakaran",
            "id_urusan": 11,
            "kode_urusan": "1",
            "nama_urusan": "URUSAN PEMERINTAHAN WAJIB YANG BERKAITAN DENGAN PELAYANAN DASAR",
            "id_bidang_urusan": 205,
            "kode_bidang_urusan": "1.05",
            "nama_bidang_urusan": "URUSAN PEMERINTAHAN BIDANG KETENTERAMAN DAN KETERTIBAN UMUM SERTA PERLINDUNGAN MASYARAKAT",
            "id_sub_skpd": 683,
            "kode_sub_skpd": "1.05.0.00.0.00.01.0000",
            "nama_sub_skpd": "Satuan Polisi Pamong Praja dan Pemadam Kebakaran",
            "set_pagu_user": 0,
            "set_pagu_at": null,
            "id_program": 3422,
            "kode_program": "1.05.02",
            "nama_program": "PROGRAM PENINGKATAN KETENTERAMAN DAN KETERTIBAN UMUM",
            "id_giat": 15674,
            "kode_giat": "1.05.02.2.01",
            "nama_giat": "Penanganan Gangguan Ketenteraman dan Ketertiban Umum dalam 1 (Satu) Daerah Kabupaten/Kota",
            "pagu_giat": 405000000.0,
            "rinci_giat": null,
            "id_sub_giat": 52403,
            "kode_sub_giat": "1.05.02.2.01.0004",
            "nama_sub_giat": "Pemberdayaan Perlindungan Masyarakat dalam rangka Ketentraman dan Ketertiban Umum",
            "pagu": 45000000.0,
            "pagu_indikatif": 45000000.0,
            "rincian": null,
            "kode_bl": "683.683.3422.15674",
            "kode_sbl": "683.683.3422.15674.52403",
            "kunci_bl": 1,
            "kunci_bl_rinci": 1,
            "user_created": "SASMAN, SP",
            "created_date": "03-02-2025",
            "created_time": "14:33",
            "user_updated": "SASMAN, SP",
            "updated_date": "03-07-2025",
            "updated_time": "09:34",
            "is_locked": 0
        },
        {
            "id_sub_bl": 63985,
            "id_daerah": 473,
            "tahun": 2026,
            "id_unit": 683,
            "id_skpd": 683,
            "created_user": 1077,
            "kode_skpd": "1.05.0.00.0.00.01.0000",
            "nama_skpd": "Satuan Polisi Pamong Praja dan Pemadam Kebakaran",
            "id_urusan": 11,
            "kode_urusan": "1",
            "nama_urusan": "URUSAN PEMERINTAHAN WAJIB YANG BERKAITAN DENGAN PELAYANAN DASAR",
            "id_bidang_urusan": 205,
            "kode_bidang_urusan": "1.05",
            "nama_bidang_urusan": "URUSAN PEMERINTAHAN BIDANG KETENTERAMAN DAN KETERTIBAN UMUM SERTA PERLINDUNGAN MASYARAKAT",
            "id_sub_skpd": 683,
            "kode_sub_skpd": "1.05.0.00.0.00.01.0000",
            "nama_sub_skpd": "Satuan Polisi Pamong Praja dan Pemadam Kebakaran",
            "set_pagu_user": 0,
            "set_pagu_at": null,
            "id_program": 3422,
            "kode_program": "1.05.02",
            "nama_program": "PROGRAM PENINGKATAN KETENTERAMAN DAN KETERTIBAN UMUM",
            "id_giat": 15674,
            "kode_giat": "1.05.02.2.01",
            "nama_giat": "Penanganan Gangguan Ketenteraman dan Ketertiban Umum dalam 1 (Satu) Daerah Kabupaten/Kota",
            "pagu_giat": 405000000.0,
            "rinci_giat": null,
            "id_sub_giat": 52404,
            "kode_sub_giat": "1.05.02.2.01.0006",
            "nama_sub_giat": "Kerja Sama antar Lembaga dan Kemitraan dalam Teknik Pencegahan dan Penanganan Gangguan Ketentraman dan Ketertiban Umum",
            "pagu": 20000000.0,
            "pagu_indikatif": 20000000.0,
            "rincian": null,
            "kode_bl": "683.683.3422.15674",
            "kode_sbl": "683.683.3422.15674.52404",
            "kunci_bl": 1,
            "kunci_bl_rinci": 1,
            "user_created": "SASMAN, SP",
            "created_date": "03-02-2025",
            "created_time": "14:36",
            "user_updated": "SASMAN, SP",
            "updated_date": "03-07-2025",
            "updated_time": "09:41",
            "is_locked": 0
        },
        {
            "id_sub_bl": 63991,
            "id_daerah": 473,
            "tahun": 2026,
            "id_unit": 683,
            "id_skpd": 683,
            "created_user": 1077,
            "kode_skpd": "1.05.0.00.0.00.01.0000",
            "nama_skpd": "Satuan Polisi Pamong Praja dan Pemadam Kebakaran",
            "id_urusan": 11,
            "kode_urusan": "1",
            "nama_urusan": "URUSAN PEMERINTAHAN WAJIB YANG BERKAITAN DENGAN PELAYANAN DASAR",
            "id_bidang_urusan": 205,
            "kode_bidang_urusan": "1.05",
            "nama_bidang_urusan": "URUSAN PEMERINTAHAN BIDANG KETENTERAMAN DAN KETERTIBAN UMUM SERTA PERLINDUNGAN MASYARAKAT",
            "id_sub_skpd": 683,
            "kode_sub_skpd": "1.05.0.00.0.00.01.0000",
            "nama_sub_skpd": "Satuan Polisi Pamong Praja dan Pemadam Kebakaran",
            "set_pagu_user": 0,
            "set_pagu_at": null,
            "id_program": 3422,
            "kode_program": "1.05.02",
            "nama_program": "PROGRAM PENINGKATAN KETENTERAMAN DAN KETERTIBAN UMUM",
            "id_giat": 15674,
            "kode_giat": "1.05.02.2.01",
            "nama_giat": "Penanganan Gangguan Ketenteraman dan Ketertiban Umum dalam 1 (Satu) Daerah Kabupaten/Kota",
            "pagu_giat": 405000000.0,
            "rinci_giat": null,
            "id_sub_giat": 52405,
            "kode_sub_giat": "1.05.02.2.01.0008",
            "nama_sub_giat": "Penyusunan SOP Ketertiban Umum dan Ketenteraman Masyarakat",
            "pagu": 20000000.0,
            "pagu_indikatif": 20000000.0,
            "rincian": null,
            "kode_bl": "683.683.3422.15674",
            "kode_sbl": "683.683.3422.15674.52405",
            "kunci_bl": 1,
            "kunci_bl_rinci": 1,
            "user_created": "SASMAN, SP",
            "created_date": "03-02-2025",
            "created_time": "14:37",
            "user_updated": "SASMAN, SP",
            "updated_date": "03-07-2025",
            "updated_time": "09:42",
            "is_locked": 0
        },
        {
            "id_sub_bl": 76805,
            "id_daerah": 473,
            "tahun": 2026,
            "id_unit": 683,
            "id_skpd": 683,
            "created_user": 1077,
            "kode_skpd": "1.05.0.00.0.00.01.0000",
            "nama_skpd": "Satuan Polisi Pamong Praja dan Pemadam Kebakaran",
            "id_urusan": 11,
            "kode_urusan": "1",
            "nama_urusan": "URUSAN PEMERINTAHAN WAJIB YANG BERKAITAN DENGAN PELAYANAN DASAR",
            "id_bidang_urusan": 205,
            "kode_bidang_urusan": "1.05",
            "nama_bidang_urusan": "URUSAN PEMERINTAHAN BIDANG KETENTERAMAN DAN KETERTIBAN UMUM SERTA PERLINDUNGAN MASYARAKAT",
            "id_sub_skpd": 683,
            "kode_sub_skpd": "1.05.0.00.0.00.01.0000",
            "nama_sub_skpd": "Satuan Polisi Pamong Praja dan Pemadam Kebakaran",
            "set_pagu_user": 0,
            "set_pagu_at": null,
            "id_program": 3422,
            "kode_program": "1.05.02",
            "nama_program": "PROGRAM PENINGKATAN KETENTERAMAN DAN KETERTIBAN UMUM",
            "id_giat": 15674,
            "kode_giat": "1.05.02.2.01",
            "nama_giat": "Penanganan Gangguan Ketenteraman dan Ketertiban Umum dalam 1 (Satu) Daerah Kabupaten/Kota",
            "pagu_giat": 405000000.0,
            "rinci_giat": null,
            "id_sub_giat": 52409,
            "kode_sub_giat": "1.05.02.2.01.0013",
            "nama_sub_giat": "Peningkatan Kapasitas SDM Satuan Pelindungan Masyarakat",
            "pagu": 25000000.0,
            "pagu_indikatif": 25000000.0,
            "rincian": null,
            "kode_bl": "683.683.3422.15674",
            "kode_sbl": "683.683.3422.15674.52409",
            "kunci_bl": 1,
            "kunci_bl_rinci": 1,
            "user_created": "SASMAN, SP",
            "created_date": "22-06-2025",
            "created_time": "16:34",
            "user_updated": "SASMAN, SP",
            "updated_date": "03-07-2025",
            "updated_time": "09:44",
            "is_locked": 0
        },
        {
            "id_sub_bl": 63995,
            "id_daerah": 473,
            "tahun": 2026,
            "id_unit": 683,
            "id_skpd": 683,
            "created_user": 1077,
            "kode_skpd": "1.05.0.00.0.00.01.0000",
            "nama_skpd": "Satuan Polisi Pamong Praja dan Pemadam Kebakaran",
            "id_urusan": 11,
            "kode_urusan": "1",
            "nama_urusan": "URUSAN PEMERINTAHAN WAJIB YANG BERKAITAN DENGAN PELAYANAN DASAR",
            "id_bidang_urusan": 205,
            "kode_bidang_urusan": "1.05",
            "nama_bidang_urusan": "URUSAN PEMERINTAHAN BIDANG KETENTERAMAN DAN KETERTIBAN UMUM SERTA PERLINDUNGAN MASYARAKAT",
            "id_sub_skpd": 683,
            "kode_sub_skpd": "1.05.0.00.0.00.01.0000",
            "nama_sub_skpd": "Satuan Polisi Pamong Praja dan Pemadam Kebakaran",
            "set_pagu_user": 0,
            "set_pagu_at": null,
            "id_program": 3422,
            "kode_program": "1.05.02",
            "nama_program": "PROGRAM PENINGKATAN KETENTERAMAN DAN KETERTIBAN UMUM",
            "id_giat": 15674,
            "kode_giat": "1.05.02.2.01",
            "nama_giat": "Penanganan Gangguan Ketenteraman dan Ketertiban Umum dalam 1 (Satu) Daerah Kabupaten/Kota",
            "pagu_giat": 405000000.0,
            "rinci_giat": null,
            "id_sub_giat": 52411,
            "kode_sub_giat": "1.05.02.2.01.0015",
            "nama_sub_giat": "Pencegahan Gangguan Ketenteraman dan Ketertiban Umum Melalui Deteksi Dini dan Cegah Dini, Pembinaan dan Penyuluhan, Pelaksanaan Patroli, Pengamanan, dan Pengawalan",
            "pagu": 130000000.0,
            "pagu_indikatif": 130000000.0,
            "rincian": null,
            "kode_bl": "683.683.3422.15674",
            "kode_sbl": "683.683.3422.15674.52411",
            "kunci_bl": 1,
            "kunci_bl_rinci": 1,
            "user_created": "SASMAN, SP",
            "created_date": "03-02-2025",
            "created_time": "14:39",
            "user_updated": "SASMAN, SP",
            "updated_date": "03-07-2025",
            "updated_time": "09:46",
            "is_locked": 0
        },
        {
            "id_sub_bl": 63998,
            "id_daerah": 473,
            "tahun": 2026,
            "id_unit": 683,
            "id_skpd": 683,
            "created_user": 1077,
            "kode_skpd": "1.05.0.00.0.00.01.0000",
            "nama_skpd": "Satuan Polisi Pamong Praja dan Pemadam Kebakaran",
            "id_urusan": 11,
            "kode_urusan": "1",
            "nama_urusan": "URUSAN PEMERINTAHAN WAJIB YANG BERKAITAN DENGAN PELAYANAN DASAR",
            "id_bidang_urusan": 205,
            "kode_bidang_urusan": "1.05",
            "nama_bidang_urusan": "URUSAN PEMERINTAHAN BIDANG KETENTERAMAN DAN KETERTIBAN UMUM SERTA PERLINDUNGAN MASYARAKAT",
            "id_sub_skpd": 683,
            "kode_sub_skpd": "1.05.0.00.0.00.01.0000",
            "nama_sub_skpd": "Satuan Polisi Pamong Praja dan Pemadam Kebakaran",
            "set_pagu_user": 0,
            "set_pagu_at": null,
            "id_program": 3422,
            "kode_program": "1.05.02",
            "nama_program": "PROGRAM PENINGKATAN KETENTERAMAN DAN KETERTIBAN UMUM",
            "id_giat": 15674,
            "kode_giat": "1.05.02.2.01",
            "nama_giat": "Penanganan Gangguan Ketenteraman dan Ketertiban Umum dalam 1 (Satu) Daerah Kabupaten/Kota",
            "pagu_giat": 405000000.0,
            "rinci_giat": null,
            "id_sub_giat": 52412,
            "kode_sub_giat": "1.05.02.2.01.0016",
            "nama_sub_giat": "Penindakan Atas Gangguan Ketenteraman dan Ketertiban Umum berdasarkan Perda dan Perkada Melalui Penertiban dan Penanganan Unjuk Rasa dan Kerusuhan Massa",
            "pagu": 25000000.0,
            "pagu_indikatif": 25000000.0,
            "rincian": null,
            "kode_bl": "683.683.3422.15674",
            "kode_sbl": "683.683.3422.15674.52412",
            "kunci_bl": 1,
            "kunci_bl_rinci": 1,
            "user_created": "SASMAN, SP",
            "created_date": "03-02-2025",
            "created_time": "14:40",
            "user_updated": "SASMAN, SP",
            "updated_date": "03-07-2025",
            "updated_time": "09:47",
            "is_locked": 0
        },
        {
            "id_sub_bl": 64007,
            "id_daerah": 473,
            "tahun": 2026,
            "id_unit": 683,
            "id_skpd": 683,
            "created_user": 1077,
            "kode_skpd": "1.05.0.00.0.00.01.0000",
            "nama_skpd": "Satuan Polisi Pamong Praja dan Pemadam Kebakaran",
            "id_urusan": 11,
            "kode_urusan": "1",
            "nama_urusan": "URUSAN PEMERINTAHAN WAJIB YANG BERKAITAN DENGAN PELAYANAN DASAR",
            "id_bidang_urusan": 205,
            "kode_bidang_urusan": "1.05",
            "nama_bidang_urusan": "URUSAN PEMERINTAHAN BIDANG KETENTERAMAN DAN KETERTIBAN UMUM SERTA PERLINDUNGAN MASYARAKAT",
            "id_sub_skpd": 683,
            "kode_sub_skpd": "1.05.0.00.0.00.01.0000",
            "nama_sub_skpd": "Satuan Polisi Pamong Praja dan Pemadam Kebakaran",
            "set_pagu_user": 0,
            "set_pagu_at": null,
            "id_program": 3422,
            "kode_program": "1.05.02",
            "nama_program": "PROGRAM PENINGKATAN KETENTERAMAN DAN KETERTIBAN UMUM",
            "id_giat": 15674,
            "kode_giat": "1.05.02.2.01",
            "nama_giat": "Penanganan Gangguan Ketenteraman dan Ketertiban Umum dalam 1 (Satu) Daerah Kabupaten/Kota",
            "pagu_giat": 405000000.0,
            "rinci_giat": null,
            "id_sub_giat": 52413,
            "kode_sub_giat": "1.05.02.2.01.0017",
            "nama_sub_giat": "Penyediaan Layanan dasar dalam rangka Dampak Penegakan Peraturan Daerah dan Perturan kepala daerah",
            "pagu": 20000000.0,
            "pagu_indikatif": 20000000.0,
            "rincian": null,
            "kode_bl": "683.683.3422.15674",
            "kode_sbl": "683.683.3422.15674.52413",
            "kunci_bl": 1,
            "kunci_bl_rinci": 1,
            "user_created": "SASMAN, SP",
            "created_date": "03-02-2025",
            "created_time": "14:44",
            "user_updated": "SASMAN, SP",
            "updated_date": "03-07-2025",
            "updated_time": "09:48",
            "is_locked": 0
        },
        {
            "id_sub_bl": 64010,
            "id_daerah": 473,
            "tahun": 2026,
            "id_unit": 683,
            "id_skpd": 683,
            "created_user": 1077,
            "kode_skpd": "1.05.0.00.0.00.01.0000",
            "nama_skpd": "Satuan Polisi Pamong Praja dan Pemadam Kebakaran",
            "id_urusan": 11,
            "kode_urusan": "1",
            "nama_urusan": "URUSAN PEMERINTAHAN WAJIB YANG BERKAITAN DENGAN PELAYANAN DASAR",
            "id_bidang_urusan": 205,
            "kode_bidang_urusan": "1.05",
            "nama_bidang_urusan": "URUSAN PEMERINTAHAN BIDANG KETENTERAMAN DAN KETERTIBAN UMUM SERTA PERLINDUNGAN MASYARAKAT",
            "id_sub_skpd": 683,
            "kode_sub_skpd": "1.05.0.00.0.00.01.0000",
            "nama_sub_skpd": "Satuan Polisi Pamong Praja dan Pemadam Kebakaran",
            "set_pagu_user": 0,
            "set_pagu_at": null,
            "id_program": 3422,
            "kode_program": "1.05.02",
            "nama_program": "PROGRAM PENINGKATAN KETENTERAMAN DAN KETERTIBAN UMUM",
            "id_giat": 15674,
            "kode_giat": "1.05.02.2.01",
            "nama_giat": "Penanganan Gangguan Ketenteraman dan Ketertiban Umum dalam 1 (Satu) Daerah Kabupaten/Kota",
            "pagu_giat": 405000000.0,
            "rinci_giat": null,
            "id_sub_giat": 52414,
            "kode_sub_giat": "1.05.02.2.01.0018",
            "nama_sub_giat": "Pengadaan dan Pemeliharaan Sarana dan Prasarana Ketentraman dan Ketertiban Umum",
            "pagu": 60000000.0,
            "pagu_indikatif": 60000000.0,
            "rincian": null,
            "kode_bl": "683.683.3422.15674",
            "kode_sbl": "683.683.3422.15674.52414",
            "kunci_bl": 1,
            "kunci_bl_rinci": 1,
            "user_created": "SASMAN, SP",
            "created_date": "03-02-2025",
            "created_time": "14:44",
            "user_updated": "SASMAN, SP",
            "updated_date": "03-07-2025",
            "updated_time": "09:50",
            "is_locked": 0
        },
        {
            "id_sub_bl": 76807,
            "id_daerah": 473,
            "tahun": 2026,
            "id_unit": 683,
            "id_skpd": 683,
            "created_user": 1077,
            "kode_skpd": "1.05.0.00.0.00.01.0000",
            "nama_skpd": "Satuan Polisi Pamong Praja dan Pemadam Kebakaran",
            "id_urusan": 11,
            "kode_urusan": "1",
            "nama_urusan": "URUSAN PEMERINTAHAN WAJIB YANG BERKAITAN DENGAN PELAYANAN DASAR",
            "id_bidang_urusan": 205,
            "kode_bidang_urusan": "1.05",
            "nama_bidang_urusan": "URUSAN PEMERINTAHAN BIDANG KETENTERAMAN DAN KETERTIBAN UMUM SERTA PERLINDUNGAN MASYARAKAT",
            "id_sub_skpd": 683,
            "kode_sub_skpd": "1.05.0.00.0.00.01.0000",
            "nama_sub_skpd": "Satuan Polisi Pamong Praja dan Pemadam Kebakaran",
            "set_pagu_user": 0,
            "set_pagu_at": null,
            "id_program": 3422,
            "kode_program": "1.05.02",
            "nama_program": "PROGRAM PENINGKATAN KETENTERAMAN DAN KETERTIBAN UMUM",
            "id_giat": 15674,
            "kode_giat": "1.05.02.2.01",
            "nama_giat": "Penanganan Gangguan Ketenteraman dan Ketertiban Umum dalam 1 (Satu) Daerah Kabupaten/Kota",
            "pagu_giat": 405000000.0,
            "rinci_giat": null,
            "id_sub_giat": 52418,
            "kode_sub_giat": "1.05.02.2.01.0022",
            "nama_sub_giat": "Penyusunan Peta Rawan Gangguan Ketenteraman, Ketertiban Umum dan Perlindungan Masyarakat",
            "pagu": 20000000.0,
            "pagu_indikatif": 20000000.0,
            "rincian": null,
            "kode_bl": "683.683.3422.15674",
            "kode_sbl": "683.683.3422.15674.52418",
            "kunci_bl": 1,
            "kunci_bl_rinci": 1,
            "user_created": "SASMAN, SP",
            "created_date": "22-06-2025",
            "created_time": "16:41",
            "user_updated": "SASMAN, SP",
            "updated_date": "03-07-2025",
            "updated_time": "09:51",
            "is_locked": 0
        },
        {
            "id_sub_bl": 76806,
            "id_daerah": 473,
            "tahun": 2026,
            "id_unit": 683,
            "id_skpd": 683,
            "created_user": 1077,
            "kode_skpd": "1.05.0.00.0.00.01.0000",
            "nama_skpd": "Satuan Polisi Pamong Praja dan Pemadam Kebakaran",
            "id_urusan": 11,
            "kode_urusan": "1",
            "nama_urusan": "URUSAN PEMERINTAHAN WAJIB YANG BERKAITAN DENGAN PELAYANAN DASAR",
            "id_bidang_urusan": 205,
            "kode_bidang_urusan": "1.05",
            "nama_bidang_urusan": "URUSAN PEMERINTAHAN BIDANG KETENTERAMAN DAN KETERTIBAN UMUM SERTA PERLINDUNGAN MASYARAKAT",
            "id_sub_skpd": 683,
            "kode_sub_skpd": "1.05.0.00.0.00.01.0000",
            "nama_sub_skpd": "Satuan Polisi Pamong Praja dan Pemadam Kebakaran",
            "set_pagu_user": 0,
            "set_pagu_at": null,
            "id_program": 3422,
            "kode_program": "1.05.02",
            "nama_program": "PROGRAM PENINGKATAN KETENTERAMAN DAN KETERTIBAN UMUM",
            "id_giat": 15674,
            "kode_giat": "1.05.02.2.01",
            "nama_giat": "Penanganan Gangguan Ketenteraman dan Ketertiban Umum dalam 1 (Satu) Daerah Kabupaten/Kota",
            "pagu_giat": 405000000.0,
            "rinci_giat": null,
            "id_sub_giat": 52421,
            "kode_sub_giat": "1.05.02.2.01.0025",
            "nama_sub_giat": "Peningkatan Kapasitas SDM Satuan Polisi Pamong Praja",
            "pagu": 20000000.0,
            "pagu_indikatif": 20000000.0,
            "rincian": null,
            "kode_bl": "683.683.3422.15674",
            "kode_sbl": "683.683.3422.15674.52421",
            "kunci_bl": 1,
            "kunci_bl_rinci": 1,
            "user_created": "SASMAN, SP",
            "created_date": "22-06-2025",
            "created_time": "16:37",
            "user_updated": "SASMAN, SP",
            "updated_date": "03-07-2025",
            "updated_time": "09:52",
            "is_locked": 0
        },
        {
            "id_sub_bl": 64012,
            "id_daerah": 473,
            "tahun": 2026,
            "id_unit": 683,
            "id_skpd": 683,
            "created_user": 1077,
            "kode_skpd": "1.05.0.00.0.00.01.0000",
            "nama_skpd": "Satuan Polisi Pamong Praja dan Pemadam Kebakaran",
            "id_urusan": 11,
            "kode_urusan": "1",
            "nama_urusan": "URUSAN PEMERINTAHAN WAJIB YANG BERKAITAN DENGAN PELAYANAN DASAR",
            "id_bidang_urusan": 205,
            "kode_bidang_urusan": "1.05",
            "nama_bidang_urusan": "URUSAN PEMERINTAHAN BIDANG KETENTERAMAN DAN KETERTIBAN UMUM SERTA PERLINDUNGAN MASYARAKAT",
            "id_sub_skpd": 683,
            "kode_sub_skpd": "1.05.0.00.0.00.01.0000",
            "nama_sub_skpd": "Satuan Polisi Pamong Praja dan Pemadam Kebakaran",
            "set_pagu_user": 0,
            "set_pagu_at": null,
            "id_program": 3422,
            "kode_program": "1.05.02",
            "nama_program": "PROGRAM PENINGKATAN KETENTERAMAN DAN KETERTIBAN UMUM",
            "id_giat": 15675,
            "kode_giat": "1.05.02.2.02",
            "nama_giat": "Penegakan Peraturan Daerah Kabupaten/Kota dan Peraturan Bupati/Wali Kota",
            "pagu_giat": 65000000.0,
            "rinci_giat": null,
            "id_sub_giat": 52428,
            "kode_sub_giat": "1.05.02.2.02.0010",
            "nama_sub_giat": "Sosialisasi Penegakan Peraturan Daerah dan Peraturan Kepala Daerah",
            "pagu": 25000000.0,
            "pagu_indikatif": 25000000.0,
            "rincian": null,
            "kode_bl": "683.683.3422.15675",
            "kode_sbl": "683.683.3422.15675.52428",
            "kunci_bl": 1,
            "kunci_bl_rinci": 1,
            "user_created": "SASMAN, SP",
            "created_date": "03-02-2025",
            "created_time": "14:45",
            "user_updated": "SASMAN, SP",
            "updated_date": "03-07-2025",
            "updated_time": "09:53",
            "is_locked": 0
        },
        {
            "id_sub_bl": 64015,
            "id_daerah": 473,
            "tahun": 2026,
            "id_unit": 683,
            "id_skpd": 683,
            "created_user": 1077,
            "kode_skpd": "1.05.0.00.0.00.01.0000",
            "nama_skpd": "Satuan Polisi Pamong Praja dan Pemadam Kebakaran",
            "id_urusan": 11,
            "kode_urusan": "1",
            "nama_urusan": "URUSAN PEMERINTAHAN WAJIB YANG BERKAITAN DENGAN PELAYANAN DASAR",
            "id_bidang_urusan": 205,
            "kode_bidang_urusan": "1.05",
            "nama_bidang_urusan": "URUSAN PEMERINTAHAN BIDANG KETENTERAMAN DAN KETERTIBAN UMUM SERTA PERLINDUNGAN MASYARAKAT",
            "id_sub_skpd": 683,
            "kode_sub_skpd": "1.05.0.00.0.00.01.0000",
            "nama_sub_skpd": "Satuan Polisi Pamong Praja dan Pemadam Kebakaran",
            "set_pagu_user": 0,
            "set_pagu_at": null,
            "id_program": 3422,
            "kode_program": "1.05.02",
            "nama_program": "PROGRAM PENINGKATAN KETENTERAMAN DAN KETERTIBAN UMUM",
            "id_giat": 15675,
            "kode_giat": "1.05.02.2.02",
            "nama_giat": "Penegakan Peraturan Daerah Kabupaten/Kota dan Peraturan Bupati/Wali Kota",
            "pagu_giat": 65000000.0,
            "rinci_giat": null,
            "id_sub_giat": 52429,
            "kode_sub_giat": "1.05.02.2.02.0011",
            "nama_sub_giat": "Penanganan  Atas Pelanggaran Peraturan Daerah dan Peraturan  Kepala daerah",
            "pagu": 40000000.0,
            "pagu_indikatif": 40000000.0,
            "rincian": null,
            "kode_bl": "683.683.3422.15675",
            "kode_sbl": "683.683.3422.15675.52429",
            "kunci_bl": 1,
            "kunci_bl_rinci": 1,
            "user_created": "SASMAN, SP",
            "created_date": "03-02-2025",
            "created_time": "14:46",
            "user_updated": "SASMAN, SP",
            "updated_date": "03-07-2025",
            "updated_time": "09:53",
            "is_locked": 0
        },
        {
            "id_sub_bl": 64017,
            "id_daerah": 473,
            "tahun": 2026,
            "id_unit": 683,
            "id_skpd": 683,
            "created_user": 1077,
            "kode_skpd": "1.05.0.00.0.00.01.0000",
            "nama_skpd": "Satuan Polisi Pamong Praja dan Pemadam Kebakaran",
            "id_urusan": 11,
            "kode_urusan": "1",
            "nama_urusan": "URUSAN PEMERINTAHAN WAJIB YANG BERKAITAN DENGAN PELAYANAN DASAR",
            "id_bidang_urusan": 205,
            "kode_bidang_urusan": "1.05",
            "nama_bidang_urusan": "URUSAN PEMERINTAHAN BIDANG KETENTERAMAN DAN KETERTIBAN UMUM SERTA PERLINDUNGAN MASYARAKAT",
            "id_sub_skpd": 683,
            "kode_sub_skpd": "1.05.0.00.0.00.01.0000",
            "nama_sub_skpd": "Satuan Polisi Pamong Praja dan Pemadam Kebakaran",
            "set_pagu_user": 0,
            "set_pagu_at": null,
            "id_program": 3422,
            "kode_program": "1.05.02",
            "nama_program": "PROGRAM PENINGKATAN KETENTERAMAN DAN KETERTIBAN UMUM",
            "id_giat": 15676,
            "kode_giat": "1.05.02.2.03",
            "nama_giat": "Pembinaan Penyidik Pegawai Negeri Sipil (PPNS) Kabupaten/Kota",
            "pagu_giat": 40000000.0,
            "rinci_giat": null,
            "id_sub_giat": 52436,
            "kode_sub_giat": "1.05.02.2.03.0006",
            "nama_sub_giat": "Pengembangan Kapasitas dan Karier PPNS",
            "pagu": 40000000.0,
            "pagu_indikatif": 40000000.0,
            "rincian": null,
            "kode_bl": "683.683.3422.15676",
            "kode_sbl": "683.683.3422.15676.52436",
            "kunci_bl": 1,
            "kunci_bl_rinci": 1,
            "user_created": "SASMAN, SP",
            "created_date": "03-02-2025",
            "created_time": "14:47",
            "user_updated": "SASMAN, SP",
            "updated_date": "03-07-2025",
            "updated_time": "09:56",
            "is_locked": 0
        },
        {
            "id_sub_bl": 64019,
            "id_daerah": 473,
            "tahun": 2026,
            "id_unit": 683,
            "id_skpd": 683,
            "created_user": 1077,
            "kode_skpd": "1.05.0.00.0.00.01.0000",
            "nama_skpd": "Satuan Polisi Pamong Praja dan Pemadam Kebakaran",
            "id_urusan": 11,
            "kode_urusan": "1",
            "nama_urusan": "URUSAN PEMERINTAHAN WAJIB YANG BERKAITAN DENGAN PELAYANAN DASAR",
            "id_bidang_urusan": 205,
            "kode_bidang_urusan": "1.05",
            "nama_bidang_urusan": "URUSAN PEMERINTAHAN BIDANG KETENTERAMAN DAN KETERTIBAN UMUM SERTA PERLINDUNGAN MASYARAKAT",
            "id_sub_skpd": 683,
            "kode_sub_skpd": "1.05.0.00.0.00.01.0000",
            "nama_sub_skpd": "Satuan Polisi Pamong Praja dan Pemadam Kebakaran",
            "set_pagu_user": 0,
            "set_pagu_at": null,
            "id_program": 3440,
            "kode_program": "1.05.04",
            "nama_program": "PROGRAM PENCEGAHAN, PENANGGULANGAN, PENYELAMATAN KEBAKARAN DAN PENYELAMATAN NON KEBAKARAN",
            "id_giat": 15701,
            "kode_giat": "1.05.04.2.01",
            "nama_giat": "Pencegahan, Pengendalian, Pemadaman, Penyelamatan, dan Penanganan Bahan Berbahaya dan Beracun Kebakaran dalam Daerah Kabupaten/Kota",
            "pagu_giat": 2356843894.0,
            "rinci_giat": null,
            "id_sub_giat": 52603,
            "kode_sub_giat": "1.05.04.2.01.0002",
            "nama_sub_giat": "Pemadaman dan Pengendalian Kebakaran dalam Daerah Kabupaten/Kota",
            "pagu": 270000000.0,
            "pagu_indikatif": 270000000.0,
            "rincian": null,
            "kode_bl": "683.683.3440.15701",
            "kode_sbl": "683.683.3440.15701.52603",
            "kunci_bl": 1,
            "kunci_bl_rinci": 1,
            "user_created": "SASMAN, SP",
            "created_date": "03-02-2025",
            "created_time": "14:48",
            "user_updated": "SASMAN, SP",
            "updated_date": "03-07-2025",
            "updated_time": "12:35",
            "is_locked": 0
        },
        {
            "id_sub_bl": 64020,
            "id_daerah": 473,
            "tahun": 2026,
            "id_unit": 683,
            "id_skpd": 683,
            "created_user": 1077,
            "kode_skpd": "1.05.0.00.0.00.01.0000",
            "nama_skpd": "Satuan Polisi Pamong Praja dan Pemadam Kebakaran",
            "id_urusan": 11,
            "kode_urusan": "1",
            "nama_urusan": "URUSAN PEMERINTAHAN WAJIB YANG BERKAITAN DENGAN PELAYANAN DASAR",
            "id_bidang_urusan": 205,
            "kode_bidang_urusan": "1.05",
            "nama_bidang_urusan": "URUSAN PEMERINTAHAN BIDANG KETENTERAMAN DAN KETERTIBAN UMUM SERTA PERLINDUNGAN MASYARAKAT",
            "id_sub_skpd": 683,
            "kode_sub_skpd": "1.05.0.00.0.00.01.0000",
            "nama_sub_skpd": "Satuan Polisi Pamong Praja dan Pemadam Kebakaran",
            "set_pagu_user": 0,
            "set_pagu_at": null,
            "id_program": 3440,
            "kode_program": "1.05.04",
            "nama_program": "PROGRAM PENCEGAHAN, PENANGGULANGAN, PENYELAMATAN KEBAKARAN DAN PENYELAMATAN NON KEBAKARAN",
            "id_giat": 15701,
            "kode_giat": "1.05.04.2.01",
            "nama_giat": "Pencegahan, Pengendalian, Pemadaman, Penyelamatan, dan Penanganan Bahan Berbahaya dan Beracun Kebakaran dalam Daerah Kabupaten/Kota",
            "pagu_giat": 2356843894.0,
            "rinci_giat": null,
            "id_sub_giat": 52607,
            "kode_sub_giat": "1.05.04.2.01.0007",
            "nama_sub_giat": "Pembinaan Aparatur Pemadam Kebakaran",
            "pagu": 50000000.0,
            "pagu_indikatif": 50000000.0,
            "rincian": null,
            "kode_bl": "683.683.3440.15701",
            "kode_sbl": "683.683.3440.15701.52607",
            "kunci_bl": 1,
            "kunci_bl_rinci": 1,
            "user_created": "SASMAN, SP",
            "created_date": "03-02-2025",
            "created_time": "14:49",
            "user_updated": "SASMAN, SP",
            "updated_date": "03-07-2025",
            "updated_time": "10:16",
            "is_locked": 0
        },
        {
            "id_sub_bl": 64023,
            "id_daerah": 473,
            "tahun": 2026,
            "id_unit": 683,
            "id_skpd": 683,
            "created_user": 1077,
            "kode_skpd": "1.05.0.00.0.00.01.0000",
            "nama_skpd": "Satuan Polisi Pamong Praja dan Pemadam Kebakaran",
            "id_urusan": 11,
            "kode_urusan": "1",
            "nama_urusan": "URUSAN PEMERINTAHAN WAJIB YANG BERKAITAN DENGAN PELAYANAN DASAR",
            "id_bidang_urusan": 205,
            "kode_bidang_urusan": "1.05",
            "nama_bidang_urusan": "URUSAN PEMERINTAHAN BIDANG KETENTERAMAN DAN KETERTIBAN UMUM SERTA PERLINDUNGAN MASYARAKAT",
            "id_sub_skpd": 683,
            "kode_sub_skpd": "1.05.0.00.0.00.01.0000",
            "nama_sub_skpd": "Satuan Polisi Pamong Praja dan Pemadam Kebakaran",
            "set_pagu_user": 0,
            "set_pagu_at": null,
            "id_program": 3440,
            "kode_program": "1.05.04",
            "nama_program": "PROGRAM PENCEGAHAN, PENANGGULANGAN, PENYELAMATAN KEBAKARAN DAN PENYELAMATAN NON KEBAKARAN",
            "id_giat": 15701,
            "kode_giat": "1.05.04.2.01",
            "nama_giat": "Pencegahan, Pengendalian, Pemadaman, Penyelamatan, dan Penanganan Bahan Berbahaya dan Beracun Kebakaran dalam Daerah Kabupaten/Kota",
            "pagu_giat": 2356843894.0,
            "rinci_giat": null,
            "id_sub_giat": 52615,
            "kode_sub_giat": "1.05.04.2.01.0017",
            "nama_sub_giat": "Pengadaan Sarana dan Prasarana Pencegahan, Penanggulangan Kebakaran dan Alat Pelindung Diri",
            "pagu": 2036843894.0,
            "pagu_indikatif": 2036843894.0,
            "rincian": null,
            "kode_bl": "683.683.3440.15701",
            "kode_sbl": "683.683.3440.15701.52615",
            "kunci_bl": 1,
            "kunci_bl_rinci": 1,
            "user_created": "SASMAN, SP",
            "created_date": "03-02-2025",
            "created_time": "14:50",
            "user_updated": "SASMAN, SP",
            "updated_date": "03-07-2025",
            "updated_time": "10:16",
            "is_locked": 0
        },
        {
            "id_sub_bl": 64025,
            "id_daerah": 473,
            "tahun": 2026,
            "id_unit": 683,
            "id_skpd": 683,
            "created_user": 1077,
            "kode_skpd": "1.05.0.00.0.00.01.0000",
            "nama_skpd": "Satuan Polisi Pamong Praja dan Pemadam Kebakaran",
            "id_urusan": 11,
            "kode_urusan": "1",
            "nama_urusan": "URUSAN PEMERINTAHAN WAJIB YANG BERKAITAN DENGAN PELAYANAN DASAR",
            "id_bidang_urusan": 205,
            "kode_bidang_urusan": "1.05",
            "nama_bidang_urusan": "URUSAN PEMERINTAHAN BIDANG KETENTERAMAN DAN KETERTIBAN UMUM SERTA PERLINDUNGAN MASYARAKAT",
            "id_sub_skpd": 683,
            "kode_sub_skpd": "1.05.0.00.0.00.01.0000",
            "nama_sub_skpd": "Satuan Polisi Pamong Praja dan Pemadam Kebakaran",
            "set_pagu_user": 0,
            "set_pagu_at": null,
            "id_program": 3440,
            "kode_program": "1.05.04",
            "nama_program": "PROGRAM PENCEGAHAN, PENANGGULANGAN, PENYELAMATAN KEBAKARAN DAN PENYELAMATAN NON KEBAKARAN",
            "id_giat": 15703,
            "kode_giat": "1.05.04.2.03",
            "nama_giat": "Investigasi Kejadian Kebakaran",
            "pagu_giat": 15000000.0,
            "rinci_giat": null,
            "id_sub_giat": 52631,
            "kode_sub_giat": "1.05.04.2.03.0001",
            "nama_sub_giat": "Investigasi Kejadian Kebakaran, Meliputi Penelitian dan Pengujian Penyebab Kejadian Kebakaran",
            "pagu": 15000000.0,
            "pagu_indikatif": 15000000.0,
            "rincian": null,
            "kode_bl": "683.683.3440.15703",
            "kode_sbl": "683.683.3440.15703.52631",
            "kunci_bl": 1,
            "kunci_bl_rinci": 1,
            "user_created": "SASMAN, SP",
            "created_date": "03-02-2025",
            "created_time": "14:51",
            "user_updated": "SASMAN, SP",
            "updated_date": "03-07-2025",
            "updated_time": "10:20",
            "is_locked": 0
        },
        {
            "id_sub_bl": 64030,
            "id_daerah": 473,
            "tahun": 2026,
            "id_unit": 683,
            "id_skpd": 683,
            "created_user": 1077,
            "kode_skpd": "1.05.0.00.0.00.01.0000",
            "nama_skpd": "Satuan Polisi Pamong Praja dan Pemadam Kebakaran",
            "id_urusan": 11,
            "kode_urusan": "1",
            "nama_urusan": "URUSAN PEMERINTAHAN WAJIB YANG BERKAITAN DENGAN PELAYANAN DASAR",
            "id_bidang_urusan": 205,
            "kode_bidang_urusan": "1.05",
            "nama_bidang_urusan": "URUSAN PEMERINTAHAN BIDANG KETENTERAMAN DAN KETERTIBAN UMUM SERTA PERLINDUNGAN MASYARAKAT",
            "id_sub_skpd": 683,
            "kode_sub_skpd": "1.05.0.00.0.00.01.0000",
            "nama_sub_skpd": "Satuan Polisi Pamong Praja dan Pemadam Kebakaran",
            "set_pagu_user": 0,
            "set_pagu_at": null,
            "id_program": 3440,
            "kode_program": "1.05.04",
            "nama_program": "PROGRAM PENCEGAHAN, PENANGGULANGAN, PENYELAMATAN KEBAKARAN DAN PENYELAMATAN NON KEBAKARAN",
            "id_giat": 15704,
            "kode_giat": "1.05.04.2.04",
            "nama_giat": "Pemberdayaan Masyarakat dalam Pencegahan Kebakaran",
            "pagu_giat": 25000000.0,
            "rinci_giat": null,
            "id_sub_giat": 52636,
            "kode_sub_giat": "1.05.04.2.04.0002",
            "nama_sub_giat": "Pembentukan dan Pembinaan Relawan Pemadam Kebakaran",
            "pagu": 25000000.0,
            "pagu_indikatif": 25000000.0,
            "rincian": null,
            "kode_bl": "683.683.3440.15704",
            "kode_sbl": "683.683.3440.15704.52636",
            "kunci_bl": 1,
            "kunci_bl_rinci": 1,
            "user_created": "SASMAN, SP",
            "created_date": "03-02-2025",
            "created_time": "14:52",
            "user_updated": "SASMAN, SP",
            "updated_date": "03-07-2025",
            "updated_time": "10:23",
            "is_locked": 0
        },
        {
            "id_sub_bl": 64033,
            "id_daerah": 473,
            "tahun": 2026,
            "id_unit": 683,
            "id_skpd": 683,
            "created_user": 1077,
            "kode_skpd": "1.05.0.00.0.00.01.0000",
            "nama_skpd": "Satuan Polisi Pamong Praja dan Pemadam Kebakaran",
            "id_urusan": 11,
            "kode_urusan": "1",
            "nama_urusan": "URUSAN PEMERINTAHAN WAJIB YANG BERKAITAN DENGAN PELAYANAN DASAR",
            "id_bidang_urusan": 205,
            "kode_bidang_urusan": "1.05",
            "nama_bidang_urusan": "URUSAN PEMERINTAHAN BIDANG KETENTERAMAN DAN KETERTIBAN UMUM SERTA PERLINDUNGAN MASYARAKAT",
            "id_sub_skpd": 683,
            "kode_sub_skpd": "1.05.0.00.0.00.01.0000",
            "nama_sub_skpd": "Satuan Polisi Pamong Praja dan Pemadam Kebakaran",
            "set_pagu_user": 0,
            "set_pagu_at": null,
            "id_program": 3440,
            "kode_program": "1.05.04",
            "nama_program": "PROGRAM PENCEGAHAN, PENANGGULANGAN, PENYELAMATAN KEBAKARAN DAN PENYELAMATAN NON KEBAKARAN",
            "id_giat": 15705,
            "kode_giat": "1.05.04.2.05",
            "nama_giat": "Penyelenggaraan Operasi Pencarian dan Pertolongan Terhadap Kondisi Membahayakan Manusia",
            "pagu_giat": 30000000.0,
            "rinci_giat": null,
            "id_sub_giat": 52642,
            "kode_sub_giat": "1.05.04.2.05.0001",
            "nama_sub_giat": "Penyelenggaraan Operasi Pencarian dan Pertolongan pada Peristiwa yang Menimpa, Membahayakan, dan/atau Mengancam Keselamatan Manusia",
            "pagu": 30000000.0,
            "pagu_indikatif": 30000000.0,
            "rincian": null,
            "kode_bl": "683.683.3440.15705",
            "kode_sbl": "683.683.3440.15705.52642",
            "kunci_bl": 1,
            "kunci_bl_rinci": 1,
            "user_created": "SASMAN, SP",
            "created_date": "03-02-2025",
            "created_time": "14:53",
            "user_updated": "SASMAN, SP",
            "updated_date": "03-07-2025",
            "updated_time": "10:28",
            "is_locked": 0
        },
        {
            "id_sub_bl": 62440,
            "id_daerah": 473,
            "tahun": 2026,
            "id_unit": 683,
            "id_skpd": 683,
            "created_user": 1077,
            "kode_skpd": "1.05.0.00.0.00.01.0000",
            "nama_skpd": "Satuan Polisi Pamong Praja dan Pemadam Kebakaran",
            "id_urusan": 11,
            "kode_urusan": "1",
            "nama_urusan": "URUSAN PEMERINTAHAN WAJIB YANG BERKAITAN DENGAN PELAYANAN DASAR",
            "id_bidang_urusan": 205,
            "kode_bidang_urusan": "1.05",
            "nama_bidang_urusan": "URUSAN PEMERINTAHAN BIDANG KETENTERAMAN DAN KETERTIBAN UMUM SERTA PERLINDUNGAN MASYARAKAT",
            "id_sub_skpd": 683,
            "kode_sub_skpd": "1.05.0.00.0.00.01.0000",
            "nama_sub_skpd": "Satuan Polisi Pamong Praja dan Pemadam Kebakaran",
            "set_pagu_user": 0,
            "set_pagu_at": null,
            "id_program": 4451,
            "kode_program": "1.05.01",
            "nama_program": "PROGRAM PENUNJANG URUSAN PEMERINTAHAN DAERAH KABUPATEN/KOTA",
            "id_giat": 18371,
            "kode_giat": "1.05.01.2.01",
            "nama_giat": "Perencanaan, Penganggaran, dan Evaluasi Kinerja Perangkat Daerah",
            "pagu_giat": 159000000.0,
            "rinci_giat": null,
            "id_sub_giat": 60589,
            "kode_sub_giat": "1.05.01.2.01.0001",
            "nama_sub_giat": "Penyusunan Dokumen Perencanaan Perangkat Daerah",
            "pagu": 50000000.0,
            "pagu_indikatif": 50000000.0,
            "rincian": null,
            "kode_bl": "683.683.4451.18371",
            "kode_sbl": "683.683.4451.18371.60589",
            "kunci_bl": 1,
            "kunci_bl_rinci": 1,
            "user_created": "SASMAN, SP",
            "created_date": "31-01-2025",
            "created_time": "14:37",
            "user_updated": "SASMAN, SP",
            "updated_date": "03-07-2025",
            "updated_time": "10:32",
            "is_locked": 0
        },
        {
            "id_sub_bl": 62474,
            "id_daerah": 473,
            "tahun": 2026,
            "id_unit": 683,
            "id_skpd": 683,
            "created_user": 1077,
            "kode_skpd": "1.05.0.00.0.00.01.0000",
            "nama_skpd": "Satuan Polisi Pamong Praja dan Pemadam Kebakaran",
            "id_urusan": 11,
            "kode_urusan": "1",
            "nama_urusan": "URUSAN PEMERINTAHAN WAJIB YANG BERKAITAN DENGAN PELAYANAN DASAR",
            "id_bidang_urusan": 205,
            "kode_bidang_urusan": "1.05",
            "nama_bidang_urusan": "URUSAN PEMERINTAHAN BIDANG KETENTERAMAN DAN KETERTIBAN UMUM SERTA PERLINDUNGAN MASYARAKAT",
            "id_sub_skpd": 683,
            "kode_sub_skpd": "1.05.0.00.0.00.01.0000",
            "nama_sub_skpd": "Satuan Polisi Pamong Praja dan Pemadam Kebakaran",
            "set_pagu_user": 0,
            "set_pagu_at": null,
            "id_program": 4451,
            "kode_program": "1.05.01",
            "nama_program": "PROGRAM PENUNJANG URUSAN PEMERINTAHAN DAERAH KABUPATEN/KOTA",
            "id_giat": 18371,
            "kode_giat": "1.05.01.2.01",
            "nama_giat": "Perencanaan, Penganggaran, dan Evaluasi Kinerja Perangkat Daerah",
            "pagu_giat": 159000000.0,
            "rinci_giat": null,
            "id_sub_giat": 60590,
            "kode_sub_giat": "1.05.01.2.01.0002",
            "nama_sub_giat": "Koordinasi dan Penyusunan Dokumen RKA-SKPD",
            "pagu": 24000000.0,
            "pagu_indikatif": 24000000.0,
            "rincian": null,
            "kode_bl": "683.683.4451.18371",
            "kode_sbl": "683.683.4451.18371.60590",
            "kunci_bl": 1,
            "kunci_bl_rinci": 1,
            "user_created": "SASMAN, SP",
            "created_date": "31-01-2025",
            "created_time": "14:54",
            "user_updated": "SASMAN, SP",
            "updated_date": "03-07-2025",
            "updated_time": "10:35",
            "is_locked": 0
        },
        {
            "id_sub_bl": 62470,
            "id_daerah": 473,
            "tahun": 2026,
            "id_unit": 683,
            "id_skpd": 683,
            "created_user": 1077,
            "kode_skpd": "1.05.0.00.0.00.01.0000",
            "nama_skpd": "Satuan Polisi Pamong Praja dan Pemadam Kebakaran",
            "id_urusan": 11,
            "kode_urusan": "1",
            "nama_urusan": "URUSAN PEMERINTAHAN WAJIB YANG BERKAITAN DENGAN PELAYANAN DASAR",
            "id_bidang_urusan": 205,
            "kode_bidang_urusan": "1.05",
            "nama_bidang_urusan": "URUSAN PEMERINTAHAN BIDANG KETENTERAMAN DAN KETERTIBAN UMUM SERTA PERLINDUNGAN MASYARAKAT",
            "id_sub_skpd": 683,
            "kode_sub_skpd": "1.05.0.00.0.00.01.0000",
            "nama_sub_skpd": "Satuan Polisi Pamong Praja dan Pemadam Kebakaran",
            "set_pagu_user": 0,
            "set_pagu_at": null,
            "id_program": 4451,
            "kode_program": "1.05.01",
            "nama_program": "PROGRAM PENUNJANG URUSAN PEMERINTAHAN DAERAH KABUPATEN/KOTA",
            "id_giat": 18371,
            "kode_giat": "1.05.01.2.01",
            "nama_giat": "Perencanaan, Penganggaran, dan Evaluasi Kinerja Perangkat Daerah",
            "pagu_giat": 159000000.0,
            "rinci_giat": null,
            "id_sub_giat": 60591,
            "kode_sub_giat": "1.05.01.2.01.0003",
            "nama_sub_giat": "Koordinasi dan Penyusunan Dokumen Perubahan RKA-SKPD",
            "pagu": 20000000.0,
            "pagu_indikatif": 20000000.0,
            "rincian": null,
            "kode_bl": "683.683.4451.18371",
            "kode_sbl": "683.683.4451.18371.60591",
            "kunci_bl": 1,
            "kunci_bl_rinci": 1,
            "user_created": "SASMAN, SP",
            "created_date": "31-01-2025",
            "created_time": "14:51",
            "user_updated": "SASMAN, SP",
            "updated_date": "03-07-2025",
            "updated_time": "10:36",
            "is_locked": 0
        },
        {
            "id_sub_bl": 62481,
            "id_daerah": 473,
            "tahun": 2026,
            "id_unit": 683,
            "id_skpd": 683,
            "created_user": 1077,
            "kode_skpd": "1.05.0.00.0.00.01.0000",
            "nama_skpd": "Satuan Polisi Pamong Praja dan Pemadam Kebakaran",
            "id_urusan": 11,
            "kode_urusan": "1",
            "nama_urusan": "URUSAN PEMERINTAHAN WAJIB YANG BERKAITAN DENGAN PELAYANAN DASAR",
            "id_bidang_urusan": 205,
            "kode_bidang_urusan": "1.05",
            "nama_bidang_urusan": "URUSAN PEMERINTAHAN BIDANG KETENTERAMAN DAN KETERTIBAN UMUM SERTA PERLINDUNGAN MASYARAKAT",
            "id_sub_skpd": 683,
            "kode_sub_skpd": "1.05.0.00.0.00.01.0000",
            "nama_sub_skpd": "Satuan Polisi Pamong Praja dan Pemadam Kebakaran",
            "set_pagu_user": 0,
            "set_pagu_at": null,
            "id_program": 4451,
            "kode_program": "1.05.01",
            "nama_program": "PROGRAM PENUNJANG URUSAN PEMERINTAHAN DAERAH KABUPATEN/KOTA",
            "id_giat": 18371,
            "kode_giat": "1.05.01.2.01",
            "nama_giat": "Perencanaan, Penganggaran, dan Evaluasi Kinerja Perangkat Daerah",
            "pagu_giat": 159000000.0,
            "rinci_giat": null,
            "id_sub_giat": 60592,
            "kode_sub_giat": "1.05.01.2.01.0004",
            "nama_sub_giat": "Koordinasi dan Penyusunan DPA-SKPD",
            "pagu": 10000000.0,
            "pagu_indikatif": 10000000.0,
            "rincian": null,
            "kode_bl": "683.683.4451.18371",
            "kode_sbl": "683.683.4451.18371.60592",
            "kunci_bl": 1,
            "kunci_bl_rinci": 1,
            "user_created": "SASMAN, SP",
            "created_date": "31-01-2025",
            "created_time": "14:56",
            "user_updated": "SASMAN, SP",
            "updated_date": "03-07-2025",
            "updated_time": "10:37",
            "is_locked": 0
        },
        {
            "id_sub_bl": 62486,
            "id_daerah": 473,
            "tahun": 2026,
            "id_unit": 683,
            "id_skpd": 683,
            "created_user": 1077,
            "kode_skpd": "1.05.0.00.0.00.01.0000",
            "nama_skpd": "Satuan Polisi Pamong Praja dan Pemadam Kebakaran",
            "id_urusan": 11,
            "kode_urusan": "1",
            "nama_urusan": "URUSAN PEMERINTAHAN WAJIB YANG BERKAITAN DENGAN PELAYANAN DASAR",
            "id_bidang_urusan": 205,
            "kode_bidang_urusan": "1.05",
            "nama_bidang_urusan": "URUSAN PEMERINTAHAN BIDANG KETENTERAMAN DAN KETERTIBAN UMUM SERTA PERLINDUNGAN MASYARAKAT",
            "id_sub_skpd": 683,
            "kode_sub_skpd": "1.05.0.00.0.00.01.0000",
            "nama_sub_skpd": "Satuan Polisi Pamong Praja dan Pemadam Kebakaran",
            "set_pagu_user": 0,
            "set_pagu_at": null,
            "id_program": 4451,
            "kode_program": "1.05.01",
            "nama_program": "PROGRAM PENUNJANG URUSAN PEMERINTAHAN DAERAH KABUPATEN/KOTA",
            "id_giat": 18371,
            "kode_giat": "1.05.01.2.01",
            "nama_giat": "Perencanaan, Penganggaran, dan Evaluasi Kinerja Perangkat Daerah",
            "pagu_giat": 159000000.0,
            "rinci_giat": null,
            "id_sub_giat": 60593,
            "kode_sub_giat": "1.05.01.2.01.0005",
            "nama_sub_giat": "Koordinasi dan Penyusunan Perubahan DPA- SKPD",
            "pagu": 10000000.0,
            "pagu_indikatif": 10000000.0,
            "rincian": null,
            "kode_bl": "683.683.4451.18371",
            "kode_sbl": "683.683.4451.18371.60593",
            "kunci_bl": 1,
            "kunci_bl_rinci": 1,
            "user_created": "SASMAN, SP",
            "created_date": "31-01-2025",
            "created_time": "15:01",
            "user_updated": "SASMAN, SP",
            "updated_date": "03-07-2025",
            "updated_time": "10:38",
            "is_locked": 0
        },
        {
            "id_sub_bl": 62491,
            "id_daerah": 473,
            "tahun": 2026,
            "id_unit": 683,
            "id_skpd": 683,
            "created_user": 1077,
            "kode_skpd": "1.05.0.00.0.00.01.0000",
            "nama_skpd": "Satuan Polisi Pamong Praja dan Pemadam Kebakaran",
            "id_urusan": 11,
            "kode_urusan": "1",
            "nama_urusan": "URUSAN PEMERINTAHAN WAJIB YANG BERKAITAN DENGAN PELAYANAN DASAR",
            "id_bidang_urusan": 205,
            "kode_bidang_urusan": "1.05",
            "nama_bidang_urusan": "URUSAN PEMERINTAHAN BIDANG KETENTERAMAN DAN KETERTIBAN UMUM SERTA PERLINDUNGAN MASYARAKAT",
            "id_sub_skpd": 683,
            "kode_sub_skpd": "1.05.0.00.0.00.01.0000",
            "nama_sub_skpd": "Satuan Polisi Pamong Praja dan Pemadam Kebakaran",
            "set_pagu_user": 0,
            "set_pagu_at": null,
            "id_program": 4451,
            "kode_program": "1.05.01",
            "nama_program": "PROGRAM PENUNJANG URUSAN PEMERINTAHAN DAERAH KABUPATEN/KOTA",
            "id_giat": 18371,
            "kode_giat": "1.05.01.2.01",
            "nama_giat": "Perencanaan, Penganggaran, dan Evaluasi Kinerja Perangkat Daerah",
            "pagu_giat": 159000000.0,
            "rinci_giat": null,
            "id_sub_giat": 60594,
            "kode_sub_giat": "1.05.01.2.01.0006",
            "nama_sub_giat": "Koordinasi dan Penyusunan Laporan Capaian Kinerja dan Ikhtisar Realisasi Kinerja SKPD",
            "pagu": 35000000.0,
            "pagu_indikatif": 35000000.0,
            "rincian": null,
            "kode_bl": "683.683.4451.18371",
            "kode_sbl": "683.683.4451.18371.60594",
            "kunci_bl": 1,
            "kunci_bl_rinci": 1,
            "user_created": "SASMAN, SP",
            "created_date": "31-01-2025",
            "created_time": "15:02",
            "user_updated": "SASMAN, SP",
            "updated_date": "03-07-2025",
            "updated_time": "10:39",
            "is_locked": 0
        },
        {
            "id_sub_bl": 62492,
            "id_daerah": 473,
            "tahun": 2026,
            "id_unit": 683,
            "id_skpd": 683,
            "created_user": 1077,
            "kode_skpd": "1.05.0.00.0.00.01.0000",
            "nama_skpd": "Satuan Polisi Pamong Praja dan Pemadam Kebakaran",
            "id_urusan": 11,
            "kode_urusan": "1",
            "nama_urusan": "URUSAN PEMERINTAHAN WAJIB YANG BERKAITAN DENGAN PELAYANAN DASAR",
            "id_bidang_urusan": 205,
            "kode_bidang_urusan": "1.05",
            "nama_bidang_urusan": "URUSAN PEMERINTAHAN BIDANG KETENTERAMAN DAN KETERTIBAN UMUM SERTA PERLINDUNGAN MASYARAKAT",
            "id_sub_skpd": 683,
            "kode_sub_skpd": "1.05.0.00.0.00.01.0000",
            "nama_sub_skpd": "Satuan Polisi Pamong Praja dan Pemadam Kebakaran",
            "set_pagu_user": 0,
            "set_pagu_at": null,
            "id_program": 4451,
            "kode_program": "1.05.01",
            "nama_program": "PROGRAM PENUNJANG URUSAN PEMERINTAHAN DAERAH KABUPATEN/KOTA",
            "id_giat": 18371,
            "kode_giat": "1.05.01.2.01",
            "nama_giat": "Perencanaan, Penganggaran, dan Evaluasi Kinerja Perangkat Daerah",
            "pagu_giat": 159000000.0,
            "rinci_giat": null,
            "id_sub_giat": 60595,
            "kode_sub_giat": "1.05.01.2.01.0007",
            "nama_sub_giat": "Evaluasi Kinerja Perangkat Daerah",
            "pagu": 10000000.0,
            "pagu_indikatif": 10000000.0,
            "rincian": null,
            "kode_bl": "683.683.4451.18371",
            "kode_sbl": "683.683.4451.18371.60595",
            "kunci_bl": 1,
            "kunci_bl_rinci": 1,
            "user_created": "SASMAN, SP",
            "created_date": "31-01-2025",
            "created_time": "15:03",
            "user_updated": "SASMAN, SP",
            "updated_date": "03-07-2025",
            "updated_time": "10:41",
            "is_locked": 0
        },
        {
            "id_sub_bl": 63522,
            "id_daerah": 473,
            "tahun": 2026,
            "id_unit": 683,
            "id_skpd": 683,
            "created_user": 1077,
            "kode_skpd": "1.05.0.00.0.00.01.0000",
            "nama_skpd": "Satuan Polisi Pamong Praja dan Pemadam Kebakaran",
            "id_urusan": 11,
            "kode_urusan": "1",
            "nama_urusan": "URUSAN PEMERINTAHAN WAJIB YANG BERKAITAN DENGAN PELAYANAN DASAR",
            "id_bidang_urusan": 205,
            "kode_bidang_urusan": "1.05",
            "nama_bidang_urusan": "URUSAN PEMERINTAHAN BIDANG KETENTERAMAN DAN KETERTIBAN UMUM SERTA PERLINDUNGAN MASYARAKAT",
            "id_sub_skpd": 683,
            "kode_sub_skpd": "1.05.0.00.0.00.01.0000",
            "nama_sub_skpd": "Satuan Polisi Pamong Praja dan Pemadam Kebakaran",
            "set_pagu_user": 0,
            "set_pagu_at": null,
            "id_program": 4451,
            "kode_program": "1.05.01",
            "nama_program": "PROGRAM PENUNJANG URUSAN PEMERINTAHAN DAERAH KABUPATEN/KOTA",
            "id_giat": 18372,
            "kode_giat": "1.05.01.2.02",
            "nama_giat": "Administrasi Keuangan Perangkat Daerah",
            "pagu_giat": 3553755750.0,
            "rinci_giat": null,
            "id_sub_giat": 60602,
            "kode_sub_giat": "1.05.01.2.02.0001",
            "nama_sub_giat": "Penyediaan Gaji dan Tunjangan ASN",
            "pagu": 3473755750.0,
            "pagu_indikatif": 3473755750.0,
            "rincian": null,
            "kode_bl": "683.683.4451.18372",
            "kode_sbl": "683.683.4451.18372.60602",
            "kunci_bl": 1,
            "kunci_bl_rinci": 1,
            "user_created": "SASMAN, SP",
            "created_date": "03-02-2025",
            "created_time": "08:42",
            "user_updated": "SASMAN, SP",
            "updated_date": "03-07-2025",
            "updated_time": "12:30",
            "is_locked": 0
        },
        {
            "id_sub_bl": 63524,
            "id_daerah": 473,
            "tahun": 2026,
            "id_unit": 683,
            "id_skpd": 683,
            "created_user": 1077,
            "kode_skpd": "1.05.0.00.0.00.01.0000",
            "nama_skpd": "Satuan Polisi Pamong Praja dan Pemadam Kebakaran",
            "id_urusan": 11,
            "kode_urusan": "1",
            "nama_urusan": "URUSAN PEMERINTAHAN WAJIB YANG BERKAITAN DENGAN PELAYANAN DASAR",
            "id_bidang_urusan": 205,
            "kode_bidang_urusan": "1.05",
            "nama_bidang_urusan": "URUSAN PEMERINTAHAN BIDANG KETENTERAMAN DAN KETERTIBAN UMUM SERTA PERLINDUNGAN MASYARAKAT",
            "id_sub_skpd": 683,
            "kode_sub_skpd": "1.05.0.00.0.00.01.0000",
            "nama_sub_skpd": "Satuan Polisi Pamong Praja dan Pemadam Kebakaran",
            "set_pagu_user": 0,
            "set_pagu_at": null,
            "id_program": 4451,
            "kode_program": "1.05.01",
            "nama_program": "PROGRAM PENUNJANG URUSAN PEMERINTAHAN DAERAH KABUPATEN/KOTA",
            "id_giat": 18372,
            "kode_giat": "1.05.01.2.02",
            "nama_giat": "Administrasi Keuangan Perangkat Daerah",
            "pagu_giat": 3553755750.0,
            "rinci_giat": null,
            "id_sub_giat": 60604,
            "kode_sub_giat": "1.05.01.2.02.0003",
            "nama_sub_giat": "Pelaksanaan Penatausahaan dan\r\n\nPengujian/Verifikasi Keuangan SKPD",
            "pagu": 70000000.0,
            "pagu_indikatif": 70000000.0,
            "rincian": null,
            "kode_bl": "683.683.4451.18372",
            "kode_sbl": "683.683.4451.18372.60604",
            "kunci_bl": 1,
            "kunci_bl_rinci": 1,
            "user_created": "SASMAN, SP",
            "created_date": "03-02-2025",
            "created_time": "08:48",
            "user_updated": "SASMAN, SP",
            "updated_date": "03-07-2025",
            "updated_time": "10:49",
            "is_locked": 0
        },
        {
            "id_sub_bl": 63525,
            "id_daerah": 473,
            "tahun": 2026,
            "id_unit": 683,
            "id_skpd": 683,
            "created_user": 1077,
            "kode_skpd": "1.05.0.00.0.00.01.0000",
            "nama_skpd": "Satuan Polisi Pamong Praja dan Pemadam Kebakaran",
            "id_urusan": 11,
            "kode_urusan": "1",
            "nama_urusan": "URUSAN PEMERINTAHAN WAJIB YANG BERKAITAN DENGAN PELAYANAN DASAR",
            "id_bidang_urusan": 205,
            "kode_bidang_urusan": "1.05",
            "nama_bidang_urusan": "URUSAN PEMERINTAHAN BIDANG KETENTERAMAN DAN KETERTIBAN UMUM SERTA PERLINDUNGAN MASYARAKAT",
            "id_sub_skpd": 683,
            "kode_sub_skpd": "1.05.0.00.0.00.01.0000",
            "nama_sub_skpd": "Satuan Polisi Pamong Praja dan Pemadam Kebakaran",
            "set_pagu_user": 0,
            "set_pagu_at": null,
            "id_program": 4451,
            "kode_program": "1.05.01",
            "nama_program": "PROGRAM PENUNJANG URUSAN PEMERINTAHAN DAERAH KABUPATEN/KOTA",
            "id_giat": 18372,
            "kode_giat": "1.05.01.2.02",
            "nama_giat": "Administrasi Keuangan Perangkat Daerah",
            "pagu_giat": 3553755750.0,
            "rinci_giat": null,
            "id_sub_giat": 60606,
            "kode_sub_giat": "1.05.01.2.02.0005",
            "nama_sub_giat": "Koordinasi dan Penyusunan Laporan Keuangan Akhir Tahun SKPD",
            "pagu": 10000000.0,
            "pagu_indikatif": 10000000.0,
            "rincian": null,
            "kode_bl": "683.683.4451.18372",
            "kode_sbl": "683.683.4451.18372.60606",
            "kunci_bl": 1,
            "kunci_bl_rinci": 1,
            "user_created": "SASMAN, SP",
            "created_date": "03-02-2025",
            "created_time": "08:51",
            "user_updated": "SASMAN, SP",
            "updated_date": "03-07-2025",
            "updated_time": "10:57",
            "is_locked": 0
        },
        {
            "id_sub_bl": 63608,
            "id_daerah": 473,
            "tahun": 2026,
            "id_unit": 683,
            "id_skpd": 683,
            "created_user": 1077,
            "kode_skpd": "1.05.0.00.0.00.01.0000",
            "nama_skpd": "Satuan Polisi Pamong Praja dan Pemadam Kebakaran",
            "id_urusan": 11,
            "kode_urusan": "1",
            "nama_urusan": "URUSAN PEMERINTAHAN WAJIB YANG BERKAITAN DENGAN PELAYANAN DASAR",
            "id_bidang_urusan": 205,
            "kode_bidang_urusan": "1.05",
            "nama_bidang_urusan": "URUSAN PEMERINTAHAN BIDANG KETENTERAMAN DAN KETERTIBAN UMUM SERTA PERLINDUNGAN MASYARAKAT",
            "id_sub_skpd": 683,
            "kode_sub_skpd": "1.05.0.00.0.00.01.0000",
            "nama_sub_skpd": "Satuan Polisi Pamong Praja dan Pemadam Kebakaran",
            "set_pagu_user": 0,
            "set_pagu_at": null,
            "id_program": 4451,
            "kode_program": "1.05.01",
            "nama_program": "PROGRAM PENUNJANG URUSAN PEMERINTAHAN DAERAH KABUPATEN/KOTA",
            "id_giat": 18373,
            "kode_giat": "1.05.01.2.03",
            "nama_giat": "Administrasi Barang Milik Daerah pada Perangkat Daerah",
            "pagu_giat": 30000000.0,
            "rinci_giat": null,
            "id_sub_giat": 60615,
            "kode_sub_giat": "1.05.01.2.03.0006",
            "nama_sub_giat": "Penatausahaan Barang Milik Daerah pada SKPD",
            "pagu": 30000000.0,
            "pagu_indikatif": 30000000.0,
            "rincian": null,
            "kode_bl": "683.683.4451.18373",
            "kode_sbl": "683.683.4451.18373.60615",
            "kunci_bl": 1,
            "kunci_bl_rinci": 1,
            "user_created": "SASMAN, SP",
            "created_date": "03-02-2025",
            "created_time": "10:30",
            "user_updated": "SASMAN, SP",
            "updated_date": "03-07-2025",
            "updated_time": "12:32",
            "is_locked": 0
        },
        {
            "id_sub_bl": 63612,
            "id_daerah": 473,
            "tahun": 2026,
            "id_unit": 683,
            "id_skpd": 683,
            "created_user": 1077,
            "kode_skpd": "1.05.0.00.0.00.01.0000",
            "nama_skpd": "Satuan Polisi Pamong Praja dan Pemadam Kebakaran",
            "id_urusan": 11,
            "kode_urusan": "1",
            "nama_urusan": "URUSAN PEMERINTAHAN WAJIB YANG BERKAITAN DENGAN PELAYANAN DASAR",
            "id_bidang_urusan": 205,
            "kode_bidang_urusan": "1.05",
            "nama_bidang_urusan": "URUSAN PEMERINTAHAN BIDANG KETENTERAMAN DAN KETERTIBAN UMUM SERTA PERLINDUNGAN MASYARAKAT",
            "id_sub_skpd": 683,
            "kode_sub_skpd": "1.05.0.00.0.00.01.0000",
            "nama_sub_skpd": "Satuan Polisi Pamong Praja dan Pemadam Kebakaran",
            "set_pagu_user": 0,
            "set_pagu_at": null,
            "id_program": 4451,
            "kode_program": "1.05.01",
            "nama_program": "PROGRAM PENUNJANG URUSAN PEMERINTAHAN DAERAH KABUPATEN/KOTA",
            "id_giat": 18375,
            "kode_giat": "1.05.01.2.05",
            "nama_giat": "Administrasi Kepegawaian Perangkat Daerah",
            "pagu_giat": 285000000.0,
            "rinci_giat": null,
            "id_sub_giat": 60625,
            "kode_sub_giat": "1.05.01.2.05.0002",
            "nama_sub_giat": "Pengadaan Pakaian Dinas beserta Atribut Kelengkapannya",
            "pagu": 285000000.0,
            "pagu_indikatif": 285000000.0,
            "rincian": null,
            "kode_bl": "683.683.4451.18375",
            "kode_sbl": "683.683.4451.18375.60625",
            "kunci_bl": 1,
            "kunci_bl_rinci": 1,
            "user_created": "SASMAN, SP",
            "created_date": "03-02-2025",
            "created_time": "10:32",
            "user_updated": "SASMAN, SP",
            "updated_date": "03-07-2025",
            "updated_time": "11:04",
            "is_locked": 0
        },
        {
            "id_sub_bl": 63618,
            "id_daerah": 473,
            "tahun": 2026,
            "id_unit": 683,
            "id_skpd": 683,
            "created_user": 1077,
            "kode_skpd": "1.05.0.00.0.00.01.0000",
            "nama_skpd": "Satuan Polisi Pamong Praja dan Pemadam Kebakaran",
            "id_urusan": 11,
            "kode_urusan": "1",
            "nama_urusan": "URUSAN PEMERINTAHAN WAJIB YANG BERKAITAN DENGAN PELAYANAN DASAR",
            "id_bidang_urusan": 205,
            "kode_bidang_urusan": "1.05",
            "nama_bidang_urusan": "URUSAN PEMERINTAHAN BIDANG KETENTERAMAN DAN KETERTIBAN UMUM SERTA PERLINDUNGAN MASYARAKAT",
            "id_sub_skpd": 683,
            "kode_sub_skpd": "1.05.0.00.0.00.01.0000",
            "nama_sub_skpd": "Satuan Polisi Pamong Praja dan Pemadam Kebakaran",
            "set_pagu_user": 0,
            "set_pagu_at": null,
            "id_program": 4451,
            "kode_program": "1.05.01",
            "nama_program": "PROGRAM PENUNJANG URUSAN PEMERINTAHAN DAERAH KABUPATEN/KOTA",
            "id_giat": 18376,
            "kode_giat": "1.05.01.2.06",
            "nama_giat": "Administrasi Umum Perangkat Daerah",
            "pagu_giat": 220000000.0,
            "rinci_giat": null,
            "id_sub_giat": 60635,
            "kode_sub_giat": "1.05.01.2.06.0001",
            "nama_sub_giat": "Penyediaan Komponen Instalasi\r\n\nListrik/Penerangan Bangunan Kantor",
            "pagu": 10000000.0,
            "pagu_indikatif": 10000000.0,
            "rincian": null,
            "kode_bl": "683.683.4451.18376",
            "kode_sbl": "683.683.4451.18376.60635",
            "kunci_bl": 1,
            "kunci_bl_rinci": 1,
            "user_created": "SASMAN, SP",
            "created_date": "03-02-2025",
            "created_time": "10:37",
            "user_updated": "SASMAN, SP",
            "updated_date": "03-07-2025",
            "updated_time": "11:08",
            "is_locked": 0
        },
        {
            "id_sub_bl": 63623,
            "id_daerah": 473,
            "tahun": 2026,
            "id_unit": 683,
            "id_skpd": 683,
            "created_user": 1077,
            "kode_skpd": "1.05.0.00.0.00.01.0000",
            "nama_skpd": "Satuan Polisi Pamong Praja dan Pemadam Kebakaran",
            "id_urusan": 11,
            "kode_urusan": "1",
            "nama_urusan": "URUSAN PEMERINTAHAN WAJIB YANG BERKAITAN DENGAN PELAYANAN DASAR",
            "id_bidang_urusan": 205,
            "kode_bidang_urusan": "1.05",
            "nama_bidang_urusan": "URUSAN PEMERINTAHAN BIDANG KETENTERAMAN DAN KETERTIBAN UMUM SERTA PERLINDUNGAN MASYARAKAT",
            "id_sub_skpd": 683,
            "kode_sub_skpd": "1.05.0.00.0.00.01.0000",
            "nama_sub_skpd": "Satuan Polisi Pamong Praja dan Pemadam Kebakaran",
            "set_pagu_user": 0,
            "set_pagu_at": null,
            "id_program": 4451,
            "kode_program": "1.05.01",
            "nama_program": "PROGRAM PENUNJANG URUSAN PEMERINTAHAN DAERAH KABUPATEN/KOTA",
            "id_giat": 18376,
            "kode_giat": "1.05.01.2.06",
            "nama_giat": "Administrasi Umum Perangkat Daerah",
            "pagu_giat": 220000000.0,
            "rinci_giat": null,
            "id_sub_giat": 60637,
            "kode_sub_giat": "1.05.01.2.06.0003",
            "nama_sub_giat": "Penyediaan Peralatan Rumah Tangga",
            "pagu": 10000000.0,
            "pagu_indikatif": 10000000.0,
            "rincian": null,
            "kode_bl": "683.683.4451.18376",
            "kode_sbl": "683.683.4451.18376.60637",
            "kunci_bl": 1,
            "kunci_bl_rinci": 1,
            "user_created": "SASMAN, SP",
            "created_date": "03-02-2025",
            "created_time": "10:41",
            "user_updated": "SASMAN, SP",
            "updated_date": "03-07-2025",
            "updated_time": "11:10",
            "is_locked": 0
        },
        {
            "id_sub_bl": 63627,
            "id_daerah": 473,
            "tahun": 2026,
            "id_unit": 683,
            "id_skpd": 683,
            "created_user": 1077,
            "kode_skpd": "1.05.0.00.0.00.01.0000",
            "nama_skpd": "Satuan Polisi Pamong Praja dan Pemadam Kebakaran",
            "id_urusan": 11,
            "kode_urusan": "1",
            "nama_urusan": "URUSAN PEMERINTAHAN WAJIB YANG BERKAITAN DENGAN PELAYANAN DASAR",
            "id_bidang_urusan": 205,
            "kode_bidang_urusan": "1.05",
            "nama_bidang_urusan": "URUSAN PEMERINTAHAN BIDANG KETENTERAMAN DAN KETERTIBAN UMUM SERTA PERLINDUNGAN MASYARAKAT",
            "id_sub_skpd": 683,
            "kode_sub_skpd": "1.05.0.00.0.00.01.0000",
            "nama_sub_skpd": "Satuan Polisi Pamong Praja dan Pemadam Kebakaran",
            "set_pagu_user": 0,
            "set_pagu_at": null,
            "id_program": 4451,
            "kode_program": "1.05.01",
            "nama_program": "PROGRAM PENUNJANG URUSAN PEMERINTAHAN DAERAH KABUPATEN/KOTA",
            "id_giat": 18376,
            "kode_giat": "1.05.01.2.06",
            "nama_giat": "Administrasi Umum Perangkat Daerah",
            "pagu_giat": 220000000.0,
            "rinci_giat": null,
            "id_sub_giat": 60638,
            "kode_sub_giat": "1.05.01.2.06.0004",
            "nama_sub_giat": "Penyediaan Bahan Logistik Kantor",
            "pagu": 50000000.0,
            "pagu_indikatif": 50000000.0,
            "rincian": null,
            "kode_bl": "683.683.4451.18376",
            "kode_sbl": "683.683.4451.18376.60638",
            "kunci_bl": 1,
            "kunci_bl_rinci": 1,
            "user_created": "SASMAN, SP",
            "created_date": "03-02-2025",
            "created_time": "10:43",
            "user_updated": "SASMAN, SP",
            "updated_date": "03-07-2025",
            "updated_time": "11:12",
            "is_locked": 0
        },
        {
            "id_sub_bl": 63633,
            "id_daerah": 473,
            "tahun": 2026,
            "id_unit": 683,
            "id_skpd": 683,
            "created_user": 1077,
            "kode_skpd": "1.05.0.00.0.00.01.0000",
            "nama_skpd": "Satuan Polisi Pamong Praja dan Pemadam Kebakaran",
            "id_urusan": 11,
            "kode_urusan": "1",
            "nama_urusan": "URUSAN PEMERINTAHAN WAJIB YANG BERKAITAN DENGAN PELAYANAN DASAR",
            "id_bidang_urusan": 205,
            "kode_bidang_urusan": "1.05",
            "nama_bidang_urusan": "URUSAN PEMERINTAHAN BIDANG KETENTERAMAN DAN KETERTIBAN UMUM SERTA PERLINDUNGAN MASYARAKAT",
            "id_sub_skpd": 683,
            "kode_sub_skpd": "1.05.0.00.0.00.01.0000",
            "nama_sub_skpd": "Satuan Polisi Pamong Praja dan Pemadam Kebakaran",
            "set_pagu_user": 0,
            "set_pagu_at": null,
            "id_program": 4451,
            "kode_program": "1.05.01",
            "nama_program": "PROGRAM PENUNJANG URUSAN PEMERINTAHAN DAERAH KABUPATEN/KOTA",
            "id_giat": 18376,
            "kode_giat": "1.05.01.2.06",
            "nama_giat": "Administrasi Umum Perangkat Daerah",
            "pagu_giat": 220000000.0,
            "rinci_giat": null,
            "id_sub_giat": 60639,
            "kode_sub_giat": "1.05.01.2.06.0005",
            "nama_sub_giat": "Penyediaan Barang Cetakan dan Penggandaan",
            "pagu": 10000000.0,
            "pagu_indikatif": 10000000.0,
            "rincian": null,
            "kode_bl": "683.683.4451.18376",
            "kode_sbl": "683.683.4451.18376.60639",
            "kunci_bl": 1,
            "kunci_bl_rinci": 1,
            "user_created": "SASMAN, SP",
            "created_date": "03-02-2025",
            "created_time": "10:45",
            "user_updated": "SASMAN, SP",
            "updated_date": "03-07-2025",
            "updated_time": "11:13",
            "is_locked": 0
        },
        {
            "id_sub_bl": 63642,
            "id_daerah": 473,
            "tahun": 2026,
            "id_unit": 683,
            "id_skpd": 683,
            "created_user": 1077,
            "kode_skpd": "1.05.0.00.0.00.01.0000",
            "nama_skpd": "Satuan Polisi Pamong Praja dan Pemadam Kebakaran",
            "id_urusan": 11,
            "kode_urusan": "1",
            "nama_urusan": "URUSAN PEMERINTAHAN WAJIB YANG BERKAITAN DENGAN PELAYANAN DASAR",
            "id_bidang_urusan": 205,
            "kode_bidang_urusan": "1.05",
            "nama_bidang_urusan": "URUSAN PEMERINTAHAN BIDANG KETENTERAMAN DAN KETERTIBAN UMUM SERTA PERLINDUNGAN MASYARAKAT",
            "id_sub_skpd": 683,
            "kode_sub_skpd": "1.05.0.00.0.00.01.0000",
            "nama_sub_skpd": "Satuan Polisi Pamong Praja dan Pemadam Kebakaran",
            "set_pagu_user": 0,
            "set_pagu_at": null,
            "id_program": 4451,
            "kode_program": "1.05.01",
            "nama_program": "PROGRAM PENUNJANG URUSAN PEMERINTAHAN DAERAH KABUPATEN/KOTA",
            "id_giat": 18376,
            "kode_giat": "1.05.01.2.06",
            "nama_giat": "Administrasi Umum Perangkat Daerah",
            "pagu_giat": 220000000.0,
            "rinci_giat": null,
            "id_sub_giat": 60640,
            "kode_sub_giat": "1.05.01.2.06.0006",
            "nama_sub_giat": "Penyediaan Bahan Bacaan dan Peraturan Perundang-undangan",
            "pagu": 5000000.0,
            "pagu_indikatif": 5000000.0,
            "rincian": null,
            "kode_bl": "683.683.4451.18376",
            "kode_sbl": "683.683.4451.18376.60640",
            "kunci_bl": 1,
            "kunci_bl_rinci": 1,
            "user_created": "SASMAN, SP",
            "created_date": "03-02-2025",
            "created_time": "10:49",
            "user_updated": "SASMAN, SP",
            "updated_date": "03-07-2025",
            "updated_time": "11:14",
            "is_locked": 0
        },
        {
            "id_sub_bl": 63651,
            "id_daerah": 473,
            "tahun": 2026,
            "id_unit": 683,
            "id_skpd": 683,
            "created_user": 1077,
            "kode_skpd": "1.05.0.00.0.00.01.0000",
            "nama_skpd": "Satuan Polisi Pamong Praja dan Pemadam Kebakaran",
            "id_urusan": 11,
            "kode_urusan": "1",
            "nama_urusan": "URUSAN PEMERINTAHAN WAJIB YANG BERKAITAN DENGAN PELAYANAN DASAR",
            "id_bidang_urusan": 205,
            "kode_bidang_urusan": "1.05",
            "nama_bidang_urusan": "URUSAN PEMERINTAHAN BIDANG KETENTERAMAN DAN KETERTIBAN UMUM SERTA PERLINDUNGAN MASYARAKAT",
            "id_sub_skpd": 683,
            "kode_sub_skpd": "1.05.0.00.0.00.01.0000",
            "nama_sub_skpd": "Satuan Polisi Pamong Praja dan Pemadam Kebakaran",
            "set_pagu_user": 0,
            "set_pagu_at": null,
            "id_program": 4451,
            "kode_program": "1.05.01",
            "nama_program": "PROGRAM PENUNJANG URUSAN PEMERINTAHAN DAERAH KABUPATEN/KOTA",
            "id_giat": 18376,
            "kode_giat": "1.05.01.2.06",
            "nama_giat": "Administrasi Umum Perangkat Daerah",
            "pagu_giat": 220000000.0,
            "rinci_giat": null,
            "id_sub_giat": 60641,
            "kode_sub_giat": "1.05.01.2.06.0007",
            "nama_sub_giat": "Penyediaan Bahan/Material",
            "pagu": 15000000.0,
            "pagu_indikatif": 15000000.0,
            "rincian": null,
            "kode_bl": "683.683.4451.18376",
            "kode_sbl": "683.683.4451.18376.60641",
            "kunci_bl": 1,
            "kunci_bl_rinci": 1,
            "user_created": "SASMAN, SP",
            "created_date": "03-02-2025",
            "created_time": "10:53",
            "user_updated": "SASMAN, SP",
            "updated_date": "03-07-2025",
            "updated_time": "11:15",
            "is_locked": 0
        },
        {
            "id_sub_bl": 63655,
            "id_daerah": 473,
            "tahun": 2026,
            "id_unit": 683,
            "id_skpd": 683,
            "created_user": 1077,
            "kode_skpd": "1.05.0.00.0.00.01.0000",
            "nama_skpd": "Satuan Polisi Pamong Praja dan Pemadam Kebakaran",
            "id_urusan": 11,
            "kode_urusan": "1",
            "nama_urusan": "URUSAN PEMERINTAHAN WAJIB YANG BERKAITAN DENGAN PELAYANAN DASAR",
            "id_bidang_urusan": 205,
            "kode_bidang_urusan": "1.05",
            "nama_bidang_urusan": "URUSAN PEMERINTAHAN BIDANG KETENTERAMAN DAN KETERTIBAN UMUM SERTA PERLINDUNGAN MASYARAKAT",
            "id_sub_skpd": 683,
            "kode_sub_skpd": "1.05.0.00.0.00.01.0000",
            "nama_sub_skpd": "Satuan Polisi Pamong Praja dan Pemadam Kebakaran",
            "set_pagu_user": 0,
            "set_pagu_at": null,
            "id_program": 4451,
            "kode_program": "1.05.01",
            "nama_program": "PROGRAM PENUNJANG URUSAN PEMERINTAHAN DAERAH KABUPATEN/KOTA",
            "id_giat": 18376,
            "kode_giat": "1.05.01.2.06",
            "nama_giat": "Administrasi Umum Perangkat Daerah",
            "pagu_giat": 220000000.0,
            "rinci_giat": null,
            "id_sub_giat": 60643,
            "kode_sub_giat": "1.05.01.2.06.0009",
            "nama_sub_giat": "Penyelenggaraan Rapat Koordinasi dan Konsultasi SKPD",
            "pagu": 120000000.0,
            "pagu_indikatif": 120000000.0,
            "rincian": null,
            "kode_bl": "683.683.4451.18376",
            "kode_sbl": "683.683.4451.18376.60643",
            "kunci_bl": 1,
            "kunci_bl_rinci": 1,
            "user_created": "SASMAN, SP",
            "created_date": "03-02-2025",
            "created_time": "10:55",
            "user_updated": "SASMAN, SP",
            "updated_date": "03-07-2025",
            "updated_time": "11:15",
            "is_locked": 0
        },
        {
            "id_sub_bl": 63659,
            "id_daerah": 473,
            "tahun": 2026,
            "id_unit": 683,
            "id_skpd": 683,
            "created_user": 1077,
            "kode_skpd": "1.05.0.00.0.00.01.0000",
            "nama_skpd": "Satuan Polisi Pamong Praja dan Pemadam Kebakaran",
            "id_urusan": 11,
            "kode_urusan": "1",
            "nama_urusan": "URUSAN PEMERINTAHAN WAJIB YANG BERKAITAN DENGAN PELAYANAN DASAR",
            "id_bidang_urusan": 205,
            "kode_bidang_urusan": "1.05",
            "nama_bidang_urusan": "URUSAN PEMERINTAHAN BIDANG KETENTERAMAN DAN KETERTIBAN UMUM SERTA PERLINDUNGAN MASYARAKAT",
            "id_sub_skpd": 683,
            "kode_sub_skpd": "1.05.0.00.0.00.01.0000",
            "nama_sub_skpd": "Satuan Polisi Pamong Praja dan Pemadam Kebakaran",
            "set_pagu_user": 0,
            "set_pagu_at": null,
            "id_program": 4451,
            "kode_program": "1.05.01",
            "nama_program": "PROGRAM PENUNJANG URUSAN PEMERINTAHAN DAERAH KABUPATEN/KOTA",
            "id_giat": 18377,
            "kode_giat": "1.05.01.2.07",
            "nama_giat": "Pengadaan Barang Milik Daerah Penunjang Urusan Pemerintah Daerah",
            "pagu_giat": 46000000.0,
            "rinci_giat": null,
            "id_sub_giat": 60650,
            "kode_sub_giat": "1.05.01.2.07.0005",
            "nama_sub_giat": "Pengadaan Mebel",
            "pagu": 15000000.0,
            "pagu_indikatif": 15000000.0,
            "rincian": null,
            "kode_bl": "683.683.4451.18377",
            "kode_sbl": "683.683.4451.18377.60650",
            "kunci_bl": 1,
            "kunci_bl_rinci": 1,
            "user_created": "SASMAN, SP",
            "created_date": "03-02-2025",
            "created_time": "10:56",
            "user_updated": "SASMAN, SP",
            "updated_date": "03-07-2025",
            "updated_time": "11:16",
            "is_locked": 0
        },
        {
            "id_sub_bl": 63665,
            "id_daerah": 473,
            "tahun": 2026,
            "id_unit": 683,
            "id_skpd": 683,
            "created_user": 1077,
            "kode_skpd": "1.05.0.00.0.00.01.0000",
            "nama_skpd": "Satuan Polisi Pamong Praja dan Pemadam Kebakaran",
            "id_urusan": 11,
            "kode_urusan": "1",
            "nama_urusan": "URUSAN PEMERINTAHAN WAJIB YANG BERKAITAN DENGAN PELAYANAN DASAR",
            "id_bidang_urusan": 205,
            "kode_bidang_urusan": "1.05",
            "nama_bidang_urusan": "URUSAN PEMERINTAHAN BIDANG KETENTERAMAN DAN KETERTIBAN UMUM SERTA PERLINDUNGAN MASYARAKAT",
            "id_sub_skpd": 683,
            "kode_sub_skpd": "1.05.0.00.0.00.01.0000",
            "nama_sub_skpd": "Satuan Polisi Pamong Praja dan Pemadam Kebakaran",
            "set_pagu_user": 0,
            "set_pagu_at": null,
            "id_program": 4451,
            "kode_program": "1.05.01",
            "nama_program": "PROGRAM PENUNJANG URUSAN PEMERINTAHAN DAERAH KABUPATEN/KOTA",
            "id_giat": 18377,
            "kode_giat": "1.05.01.2.07",
            "nama_giat": "Pengadaan Barang Milik Daerah Penunjang Urusan Pemerintah Daerah",
            "pagu_giat": 46000000.0,
            "rinci_giat": null,
            "id_sub_giat": 60651,
            "kode_sub_giat": "1.05.01.2.07.0006",
            "nama_sub_giat": "Pengadaan Peralatan dan Mesin Lainnya",
            "pagu": 30000000.0,
            "pagu_indikatif": 30000000.0,
            "rincian": null,
            "kode_bl": "683.683.4451.18377",
            "kode_sbl": "683.683.4451.18377.60651",
            "kunci_bl": 1,
            "kunci_bl_rinci": 1,
            "user_created": "SASMAN, SP",
            "created_date": "03-02-2025",
            "created_time": "11:00",
            "user_updated": "SASMAN, SP",
            "updated_date": "03-07-2025",
            "updated_time": "11:17",
            "is_locked": 0
        },
        {
            "id_sub_bl": 66282,
            "id_daerah": 473,
            "tahun": 2026,
            "id_unit": 683,
            "id_skpd": 683,
            "created_user": 1077,
            "kode_skpd": "1.05.0.00.0.00.01.0000",
            "nama_skpd": "Satuan Polisi Pamong Praja dan Pemadam Kebakaran",
            "id_urusan": 11,
            "kode_urusan": "1",
            "nama_urusan": "URUSAN PEMERINTAHAN WAJIB YANG BERKAITAN DENGAN PELAYANAN DASAR",
            "id_bidang_urusan": 205,
            "kode_bidang_urusan": "1.05",
            "nama_bidang_urusan": "URUSAN PEMERINTAHAN BIDANG KETENTERAMAN DAN KETERTIBAN UMUM SERTA PERLINDUNGAN MASYARAKAT",
            "id_sub_skpd": 683,
            "kode_sub_skpd": "1.05.0.00.0.00.01.0000",
            "nama_sub_skpd": "Satuan Polisi Pamong Praja dan Pemadam Kebakaran",
            "set_pagu_user": 0,
            "set_pagu_at": null,
            "id_program": 4451,
            "kode_program": "1.05.01",
            "nama_program": "PROGRAM PENUNJANG URUSAN PEMERINTAHAN DAERAH KABUPATEN/KOTA",
            "id_giat": 18377,
            "kode_giat": "1.05.01.2.07",
            "nama_giat": "Pengadaan Barang Milik Daerah Penunjang Urusan Pemerintah Daerah",
            "pagu_giat": 46000000.0,
            "rinci_giat": null,
            "id_sub_giat": 60654,
            "kode_sub_giat": "1.05.01.2.07.0009",
            "nama_sub_giat": "Pengadaan Gedung Kantor atau Bangunan Lainnya",
            "pagu": 1000000.0,
            "pagu_indikatif": 1000000.0,
            "rincian": null,
            "kode_bl": "683.683.4451.18377",
            "kode_sbl": "683.683.4451.18377.60654",
            "kunci_bl": 1,
            "kunci_bl_rinci": 1,
            "user_created": "SASMAN, SP",
            "created_date": "13-02-2025",
            "created_time": "14:44",
            "user_updated": "SASMAN, SP",
            "updated_date": "03-07-2025",
            "updated_time": "11:18",
            "is_locked": 0
        },
        {
            "id_sub_bl": 63677,
            "id_daerah": 473,
            "tahun": 2026,
            "id_unit": 683,
            "id_skpd": 683,
            "created_user": 1077,
            "kode_skpd": "1.05.0.00.0.00.01.0000",
            "nama_skpd": "Satuan Polisi Pamong Praja dan Pemadam Kebakaran",
            "id_urusan": 11,
            "kode_urusan": "1",
            "nama_urusan": "URUSAN PEMERINTAHAN WAJIB YANG BERKAITAN DENGAN PELAYANAN DASAR",
            "id_bidang_urusan": 205,
            "kode_bidang_urusan": "1.05",
            "nama_bidang_urusan": "URUSAN PEMERINTAHAN BIDANG KETENTERAMAN DAN KETERTIBAN UMUM SERTA PERLINDUNGAN MASYARAKAT",
            "id_sub_skpd": 683,
            "kode_sub_skpd": "1.05.0.00.0.00.01.0000",
            "nama_sub_skpd": "Satuan Polisi Pamong Praja dan Pemadam Kebakaran",
            "set_pagu_user": 0,
            "set_pagu_at": null,
            "id_program": 4451,
            "kode_program": "1.05.01",
            "nama_program": "PROGRAM PENUNJANG URUSAN PEMERINTAHAN DAERAH KABUPATEN/KOTA",
            "id_giat": 18378,
            "kode_giat": "1.05.01.2.08",
            "nama_giat": "Penyediaan Jasa Penunjang Urusan Pemerintahan Daerah",
            "pagu_giat": 1925675112.0,
            "rinci_giat": null,
            "id_sub_giat": 60658,
            "kode_sub_giat": "1.05.01.2.08.0002",
            "nama_sub_giat": "Penyediaan Jasa Komunikasi, Sumber Daya Air dan Listrik",
            "pagu": 35675112.0,
            "pagu_indikatif": 35675112.0,
            "rincian": null,
            "kode_bl": "683.683.4451.18378",
            "kode_sbl": "683.683.4451.18378.60658",
            "kunci_bl": 1,
            "kunci_bl_rinci": 1,
            "user_created": "SASMAN, SP",
            "created_date": "03-02-2025",
            "created_time": "11:06",
            "user_updated": "SASMAN, SP",
            "updated_date": "03-07-2025",
            "updated_time": "11:19",
            "is_locked": 0
        },
        {
            "id_sub_bl": 63679,
            "id_daerah": 473,
            "tahun": 2026,
            "id_unit": 683,
            "id_skpd": 683,
            "created_user": 1077,
            "kode_skpd": "1.05.0.00.0.00.01.0000",
            "nama_skpd": "Satuan Polisi Pamong Praja dan Pemadam Kebakaran",
            "id_urusan": 11,
            "kode_urusan": "1",
            "nama_urusan": "URUSAN PEMERINTAHAN WAJIB YANG BERKAITAN DENGAN PELAYANAN DASAR",
            "id_bidang_urusan": 205,
            "kode_bidang_urusan": "1.05",
            "nama_bidang_urusan": "URUSAN PEMERINTAHAN BIDANG KETENTERAMAN DAN KETERTIBAN UMUM SERTA PERLINDUNGAN MASYARAKAT",
            "id_sub_skpd": 683,
            "kode_sub_skpd": "1.05.0.00.0.00.01.0000",
            "nama_sub_skpd": "Satuan Polisi Pamong Praja dan Pemadam Kebakaran",
            "set_pagu_user": 0,
            "set_pagu_at": null,
            "id_program": 4451,
            "kode_program": "1.05.01",
            "nama_program": "PROGRAM PENUNJANG URUSAN PEMERINTAHAN DAERAH KABUPATEN/KOTA",
            "id_giat": 18378,
            "kode_giat": "1.05.01.2.08",
            "nama_giat": "Penyediaan Jasa Penunjang Urusan Pemerintahan Daerah",
            "pagu_giat": 1925675112.0,
            "rinci_giat": null,
            "id_sub_giat": 60660,
            "kode_sub_giat": "1.05.01.2.08.0004",
            "nama_sub_giat": "Penyediaan Jasa Pelayanan Umum Kantor",
            "pagu": 1890000000.0,
            "pagu_indikatif": 1890000000.0,
            "rincian": null,
            "kode_bl": "683.683.4451.18378",
            "kode_sbl": "683.683.4451.18378.60660",
            "kunci_bl": 1,
            "kunci_bl_rinci": 1,
            "user_created": "SASMAN, SP",
            "created_date": "03-02-2025",
            "created_time": "11:07",
            "user_updated": "SASMAN, SP",
            "updated_date": "03-07-2025",
            "updated_time": "11:22",
            "is_locked": 0
        },
        {
            "id_sub_bl": 63692,
            "id_daerah": 473,
            "tahun": 2026,
            "id_unit": 683,
            "id_skpd": 683,
            "created_user": 1077,
            "kode_skpd": "1.05.0.00.0.00.01.0000",
            "nama_skpd": "Satuan Polisi Pamong Praja dan Pemadam Kebakaran",
            "id_urusan": 11,
            "kode_urusan": "1",
            "nama_urusan": "URUSAN PEMERINTAHAN WAJIB YANG BERKAITAN DENGAN PELAYANAN DASAR",
            "id_bidang_urusan": 205,
            "kode_bidang_urusan": "1.05",
            "nama_bidang_urusan": "URUSAN PEMERINTAHAN BIDANG KETENTERAMAN DAN KETERTIBAN UMUM SERTA PERLINDUNGAN MASYARAKAT",
            "id_sub_skpd": 683,
            "kode_sub_skpd": "1.05.0.00.0.00.01.0000",
            "nama_sub_skpd": "Satuan Polisi Pamong Praja dan Pemadam Kebakaran",
            "set_pagu_user": 0,
            "set_pagu_at": null,
            "id_program": 4451,
            "kode_program": "1.05.01",
            "nama_program": "PROGRAM PENUNJANG URUSAN PEMERINTAHAN DAERAH KABUPATEN/KOTA",
            "id_giat": 18379,
            "kode_giat": "1.05.01.2.09",
            "nama_giat": "Pemeliharaan Barang Milik Daerah Penunjang Urusan Pemerintahan Daerah",
            "pagu_giat": 90000000.0,
            "rinci_giat": null,
            "id_sub_giat": 60662,
            "kode_sub_giat": "1.05.01.2.09.0002",
            "nama_sub_giat": "Penyediaan Jasa Pemeliharaan, Biaya Pemeliharaan, Pajak dan Perizinan Kendaraan Dinas Operasional atau Lapangan",
            "pagu": 70000000.0,
            "pagu_indikatif": 70000000.0,
            "rincian": null,
            "kode_bl": "683.683.4451.18379",
            "kode_sbl": "683.683.4451.18379.60662",
            "kunci_bl": 1,
            "kunci_bl_rinci": 1,
            "user_created": "SASMAN, SP",
            "created_date": "03-02-2025",
            "created_time": "11:15",
            "user_updated": "SASMAN, SP",
            "updated_date": "03-07-2025",
            "updated_time": "11:25",
            "is_locked": 0
        },
        {
            "id_sub_bl": 63954,
            "id_daerah": 473,
            "tahun": 2026,
            "id_unit": 683,
            "id_skpd": 683,
            "created_user": 1077,
            "kode_skpd": "1.05.0.00.0.00.01.0000",
            "nama_skpd": "Satuan Polisi Pamong Praja dan Pemadam Kebakaran",
            "id_urusan": 11,
            "kode_urusan": "1",
            "nama_urusan": "URUSAN PEMERINTAHAN WAJIB YANG BERKAITAN DENGAN PELAYANAN DASAR",
            "id_bidang_urusan": 205,
            "kode_bidang_urusan": "1.05",
            "nama_bidang_urusan": "URUSAN PEMERINTAHAN BIDANG KETENTERAMAN DAN KETERTIBAN UMUM SERTA PERLINDUNGAN MASYARAKAT",
            "id_sub_skpd": 683,
            "kode_sub_skpd": "1.05.0.00.0.00.01.0000",
            "nama_sub_skpd": "Satuan Polisi Pamong Praja dan Pemadam Kebakaran",
            "set_pagu_user": 0,
            "set_pagu_at": null,
            "id_program": 4451,
            "kode_program": "1.05.01",
            "nama_program": "PROGRAM PENUNJANG URUSAN PEMERINTAHAN DAERAH KABUPATEN/KOTA",
            "id_giat": 18379,
            "kode_giat": "1.05.01.2.09",
            "nama_giat": "Pemeliharaan Barang Milik Daerah Penunjang Urusan Pemerintahan Daerah",
            "pagu_giat": 90000000.0,
            "rinci_giat": null,
            "id_sub_giat": 60666,
            "kode_sub_giat": "1.05.01.2.09.0006",
            "nama_sub_giat": "Pemeliharaan Peralatan dan Mesin Lainnya",
            "pagu": 20000000.0,
            "pagu_indikatif": 20000000.0,
            "rincian": null,
            "kode_bl": "683.683.4451.18379",
            "kode_sbl": "683.683.4451.18379.60666",
            "kunci_bl": 1,
            "kunci_bl_rinci": 1,
            "user_created": "SASMAN, SP",
            "created_date": "03-02-2025",
            "created_time": "14:17",
            "user_updated": "SASMAN, SP",
            "updated_date": "03-07-2025",
            "updated_time": "11:27",
            "is_locked": 0
        }
    ]