[
        {
            "id_sub_bl": 61807,
            "id_daerah": 473,
            "tahun": 2026,
            "id_unit": 953,
            "id_skpd": 953,
            "created_user": 1080,
            "kode_skpd": "1.05.0.00.0.00.02.0000",
            "nama_skpd": "Badan Penanggulangan Bencana Daerah",
            "id_urusan": 11,
            "kode_urusan": "1",
            "nama_urusan": "URUSAN PEMERINTAHAN WAJIB YANG BERKAITAN DENGAN PELAYANAN DASAR",
            "id_bidang_urusan": 205,
            "kode_bidang_urusan": "1.05",
            "nama_bidang_urusan": "URUSAN PEMERINTAHAN BIDANG KETENTERAMAN DAN KETERTIBAN UMUM SERTA PERLINDUNGAN MASYARAKAT",
            "id_sub_skpd": 953,
            "kode_sub_skpd": "1.05.0.00.0.00.02.0000",
            "nama_sub_skpd": "Badan Penanggulangan Bencana Daerah",
            "set_pagu_user": 0,
            "set_pagu_at": null,
            "id_program": 3438,
            "kode_program": "1.05.03",
            "nama_program": "PROGRAM PENANGGULANGAN BENCANA",
            "id_giat": 15695,
            "kode_giat": "1.05.03.2.01",
            "nama_giat": "Pelayanan Informasi Rawan Bencana Kabupaten/Kota",
            "pagu_giat": 60000000.0,
            "rinci_giat": null,
            "id_sub_giat": 52531,
            "kode_sub_giat": "1.05.03.2.01.0007",
            "nama_sub_giat": "Sosialisasi, Komunikasi, Informasi dan Edukasi (KIE) Rawan Bencana Kabupaten/Kota (Per Jenis Ancaman Bencana)",
            "pagu": 60000000.0,
            "pagu_indikatif": 60000000.0,
            "rincian": null,
            "kode_bl": "953.953.3438.15695",
            "kode_sbl": "953.953.3438.15695.52531",
            "kunci_bl": 1,
            "kunci_bl_rinci": 1,
            "user_created": "Dra. Evi Fitriani,MM",
            "created_date": "30-01-2025",
            "created_time": "15:49",
            "user_updated": "Rahmad Rizwan, SE",
            "updated_date": "02-07-2025",
            "updated_time": "23:07",
            "is_locked": 0
        },
        {
            "id_sub_bl": 61821,
            "id_daerah": 473,
            "tahun": 2026,
            "id_unit": 953,
            "id_skpd": 953,
            "created_user": 1080,
            "kode_skpd": "1.05.0.00.0.00.02.0000",
            "nama_skpd": "Badan Penanggulangan Bencana Daerah",
            "id_urusan": 11,
            "kode_urusan": "1",
            "nama_urusan": "URUSAN PEMERINTAHAN WAJIB YANG BERKAITAN DENGAN PELAYANAN DASAR",
            "id_bidang_urusan": 205,
            "kode_bidang_urusan": "1.05",
            "nama_bidang_urusan": "URUSAN PEMERINTAHAN BIDANG KETENTERAMAN DAN KETERTIBAN UMUM SERTA PERLINDUNGAN MASYARAKAT",
            "id_sub_skpd": 953,
            "kode_sub_skpd": "1.05.0.00.0.00.02.0000",
            "nama_sub_skpd": "Badan Penanggulangan Bencana Daerah",
            "set_pagu_user": 0,
            "set_pagu_at": null,
            "id_program": 3438,
            "kode_program": "1.05.03",
            "nama_program": "PROGRAM PENANGGULANGAN BENCANA",
            "id_giat": 15696,
            "kode_giat": "1.05.03.2.02",
            "nama_giat": "Pelayanan Pencegahan dan Kesiapsiagaan Terhadap Bencana",
            "pagu_giat": 535000000.0,
            "rinci_giat": null,
            "id_sub_giat": 52533,
            "kode_sub_giat": "1.05.03.2.02.0013",
            "nama_sub_giat": "Pengelolaan Risiko Bencana Kabupaten/Kota",
            "pagu": 30000000.0,
            "pagu_indikatif": 30000000.0,
            "rincian": null,
            "kode_bl": "953.953.3438.15696",
            "kode_sbl": "953.953.3438.15696.52533",
            "kunci_bl": 1,
            "kunci_bl_rinci": 1,
            "user_created": "Dra. Evi Fitriani,MM",
            "created_date": "30-01-2025",
            "created_time": "16:00",
            "user_updated": "Rahmad Rizwan, SE",
            "updated_date": "02-07-2025",
            "updated_time": "23:07",
            "is_locked": 0
        },
        {
            "id_sub_bl": 61820,
            "id_daerah": 473,
            "tahun": 2026,
            "id_unit": 953,
            "id_skpd": 953,
            "created_user": 1080,
            "kode_skpd": "1.05.0.00.0.00.02.0000",
            "nama_skpd": "Badan Penanggulangan Bencana Daerah",
            "id_urusan": 11,
            "kode_urusan": "1",
            "nama_urusan": "URUSAN PEMERINTAHAN WAJIB YANG BERKAITAN DENGAN PELAYANAN DASAR",
            "id_bidang_urusan": 205,
            "kode_bidang_urusan": "1.05",
            "nama_bidang_urusan": "URUSAN PEMERINTAHAN BIDANG KETENTERAMAN DAN KETERTIBAN UMUM SERTA PERLINDUNGAN MASYARAKAT",
            "id_sub_skpd": 953,
            "kode_sub_skpd": "1.05.0.00.0.00.02.0000",
            "nama_sub_skpd": "Badan Penanggulangan Bencana Daerah",
            "set_pagu_user": 0,
            "set_pagu_at": null,
            "id_program": 3438,
            "kode_program": "1.05.03",
            "nama_program": "PROGRAM PENANGGULANGAN BENCANA",
            "id_giat": 15696,
            "kode_giat": "1.05.03.2.02",
            "nama_giat": "Pelayanan Pencegahan dan Kesiapsiagaan Terhadap Bencana",
            "pagu_giat": 535000000.0,
            "rinci_giat": null,
            "id_sub_giat": 52534,
            "kode_sub_giat": "1.05.03.2.02.0015",
            "nama_sub_giat": "Penyediaan Peralatan Perlindungan dan Kesiapsiagaan Terhadap Bencana kabupaten/kota",
            "pagu": 40000000.0,
            "pagu_indikatif": 40000000.0,
            "rincian": null,
            "kode_bl": "953.953.3438.15696",
            "kode_sbl": "953.953.3438.15696.52534",
            "kunci_bl": 1,
            "kunci_bl_rinci": 1,
            "user_created": "Dra. Evi Fitriani,MM",
            "created_date": "30-01-2025",
            "created_time": "15:59",
            "user_updated": "Rahmad Rizwan, SE",
            "updated_date": "02-07-2025",
            "updated_time": "23:08",
            "is_locked": 0
        },
        {
            "id_sub_bl": 77078,
            "id_daerah": 473,
            "tahun": 2026,
            "id_unit": 953,
            "id_skpd": 953,
            "created_user": 1310,
            "kode_skpd": "1.05.0.00.0.00.02.0000",
            "nama_skpd": "Badan Penanggulangan Bencana Daerah",
            "id_urusan": 11,
            "kode_urusan": "1",
            "nama_urusan": "URUSAN PEMERINTAHAN WAJIB YANG BERKAITAN DENGAN PELAYANAN DASAR",
            "id_bidang_urusan": 205,
            "kode_bidang_urusan": "1.05",
            "nama_bidang_urusan": "URUSAN PEMERINTAHAN BIDANG KETENTERAMAN DAN KETERTIBAN UMUM SERTA PERLINDUNGAN MASYARAKAT",
            "id_sub_skpd": 953,
            "kode_sub_skpd": "1.05.0.00.0.00.02.0000",
            "nama_sub_skpd": "Badan Penanggulangan Bencana Daerah",
            "set_pagu_user": 0,
            "set_pagu_at": null,
            "id_program": 3438,
            "kode_program": "1.05.03",
            "nama_program": "PROGRAM PENANGGULANGAN BENCANA",
            "id_giat": 15696,
            "kode_giat": "1.05.03.2.02",
            "nama_giat": "Pelayanan Pencegahan dan Kesiapsiagaan Terhadap Bencana",
            "pagu_giat": 535000000.0,
            "rinci_giat": null,
            "id_sub_giat": 52535,
            "kode_sub_giat": "1.05.03.2.02.0018",
            "nama_sub_giat": "Gladi Kesiapsiagaan Terhadap Bencana kabupaten/kota",
            "pagu": 65000000.0,
            "pagu_indikatif": 65000000.0,
            "rincian": null,
            "kode_bl": "953.953.3438.15696",
            "kode_sbl": "953.953.3438.15696.52535",
            "kunci_bl": 1,
            "kunci_bl_rinci": 1,
            "user_created": "Rahmad Rizwan, SE",
            "created_date": "25-06-2025",
            "created_time": "21:33",
            "user_updated": "Rahmad Rizwan, SE",
            "updated_date": "25-06-2025",
            "updated_time": "23:28",
            "is_locked": 0
        },
        {
            "id_sub_bl": 77080,
            "id_daerah": 473,
            "tahun": 2026,
            "id_unit": 953,
            "id_skpd": 953,
            "created_user": 1310,
            "kode_skpd": "1.05.0.00.0.00.02.0000",
            "nama_skpd": "Badan Penanggulangan Bencana Daerah",
            "id_urusan": 11,
            "kode_urusan": "1",
            "nama_urusan": "URUSAN PEMERINTAHAN WAJIB YANG BERKAITAN DENGAN PELAYANAN DASAR",
            "id_bidang_urusan": 205,
            "kode_bidang_urusan": "1.05",
            "nama_bidang_urusan": "URUSAN PEMERINTAHAN BIDANG KETENTERAMAN DAN KETERTIBAN UMUM SERTA PERLINDUNGAN MASYARAKAT",
            "id_sub_skpd": 953,
            "kode_sub_skpd": "1.05.0.00.0.00.02.0000",
            "nama_sub_skpd": "Badan Penanggulangan Bencana Daerah",
            "set_pagu_user": 0,
            "set_pagu_at": null,
            "id_program": 3438,
            "kode_program": "1.05.03",
            "nama_program": "PROGRAM PENANGGULANGAN BENCANA",
            "id_giat": 15696,
            "kode_giat": "1.05.03.2.02",
            "nama_giat": "Pelayanan Pencegahan dan Kesiapsiagaan Terhadap Bencana",
            "pagu_giat": 535000000.0,
            "rinci_giat": null,
            "id_sub_giat": 52536,
            "kode_sub_giat": "1.05.03.2.02.0019",
            "nama_sub_giat": "Pelatihan Keluarga Tanggap Bencana Alam",
            "pagu": 10000000.0,
            "pagu_indikatif": 10000000.0,
            "rincian": null,
            "kode_bl": "953.953.3438.15696",
            "kode_sbl": "953.953.3438.15696.52536",
            "kunci_bl": 1,
            "kunci_bl_rinci": 1,
            "user_created": "Rahmad Rizwan, SE",
            "created_date": "25-06-2025",
            "created_time": "21:35",
            "user_updated": "Rahmad Rizwan, SE",
            "updated_date": "25-06-2025",
            "updated_time": "23:28",
            "is_locked": 0
        },
        {
            "id_sub_bl": 61823,
            "id_daerah": 473,
            "tahun": 2026,
            "id_unit": 953,
            "id_skpd": 953,
            "created_user": 1080,
            "kode_skpd": "1.05.0.00.0.00.02.0000",
            "nama_skpd": "Badan Penanggulangan Bencana Daerah",
            "id_urusan": 11,
            "kode_urusan": "1",
            "nama_urusan": "URUSAN PEMERINTAHAN WAJIB YANG BERKAITAN DENGAN PELAYANAN DASAR",
            "id_bidang_urusan": 205,
            "kode_bidang_urusan": "1.05",
            "nama_bidang_urusan": "URUSAN PEMERINTAHAN BIDANG KETENTERAMAN DAN KETERTIBAN UMUM SERTA PERLINDUNGAN MASYARAKAT",
            "id_sub_skpd": 953,
            "kode_sub_skpd": "1.05.0.00.0.00.02.0000",
            "nama_sub_skpd": "Badan Penanggulangan Bencana Daerah",
            "set_pagu_user": 0,
            "set_pagu_at": null,
            "id_program": 3438,
            "kode_program": "1.05.03",
            "nama_program": "PROGRAM PENANGGULANGAN BENCANA",
            "id_giat": 15696,
            "kode_giat": "1.05.03.2.02",
            "nama_giat": "Pelayanan Pencegahan dan Kesiapsiagaan Terhadap Bencana",
            "pagu_giat": 535000000.0,
            "rinci_giat": null,
            "id_sub_giat": 52537,
            "kode_sub_giat": "1.05.03.2.02.0020",
            "nama_sub_giat": "Penguatan Kapasitas Kawasan untuk Pencegahan dan Kesiapsiagaan Bencana",
            "pagu": 30000000.0,
            "pagu_indikatif": 30000000.0,
            "rincian": null,
            "kode_bl": "953.953.3438.15696",
            "kode_sbl": "953.953.3438.15696.52537",
            "kunci_bl": 1,
            "kunci_bl_rinci": 1,
            "user_created": "Dra. Evi Fitriani,MM",
            "created_date": "30-01-2025",
            "created_time": "16:02",
            "user_updated": "Rahmad Rizwan, SE",
            "updated_date": "02-07-2025",
            "updated_time": "23:08",
            "is_locked": 0
        },
        {
            "id_sub_bl": 61825,
            "id_daerah": 473,
            "tahun": 2026,
            "id_unit": 953,
            "id_skpd": 953,
            "created_user": 1080,
            "kode_skpd": "1.05.0.00.0.00.02.0000",
            "nama_skpd": "Badan Penanggulangan Bencana Daerah",
            "id_urusan": 11,
            "kode_urusan": "1",
            "nama_urusan": "URUSAN PEMERINTAHAN WAJIB YANG BERKAITAN DENGAN PELAYANAN DASAR",
            "id_bidang_urusan": 205,
            "kode_bidang_urusan": "1.05",
            "nama_bidang_urusan": "URUSAN PEMERINTAHAN BIDANG KETENTERAMAN DAN KETERTIBAN UMUM SERTA PERLINDUNGAN MASYARAKAT",
            "id_sub_skpd": 953,
            "kode_sub_skpd": "1.05.0.00.0.00.02.0000",
            "nama_sub_skpd": "Badan Penanggulangan Bencana Daerah",
            "set_pagu_user": 0,
            "set_pagu_at": null,
            "id_program": 3438,
            "kode_program": "1.05.03",
            "nama_program": "PROGRAM PENANGGULANGAN BENCANA",
            "id_giat": 15696,
            "kode_giat": "1.05.03.2.02",
            "nama_giat": "Pelayanan Pencegahan dan Kesiapsiagaan Terhadap Bencana",
            "pagu_giat": 535000000.0,
            "rinci_giat": null,
            "id_sub_giat": 52538,
            "kode_sub_giat": "1.05.03.2.02.0021",
            "nama_sub_giat": "Pengembangan Kapasitas Tim Reaksi Cepat (TRC) Bencana Kabupaten/Kota",
            "pagu": 40000000.0,
            "pagu_indikatif": 40000000.0,
            "rincian": null,
            "kode_bl": "953.953.3438.15696",
            "kode_sbl": "953.953.3438.15696.52538",
            "kunci_bl": 1,
            "kunci_bl_rinci": 1,
            "user_created": "Dra. Evi Fitriani,MM",
            "created_date": "30-01-2025",
            "created_time": "16:03",
            "user_updated": "Rahmad Rizwan, SE",
            "updated_date": "02-07-2025",
            "updated_time": "23:09",
            "is_locked": 0
        },
        {
            "id_sub_bl": 77093,
            "id_daerah": 473,
            "tahun": 2026,
            "id_unit": 953,
            "id_skpd": 953,
            "created_user": 1310,
            "kode_skpd": "1.05.0.00.0.00.02.0000",
            "nama_skpd": "Badan Penanggulangan Bencana Daerah",
            "id_urusan": 11,
            "kode_urusan": "1",
            "nama_urusan": "URUSAN PEMERINTAHAN WAJIB YANG BERKAITAN DENGAN PELAYANAN DASAR",
            "id_bidang_urusan": 205,
            "kode_bidang_urusan": "1.05",
            "nama_bidang_urusan": "URUSAN PEMERINTAHAN BIDANG KETENTERAMAN DAN KETERTIBAN UMUM SERTA PERLINDUNGAN MASYARAKAT",
            "id_sub_skpd": 953,
            "kode_sub_skpd": "1.05.0.00.0.00.02.0000",
            "nama_sub_skpd": "Badan Penanggulangan Bencana Daerah",
            "set_pagu_user": 0,
            "set_pagu_at": null,
            "id_program": 3438,
            "kode_program": "1.05.03",
            "nama_program": "PROGRAM PENANGGULANGAN BENCANA",
            "id_giat": 15696,
            "kode_giat": "1.05.03.2.02",
            "nama_giat": "Pelayanan Pencegahan dan Kesiapsiagaan Terhadap Bencana",
            "pagu_giat": 535000000.0,
            "rinci_giat": null,
            "id_sub_giat": 52539,
            "kode_sub_giat": "1.05.03.2.02.0022",
            "nama_sub_giat": "Penyusunan Rencana Kontijensi Kabupaten/Kota",
            "pagu": 10000000.0,
            "pagu_indikatif": 10000000.0,
            "rincian": null,
            "kode_bl": "953.953.3438.15696",
            "kode_sbl": "953.953.3438.15696.52539",
            "kunci_bl": 1,
            "kunci_bl_rinci": 1,
            "user_created": "Rahmad Rizwan, SE",
            "created_date": "25-06-2025",
            "created_time": "22:08",
            "user_updated": "Rahmad Rizwan, SE",
            "updated_date": "25-06-2025",
            "updated_time": "23:29",
            "is_locked": 0
        },
        {
            "id_sub_bl": 77094,
            "id_daerah": 473,
            "tahun": 2026,
            "id_unit": 953,
            "id_skpd": 953,
            "created_user": 1310,
            "kode_skpd": "1.05.0.00.0.00.02.0000",
            "nama_skpd": "Badan Penanggulangan Bencana Daerah",
            "id_urusan": 11,
            "kode_urusan": "1",
            "nama_urusan": "URUSAN PEMERINTAHAN WAJIB YANG BERKAITAN DENGAN PELAYANAN DASAR",
            "id_bidang_urusan": 205,
            "kode_bidang_urusan": "1.05",
            "nama_bidang_urusan": "URUSAN PEMERINTAHAN BIDANG KETENTERAMAN DAN KETERTIBAN UMUM SERTA PERLINDUNGAN MASYARAKAT",
            "id_sub_skpd": 953,
            "kode_sub_skpd": "1.05.0.00.0.00.02.0000",
            "nama_sub_skpd": "Badan Penanggulangan Bencana Daerah",
            "set_pagu_user": 0,
            "set_pagu_at": null,
            "id_program": 3438,
            "kode_program": "1.05.03",
            "nama_program": "PROGRAM PENANGGULANGAN BENCANA",
            "id_giat": 15696,
            "kode_giat": "1.05.03.2.02",
            "nama_giat": "Pelayanan Pencegahan dan Kesiapsiagaan Terhadap Bencana",
            "pagu_giat": 535000000.0,
            "rinci_giat": null,
            "id_sub_giat": 52540,
            "kode_sub_giat": "1.05.03.2.02.0023",
            "nama_sub_giat": "Penyusunan Rencana Penanggulangan Kedaruratan Bencana",
            "pagu": 10000000.0,
            "pagu_indikatif": 10000000.0,
            "rincian": null,
            "kode_bl": "953.953.3438.15696",
            "kode_sbl": "953.953.3438.15696.52540",
            "kunci_bl": 1,
            "kunci_bl_rinci": 1,
            "user_created": "Rahmad Rizwan, SE",
            "created_date": "25-06-2025",
            "created_time": "22:10",
            "user_updated": "Rahmad Rizwan, SE",
            "updated_date": "25-06-2025",
            "updated_time": "23:30",
            "is_locked": 0
        },
        {
            "id_sub_bl": 61816,
            "id_daerah": 473,
            "tahun": 2026,
            "id_unit": 953,
            "id_skpd": 953,
            "created_user": 1080,
            "kode_skpd": "1.05.0.00.0.00.02.0000",
            "nama_skpd": "Badan Penanggulangan Bencana Daerah",
            "id_urusan": 11,
            "kode_urusan": "1",
            "nama_urusan": "URUSAN PEMERINTAHAN WAJIB YANG BERKAITAN DENGAN PELAYANAN DASAR",
            "id_bidang_urusan": 205,
            "kode_bidang_urusan": "1.05",
            "nama_bidang_urusan": "URUSAN PEMERINTAHAN BIDANG KETENTERAMAN DAN KETERTIBAN UMUM SERTA PERLINDUNGAN MASYARAKAT",
            "id_sub_skpd": 953,
            "kode_sub_skpd": "1.05.0.00.0.00.02.0000",
            "nama_sub_skpd": "Badan Penanggulangan Bencana Daerah",
            "set_pagu_user": 0,
            "set_pagu_at": null,
            "id_program": 3438,
            "kode_program": "1.05.03",
            "nama_program": "PROGRAM PENANGGULANGAN BENCANA",
            "id_giat": 15696,
            "kode_giat": "1.05.03.2.02",
            "nama_giat": "Pelayanan Pencegahan dan Kesiapsiagaan Terhadap Bencana",
            "pagu_giat": 535000000.0,
            "rinci_giat": null,
            "id_sub_giat": 52541,
            "kode_sub_giat": "1.05.03.2.02.0026",
            "nama_sub_giat": "Pengendalian Operasi dan Penyediaan Sarana Prasarana Kesiapsiagaan Terhadap Bencana Kabupaten/Kota",
            "pagu": 40000000.0,
            "pagu_indikatif": 40000000.0,
            "rincian": null,
            "kode_bl": "953.953.3438.15696",
            "kode_sbl": "953.953.3438.15696.52541",
            "kunci_bl": 1,
            "kunci_bl_rinci": 1,
            "user_created": "Dra. Evi Fitriani,MM",
            "created_date": "30-01-2025",
            "created_time": "15:55",
            "user_updated": "Rahmad Rizwan, SE",
            "updated_date": "02-07-2025",
            "updated_time": "23:10",
            "is_locked": 0
        },
        {
            "id_sub_bl": 61811,
            "id_daerah": 473,
            "tahun": 2026,
            "id_unit": 953,
            "id_skpd": 953,
            "created_user": 1080,
            "kode_skpd": "1.05.0.00.0.00.02.0000",
            "nama_skpd": "Badan Penanggulangan Bencana Daerah",
            "id_urusan": 11,
            "kode_urusan": "1",
            "nama_urusan": "URUSAN PEMERINTAHAN WAJIB YANG BERKAITAN DENGAN PELAYANAN DASAR",
            "id_bidang_urusan": 205,
            "kode_bidang_urusan": "1.05",
            "nama_bidang_urusan": "URUSAN PEMERINTAHAN BIDANG KETENTERAMAN DAN KETERTIBAN UMUM SERTA PERLINDUNGAN MASYARAKAT",
            "id_sub_skpd": 953,
            "kode_sub_skpd": "1.05.0.00.0.00.02.0000",
            "nama_sub_skpd": "Badan Penanggulangan Bencana Daerah",
            "set_pagu_user": 0,
            "set_pagu_at": null,
            "id_program": 3438,
            "kode_program": "1.05.03",
            "nama_program": "PROGRAM PENANGGULANGAN BENCANA",
            "id_giat": 15696,
            "kode_giat": "1.05.03.2.02",
            "nama_giat": "Pelayanan Pencegahan dan Kesiapsiagaan Terhadap Bencana",
            "pagu_giat": 535000000.0,
            "rinci_giat": null,
            "id_sub_giat": 52542,
            "kode_sub_giat": "1.05.03.2.02.0027",
            "nama_sub_giat": "Penyusunan Rencana Penanggulangan Bencana Kabupaten/Kota",
            "pagu": 220000000.0,
            "pagu_indikatif": 220000000.0,
            "rincian": null,
            "kode_bl": "953.953.3438.15696",
            "kode_sbl": "953.953.3438.15696.52542",
            "kunci_bl": 1,
            "kunci_bl_rinci": 1,
            "user_created": "Dra. Evi Fitriani,MM",
            "created_date": "30-01-2025",
            "created_time": "15:50",
            "user_updated": "Rahmad Rizwan, SE",
            "updated_date": "02-07-2025",
            "updated_time": "23:09",
            "is_locked": 0
        },
        {
            "id_sub_bl": 61814,
            "id_daerah": 473,
            "tahun": 2026,
            "id_unit": 953,
            "id_skpd": 953,
            "created_user": 1080,
            "kode_skpd": "1.05.0.00.0.00.02.0000",
            "nama_skpd": "Badan Penanggulangan Bencana Daerah",
            "id_urusan": 11,
            "kode_urusan": "1",
            "nama_urusan": "URUSAN PEMERINTAHAN WAJIB YANG BERKAITAN DENGAN PELAYANAN DASAR",
            "id_bidang_urusan": 205,
            "kode_bidang_urusan": "1.05",
            "nama_bidang_urusan": "URUSAN PEMERINTAHAN BIDANG KETENTERAMAN DAN KETERTIBAN UMUM SERTA PERLINDUNGAN MASYARAKAT",
            "id_sub_skpd": 953,
            "kode_sub_skpd": "1.05.0.00.0.00.02.0000",
            "nama_sub_skpd": "Badan Penanggulangan Bencana Daerah",
            "set_pagu_user": 0,
            "set_pagu_at": null,
            "id_program": 3438,
            "kode_program": "1.05.03",
            "nama_program": "PROGRAM PENANGGULANGAN BENCANA",
            "id_giat": 15696,
            "kode_giat": "1.05.03.2.02",
            "nama_giat": "Pelayanan Pencegahan dan Kesiapsiagaan Terhadap Bencana",
            "pagu_giat": 535000000.0,
            "rinci_giat": null,
            "id_sub_giat": 52543,
            "kode_sub_giat": "1.05.03.2.02.0028",
            "nama_sub_giat": "Pelatihan Pencegahan dan Mitigasi Bencana Kabupaten/Kota",
            "pagu": 40000000.0,
            "pagu_indikatif": 40000000.0,
            "rincian": null,
            "kode_bl": "953.953.3438.15696",
            "kode_sbl": "953.953.3438.15696.52543",
            "kunci_bl": 1,
            "kunci_bl_rinci": 1,
            "user_created": "Dra. Evi Fitriani,MM",
            "created_date": "30-01-2025",
            "created_time": "15:53",
            "user_updated": "Rahmad Rizwan, SE",
            "updated_date": "02-07-2025",
            "updated_time": "23:10",
            "is_locked": 0
        },
        {
            "id_sub_bl": 77085,
            "id_daerah": 473,
            "tahun": 2026,
            "id_unit": 953,
            "id_skpd": 953,
            "created_user": 1310,
            "kode_skpd": "1.05.0.00.0.00.02.0000",
            "nama_skpd": "Badan Penanggulangan Bencana Daerah",
            "id_urusan": 11,
            "kode_urusan": "1",
            "nama_urusan": "URUSAN PEMERINTAHAN WAJIB YANG BERKAITAN DENGAN PELAYANAN DASAR",
            "id_bidang_urusan": 205,
            "kode_bidang_urusan": "1.05",
            "nama_bidang_urusan": "URUSAN PEMERINTAHAN BIDANG KETENTERAMAN DAN KETERTIBAN UMUM SERTA PERLINDUNGAN MASYARAKAT",
            "id_sub_skpd": 953,
            "kode_sub_skpd": "1.05.0.00.0.00.02.0000",
            "nama_sub_skpd": "Badan Penanggulangan Bencana Daerah",
            "set_pagu_user": 0,
            "set_pagu_at": null,
            "id_program": 3438,
            "kode_program": "1.05.03",
            "nama_program": "PROGRAM PENANGGULANGAN BENCANA",
            "id_giat": 15697,
            "kode_giat": "1.05.03.2.03",
            "nama_giat": "Pelayanan Penyelamatan dan Evakuasi Korban Bencana",
            "pagu_giat": 230000000.0,
            "rinci_giat": null,
            "id_sub_giat": 52545,
            "kode_sub_giat": "1.05.03.2.03.0002",
            "nama_sub_giat": "Respon Cepat Darurat Bencana Kabupaten/Kota",
            "pagu": 20000000.0,
            "pagu_indikatif": 20000000.0,
            "rincian": null,
            "kode_bl": "953.953.3438.15697",
            "kode_sbl": "953.953.3438.15697.52545",
            "kunci_bl": 1,
            "kunci_bl_rinci": 1,
            "user_created": "Rahmad Rizwan, SE",
            "created_date": "25-06-2025",
            "created_time": "21:37",
            "user_updated": "Rahmad Rizwan, SE",
            "updated_date": "25-06-2025",
            "updated_time": "23:31",
            "is_locked": 0
        },
        {
            "id_sub_bl": 77086,
            "id_daerah": 473,
            "tahun": 2026,
            "id_unit": 953,
            "id_skpd": 953,
            "created_user": 1310,
            "kode_skpd": "1.05.0.00.0.00.02.0000",
            "nama_skpd": "Badan Penanggulangan Bencana Daerah",
            "id_urusan": 11,
            "kode_urusan": "1",
            "nama_urusan": "URUSAN PEMERINTAHAN WAJIB YANG BERKAITAN DENGAN PELAYANAN DASAR",
            "id_bidang_urusan": 205,
            "kode_bidang_urusan": "1.05",
            "nama_bidang_urusan": "URUSAN PEMERINTAHAN BIDANG KETENTERAMAN DAN KETERTIBAN UMUM SERTA PERLINDUNGAN MASYARAKAT",
            "id_sub_skpd": 953,
            "kode_sub_skpd": "1.05.0.00.0.00.02.0000",
            "nama_sub_skpd": "Badan Penanggulangan Bencana Daerah",
            "set_pagu_user": 0,
            "set_pagu_at": null,
            "id_program": 3438,
            "kode_program": "1.05.03",
            "nama_program": "PROGRAM PENANGGULANGAN BENCANA",
            "id_giat": 15697,
            "kode_giat": "1.05.03.2.03",
            "nama_giat": "Pelayanan Penyelamatan dan Evakuasi Korban Bencana",
            "pagu_giat": 230000000.0,
            "rinci_giat": null,
            "id_sub_giat": 52546,
            "kode_sub_giat": "1.05.03.2.03.0003",
            "nama_sub_giat": "Pencarian, Pertolongan dan Evakuasi Korban Bencana Kabupaten/Kota",
            "pagu": 50000000.0,
            "pagu_indikatif": 50000000.0,
            "rincian": null,
            "kode_bl": "953.953.3438.15697",
            "kode_sbl": "953.953.3438.15697.52546",
            "kunci_bl": 1,
            "kunci_bl_rinci": 1,
            "user_created": "Rahmad Rizwan, SE",
            "created_date": "25-06-2025",
            "created_time": "21:39",
            "user_updated": "Rahmad Rizwan, SE",
            "updated_date": "25-06-2025",
            "updated_time": "23:31",
            "is_locked": 0
        },
        {
            "id_sub_bl": 61844,
            "id_daerah": 473,
            "tahun": 2026,
            "id_unit": 953,
            "id_skpd": 953,
            "created_user": 1080,
            "kode_skpd": "1.05.0.00.0.00.02.0000",
            "nama_skpd": "Badan Penanggulangan Bencana Daerah",
            "id_urusan": 11,
            "kode_urusan": "1",
            "nama_urusan": "URUSAN PEMERINTAHAN WAJIB YANG BERKAITAN DENGAN PELAYANAN DASAR",
            "id_bidang_urusan": 205,
            "kode_bidang_urusan": "1.05",
            "nama_bidang_urusan": "URUSAN PEMERINTAHAN BIDANG KETENTERAMAN DAN KETERTIBAN UMUM SERTA PERLINDUNGAN MASYARAKAT",
            "id_sub_skpd": 953,
            "kode_sub_skpd": "1.05.0.00.0.00.02.0000",
            "nama_sub_skpd": "Badan Penanggulangan Bencana Daerah",
            "set_pagu_user": 0,
            "set_pagu_at": null,
            "id_program": 3438,
            "kode_program": "1.05.03",
            "nama_program": "PROGRAM PENANGGULANGAN BENCANA",
            "id_giat": 15697,
            "kode_giat": "1.05.03.2.03",
            "nama_giat": "Pelayanan Penyelamatan dan Evakuasi Korban Bencana",
            "pagu_giat": 230000000.0,
            "rinci_giat": null,
            "id_sub_giat": 52549,
            "kode_sub_giat": "1.05.03.2.03.0009",
            "nama_sub_giat": "Penyediaan Logistik Penyelamatan dan Evakuasi Korban Bencana Kabupaten/Kota",
            "pagu": 150000000.0,
            "pagu_indikatif": 150000000.0,
            "rincian": null,
            "kode_bl": "953.953.3438.15697",
            "kode_sbl": "953.953.3438.15697.52549",
            "kunci_bl": 1,
            "kunci_bl_rinci": 1,
            "user_created": "Dra. Evi Fitriani,MM",
            "created_date": "30-01-2025",
            "created_time": "16:25",
            "user_updated": "Rahmad Rizwan, SE",
            "updated_date": "02-07-2025",
            "updated_time": "23:12",
            "is_locked": 0
        },
        {
            "id_sub_bl": 77087,
            "id_daerah": 473,
            "tahun": 2026,
            "id_unit": 953,
            "id_skpd": 953,
            "created_user": 1310,
            "kode_skpd": "1.05.0.00.0.00.02.0000",
            "nama_skpd": "Badan Penanggulangan Bencana Daerah",
            "id_urusan": 11,
            "kode_urusan": "1",
            "nama_urusan": "URUSAN PEMERINTAHAN WAJIB YANG BERKAITAN DENGAN PELAYANAN DASAR",
            "id_bidang_urusan": 205,
            "kode_bidang_urusan": "1.05",
            "nama_bidang_urusan": "URUSAN PEMERINTAHAN BIDANG KETENTERAMAN DAN KETERTIBAN UMUM SERTA PERLINDUNGAN MASYARAKAT",
            "id_sub_skpd": 953,
            "kode_sub_skpd": "1.05.0.00.0.00.02.0000",
            "nama_sub_skpd": "Badan Penanggulangan Bencana Daerah",
            "set_pagu_user": 0,
            "set_pagu_at": null,
            "id_program": 3438,
            "kode_program": "1.05.03",
            "nama_program": "PROGRAM PENANGGULANGAN BENCANA",
            "id_giat": 15697,
            "kode_giat": "1.05.03.2.03",
            "nama_giat": "Pelayanan Penyelamatan dan Evakuasi Korban Bencana",
            "pagu_giat": 230000000.0,
            "rinci_giat": null,
            "id_sub_giat": 52551,
            "kode_sub_giat": "1.05.03.2.03.0012",
            "nama_sub_giat": "Aktivasi Sistem Komando Penanganan Darurat Bencana",
            "pagu": 10000000.0,
            "pagu_indikatif": 10000000.0,
            "rincian": null,
            "kode_bl": "953.953.3438.15697",
            "kode_sbl": "953.953.3438.15697.52551",
            "kunci_bl": 1,
            "kunci_bl_rinci": 1,
            "user_created": "Rahmad Rizwan, SE",
            "created_date": "25-06-2025",
            "created_time": "21:40",
            "user_updated": "Rahmad Rizwan, SE",
            "updated_date": "25-06-2025",
            "updated_time": "23:33",
            "is_locked": 0
        },
        {
            "id_sub_bl": 61839,
            "id_daerah": 473,
            "tahun": 2026,
            "id_unit": 953,
            "id_skpd": 953,
            "created_user": 1080,
            "kode_skpd": "1.05.0.00.0.00.02.0000",
            "nama_skpd": "Badan Penanggulangan Bencana Daerah",
            "id_urusan": 11,
            "kode_urusan": "1",
            "nama_urusan": "URUSAN PEMERINTAHAN WAJIB YANG BERKAITAN DENGAN PELAYANAN DASAR",
            "id_bidang_urusan": 205,
            "kode_bidang_urusan": "1.05",
            "nama_bidang_urusan": "URUSAN PEMERINTAHAN BIDANG KETENTERAMAN DAN KETERTIBAN UMUM SERTA PERLINDUNGAN MASYARAKAT",
            "id_sub_skpd": 953,
            "kode_sub_skpd": "1.05.0.00.0.00.02.0000",
            "nama_sub_skpd": "Badan Penanggulangan Bencana Daerah",
            "set_pagu_user": 0,
            "set_pagu_at": null,
            "id_program": 3438,
            "kode_program": "1.05.03",
            "nama_program": "PROGRAM PENANGGULANGAN BENCANA",
            "id_giat": 15698,
            "kode_giat": "1.05.03.2.04",
            "nama_giat": "Penataan Sistem Dasar Penanggulangan Bencana",
            "pagu_giat": 165000000.0,
            "rinci_giat": null,
            "id_sub_giat": 52553,
            "kode_sub_giat": "1.05.03.2.04.0003",
            "nama_sub_giat": "Kerja Sama antar Lembaga dan Kemitraan dalam Penanggulangan Bencana Kabupaten/Kota",
            "pagu": 15000000.0,
            "pagu_indikatif": 15000000.0,
            "rincian": null,
            "kode_bl": "953.953.3438.15698",
            "kode_sbl": "953.953.3438.15698.52553",
            "kunci_bl": 1,
            "kunci_bl_rinci": 1,
            "user_created": "Dra. Evi Fitriani,MM",
            "created_date": "30-01-2025",
            "created_time": "16:19",
            "user_updated": "Rahmad Rizwan, SE",
            "updated_date": "02-07-2025",
            "updated_time": "23:13",
            "is_locked": 0
        },
        {
            "id_sub_bl": 77088,
            "id_daerah": 473,
            "tahun": 2026,
            "id_unit": 953,
            "id_skpd": 953,
            "created_user": 1310,
            "kode_skpd": "1.05.0.00.0.00.02.0000",
            "nama_skpd": "Badan Penanggulangan Bencana Daerah",
            "id_urusan": 11,
            "kode_urusan": "1",
            "nama_urusan": "URUSAN PEMERINTAHAN WAJIB YANG BERKAITAN DENGAN PELAYANAN DASAR",
            "id_bidang_urusan": 205,
            "kode_bidang_urusan": "1.05",
            "nama_bidang_urusan": "URUSAN PEMERINTAHAN BIDANG KETENTERAMAN DAN KETERTIBAN UMUM SERTA PERLINDUNGAN MASYARAKAT",
            "id_sub_skpd": 953,
            "kode_sub_skpd": "1.05.0.00.0.00.02.0000",
            "nama_sub_skpd": "Badan Penanggulangan Bencana Daerah",
            "set_pagu_user": 0,
            "set_pagu_at": null,
            "id_program": 3438,
            "kode_program": "1.05.03",
            "nama_program": "PROGRAM PENANGGULANGAN BENCANA",
            "id_giat": 15698,
            "kode_giat": "1.05.03.2.04",
            "nama_giat": "Penataan Sistem Dasar Penanggulangan Bencana",
            "pagu_giat": 165000000.0,
            "rinci_giat": null,
            "id_sub_giat": 52554,
            "kode_sub_giat": "1.05.03.2.04.0004",
            "nama_sub_giat": "Pengelolaan dan Pemanfaatan Sistem Informasi Kebencanaan",
            "pagu": 10000000.0,
            "pagu_indikatif": 10000000.0,
            "rincian": null,
            "kode_bl": "953.953.3438.15698",
            "kode_sbl": "953.953.3438.15698.52554",
            "kunci_bl": 1,
            "kunci_bl_rinci": 1,
            "user_created": "Rahmad Rizwan, SE",
            "created_date": "25-06-2025",
            "created_time": "21:44",
            "user_updated": "Rahmad Rizwan, SE",
            "updated_date": "25-06-2025",
            "updated_time": "23:37",
            "is_locked": 0
        },
        {
            "id_sub_bl": 77090,
            "id_daerah": 473,
            "tahun": 2026,
            "id_unit": 953,
            "id_skpd": 953,
            "created_user": 1310,
            "kode_skpd": "1.05.0.00.0.00.02.0000",
            "nama_skpd": "Badan Penanggulangan Bencana Daerah",
            "id_urusan": 11,
            "kode_urusan": "1",
            "nama_urusan": "URUSAN PEMERINTAHAN WAJIB YANG BERKAITAN DENGAN PELAYANAN DASAR",
            "id_bidang_urusan": 205,
            "kode_bidang_urusan": "1.05",
            "nama_bidang_urusan": "URUSAN PEMERINTAHAN BIDANG KETENTERAMAN DAN KETERTIBAN UMUM SERTA PERLINDUNGAN MASYARAKAT",
            "id_sub_skpd": 953,
            "kode_sub_skpd": "1.05.0.00.0.00.02.0000",
            "nama_sub_skpd": "Badan Penanggulangan Bencana Daerah",
            "set_pagu_user": 0,
            "set_pagu_at": null,
            "id_program": 3438,
            "kode_program": "1.05.03",
            "nama_program": "PROGRAM PENANGGULANGAN BENCANA",
            "id_giat": 15698,
            "kode_giat": "1.05.03.2.04",
            "nama_giat": "Penataan Sistem Dasar Penanggulangan Bencana",
            "pagu_giat": 165000000.0,
            "rinci_giat": null,
            "id_sub_giat": 52557,
            "kode_sub_giat": "1.05.03.2.04.0008",
            "nama_sub_giat": "Bimbingan Teknis Pasca Bencana Kabupaten/Kota",
            "pagu": 10000000.0,
            "pagu_indikatif": 10000000.0,
            "rincian": null,
            "kode_bl": "953.953.3438.15698",
            "kode_sbl": "953.953.3438.15698.52557",
            "kunci_bl": 1,
            "kunci_bl_rinci": 1,
            "user_created": "Rahmad Rizwan, SE",
            "created_date": "25-06-2025",
            "created_time": "21:46",
            "user_updated": "Rahmad Rizwan, SE",
            "updated_date": "25-06-2025",
            "updated_time": "23:38",
            "is_locked": 0
        },
        {
            "id_sub_bl": 77091,
            "id_daerah": 473,
            "tahun": 2026,
            "id_unit": 953,
            "id_skpd": 953,
            "created_user": 1310,
            "kode_skpd": "1.05.0.00.0.00.02.0000",
            "nama_skpd": "Badan Penanggulangan Bencana Daerah",
            "id_urusan": 11,
            "kode_urusan": "1",
            "nama_urusan": "URUSAN PEMERINTAHAN WAJIB YANG BERKAITAN DENGAN PELAYANAN DASAR",
            "id_bidang_urusan": 205,
            "kode_bidang_urusan": "1.05",
            "nama_bidang_urusan": "URUSAN PEMERINTAHAN BIDANG KETENTERAMAN DAN KETERTIBAN UMUM SERTA PERLINDUNGAN MASYARAKAT",
            "id_sub_skpd": 953,
            "kode_sub_skpd": "1.05.0.00.0.00.02.0000",
            "nama_sub_skpd": "Badan Penanggulangan Bencana Daerah",
            "set_pagu_user": 0,
            "set_pagu_at": null,
            "id_program": 3438,
            "kode_program": "1.05.03",
            "nama_program": "PROGRAM PENANGGULANGAN BENCANA",
            "id_giat": 15698,
            "kode_giat": "1.05.03.2.04",
            "nama_giat": "Penataan Sistem Dasar Penanggulangan Bencana",
            "pagu_giat": 165000000.0,
            "rinci_giat": null,
            "id_sub_giat": 52558,
            "kode_sub_giat": "1.05.03.2.04.0010",
            "nama_sub_giat": "Koordinasi penanganan Pascabencana Kabupaten/Kota",
            "pagu": 10000000.0,
            "pagu_indikatif": 10000000.0,
            "rincian": null,
            "kode_bl": "953.953.3438.15698",
            "kode_sbl": "953.953.3438.15698.52558",
            "kunci_bl": 1,
            "kunci_bl_rinci": 1,
            "user_created": "Rahmad Rizwan, SE",
            "created_date": "25-06-2025",
            "created_time": "21:47",
            "user_updated": "Rahmad Rizwan, SE",
            "updated_date": "25-06-2025",
            "updated_time": "23:39",
            "is_locked": 0
        },
        {
            "id_sub_bl": 61838,
            "id_daerah": 473,
            "tahun": 2026,
            "id_unit": 953,
            "id_skpd": 953,
            "created_user": 1080,
            "kode_skpd": "1.05.0.00.0.00.02.0000",
            "nama_skpd": "Badan Penanggulangan Bencana Daerah",
            "id_urusan": 11,
            "kode_urusan": "1",
            "nama_urusan": "URUSAN PEMERINTAHAN WAJIB YANG BERKAITAN DENGAN PELAYANAN DASAR",
            "id_bidang_urusan": 205,
            "kode_bidang_urusan": "1.05",
            "nama_bidang_urusan": "URUSAN PEMERINTAHAN BIDANG KETENTERAMAN DAN KETERTIBAN UMUM SERTA PERLINDUNGAN MASYARAKAT",
            "id_sub_skpd": 953,
            "kode_sub_skpd": "1.05.0.00.0.00.02.0000",
            "nama_sub_skpd": "Badan Penanggulangan Bencana Daerah",
            "set_pagu_user": 0,
            "set_pagu_at": null,
            "id_program": 3438,
            "kode_program": "1.05.03",
            "nama_program": "PROGRAM PENANGGULANGAN BENCANA",
            "id_giat": 15698,
            "kode_giat": "1.05.03.2.04",
            "nama_giat": "Penataan Sistem Dasar Penanggulangan Bencana",
            "pagu_giat": 165000000.0,
            "rinci_giat": null,
            "id_sub_giat": 52561,
            "kode_sub_giat": "1.05.03.2.04.0014",
            "nama_sub_giat": "Penguatan Kelembagaan Bencana Kabupaten/Kota",
            "pagu": 20000000.0,
            "pagu_indikatif": 20000000.0,
            "rincian": null,
            "kode_bl": "953.953.3438.15698",
            "kode_sbl": "953.953.3438.15698.52561",
            "kunci_bl": 1,
            "kunci_bl_rinci": 1,
            "user_created": "Dra. Evi Fitriani,MM",
            "created_date": "30-01-2025",
            "created_time": "16:17",
            "user_updated": "Rahmad Rizwan, SE",
            "updated_date": "02-07-2025",
            "updated_time": "23:15",
            "is_locked": 0
        },
        {
            "id_sub_bl": 61827,
            "id_daerah": 473,
            "tahun": 2026,
            "id_unit": 953,
            "id_skpd": 953,
            "created_user": 1080,
            "kode_skpd": "1.05.0.00.0.00.02.0000",
            "nama_skpd": "Badan Penanggulangan Bencana Daerah",
            "id_urusan": 11,
            "kode_urusan": "1",
            "nama_urusan": "URUSAN PEMERINTAHAN WAJIB YANG BERKAITAN DENGAN PELAYANAN DASAR",
            "id_bidang_urusan": 205,
            "kode_bidang_urusan": "1.05",
            "nama_bidang_urusan": "URUSAN PEMERINTAHAN BIDANG KETENTERAMAN DAN KETERTIBAN UMUM SERTA PERLINDUNGAN MASYARAKAT",
            "id_sub_skpd": 953,
            "kode_sub_skpd": "1.05.0.00.0.00.02.0000",
            "nama_sub_skpd": "Badan Penanggulangan Bencana Daerah",
            "set_pagu_user": 0,
            "set_pagu_at": null,
            "id_program": 3438,
            "kode_program": "1.05.03",
            "nama_program": "PROGRAM PENANGGULANGAN BENCANA",
            "id_giat": 15698,
            "kode_giat": "1.05.03.2.04",
            "nama_giat": "Penataan Sistem Dasar Penanggulangan Bencana",
            "pagu_giat": 165000000.0,
            "rinci_giat": null,
            "id_sub_giat": 52562,
            "kode_sub_giat": "1.05.03.2.04.0015",
            "nama_sub_giat": "Penyusunan Kajian Kebutuhan Pascabencana (JITUPASNA) dan Rencana Rehabilitasi dan Rekontruksi Pascabencana (R3P) Kab/Kota",
            "pagu": 100000000.0,
            "pagu_indikatif": 100000000.0,
            "rincian": null,
            "kode_bl": "953.953.3438.15698",
            "kode_sbl": "953.953.3438.15698.52562",
            "kunci_bl": 1,
            "kunci_bl_rinci": 1,
            "user_created": "Dra. Evi Fitriani,MM",
            "created_date": "30-01-2025",
            "created_time": "16:04",
            "user_updated": "Rahmad Rizwan, SE",
            "updated_date": "02-07-2025",
            "updated_time": "23:16",
            "is_locked": 0
        },
        {
            "id_sub_bl": 61668,
            "id_daerah": 473,
            "tahun": 2026,
            "id_unit": 953,
            "id_skpd": 953,
            "created_user": 1080,
            "kode_skpd": "1.05.0.00.0.00.02.0000",
            "nama_skpd": "Badan Penanggulangan Bencana Daerah",
            "id_urusan": 11,
            "kode_urusan": "1",
            "nama_urusan": "URUSAN PEMERINTAHAN WAJIB YANG BERKAITAN DENGAN PELAYANAN DASAR",
            "id_bidang_urusan": 205,
            "kode_bidang_urusan": "1.05",
            "nama_bidang_urusan": "URUSAN PEMERINTAHAN BIDANG KETENTERAMAN DAN KETERTIBAN UMUM SERTA PERLINDUNGAN MASYARAKAT",
            "id_sub_skpd": 953,
            "kode_sub_skpd": "1.05.0.00.0.00.02.0000",
            "nama_sub_skpd": "Badan Penanggulangan Bencana Daerah",
            "set_pagu_user": 0,
            "set_pagu_at": null,
            "id_program": 4451,
            "kode_program": "1.05.01",
            "nama_program": "PROGRAM PENUNJANG URUSAN PEMERINTAHAN DAERAH KABUPATEN/KOTA",
            "id_giat": 18371,
            "kode_giat": "1.05.01.2.01",
            "nama_giat": "Perencanaan, Penganggaran, dan Evaluasi Kinerja Perangkat Daerah",
            "pagu_giat": 80000000.0,
            "rinci_giat": null,
            "id_sub_giat": 60589,
            "kode_sub_giat": "1.05.01.2.01.0001",
            "nama_sub_giat": "Penyusunan Dokumen Perencanaan Perangkat Daerah",
            "pagu": 30000000.0,
            "pagu_indikatif": 30000000.0,
            "rincian": null,
            "kode_bl": "953.953.4451.18371",
            "kode_sbl": "953.953.4451.18371.60589",
            "kunci_bl": 1,
            "kunci_bl_rinci": 1,
            "user_created": "Dra. Evi Fitriani,MM",
            "created_date": "30-01-2025",
            "created_time": "14:27",
            "user_updated": "Rahmad Rizwan, SE",
            "updated_date": "02-07-2025",
            "updated_time": "23:21",
            "is_locked": 0
        },
        {
            "id_sub_bl": 61701,
            "id_daerah": 473,
            "tahun": 2026,
            "id_unit": 953,
            "id_skpd": 953,
            "created_user": 1080,
            "kode_skpd": "1.05.0.00.0.00.02.0000",
            "nama_skpd": "Badan Penanggulangan Bencana Daerah",
            "id_urusan": 11,
            "kode_urusan": "1",
            "nama_urusan": "URUSAN PEMERINTAHAN WAJIB YANG BERKAITAN DENGAN PELAYANAN DASAR",
            "id_bidang_urusan": 205,
            "kode_bidang_urusan": "1.05",
            "nama_bidang_urusan": "URUSAN PEMERINTAHAN BIDANG KETENTERAMAN DAN KETERTIBAN UMUM SERTA PERLINDUNGAN MASYARAKAT",
            "id_sub_skpd": 953,
            "kode_sub_skpd": "1.05.0.00.0.00.02.0000",
            "nama_sub_skpd": "Badan Penanggulangan Bencana Daerah",
            "set_pagu_user": 0,
            "set_pagu_at": null,
            "id_program": 4451,
            "kode_program": "1.05.01",
            "nama_program": "PROGRAM PENUNJANG URUSAN PEMERINTAHAN DAERAH KABUPATEN/KOTA",
            "id_giat": 18371,
            "kode_giat": "1.05.01.2.01",
            "nama_giat": "Perencanaan, Penganggaran, dan Evaluasi Kinerja Perangkat Daerah",
            "pagu_giat": 80000000.0,
            "rinci_giat": null,
            "id_sub_giat": 60590,
            "kode_sub_giat": "1.05.01.2.01.0002",
            "nama_sub_giat": "Koordinasi dan Penyusunan Dokumen RKA-SKPD",
            "pagu": 10000000.0,
            "pagu_indikatif": 10000000.0,
            "rincian": null,
            "kode_bl": "953.953.4451.18371",
            "kode_sbl": "953.953.4451.18371.60590",
            "kunci_bl": 1,
            "kunci_bl_rinci": 1,
            "user_created": "Dra. Evi Fitriani,MM",
            "created_date": "30-01-2025",
            "created_time": "14:44",
            "user_updated": "Rahmad Rizwan, SE",
            "updated_date": "02-07-2025",
            "updated_time": "23:22",
            "is_locked": 0
        },
        {
            "id_sub_bl": 61703,
            "id_daerah": 473,
            "tahun": 2026,
            "id_unit": 953,
            "id_skpd": 953,
            "created_user": 1080,
            "kode_skpd": "1.05.0.00.0.00.02.0000",
            "nama_skpd": "Badan Penanggulangan Bencana Daerah",
            "id_urusan": 11,
            "kode_urusan": "1",
            "nama_urusan": "URUSAN PEMERINTAHAN WAJIB YANG BERKAITAN DENGAN PELAYANAN DASAR",
            "id_bidang_urusan": 205,
            "kode_bidang_urusan": "1.05",
            "nama_bidang_urusan": "URUSAN PEMERINTAHAN BIDANG KETENTERAMAN DAN KETERTIBAN UMUM SERTA PERLINDUNGAN MASYARAKAT",
            "id_sub_skpd": 953,
            "kode_sub_skpd": "1.05.0.00.0.00.02.0000",
            "nama_sub_skpd": "Badan Penanggulangan Bencana Daerah",
            "set_pagu_user": 0,
            "set_pagu_at": null,
            "id_program": 4451,
            "kode_program": "1.05.01",
            "nama_program": "PROGRAM PENUNJANG URUSAN PEMERINTAHAN DAERAH KABUPATEN/KOTA",
            "id_giat": 18371,
            "kode_giat": "1.05.01.2.01",
            "nama_giat": "Perencanaan, Penganggaran, dan Evaluasi Kinerja Perangkat Daerah",
            "pagu_giat": 80000000.0,
            "rinci_giat": null,
            "id_sub_giat": 60592,
            "kode_sub_giat": "1.05.01.2.01.0004",
            "nama_sub_giat": "Koordinasi dan Penyusunan DPA-SKPD",
            "pagu": 20000000.0,
            "pagu_indikatif": 20000000.0,
            "rincian": null,
            "kode_bl": "953.953.4451.18371",
            "kode_sbl": "953.953.4451.18371.60592",
            "kunci_bl": 1,
            "kunci_bl_rinci": 1,
            "user_created": "Dra. Evi Fitriani,MM",
            "created_date": "30-01-2025",
            "created_time": "14:45",
            "user_updated": "Rahmad Rizwan, SE",
            "updated_date": "02-07-2025",
            "updated_time": "23:23",
            "is_locked": 0
        },
        {
            "id_sub_bl": 61706,
            "id_daerah": 473,
            "tahun": 2026,
            "id_unit": 953,
            "id_skpd": 953,
            "created_user": 1080,
            "kode_skpd": "1.05.0.00.0.00.02.0000",
            "nama_skpd": "Badan Penanggulangan Bencana Daerah",
            "id_urusan": 11,
            "kode_urusan": "1",
            "nama_urusan": "URUSAN PEMERINTAHAN WAJIB YANG BERKAITAN DENGAN PELAYANAN DASAR",
            "id_bidang_urusan": 205,
            "kode_bidang_urusan": "1.05",
            "nama_bidang_urusan": "URUSAN PEMERINTAHAN BIDANG KETENTERAMAN DAN KETERTIBAN UMUM SERTA PERLINDUNGAN MASYARAKAT",
            "id_sub_skpd": 953,
            "kode_sub_skpd": "1.05.0.00.0.00.02.0000",
            "nama_sub_skpd": "Badan Penanggulangan Bencana Daerah",
            "set_pagu_user": 0,
            "set_pagu_at": null,
            "id_program": 4451,
            "kode_program": "1.05.01",
            "nama_program": "PROGRAM PENUNJANG URUSAN PEMERINTAHAN DAERAH KABUPATEN/KOTA",
            "id_giat": 18371,
            "kode_giat": "1.05.01.2.01",
            "nama_giat": "Perencanaan, Penganggaran, dan Evaluasi Kinerja Perangkat Daerah",
            "pagu_giat": 80000000.0,
            "rinci_giat": null,
            "id_sub_giat": 60594,
            "kode_sub_giat": "1.05.01.2.01.0006",
            "nama_sub_giat": "Koordinasi dan Penyusunan Laporan Capaian Kinerja dan Ikhtisar Realisasi Kinerja SKPD",
            "pagu": 10000000.0,
            "pagu_indikatif": 10000000.0,
            "rincian": null,
            "kode_bl": "953.953.4451.18371",
            "kode_sbl": "953.953.4451.18371.60594",
            "kunci_bl": 1,
            "kunci_bl_rinci": 1,
            "user_created": "Dra. Evi Fitriani,MM",
            "created_date": "30-01-2025",
            "created_time": "14:47",
            "user_updated": "Rahmad Rizwan, SE",
            "updated_date": "02-07-2025",
            "updated_time": "23:25",
            "is_locked": 0
        },
        {
            "id_sub_bl": 61709,
            "id_daerah": 473,
            "tahun": 2026,
            "id_unit": 953,
            "id_skpd": 953,
            "created_user": 1080,
            "kode_skpd": "1.05.0.00.0.00.02.0000",
            "nama_skpd": "Badan Penanggulangan Bencana Daerah",
            "id_urusan": 11,
            "kode_urusan": "1",
            "nama_urusan": "URUSAN PEMERINTAHAN WAJIB YANG BERKAITAN DENGAN PELAYANAN DASAR",
            "id_bidang_urusan": 205,
            "kode_bidang_urusan": "1.05",
            "nama_bidang_urusan": "URUSAN PEMERINTAHAN BIDANG KETENTERAMAN DAN KETERTIBAN UMUM SERTA PERLINDUNGAN MASYARAKAT",
            "id_sub_skpd": 953,
            "kode_sub_skpd": "1.05.0.00.0.00.02.0000",
            "nama_sub_skpd": "Badan Penanggulangan Bencana Daerah",
            "set_pagu_user": 0,
            "set_pagu_at": null,
            "id_program": 4451,
            "kode_program": "1.05.01",
            "nama_program": "PROGRAM PENUNJANG URUSAN PEMERINTAHAN DAERAH KABUPATEN/KOTA",
            "id_giat": 18371,
            "kode_giat": "1.05.01.2.01",
            "nama_giat": "Perencanaan, Penganggaran, dan Evaluasi Kinerja Perangkat Daerah",
            "pagu_giat": 80000000.0,
            "rinci_giat": null,
            "id_sub_giat": 60595,
            "kode_sub_giat": "1.05.01.2.01.0007",
            "nama_sub_giat": "Evaluasi Kinerja Perangkat Daerah",
            "pagu": 10000000.0,
            "pagu_indikatif": 10000000.0,
            "rincian": null,
            "kode_bl": "953.953.4451.18371",
            "kode_sbl": "953.953.4451.18371.60595",
            "kunci_bl": 1,
            "kunci_bl_rinci": 1,
            "user_created": "Dra. Evi Fitriani,MM",
            "created_date": "30-01-2025",
            "created_time": "14:48",
            "user_updated": "Rahmad Rizwan, SE",
            "updated_date": "02-07-2025",
            "updated_time": "23:35",
            "is_locked": 0
        },
        {
            "id_sub_bl": 61775,
            "id_daerah": 473,
            "tahun": 2026,
            "id_unit": 953,
            "id_skpd": 953,
            "created_user": 1080,
            "kode_skpd": "1.05.0.00.0.00.02.0000",
            "nama_skpd": "Badan Penanggulangan Bencana Daerah",
            "id_urusan": 11,
            "kode_urusan": "1",
            "nama_urusan": "URUSAN PEMERINTAHAN WAJIB YANG BERKAITAN DENGAN PELAYANAN DASAR",
            "id_bidang_urusan": 205,
            "kode_bidang_urusan": "1.05",
            "nama_bidang_urusan": "URUSAN PEMERINTAHAN BIDANG KETENTERAMAN DAN KETERTIBAN UMUM SERTA PERLINDUNGAN MASYARAKAT",
            "id_sub_skpd": 953,
            "kode_sub_skpd": "1.05.0.00.0.00.02.0000",
            "nama_sub_skpd": "Badan Penanggulangan Bencana Daerah",
            "set_pagu_user": 0,
            "set_pagu_at": null,
            "id_program": 4451,
            "kode_program": "1.05.01",
            "nama_program": "PROGRAM PENUNJANG URUSAN PEMERINTAHAN DAERAH KABUPATEN/KOTA",
            "id_giat": 18372,
            "kode_giat": "1.05.01.2.02",
            "nama_giat": "Administrasi Keuangan Perangkat Daerah",
            "pagu_giat": 2520832050.0,
            "rinci_giat": null,
            "id_sub_giat": 60602,
            "kode_sub_giat": "1.05.01.2.02.0001",
            "nama_sub_giat": "Penyediaan Gaji dan Tunjangan ASN",
            "pagu": 2450832050.0,
            "pagu_indikatif": 2450832050.0,
            "rincian": null,
            "kode_bl": "953.953.4451.18372",
            "kode_sbl": "953.953.4451.18372.60602",
            "kunci_bl": 1,
            "kunci_bl_rinci": 1,
            "user_created": "Dra. Evi Fitriani,MM",
            "created_date": "30-01-2025",
            "created_time": "15:28",
            "user_updated": "Rahmad Rizwan, SE",
            "updated_date": "02-07-2025",
            "updated_time": "23:37",
            "is_locked": 0
        },
        {
            "id_sub_bl": 61718,
            "id_daerah": 473,
            "tahun": 2026,
            "id_unit": 953,
            "id_skpd": 953,
            "created_user": 1080,
            "kode_skpd": "1.05.0.00.0.00.02.0000",
            "nama_skpd": "Badan Penanggulangan Bencana Daerah",
            "id_urusan": 11,
            "kode_urusan": "1",
            "nama_urusan": "URUSAN PEMERINTAHAN WAJIB YANG BERKAITAN DENGAN PELAYANAN DASAR",
            "id_bidang_urusan": 205,
            "kode_bidang_urusan": "1.05",
            "nama_bidang_urusan": "URUSAN PEMERINTAHAN BIDANG KETENTERAMAN DAN KETERTIBAN UMUM SERTA PERLINDUNGAN MASYARAKAT",
            "id_sub_skpd": 953,
            "kode_sub_skpd": "1.05.0.00.0.00.02.0000",
            "nama_sub_skpd": "Badan Penanggulangan Bencana Daerah",
            "set_pagu_user": 0,
            "set_pagu_at": null,
            "id_program": 4451,
            "kode_program": "1.05.01",
            "nama_program": "PROGRAM PENUNJANG URUSAN PEMERINTAHAN DAERAH KABUPATEN/KOTA",
            "id_giat": 18372,
            "kode_giat": "1.05.01.2.02",
            "nama_giat": "Administrasi Keuangan Perangkat Daerah",
            "pagu_giat": 2520832050.0,
            "rinci_giat": null,
            "id_sub_giat": 60604,
            "kode_sub_giat": "1.05.01.2.02.0003",
            "nama_sub_giat": "Pelaksanaan Penatausahaan dan\r\n\nPengujian/Verifikasi Keuangan SKPD",
            "pagu": 40000000.0,
            "pagu_indikatif": 40000000.0,
            "rincian": null,
            "kode_bl": "953.953.4451.18372",
            "kode_sbl": "953.953.4451.18372.60604",
            "kunci_bl": 1,
            "kunci_bl_rinci": 1,
            "user_created": "Dra. Evi Fitriani,MM",
            "created_date": "30-01-2025",
            "created_time": "14:53",
            "user_updated": "Rahmad Rizwan, SE",
            "updated_date": "02-07-2025",
            "updated_time": "23:38",
            "is_locked": 0
        },
        {
            "id_sub_bl": 61722,
            "id_daerah": 473,
            "tahun": 2026,
            "id_unit": 953,
            "id_skpd": 953,
            "created_user": 1080,
            "kode_skpd": "1.05.0.00.0.00.02.0000",
            "nama_skpd": "Badan Penanggulangan Bencana Daerah",
            "id_urusan": 11,
            "kode_urusan": "1",
            "nama_urusan": "URUSAN PEMERINTAHAN WAJIB YANG BERKAITAN DENGAN PELAYANAN DASAR",
            "id_bidang_urusan": 205,
            "kode_bidang_urusan": "1.05",
            "nama_bidang_urusan": "URUSAN PEMERINTAHAN BIDANG KETENTERAMAN DAN KETERTIBAN UMUM SERTA PERLINDUNGAN MASYARAKAT",
            "id_sub_skpd": 953,
            "kode_sub_skpd": "1.05.0.00.0.00.02.0000",
            "nama_sub_skpd": "Badan Penanggulangan Bencana Daerah",
            "set_pagu_user": 0,
            "set_pagu_at": null,
            "id_program": 4451,
            "kode_program": "1.05.01",
            "nama_program": "PROGRAM PENUNJANG URUSAN PEMERINTAHAN DAERAH KABUPATEN/KOTA",
            "id_giat": 18372,
            "kode_giat": "1.05.01.2.02",
            "nama_giat": "Administrasi Keuangan Perangkat Daerah",
            "pagu_giat": 2520832050.0,
            "rinci_giat": null,
            "id_sub_giat": 60606,
            "kode_sub_giat": "1.05.01.2.02.0005",
            "nama_sub_giat": "Koordinasi dan Penyusunan Laporan Keuangan Akhir Tahun SKPD",
            "pagu": 15000000.0,
            "pagu_indikatif": 15000000.0,
            "rincian": null,
            "kode_bl": "953.953.4451.18372",
            "kode_sbl": "953.953.4451.18372.60606",
            "kunci_bl": 1,
            "kunci_bl_rinci": 1,
            "user_created": "Dra. Evi Fitriani,MM",
            "created_date": "30-01-2025",
            "created_time": "14:56",
            "user_updated": "Rahmad Rizwan, SE",
            "updated_date": "02-07-2025",
            "updated_time": "23:38",
            "is_locked": 0
        },
        {
            "id_sub_bl": 61724,
            "id_daerah": 473,
            "tahun": 2026,
            "id_unit": 953,
            "id_skpd": 953,
            "created_user": 1080,
            "kode_skpd": "1.05.0.00.0.00.02.0000",
            "nama_skpd": "Badan Penanggulangan Bencana Daerah",
            "id_urusan": 11,
            "kode_urusan": "1",
            "nama_urusan": "URUSAN PEMERINTAHAN WAJIB YANG BERKAITAN DENGAN PELAYANAN DASAR",
            "id_bidang_urusan": 205,
            "kode_bidang_urusan": "1.05",
            "nama_bidang_urusan": "URUSAN PEMERINTAHAN BIDANG KETENTERAMAN DAN KETERTIBAN UMUM SERTA PERLINDUNGAN MASYARAKAT",
            "id_sub_skpd": 953,
            "kode_sub_skpd": "1.05.0.00.0.00.02.0000",
            "nama_sub_skpd": "Badan Penanggulangan Bencana Daerah",
            "set_pagu_user": 0,
            "set_pagu_at": null,
            "id_program": 4451,
            "kode_program": "1.05.01",
            "nama_program": "PROGRAM PENUNJANG URUSAN PEMERINTAHAN DAERAH KABUPATEN/KOTA",
            "id_giat": 18372,
            "kode_giat": "1.05.01.2.02",
            "nama_giat": "Administrasi Keuangan Perangkat Daerah",
            "pagu_giat": 2520832050.0,
            "rinci_giat": null,
            "id_sub_giat": 60608,
            "kode_sub_giat": "1.05.01.2.02.0007",
            "nama_sub_giat": "Koordinasi dan Penyusunan Laporan Keuangan Bulanan/ Triwulanan/ Semesteran SKPD",
            "pagu": 15000000.0,
            "pagu_indikatif": 15000000.0,
            "rincian": null,
            "kode_bl": "953.953.4451.18372",
            "kode_sbl": "953.953.4451.18372.60608",
            "kunci_bl": 1,
            "kunci_bl_rinci": 1,
            "user_created": "Dra. Evi Fitriani,MM",
            "created_date": "30-01-2025",
            "created_time": "14:57",
            "user_updated": "Rahmad Rizwan, SE",
            "updated_date": "02-07-2025",
            "updated_time": "23:17",
            "is_locked": 0
        },
        {
            "id_sub_bl": 61729,
            "id_daerah": 473,
            "tahun": 2026,
            "id_unit": 953,
            "id_skpd": 953,
            "created_user": 1080,
            "kode_skpd": "1.05.0.00.0.00.02.0000",
            "nama_skpd": "Badan Penanggulangan Bencana Daerah",
            "id_urusan": 11,
            "kode_urusan": "1",
            "nama_urusan": "URUSAN PEMERINTAHAN WAJIB YANG BERKAITAN DENGAN PELAYANAN DASAR",
            "id_bidang_urusan": 205,
            "kode_bidang_urusan": "1.05",
            "nama_bidang_urusan": "URUSAN PEMERINTAHAN BIDANG KETENTERAMAN DAN KETERTIBAN UMUM SERTA PERLINDUNGAN MASYARAKAT",
            "id_sub_skpd": 953,
            "kode_sub_skpd": "1.05.0.00.0.00.02.0000",
            "nama_sub_skpd": "Badan Penanggulangan Bencana Daerah",
            "set_pagu_user": 0,
            "set_pagu_at": null,
            "id_program": 4451,
            "kode_program": "1.05.01",
            "nama_program": "PROGRAM PENUNJANG URUSAN PEMERINTAHAN DAERAH KABUPATEN/KOTA",
            "id_giat": 18373,
            "kode_giat": "1.05.01.2.03",
            "nama_giat": "Administrasi Barang Milik Daerah pada Perangkat Daerah",
            "pagu_giat": 40000000.0,
            "rinci_giat": null,
            "id_sub_giat": 60615,
            "kode_sub_giat": "1.05.01.2.03.0006",
            "nama_sub_giat": "Penatausahaan Barang Milik Daerah pada SKPD",
            "pagu": 40000000.0,
            "pagu_indikatif": 40000000.0,
            "rincian": null,
            "kode_bl": "953.953.4451.18373",
            "kode_sbl": "953.953.4451.18373.60615",
            "kunci_bl": 1,
            "kunci_bl_rinci": 1,
            "user_created": "Dra. Evi Fitriani,MM",
            "created_date": "30-01-2025",
            "created_time": "14:59",
            "user_updated": "Rahmad Rizwan, SE",
            "updated_date": "02-07-2025",
            "updated_time": "23:14",
            "is_locked": 0
        },
        {
            "id_sub_bl": 77071,
            "id_daerah": 473,
            "tahun": 2026,
            "id_unit": 953,
            "id_skpd": 953,
            "created_user": 1310,
            "kode_skpd": "1.05.0.00.0.00.02.0000",
            "nama_skpd": "Badan Penanggulangan Bencana Daerah",
            "id_urusan": 11,
            "kode_urusan": "1",
            "nama_urusan": "URUSAN PEMERINTAHAN WAJIB YANG BERKAITAN DENGAN PELAYANAN DASAR",
            "id_bidang_urusan": 205,
            "kode_bidang_urusan": "1.05",
            "nama_bidang_urusan": "URUSAN PEMERINTAHAN BIDANG KETENTERAMAN DAN KETERTIBAN UMUM SERTA PERLINDUNGAN MASYARAKAT",
            "id_sub_skpd": 953,
            "kode_sub_skpd": "1.05.0.00.0.00.02.0000",
            "nama_sub_skpd": "Badan Penanggulangan Bencana Daerah",
            "set_pagu_user": 0,
            "set_pagu_at": null,
            "id_program": 4451,
            "kode_program": "1.05.01",
            "nama_program": "PROGRAM PENUNJANG URUSAN PEMERINTAHAN DAERAH KABUPATEN/KOTA",
            "id_giat": 18375,
            "kode_giat": "1.05.01.2.05",
            "nama_giat": "Administrasi Kepegawaian Perangkat Daerah",
            "pagu_giat": 67500000.0,
            "rinci_giat": null,
            "id_sub_giat": 60625,
            "kode_sub_giat": "1.05.01.2.05.0002",
            "nama_sub_giat": "Pengadaan Pakaian Dinas beserta Atribut Kelengkapannya",
            "pagu": 17500000.0,
            "pagu_indikatif": 17500000.0,
            "rincian": null,
            "kode_bl": "953.953.4451.18375",
            "kode_sbl": "953.953.4451.18375.60625",
            "kunci_bl": 1,
            "kunci_bl_rinci": 1,
            "user_created": "Rahmad Rizwan, SE",
            "created_date": "25-06-2025",
            "created_time": "21:27",
            "user_updated": "Rahmad Rizwan, SE",
            "updated_date": "02-07-2025",
            "updated_time": "23:35",
            "is_locked": 0
        },
        {
            "id_sub_bl": 61733,
            "id_daerah": 473,
            "tahun": 2026,
            "id_unit": 953,
            "id_skpd": 953,
            "created_user": 1080,
            "kode_skpd": "1.05.0.00.0.00.02.0000",
            "nama_skpd": "Badan Penanggulangan Bencana Daerah",
            "id_urusan": 11,
            "kode_urusan": "1",
            "nama_urusan": "URUSAN PEMERINTAHAN WAJIB YANG BERKAITAN DENGAN PELAYANAN DASAR",
            "id_bidang_urusan": 205,
            "kode_bidang_urusan": "1.05",
            "nama_bidang_urusan": "URUSAN PEMERINTAHAN BIDANG KETENTERAMAN DAN KETERTIBAN UMUM SERTA PERLINDUNGAN MASYARAKAT",
            "id_sub_skpd": 953,
            "kode_sub_skpd": "1.05.0.00.0.00.02.0000",
            "nama_sub_skpd": "Badan Penanggulangan Bencana Daerah",
            "set_pagu_user": 0,
            "set_pagu_at": null,
            "id_program": 4451,
            "kode_program": "1.05.01",
            "nama_program": "PROGRAM PENUNJANG URUSAN PEMERINTAHAN DAERAH KABUPATEN/KOTA",
            "id_giat": 18375,
            "kode_giat": "1.05.01.2.05",
            "nama_giat": "Administrasi Kepegawaian Perangkat Daerah",
            "pagu_giat": 67500000.0,
            "rinci_giat": null,
            "id_sub_giat": 60632,
            "kode_sub_giat": "1.05.01.2.05.0009",
            "nama_sub_giat": "Pendidikan dan Pelatihan Pegawai Berdasarkan Tugas dan Fungsi",
            "pagu": 20000000.0,
            "pagu_indikatif": 20000000.0,
            "rincian": null,
            "kode_bl": "953.953.4451.18375",
            "kode_sbl": "953.953.4451.18375.60632",
            "kunci_bl": 1,
            "kunci_bl_rinci": 1,
            "user_created": "Dra. Evi Fitriani,MM",
            "created_date": "30-01-2025",
            "created_time": "15:00",
            "user_updated": "Rahmad Rizwan, SE",
            "updated_date": "02-07-2025",
            "updated_time": "23:20",
            "is_locked": 0
        },
        {
            "id_sub_bl": 61740,
            "id_daerah": 473,
            "tahun": 2026,
            "id_unit": 953,
            "id_skpd": 953,
            "created_user": 1080,
            "kode_skpd": "1.05.0.00.0.00.02.0000",
            "nama_skpd": "Badan Penanggulangan Bencana Daerah",
            "id_urusan": 11,
            "kode_urusan": "1",
            "nama_urusan": "URUSAN PEMERINTAHAN WAJIB YANG BERKAITAN DENGAN PELAYANAN DASAR",
            "id_bidang_urusan": 205,
            "kode_bidang_urusan": "1.05",
            "nama_bidang_urusan": "URUSAN PEMERINTAHAN BIDANG KETENTERAMAN DAN KETERTIBAN UMUM SERTA PERLINDUNGAN MASYARAKAT",
            "id_sub_skpd": 953,
            "kode_sub_skpd": "1.05.0.00.0.00.02.0000",
            "nama_sub_skpd": "Badan Penanggulangan Bencana Daerah",
            "set_pagu_user": 0,
            "set_pagu_at": null,
            "id_program": 4451,
            "kode_program": "1.05.01",
            "nama_program": "PROGRAM PENUNJANG URUSAN PEMERINTAHAN DAERAH KABUPATEN/KOTA",
            "id_giat": 18376,
            "kode_giat": "1.05.01.2.06",
            "nama_giat": "Administrasi Umum Perangkat Daerah",
            "pagu_giat": 129000000.0,
            "rinci_giat": null,
            "id_sub_giat": 60635,
            "kode_sub_giat": "1.05.01.2.06.0001",
            "nama_sub_giat": "Penyediaan Komponen Instalasi\r\n\nListrik/Penerangan Bangunan Kantor",
            "pagu": 7000000.0,
            "pagu_indikatif": 7000000.0,
            "rincian": null,
            "kode_bl": "953.953.4451.18376",
            "kode_sbl": "953.953.4451.18376.60635",
            "kunci_bl": 1,
            "kunci_bl_rinci": 1,
            "user_created": "Dra. Evi Fitriani,MM",
            "created_date": "30-01-2025",
            "created_time": "15:04",
            "user_updated": "Rahmad Rizwan, SE",
            "updated_date": "02-07-2025",
            "updated_time": "23:40",
            "is_locked": 0
        },
        {
            "id_sub_bl": 61743,
            "id_daerah": 473,
            "tahun": 2026,
            "id_unit": 953,
            "id_skpd": 953,
            "created_user": 1080,
            "kode_skpd": "1.05.0.00.0.00.02.0000",
            "nama_skpd": "Badan Penanggulangan Bencana Daerah",
            "id_urusan": 11,
            "kode_urusan": "1",
            "nama_urusan": "URUSAN PEMERINTAHAN WAJIB YANG BERKAITAN DENGAN PELAYANAN DASAR",
            "id_bidang_urusan": 205,
            "kode_bidang_urusan": "1.05",
            "nama_bidang_urusan": "URUSAN PEMERINTAHAN BIDANG KETENTERAMAN DAN KETERTIBAN UMUM SERTA PERLINDUNGAN MASYARAKAT",
            "id_sub_skpd": 953,
            "kode_sub_skpd": "1.05.0.00.0.00.02.0000",
            "nama_sub_skpd": "Badan Penanggulangan Bencana Daerah",
            "set_pagu_user": 0,
            "set_pagu_at": null,
            "id_program": 4451,
            "kode_program": "1.05.01",
            "nama_program": "PROGRAM PENUNJANG URUSAN PEMERINTAHAN DAERAH KABUPATEN/KOTA",
            "id_giat": 18376,
            "kode_giat": "1.05.01.2.06",
            "nama_giat": "Administrasi Umum Perangkat Daerah",
            "pagu_giat": 129000000.0,
            "rinci_giat": null,
            "id_sub_giat": 60636,
            "kode_sub_giat": "1.05.01.2.06.0002",
            "nama_sub_giat": "Penyediaan Peralatan dan Perlengkapan Kantor",
            "pagu": 10000000.0,
            "pagu_indikatif": 10000000.0,
            "rincian": null,
            "kode_bl": "953.953.4451.18376",
            "kode_sbl": "953.953.4451.18376.60636",
            "kunci_bl": 1,
            "kunci_bl_rinci": 1,
            "user_created": "Dra. Evi Fitriani,MM",
            "created_date": "30-01-2025",
            "created_time": "15:05",
            "user_updated": "Rahmad Rizwan, SE",
            "updated_date": "02-07-2025",
            "updated_time": "23:42",
            "is_locked": 0
        },
        {
            "id_sub_bl": 61747,
            "id_daerah": 473,
            "tahun": 2026,
            "id_unit": 953,
            "id_skpd": 953,
            "created_user": 1080,
            "kode_skpd": "1.05.0.00.0.00.02.0000",
            "nama_skpd": "Badan Penanggulangan Bencana Daerah",
            "id_urusan": 11,
            "kode_urusan": "1",
            "nama_urusan": "URUSAN PEMERINTAHAN WAJIB YANG BERKAITAN DENGAN PELAYANAN DASAR",
            "id_bidang_urusan": 205,
            "kode_bidang_urusan": "1.05",
            "nama_bidang_urusan": "URUSAN PEMERINTAHAN BIDANG KETENTERAMAN DAN KETERTIBAN UMUM SERTA PERLINDUNGAN MASYARAKAT",
            "id_sub_skpd": 953,
            "kode_sub_skpd": "1.05.0.00.0.00.02.0000",
            "nama_sub_skpd": "Badan Penanggulangan Bencana Daerah",
            "set_pagu_user": 0,
            "set_pagu_at": null,
            "id_program": 4451,
            "kode_program": "1.05.01",
            "nama_program": "PROGRAM PENUNJANG URUSAN PEMERINTAHAN DAERAH KABUPATEN/KOTA",
            "id_giat": 18376,
            "kode_giat": "1.05.01.2.06",
            "nama_giat": "Administrasi Umum Perangkat Daerah",
            "pagu_giat": 129000000.0,
            "rinci_giat": null,
            "id_sub_giat": 60637,
            "kode_sub_giat": "1.05.01.2.06.0003",
            "nama_sub_giat": "Penyediaan Peralatan Rumah Tangga",
            "pagu": 7000000.0,
            "pagu_indikatif": 7000000.0,
            "rincian": null,
            "kode_bl": "953.953.4451.18376",
            "kode_sbl": "953.953.4451.18376.60637",
            "kunci_bl": 1,
            "kunci_bl_rinci": 1,
            "user_created": "Dra. Evi Fitriani,MM",
            "created_date": "30-01-2025",
            "created_time": "15:07",
            "user_updated": "Rahmad Rizwan, SE",
            "updated_date": "02-07-2025",
            "updated_time": "23:48",
            "is_locked": 0
        },
        {
            "id_sub_bl": 61751,
            "id_daerah": 473,
            "tahun": 2026,
            "id_unit": 953,
            "id_skpd": 953,
            "created_user": 1080,
            "kode_skpd": "1.05.0.00.0.00.02.0000",
            "nama_skpd": "Badan Penanggulangan Bencana Daerah",
            "id_urusan": 11,
            "kode_urusan": "1",
            "nama_urusan": "URUSAN PEMERINTAHAN WAJIB YANG BERKAITAN DENGAN PELAYANAN DASAR",
            "id_bidang_urusan": 205,
            "kode_bidang_urusan": "1.05",
            "nama_bidang_urusan": "URUSAN PEMERINTAHAN BIDANG KETENTERAMAN DAN KETERTIBAN UMUM SERTA PERLINDUNGAN MASYARAKAT",
            "id_sub_skpd": 953,
            "kode_sub_skpd": "1.05.0.00.0.00.02.0000",
            "nama_sub_skpd": "Badan Penanggulangan Bencana Daerah",
            "set_pagu_user": 0,
            "set_pagu_at": null,
            "id_program": 4451,
            "kode_program": "1.05.01",
            "nama_program": "PROGRAM PENUNJANG URUSAN PEMERINTAHAN DAERAH KABUPATEN/KOTA",
            "id_giat": 18376,
            "kode_giat": "1.05.01.2.06",
            "nama_giat": "Administrasi Umum Perangkat Daerah",
            "pagu_giat": 129000000.0,
            "rinci_giat": null,
            "id_sub_giat": 60638,
            "kode_sub_giat": "1.05.01.2.06.0004",
            "nama_sub_giat": "Penyediaan Bahan Logistik Kantor",
            "pagu": 20000000.0,
            "pagu_indikatif": 20000000.0,
            "rincian": null,
            "kode_bl": "953.953.4451.18376",
            "kode_sbl": "953.953.4451.18376.60638",
            "kunci_bl": 1,
            "kunci_bl_rinci": 1,
            "user_created": "Dra. Evi Fitriani,MM",
            "created_date": "30-01-2025",
            "created_time": "15:09",
            "user_updated": "Rahmad Rizwan, SE",
            "updated_date": "02-07-2025",
            "updated_time": "23:51",
            "is_locked": 0
        },
        {
            "id_sub_bl": 61756,
            "id_daerah": 473,
            "tahun": 2026,
            "id_unit": 953,
            "id_skpd": 953,
            "created_user": 1080,
            "kode_skpd": "1.05.0.00.0.00.02.0000",
            "nama_skpd": "Badan Penanggulangan Bencana Daerah",
            "id_urusan": 11,
            "kode_urusan": "1",
            "nama_urusan": "URUSAN PEMERINTAHAN WAJIB YANG BERKAITAN DENGAN PELAYANAN DASAR",
            "id_bidang_urusan": 205,
            "kode_bidang_urusan": "1.05",
            "nama_bidang_urusan": "URUSAN PEMERINTAHAN BIDANG KETENTERAMAN DAN KETERTIBAN UMUM SERTA PERLINDUNGAN MASYARAKAT",
            "id_sub_skpd": 953,
            "kode_sub_skpd": "1.05.0.00.0.00.02.0000",
            "nama_sub_skpd": "Badan Penanggulangan Bencana Daerah",
            "set_pagu_user": 0,
            "set_pagu_at": null,
            "id_program": 4451,
            "kode_program": "1.05.01",
            "nama_program": "PROGRAM PENUNJANG URUSAN PEMERINTAHAN DAERAH KABUPATEN/KOTA",
            "id_giat": 18376,
            "kode_giat": "1.05.01.2.06",
            "nama_giat": "Administrasi Umum Perangkat Daerah",
            "pagu_giat": 129000000.0,
            "rinci_giat": null,
            "id_sub_giat": 60639,
            "kode_sub_giat": "1.05.01.2.06.0005",
            "nama_sub_giat": "Penyediaan Barang Cetakan dan Penggandaan",
            "pagu": 20000000.0,
            "pagu_indikatif": 20000000.0,
            "rincian": null,
            "kode_bl": "953.953.4451.18376",
            "kode_sbl": "953.953.4451.18376.60639",
            "kunci_bl": 1,
            "kunci_bl_rinci": 1,
            "user_created": "Dra. Evi Fitriani,MM",
            "created_date": "30-01-2025",
            "created_time": "15:12",
            "user_updated": "Rahmad Rizwan, SE",
            "updated_date": "02-07-2025",
            "updated_time": "23:50",
            "is_locked": 0
        },
        {
            "id_sub_bl": 61755,
            "id_daerah": 473,
            "tahun": 2026,
            "id_unit": 953,
            "id_skpd": 953,
            "created_user": 1080,
            "kode_skpd": "1.05.0.00.0.00.02.0000",
            "nama_skpd": "Badan Penanggulangan Bencana Daerah",
            "id_urusan": 11,
            "kode_urusan": "1",
            "nama_urusan": "URUSAN PEMERINTAHAN WAJIB YANG BERKAITAN DENGAN PELAYANAN DASAR",
            "id_bidang_urusan": 205,
            "kode_bidang_urusan": "1.05",
            "nama_bidang_urusan": "URUSAN PEMERINTAHAN BIDANG KETENTERAMAN DAN KETERTIBAN UMUM SERTA PERLINDUNGAN MASYARAKAT",
            "id_sub_skpd": 953,
            "kode_sub_skpd": "1.05.0.00.0.00.02.0000",
            "nama_sub_skpd": "Badan Penanggulangan Bencana Daerah",
            "set_pagu_user": 0,
            "set_pagu_at": null,
            "id_program": 4451,
            "kode_program": "1.05.01",
            "nama_program": "PROGRAM PENUNJANG URUSAN PEMERINTAHAN DAERAH KABUPATEN/KOTA",
            "id_giat": 18376,
            "kode_giat": "1.05.01.2.06",
            "nama_giat": "Administrasi Umum Perangkat Daerah",
            "pagu_giat": 129000000.0,
            "rinci_giat": null,
            "id_sub_giat": 60641,
            "kode_sub_giat": "1.05.01.2.06.0007",
            "nama_sub_giat": "Penyediaan Bahan/Material",
            "pagu": 15000000.0,
            "pagu_indikatif": 15000000.0,
            "rincian": null,
            "kode_bl": "953.953.4451.18376",
            "kode_sbl": "953.953.4451.18376.60641",
            "kunci_bl": 1,
            "kunci_bl_rinci": 1,
            "user_created": "Dra. Evi Fitriani,MM",
            "created_date": "30-01-2025",
            "created_time": "15:11",
            "user_updated": "Rahmad Rizwan, SE",
            "updated_date": "02-07-2025",
            "updated_time": "23:50",
            "is_locked": 0
        },
        {
            "id_sub_bl": 61759,
            "id_daerah": 473,
            "tahun": 2026,
            "id_unit": 953,
            "id_skpd": 953,
            "created_user": 1080,
            "kode_skpd": "1.05.0.00.0.00.02.0000",
            "nama_skpd": "Badan Penanggulangan Bencana Daerah",
            "id_urusan": 11,
            "kode_urusan": "1",
            "nama_urusan": "URUSAN PEMERINTAHAN WAJIB YANG BERKAITAN DENGAN PELAYANAN DASAR",
            "id_bidang_urusan": 205,
            "kode_bidang_urusan": "1.05",
            "nama_bidang_urusan": "URUSAN PEMERINTAHAN BIDANG KETENTERAMAN DAN KETERTIBAN UMUM SERTA PERLINDUNGAN MASYARAKAT",
            "id_sub_skpd": 953,
            "kode_sub_skpd": "1.05.0.00.0.00.02.0000",
            "nama_sub_skpd": "Badan Penanggulangan Bencana Daerah",
            "set_pagu_user": 0,
            "set_pagu_at": null,
            "id_program": 4451,
            "kode_program": "1.05.01",
            "nama_program": "PROGRAM PENUNJANG URUSAN PEMERINTAHAN DAERAH KABUPATEN/KOTA",
            "id_giat": 18376,
            "kode_giat": "1.05.01.2.06",
            "nama_giat": "Administrasi Umum Perangkat Daerah",
            "pagu_giat": 129000000.0,
            "rinci_giat": null,
            "id_sub_giat": 60643,
            "kode_sub_giat": "1.05.01.2.06.0009",
            "nama_sub_giat": "Penyelenggaraan Rapat Koordinasi dan Konsultasi SKPD",
            "pagu": 50000000.0,
            "pagu_indikatif": 50000000.0,
            "rincian": null,
            "kode_bl": "953.953.4451.18376",
            "kode_sbl": "953.953.4451.18376.60643",
            "kunci_bl": 1,
            "kunci_bl_rinci": 1,
            "user_created": "Dra. Evi Fitriani,MM",
            "created_date": "30-01-2025",
            "created_time": "15:14",
            "user_updated": "Rahmad Rizwan, SE",
            "updated_date": "02-07-2025",
            "updated_time": "23:49",
            "is_locked": 0
        },
        {
            "id_sub_bl": 77068,
            "id_daerah": 473,
            "tahun": 2026,
            "id_unit": 953,
            "id_skpd": 953,
            "created_user": 1310,
            "kode_skpd": "1.05.0.00.0.00.02.0000",
            "nama_skpd": "Badan Penanggulangan Bencana Daerah",
            "id_urusan": 11,
            "kode_urusan": "1",
            "nama_urusan": "URUSAN PEMERINTAHAN WAJIB YANG BERKAITAN DENGAN PELAYANAN DASAR",
            "id_bidang_urusan": 205,
            "kode_bidang_urusan": "1.05",
            "nama_bidang_urusan": "URUSAN PEMERINTAHAN BIDANG KETENTERAMAN DAN KETERTIBAN UMUM SERTA PERLINDUNGAN MASYARAKAT",
            "id_sub_skpd": 953,
            "kode_sub_skpd": "1.05.0.00.0.00.02.0000",
            "nama_sub_skpd": "Badan Penanggulangan Bencana Daerah",
            "set_pagu_user": 0,
            "set_pagu_at": null,
            "id_program": 4451,
            "kode_program": "1.05.01",
            "nama_program": "PROGRAM PENUNJANG URUSAN PEMERINTAHAN DAERAH KABUPATEN/KOTA",
            "id_giat": 18377,
            "kode_giat": "1.05.01.2.07",
            "nama_giat": "Pengadaan Barang Milik Daerah Penunjang Urusan Pemerintah Daerah",
            "pagu_giat": 76000000.0,
            "rinci_giat": null,
            "id_sub_giat": 60646,
            "kode_sub_giat": "1.05.01.2.07.0001",
            "nama_sub_giat": "Pengadaan Kendaraan Perorangan Dinas atau Kendaraan Dinas Jabatan",
            "pagu": 36000000.0,
            "pagu_indikatif": 36000000.0,
            "rincian": null,
            "kode_bl": "953.953.4451.18377",
            "kode_sbl": "953.953.4451.18377.60646",
            "kunci_bl": 1,
            "kunci_bl_rinci": 1,
            "user_created": "Rahmad Rizwan, SE",
            "created_date": "25-06-2025",
            "created_time": "21:24",
            "user_updated": "Rahmad Rizwan, SE",
            "updated_date": "02-07-2025",
            "updated_time": "23:32",
            "is_locked": 0
        },
        {
            "id_sub_bl": 61782,
            "id_daerah": 473,
            "tahun": 2026,
            "id_unit": 953,
            "id_skpd": 953,
            "created_user": 1080,
            "kode_skpd": "1.05.0.00.0.00.02.0000",
            "nama_skpd": "Badan Penanggulangan Bencana Daerah",
            "id_urusan": 11,
            "kode_urusan": "1",
            "nama_urusan": "URUSAN PEMERINTAHAN WAJIB YANG BERKAITAN DENGAN PELAYANAN DASAR",
            "id_bidang_urusan": 205,
            "kode_bidang_urusan": "1.05",
            "nama_bidang_urusan": "URUSAN PEMERINTAHAN BIDANG KETENTERAMAN DAN KETERTIBAN UMUM SERTA PERLINDUNGAN MASYARAKAT",
            "id_sub_skpd": 953,
            "kode_sub_skpd": "1.05.0.00.0.00.02.0000",
            "nama_sub_skpd": "Badan Penanggulangan Bencana Daerah",
            "set_pagu_user": 0,
            "set_pagu_at": null,
            "id_program": 4451,
            "kode_program": "1.05.01",
            "nama_program": "PROGRAM PENUNJANG URUSAN PEMERINTAHAN DAERAH KABUPATEN/KOTA",
            "id_giat": 18377,
            "kode_giat": "1.05.01.2.07",
            "nama_giat": "Pengadaan Barang Milik Daerah Penunjang Urusan Pemerintah Daerah",
            "pagu_giat": 76000000.0,
            "rinci_giat": null,
            "id_sub_giat": 60651,
            "kode_sub_giat": "1.05.01.2.07.0006",
            "nama_sub_giat": "Pengadaan Peralatan dan Mesin Lainnya",
            "pagu": 30000000.0,
            "pagu_indikatif": 30000000.0,
            "rincian": null,
            "kode_bl": "953.953.4451.18377",
            "kode_sbl": "953.953.4451.18377.60651",
            "kunci_bl": 1,
            "kunci_bl_rinci": 1,
            "user_created": "Dra. Evi Fitriani,MM",
            "created_date": "30-01-2025",
            "created_time": "15:31",
            "user_updated": "Rahmad Rizwan, SE",
            "updated_date": "02-07-2025",
            "updated_time": "23:34",
            "is_locked": 0
        },
        {
            "id_sub_bl": 61785,
            "id_daerah": 473,
            "tahun": 2026,
            "id_unit": 953,
            "id_skpd": 953,
            "created_user": 1080,
            "kode_skpd": "1.05.0.00.0.00.02.0000",
            "nama_skpd": "Badan Penanggulangan Bencana Daerah",
            "id_urusan": 11,
            "kode_urusan": "1",
            "nama_urusan": "URUSAN PEMERINTAHAN WAJIB YANG BERKAITAN DENGAN PELAYANAN DASAR",
            "id_bidang_urusan": 205,
            "kode_bidang_urusan": "1.05",
            "nama_bidang_urusan": "URUSAN PEMERINTAHAN BIDANG KETENTERAMAN DAN KETERTIBAN UMUM SERTA PERLINDUNGAN MASYARAKAT",
            "id_sub_skpd": 953,
            "kode_sub_skpd": "1.05.0.00.0.00.02.0000",
            "nama_sub_skpd": "Badan Penanggulangan Bencana Daerah",
            "set_pagu_user": 0,
            "set_pagu_at": null,
            "id_program": 4451,
            "kode_program": "1.05.01",
            "nama_program": "PROGRAM PENUNJANG URUSAN PEMERINTAHAN DAERAH KABUPATEN/KOTA",
            "id_giat": 18377,
            "kode_giat": "1.05.01.2.07",
            "nama_giat": "Pengadaan Barang Milik Daerah Penunjang Urusan Pemerintah Daerah",
            "pagu_giat": 76000000.0,
            "rinci_giat": null,
            "id_sub_giat": 60656,
            "kode_sub_giat": "1.05.01.2.07.0011",
            "nama_sub_giat": "Pengadaan Sarana dan Prasarana Pendukung Gedung Kantor atau Bangunan Lainnya",
            "pagu": 10000000.0,
            "pagu_indikatif": 10000000.0,
            "rincian": null,
            "kode_bl": "953.953.4451.18377",
            "kode_sbl": "953.953.4451.18377.60656",
            "kunci_bl": 1,
            "kunci_bl_rinci": 1,
            "user_created": "Dra. Evi Fitriani,MM",
            "created_date": "30-01-2025",
            "created_time": "15:33",
            "user_updated": "Rahmad Rizwan, SE",
            "updated_date": "02-07-2025",
            "updated_time": "23:31",
            "is_locked": 0
        },
        {
            "id_sub_bl": 61788,
            "id_daerah": 473,
            "tahun": 2026,
            "id_unit": 953,
            "id_skpd": 953,
            "created_user": 1080,
            "kode_skpd": "1.05.0.00.0.00.02.0000",
            "nama_skpd": "Badan Penanggulangan Bencana Daerah",
            "id_urusan": 11,
            "kode_urusan": "1",
            "nama_urusan": "URUSAN PEMERINTAHAN WAJIB YANG BERKAITAN DENGAN PELAYANAN DASAR",
            "id_bidang_urusan": 205,
            "kode_bidang_urusan": "1.05",
            "nama_bidang_urusan": "URUSAN PEMERINTAHAN BIDANG KETENTERAMAN DAN KETERTIBAN UMUM SERTA PERLINDUNGAN MASYARAKAT",
            "id_sub_skpd": 953,
            "kode_sub_skpd": "1.05.0.00.0.00.02.0000",
            "nama_sub_skpd": "Badan Penanggulangan Bencana Daerah",
            "set_pagu_user": 0,
            "set_pagu_at": null,
            "id_program": 4451,
            "kode_program": "1.05.01",
            "nama_program": "PROGRAM PENUNJANG URUSAN PEMERINTAHAN DAERAH KABUPATEN/KOTA",
            "id_giat": 18378,
            "kode_giat": "1.05.01.2.08",
            "nama_giat": "Penyediaan Jasa Penunjang Urusan Pemerintahan Daerah",
            "pagu_giat": 204207150.0,
            "rinci_giat": null,
            "id_sub_giat": 60658,
            "kode_sub_giat": "1.05.01.2.08.0002",
            "nama_sub_giat": "Penyediaan Jasa Komunikasi, Sumber Daya Air dan Listrik",
            "pagu": 23887150.0,
            "pagu_indikatif": 23887150.0,
            "rincian": null,
            "kode_bl": "953.953.4451.18378",
            "kode_sbl": "953.953.4451.18378.60658",
            "kunci_bl": 1,
            "kunci_bl_rinci": 1,
            "user_created": "Dra. Evi Fitriani,MM",
            "created_date": "30-01-2025",
            "created_time": "15:36",
            "user_updated": "Rahmad Rizwan, SE",
            "updated_date": "02-07-2025",
            "updated_time": "23:30",
            "is_locked": 0
        },
        {
            "id_sub_bl": 61799,
            "id_daerah": 473,
            "tahun": 2026,
            "id_unit": 953,
            "id_skpd": 953,
            "created_user": 1080,
            "kode_skpd": "1.05.0.00.0.00.02.0000",
            "nama_skpd": "Badan Penanggulangan Bencana Daerah",
            "id_urusan": 11,
            "kode_urusan": "1",
            "nama_urusan": "URUSAN PEMERINTAHAN WAJIB YANG BERKAITAN DENGAN PELAYANAN DASAR",
            "id_bidang_urusan": 205,
            "kode_bidang_urusan": "1.05",
            "nama_bidang_urusan": "URUSAN PEMERINTAHAN BIDANG KETENTERAMAN DAN KETERTIBAN UMUM SERTA PERLINDUNGAN MASYARAKAT",
            "id_sub_skpd": 953,
            "kode_sub_skpd": "1.05.0.00.0.00.02.0000",
            "nama_sub_skpd": "Badan Penanggulangan Bencana Daerah",
            "set_pagu_user": 0,
            "set_pagu_at": null,
            "id_program": 4451,
            "kode_program": "1.05.01",
            "nama_program": "PROGRAM PENUNJANG URUSAN PEMERINTAHAN DAERAH KABUPATEN/KOTA",
            "id_giat": 18378,
            "kode_giat": "1.05.01.2.08",
            "nama_giat": "Penyediaan Jasa Penunjang Urusan Pemerintahan Daerah",
            "pagu_giat": 204207150.0,
            "rinci_giat": null,
            "id_sub_giat": 60660,
            "kode_sub_giat": "1.05.01.2.08.0004",
            "nama_sub_giat": "Penyediaan Jasa Pelayanan Umum Kantor",
            "pagu": 180320000.0,
            "pagu_indikatif": 180320000.0,
            "rincian": null,
            "kode_bl": "953.953.4451.18378",
            "kode_sbl": "953.953.4451.18378.60660",
            "kunci_bl": 1,
            "kunci_bl_rinci": 1,
            "user_created": "Dra. Evi Fitriani,MM",
            "created_date": "30-01-2025",
            "created_time": "15:43",
            "user_updated": "Rahmad Rizwan, SE",
            "updated_date": "02-07-2025",
            "updated_time": "23:29",
            "is_locked": 0
        },
        {
            "id_sub_bl": 61801,
            "id_daerah": 473,
            "tahun": 2026,
            "id_unit": 953,
            "id_skpd": 953,
            "created_user": 1080,
            "kode_skpd": "1.05.0.00.0.00.02.0000",
            "nama_skpd": "Badan Penanggulangan Bencana Daerah",
            "id_urusan": 11,
            "kode_urusan": "1",
            "nama_urusan": "URUSAN PEMERINTAHAN WAJIB YANG BERKAITAN DENGAN PELAYANAN DASAR",
            "id_bidang_urusan": 205,
            "kode_bidang_urusan": "1.05",
            "nama_bidang_urusan": "URUSAN PEMERINTAHAN BIDANG KETENTERAMAN DAN KETERTIBAN UMUM SERTA PERLINDUNGAN MASYARAKAT",
            "id_sub_skpd": 953,
            "kode_sub_skpd": "1.05.0.00.0.00.02.0000",
            "nama_sub_skpd": "Badan Penanggulangan Bencana Daerah",
            "set_pagu_user": 0,
            "set_pagu_at": null,
            "id_program": 4451,
            "kode_program": "1.05.01",
            "nama_program": "PROGRAM PENUNJANG URUSAN PEMERINTAHAN DAERAH KABUPATEN/KOTA",
            "id_giat": 18379,
            "kode_giat": "1.05.01.2.09",
            "nama_giat": "Pemeliharaan Barang Milik Daerah Penunjang Urusan Pemerintahan Daerah",
            "pagu_giat": 74000000.0,
            "rinci_giat": null,
            "id_sub_giat": 60662,
            "kode_sub_giat": "1.05.01.2.09.0002",
            "nama_sub_giat": "Penyediaan Jasa Pemeliharaan, Biaya Pemeliharaan, Pajak dan Perizinan Kendaraan Dinas Operasional atau Lapangan",
            "pagu": 59000000.0,
            "pagu_indikatif": 59000000.0,
            "rincian": null,
            "kode_bl": "953.953.4451.18379",
            "kode_sbl": "953.953.4451.18379.60662",
            "kunci_bl": 1,
            "kunci_bl_rinci": 1,
            "user_created": "Dra. Evi Fitriani,MM",
            "created_date": "30-01-2025",
            "created_time": "15:45",
            "user_updated": "Rahmad Rizwan, SE",
            "updated_date": "02-07-2025",
            "updated_time": "23:27",
            "is_locked": 0
        },
        {
            "id_sub_bl": 77075,
            "id_daerah": 473,
            "tahun": 2026,
            "id_unit": 953,
            "id_skpd": 953,
            "created_user": 1310,
            "kode_skpd": "1.05.0.00.0.00.02.0000",
            "nama_skpd": "Badan Penanggulangan Bencana Daerah",
            "id_urusan": 11,
            "kode_urusan": "1",
            "nama_urusan": "URUSAN PEMERINTAHAN WAJIB YANG BERKAITAN DENGAN PELAYANAN DASAR",
            "id_bidang_urusan": 205,
            "kode_bidang_urusan": "1.05",
            "nama_bidang_urusan": "URUSAN PEMERINTAHAN BIDANG KETENTERAMAN DAN KETERTIBAN UMUM SERTA PERLINDUNGAN MASYARAKAT",
            "id_sub_skpd": 953,
            "kode_sub_skpd": "1.05.0.00.0.00.02.0000",
            "nama_sub_skpd": "Badan Penanggulangan Bencana Daerah",
            "set_pagu_user": 0,
            "set_pagu_at": null,
            "id_program": 4451,
            "kode_program": "1.05.01",
            "nama_program": "PROGRAM PENUNJANG URUSAN PEMERINTAHAN DAERAH KABUPATEN/KOTA",
            "id_giat": 18379,
            "kode_giat": "1.05.01.2.09",
            "nama_giat": "Pemeliharaan Barang Milik Daerah Penunjang Urusan Pemerintahan Daerah",
            "pagu_giat": 74000000.0,
            "rinci_giat": null,
            "id_sub_giat": 60666,
            "kode_sub_giat": "1.05.01.2.09.0006",
            "nama_sub_giat": "Pemeliharaan Peralatan dan Mesin Lainnya",
            "pagu": 5000000.0,
            "pagu_indikatif": 5000000.0,
            "rincian": null,
            "kode_bl": "953.953.4451.18379",
            "kode_sbl": "953.953.4451.18379.60666",
            "kunci_bl": 1,
            "kunci_bl_rinci": 1,
            "user_created": "Rahmad Rizwan, SE",
            "created_date": "25-06-2025",
            "created_time": "21:30",
            "user_updated": "Rahmad Rizwan, SE",
            "updated_date": "25-06-2025",
            "updated_time": "23:54",
            "is_locked": 0
        },
        {
            "id_sub_bl": 61804,
            "id_daerah": 473,
            "tahun": 2026,
            "id_unit": 953,
            "id_skpd": 953,
            "created_user": 1080,
            "kode_skpd": "1.05.0.00.0.00.02.0000",
            "nama_skpd": "Badan Penanggulangan Bencana Daerah",
            "id_urusan": 11,
            "kode_urusan": "1",
            "nama_urusan": "URUSAN PEMERINTAHAN WAJIB YANG BERKAITAN DENGAN PELAYANAN DASAR",
            "id_bidang_urusan": 205,
            "kode_bidang_urusan": "1.05",
            "nama_bidang_urusan": "URUSAN PEMERINTAHAN BIDANG KETENTERAMAN DAN KETERTIBAN UMUM SERTA PERLINDUNGAN MASYARAKAT",
            "id_sub_skpd": 953,
            "kode_sub_skpd": "1.05.0.00.0.00.02.0000",
            "nama_sub_skpd": "Badan Penanggulangan Bencana Daerah",
            "set_pagu_user": 0,
            "set_pagu_at": null,
            "id_program": 4451,
            "kode_program": "1.05.01",
            "nama_program": "PROGRAM PENUNJANG URUSAN PEMERINTAHAN DAERAH KABUPATEN/KOTA",
            "id_giat": 18379,
            "kode_giat": "1.05.01.2.09",
            "nama_giat": "Pemeliharaan Barang Milik Daerah Penunjang Urusan Pemerintahan Daerah",
            "pagu_giat": 74000000.0,
            "rinci_giat": null,
            "id_sub_giat": 60669,
            "kode_sub_giat": "1.05.01.2.09.0009",
            "nama_sub_giat": "Pemeliharaan/Rehabilitasi Gedung Kantor dan Bangunan Lainnya",
            "pagu": 10000000.0,
            "pagu_indikatif": 10000000.0,
            "rincian": null,
            "kode_bl": "953.953.4451.18379",
            "kode_sbl": "953.953.4451.18379.60669",
            "kunci_bl": 1,
            "kunci_bl_rinci": 1,
            "user_created": "Dra. Evi Fitriani,MM",
            "created_date": "30-01-2025",
            "created_time": "15:47",
            "user_updated": "Rahmad Rizwan, SE",
            "updated_date": "02-07-2025",
            "updated_time": "23:27",
            "is_locked": 0
        }
    ]