[
        {
            "id_sub_bl": 61484,
            "id_daerah": 473,
            "tahun": 2026,
            "id_unit": 669,
            "id_skpd": 669,
            "created_user": 2342,
            "kode_skpd": "2.07.3.32.0.00.01.0000",
            "nama_skpd": "Dinas Ketenagakerjaan dan Transmigrasi",
            "id_urusan": 12,
            "kode_urusan": "2",
            "nama_urusan": "URUSAN PEMERINTAHAN WAJIB YANG TIDAK BERKAITAN DENGAN PELAYANAN DASAR",
            "id_bidang_urusan": 207,
            "kode_bidang_urusan": "2.07",
            "nama_bidang_urusan": "URUSAN PEMERINTAHAN BIDANG TENAGA KERJA",
            "id_sub_skpd": 669,
            "kode_sub_skpd": "2.07.3.32.0.00.01.0000",
            "nama_sub_skpd": "Dinas Ketenagakerjaan dan Transmigrasi",
            "set_pagu_user": 0,
            "set_pagu_at": null,
            "id_program": 3500,
            "kode_program": "2.07.03",
            "nama_program": "PROGRAM PELATIHAN KERJA DAN PRODUKTIVITAS TENAGA KERJA",
            "id_giat": 15848,
            "kode_giat": "2.07.03.2.01",
            "nama_giat": "Pelaksanaan Pelatihan berdasarkan Unit Kompetensi",
            "pagu_giat": 400000000.0,
            "rinci_giat": null,
            "id_sub_giat": 52988,
            "kode_sub_giat": "2.07.03.2.01.0001",
            "nama_sub_giat": "Proses Pelaksanaan Pendidikan dan Pelatihan Keterampilan bagi Pencari Kerja berdasarkan Klaster Kompetensi",
            "pagu": 400000000.0,
            "pagu_indikatif": 400000000.0,
            "rincian": null,
            "kode_bl": "669.669.3500.15848",
            "kode_sbl": "669.669.3500.15848.52988",
            "kunci_bl": 1,
            "kunci_bl_rinci": 1,
            "user_created": "Sutrino, S.Pd, MPd",
            "created_date": "30-01-2025",
            "created_time": "11:32",
            "user_updated": "Sutrino, S.Pd, MPd",
            "updated_date": "02-07-2025",
            "updated_time": "11:02",
            "is_locked": 0
        },
        {
            "id_sub_bl": 61797,
            "id_daerah": 473,
            "tahun": 2026,
            "id_unit": 669,
            "id_skpd": 669,
            "created_user": 2342,
            "kode_skpd": "2.07.3.32.0.00.01.0000",
            "nama_skpd": "Dinas Ketenagakerjaan dan Transmigrasi",
            "id_urusan": 12,
            "kode_urusan": "2",
            "nama_urusan": "URUSAN PEMERINTAHAN WAJIB YANG TIDAK BERKAITAN DENGAN PELAYANAN DASAR",
            "id_bidang_urusan": 207,
            "kode_bidang_urusan": "2.07",
            "nama_bidang_urusan": "URUSAN PEMERINTAHAN BIDANG TENAGA KERJA",
            "id_sub_skpd": 669,
            "kode_sub_skpd": "2.07.3.32.0.00.01.0000",
            "nama_sub_skpd": "Dinas Ketenagakerjaan dan Transmigrasi",
            "set_pagu_user": 2342,
            "set_pagu_at": "Sun, 22 Jun 2025 13:38:57 GMT",
            "id_program": 3508,
            "kode_program": "2.07.04",
            "nama_program": "PROGRAM PENEMPATAN TENAGA KERJA",
            "id_giat": 15867,
            "kode_giat": "2.07.04.2.03",
            "nama_giat": "Pengelolaan Informasi Pasar Kerja",
            "pagu_giat": 68561600.0,
            "rinci_giat": null,
            "id_sub_giat": 53028,
            "kode_sub_giat": "2.07.04.2.03.0001",
            "nama_sub_giat": "Pemeliharaan dan Operasional Aplikasi Informasi Pasar Kerja Online",
            "pagu": 10000000.0,
            "pagu_indikatif": 10000000.0,
            "rincian": null,
            "kode_bl": "669.669.3508.15867",
            "kode_sbl": "669.669.3508.15867.53028",
            "kunci_bl": 1,
            "kunci_bl_rinci": 1,
            "user_created": "Sutrino, S.Pd, MPd",
            "created_date": "30-01-2025",
            "created_time": "15:41",
            "user_updated": "Sutrino, S.Pd, MPd",
            "updated_date": "03-02-2025",
            "updated_time": "09:58",
            "is_locked": 0
        },
        {
            "id_sub_bl": 61800,
            "id_daerah": 473,
            "tahun": 2026,
            "id_unit": 669,
            "id_skpd": 669,
            "created_user": 2342,
            "kode_skpd": "2.07.3.32.0.00.01.0000",
            "nama_skpd": "Dinas Ketenagakerjaan dan Transmigrasi",
            "id_urusan": 12,
            "kode_urusan": "2",
            "nama_urusan": "URUSAN PEMERINTAHAN WAJIB YANG TIDAK BERKAITAN DENGAN PELAYANAN DASAR",
            "id_bidang_urusan": 207,
            "kode_bidang_urusan": "2.07",
            "nama_bidang_urusan": "URUSAN PEMERINTAHAN BIDANG TENAGA KERJA",
            "id_sub_skpd": 669,
            "kode_sub_skpd": "2.07.3.32.0.00.01.0000",
            "nama_sub_skpd": "Dinas Ketenagakerjaan dan Transmigrasi",
            "set_pagu_user": 0,
            "set_pagu_at": null,
            "id_program": 3508,
            "kode_program": "2.07.04",
            "nama_program": "PROGRAM PENEMPATAN TENAGA KERJA",
            "id_giat": 15867,
            "kode_giat": "2.07.04.2.03",
            "nama_giat": "Pengelolaan Informasi Pasar Kerja",
            "pagu_giat": 68561600.0,
            "rinci_giat": null,
            "id_sub_giat": 53030,
            "kode_sub_giat": "2.07.04.2.03.0003",
            "nama_sub_giat": "Job Fair/Bursa Kerja",
            "pagu": 58561600.0,
            "pagu_indikatif": 58561600.0,
            "rincian": null,
            "kode_bl": "669.669.3508.15867",
            "kode_sbl": "669.669.3508.15867.53030",
            "kunci_bl": 1,
            "kunci_bl_rinci": 1,
            "user_created": "Sutrino, S.Pd, MPd",
            "created_date": "30-01-2025",
            "created_time": "15:44",
            "user_updated": "Sutrino, S.Pd, MPd",
            "updated_date": "02-07-2025",
            "updated_time": "11:04",
            "is_locked": 0
        },
        {
            "id_sub_bl": 61808,
            "id_daerah": 473,
            "tahun": 2026,
            "id_unit": 669,
            "id_skpd": 669,
            "created_user": 2342,
            "kode_skpd": "2.07.3.32.0.00.01.0000",
            "nama_skpd": "Dinas Ketenagakerjaan dan Transmigrasi",
            "id_urusan": 12,
            "kode_urusan": "2",
            "nama_urusan": "URUSAN PEMERINTAHAN WAJIB YANG TIDAK BERKAITAN DENGAN PELAYANAN DASAR",
            "id_bidang_urusan": 207,
            "kode_bidang_urusan": "2.07",
            "nama_bidang_urusan": "URUSAN PEMERINTAHAN BIDANG TENAGA KERJA",
            "id_sub_skpd": 669,
            "kode_sub_skpd": "2.07.3.32.0.00.01.0000",
            "nama_sub_skpd": "Dinas Ketenagakerjaan dan Transmigrasi",
            "set_pagu_user": 0,
            "set_pagu_at": null,
            "id_program": 3520,
            "kode_program": "2.07.05",
            "nama_program": "PROGRAM HUBUNGAN INDUSTRIAL",
            "id_giat": 15888,
            "kode_giat": "2.07.05.2.01",
            "nama_giat": "Pengesahan Peraturan Perusahaan dan Pendaftaran Perjanjian Kerja Bersama untuk Perusahaan yang Hanya Beroperasi dalam 1 (Satu) Daerah Kabupaten/Kota",
            "pagu_giat": 148307290.0,
            "rinci_giat": null,
            "id_sub_giat": 53085,
            "kode_sub_giat": "2.07.05.2.01.0001",
            "nama_sub_giat": "Pengesahan Peraturan Perusahaan bagi Perusahaan",
            "pagu": 125000000.0,
            "pagu_indikatif": 125000000.0,
            "rincian": null,
            "kode_bl": "669.669.3520.15888",
            "kode_sbl": "669.669.3520.15888.53085",
            "kunci_bl": 1,
            "kunci_bl_rinci": 1,
            "user_created": "Sutrino, S.Pd, MPd",
            "created_date": "30-01-2025",
            "created_time": "15:49",
            "user_updated": "Sutrino, S.Pd, MPd",
            "updated_date": "02-07-2025",
            "updated_time": "11:05",
            "is_locked": 0
        },
        {
            "id_sub_bl": 61812,
            "id_daerah": 473,
            "tahun": 2026,
            "id_unit": 669,
            "id_skpd": 669,
            "created_user": 2342,
            "kode_skpd": "2.07.3.32.0.00.01.0000",
            "nama_skpd": "Dinas Ketenagakerjaan dan Transmigrasi",
            "id_urusan": 12,
            "kode_urusan": "2",
            "nama_urusan": "URUSAN PEMERINTAHAN WAJIB YANG TIDAK BERKAITAN DENGAN PELAYANAN DASAR",
            "id_bidang_urusan": 207,
            "kode_bidang_urusan": "2.07",
            "nama_bidang_urusan": "URUSAN PEMERINTAHAN BIDANG TENAGA KERJA",
            "id_sub_skpd": 669,
            "kode_sub_skpd": "2.07.3.32.0.00.01.0000",
            "nama_sub_skpd": "Dinas Ketenagakerjaan dan Transmigrasi",
            "set_pagu_user": 0,
            "set_pagu_at": null,
            "id_program": 3520,
            "kode_program": "2.07.05",
            "nama_program": "PROGRAM HUBUNGAN INDUSTRIAL",
            "id_giat": 15888,
            "kode_giat": "2.07.05.2.01",
            "nama_giat": "Pengesahan Peraturan Perusahaan dan Pendaftaran Perjanjian Kerja Bersama untuk Perusahaan yang Hanya Beroperasi dalam 1 (Satu) Daerah Kabupaten/Kota",
            "pagu_giat": 148307290.0,
            "rinci_giat": null,
            "id_sub_giat": 53087,
            "kode_sub_giat": "2.07.05.2.01.0003",
            "nama_sub_giat": "Penyelenggaraan Pendataan dan Informasi Sarana Hubungan Industrial dan Jaminan Sosial Tenaga Kerja serta Pengupahan",
            "pagu": 23307290.0,
            "pagu_indikatif": 23307290.0,
            "rincian": null,
            "kode_bl": "669.669.3520.15888",
            "kode_sbl": "669.669.3520.15888.53087",
            "kunci_bl": 1,
            "kunci_bl_rinci": 1,
            "user_created": "Sutrino, S.Pd, MPd",
            "created_date": "30-01-2025",
            "created_time": "15:51",
            "user_updated": "Sutrino, S.Pd, MPd",
            "updated_date": "02-07-2025",
            "updated_time": "11:07",
            "is_locked": 0
        },
        {
            "id_sub_bl": 61815,
            "id_daerah": 473,
            "tahun": 2026,
            "id_unit": 669,
            "id_skpd": 669,
            "created_user": 2342,
            "kode_skpd": "2.07.3.32.0.00.01.0000",
            "nama_skpd": "Dinas Ketenagakerjaan dan Transmigrasi",
            "id_urusan": 12,
            "kode_urusan": "2",
            "nama_urusan": "URUSAN PEMERINTAHAN WAJIB YANG TIDAK BERKAITAN DENGAN PELAYANAN DASAR",
            "id_bidang_urusan": 207,
            "kode_bidang_urusan": "2.07",
            "nama_bidang_urusan": "URUSAN PEMERINTAHAN BIDANG TENAGA KERJA",
            "id_sub_skpd": 669,
            "kode_sub_skpd": "2.07.3.32.0.00.01.0000",
            "nama_sub_skpd": "Dinas Ketenagakerjaan dan Transmigrasi",
            "set_pagu_user": 0,
            "set_pagu_at": null,
            "id_program": 3520,
            "kode_program": "2.07.05",
            "nama_program": "PROGRAM HUBUNGAN INDUSTRIAL",
            "id_giat": 15889,
            "kode_giat": "2.07.05.2.02",
            "nama_giat": "Pencegahan dan Penyelesaian Perselisihan Hubungan Industrial, Mogok Kerja dan Penutupan Perusahaan di Daerah Kabupaten/Kota",
            "pagu_giat": 175000000.0,
            "rinci_giat": null,
            "id_sub_giat": 53089,
            "kode_sub_giat": "2.07.05.2.02.0002",
            "nama_sub_giat": "Penyelesaian Perselisihan Hubungan Industrial, Mogok Kerja, dan Penutupan Perusahaan yang Berakibat/Berdampak pada Kepentingan di 1 (satu) Daerah Kabupaten/Kota",
            "pagu": 40000000.0,
            "pagu_indikatif": 40000000.0,
            "rincian": null,
            "kode_bl": "669.669.3520.15889",
            "kode_sbl": "669.669.3520.15889.53089",
            "kunci_bl": 1,
            "kunci_bl_rinci": 1,
            "user_created": "Sutrino, S.Pd, MPd",
            "created_date": "30-01-2025",
            "created_time": "15:53",
            "user_updated": "Sutrino, S.Pd, MPd",
            "updated_date": "02-07-2025",
            "updated_time": "11:07",
            "is_locked": 0
        },
        {
            "id_sub_bl": 65918,
            "id_daerah": 473,
            "tahun": 2026,
            "id_unit": 669,
            "id_skpd": 669,
            "created_user": 2342,
            "kode_skpd": "2.07.3.32.0.00.01.0000",
            "nama_skpd": "Dinas Ketenagakerjaan dan Transmigrasi",
            "id_urusan": 12,
            "kode_urusan": "2",
            "nama_urusan": "URUSAN PEMERINTAHAN WAJIB YANG TIDAK BERKAITAN DENGAN PELAYANAN DASAR",
            "id_bidang_urusan": 207,
            "kode_bidang_urusan": "2.07",
            "nama_bidang_urusan": "URUSAN PEMERINTAHAN BIDANG TENAGA KERJA",
            "id_sub_skpd": 669,
            "kode_sub_skpd": "2.07.3.32.0.00.01.0000",
            "nama_sub_skpd": "Dinas Ketenagakerjaan dan Transmigrasi",
            "set_pagu_user": 0,
            "set_pagu_at": null,
            "id_program": 3520,
            "kode_program": "2.07.05",
            "nama_program": "PROGRAM HUBUNGAN INDUSTRIAL",
            "id_giat": 15889,
            "kode_giat": "2.07.05.2.02",
            "nama_giat": "Pencegahan dan Penyelesaian Perselisihan Hubungan Industrial, Mogok Kerja dan Penutupan Perusahaan di Daerah Kabupaten/Kota",
            "pagu_giat": 175000000.0,
            "rinci_giat": null,
            "id_sub_giat": 53092,
            "kode_sub_giat": "2.07.05.2.02.0005",
            "nama_sub_giat": "Pengembangan Pelaksanaan Jaminan Sosial Tenaga Kerja dan Fasilitas Kesejahteraan Pekerja",
            "pagu": 135000000.0,
            "pagu_indikatif": 135000000.0,
            "rincian": null,
            "kode_bl": "669.669.3520.15889",
            "kode_sbl": "669.669.3520.15889.53092",
            "kunci_bl": 1,
            "kunci_bl_rinci": 1,
            "user_created": "Sutrino, S.Pd, MPd",
            "created_date": "12-02-2025",
            "created_time": "10:35",
            "user_updated": "Sutrino, S.Pd, MPd",
            "updated_date": "02-07-2025",
            "updated_time": "11:07",
            "is_locked": 0
        },
        {
            "id_sub_bl": 61637,
            "id_daerah": 473,
            "tahun": 2026,
            "id_unit": 669,
            "id_skpd": 669,
            "created_user": 2342,
            "kode_skpd": "2.07.3.32.0.00.01.0000",
            "nama_skpd": "Dinas Ketenagakerjaan dan Transmigrasi",
            "id_urusan": 12,
            "kode_urusan": "2",
            "nama_urusan": "URUSAN PEMERINTAHAN WAJIB YANG TIDAK BERKAITAN DENGAN PELAYANAN DASAR",
            "id_bidang_urusan": 207,
            "kode_bidang_urusan": "2.07",
            "nama_bidang_urusan": "URUSAN PEMERINTAHAN BIDANG TENAGA KERJA",
            "id_sub_skpd": 669,
            "kode_sub_skpd": "2.07.3.32.0.00.01.0000",
            "nama_sub_skpd": "Dinas Ketenagakerjaan dan Transmigrasi",
            "set_pagu_user": 0,
            "set_pagu_at": null,
            "id_program": 4451,
            "kode_program": "2.07.01",
            "nama_program": "PROGRAM PENUNJANG URUSAN PEMERINTAHAN DAERAH KABUPATEN/KOTA",
            "id_giat": 18371,
            "kode_giat": "2.07.01.2.01",
            "nama_giat": "Perencanaan, Penganggaran, dan Evaluasi Kinerja Perangkat Daerah",
            "pagu_giat": 184926838.0,
            "rinci_giat": null,
            "id_sub_giat": 60589,
            "kode_sub_giat": "2.07.01.2.01.0001",
            "nama_sub_giat": "Penyusunan Dokumen Perencanaan Perangkat Daerah",
            "pagu": 184926838.0,
            "pagu_indikatif": 184926838.0,
            "rincian": null,
            "kode_bl": "669.669.4451.18371",
            "kode_sbl": "669.669.4451.18371.60589",
            "kunci_bl": 1,
            "kunci_bl_rinci": 1,
            "user_created": "Sutrino, S.Pd, MPd",
            "created_date": "30-01-2025",
            "created_time": "14:06",
            "user_updated": "Sutrino, S.Pd, MPd",
            "updated_date": "02-07-2025",
            "updated_time": "11:11",
            "is_locked": 0
        },
        {
            "id_sub_bl": 59597,
            "id_daerah": 473,
            "tahun": 2026,
            "id_unit": 669,
            "id_skpd": 669,
            "created_user": 398721,
            "kode_skpd": "2.07.3.32.0.00.01.0000",
            "nama_skpd": "Dinas Ketenagakerjaan dan Transmigrasi",
            "id_urusan": 12,
            "kode_urusan": "2",
            "nama_urusan": "URUSAN PEMERINTAHAN WAJIB YANG TIDAK BERKAITAN DENGAN PELAYANAN DASAR",
            "id_bidang_urusan": 207,
            "kode_bidang_urusan": "2.07",
            "nama_bidang_urusan": "URUSAN PEMERINTAHAN BIDANG TENAGA KERJA",
            "id_sub_skpd": 669,
            "kode_sub_skpd": "2.07.3.32.0.00.01.0000",
            "nama_sub_skpd": "Dinas Ketenagakerjaan dan Transmigrasi",
            "set_pagu_user": 0,
            "set_pagu_at": null,
            "id_program": 4451,
            "kode_program": "2.07.01",
            "nama_program": "PROGRAM PENUNJANG URUSAN PEMERINTAHAN DAERAH KABUPATEN/KOTA",
            "id_giat": 18372,
            "kode_giat": "2.07.01.2.02",
            "nama_giat": "Administrasi Keuangan Perangkat Daerah",
            "pagu_giat": 3141073500.0,
            "rinci_giat": null,
            "id_sub_giat": 60602,
            "kode_sub_giat": "2.07.01.2.02.0001",
            "nama_sub_giat": "Penyediaan Gaji dan Tunjangan ASN",
            "pagu": 2941073500.0,
            "pagu_indikatif": 2941073500.0,
            "rincian": null,
            "kode_bl": "669.669.4451.18372",
            "kode_sbl": "669.669.4451.18372.60602",
            "kunci_bl": 1,
            "kunci_bl_rinci": 1,
            "user_created": "ZULKARNAIN ALAMSYAH, SE",
            "created_date": "21-01-2025",
            "created_time": "11:56",
            "user_updated": "Sutrino, S.Pd, MPd",
            "updated_date": "02-07-2025",
            "updated_time": "11:12",
            "is_locked": 0
        },
        {
            "id_sub_bl": 61641,
            "id_daerah": 473,
            "tahun": 2026,
            "id_unit": 669,
            "id_skpd": 669,
            "created_user": 2342,
            "kode_skpd": "2.07.3.32.0.00.01.0000",
            "nama_skpd": "Dinas Ketenagakerjaan dan Transmigrasi",
            "id_urusan": 12,
            "kode_urusan": "2",
            "nama_urusan": "URUSAN PEMERINTAHAN WAJIB YANG TIDAK BERKAITAN DENGAN PELAYANAN DASAR",
            "id_bidang_urusan": 207,
            "kode_bidang_urusan": "2.07",
            "nama_bidang_urusan": "URUSAN PEMERINTAHAN BIDANG TENAGA KERJA",
            "id_sub_skpd": 669,
            "kode_sub_skpd": "2.07.3.32.0.00.01.0000",
            "nama_sub_skpd": "Dinas Ketenagakerjaan dan Transmigrasi",
            "set_pagu_user": 0,
            "set_pagu_at": null,
            "id_program": 4451,
            "kode_program": "2.07.01",
            "nama_program": "PROGRAM PENUNJANG URUSAN PEMERINTAHAN DAERAH KABUPATEN/KOTA",
            "id_giat": 18372,
            "kode_giat": "2.07.01.2.02",
            "nama_giat": "Administrasi Keuangan Perangkat Daerah",
            "pagu_giat": 3141073500.0,
            "rinci_giat": null,
            "id_sub_giat": 60604,
            "kode_sub_giat": "2.07.01.2.02.0003",
            "nama_sub_giat": "Pelaksanaan Penatausahaan dan\r\n\nPengujian/Verifikasi Keuangan SKPD",
            "pagu": 200000000.0,
            "pagu_indikatif": 200000000.0,
            "rincian": null,
            "kode_bl": "669.669.4451.18372",
            "kode_sbl": "669.669.4451.18372.60604",
            "kunci_bl": 1,
            "kunci_bl_rinci": 1,
            "user_created": "Sutrino, S.Pd, MPd",
            "created_date": "30-01-2025",
            "created_time": "14:08",
            "user_updated": "Sutrino, S.Pd, MPd",
            "updated_date": "02-07-2025",
            "updated_time": "11:13",
            "is_locked": 0
        },
        {
            "id_sub_bl": 61644,
            "id_daerah": 473,
            "tahun": 2026,
            "id_unit": 669,
            "id_skpd": 669,
            "created_user": 2342,
            "kode_skpd": "2.07.3.32.0.00.01.0000",
            "nama_skpd": "Dinas Ketenagakerjaan dan Transmigrasi",
            "id_urusan": 12,
            "kode_urusan": "2",
            "nama_urusan": "URUSAN PEMERINTAHAN WAJIB YANG TIDAK BERKAITAN DENGAN PELAYANAN DASAR",
            "id_bidang_urusan": 207,
            "kode_bidang_urusan": "2.07",
            "nama_bidang_urusan": "URUSAN PEMERINTAHAN BIDANG TENAGA KERJA",
            "id_sub_skpd": 669,
            "kode_sub_skpd": "2.07.3.32.0.00.01.0000",
            "nama_sub_skpd": "Dinas Ketenagakerjaan dan Transmigrasi",
            "set_pagu_user": 0,
            "set_pagu_at": null,
            "id_program": 4451,
            "kode_program": "2.07.01",
            "nama_program": "PROGRAM PENUNJANG URUSAN PEMERINTAHAN DAERAH KABUPATEN/KOTA",
            "id_giat": 18373,
            "kode_giat": "2.07.01.2.03",
            "nama_giat": "Administrasi Barang Milik Daerah pada Perangkat Daerah",
            "pagu_giat": 60000000.0,
            "rinci_giat": null,
            "id_sub_giat": 60615,
            "kode_sub_giat": "2.07.01.2.03.0006",
            "nama_sub_giat": "Penatausahaan Barang Milik Daerah pada SKPD",
            "pagu": 60000000.0,
            "pagu_indikatif": 60000000.0,
            "rincian": null,
            "kode_bl": "669.669.4451.18373",
            "kode_sbl": "669.669.4451.18373.60615",
            "kunci_bl": 1,
            "kunci_bl_rinci": 1,
            "user_created": "Sutrino, S.Pd, MPd",
            "created_date": "30-01-2025",
            "created_time": "14:09",
            "user_updated": "Sutrino, S.Pd, MPd",
            "updated_date": "02-07-2025",
            "updated_time": "11:13",
            "is_locked": 0
        },
        {
            "id_sub_bl": 61680,
            "id_daerah": 473,
            "tahun": 2026,
            "id_unit": 669,
            "id_skpd": 669,
            "created_user": 2342,
            "kode_skpd": "2.07.3.32.0.00.01.0000",
            "nama_skpd": "Dinas Ketenagakerjaan dan Transmigrasi",
            "id_urusan": 12,
            "kode_urusan": "2",
            "nama_urusan": "URUSAN PEMERINTAHAN WAJIB YANG TIDAK BERKAITAN DENGAN PELAYANAN DASAR",
            "id_bidang_urusan": 207,
            "kode_bidang_urusan": "2.07",
            "nama_bidang_urusan": "URUSAN PEMERINTAHAN BIDANG TENAGA KERJA",
            "id_sub_skpd": 669,
            "kode_sub_skpd": "2.07.3.32.0.00.01.0000",
            "nama_sub_skpd": "Dinas Ketenagakerjaan dan Transmigrasi",
            "set_pagu_user": 0,
            "set_pagu_at": null,
            "id_program": 4451,
            "kode_program": "2.07.01",
            "nama_program": "PROGRAM PENUNJANG URUSAN PEMERINTAHAN DAERAH KABUPATEN/KOTA",
            "id_giat": 18375,
            "kode_giat": "2.07.01.2.05",
            "nama_giat": "Administrasi Kepegawaian Perangkat Daerah",
            "pagu_giat": 110000000.0,
            "rinci_giat": null,
            "id_sub_giat": 60625,
            "kode_sub_giat": "2.07.01.2.05.0002",
            "nama_sub_giat": "Pengadaan Pakaian Dinas beserta Atribut Kelengkapannya",
            "pagu": 50000000.0,
            "pagu_indikatif": 50000000.0,
            "rincian": null,
            "kode_bl": "669.669.4451.18375",
            "kode_sbl": "669.669.4451.18375.60625",
            "kunci_bl": 1,
            "kunci_bl_rinci": 1,
            "user_created": "Sutrino, S.Pd, MPd",
            "created_date": "30-01-2025",
            "created_time": "14:33",
            "user_updated": "Sutrino, S.Pd, MPd",
            "updated_date": "02-07-2025",
            "updated_time": "11:14",
            "is_locked": 0
        },
        {
            "id_sub_bl": 61684,
            "id_daerah": 473,
            "tahun": 2026,
            "id_unit": 669,
            "id_skpd": 669,
            "created_user": 2342,
            "kode_skpd": "2.07.3.32.0.00.01.0000",
            "nama_skpd": "Dinas Ketenagakerjaan dan Transmigrasi",
            "id_urusan": 12,
            "kode_urusan": "2",
            "nama_urusan": "URUSAN PEMERINTAHAN WAJIB YANG TIDAK BERKAITAN DENGAN PELAYANAN DASAR",
            "id_bidang_urusan": 207,
            "kode_bidang_urusan": "2.07",
            "nama_bidang_urusan": "URUSAN PEMERINTAHAN BIDANG TENAGA KERJA",
            "id_sub_skpd": 669,
            "kode_sub_skpd": "2.07.3.32.0.00.01.0000",
            "nama_sub_skpd": "Dinas Ketenagakerjaan dan Transmigrasi",
            "set_pagu_user": 0,
            "set_pagu_at": null,
            "id_program": 4451,
            "kode_program": "2.07.01",
            "nama_program": "PROGRAM PENUNJANG URUSAN PEMERINTAHAN DAERAH KABUPATEN/KOTA",
            "id_giat": 18375,
            "kode_giat": "2.07.01.2.05",
            "nama_giat": "Administrasi Kepegawaian Perangkat Daerah",
            "pagu_giat": 110000000.0,
            "rinci_giat": null,
            "id_sub_giat": 60632,
            "kode_sub_giat": "2.07.01.2.05.0009",
            "nama_sub_giat": "Pendidikan dan Pelatihan Pegawai Berdasarkan Tugas dan Fungsi",
            "pagu": 60000000.0,
            "pagu_indikatif": 60000000.0,
            "rincian": null,
            "kode_bl": "669.669.4451.18375",
            "kode_sbl": "669.669.4451.18375.60632",
            "kunci_bl": 1,
            "kunci_bl_rinci": 1,
            "user_created": "Sutrino, S.Pd, MPd",
            "created_date": "30-01-2025",
            "created_time": "14:34",
            "user_updated": "Sutrino, S.Pd, MPd",
            "updated_date": "02-07-2025",
            "updated_time": "11:14",
            "is_locked": 0
        },
        {
            "id_sub_bl": 61688,
            "id_daerah": 473,
            "tahun": 2026,
            "id_unit": 669,
            "id_skpd": 669,
            "created_user": 2342,
            "kode_skpd": "2.07.3.32.0.00.01.0000",
            "nama_skpd": "Dinas Ketenagakerjaan dan Transmigrasi",
            "id_urusan": 12,
            "kode_urusan": "2",
            "nama_urusan": "URUSAN PEMERINTAHAN WAJIB YANG TIDAK BERKAITAN DENGAN PELAYANAN DASAR",
            "id_bidang_urusan": 207,
            "kode_bidang_urusan": "2.07",
            "nama_bidang_urusan": "URUSAN PEMERINTAHAN BIDANG TENAGA KERJA",
            "id_sub_skpd": 669,
            "kode_sub_skpd": "2.07.3.32.0.00.01.0000",
            "nama_sub_skpd": "Dinas Ketenagakerjaan dan Transmigrasi",
            "set_pagu_user": 0,
            "set_pagu_at": null,
            "id_program": 4451,
            "kode_program": "2.07.01",
            "nama_program": "PROGRAM PENUNJANG URUSAN PEMERINTAHAN DAERAH KABUPATEN/KOTA",
            "id_giat": 18376,
            "kode_giat": "2.07.01.2.06",
            "nama_giat": "Administrasi Umum Perangkat Daerah",
            "pagu_giat": 255000000.0,
            "rinci_giat": null,
            "id_sub_giat": 60635,
            "kode_sub_giat": "2.07.01.2.06.0001",
            "nama_sub_giat": "Penyediaan Komponen Instalasi\r\n\nListrik/Penerangan Bangunan Kantor",
            "pagu": 20000000.0,
            "pagu_indikatif": 20000000.0,
            "rincian": null,
            "kode_bl": "669.669.4451.18376",
            "kode_sbl": "669.669.4451.18376.60635",
            "kunci_bl": 1,
            "kunci_bl_rinci": 1,
            "user_created": "Sutrino, S.Pd, MPd",
            "created_date": "30-01-2025",
            "created_time": "14:36",
            "user_updated": "Sutrino, S.Pd, MPd",
            "updated_date": "02-07-2025",
            "updated_time": "11:14",
            "is_locked": 0
        },
        {
            "id_sub_bl": 61695,
            "id_daerah": 473,
            "tahun": 2026,
            "id_unit": 669,
            "id_skpd": 669,
            "created_user": 2342,
            "kode_skpd": "2.07.3.32.0.00.01.0000",
            "nama_skpd": "Dinas Ketenagakerjaan dan Transmigrasi",
            "id_urusan": 12,
            "kode_urusan": "2",
            "nama_urusan": "URUSAN PEMERINTAHAN WAJIB YANG TIDAK BERKAITAN DENGAN PELAYANAN DASAR",
            "id_bidang_urusan": 207,
            "kode_bidang_urusan": "2.07",
            "nama_bidang_urusan": "URUSAN PEMERINTAHAN BIDANG TENAGA KERJA",
            "id_sub_skpd": 669,
            "kode_sub_skpd": "2.07.3.32.0.00.01.0000",
            "nama_sub_skpd": "Dinas Ketenagakerjaan dan Transmigrasi",
            "set_pagu_user": 0,
            "set_pagu_at": null,
            "id_program": 4451,
            "kode_program": "2.07.01",
            "nama_program": "PROGRAM PENUNJANG URUSAN PEMERINTAHAN DAERAH KABUPATEN/KOTA",
            "id_giat": 18376,
            "kode_giat": "2.07.01.2.06",
            "nama_giat": "Administrasi Umum Perangkat Daerah",
            "pagu_giat": 255000000.0,
            "rinci_giat": null,
            "id_sub_giat": 60638,
            "kode_sub_giat": "2.07.01.2.06.0004",
            "nama_sub_giat": "Penyediaan Bahan Logistik Kantor",
            "pagu": 150000000.0,
            "pagu_indikatif": 150000000.0,
            "rincian": null,
            "kode_bl": "669.669.4451.18376",
            "kode_sbl": "669.669.4451.18376.60638",
            "kunci_bl": 1,
            "kunci_bl_rinci": 1,
            "user_created": "Sutrino, S.Pd, MPd",
            "created_date": "30-01-2025",
            "created_time": "14:40",
            "user_updated": "Sutrino, S.Pd, MPd",
            "updated_date": "02-07-2025",
            "updated_time": "11:15",
            "is_locked": 0
        },
        {
            "id_sub_bl": 61698,
            "id_daerah": 473,
            "tahun": 2026,
            "id_unit": 669,
            "id_skpd": 669,
            "created_user": 2342,
            "kode_skpd": "2.07.3.32.0.00.01.0000",
            "nama_skpd": "Dinas Ketenagakerjaan dan Transmigrasi",
            "id_urusan": 12,
            "kode_urusan": "2",
            "nama_urusan": "URUSAN PEMERINTAHAN WAJIB YANG TIDAK BERKAITAN DENGAN PELAYANAN DASAR",
            "id_bidang_urusan": 207,
            "kode_bidang_urusan": "2.07",
            "nama_bidang_urusan": "URUSAN PEMERINTAHAN BIDANG TENAGA KERJA",
            "id_sub_skpd": 669,
            "kode_sub_skpd": "2.07.3.32.0.00.01.0000",
            "nama_sub_skpd": "Dinas Ketenagakerjaan dan Transmigrasi",
            "set_pagu_user": 0,
            "set_pagu_at": null,
            "id_program": 4451,
            "kode_program": "2.07.01",
            "nama_program": "PROGRAM PENUNJANG URUSAN PEMERINTAHAN DAERAH KABUPATEN/KOTA",
            "id_giat": 18376,
            "kode_giat": "2.07.01.2.06",
            "nama_giat": "Administrasi Umum Perangkat Daerah",
            "pagu_giat": 255000000.0,
            "rinci_giat": null,
            "id_sub_giat": 60639,
            "kode_sub_giat": "2.07.01.2.06.0005",
            "nama_sub_giat": "Penyediaan Barang Cetakan dan Penggandaan",
            "pagu": 20000000.0,
            "pagu_indikatif": 20000000.0,
            "rincian": null,
            "kode_bl": "669.669.4451.18376",
            "kode_sbl": "669.669.4451.18376.60639",
            "kunci_bl": 1,
            "kunci_bl_rinci": 1,
            "user_created": "Sutrino, S.Pd, MPd",
            "created_date": "30-01-2025",
            "created_time": "14:42",
            "user_updated": "Sutrino, S.Pd, MPd",
            "updated_date": "02-07-2025",
            "updated_time": "11:15",
            "is_locked": 0
        },
        {
            "id_sub_bl": 61705,
            "id_daerah": 473,
            "tahun": 2026,
            "id_unit": 669,
            "id_skpd": 669,
            "created_user": 2342,
            "kode_skpd": "2.07.3.32.0.00.01.0000",
            "nama_skpd": "Dinas Ketenagakerjaan dan Transmigrasi",
            "id_urusan": 12,
            "kode_urusan": "2",
            "nama_urusan": "URUSAN PEMERINTAHAN WAJIB YANG TIDAK BERKAITAN DENGAN PELAYANAN DASAR",
            "id_bidang_urusan": 207,
            "kode_bidang_urusan": "2.07",
            "nama_bidang_urusan": "URUSAN PEMERINTAHAN BIDANG TENAGA KERJA",
            "id_sub_skpd": 669,
            "kode_sub_skpd": "2.07.3.32.0.00.01.0000",
            "nama_sub_skpd": "Dinas Ketenagakerjaan dan Transmigrasi",
            "set_pagu_user": 0,
            "set_pagu_at": null,
            "id_program": 4451,
            "kode_program": "2.07.01",
            "nama_program": "PROGRAM PENUNJANG URUSAN PEMERINTAHAN DAERAH KABUPATEN/KOTA",
            "id_giat": 18376,
            "kode_giat": "2.07.01.2.06",
            "nama_giat": "Administrasi Umum Perangkat Daerah",
            "pagu_giat": 255000000.0,
            "rinci_giat": null,
            "id_sub_giat": 60640,
            "kode_sub_giat": "2.07.01.2.06.0006",
            "nama_sub_giat": "Penyediaan Bahan Bacaan dan Peraturan Perundang-undangan",
            "pagu": 20000000.0,
            "pagu_indikatif": 20000000.0,
            "rincian": null,
            "kode_bl": "669.669.4451.18376",
            "kode_sbl": "669.669.4451.18376.60640",
            "kunci_bl": 1,
            "kunci_bl_rinci": 1,
            "user_created": "Sutrino, S.Pd, MPd",
            "created_date": "30-01-2025",
            "created_time": "14:45",
            "user_updated": "Sutrino, S.Pd, MPd",
            "updated_date": "02-07-2025",
            "updated_time": "11:15",
            "is_locked": 0
        },
        {
            "id_sub_bl": 61707,
            "id_daerah": 473,
            "tahun": 2026,
            "id_unit": 669,
            "id_skpd": 669,
            "created_user": 2342,
            "kode_skpd": "2.07.3.32.0.00.01.0000",
            "nama_skpd": "Dinas Ketenagakerjaan dan Transmigrasi",
            "id_urusan": 12,
            "kode_urusan": "2",
            "nama_urusan": "URUSAN PEMERINTAHAN WAJIB YANG TIDAK BERKAITAN DENGAN PELAYANAN DASAR",
            "id_bidang_urusan": 207,
            "kode_bidang_urusan": "2.07",
            "nama_bidang_urusan": "URUSAN PEMERINTAHAN BIDANG TENAGA KERJA",
            "id_sub_skpd": 669,
            "kode_sub_skpd": "2.07.3.32.0.00.01.0000",
            "nama_sub_skpd": "Dinas Ketenagakerjaan dan Transmigrasi",
            "set_pagu_user": 0,
            "set_pagu_at": null,
            "id_program": 4451,
            "kode_program": "2.07.01",
            "nama_program": "PROGRAM PENUNJANG URUSAN PEMERINTAHAN DAERAH KABUPATEN/KOTA",
            "id_giat": 18376,
            "kode_giat": "2.07.01.2.06",
            "nama_giat": "Administrasi Umum Perangkat Daerah",
            "pagu_giat": 255000000.0,
            "rinci_giat": null,
            "id_sub_giat": 60643,
            "kode_sub_giat": "2.07.01.2.06.0009",
            "nama_sub_giat": "Penyelenggaraan Rapat Koordinasi dan Konsultasi SKPD",
            "pagu": 45000000.0,
            "pagu_indikatif": 45000000.0,
            "rincian": null,
            "kode_bl": "669.669.4451.18376",
            "kode_sbl": "669.669.4451.18376.60643",
            "kunci_bl": 1,
            "kunci_bl_rinci": 1,
            "user_created": "Sutrino, S.Pd, MPd",
            "created_date": "30-01-2025",
            "created_time": "14:47",
            "user_updated": "Sutrino, S.Pd, MPd",
            "updated_date": "02-07-2025",
            "updated_time": "11:15",
            "is_locked": 0
        },
        {
            "id_sub_bl": 61712,
            "id_daerah": 473,
            "tahun": 2026,
            "id_unit": 669,
            "id_skpd": 669,
            "created_user": 2342,
            "kode_skpd": "2.07.3.32.0.00.01.0000",
            "nama_skpd": "Dinas Ketenagakerjaan dan Transmigrasi",
            "id_urusan": 12,
            "kode_urusan": "2",
            "nama_urusan": "URUSAN PEMERINTAHAN WAJIB YANG TIDAK BERKAITAN DENGAN PELAYANAN DASAR",
            "id_bidang_urusan": 207,
            "kode_bidang_urusan": "2.07",
            "nama_bidang_urusan": "URUSAN PEMERINTAHAN BIDANG TENAGA KERJA",
            "id_sub_skpd": 669,
            "kode_sub_skpd": "2.07.3.32.0.00.01.0000",
            "nama_sub_skpd": "Dinas Ketenagakerjaan dan Transmigrasi",
            "set_pagu_user": 0,
            "set_pagu_at": null,
            "id_program": 4451,
            "kode_program": "2.07.01",
            "nama_program": "PROGRAM PENUNJANG URUSAN PEMERINTAHAN DAERAH KABUPATEN/KOTA",
            "id_giat": 18377,
            "kode_giat": "2.07.01.2.07",
            "nama_giat": "Pengadaan Barang Milik Daerah Penunjang Urusan Pemerintah Daerah",
            "pagu_giat": 319867442.0,
            "rinci_giat": null,
            "id_sub_giat": 60647,
            "kode_sub_giat": "2.07.01.2.07.0002",
            "nama_sub_giat": "Pengadaan Kendaraan Dinas Operasional atau Lapangan",
            "pagu": 150000000.0,
            "pagu_indikatif": 150000000.0,
            "rincian": null,
            "kode_bl": "669.669.4451.18377",
            "kode_sbl": "669.669.4451.18377.60647",
            "kunci_bl": 1,
            "kunci_bl_rinci": 1,
            "user_created": "Sutrino, S.Pd, MPd",
            "created_date": "30-01-2025",
            "created_time": "14:50",
            "user_updated": "Sutrino, S.Pd, MPd",
            "updated_date": "02-07-2025",
            "updated_time": "11:16",
            "is_locked": 0
        },
        {
            "id_sub_bl": 61723,
            "id_daerah": 473,
            "tahun": 2026,
            "id_unit": 669,
            "id_skpd": 669,
            "created_user": 2342,
            "kode_skpd": "2.07.3.32.0.00.01.0000",
            "nama_skpd": "Dinas Ketenagakerjaan dan Transmigrasi",
            "id_urusan": 12,
            "kode_urusan": "2",
            "nama_urusan": "URUSAN PEMERINTAHAN WAJIB YANG TIDAK BERKAITAN DENGAN PELAYANAN DASAR",
            "id_bidang_urusan": 207,
            "kode_bidang_urusan": "2.07",
            "nama_bidang_urusan": "URUSAN PEMERINTAHAN BIDANG TENAGA KERJA",
            "id_sub_skpd": 669,
            "kode_sub_skpd": "2.07.3.32.0.00.01.0000",
            "nama_sub_skpd": "Dinas Ketenagakerjaan dan Transmigrasi",
            "set_pagu_user": 0,
            "set_pagu_at": null,
            "id_program": 4451,
            "kode_program": "2.07.01",
            "nama_program": "PROGRAM PENUNJANG URUSAN PEMERINTAHAN DAERAH KABUPATEN/KOTA",
            "id_giat": 18377,
            "kode_giat": "2.07.01.2.07",
            "nama_giat": "Pengadaan Barang Milik Daerah Penunjang Urusan Pemerintah Daerah",
            "pagu_giat": 319867442.0,
            "rinci_giat": null,
            "id_sub_giat": 60650,
            "kode_sub_giat": "2.07.01.2.07.0005",
            "nama_sub_giat": "Pengadaan Mebel",
            "pagu": 100000000.0,
            "pagu_indikatif": 100000000.0,
            "rincian": null,
            "kode_bl": "669.669.4451.18377",
            "kode_sbl": "669.669.4451.18377.60650",
            "kunci_bl": 1,
            "kunci_bl_rinci": 1,
            "user_created": "Sutrino, S.Pd, MPd",
            "created_date": "30-01-2025",
            "created_time": "14:56",
            "user_updated": "Sutrino, S.Pd, MPd",
            "updated_date": "02-07-2025",
            "updated_time": "11:17",
            "is_locked": 0
        },
        {
            "id_sub_bl": 61726,
            "id_daerah": 473,
            "tahun": 2026,
            "id_unit": 669,
            "id_skpd": 669,
            "created_user": 2342,
            "kode_skpd": "2.07.3.32.0.00.01.0000",
            "nama_skpd": "Dinas Ketenagakerjaan dan Transmigrasi",
            "id_urusan": 12,
            "kode_urusan": "2",
            "nama_urusan": "URUSAN PEMERINTAHAN WAJIB YANG TIDAK BERKAITAN DENGAN PELAYANAN DASAR",
            "id_bidang_urusan": 207,
            "kode_bidang_urusan": "2.07",
            "nama_bidang_urusan": "URUSAN PEMERINTAHAN BIDANG TENAGA KERJA",
            "id_sub_skpd": 669,
            "kode_sub_skpd": "2.07.3.32.0.00.01.0000",
            "nama_sub_skpd": "Dinas Ketenagakerjaan dan Transmigrasi",
            "set_pagu_user": 0,
            "set_pagu_at": null,
            "id_program": 4451,
            "kode_program": "2.07.01",
            "nama_program": "PROGRAM PENUNJANG URUSAN PEMERINTAHAN DAERAH KABUPATEN/KOTA",
            "id_giat": 18377,
            "kode_giat": "2.07.01.2.07",
            "nama_giat": "Pengadaan Barang Milik Daerah Penunjang Urusan Pemerintah Daerah",
            "pagu_giat": 319867442.0,
            "rinci_giat": null,
            "id_sub_giat": 60651,
            "kode_sub_giat": "2.07.01.2.07.0006",
            "nama_sub_giat": "Pengadaan Peralatan dan Mesin Lainnya",
            "pagu": 69867442.0,
            "pagu_indikatif": 69867442.0,
            "rincian": null,
            "kode_bl": "669.669.4451.18377",
            "kode_sbl": "669.669.4451.18377.60651",
            "kunci_bl": 1,
            "kunci_bl_rinci": 1,
            "user_created": "Sutrino, S.Pd, MPd",
            "created_date": "30-01-2025",
            "created_time": "14:58",
            "user_updated": "Sutrino, S.Pd, MPd",
            "updated_date": "02-07-2025",
            "updated_time": "11:17",
            "is_locked": 0
        },
        {
            "id_sub_bl": 61731,
            "id_daerah": 473,
            "tahun": 2026,
            "id_unit": 669,
            "id_skpd": 669,
            "created_user": 2342,
            "kode_skpd": "2.07.3.32.0.00.01.0000",
            "nama_skpd": "Dinas Ketenagakerjaan dan Transmigrasi",
            "id_urusan": 12,
            "kode_urusan": "2",
            "nama_urusan": "URUSAN PEMERINTAHAN WAJIB YANG TIDAK BERKAITAN DENGAN PELAYANAN DASAR",
            "id_bidang_urusan": 207,
            "kode_bidang_urusan": "2.07",
            "nama_bidang_urusan": "URUSAN PEMERINTAHAN BIDANG TENAGA KERJA",
            "id_sub_skpd": 669,
            "kode_sub_skpd": "2.07.3.32.0.00.01.0000",
            "nama_sub_skpd": "Dinas Ketenagakerjaan dan Transmigrasi",
            "set_pagu_user": 0,
            "set_pagu_at": null,
            "id_program": 4451,
            "kode_program": "2.07.01",
            "nama_program": "PROGRAM PENUNJANG URUSAN PEMERINTAHAN DAERAH KABUPATEN/KOTA",
            "id_giat": 18378,
            "kode_giat": "2.07.01.2.08",
            "nama_giat": "Penyediaan Jasa Penunjang Urusan Pemerintahan Daerah",
            "pagu_giat": 254500000.0,
            "rinci_giat": null,
            "id_sub_giat": 60657,
            "kode_sub_giat": "2.07.01.2.08.0001",
            "nama_sub_giat": "Penyediaan Jasa Surat Menyurat",
            "pagu": 3500000.0,
            "pagu_indikatif": 3500000.0,
            "rincian": null,
            "kode_bl": "669.669.4451.18378",
            "kode_sbl": "669.669.4451.18378.60657",
            "kunci_bl": 1,
            "kunci_bl_rinci": 1,
            "user_created": "Sutrino, S.Pd, MPd",
            "created_date": "30-01-2025",
            "created_time": "15:00",
            "user_updated": "Sutrino, S.Pd, MPd",
            "updated_date": "02-07-2025",
            "updated_time": "11:18",
            "is_locked": 0
        },
        {
            "id_sub_bl": 61736,
            "id_daerah": 473,
            "tahun": 2026,
            "id_unit": 669,
            "id_skpd": 669,
            "created_user": 2342,
            "kode_skpd": "2.07.3.32.0.00.01.0000",
            "nama_skpd": "Dinas Ketenagakerjaan dan Transmigrasi",
            "id_urusan": 12,
            "kode_urusan": "2",
            "nama_urusan": "URUSAN PEMERINTAHAN WAJIB YANG TIDAK BERKAITAN DENGAN PELAYANAN DASAR",
            "id_bidang_urusan": 207,
            "kode_bidang_urusan": "2.07",
            "nama_bidang_urusan": "URUSAN PEMERINTAHAN BIDANG TENAGA KERJA",
            "id_sub_skpd": 669,
            "kode_sub_skpd": "2.07.3.32.0.00.01.0000",
            "nama_sub_skpd": "Dinas Ketenagakerjaan dan Transmigrasi",
            "set_pagu_user": 0,
            "set_pagu_at": null,
            "id_program": 4451,
            "kode_program": "2.07.01",
            "nama_program": "PROGRAM PENUNJANG URUSAN PEMERINTAHAN DAERAH KABUPATEN/KOTA",
            "id_giat": 18378,
            "kode_giat": "2.07.01.2.08",
            "nama_giat": "Penyediaan Jasa Penunjang Urusan Pemerintahan Daerah",
            "pagu_giat": 254500000.0,
            "rinci_giat": null,
            "id_sub_giat": 60658,
            "kode_sub_giat": "2.07.01.2.08.0002",
            "nama_sub_giat": "Penyediaan Jasa Komunikasi, Sumber Daya Air dan Listrik",
            "pagu": 35000000.0,
            "pagu_indikatif": 35000000.0,
            "rincian": null,
            "kode_bl": "669.669.4451.18378",
            "kode_sbl": "669.669.4451.18378.60658",
            "kunci_bl": 1,
            "kunci_bl_rinci": 1,
            "user_created": "Sutrino, S.Pd, MPd",
            "created_date": "30-01-2025",
            "created_time": "15:02",
            "user_updated": "Sutrino, S.Pd, MPd",
            "updated_date": "02-07-2025",
            "updated_time": "11:18",
            "is_locked": 0
        },
        {
            "id_sub_bl": 61758,
            "id_daerah": 473,
            "tahun": 2026,
            "id_unit": 669,
            "id_skpd": 669,
            "created_user": 2342,
            "kode_skpd": "2.07.3.32.0.00.01.0000",
            "nama_skpd": "Dinas Ketenagakerjaan dan Transmigrasi",
            "id_urusan": 12,
            "kode_urusan": "2",
            "nama_urusan": "URUSAN PEMERINTAHAN WAJIB YANG TIDAK BERKAITAN DENGAN PELAYANAN DASAR",
            "id_bidang_urusan": 207,
            "kode_bidang_urusan": "2.07",
            "nama_bidang_urusan": "URUSAN PEMERINTAHAN BIDANG TENAGA KERJA",
            "id_sub_skpd": 669,
            "kode_sub_skpd": "2.07.3.32.0.00.01.0000",
            "nama_sub_skpd": "Dinas Ketenagakerjaan dan Transmigrasi",
            "set_pagu_user": 0,
            "set_pagu_at": null,
            "id_program": 4451,
            "kode_program": "2.07.01",
            "nama_program": "PROGRAM PENUNJANG URUSAN PEMERINTAHAN DAERAH KABUPATEN/KOTA",
            "id_giat": 18378,
            "kode_giat": "2.07.01.2.08",
            "nama_giat": "Penyediaan Jasa Penunjang Urusan Pemerintahan Daerah",
            "pagu_giat": 254500000.0,
            "rinci_giat": null,
            "id_sub_giat": 60660,
            "kode_sub_giat": "2.07.01.2.08.0004",
            "nama_sub_giat": "Penyediaan Jasa Pelayanan Umum Kantor",
            "pagu": 216000000.0,
            "pagu_indikatif": 216000000.0,
            "rincian": null,
            "kode_bl": "669.669.4451.18378",
            "kode_sbl": "669.669.4451.18378.60660",
            "kunci_bl": 1,
            "kunci_bl_rinci": 1,
            "user_created": "Sutrino, S.Pd, MPd",
            "created_date": "30-01-2025",
            "created_time": "15:13",
            "user_updated": "Sutrino, S.Pd, MPd",
            "updated_date": "02-07-2025",
            "updated_time": "11:19",
            "is_locked": 0
        },
        {
            "id_sub_bl": 62866,
            "id_daerah": 473,
            "tahun": 2026,
            "id_unit": 669,
            "id_skpd": 669,
            "created_user": 2342,
            "kode_skpd": "2.07.3.32.0.00.01.0000",
            "nama_skpd": "Dinas Ketenagakerjaan dan Transmigrasi",
            "id_urusan": 12,
            "kode_urusan": "2",
            "nama_urusan": "URUSAN PEMERINTAHAN WAJIB YANG TIDAK BERKAITAN DENGAN PELAYANAN DASAR",
            "id_bidang_urusan": 207,
            "kode_bidang_urusan": "2.07",
            "nama_bidang_urusan": "URUSAN PEMERINTAHAN BIDANG TENAGA KERJA",
            "id_sub_skpd": 669,
            "kode_sub_skpd": "2.07.3.32.0.00.01.0000",
            "nama_sub_skpd": "Dinas Ketenagakerjaan dan Transmigrasi",
            "set_pagu_user": 0,
            "set_pagu_at": null,
            "id_program": 4451,
            "kode_program": "2.07.01",
            "nama_program": "PROGRAM PENUNJANG URUSAN PEMERINTAHAN DAERAH KABUPATEN/KOTA",
            "id_giat": 18379,
            "kode_giat": "2.07.01.2.09",
            "nama_giat": "Pemeliharaan Barang Milik Daerah Penunjang Urusan Pemerintahan Daerah",
            "pagu_giat": 345000000.0,
            "rinci_giat": null,
            "id_sub_giat": 60662,
            "kode_sub_giat": "2.07.01.2.09.0002",
            "nama_sub_giat": "Penyediaan Jasa Pemeliharaan, Biaya Pemeliharaan, Pajak dan Perizinan Kendaraan Dinas Operasional atau Lapangan",
            "pagu": 65000000.0,
            "pagu_indikatif": 65000000.0,
            "rincian": null,
            "kode_bl": "669.669.4451.18379",
            "kode_sbl": "669.669.4451.18379.60662",
            "kunci_bl": 1,
            "kunci_bl_rinci": 1,
            "user_created": "Sutrino, S.Pd, MPd",
            "created_date": "31-01-2025",
            "created_time": "18:13",
            "user_updated": "Sutrino, S.Pd, MPd",
            "updated_date": "02-07-2025",
            "updated_time": "11:19",
            "is_locked": 0
        },
        {
            "id_sub_bl": 61789,
            "id_daerah": 473,
            "tahun": 2026,
            "id_unit": 669,
            "id_skpd": 669,
            "created_user": 2342,
            "kode_skpd": "2.07.3.32.0.00.01.0000",
            "nama_skpd": "Dinas Ketenagakerjaan dan Transmigrasi",
            "id_urusan": 12,
            "kode_urusan": "2",
            "nama_urusan": "URUSAN PEMERINTAHAN WAJIB YANG TIDAK BERKAITAN DENGAN PELAYANAN DASAR",
            "id_bidang_urusan": 207,
            "kode_bidang_urusan": "2.07",
            "nama_bidang_urusan": "URUSAN PEMERINTAHAN BIDANG TENAGA KERJA",
            "id_sub_skpd": 669,
            "kode_sub_skpd": "2.07.3.32.0.00.01.0000",
            "nama_sub_skpd": "Dinas Ketenagakerjaan dan Transmigrasi",
            "set_pagu_user": 0,
            "set_pagu_at": null,
            "id_program": 4451,
            "kode_program": "2.07.01",
            "nama_program": "PROGRAM PENUNJANG URUSAN PEMERINTAHAN DAERAH KABUPATEN/KOTA",
            "id_giat": 18379,
            "kode_giat": "2.07.01.2.09",
            "nama_giat": "Pemeliharaan Barang Milik Daerah Penunjang Urusan Pemerintahan Daerah",
            "pagu_giat": 345000000.0,
            "rinci_giat": null,
            "id_sub_giat": 60669,
            "kode_sub_giat": "2.07.01.2.09.0009",
            "nama_sub_giat": "Pemeliharaan/Rehabilitasi Gedung Kantor dan Bangunan Lainnya",
            "pagu": 280000000.0,
            "pagu_indikatif": 280000000.0,
            "rincian": null,
            "kode_bl": "669.669.4451.18379",
            "kode_sbl": "669.669.4451.18379.60669",
            "kunci_bl": 1,
            "kunci_bl_rinci": 1,
            "user_created": "Sutrino, S.Pd, MPd",
            "created_date": "30-01-2025",
            "created_time": "15:37",
            "user_updated": "Sutrino, S.Pd, MPd",
            "updated_date": "02-07-2025",
            "updated_time": "11:20",
            "is_locked": 0
        },
        {
            "id_sub_bl": 61817,
            "id_daerah": 473,
            "tahun": 2026,
            "id_unit": 669,
            "id_skpd": 669,
            "created_user": 2342,
            "kode_skpd": "2.07.3.32.0.00.01.0000",
            "nama_skpd": "Dinas Ketenagakerjaan dan Transmigrasi",
            "id_urusan": 13,
            "kode_urusan": "3",
            "nama_urusan": "URUSAN PEMERINTAHAN PILIHAN",
            "id_bidang_urusan": 232,
            "kode_bidang_urusan": "3.32",
            "nama_bidang_urusan": "URUSAN PEMERINTAHAN BIDANG TRANSMIGRASI",
            "id_sub_skpd": 669,
            "kode_sub_skpd": "2.07.3.32.0.00.01.0000",
            "nama_sub_skpd": "Dinas Ketenagakerjaan dan Transmigrasi",
            "set_pagu_user": 2342,
            "set_pagu_at": "Sun, 22 Jun 2025 13:38:57 GMT",
            "id_program": 4359,
            "kode_program": "3.32.03",
            "nama_program": "PROGRAM PEMBANGUNAN KAWASAN TRANSMIGRASI",
            "id_giat": 18097,
            "kode_giat": "3.32.03.2.01",
            "nama_giat": "Penataan Persebaran Penduduk yang Berasal dari 1 (Satu) Daerah Kabupaten/Kota",
            "pagu_giat": 0.0,
            "rinci_giat": null,
            "id_sub_giat": 58850,
            "kode_sub_giat": "3.32.03.2.01.0006",
            "nama_sub_giat": "Pelatihan Transmigrasi",
            "pagu": 0.0,
            "pagu_indikatif": 0.0,
            "rincian": null,
            "kode_bl": "669.669.4359.18097",
            "kode_sbl": "669.669.4359.18097.58850",
            "kunci_bl": 1,
            "kunci_bl_rinci": 1,
            "user_created": "Sutrino, S.Pd, MPd",
            "created_date": "30-01-2025",
            "created_time": "15:55",
            "user_updated": "Sutrino, S.Pd, MPd",
            "updated_date": "16-06-2025",
            "updated_time": "11:15",
            "is_locked": 0
        },
        {
            "id_sub_bl": 61818,
            "id_daerah": 473,
            "tahun": 2026,
            "id_unit": 669,
            "id_skpd": 669,
            "created_user": 2342,
            "kode_skpd": "2.07.3.32.0.00.01.0000",
            "nama_skpd": "Dinas Ketenagakerjaan dan Transmigrasi",
            "id_urusan": 13,
            "kode_urusan": "3",
            "nama_urusan": "URUSAN PEMERINTAHAN PILIHAN",
            "id_bidang_urusan": 232,
            "kode_bidang_urusan": "3.32",
            "nama_bidang_urusan": "URUSAN PEMERINTAHAN BIDANG TRANSMIGRASI",
            "id_sub_skpd": 669,
            "kode_sub_skpd": "2.07.3.32.0.00.01.0000",
            "nama_sub_skpd": "Dinas Ketenagakerjaan dan Transmigrasi",
            "set_pagu_user": 2342,
            "set_pagu_at": "Sun, 22 Jun 2025 13:38:57 GMT",
            "id_program": 4359,
            "kode_program": "3.32.03",
            "nama_program": "PROGRAM PEMBANGUNAN KAWASAN TRANSMIGRASI",
            "id_giat": 18097,
            "kode_giat": "3.32.03.2.01",
            "nama_giat": "Penataan Persebaran Penduduk yang Berasal dari 1 (Satu) Daerah Kabupaten/Kota",
            "pagu_giat": 0.0,
            "rinci_giat": null,
            "id_sub_giat": 58851,
            "kode_sub_giat": "3.32.03.2.01.0007",
            "nama_sub_giat": "Penyesuaian Lingkungan Baru Transmigran di Kawasan Transmigrasi",
            "pagu": 0.0,
            "pagu_indikatif": 0.0,
            "rincian": null,
            "kode_bl": "669.669.4359.18097",
            "kode_sbl": "669.669.4359.18097.58851",
            "kunci_bl": 1,
            "kunci_bl_rinci": 1,
            "user_created": "Sutrino, S.Pd, MPd",
            "created_date": "30-01-2025",
            "created_time": "15:56",
            "user_updated": "Sutrino, S.Pd, MPd",
            "updated_date": "16-06-2025",
            "updated_time": "11:27",
            "is_locked": 0
        },
        {
            "id_sub_bl": 61481,
            "id_daerah": 473,
            "tahun": 2026,
            "id_unit": 669,
            "id_skpd": 669,
            "created_user": 2342,
            "kode_skpd": "2.07.3.32.0.00.01.0000",
            "nama_skpd": "Dinas Ketenagakerjaan dan Transmigrasi",
            "id_urusan": 13,
            "kode_urusan": "3",
            "nama_urusan": "URUSAN PEMERINTAHAN PILIHAN",
            "id_bidang_urusan": 232,
            "kode_bidang_urusan": "3.32",
            "nama_bidang_urusan": "URUSAN PEMERINTAHAN BIDANG TRANSMIGRASI",
            "id_sub_skpd": 669,
            "kode_sub_skpd": "2.07.3.32.0.00.01.0000",
            "nama_sub_skpd": "Dinas Ketenagakerjaan dan Transmigrasi",
            "set_pagu_user": 0,
            "set_pagu_at": null,
            "id_program": 4361,
            "kode_program": "3.32.04",
            "nama_program": "PROGRAM PENGEMBANGAN KAWASAN TRANSMIGRASI",
            "id_giat": 18099,
            "kode_giat": "3.32.04.2.01",
            "nama_giat": "Pengembangan Satuan Permukiman pada Tahap Kemandirian",
            "pagu_giat": 1380000000.0,
            "rinci_giat": null,
            "id_sub_giat": 58868,
            "kode_sub_giat": "3.32.04.2.01.0002",
            "nama_sub_giat": "Penguatan Infrastruktur Sosial, Ekonomi dan Kelembagaan dalam rangka Kemandirian Satuan Pemukiman",
            "pagu": 1380000000.0,
            "pagu_indikatif": 1380000000.0,
            "rincian": null,
            "kode_bl": "669.669.4361.18099",
            "kode_sbl": "669.669.4361.18099.58868",
            "kunci_bl": 1,
            "kunci_bl_rinci": 1,
            "user_created": "Sutrino, S.Pd, MPd",
            "created_date": "30-01-2025",
            "created_time": "11:30",
            "user_updated": "Sutrino, S.Pd, MPd",
            "updated_date": "02-07-2025",
            "updated_time": "11:09",
            "is_locked": 0
        },
        {
            "id_sub_bl": 73124,
            "id_daerah": 473,
            "tahun": 2026,
            "id_unit": 669,
            "id_skpd": 669,
            "created_user": 2342,
            "kode_skpd": "2.07.3.32.0.00.01.0000",
            "nama_skpd": "Dinas Ketenagakerjaan dan Transmigrasi",
            "id_urusan": 12,
            "kode_urusan": "2",
            "nama_urusan": "URUSAN PEMERINTAHAN WAJIB YANG TIDAK BERKAITAN DENGAN PELAYANAN DASAR",
            "id_bidang_urusan": 207,
            "kode_bidang_urusan": "2.07",
            "nama_bidang_urusan": "URUSAN PEMERINTAHAN BIDANG TENAGA KERJA",
            "id_sub_skpd": 1068,
            "kode_sub_skpd": "2.07.3.32.0.00.01.0001",
            "nama_sub_skpd": "UPTD BALAI LATIHAN KERJA KELAS A",
            "set_pagu_user": 0,
            "set_pagu_at": null,
            "id_program": 3500,
            "kode_program": "2.07.03",
            "nama_program": "PROGRAM PELATIHAN KERJA DAN PRODUKTIVITAS TENAGA KERJA",
            "id_giat": 15848,
            "kode_giat": "2.07.03.2.01",
            "nama_giat": "Pelaksanaan Pelatihan berdasarkan Unit Kompetensi",
            "pagu_giat": 350000000.0,
            "rinci_giat": null,
            "id_sub_giat": 52988,
            "kode_sub_giat": "2.07.03.2.01.0001",
            "nama_sub_giat": "Proses Pelaksanaan Pendidikan dan Pelatihan Keterampilan bagi Pencari Kerja berdasarkan Klaster Kompetensi",
            "pagu": 350000000.0,
            "pagu_indikatif": 350000000.0,
            "rincian": null,
            "kode_bl": "669.1068.3500.15848",
            "kode_sbl": "669.1068.3500.15848.52988",
            "kunci_bl": 1,
            "kunci_bl_rinci": 1,
            "user_created": "Sutrino, S.Pd, MPd",
            "created_date": "21-03-2025",
            "created_time": "12:18",
            "user_updated": "Sutrino, S.Pd, MPd",
            "updated_date": "02-07-2025",
            "updated_time": "11:22",
            "is_locked": 0
        },
        {
            "id_sub_bl": 61819,
            "id_daerah": 473,
            "tahun": 2026,
            "id_unit": 669,
            "id_skpd": 669,
            "created_user": 2342,
            "kode_skpd": "2.07.3.32.0.00.01.0000",
            "nama_skpd": "Dinas Ketenagakerjaan dan Transmigrasi",
            "id_urusan": 12,
            "kode_urusan": "2",
            "nama_urusan": "URUSAN PEMERINTAHAN WAJIB YANG TIDAK BERKAITAN DENGAN PELAYANAN DASAR",
            "id_bidang_urusan": 207,
            "kode_bidang_urusan": "2.07",
            "nama_bidang_urusan": "URUSAN PEMERINTAHAN BIDANG TENAGA KERJA",
            "id_sub_skpd": 1068,
            "kode_sub_skpd": "2.07.3.32.0.00.01.0001",
            "nama_sub_skpd": "UPTD BALAI LATIHAN KERJA KELAS A",
            "set_pagu_user": 0,
            "set_pagu_at": null,
            "id_program": 4451,
            "kode_program": "2.07.01",
            "nama_program": "PROGRAM PENUNJANG URUSAN PEMERINTAHAN DAERAH KABUPATEN/KOTA",
            "id_giat": 18372,
            "kode_giat": "2.07.01.2.02",
            "nama_giat": "Administrasi Keuangan Perangkat Daerah",
            "pagu_giat": 18000000.0,
            "rinci_giat": null,
            "id_sub_giat": 60603,
            "kode_sub_giat": "2.07.01.2.02.0002",
            "nama_sub_giat": "Penyediaan Administrasi Pelaksanaan Tugas ASN",
            "pagu": 18000000.0,
            "pagu_indikatif": 18000000.0,
            "rincian": null,
            "kode_bl": "669.1068.4451.18372",
            "kode_sbl": "669.1068.4451.18372.60603",
            "kunci_bl": 1,
            "kunci_bl_rinci": 1,
            "user_created": "Sutrino, S.Pd, MPd",
            "created_date": "30-01-2025",
            "created_time": "15:58",
            "user_updated": "Sutrino, S.Pd, MPd",
            "updated_date": "02-07-2025",
            "updated_time": "11:22",
            "is_locked": 0
        },
        {
            "id_sub_bl": 61822,
            "id_daerah": 473,
            "tahun": 2026,
            "id_unit": 669,
            "id_skpd": 669,
            "created_user": 2342,
            "kode_skpd": "2.07.3.32.0.00.01.0000",
            "nama_skpd": "Dinas Ketenagakerjaan dan Transmigrasi",
            "id_urusan": 12,
            "kode_urusan": "2",
            "nama_urusan": "URUSAN PEMERINTAHAN WAJIB YANG TIDAK BERKAITAN DENGAN PELAYANAN DASAR",
            "id_bidang_urusan": 207,
            "kode_bidang_urusan": "2.07",
            "nama_bidang_urusan": "URUSAN PEMERINTAHAN BIDANG TENAGA KERJA",
            "id_sub_skpd": 1068,
            "kode_sub_skpd": "2.07.3.32.0.00.01.0001",
            "nama_sub_skpd": "UPTD BALAI LATIHAN KERJA KELAS A",
            "set_pagu_user": 0,
            "set_pagu_at": null,
            "id_program": 4451,
            "kode_program": "2.07.01",
            "nama_program": "PROGRAM PENUNJANG URUSAN PEMERINTAHAN DAERAH KABUPATEN/KOTA",
            "id_giat": 18376,
            "kode_giat": "2.07.01.2.06",
            "nama_giat": "Administrasi Umum Perangkat Daerah",
            "pagu_giat": 37200000.0,
            "rinci_giat": null,
            "id_sub_giat": 60635,
            "kode_sub_giat": "2.07.01.2.06.0001",
            "nama_sub_giat": "Penyediaan Komponen Instalasi\r\n\nListrik/Penerangan Bangunan Kantor",
            "pagu": 3000000.0,
            "pagu_indikatif": 3000000.0,
            "rincian": null,
            "kode_bl": "669.1068.4451.18376",
            "kode_sbl": "669.1068.4451.18376.60635",
            "kunci_bl": 1,
            "kunci_bl_rinci": 1,
            "user_created": "Sutrino, S.Pd, MPd",
            "created_date": "30-01-2025",
            "created_time": "16:01",
            "user_updated": "Sutrino, S.Pd, MPd",
            "updated_date": "02-07-2025",
            "updated_time": "11:22",
            "is_locked": 0
        },
        {
            "id_sub_bl": 61824,
            "id_daerah": 473,
            "tahun": 2026,
            "id_unit": 669,
            "id_skpd": 669,
            "created_user": 2342,
            "kode_skpd": "2.07.3.32.0.00.01.0000",
            "nama_skpd": "Dinas Ketenagakerjaan dan Transmigrasi",
            "id_urusan": 12,
            "kode_urusan": "2",
            "nama_urusan": "URUSAN PEMERINTAHAN WAJIB YANG TIDAK BERKAITAN DENGAN PELAYANAN DASAR",
            "id_bidang_urusan": 207,
            "kode_bidang_urusan": "2.07",
            "nama_bidang_urusan": "URUSAN PEMERINTAHAN BIDANG TENAGA KERJA",
            "id_sub_skpd": 1068,
            "kode_sub_skpd": "2.07.3.32.0.00.01.0001",
            "nama_sub_skpd": "UPTD BALAI LATIHAN KERJA KELAS A",
            "set_pagu_user": 0,
            "set_pagu_at": null,
            "id_program": 4451,
            "kode_program": "2.07.01",
            "nama_program": "PROGRAM PENUNJANG URUSAN PEMERINTAHAN DAERAH KABUPATEN/KOTA",
            "id_giat": 18376,
            "kode_giat": "2.07.01.2.06",
            "nama_giat": "Administrasi Umum Perangkat Daerah",
            "pagu_giat": 37200000.0,
            "rinci_giat": null,
            "id_sub_giat": 60638,
            "kode_sub_giat": "2.07.01.2.06.0004",
            "nama_sub_giat": "Penyediaan Bahan Logistik Kantor",
            "pagu": 32200000.0,
            "pagu_indikatif": 32200000.0,
            "rincian": null,
            "kode_bl": "669.1068.4451.18376",
            "kode_sbl": "669.1068.4451.18376.60638",
            "kunci_bl": 1,
            "kunci_bl_rinci": 1,
            "user_created": "Sutrino, S.Pd, MPd",
            "created_date": "30-01-2025",
            "created_time": "16:03",
            "user_updated": "Sutrino, S.Pd, MPd",
            "updated_date": "02-07-2025",
            "updated_time": "11:23",
            "is_locked": 0
        },
        {
            "id_sub_bl": 61826,
            "id_daerah": 473,
            "tahun": 2026,
            "id_unit": 669,
            "id_skpd": 669,
            "created_user": 2342,
            "kode_skpd": "2.07.3.32.0.00.01.0000",
            "nama_skpd": "Dinas Ketenagakerjaan dan Transmigrasi",
            "id_urusan": 12,
            "kode_urusan": "2",
            "nama_urusan": "URUSAN PEMERINTAHAN WAJIB YANG TIDAK BERKAITAN DENGAN PELAYANAN DASAR",
            "id_bidang_urusan": 207,
            "kode_bidang_urusan": "2.07",
            "nama_bidang_urusan": "URUSAN PEMERINTAHAN BIDANG TENAGA KERJA",
            "id_sub_skpd": 1068,
            "kode_sub_skpd": "2.07.3.32.0.00.01.0001",
            "nama_sub_skpd": "UPTD BALAI LATIHAN KERJA KELAS A",
            "set_pagu_user": 0,
            "set_pagu_at": null,
            "id_program": 4451,
            "kode_program": "2.07.01",
            "nama_program": "PROGRAM PENUNJANG URUSAN PEMERINTAHAN DAERAH KABUPATEN/KOTA",
            "id_giat": 18376,
            "kode_giat": "2.07.01.2.06",
            "nama_giat": "Administrasi Umum Perangkat Daerah",
            "pagu_giat": 37200000.0,
            "rinci_giat": null,
            "id_sub_giat": 60640,
            "kode_sub_giat": "2.07.01.2.06.0006",
            "nama_sub_giat": "Penyediaan Bahan Bacaan dan Peraturan Perundang-undangan",
            "pagu": 2000000.0,
            "pagu_indikatif": 2000000.0,
            "rincian": null,
            "kode_bl": "669.1068.4451.18376",
            "kode_sbl": "669.1068.4451.18376.60640",
            "kunci_bl": 1,
            "kunci_bl_rinci": 1,
            "user_created": "Sutrino, S.Pd, MPd",
            "created_date": "30-01-2025",
            "created_time": "16:04",
            "user_updated": "Sutrino, S.Pd, MPd",
            "updated_date": "02-07-2025",
            "updated_time": "11:23",
            "is_locked": 0
        },
        {
            "id_sub_bl": 61828,
            "id_daerah": 473,
            "tahun": 2026,
            "id_unit": 669,
            "id_skpd": 669,
            "created_user": 2342,
            "kode_skpd": "2.07.3.32.0.00.01.0000",
            "nama_skpd": "Dinas Ketenagakerjaan dan Transmigrasi",
            "id_urusan": 12,
            "kode_urusan": "2",
            "nama_urusan": "URUSAN PEMERINTAHAN WAJIB YANG TIDAK BERKAITAN DENGAN PELAYANAN DASAR",
            "id_bidang_urusan": 207,
            "kode_bidang_urusan": "2.07",
            "nama_bidang_urusan": "URUSAN PEMERINTAHAN BIDANG TENAGA KERJA",
            "id_sub_skpd": 1068,
            "kode_sub_skpd": "2.07.3.32.0.00.01.0001",
            "nama_sub_skpd": "UPTD BALAI LATIHAN KERJA KELAS A",
            "set_pagu_user": 0,
            "set_pagu_at": null,
            "id_program": 4451,
            "kode_program": "2.07.01",
            "nama_program": "PROGRAM PENUNJANG URUSAN PEMERINTAHAN DAERAH KABUPATEN/KOTA",
            "id_giat": 18378,
            "kode_giat": "2.07.01.2.08",
            "nama_giat": "Penyediaan Jasa Penunjang Urusan Pemerintahan Daerah",
            "pagu_giat": 59000000.0,
            "rinci_giat": null,
            "id_sub_giat": 60658,
            "kode_sub_giat": "2.07.01.2.08.0002",
            "nama_sub_giat": "Penyediaan Jasa Komunikasi, Sumber Daya Air dan Listrik",
            "pagu": 15800000.0,
            "pagu_indikatif": 15800000.0,
            "rincian": null,
            "kode_bl": "669.1068.4451.18378",
            "kode_sbl": "669.1068.4451.18378.60658",
            "kunci_bl": 1,
            "kunci_bl_rinci": 1,
            "user_created": "Sutrino, S.Pd, MPd",
            "created_date": "30-01-2025",
            "created_time": "16:05",
            "user_updated": "Sutrino, S.Pd, MPd",
            "updated_date": "02-07-2025",
            "updated_time": "11:23",
            "is_locked": 0
        },
        {
            "id_sub_bl": 61829,
            "id_daerah": 473,
            "tahun": 2026,
            "id_unit": 669,
            "id_skpd": 669,
            "created_user": 2342,
            "kode_skpd": "2.07.3.32.0.00.01.0000",
            "nama_skpd": "Dinas Ketenagakerjaan dan Transmigrasi",
            "id_urusan": 12,
            "kode_urusan": "2",
            "nama_urusan": "URUSAN PEMERINTAHAN WAJIB YANG TIDAK BERKAITAN DENGAN PELAYANAN DASAR",
            "id_bidang_urusan": 207,
            "kode_bidang_urusan": "2.07",
            "nama_bidang_urusan": "URUSAN PEMERINTAHAN BIDANG TENAGA KERJA",
            "id_sub_skpd": 1068,
            "kode_sub_skpd": "2.07.3.32.0.00.01.0001",
            "nama_sub_skpd": "UPTD BALAI LATIHAN KERJA KELAS A",
            "set_pagu_user": 0,
            "set_pagu_at": null,
            "id_program": 4451,
            "kode_program": "2.07.01",
            "nama_program": "PROGRAM PENUNJANG URUSAN PEMERINTAHAN DAERAH KABUPATEN/KOTA",
            "id_giat": 18378,
            "kode_giat": "2.07.01.2.08",
            "nama_giat": "Penyediaan Jasa Penunjang Urusan Pemerintahan Daerah",
            "pagu_giat": 59000000.0,
            "rinci_giat": null,
            "id_sub_giat": 60660,
            "kode_sub_giat": "2.07.01.2.08.0004",
            "nama_sub_giat": "Penyediaan Jasa Pelayanan Umum Kantor",
            "pagu": 43200000.0,
            "pagu_indikatif": 43200000.0,
            "rincian": null,
            "kode_bl": "669.1068.4451.18378",
            "kode_sbl": "669.1068.4451.18378.60660",
            "kunci_bl": 1,
            "kunci_bl_rinci": 1,
            "user_created": "Sutrino, S.Pd, MPd",
            "created_date": "30-01-2025",
            "created_time": "16:06",
            "user_updated": "Sutrino, S.Pd, MPd",
            "updated_date": "02-07-2025",
            "updated_time": "11:24",
            "is_locked": 0
        },
        {
            "id_sub_bl": 61831,
            "id_daerah": 473,
            "tahun": 2026,
            "id_unit": 669,
            "id_skpd": 669,
            "created_user": 2342,
            "kode_skpd": "2.07.3.32.0.00.01.0000",
            "nama_skpd": "Dinas Ketenagakerjaan dan Transmigrasi",
            "id_urusan": 12,
            "kode_urusan": "2",
            "nama_urusan": "URUSAN PEMERINTAHAN WAJIB YANG TIDAK BERKAITAN DENGAN PELAYANAN DASAR",
            "id_bidang_urusan": 207,
            "kode_bidang_urusan": "2.07",
            "nama_bidang_urusan": "URUSAN PEMERINTAHAN BIDANG TENAGA KERJA",
            "id_sub_skpd": 1068,
            "kode_sub_skpd": "2.07.3.32.0.00.01.0001",
            "nama_sub_skpd": "UPTD BALAI LATIHAN KERJA KELAS A",
            "set_pagu_user": 0,
            "set_pagu_at": null,
            "id_program": 4451,
            "kode_program": "2.07.01",
            "nama_program": "PROGRAM PENUNJANG URUSAN PEMERINTAHAN DAERAH KABUPATEN/KOTA",
            "id_giat": 18379,
            "kode_giat": "2.07.01.2.09",
            "nama_giat": "Pemeliharaan Barang Milik Daerah Penunjang Urusan Pemerintahan Daerah",
            "pagu_giat": 200000000.0,
            "rinci_giat": null,
            "id_sub_giat": 60669,
            "kode_sub_giat": "2.07.01.2.09.0009",
            "nama_sub_giat": "Pemeliharaan/Rehabilitasi Gedung Kantor dan Bangunan Lainnya",
            "pagu": 200000000.0,
            "pagu_indikatif": 200000000.0,
            "rincian": null,
            "kode_bl": "669.1068.4451.18379",
            "kode_sbl": "669.1068.4451.18379.60669",
            "kunci_bl": 1,
            "kunci_bl_rinci": 1,
            "user_created": "Sutrino, S.Pd, MPd",
            "created_date": "30-01-2025",
            "created_time": "16:07",
            "user_updated": "Sutrino, S.Pd, MPd",
            "updated_date": "02-07-2025",
            "updated_time": "11:24",
            "is_locked": 0
        }
    ]