[
        {
            "id_sub_bl": 63798,
            "id_daerah": 473,
            "tahun": 2026,
            "id_unit": 996,
            "id_skpd": 996,
            "created_user": 6959,
            "kode_skpd": "2.08.0.00.0.00.01.0000",
            "nama_skpd": "Dinas Pemberdayaan Perempuan dan Perlindungan Anak",
            "id_urusan": 12,
            "kode_urusan": "2",
            "nama_urusan": "URUSAN PEMERINTAHAN WAJIB YANG TIDAK BERKAITAN DENGAN PELAYANAN DASAR",
            "id_bidang_urusan": 208,
            "kode_bidang_urusan": "2.08",
            "nama_bidang_urusan": "URUSAN PEMERINTAHAN BIDANG PEMBERDAYAAN PEREMPUAN DAN PERLINDUNGAN ANAK",
            "id_sub_skpd": 996,
            "kode_sub_skpd": "2.08.0.00.0.00.01.0000",
            "nama_sub_skpd": "Dinas Pemberdayaan Perempuan dan Perlindungan Anak",
            "set_pagu_user": 6959,
            "set_pagu_at": "Thu, 03 Jul 2025 11:12:56 GMT",
            "id_program": 3523,
            "kode_program": "2.08.02",
            "nama_program": "PROGRAM PENGARUSUTAMAAN GENDER DAN PEMBERDAYAAN PEREMPUAN",
            "id_giat": 15894,
            "kode_giat": "2.08.02.2.01",
            "nama_giat": "Pelembagaan Pengarusutamaan Gender (PUG) pada Lembaga Pemerintah Kewenangan Kabupaten/Kota",
            "pagu_giat": 30000000.0,
            "rinci_giat": null,
            "id_sub_giat": 53116,
            "kode_sub_giat": "2.08.02.2.01.0013",
            "nama_sub_giat": "Advokasi dan sosialisasi penyelenggaraan PUG kewenangan Kabupaten/Kota",
            "pagu": 30000000.0,
            "pagu_indikatif": 30000000.0,
            "rincian": null,
            "kode_bl": "996.996.3523.15894",
            "kode_sbl": "996.996.3523.15894.53116",
            "kunci_bl": 1,
            "kunci_bl_rinci": 1,
            "user_created": "Solita Meida, S.Pd",
            "created_date": "03-02-2025",
            "created_time": "11:59",
            "user_updated": "Solita Meida, S.Pd",
            "updated_date": "03-02-2025",
            "updated_time": "12:00",
            "is_locked": 0
        },
        {
            "id_sub_bl": 64229,
            "id_daerah": 473,
            "tahun": 2026,
            "id_unit": 996,
            "id_skpd": 996,
            "created_user": 6959,
            "kode_skpd": "2.08.0.00.0.00.01.0000",
            "nama_skpd": "Dinas Pemberdayaan Perempuan dan Perlindungan Anak",
            "id_urusan": 12,
            "kode_urusan": "2",
            "nama_urusan": "URUSAN PEMERINTAHAN WAJIB YANG TIDAK BERKAITAN DENGAN PELAYANAN DASAR",
            "id_bidang_urusan": 208,
            "kode_bidang_urusan": "2.08",
            "nama_bidang_urusan": "URUSAN PEMERINTAHAN BIDANG PEMBERDAYAAN PEREMPUAN DAN PERLINDUNGAN ANAK",
            "id_sub_skpd": 996,
            "kode_sub_skpd": "2.08.0.00.0.00.01.0000",
            "nama_sub_skpd": "Dinas Pemberdayaan Perempuan dan Perlindungan Anak",
            "set_pagu_user": 6959,
            "set_pagu_at": "Thu, 03 Jul 2025 11:12:56 GMT",
            "id_program": 3525,
            "kode_program": "2.08.03",
            "nama_program": "PROGRAM PERLINDUNGAN PEREMPUAN",
            "id_giat": 15900,
            "kode_giat": "2.08.03.2.01",
            "nama_giat": "Pencegahan Kekerasan Terhadap Perempuan Lingkup Daerah Kabupaten/Kota",
            "pagu_giat": 50750000.0,
            "rinci_giat": null,
            "id_sub_giat": 53150,
            "kode_sub_giat": "2.08.03.2.01.0006",
            "nama_sub_giat": "Advokasi dan sosialisasi pencegahan KtP dan TPPO kepada pengambil kebijakan dan pemangku kepentingan Kewenangan Kabupaten/Kota",
            "pagu": 50750000.0,
            "pagu_indikatif": 50750000.0,
            "rincian": null,
            "kode_bl": "996.996.3525.15900",
            "kode_sbl": "996.996.3525.15900.53150",
            "kunci_bl": 1,
            "kunci_bl_rinci": 1,
            "user_created": "Solita Meida, S.Pd",
            "created_date": "03-02-2025",
            "created_time": "19:44",
            "user_updated": null,
            "updated_date": null,
            "updated_time": null,
            "is_locked": 0
        },
        {
            "id_sub_bl": 64239,
            "id_daerah": 473,
            "tahun": 2026,
            "id_unit": 996,
            "id_skpd": 996,
            "created_user": 6959,
            "kode_skpd": "2.08.0.00.0.00.01.0000",
            "nama_skpd": "Dinas Pemberdayaan Perempuan dan Perlindungan Anak",
            "id_urusan": 12,
            "kode_urusan": "2",
            "nama_urusan": "URUSAN PEMERINTAHAN WAJIB YANG TIDAK BERKAITAN DENGAN PELAYANAN DASAR",
            "id_bidang_urusan": 208,
            "kode_bidang_urusan": "2.08",
            "nama_bidang_urusan": "URUSAN PEMERINTAHAN BIDANG PEMBERDAYAAN PEREMPUAN DAN PERLINDUNGAN ANAK",
            "id_sub_skpd": 996,
            "kode_sub_skpd": "2.08.0.00.0.00.01.0000",
            "nama_sub_skpd": "Dinas Pemberdayaan Perempuan dan Perlindungan Anak",
            "set_pagu_user": 6959,
            "set_pagu_at": "Thu, 03 Jul 2025 11:12:56 GMT",
            "id_program": 3525,
            "kode_program": "2.08.03",
            "nama_program": "PROGRAM PERLINDUNGAN PEREMPUAN",
            "id_giat": 15902,
            "kode_giat": "2.08.03.2.03",
            "nama_giat": "Penguatan dan Pengembangan Lembaga Penyedia Layanan Perlindungan Perempuan Tingkat Daerah Kabupaten/Kota",
            "pagu_giat": 34510000.0,
            "rinci_giat": null,
            "id_sub_giat": 53162,
            "kode_sub_giat": "2.08.03.2.03.0008",
            "nama_sub_giat": "Peningkatan Kapasitas Lembaga Penyedia Layanan Perlindungan Perempuan Kewenangan Kabupaten/Kota",
            "pagu": 34510000.0,
            "pagu_indikatif": 34510000.0,
            "rincian": null,
            "kode_bl": "996.996.3525.15902",
            "kode_sbl": "996.996.3525.15902.53162",
            "kunci_bl": 1,
            "kunci_bl_rinci": 1,
            "user_created": "Solita Meida, S.Pd",
            "created_date": "03-02-2025",
            "created_time": "19:48",
            "user_updated": "Solita Meida, S.Pd",
            "updated_date": "03-02-2025",
            "updated_time": "20:02",
            "is_locked": 0
        },
        {
            "id_sub_bl": 64351,
            "id_daerah": 473,
            "tahun": 2026,
            "id_unit": 996,
            "id_skpd": 996,
            "created_user": 6959,
            "kode_skpd": "2.08.0.00.0.00.01.0000",
            "nama_skpd": "Dinas Pemberdayaan Perempuan dan Perlindungan Anak",
            "id_urusan": 12,
            "kode_urusan": "2",
            "nama_urusan": "URUSAN PEMERINTAHAN WAJIB YANG TIDAK BERKAITAN DENGAN PELAYANAN DASAR",
            "id_bidang_urusan": 208,
            "kode_bidang_urusan": "2.08",
            "nama_bidang_urusan": "URUSAN PEMERINTAHAN BIDANG PEMBERDAYAAN PEREMPUAN DAN PERLINDUNGAN ANAK",
            "id_sub_skpd": 996,
            "kode_sub_skpd": "2.08.0.00.0.00.01.0000",
            "nama_sub_skpd": "Dinas Pemberdayaan Perempuan dan Perlindungan Anak",
            "set_pagu_user": 6959,
            "set_pagu_at": "Thu, 03 Jul 2025 11:12:56 GMT",
            "id_program": 3527,
            "kode_program": "2.08.04",
            "nama_program": "PROGRAM PENINGKATAN KUALITAS KELUARGA",
            "id_giat": 15906,
            "kode_giat": "2.08.04.2.01",
            "nama_giat": "Peningkatan Kualitas Keluarga dalam Mewujudkan Kesetaraan Gender (KG) dan Hak Anak Tingkat Daerah Kabupaten/Kota",
            "pagu_giat": 300000000.0,
            "rinci_giat": null,
            "id_sub_giat": 53179,
            "kode_sub_giat": "2.08.04.2.01.0005",
            "nama_sub_giat": "Penyusunan Kebijakan mengenai peningkatan kualitas keluarga  Kewenangan Kabupaten/Kota",
            "pagu": 300000000.0,
            "pagu_indikatif": 300000000.0,
            "rincian": null,
            "kode_bl": "996.996.3527.15906",
            "kode_sbl": "996.996.3527.15906.53179",
            "kunci_bl": 1,
            "kunci_bl_rinci": 1,
            "user_created": "Solita Meida, S.Pd",
            "created_date": "03-02-2025",
            "created_time": "21:04",
            "user_updated": "Solita Meida, S.Pd",
            "updated_date": "21-03-2025",
            "updated_time": "11:59",
            "is_locked": 0
        },
        {
            "id_sub_bl": 64304,
            "id_daerah": 473,
            "tahun": 2026,
            "id_unit": 996,
            "id_skpd": 996,
            "created_user": 6959,
            "kode_skpd": "2.08.0.00.0.00.01.0000",
            "nama_skpd": "Dinas Pemberdayaan Perempuan dan Perlindungan Anak",
            "id_urusan": 12,
            "kode_urusan": "2",
            "nama_urusan": "URUSAN PEMERINTAHAN WAJIB YANG TIDAK BERKAITAN DENGAN PELAYANAN DASAR",
            "id_bidang_urusan": 208,
            "kode_bidang_urusan": "2.08",
            "nama_bidang_urusan": "URUSAN PEMERINTAHAN BIDANG PEMBERDAYAAN PEREMPUAN DAN PERLINDUNGAN ANAK",
            "id_sub_skpd": 996,
            "kode_sub_skpd": "2.08.0.00.0.00.01.0000",
            "nama_sub_skpd": "Dinas Pemberdayaan Perempuan dan Perlindungan Anak",
            "set_pagu_user": 6959,
            "set_pagu_at": "Thu, 03 Jul 2025 11:12:56 GMT",
            "id_program": 3527,
            "kode_program": "2.08.04",
            "nama_program": "PROGRAM PENINGKATAN KUALITAS KELUARGA",
            "id_giat": 15907,
            "kode_giat": "2.08.04.2.02",
            "nama_giat": "Penguatan dan Pengembangan Lembaga Penyedia Layanan Peningkatan Kualitas Keluarga dalam Mewujudkan KG dan Hak Anak yang Wilayah Kerjanya dalam Daerah Kabupaten/Kota",
            "pagu_giat": 400000000.0,
            "rinci_giat": null,
            "id_sub_giat": 53184,
            "kode_sub_giat": "2.08.04.2.02.0006",
            "nama_sub_giat": "penguatan kerjasama antar Lembaga Penyedia Layanan Peningkatan Kualitas Keluarga Kewenangan Kabupaten/Kota",
            "pagu": 100000000.0,
            "pagu_indikatif": 100000000.0,
            "rincian": null,
            "kode_bl": "996.996.3527.15907",
            "kode_sbl": "996.996.3527.15907.53184",
            "kunci_bl": 1,
            "kunci_bl_rinci": 1,
            "user_created": "Solita Meida, S.Pd",
            "created_date": "03-02-2025",
            "created_time": "20:38",
            "user_updated": null,
            "updated_date": null,
            "updated_time": null,
            "is_locked": 0
        },
        {
            "id_sub_bl": 64300,
            "id_daerah": 473,
            "tahun": 2026,
            "id_unit": 996,
            "id_skpd": 996,
            "created_user": 6959,
            "kode_skpd": "2.08.0.00.0.00.01.0000",
            "nama_skpd": "Dinas Pemberdayaan Perempuan dan Perlindungan Anak",
            "id_urusan": 12,
            "kode_urusan": "2",
            "nama_urusan": "URUSAN PEMERINTAHAN WAJIB YANG TIDAK BERKAITAN DENGAN PELAYANAN DASAR",
            "id_bidang_urusan": 208,
            "kode_bidang_urusan": "2.08",
            "nama_bidang_urusan": "URUSAN PEMERINTAHAN BIDANG PEMBERDAYAAN PEREMPUAN DAN PERLINDUNGAN ANAK",
            "id_sub_skpd": 996,
            "kode_sub_skpd": "2.08.0.00.0.00.01.0000",
            "nama_sub_skpd": "Dinas Pemberdayaan Perempuan dan Perlindungan Anak",
            "set_pagu_user": 6959,
            "set_pagu_at": "Thu, 03 Jul 2025 11:12:56 GMT",
            "id_program": 3527,
            "kode_program": "2.08.04",
            "nama_program": "PROGRAM PENINGKATAN KUALITAS KELUARGA",
            "id_giat": 15907,
            "kode_giat": "2.08.04.2.02",
            "nama_giat": "Penguatan dan Pengembangan Lembaga Penyedia Layanan Peningkatan Kualitas Keluarga dalam Mewujudkan KG dan Hak Anak yang Wilayah Kerjanya dalam Daerah Kabupaten/Kota",
            "pagu_giat": 400000000.0,
            "rinci_giat": null,
            "id_sub_giat": 53185,
            "kode_sub_giat": "2.08.04.2.02.0007",
            "nama_sub_giat": "peningkatan kapasitas Lembaga Penyedia Layanan Peningkatan Kualitas Keluarga Kewenangan Kabupaten/Kota",
            "pagu": 300000000.0,
            "pagu_indikatif": 300000000.0,
            "rincian": null,
            "kode_bl": "996.996.3527.15907",
            "kode_sbl": "996.996.3527.15907.53185",
            "kunci_bl": 1,
            "kunci_bl_rinci": 1,
            "user_created": "Solita Meida, S.Pd",
            "created_date": "03-02-2025",
            "created_time": "20:35",
            "user_updated": null,
            "updated_date": null,
            "updated_time": null,
            "is_locked": 0
        },
        {
            "id_sub_bl": 64308,
            "id_daerah": 473,
            "tahun": 2026,
            "id_unit": 996,
            "id_skpd": 996,
            "created_user": 6959,
            "kode_skpd": "2.08.0.00.0.00.01.0000",
            "nama_skpd": "Dinas Pemberdayaan Perempuan dan Perlindungan Anak",
            "id_urusan": 12,
            "kode_urusan": "2",
            "nama_urusan": "URUSAN PEMERINTAHAN WAJIB YANG TIDAK BERKAITAN DENGAN PELAYANAN DASAR",
            "id_bidang_urusan": 208,
            "kode_bidang_urusan": "2.08",
            "nama_bidang_urusan": "URUSAN PEMERINTAHAN BIDANG PEMBERDAYAAN PEREMPUAN DAN PERLINDUNGAN ANAK",
            "id_sub_skpd": 996,
            "kode_sub_skpd": "2.08.0.00.0.00.01.0000",
            "nama_sub_skpd": "Dinas Pemberdayaan Perempuan dan Perlindungan Anak",
            "set_pagu_user": 6959,
            "set_pagu_at": "Thu, 03 Jul 2025 11:12:56 GMT",
            "id_program": 3529,
            "kode_program": "2.08.05",
            "nama_program": "PROGRAM PENGELOLAAN SISTEM DATA GENDER DAN ANAK",
            "id_giat": 15910,
            "kode_giat": "2.08.05.2.01",
            "nama_giat": "Pengumpulan, Pengolahan Analisis dan Penyajian Data Gender dan Anak Dalam Kelembagaan Data di Tingkat Daerah Kabupaten/Kota",
            "pagu_giat": 70000000.0,
            "rinci_giat": null,
            "id_sub_giat": 53195,
            "kode_sub_giat": "2.08.05.2.01.0003",
            "nama_sub_giat": "Penyediaan, Penyajian, dan Pemanfaatan Data Gender dan Anak Kabupaten/Kota",
            "pagu": 70000000.0,
            "pagu_indikatif": 70000000.0,
            "rincian": null,
            "kode_bl": "996.996.3529.15910",
            "kode_sbl": "996.996.3529.15910.53195",
            "kunci_bl": 1,
            "kunci_bl_rinci": 1,
            "user_created": "Solita Meida, S.Pd",
            "created_date": "03-02-2025",
            "created_time": "20:41",
            "user_updated": null,
            "updated_date": null,
            "updated_time": null,
            "is_locked": 0
        },
        {
            "id_sub_bl": 64316,
            "id_daerah": 473,
            "tahun": 2026,
            "id_unit": 996,
            "id_skpd": 996,
            "created_user": 6959,
            "kode_skpd": "2.08.0.00.0.00.01.0000",
            "nama_skpd": "Dinas Pemberdayaan Perempuan dan Perlindungan Anak",
            "id_urusan": 12,
            "kode_urusan": "2",
            "nama_urusan": "URUSAN PEMERINTAHAN WAJIB YANG TIDAK BERKAITAN DENGAN PELAYANAN DASAR",
            "id_bidang_urusan": 208,
            "kode_bidang_urusan": "2.08",
            "nama_bidang_urusan": "URUSAN PEMERINTAHAN BIDANG PEMBERDAYAAN PEREMPUAN DAN PERLINDUNGAN ANAK",
            "id_sub_skpd": 996,
            "kode_sub_skpd": "2.08.0.00.0.00.01.0000",
            "nama_sub_skpd": "Dinas Pemberdayaan Perempuan dan Perlindungan Anak",
            "set_pagu_user": 6959,
            "set_pagu_at": "Thu, 03 Jul 2025 11:12:56 GMT",
            "id_program": 3531,
            "kode_program": "2.08.06",
            "nama_program": "PROGRAM PEMENUHAN HAK ANAK (PHA)",
            "id_giat": 15913,
            "kode_giat": "2.08.06.2.01",
            "nama_giat": "Pelembagaan PHA pada Lembaga Pemerintah, Nonpemerintah, dan Dunia Usaha Kewenangan Kabupaten/Kota",
            "pagu_giat": 160000000.0,
            "rinci_giat": null,
            "id_sub_giat": 53210,
            "kode_sub_giat": "2.08.06.2.01.0003",
            "nama_sub_giat": "Advokasi dan sosialisasi Pelaksanaan Kebijakan Pemenuhan Hak Anak pada Lembaga Pemerintah, Non Pemerintah, Media dan Dunia Usaha Kewenangan  Kabupaten/Kota",
            "pagu": 160000000.0,
            "pagu_indikatif": 160000000.0,
            "rincian": null,
            "kode_bl": "996.996.3531.15913",
            "kode_sbl": "996.996.3531.15913.53210",
            "kunci_bl": 1,
            "kunci_bl_rinci": 1,
            "user_created": "Solita Meida, S.Pd",
            "created_date": "03-02-2025",
            "created_time": "20:44",
            "user_updated": "Solita Meida, S.Pd",
            "updated_date": "21-03-2025",
            "updated_time": "12:00",
            "is_locked": 0
        },
        {
            "id_sub_bl": 64336,
            "id_daerah": 473,
            "tahun": 2026,
            "id_unit": 996,
            "id_skpd": 996,
            "created_user": 6959,
            "kode_skpd": "2.08.0.00.0.00.01.0000",
            "nama_skpd": "Dinas Pemberdayaan Perempuan dan Perlindungan Anak",
            "id_urusan": 12,
            "kode_urusan": "2",
            "nama_urusan": "URUSAN PEMERINTAHAN WAJIB YANG TIDAK BERKAITAN DENGAN PELAYANAN DASAR",
            "id_bidang_urusan": 208,
            "kode_bidang_urusan": "2.08",
            "nama_bidang_urusan": "URUSAN PEMERINTAHAN BIDANG PEMBERDAYAAN PEREMPUAN DAN PERLINDUNGAN ANAK",
            "id_sub_skpd": 996,
            "kode_sub_skpd": "2.08.0.00.0.00.01.0000",
            "nama_sub_skpd": "Dinas Pemberdayaan Perempuan dan Perlindungan Anak",
            "set_pagu_user": 6959,
            "set_pagu_at": "Thu, 03 Jul 2025 11:12:56 GMT",
            "id_program": 3533,
            "kode_program": "2.08.07",
            "nama_program": "PROGRAM PERLINDUNGAN KHUSUS ANAK",
            "id_giat": 15918,
            "kode_giat": "2.08.07.2.01",
            "nama_giat": "Pencegahan Kekerasan Terhadap Anak yang Melibatkan para Pihak Lingkup Daerah Kabupaten/Kota",
            "pagu_giat": 110750000.0,
            "rinci_giat": null,
            "id_sub_giat": 53238,
            "kode_sub_giat": "2.08.07.2.01.0006",
            "nama_sub_giat": "koordinasi dan sinkronisasi pencegahan kekerasan terhadap anak kewenangan kabupaten/kota",
            "pagu": 60000000.0,
            "pagu_indikatif": 60000000.0,
            "rincian": null,
            "kode_bl": "996.996.3533.15918",
            "kode_sbl": "996.996.3533.15918.53238",
            "kunci_bl": 1,
            "kunci_bl_rinci": 1,
            "user_created": "Solita Meida, S.Pd",
            "created_date": "03-02-2025",
            "created_time": "20:55",
            "user_updated": null,
            "updated_date": null,
            "updated_time": null,
            "is_locked": 0
        },
        {
            "id_sub_bl": 64250,
            "id_daerah": 473,
            "tahun": 2026,
            "id_unit": 996,
            "id_skpd": 996,
            "created_user": 6959,
            "kode_skpd": "2.08.0.00.0.00.01.0000",
            "nama_skpd": "Dinas Pemberdayaan Perempuan dan Perlindungan Anak",
            "id_urusan": 12,
            "kode_urusan": "2",
            "nama_urusan": "URUSAN PEMERINTAHAN WAJIB YANG TIDAK BERKAITAN DENGAN PELAYANAN DASAR",
            "id_bidang_urusan": 208,
            "kode_bidang_urusan": "2.08",
            "nama_bidang_urusan": "URUSAN PEMERINTAHAN BIDANG PEMBERDAYAAN PEREMPUAN DAN PERLINDUNGAN ANAK",
            "id_sub_skpd": 996,
            "kode_sub_skpd": "2.08.0.00.0.00.01.0000",
            "nama_sub_skpd": "Dinas Pemberdayaan Perempuan dan Perlindungan Anak",
            "set_pagu_user": 6959,
            "set_pagu_at": "Thu, 03 Jul 2025 11:12:56 GMT",
            "id_program": 3533,
            "kode_program": "2.08.07",
            "nama_program": "PROGRAM PERLINDUNGAN KHUSUS ANAK",
            "id_giat": 15918,
            "kode_giat": "2.08.07.2.01",
            "nama_giat": "Pencegahan Kekerasan Terhadap Anak yang Melibatkan para Pihak Lingkup Daerah Kabupaten/Kota",
            "pagu_giat": 110750000.0,
            "rinci_giat": null,
            "id_sub_giat": 53239,
            "kode_sub_giat": "2.08.07.2.01.0007",
            "nama_sub_giat": "Advokasi dan sosialisasi pencegahan KtA kepada pengambil kebijakan dan pemangku kepentingan Kewenangan Kabupaten/Kota",
            "pagu": 50750000.0,
            "pagu_indikatif": 50750000.0,
            "rincian": null,
            "kode_bl": "996.996.3533.15918",
            "kode_sbl": "996.996.3533.15918.53239",
            "kunci_bl": 1,
            "kunci_bl_rinci": 1,
            "user_created": "Solita Meida, S.Pd",
            "created_date": "03-02-2025",
            "created_time": "19:52",
            "user_updated": "Solita Meida, S.Pd",
            "updated_date": "03-07-2025",
            "updated_time": "11:06",
            "is_locked": 0
        },
        {
            "id_sub_bl": 64269,
            "id_daerah": 473,
            "tahun": 2026,
            "id_unit": 996,
            "id_skpd": 996,
            "created_user": 6959,
            "kode_skpd": "2.08.0.00.0.00.01.0000",
            "nama_skpd": "Dinas Pemberdayaan Perempuan dan Perlindungan Anak",
            "id_urusan": 12,
            "kode_urusan": "2",
            "nama_urusan": "URUSAN PEMERINTAHAN WAJIB YANG TIDAK BERKAITAN DENGAN PELAYANAN DASAR",
            "id_bidang_urusan": 208,
            "kode_bidang_urusan": "2.08",
            "nama_bidang_urusan": "URUSAN PEMERINTAHAN BIDANG PEMBERDAYAAN PEREMPUAN DAN PERLINDUNGAN ANAK",
            "id_sub_skpd": 996,
            "kode_sub_skpd": "2.08.0.00.0.00.01.0000",
            "nama_sub_skpd": "Dinas Pemberdayaan Perempuan dan Perlindungan Anak",
            "set_pagu_user": 6959,
            "set_pagu_at": "Thu, 03 Jul 2025 11:12:56 GMT",
            "id_program": 3533,
            "kode_program": "2.08.07",
            "nama_program": "PROGRAM PERLINDUNGAN KHUSUS ANAK",
            "id_giat": 15920,
            "kode_giat": "2.08.07.2.03",
            "nama_giat": "Penguatan dan Pengembangan Lembaga Penyedia Layanan bagi Anak yang Memerlukan Perlindungan Khusus Tingkat Daerah Kabupaten/Kota",
            "pagu_giat": 14510000.0,
            "rinci_giat": null,
            "id_sub_giat": 53257,
            "kode_sub_giat": "2.08.07.2.03.0013",
            "nama_sub_giat": "Peningkatan Kapasitas lembaga penyedia layanan bagi Anak yang Memerlukan Perlindungan Khusus Tingkat Daerah Kabupaten/Kotai",
            "pagu": 14510000.0,
            "pagu_indikatif": 14510000.0,
            "rincian": null,
            "kode_bl": "996.996.3533.15920",
            "kode_sbl": "996.996.3533.15920.53257",
            "kunci_bl": 1,
            "kunci_bl_rinci": 1,
            "user_created": "Solita Meida, S.Pd",
            "created_date": "03-02-2025",
            "created_time": "20:01",
            "user_updated": "Solita Meida, S.Pd",
            "updated_date": "03-07-2025",
            "updated_time": "11:10",
            "is_locked": 0
        },
        {
            "id_sub_bl": 63704,
            "id_daerah": 473,
            "tahun": 2026,
            "id_unit": 996,
            "id_skpd": 996,
            "created_user": 6959,
            "kode_skpd": "2.08.0.00.0.00.01.0000",
            "nama_skpd": "Dinas Pemberdayaan Perempuan dan Perlindungan Anak",
            "id_urusan": 12,
            "kode_urusan": "2",
            "nama_urusan": "URUSAN PEMERINTAHAN WAJIB YANG TIDAK BERKAITAN DENGAN PELAYANAN DASAR",
            "id_bidang_urusan": 208,
            "kode_bidang_urusan": "2.08",
            "nama_bidang_urusan": "URUSAN PEMERINTAHAN BIDANG PEMBERDAYAAN PEREMPUAN DAN PERLINDUNGAN ANAK",
            "id_sub_skpd": 996,
            "kode_sub_skpd": "2.08.0.00.0.00.01.0000",
            "nama_sub_skpd": "Dinas Pemberdayaan Perempuan dan Perlindungan Anak",
            "set_pagu_user": 6959,
            "set_pagu_at": "Thu, 03 Jul 2025 11:12:56 GMT",
            "id_program": 4451,
            "kode_program": "2.08.01",
            "nama_program": "PROGRAM PENUNJANG URUSAN PEMERINTAHAN DAERAH KABUPATEN/KOTA",
            "id_giat": 18371,
            "kode_giat": "2.08.01.2.01",
            "nama_giat": "Perencanaan, Penganggaran, dan Evaluasi Kinerja Perangkat Daerah",
            "pagu_giat": 74680000.0,
            "rinci_giat": null,
            "id_sub_giat": 60589,
            "kode_sub_giat": "2.08.01.2.01.0001",
            "nama_sub_giat": "Penyusunan Dokumen Perencanaan Perangkat Daerah",
            "pagu": 64680000.0,
            "pagu_indikatif": 64680000.0,
            "rincian": null,
            "kode_bl": "996.996.4451.18371",
            "kode_sbl": "996.996.4451.18371.60589",
            "kunci_bl": 1,
            "kunci_bl_rinci": 1,
            "user_created": "Solita Meida, S.Pd",
            "created_date": "03-02-2025",
            "created_time": "11:20",
            "user_updated": "Solita Meida, S.Pd",
            "updated_date": "03-07-2025",
            "updated_time": "10:17",
            "is_locked": 0
        },
        {
            "id_sub_bl": 77245,
            "id_daerah": 473,
            "tahun": 2026,
            "id_unit": 996,
            "id_skpd": 996,
            "created_user": 6959,
            "kode_skpd": "2.08.0.00.0.00.01.0000",
            "nama_skpd": "Dinas Pemberdayaan Perempuan dan Perlindungan Anak",
            "id_urusan": 12,
            "kode_urusan": "2",
            "nama_urusan": "URUSAN PEMERINTAHAN WAJIB YANG TIDAK BERKAITAN DENGAN PELAYANAN DASAR",
            "id_bidang_urusan": 208,
            "kode_bidang_urusan": "2.08",
            "nama_bidang_urusan": "URUSAN PEMERINTAHAN BIDANG PEMBERDAYAAN PEREMPUAN DAN PERLINDUNGAN ANAK",
            "id_sub_skpd": 996,
            "kode_sub_skpd": "2.08.0.00.0.00.01.0000",
            "nama_sub_skpd": "Dinas Pemberdayaan Perempuan dan Perlindungan Anak",
            "set_pagu_user": 6959,
            "set_pagu_at": "Thu, 03 Jul 2025 11:12:56 GMT",
            "id_program": 4451,
            "kode_program": "2.08.01",
            "nama_program": "PROGRAM PENUNJANG URUSAN PEMERINTAHAN DAERAH KABUPATEN/KOTA",
            "id_giat": 18371,
            "kode_giat": "2.08.01.2.01",
            "nama_giat": "Perencanaan, Penganggaran, dan Evaluasi Kinerja Perangkat Daerah",
            "pagu_giat": 74680000.0,
            "rinci_giat": null,
            "id_sub_giat": 60596,
            "kode_sub_giat": "2.08.01.2.01.0008",
            "nama_sub_giat": "Penyelenggaraan Walidata Pendukung Statistik Sektoral Daerah",
            "pagu": 5000000.0,
            "pagu_indikatif": 5000000.0,
            "rincian": null,
            "kode_bl": "996.996.4451.18371",
            "kode_sbl": "996.996.4451.18371.60596",
            "kunci_bl": 1,
            "kunci_bl_rinci": 1,
            "user_created": "Solita Meida, S.Pd",
            "created_date": "26-06-2025",
            "created_time": "19:37",
            "user_updated": "Solita Meida, S.Pd",
            "updated_date": "26-06-2025",
            "updated_time": "19:41",
            "is_locked": 0
        },
        {
            "id_sub_bl": 77246,
            "id_daerah": 473,
            "tahun": 2026,
            "id_unit": 996,
            "id_skpd": 996,
            "created_user": 6959,
            "kode_skpd": "2.08.0.00.0.00.01.0000",
            "nama_skpd": "Dinas Pemberdayaan Perempuan dan Perlindungan Anak",
            "id_urusan": 12,
            "kode_urusan": "2",
            "nama_urusan": "URUSAN PEMERINTAHAN WAJIB YANG TIDAK BERKAITAN DENGAN PELAYANAN DASAR",
            "id_bidang_urusan": 208,
            "kode_bidang_urusan": "2.08",
            "nama_bidang_urusan": "URUSAN PEMERINTAHAN BIDANG PEMBERDAYAAN PEREMPUAN DAN PERLINDUNGAN ANAK",
            "id_sub_skpd": 996,
            "kode_sub_skpd": "2.08.0.00.0.00.01.0000",
            "nama_sub_skpd": "Dinas Pemberdayaan Perempuan dan Perlindungan Anak",
            "set_pagu_user": 6959,
            "set_pagu_at": "Thu, 03 Jul 2025 11:12:56 GMT",
            "id_program": 4451,
            "kode_program": "2.08.01",
            "nama_program": "PROGRAM PENUNJANG URUSAN PEMERINTAHAN DAERAH KABUPATEN/KOTA",
            "id_giat": 18371,
            "kode_giat": "2.08.01.2.01",
            "nama_giat": "Perencanaan, Penganggaran, dan Evaluasi Kinerja Perangkat Daerah",
            "pagu_giat": 74680000.0,
            "rinci_giat": null,
            "id_sub_giat": 60597,
            "kode_sub_giat": "2.08.01.2.01.0009",
            "nama_sub_giat": "Pelaksanaan Pengumpulan Data Statistik Sektoral Daerah",
            "pagu": 5000000.0,
            "pagu_indikatif": 5000000.0,
            "rincian": null,
            "kode_bl": "996.996.4451.18371",
            "kode_sbl": "996.996.4451.18371.60597",
            "kunci_bl": 1,
            "kunci_bl_rinci": 1,
            "user_created": "Solita Meida, S.Pd",
            "created_date": "26-06-2025",
            "created_time": "19:41",
            "user_updated": null,
            "updated_date": null,
            "updated_time": null,
            "is_locked": 0
        },
        {
            "id_sub_bl": 63711,
            "id_daerah": 473,
            "tahun": 2026,
            "id_unit": 996,
            "id_skpd": 996,
            "created_user": 6959,
            "kode_skpd": "2.08.0.00.0.00.01.0000",
            "nama_skpd": "Dinas Pemberdayaan Perempuan dan Perlindungan Anak",
            "id_urusan": 12,
            "kode_urusan": "2",
            "nama_urusan": "URUSAN PEMERINTAHAN WAJIB YANG TIDAK BERKAITAN DENGAN PELAYANAN DASAR",
            "id_bidang_urusan": 208,
            "kode_bidang_urusan": "2.08",
            "nama_bidang_urusan": "URUSAN PEMERINTAHAN BIDANG PEMBERDAYAAN PEREMPUAN DAN PERLINDUNGAN ANAK",
            "id_sub_skpd": 996,
            "kode_sub_skpd": "2.08.0.00.0.00.01.0000",
            "nama_sub_skpd": "Dinas Pemberdayaan Perempuan dan Perlindungan Anak",
            "set_pagu_user": 6959,
            "set_pagu_at": "Thu, 03 Jul 2025 11:12:56 GMT",
            "id_program": 4451,
            "kode_program": "2.08.01",
            "nama_program": "PROGRAM PENUNJANG URUSAN PEMERINTAHAN DAERAH KABUPATEN/KOTA",
            "id_giat": 18372,
            "kode_giat": "2.08.01.2.02",
            "nama_giat": "Administrasi Keuangan Perangkat Daerah",
            "pagu_giat": 2691152375.0,
            "rinci_giat": null,
            "id_sub_giat": 60602,
            "kode_sub_giat": "2.08.01.2.02.0001",
            "nama_sub_giat": "Penyediaan Gaji dan Tunjangan ASN",
            "pagu": 2562867975.0,
            "pagu_indikatif": 2562867975.0,
            "rincian": null,
            "kode_bl": "996.996.4451.18372",
            "kode_sbl": "996.996.4451.18372.60602",
            "kunci_bl": 1,
            "kunci_bl_rinci": 1,
            "user_created": "Solita Meida, S.Pd",
            "created_date": "03-02-2025",
            "created_time": "11:24",
            "user_updated": "Solita Meida, S.Pd",
            "updated_date": "03-07-2025",
            "updated_time": "10:20",
            "is_locked": 0
        },
        {
            "id_sub_bl": 63714,
            "id_daerah": 473,
            "tahun": 2026,
            "id_unit": 996,
            "id_skpd": 996,
            "created_user": 6959,
            "kode_skpd": "2.08.0.00.0.00.01.0000",
            "nama_skpd": "Dinas Pemberdayaan Perempuan dan Perlindungan Anak",
            "id_urusan": 12,
            "kode_urusan": "2",
            "nama_urusan": "URUSAN PEMERINTAHAN WAJIB YANG TIDAK BERKAITAN DENGAN PELAYANAN DASAR",
            "id_bidang_urusan": 208,
            "kode_bidang_urusan": "2.08",
            "nama_bidang_urusan": "URUSAN PEMERINTAHAN BIDANG PEMBERDAYAAN PEREMPUAN DAN PERLINDUNGAN ANAK",
            "id_sub_skpd": 996,
            "kode_sub_skpd": "2.08.0.00.0.00.01.0000",
            "nama_sub_skpd": "Dinas Pemberdayaan Perempuan dan Perlindungan Anak",
            "set_pagu_user": 6959,
            "set_pagu_at": "Thu, 03 Jul 2025 11:12:56 GMT",
            "id_program": 4451,
            "kode_program": "2.08.01",
            "nama_program": "PROGRAM PENUNJANG URUSAN PEMERINTAHAN DAERAH KABUPATEN/KOTA",
            "id_giat": 18372,
            "kode_giat": "2.08.01.2.02",
            "nama_giat": "Administrasi Keuangan Perangkat Daerah",
            "pagu_giat": 2691152375.0,
            "rinci_giat": null,
            "id_sub_giat": 60604,
            "kode_sub_giat": "2.08.01.2.02.0003",
            "nama_sub_giat": "Pelaksanaan Penatausahaan dan\r\n\nPengujian/Verifikasi Keuangan SKPD",
            "pagu": 86652000.0,
            "pagu_indikatif": 86652000.0,
            "rincian": null,
            "kode_bl": "996.996.4451.18372",
            "kode_sbl": "996.996.4451.18372.60604",
            "kunci_bl": 1,
            "kunci_bl_rinci": 1,
            "user_created": "Solita Meida, S.Pd",
            "created_date": "03-02-2025",
            "created_time": "11:25",
            "user_updated": null,
            "updated_date": null,
            "updated_time": null,
            "is_locked": 0
        },
        {
            "id_sub_bl": 63721,
            "id_daerah": 473,
            "tahun": 2026,
            "id_unit": 996,
            "id_skpd": 996,
            "created_user": 6959,
            "kode_skpd": "2.08.0.00.0.00.01.0000",
            "nama_skpd": "Dinas Pemberdayaan Perempuan dan Perlindungan Anak",
            "id_urusan": 12,
            "kode_urusan": "2",
            "nama_urusan": "URUSAN PEMERINTAHAN WAJIB YANG TIDAK BERKAITAN DENGAN PELAYANAN DASAR",
            "id_bidang_urusan": 208,
            "kode_bidang_urusan": "2.08",
            "nama_bidang_urusan": "URUSAN PEMERINTAHAN BIDANG PEMBERDAYAAN PEREMPUAN DAN PERLINDUNGAN ANAK",
            "id_sub_skpd": 996,
            "kode_sub_skpd": "2.08.0.00.0.00.01.0000",
            "nama_sub_skpd": "Dinas Pemberdayaan Perempuan dan Perlindungan Anak",
            "set_pagu_user": 6959,
            "set_pagu_at": "Thu, 03 Jul 2025 11:12:56 GMT",
            "id_program": 4451,
            "kode_program": "2.08.01",
            "nama_program": "PROGRAM PENUNJANG URUSAN PEMERINTAHAN DAERAH KABUPATEN/KOTA",
            "id_giat": 18372,
            "kode_giat": "2.08.01.2.02",
            "nama_giat": "Administrasi Keuangan Perangkat Daerah",
            "pagu_giat": 2691152375.0,
            "rinci_giat": null,
            "id_sub_giat": 60606,
            "kode_sub_giat": "2.08.01.2.02.0005",
            "nama_sub_giat": "Koordinasi dan Penyusunan Laporan Keuangan Akhir Tahun SKPD",
            "pagu": 31934000.0,
            "pagu_indikatif": 31934000.0,
            "rincian": null,
            "kode_bl": "996.996.4451.18372",
            "kode_sbl": "996.996.4451.18372.60606",
            "kunci_bl": 1,
            "kunci_bl_rinci": 1,
            "user_created": "Solita Meida, S.Pd",
            "created_date": "03-02-2025",
            "created_time": "11:27",
            "user_updated": "Solita Meida, S.Pd",
            "updated_date": "03-07-2025",
            "updated_time": "10:23",
            "is_locked": 0
        },
        {
            "id_sub_bl": 63726,
            "id_daerah": 473,
            "tahun": 2026,
            "id_unit": 996,
            "id_skpd": 996,
            "created_user": 6959,
            "kode_skpd": "2.08.0.00.0.00.01.0000",
            "nama_skpd": "Dinas Pemberdayaan Perempuan dan Perlindungan Anak",
            "id_urusan": 12,
            "kode_urusan": "2",
            "nama_urusan": "URUSAN PEMERINTAHAN WAJIB YANG TIDAK BERKAITAN DENGAN PELAYANAN DASAR",
            "id_bidang_urusan": 208,
            "kode_bidang_urusan": "2.08",
            "nama_bidang_urusan": "URUSAN PEMERINTAHAN BIDANG PEMBERDAYAAN PEREMPUAN DAN PERLINDUNGAN ANAK",
            "id_sub_skpd": 996,
            "kode_sub_skpd": "2.08.0.00.0.00.01.0000",
            "nama_sub_skpd": "Dinas Pemberdayaan Perempuan dan Perlindungan Anak",
            "set_pagu_user": 6959,
            "set_pagu_at": "Thu, 03 Jul 2025 11:12:56 GMT",
            "id_program": 4451,
            "kode_program": "2.08.01",
            "nama_program": "PROGRAM PENUNJANG URUSAN PEMERINTAHAN DAERAH KABUPATEN/KOTA",
            "id_giat": 18372,
            "kode_giat": "2.08.01.2.02",
            "nama_giat": "Administrasi Keuangan Perangkat Daerah",
            "pagu_giat": 2691152375.0,
            "rinci_giat": null,
            "id_sub_giat": 60608,
            "kode_sub_giat": "2.08.01.2.02.0007",
            "nama_sub_giat": "Koordinasi dan Penyusunan Laporan Keuangan Bulanan/ Triwulanan/ Semesteran SKPD",
            "pagu": 9698400.0,
            "pagu_indikatif": 9698400.0,
            "rincian": null,
            "kode_bl": "996.996.4451.18372",
            "kode_sbl": "996.996.4451.18372.60608",
            "kunci_bl": 1,
            "kunci_bl_rinci": 1,
            "user_created": "Solita Meida, S.Pd",
            "created_date": "03-02-2025",
            "created_time": "11:28",
            "user_updated": "Solita Meida, S.Pd",
            "updated_date": "03-07-2025",
            "updated_time": "10:22",
            "is_locked": 0
        },
        {
            "id_sub_bl": 63729,
            "id_daerah": 473,
            "tahun": 2026,
            "id_unit": 996,
            "id_skpd": 996,
            "created_user": 6959,
            "kode_skpd": "2.08.0.00.0.00.01.0000",
            "nama_skpd": "Dinas Pemberdayaan Perempuan dan Perlindungan Anak",
            "id_urusan": 12,
            "kode_urusan": "2",
            "nama_urusan": "URUSAN PEMERINTAHAN WAJIB YANG TIDAK BERKAITAN DENGAN PELAYANAN DASAR",
            "id_bidang_urusan": 208,
            "kode_bidang_urusan": "2.08",
            "nama_bidang_urusan": "URUSAN PEMERINTAHAN BIDANG PEMBERDAYAAN PEREMPUAN DAN PERLINDUNGAN ANAK",
            "id_sub_skpd": 996,
            "kode_sub_skpd": "2.08.0.00.0.00.01.0000",
            "nama_sub_skpd": "Dinas Pemberdayaan Perempuan dan Perlindungan Anak",
            "set_pagu_user": 6959,
            "set_pagu_at": "Thu, 03 Jul 2025 11:12:56 GMT",
            "id_program": 4451,
            "kode_program": "2.08.01",
            "nama_program": "PROGRAM PENUNJANG URUSAN PEMERINTAHAN DAERAH KABUPATEN/KOTA",
            "id_giat": 18373,
            "kode_giat": "2.08.01.2.03",
            "nama_giat": "Administrasi Barang Milik Daerah pada Perangkat Daerah",
            "pagu_giat": 30680000.0,
            "rinci_giat": null,
            "id_sub_giat": 60615,
            "kode_sub_giat": "2.08.01.2.03.0006",
            "nama_sub_giat": "Penatausahaan Barang Milik Daerah pada SKPD",
            "pagu": 30680000.0,
            "pagu_indikatif": 30680000.0,
            "rincian": null,
            "kode_bl": "996.996.4451.18373",
            "kode_sbl": "996.996.4451.18373.60615",
            "kunci_bl": 1,
            "kunci_bl_rinci": 1,
            "user_created": "Solita Meida, S.Pd",
            "created_date": "03-02-2025",
            "created_time": "11:30",
            "user_updated": null,
            "updated_date": null,
            "updated_time": null,
            "is_locked": 0
        },
        {
            "id_sub_bl": 77247,
            "id_daerah": 473,
            "tahun": 2026,
            "id_unit": 996,
            "id_skpd": 996,
            "created_user": 6959,
            "kode_skpd": "2.08.0.00.0.00.01.0000",
            "nama_skpd": "Dinas Pemberdayaan Perempuan dan Perlindungan Anak",
            "id_urusan": 12,
            "kode_urusan": "2",
            "nama_urusan": "URUSAN PEMERINTAHAN WAJIB YANG TIDAK BERKAITAN DENGAN PELAYANAN DASAR",
            "id_bidang_urusan": 208,
            "kode_bidang_urusan": "2.08",
            "nama_bidang_urusan": "URUSAN PEMERINTAHAN BIDANG PEMBERDAYAAN PEREMPUAN DAN PERLINDUNGAN ANAK",
            "id_sub_skpd": 996,
            "kode_sub_skpd": "2.08.0.00.0.00.01.0000",
            "nama_sub_skpd": "Dinas Pemberdayaan Perempuan dan Perlindungan Anak",
            "set_pagu_user": 6959,
            "set_pagu_at": "Thu, 03 Jul 2025 11:12:56 GMT",
            "id_program": 4451,
            "kode_program": "2.08.01",
            "nama_program": "PROGRAM PENUNJANG URUSAN PEMERINTAHAN DAERAH KABUPATEN/KOTA",
            "id_giat": 18375,
            "kode_giat": "2.08.01.2.05",
            "nama_giat": "Administrasi Kepegawaian Perangkat Daerah",
            "pagu_giat": 20000000.0,
            "rinci_giat": null,
            "id_sub_giat": 60625,
            "kode_sub_giat": "2.08.01.2.05.0002",
            "nama_sub_giat": "Pengadaan Pakaian Dinas beserta Atribut Kelengkapannya",
            "pagu": 10000000.0,
            "pagu_indikatif": 10000000.0,
            "rincian": null,
            "kode_bl": "996.996.4451.18375",
            "kode_sbl": "996.996.4451.18375.60625",
            "kunci_bl": 1,
            "kunci_bl_rinci": 1,
            "user_created": "Solita Meida, S.Pd",
            "created_date": "26-06-2025",
            "created_time": "19:44",
            "user_updated": "Solita Meida, S.Pd",
            "updated_date": "26-06-2025",
            "updated_time": "19:49",
            "is_locked": 0
        },
        {
            "id_sub_bl": 77248,
            "id_daerah": 473,
            "tahun": 2026,
            "id_unit": 996,
            "id_skpd": 996,
            "created_user": 6959,
            "kode_skpd": "2.08.0.00.0.00.01.0000",
            "nama_skpd": "Dinas Pemberdayaan Perempuan dan Perlindungan Anak",
            "id_urusan": 12,
            "kode_urusan": "2",
            "nama_urusan": "URUSAN PEMERINTAHAN WAJIB YANG TIDAK BERKAITAN DENGAN PELAYANAN DASAR",
            "id_bidang_urusan": 208,
            "kode_bidang_urusan": "2.08",
            "nama_bidang_urusan": "URUSAN PEMERINTAHAN BIDANG PEMBERDAYAAN PEREMPUAN DAN PERLINDUNGAN ANAK",
            "id_sub_skpd": 996,
            "kode_sub_skpd": "2.08.0.00.0.00.01.0000",
            "nama_sub_skpd": "Dinas Pemberdayaan Perempuan dan Perlindungan Anak",
            "set_pagu_user": 6959,
            "set_pagu_at": "Thu, 03 Jul 2025 11:12:56 GMT",
            "id_program": 4451,
            "kode_program": "2.08.01",
            "nama_program": "PROGRAM PENUNJANG URUSAN PEMERINTAHAN DAERAH KABUPATEN/KOTA",
            "id_giat": 18375,
            "kode_giat": "2.08.01.2.05",
            "nama_giat": "Administrasi Kepegawaian Perangkat Daerah",
            "pagu_giat": 20000000.0,
            "rinci_giat": null,
            "id_sub_giat": 60632,
            "kode_sub_giat": "2.08.01.2.05.0009",
            "nama_sub_giat": "Pendidikan dan Pelatihan Pegawai Berdasarkan Tugas dan Fungsi",
            "pagu": 10000000.0,
            "pagu_indikatif": 10000000.0,
            "rincian": null,
            "kode_bl": "996.996.4451.18375",
            "kode_sbl": "996.996.4451.18375.60632",
            "kunci_bl": 1,
            "kunci_bl_rinci": 1,
            "user_created": "Solita Meida, S.Pd",
            "created_date": "26-06-2025",
            "created_time": "19:47",
            "user_updated": "Solita Meida, S.Pd",
            "updated_date": "26-06-2025",
            "updated_time": "19:49",
            "is_locked": 0
        },
        {
            "id_sub_bl": 63733,
            "id_daerah": 473,
            "tahun": 2026,
            "id_unit": 996,
            "id_skpd": 996,
            "created_user": 6959,
            "kode_skpd": "2.08.0.00.0.00.01.0000",
            "nama_skpd": "Dinas Pemberdayaan Perempuan dan Perlindungan Anak",
            "id_urusan": 12,
            "kode_urusan": "2",
            "nama_urusan": "URUSAN PEMERINTAHAN WAJIB YANG TIDAK BERKAITAN DENGAN PELAYANAN DASAR",
            "id_bidang_urusan": 208,
            "kode_bidang_urusan": "2.08",
            "nama_bidang_urusan": "URUSAN PEMERINTAHAN BIDANG PEMBERDAYAAN PEREMPUAN DAN PERLINDUNGAN ANAK",
            "id_sub_skpd": 996,
            "kode_sub_skpd": "2.08.0.00.0.00.01.0000",
            "nama_sub_skpd": "Dinas Pemberdayaan Perempuan dan Perlindungan Anak",
            "set_pagu_user": 6959,
            "set_pagu_at": "Thu, 03 Jul 2025 11:12:56 GMT",
            "id_program": 4451,
            "kode_program": "2.08.01",
            "nama_program": "PROGRAM PENUNJANG URUSAN PEMERINTAHAN DAERAH KABUPATEN/KOTA",
            "id_giat": 18376,
            "kode_giat": "2.08.01.2.06",
            "nama_giat": "Administrasi Umum Perangkat Daerah",
            "pagu_giat": 192120956.0,
            "rinci_giat": null,
            "id_sub_giat": 60635,
            "kode_sub_giat": "2.08.01.2.06.0001",
            "nama_sub_giat": "Penyediaan Komponen Instalasi\r\n\nListrik/Penerangan Bangunan Kantor",
            "pagu": 5000000.0,
            "pagu_indikatif": 5000000.0,
            "rincian": null,
            "kode_bl": "996.996.4451.18376",
            "kode_sbl": "996.996.4451.18376.60635",
            "kunci_bl": 1,
            "kunci_bl_rinci": 1,
            "user_created": "Solita Meida, S.Pd",
            "created_date": "03-02-2025",
            "created_time": "11:32",
            "user_updated": null,
            "updated_date": null,
            "updated_time": null,
            "is_locked": 0
        },
        {
            "id_sub_bl": 63735,
            "id_daerah": 473,
            "tahun": 2026,
            "id_unit": 996,
            "id_skpd": 996,
            "created_user": 6959,
            "kode_skpd": "2.08.0.00.0.00.01.0000",
            "nama_skpd": "Dinas Pemberdayaan Perempuan dan Perlindungan Anak",
            "id_urusan": 12,
            "kode_urusan": "2",
            "nama_urusan": "URUSAN PEMERINTAHAN WAJIB YANG TIDAK BERKAITAN DENGAN PELAYANAN DASAR",
            "id_bidang_urusan": 208,
            "kode_bidang_urusan": "2.08",
            "nama_bidang_urusan": "URUSAN PEMERINTAHAN BIDANG PEMBERDAYAAN PEREMPUAN DAN PERLINDUNGAN ANAK",
            "id_sub_skpd": 996,
            "kode_sub_skpd": "2.08.0.00.0.00.01.0000",
            "nama_sub_skpd": "Dinas Pemberdayaan Perempuan dan Perlindungan Anak",
            "set_pagu_user": 6959,
            "set_pagu_at": "Thu, 03 Jul 2025 11:12:56 GMT",
            "id_program": 4451,
            "kode_program": "2.08.01",
            "nama_program": "PROGRAM PENUNJANG URUSAN PEMERINTAHAN DAERAH KABUPATEN/KOTA",
            "id_giat": 18376,
            "kode_giat": "2.08.01.2.06",
            "nama_giat": "Administrasi Umum Perangkat Daerah",
            "pagu_giat": 192120956.0,
            "rinci_giat": null,
            "id_sub_giat": 60636,
            "kode_sub_giat": "2.08.01.2.06.0002",
            "nama_sub_giat": "Penyediaan Peralatan dan Perlengkapan Kantor",
            "pagu": 6000000.0,
            "pagu_indikatif": 6000000.0,
            "rincian": null,
            "kode_bl": "996.996.4451.18376",
            "kode_sbl": "996.996.4451.18376.60636",
            "kunci_bl": 1,
            "kunci_bl_rinci": 1,
            "user_created": "Solita Meida, S.Pd",
            "created_date": "03-02-2025",
            "created_time": "11:33",
            "user_updated": null,
            "updated_date": null,
            "updated_time": null,
            "is_locked": 0
        },
        {
            "id_sub_bl": 63740,
            "id_daerah": 473,
            "tahun": 2026,
            "id_unit": 996,
            "id_skpd": 996,
            "created_user": 6959,
            "kode_skpd": "2.08.0.00.0.00.01.0000",
            "nama_skpd": "Dinas Pemberdayaan Perempuan dan Perlindungan Anak",
            "id_urusan": 12,
            "kode_urusan": "2",
            "nama_urusan": "URUSAN PEMERINTAHAN WAJIB YANG TIDAK BERKAITAN DENGAN PELAYANAN DASAR",
            "id_bidang_urusan": 208,
            "kode_bidang_urusan": "2.08",
            "nama_bidang_urusan": "URUSAN PEMERINTAHAN BIDANG PEMBERDAYAAN PEREMPUAN DAN PERLINDUNGAN ANAK",
            "id_sub_skpd": 996,
            "kode_sub_skpd": "2.08.0.00.0.00.01.0000",
            "nama_sub_skpd": "Dinas Pemberdayaan Perempuan dan Perlindungan Anak",
            "set_pagu_user": 6959,
            "set_pagu_at": "Thu, 03 Jul 2025 11:12:56 GMT",
            "id_program": 4451,
            "kode_program": "2.08.01",
            "nama_program": "PROGRAM PENUNJANG URUSAN PEMERINTAHAN DAERAH KABUPATEN/KOTA",
            "id_giat": 18376,
            "kode_giat": "2.08.01.2.06",
            "nama_giat": "Administrasi Umum Perangkat Daerah",
            "pagu_giat": 192120956.0,
            "rinci_giat": null,
            "id_sub_giat": 60638,
            "kode_sub_giat": "2.08.01.2.06.0004",
            "nama_sub_giat": "Penyediaan Bahan Logistik Kantor",
            "pagu": 27900000.0,
            "pagu_indikatif": 27900000.0,
            "rincian": null,
            "kode_bl": "996.996.4451.18376",
            "kode_sbl": "996.996.4451.18376.60638",
            "kunci_bl": 1,
            "kunci_bl_rinci": 1,
            "user_created": "Solita Meida, S.Pd",
            "created_date": "03-02-2025",
            "created_time": "11:35",
            "user_updated": "Solita Meida, S.Pd",
            "updated_date": "03-07-2025",
            "updated_time": "10:32",
            "is_locked": 0
        },
        {
            "id_sub_bl": 63741,
            "id_daerah": 473,
            "tahun": 2026,
            "id_unit": 996,
            "id_skpd": 996,
            "created_user": 6959,
            "kode_skpd": "2.08.0.00.0.00.01.0000",
            "nama_skpd": "Dinas Pemberdayaan Perempuan dan Perlindungan Anak",
            "id_urusan": 12,
            "kode_urusan": "2",
            "nama_urusan": "URUSAN PEMERINTAHAN WAJIB YANG TIDAK BERKAITAN DENGAN PELAYANAN DASAR",
            "id_bidang_urusan": 208,
            "kode_bidang_urusan": "2.08",
            "nama_bidang_urusan": "URUSAN PEMERINTAHAN BIDANG PEMBERDAYAAN PEREMPUAN DAN PERLINDUNGAN ANAK",
            "id_sub_skpd": 996,
            "kode_sub_skpd": "2.08.0.00.0.00.01.0000",
            "nama_sub_skpd": "Dinas Pemberdayaan Perempuan dan Perlindungan Anak",
            "set_pagu_user": 6959,
            "set_pagu_at": "Thu, 03 Jul 2025 11:12:56 GMT",
            "id_program": 4451,
            "kode_program": "2.08.01",
            "nama_program": "PROGRAM PENUNJANG URUSAN PEMERINTAHAN DAERAH KABUPATEN/KOTA",
            "id_giat": 18376,
            "kode_giat": "2.08.01.2.06",
            "nama_giat": "Administrasi Umum Perangkat Daerah",
            "pagu_giat": 192120956.0,
            "rinci_giat": null,
            "id_sub_giat": 60639,
            "kode_sub_giat": "2.08.01.2.06.0005",
            "nama_sub_giat": "Penyediaan Barang Cetakan dan Penggandaan",
            "pagu": 8600000.0,
            "pagu_indikatif": 8600000.0,
            "rincian": null,
            "kode_bl": "996.996.4451.18376",
            "kode_sbl": "996.996.4451.18376.60639",
            "kunci_bl": 1,
            "kunci_bl_rinci": 1,
            "user_created": "Solita Meida, S.Pd",
            "created_date": "03-02-2025",
            "created_time": "11:36",
            "user_updated": "Solita Meida, S.Pd",
            "updated_date": "03-07-2025",
            "updated_time": "10:34",
            "is_locked": 0
        },
        {
            "id_sub_bl": 63743,
            "id_daerah": 473,
            "tahun": 2026,
            "id_unit": 996,
            "id_skpd": 996,
            "created_user": 6959,
            "kode_skpd": "2.08.0.00.0.00.01.0000",
            "nama_skpd": "Dinas Pemberdayaan Perempuan dan Perlindungan Anak",
            "id_urusan": 12,
            "kode_urusan": "2",
            "nama_urusan": "URUSAN PEMERINTAHAN WAJIB YANG TIDAK BERKAITAN DENGAN PELAYANAN DASAR",
            "id_bidang_urusan": 208,
            "kode_bidang_urusan": "2.08",
            "nama_bidang_urusan": "URUSAN PEMERINTAHAN BIDANG PEMBERDAYAAN PEREMPUAN DAN PERLINDUNGAN ANAK",
            "id_sub_skpd": 996,
            "kode_sub_skpd": "2.08.0.00.0.00.01.0000",
            "nama_sub_skpd": "Dinas Pemberdayaan Perempuan dan Perlindungan Anak",
            "set_pagu_user": 6959,
            "set_pagu_at": "Thu, 03 Jul 2025 11:12:56 GMT",
            "id_program": 4451,
            "kode_program": "2.08.01",
            "nama_program": "PROGRAM PENUNJANG URUSAN PEMERINTAHAN DAERAH KABUPATEN/KOTA",
            "id_giat": 18376,
            "kode_giat": "2.08.01.2.06",
            "nama_giat": "Administrasi Umum Perangkat Daerah",
            "pagu_giat": 192120956.0,
            "rinci_giat": null,
            "id_sub_giat": 60641,
            "kode_sub_giat": "2.08.01.2.06.0007",
            "nama_sub_giat": "Penyediaan Bahan/Material",
            "pagu": 10000000.0,
            "pagu_indikatif": 10000000.0,
            "rincian": null,
            "kode_bl": "996.996.4451.18376",
            "kode_sbl": "996.996.4451.18376.60641",
            "kunci_bl": 1,
            "kunci_bl_rinci": 1,
            "user_created": "Solita Meida, S.Pd",
            "created_date": "03-02-2025",
            "created_time": "11:37",
            "user_updated": null,
            "updated_date": null,
            "updated_time": null,
            "is_locked": 0
        },
        {
            "id_sub_bl": 63745,
            "id_daerah": 473,
            "tahun": 2026,
            "id_unit": 996,
            "id_skpd": 996,
            "created_user": 6959,
            "kode_skpd": "2.08.0.00.0.00.01.0000",
            "nama_skpd": "Dinas Pemberdayaan Perempuan dan Perlindungan Anak",
            "id_urusan": 12,
            "kode_urusan": "2",
            "nama_urusan": "URUSAN PEMERINTAHAN WAJIB YANG TIDAK BERKAITAN DENGAN PELAYANAN DASAR",
            "id_bidang_urusan": 208,
            "kode_bidang_urusan": "2.08",
            "nama_bidang_urusan": "URUSAN PEMERINTAHAN BIDANG PEMBERDAYAAN PEREMPUAN DAN PERLINDUNGAN ANAK",
            "id_sub_skpd": 996,
            "kode_sub_skpd": "2.08.0.00.0.00.01.0000",
            "nama_sub_skpd": "Dinas Pemberdayaan Perempuan dan Perlindungan Anak",
            "set_pagu_user": 6959,
            "set_pagu_at": "Thu, 03 Jul 2025 11:12:56 GMT",
            "id_program": 4451,
            "kode_program": "2.08.01",
            "nama_program": "PROGRAM PENUNJANG URUSAN PEMERINTAHAN DAERAH KABUPATEN/KOTA",
            "id_giat": 18376,
            "kode_giat": "2.08.01.2.06",
            "nama_giat": "Administrasi Umum Perangkat Daerah",
            "pagu_giat": 192120956.0,
            "rinci_giat": null,
            "id_sub_giat": 60643,
            "kode_sub_giat": "2.08.01.2.06.0009",
            "nama_sub_giat": "Penyelenggaraan Rapat Koordinasi dan Konsultasi SKPD",
            "pagu": 134620956.0,
            "pagu_indikatif": 134620956.0,
            "rincian": null,
            "kode_bl": "996.996.4451.18376",
            "kode_sbl": "996.996.4451.18376.60643",
            "kunci_bl": 1,
            "kunci_bl_rinci": 1,
            "user_created": "Solita Meida, S.Pd",
            "created_date": "03-02-2025",
            "created_time": "11:38",
            "user_updated": "Solita Meida, S.Pd",
            "updated_date": "26-06-2025",
            "updated_time": "19:42",
            "is_locked": 0
        },
        {
            "id_sub_bl": 63749,
            "id_daerah": 473,
            "tahun": 2026,
            "id_unit": 996,
            "id_skpd": 996,
            "created_user": 6959,
            "kode_skpd": "2.08.0.00.0.00.01.0000",
            "nama_skpd": "Dinas Pemberdayaan Perempuan dan Perlindungan Anak",
            "id_urusan": 12,
            "kode_urusan": "2",
            "nama_urusan": "URUSAN PEMERINTAHAN WAJIB YANG TIDAK BERKAITAN DENGAN PELAYANAN DASAR",
            "id_bidang_urusan": 208,
            "kode_bidang_urusan": "2.08",
            "nama_bidang_urusan": "URUSAN PEMERINTAHAN BIDANG PEMBERDAYAAN PEREMPUAN DAN PERLINDUNGAN ANAK",
            "id_sub_skpd": 996,
            "kode_sub_skpd": "2.08.0.00.0.00.01.0000",
            "nama_sub_skpd": "Dinas Pemberdayaan Perempuan dan Perlindungan Anak",
            "set_pagu_user": 6959,
            "set_pagu_at": "Thu, 03 Jul 2025 11:12:56 GMT",
            "id_program": 4451,
            "kode_program": "2.08.01",
            "nama_program": "PROGRAM PENUNJANG URUSAN PEMERINTAHAN DAERAH KABUPATEN/KOTA",
            "id_giat": 18377,
            "kode_giat": "2.08.01.2.07",
            "nama_giat": "Pengadaan Barang Milik Daerah Penunjang Urusan Pemerintah Daerah",
            "pagu_giat": 42000000.0,
            "rinci_giat": null,
            "id_sub_giat": 60651,
            "kode_sub_giat": "2.08.01.2.07.0006",
            "nama_sub_giat": "Pengadaan Peralatan dan Mesin Lainnya",
            "pagu": 42000000.0,
            "pagu_indikatif": 42000000.0,
            "rincian": null,
            "kode_bl": "996.996.4451.18377",
            "kode_sbl": "996.996.4451.18377.60651",
            "kunci_bl": 1,
            "kunci_bl_rinci": 1,
            "user_created": "Solita Meida, S.Pd",
            "created_date": "03-02-2025",
            "created_time": "11:40",
            "user_updated": null,
            "updated_date": null,
            "updated_time": null,
            "is_locked": 0
        },
        {
            "id_sub_bl": 63757,
            "id_daerah": 473,
            "tahun": 2026,
            "id_unit": 996,
            "id_skpd": 996,
            "created_user": 6959,
            "kode_skpd": "2.08.0.00.0.00.01.0000",
            "nama_skpd": "Dinas Pemberdayaan Perempuan dan Perlindungan Anak",
            "id_urusan": 12,
            "kode_urusan": "2",
            "nama_urusan": "URUSAN PEMERINTAHAN WAJIB YANG TIDAK BERKAITAN DENGAN PELAYANAN DASAR",
            "id_bidang_urusan": 208,
            "kode_bidang_urusan": "2.08",
            "nama_bidang_urusan": "URUSAN PEMERINTAHAN BIDANG PEMBERDAYAAN PEREMPUAN DAN PERLINDUNGAN ANAK",
            "id_sub_skpd": 996,
            "kode_sub_skpd": "2.08.0.00.0.00.01.0000",
            "nama_sub_skpd": "Dinas Pemberdayaan Perempuan dan Perlindungan Anak",
            "set_pagu_user": 6959,
            "set_pagu_at": "Thu, 03 Jul 2025 11:12:56 GMT",
            "id_program": 4451,
            "kode_program": "2.08.01",
            "nama_program": "PROGRAM PENUNJANG URUSAN PEMERINTAHAN DAERAH KABUPATEN/KOTA",
            "id_giat": 18378,
            "kode_giat": "2.08.01.2.08",
            "nama_giat": "Penyediaan Jasa Penunjang Urusan Pemerintahan Daerah",
            "pagu_giat": 178000000.0,
            "rinci_giat": null,
            "id_sub_giat": 60658,
            "kode_sub_giat": "2.08.01.2.08.0002",
            "nama_sub_giat": "Penyediaan Jasa Komunikasi, Sumber Daya Air dan Listrik",
            "pagu": 16000000.0,
            "pagu_indikatif": 16000000.0,
            "rincian": null,
            "kode_bl": "996.996.4451.18378",
            "kode_sbl": "996.996.4451.18378.60658",
            "kunci_bl": 1,
            "kunci_bl_rinci": 1,
            "user_created": "Solita Meida, S.Pd",
            "created_date": "03-02-2025",
            "created_time": "11:43",
            "user_updated": null,
            "updated_date": null,
            "updated_time": null,
            "is_locked": 0
        },
        {
            "id_sub_bl": 63761,
            "id_daerah": 473,
            "tahun": 2026,
            "id_unit": 996,
            "id_skpd": 996,
            "created_user": 6959,
            "kode_skpd": "2.08.0.00.0.00.01.0000",
            "nama_skpd": "Dinas Pemberdayaan Perempuan dan Perlindungan Anak",
            "id_urusan": 12,
            "kode_urusan": "2",
            "nama_urusan": "URUSAN PEMERINTAHAN WAJIB YANG TIDAK BERKAITAN DENGAN PELAYANAN DASAR",
            "id_bidang_urusan": 208,
            "kode_bidang_urusan": "2.08",
            "nama_bidang_urusan": "URUSAN PEMERINTAHAN BIDANG PEMBERDAYAAN PEREMPUAN DAN PERLINDUNGAN ANAK",
            "id_sub_skpd": 996,
            "kode_sub_skpd": "2.08.0.00.0.00.01.0000",
            "nama_sub_skpd": "Dinas Pemberdayaan Perempuan dan Perlindungan Anak",
            "set_pagu_user": 6959,
            "set_pagu_at": "Thu, 03 Jul 2025 11:12:56 GMT",
            "id_program": 4451,
            "kode_program": "2.08.01",
            "nama_program": "PROGRAM PENUNJANG URUSAN PEMERINTAHAN DAERAH KABUPATEN/KOTA",
            "id_giat": 18378,
            "kode_giat": "2.08.01.2.08",
            "nama_giat": "Penyediaan Jasa Penunjang Urusan Pemerintahan Daerah",
            "pagu_giat": 178000000.0,
            "rinci_giat": null,
            "id_sub_giat": 60660,
            "kode_sub_giat": "2.08.01.2.08.0004",
            "nama_sub_giat": "Penyediaan Jasa Pelayanan Umum Kantor",
            "pagu": 162000000.0,
            "pagu_indikatif": 162000000.0,
            "rincian": null,
            "kode_bl": "996.996.4451.18378",
            "kode_sbl": "996.996.4451.18378.60660",
            "kunci_bl": 1,
            "kunci_bl_rinci": 1,
            "user_created": "Solita Meida, S.Pd",
            "created_date": "03-02-2025",
            "created_time": "11:44",
            "user_updated": null,
            "updated_date": null,
            "updated_time": null,
            "is_locked": 0
        },
        {
            "id_sub_bl": 63766,
            "id_daerah": 473,
            "tahun": 2026,
            "id_unit": 996,
            "id_skpd": 996,
            "created_user": 6959,
            "kode_skpd": "2.08.0.00.0.00.01.0000",
            "nama_skpd": "Dinas Pemberdayaan Perempuan dan Perlindungan Anak",
            "id_urusan": 12,
            "kode_urusan": "2",
            "nama_urusan": "URUSAN PEMERINTAHAN WAJIB YANG TIDAK BERKAITAN DENGAN PELAYANAN DASAR",
            "id_bidang_urusan": 208,
            "kode_bidang_urusan": "2.08",
            "nama_bidang_urusan": "URUSAN PEMERINTAHAN BIDANG PEMBERDAYAAN PEREMPUAN DAN PERLINDUNGAN ANAK",
            "id_sub_skpd": 996,
            "kode_sub_skpd": "2.08.0.00.0.00.01.0000",
            "nama_sub_skpd": "Dinas Pemberdayaan Perempuan dan Perlindungan Anak",
            "set_pagu_user": 6959,
            "set_pagu_at": "Thu, 03 Jul 2025 11:12:56 GMT",
            "id_program": 4451,
            "kode_program": "2.08.01",
            "nama_program": "PROGRAM PENUNJANG URUSAN PEMERINTAHAN DAERAH KABUPATEN/KOTA",
            "id_giat": 18379,
            "kode_giat": "2.08.01.2.09",
            "nama_giat": "Pemeliharaan Barang Milik Daerah Penunjang Urusan Pemerintahan Daerah",
            "pagu_giat": 47000000.0,
            "rinci_giat": null,
            "id_sub_giat": 60662,
            "kode_sub_giat": "2.08.01.2.09.0002",
            "nama_sub_giat": "Penyediaan Jasa Pemeliharaan, Biaya Pemeliharaan, Pajak dan Perizinan Kendaraan Dinas Operasional atau Lapangan",
            "pagu": 30000000.0,
            "pagu_indikatif": 30000000.0,
            "rincian": null,
            "kode_bl": "996.996.4451.18379",
            "kode_sbl": "996.996.4451.18379.60662",
            "kunci_bl": 1,
            "kunci_bl_rinci": 1,
            "user_created": "Solita Meida, S.Pd",
            "created_date": "03-02-2025",
            "created_time": "11:46",
            "user_updated": null,
            "updated_date": null,
            "updated_time": null,
            "is_locked": 0
        },
        {
            "id_sub_bl": 63769,
            "id_daerah": 473,
            "tahun": 2026,
            "id_unit": 996,
            "id_skpd": 996,
            "created_user": 6959,
            "kode_skpd": "2.08.0.00.0.00.01.0000",
            "nama_skpd": "Dinas Pemberdayaan Perempuan dan Perlindungan Anak",
            "id_urusan": 12,
            "kode_urusan": "2",
            "nama_urusan": "URUSAN PEMERINTAHAN WAJIB YANG TIDAK BERKAITAN DENGAN PELAYANAN DASAR",
            "id_bidang_urusan": 208,
            "kode_bidang_urusan": "2.08",
            "nama_bidang_urusan": "URUSAN PEMERINTAHAN BIDANG PEMBERDAYAAN PEREMPUAN DAN PERLINDUNGAN ANAK",
            "id_sub_skpd": 996,
            "kode_sub_skpd": "2.08.0.00.0.00.01.0000",
            "nama_sub_skpd": "Dinas Pemberdayaan Perempuan dan Perlindungan Anak",
            "set_pagu_user": 6959,
            "set_pagu_at": "Thu, 03 Jul 2025 11:12:56 GMT",
            "id_program": 4451,
            "kode_program": "2.08.01",
            "nama_program": "PROGRAM PENUNJANG URUSAN PEMERINTAHAN DAERAH KABUPATEN/KOTA",
            "id_giat": 18379,
            "kode_giat": "2.08.01.2.09",
            "nama_giat": "Pemeliharaan Barang Milik Daerah Penunjang Urusan Pemerintahan Daerah",
            "pagu_giat": 47000000.0,
            "rinci_giat": null,
            "id_sub_giat": 60666,
            "kode_sub_giat": "2.08.01.2.09.0006",
            "nama_sub_giat": "Pemeliharaan Peralatan dan Mesin Lainnya",
            "pagu": 15000000.0,
            "pagu_indikatif": 15000000.0,
            "rincian": null,
            "kode_bl": "996.996.4451.18379",
            "kode_sbl": "996.996.4451.18379.60666",
            "kunci_bl": 1,
            "kunci_bl_rinci": 1,
            "user_created": "Solita Meida, S.Pd",
            "created_date": "03-02-2025",
            "created_time": "11:48",
            "user_updated": null,
            "updated_date": null,
            "updated_time": null,
            "is_locked": 0
        },
        {
            "id_sub_bl": 63776,
            "id_daerah": 473,
            "tahun": 2026,
            "id_unit": 996,
            "id_skpd": 996,
            "created_user": 6959,
            "kode_skpd": "2.08.0.00.0.00.01.0000",
            "nama_skpd": "Dinas Pemberdayaan Perempuan dan Perlindungan Anak",
            "id_urusan": 12,
            "kode_urusan": "2",
            "nama_urusan": "URUSAN PEMERINTAHAN WAJIB YANG TIDAK BERKAITAN DENGAN PELAYANAN DASAR",
            "id_bidang_urusan": 208,
            "kode_bidang_urusan": "2.08",
            "nama_bidang_urusan": "URUSAN PEMERINTAHAN BIDANG PEMBERDAYAAN PEREMPUAN DAN PERLINDUNGAN ANAK",
            "id_sub_skpd": 996,
            "kode_sub_skpd": "2.08.0.00.0.00.01.0000",
            "nama_sub_skpd": "Dinas Pemberdayaan Perempuan dan Perlindungan Anak",
            "set_pagu_user": 6959,
            "set_pagu_at": "Thu, 03 Jul 2025 11:12:56 GMT",
            "id_program": 4451,
            "kode_program": "2.08.01",
            "nama_program": "PROGRAM PENUNJANG URUSAN PEMERINTAHAN DAERAH KABUPATEN/KOTA",
            "id_giat": 18379,
            "kode_giat": "2.08.01.2.09",
            "nama_giat": "Pemeliharaan Barang Milik Daerah Penunjang Urusan Pemerintahan Daerah",
            "pagu_giat": 47000000.0,
            "rinci_giat": null,
            "id_sub_giat": 60669,
            "kode_sub_giat": "2.08.01.2.09.0009",
            "nama_sub_giat": "Pemeliharaan/Rehabilitasi Gedung Kantor dan Bangunan Lainnya",
            "pagu": 2000000.0,
            "pagu_indikatif": 2000000.0,
            "rincian": null,
            "kode_bl": "996.996.4451.18379",
            "kode_sbl": "996.996.4451.18379.60669",
            "kunci_bl": 1,
            "kunci_bl_rinci": 1,
            "user_created": "Solita Meida, S.Pd",
            "created_date": "03-02-2025",
            "created_time": "11:49",
            "user_updated": null,
            "updated_date": null,
            "updated_time": null,
            "is_locked": 0
        },
        {
            "id_sub_bl": 64290,
            "id_daerah": 473,
            "tahun": 2026,
            "id_unit": 996,
            "id_skpd": 996,
            "created_user": 6959,
            "kode_skpd": "2.08.0.00.0.00.01.0000",
            "nama_skpd": "Dinas Pemberdayaan Perempuan dan Perlindungan Anak",
            "id_urusan": 12,
            "kode_urusan": "2",
            "nama_urusan": "URUSAN PEMERINTAHAN WAJIB YANG TIDAK BERKAITAN DENGAN PELAYANAN DASAR",
            "id_bidang_urusan": 208,
            "kode_bidang_urusan": "2.08",
            "nama_bidang_urusan": "URUSAN PEMERINTAHAN BIDANG PEMBERDAYAAN PEREMPUAN DAN PERLINDUNGAN ANAK",
            "id_sub_skpd": 14868,
            "kode_sub_skpd": "2.08.0.00.0.00.01.0001",
            "nama_sub_skpd": "UPTD Perlindungan Perempuan dan Anak",
            "set_pagu_user": 6959,
            "set_pagu_at": "Thu, 03 Jul 2025 11:12:56 GMT",
            "id_program": 3525,
            "kode_program": "2.08.03",
            "nama_program": "PROGRAM PERLINDUNGAN PEREMPUAN",
            "id_giat": 15901,
            "kode_giat": "2.08.03.2.02",
            "nama_giat": "Penyediaan Layanan Rujukan Lanjutan bagi Perempuan Korban Kekerasan yang Memerlukan Koordinasi Kewenangan Kabupaten/Kota",
            "pagu_giat": 69000000.0,
            "rinci_giat": null,
            "id_sub_giat": 53157,
            "kode_sub_giat": "2.08.03.2.02.0008",
            "nama_sub_giat": "Layanan  Pengaduan atau Penjangkauan bagi Perempuan Korban Kekerasan Tingkat Kabupaten/Kota",
            "pagu": 69000000.0,
            "pagu_indikatif": 69000000.0,
            "rincian": null,
            "kode_bl": "996.14868.3525.15901",
            "kode_sbl": "996.14868.3525.15901.53157",
            "kunci_bl": 1,
            "kunci_bl_rinci": 1,
            "user_created": "Solita Meida, S.Pd",
            "created_date": "03-02-2025",
            "created_time": "20:25",
            "user_updated": null,
            "updated_date": null,
            "updated_time": null,
            "is_locked": 0
        },
        {
            "id_sub_bl": 64295,
            "id_daerah": 473,
            "tahun": 2026,
            "id_unit": 996,
            "id_skpd": 996,
            "created_user": 6959,
            "kode_skpd": "2.08.0.00.0.00.01.0000",
            "nama_skpd": "Dinas Pemberdayaan Perempuan dan Perlindungan Anak",
            "id_urusan": 12,
            "kode_urusan": "2",
            "nama_urusan": "URUSAN PEMERINTAHAN WAJIB YANG TIDAK BERKAITAN DENGAN PELAYANAN DASAR",
            "id_bidang_urusan": 208,
            "kode_bidang_urusan": "2.08",
            "nama_bidang_urusan": "URUSAN PEMERINTAHAN BIDANG PEMBERDAYAAN PEREMPUAN DAN PERLINDUNGAN ANAK",
            "id_sub_skpd": 14868,
            "kode_sub_skpd": "2.08.0.00.0.00.01.0001",
            "nama_sub_skpd": "UPTD Perlindungan Perempuan dan Anak",
            "set_pagu_user": 6959,
            "set_pagu_at": "Thu, 03 Jul 2025 11:12:56 GMT",
            "id_program": 3533,
            "kode_program": "2.08.07",
            "nama_program": "PROGRAM PERLINDUNGAN KHUSUS ANAK",
            "id_giat": 15919,
            "kode_giat": "2.08.07.2.02",
            "nama_giat": "Penyediaan Layanan bagi Anak yang Memerlukan Perlindungan Khusus yang Memerlukan Koordinasi Tingkat Daerah Kabupaten/Kota",
            "pagu_giat": 41140000.0,
            "rinci_giat": null,
            "id_sub_giat": 53249,
            "kode_sub_giat": "2.08.07.2.02.0013",
            "nama_sub_giat": "Layanan pendampingan korban bagi Anak Korban Kekerasan Tingkat  Kabupaten/Kota",
            "pagu": 41140000.0,
            "pagu_indikatif": 41140000.0,
            "rincian": null,
            "kode_bl": "996.14868.3533.15919",
            "kode_sbl": "996.14868.3533.15919.53249",
            "kunci_bl": 1,
            "kunci_bl_rinci": 1,
            "user_created": "Solita Meida, S.Pd",
            "created_date": "03-02-2025",
            "created_time": "20:30",
            "user_updated": null,
            "updated_date": null,
            "updated_time": null,
            "is_locked": 0
        },
        {
            "id_sub_bl": 64328,
            "id_daerah": 473,
            "tahun": 2026,
            "id_unit": 996,
            "id_skpd": 996,
            "created_user": 6959,
            "kode_skpd": "2.08.0.00.0.00.01.0000",
            "nama_skpd": "Dinas Pemberdayaan Perempuan dan Perlindungan Anak",
            "id_urusan": 12,
            "kode_urusan": "2",
            "nama_urusan": "URUSAN PEMERINTAHAN WAJIB YANG TIDAK BERKAITAN DENGAN PELAYANAN DASAR",
            "id_bidang_urusan": 208,
            "kode_bidang_urusan": "2.08",
            "nama_bidang_urusan": "URUSAN PEMERINTAHAN BIDANG PEMBERDAYAAN PEREMPUAN DAN PERLINDUNGAN ANAK",
            "id_sub_skpd": 14868,
            "kode_sub_skpd": "2.08.0.00.0.00.01.0001",
            "nama_sub_skpd": "UPTD Perlindungan Perempuan dan Anak",
            "set_pagu_user": 6959,
            "set_pagu_at": "Thu, 03 Jul 2025 11:12:56 GMT",
            "id_program": 3533,
            "kode_program": "2.08.07",
            "nama_program": "PROGRAM PERLINDUNGAN KHUSUS ANAK",
            "id_giat": 15920,
            "kode_giat": "2.08.07.2.03",
            "nama_giat": "Penguatan dan Pengembangan Lembaga Penyedia Layanan bagi Anak yang Memerlukan Perlindungan Khusus Tingkat Daerah Kabupaten/Kota",
            "pagu_giat": 50000000.0,
            "rinci_giat": null,
            "id_sub_giat": 53258,
            "kode_sub_giat": "2.08.07.2.03.0014",
            "nama_sub_giat": "pendampingan penguatan dan pengembangan lembaga penyedia layanan bagi Anak yang Memerlukan Perlindungan Khusus Tingkat Daerah Kabupaten/Kota",
            "pagu": 50000000.0,
            "pagu_indikatif": 50000000.0,
            "rincian": null,
            "kode_bl": "996.14868.3533.15920",
            "kode_sbl": "996.14868.3533.15920.53258",
            "kunci_bl": 1,
            "kunci_bl_rinci": 1,
            "user_created": "Solita Meida, S.Pd",
            "created_date": "03-02-2025",
            "created_time": "20:51",
            "user_updated": null,
            "updated_date": null,
            "updated_time": null,
            "is_locked": 0
        }
    ]