[
        {
            "id_sub_bl": 58815,
            "id_daerah": 473,
            "tahun": 2026,
            "id_unit": 698,
            "id_skpd": 698,
            "created_user": 1554,
            "kode_skpd": "2.09.0.00.0.00.01.0000",
            "nama_skpd": "Dinas Ketahanan Pangan",
            "id_urusan": 12,
            "kode_urusan": "2",
            "nama_urusan": "URUSAN PEMERINTAHAN WAJIB YANG TIDAK BERKAITAN DENGAN PELAYANAN DASAR",
            "id_bidang_urusan": 209,
            "kode_bidang_urusan": "2.09",
            "nama_bidang_urusan": "URUSAN PEMERINTAHAN BIDANG PANGAN",
            "id_sub_skpd": 698,
            "kode_sub_skpd": "2.09.0.00.0.00.01.0000",
            "nama_sub_skpd": "Dinas Ketahanan Pangan",
            "set_pagu_user": 0,
            "set_pagu_at": null,
            "id_program": 3535,
            "kode_program": "2.09.02",
            "nama_program": "PROGRAM PENGELOLAAN SUMBER DAYA EKONOMI UNTUK KEDAULATAN dan KEMANDIRIAN PANGAN",
            "id_giat": 15922,
            "kode_giat": "2.09.02.2.01",
            "nama_giat": "Penyediaan Infrastruktur dan Seluruh Pendukung Kemandirian Pangan sesuai Kewenangan Daerah Kabupaten/Kota",
            "pagu_giat": 30000000.0,
            "rinci_giat": null,
            "id_sub_giat": 53262,
            "kode_sub_giat": "2.09.02.2.01.0003",
            "nama_sub_giat": "Penyediaan Infrastruktur Pendukung Kemandirian Pangan Lainnya",
            "pagu": 10000000.0,
            "pagu_indikatif": 10000000.0,
            "rincian": null,
            "kode_bl": "698.698.3535.15922",
            "kode_sbl": "698.698.3535.15922.53262",
            "kunci_bl": 1,
            "kunci_bl_rinci": 1,
            "user_created": "SABANI, SH",
            "created_date": "20-01-2025",
            "created_time": "09:28",
            "user_updated": "SABANI, SH",
            "updated_date": "03-07-2025",
            "updated_time": "18:14",
            "is_locked": 0
        },
        {
            "id_sub_bl": 73277,
            "id_daerah": 473,
            "tahun": 2026,
            "id_unit": 698,
            "id_skpd": 698,
            "created_user": 1554,
            "kode_skpd": "2.09.0.00.0.00.01.0000",
            "nama_skpd": "Dinas Ketahanan Pangan",
            "id_urusan": 12,
            "kode_urusan": "2",
            "nama_urusan": "URUSAN PEMERINTAHAN WAJIB YANG TIDAK BERKAITAN DENGAN PELAYANAN DASAR",
            "id_bidang_urusan": 209,
            "kode_bidang_urusan": "2.09",
            "nama_bidang_urusan": "URUSAN PEMERINTAHAN BIDANG PANGAN",
            "id_sub_skpd": 698,
            "kode_sub_skpd": "2.09.0.00.0.00.01.0000",
            "nama_sub_skpd": "Dinas Ketahanan Pangan",
            "set_pagu_user": 0,
            "set_pagu_at": null,
            "id_program": 3535,
            "kode_program": "2.09.02",
            "nama_program": "PROGRAM PENGELOLAAN SUMBER DAYA EKONOMI UNTUK KEDAULATAN dan KEMANDIRIAN PANGAN",
            "id_giat": 15922,
            "kode_giat": "2.09.02.2.01",
            "nama_giat": "Penyediaan Infrastruktur dan Seluruh Pendukung Kemandirian Pangan sesuai Kewenangan Daerah Kabupaten/Kota",
            "pagu_giat": 30000000.0,
            "rinci_giat": null,
            "id_sub_giat": 53263,
            "kode_sub_giat": "2.09.02.2.01.0004",
            "nama_sub_giat": "Koordinasi dan Sinkronisasi Penyediaan Infrastruktur Logistik",
            "pagu": 20000000.0,
            "pagu_indikatif": 10000000.0,
            "rincian": null,
            "kode_bl": "698.698.3535.15922",
            "kode_sbl": "698.698.3535.15922.53263",
            "kunci_bl": 1,
            "kunci_bl_rinci": 1,
            "user_created": "SABANI, SH",
            "created_date": "25-03-2025",
            "created_time": "17:12",
            "user_updated": "SABANI, SH",
            "updated_date": "02-07-2025",
            "updated_time": "15:10",
            "is_locked": 0
        },
        {
            "id_sub_bl": 58832,
            "id_daerah": 473,
            "tahun": 2026,
            "id_unit": 698,
            "id_skpd": 698,
            "created_user": 1554,
            "kode_skpd": "2.09.0.00.0.00.01.0000",
            "nama_skpd": "Dinas Ketahanan Pangan",
            "id_urusan": 12,
            "kode_urusan": "2",
            "nama_urusan": "URUSAN PEMERINTAHAN WAJIB YANG TIDAK BERKAITAN DENGAN PELAYANAN DASAR",
            "id_bidang_urusan": 209,
            "kode_bidang_urusan": "2.09",
            "nama_bidang_urusan": "URUSAN PEMERINTAHAN BIDANG PANGAN",
            "id_sub_skpd": 698,
            "kode_sub_skpd": "2.09.0.00.0.00.01.0000",
            "nama_sub_skpd": "Dinas Ketahanan Pangan",
            "set_pagu_user": 0,
            "set_pagu_at": null,
            "id_program": 3537,
            "kode_program": "2.09.03",
            "nama_program": "PROGRAM PENINGKATAN DIVERSIFIKASI DAN KETAHANAN PANGAN MASYARAKAT",
            "id_giat": 15927,
            "kode_giat": "2.09.03.2.01",
            "nama_giat": "Penyediaan dan Penyaluran Pangan Pokok atau Pangan Lainnya sesuai dengan Kebutuhan Daerah Kabupaten/Kota dalam rangka Stabilisasi Pasokan dan Harga Pangan",
            "pagu_giat": 159000000.0,
            "rinci_giat": null,
            "id_sub_giat": 53286,
            "kode_sub_giat": "2.09.03.2.01.0003",
            "nama_sub_giat": "Koordinasi, Sinkronisasi dan Pelaksanaan Distribusi Pangan Pokok dan Pangan Lainnya",
            "pagu": 100000000.0,
            "pagu_indikatif": 155000000.0,
            "rincian": null,
            "kode_bl": "698.698.3537.15927",
            "kode_sbl": "698.698.3537.15927.53286",
            "kunci_bl": 1,
            "kunci_bl_rinci": 1,
            "user_created": "SABANI, SH",
            "created_date": "20-01-2025",
            "created_time": "09:37",
            "user_updated": "SABANI, SH",
            "updated_date": "02-07-2025",
            "updated_time": "15:07",
            "is_locked": 0
        },
        {
            "id_sub_bl": 73278,
            "id_daerah": 473,
            "tahun": 2026,
            "id_unit": 698,
            "id_skpd": 698,
            "created_user": 1554,
            "kode_skpd": "2.09.0.00.0.00.01.0000",
            "nama_skpd": "Dinas Ketahanan Pangan",
            "id_urusan": 12,
            "kode_urusan": "2",
            "nama_urusan": "URUSAN PEMERINTAHAN WAJIB YANG TIDAK BERKAITAN DENGAN PELAYANAN DASAR",
            "id_bidang_urusan": 209,
            "kode_bidang_urusan": "2.09",
            "nama_bidang_urusan": "URUSAN PEMERINTAHAN BIDANG PANGAN",
            "id_sub_skpd": 698,
            "kode_sub_skpd": "2.09.0.00.0.00.01.0000",
            "nama_sub_skpd": "Dinas Ketahanan Pangan",
            "set_pagu_user": 0,
            "set_pagu_at": null,
            "id_program": 3537,
            "kode_program": "2.09.03",
            "nama_program": "PROGRAM PENINGKATAN DIVERSIFIKASI DAN KETAHANAN PANGAN MASYARAKAT",
            "id_giat": 15927,
            "kode_giat": "2.09.03.2.01",
            "nama_giat": "Penyediaan dan Penyaluran Pangan Pokok atau Pangan Lainnya sesuai dengan Kebutuhan Daerah Kabupaten/Kota dalam rangka Stabilisasi Pasokan dan Harga Pangan",
            "pagu_giat": 159000000.0,
            "rinci_giat": null,
            "id_sub_giat": 53290,
            "kode_sub_giat": "2.09.03.2.01.0010",
            "nama_sub_giat": "Pengembangan Kelembagaan Distribusi Pangan Kabupaten/kota",
            "pagu": 5000000.0,
            "pagu_indikatif": 15000000.0,
            "rincian": null,
            "kode_bl": "698.698.3537.15927",
            "kode_sbl": "698.698.3537.15927.53290",
            "kunci_bl": 1,
            "kunci_bl_rinci": 1,
            "user_created": "SABANI, SH",
            "created_date": "25-03-2025",
            "created_time": "19:43",
            "user_updated": "SABANI, SH",
            "updated_date": "02-07-2025",
            "updated_time": "15:06",
            "is_locked": 0
        },
        {
            "id_sub_bl": 58841,
            "id_daerah": 473,
            "tahun": 2026,
            "id_unit": 698,
            "id_skpd": 698,
            "created_user": 1554,
            "kode_skpd": "2.09.0.00.0.00.01.0000",
            "nama_skpd": "Dinas Ketahanan Pangan",
            "id_urusan": 12,
            "kode_urusan": "2",
            "nama_urusan": "URUSAN PEMERINTAHAN WAJIB YANG TIDAK BERKAITAN DENGAN PELAYANAN DASAR",
            "id_bidang_urusan": 209,
            "kode_bidang_urusan": "2.09",
            "nama_bidang_urusan": "URUSAN PEMERINTAHAN BIDANG PANGAN",
            "id_sub_skpd": 698,
            "kode_sub_skpd": "2.09.0.00.0.00.01.0000",
            "nama_sub_skpd": "Dinas Ketahanan Pangan",
            "set_pagu_user": 0,
            "set_pagu_at": null,
            "id_program": 3537,
            "kode_program": "2.09.03",
            "nama_program": "PROGRAM PENINGKATAN DIVERSIFIKASI DAN KETAHANAN PANGAN MASYARAKAT",
            "id_giat": 15927,
            "kode_giat": "2.09.03.2.01",
            "nama_giat": "Penyediaan dan Penyaluran Pangan Pokok atau Pangan Lainnya sesuai dengan Kebutuhan Daerah Kabupaten/Kota dalam rangka Stabilisasi Pasokan dan Harga Pangan",
            "pagu_giat": 159000000.0,
            "rinci_giat": null,
            "id_sub_giat": 53293,
            "kode_sub_giat": "2.09.03.2.01.0014",
            "nama_sub_giat": "Koordinasi dan Sinkronisasi Pemantauan Stok, Pasokan dan Harga Pangan Pokok Strategis",
            "pagu": 30000000.0,
            "pagu_indikatif": 30000000.0,
            "rincian": null,
            "kode_bl": "698.698.3537.15927",
            "kode_sbl": "698.698.3537.15927.53293",
            "kunci_bl": 1,
            "kunci_bl_rinci": 1,
            "user_created": "SABANI, SH",
            "created_date": "20-01-2025",
            "created_time": "09:45",
            "user_updated": "SABANI, SH",
            "updated_date": "02-07-2025",
            "updated_time": "15:03",
            "is_locked": 0
        },
        {
            "id_sub_bl": 73279,
            "id_daerah": 473,
            "tahun": 2026,
            "id_unit": 698,
            "id_skpd": 698,
            "created_user": 1554,
            "kode_skpd": "2.09.0.00.0.00.01.0000",
            "nama_skpd": "Dinas Ketahanan Pangan",
            "id_urusan": 12,
            "kode_urusan": "2",
            "nama_urusan": "URUSAN PEMERINTAHAN WAJIB YANG TIDAK BERKAITAN DENGAN PELAYANAN DASAR",
            "id_bidang_urusan": 209,
            "kode_bidang_urusan": "2.09",
            "nama_bidang_urusan": "URUSAN PEMERINTAHAN BIDANG PANGAN",
            "id_sub_skpd": 698,
            "kode_sub_skpd": "2.09.0.00.0.00.01.0000",
            "nama_sub_skpd": "Dinas Ketahanan Pangan",
            "set_pagu_user": 0,
            "set_pagu_at": null,
            "id_program": 3537,
            "kode_program": "2.09.03",
            "nama_program": "PROGRAM PENINGKATAN DIVERSIFIKASI DAN KETAHANAN PANGAN MASYARAKAT",
            "id_giat": 15927,
            "kode_giat": "2.09.03.2.01",
            "nama_giat": "Penyediaan dan Penyaluran Pangan Pokok atau Pangan Lainnya sesuai dengan Kebutuhan Daerah Kabupaten/Kota dalam rangka Stabilisasi Pasokan dan Harga Pangan",
            "pagu_giat": 159000000.0,
            "rinci_giat": null,
            "id_sub_giat": 53294,
            "kode_sub_giat": "2.09.03.2.01.0016",
            "nama_sub_giat": "Penyusunan Neraca Bahan Makanan (NBM)",
            "pagu": 24000000.0,
            "pagu_indikatif": 30000000.0,
            "rincian": null,
            "kode_bl": "698.698.3537.15927",
            "kode_sbl": "698.698.3537.15927.53294",
            "kunci_bl": 1,
            "kunci_bl_rinci": 1,
            "user_created": "SABANI, SH",
            "created_date": "25-03-2025",
            "created_time": "19:46",
            "user_updated": "SABANI, SH",
            "updated_date": "02-07-2025",
            "updated_time": "15:03",
            "is_locked": 0
        },
        {
            "id_sub_bl": 59512,
            "id_daerah": 473,
            "tahun": 2026,
            "id_unit": 698,
            "id_skpd": 698,
            "created_user": 1554,
            "kode_skpd": "2.09.0.00.0.00.01.0000",
            "nama_skpd": "Dinas Ketahanan Pangan",
            "id_urusan": 12,
            "kode_urusan": "2",
            "nama_urusan": "URUSAN PEMERINTAHAN WAJIB YANG TIDAK BERKAITAN DENGAN PELAYANAN DASAR",
            "id_bidang_urusan": 209,
            "kode_bidang_urusan": "2.09",
            "nama_bidang_urusan": "URUSAN PEMERINTAHAN BIDANG PANGAN",
            "id_sub_skpd": 698,
            "kode_sub_skpd": "2.09.0.00.0.00.01.0000",
            "nama_sub_skpd": "Dinas Ketahanan Pangan",
            "set_pagu_user": 0,
            "set_pagu_at": null,
            "id_program": 3537,
            "kode_program": "2.09.03",
            "nama_program": "PROGRAM PENINGKATAN DIVERSIFIKASI DAN KETAHANAN PANGAN MASYARAKAT",
            "id_giat": 15928,
            "kode_giat": "2.09.03.2.02",
            "nama_giat": "Pengelolaan dan Keseimbangan Cadangan Pangan Kabupaten/Kota",
            "pagu_giat": 50000000.0,
            "rinci_giat": null,
            "id_sub_giat": 53297,
            "kode_sub_giat": "2.09.03.2.02.0003",
            "nama_sub_giat": "Pengadaan Cadangan Pangan Pemerintah Kabupaten/Kota",
            "pagu": 40000000.0,
            "pagu_indikatif": 40000000.0,
            "rincian": null,
            "kode_bl": "698.698.3537.15928",
            "kode_sbl": "698.698.3537.15928.53297",
            "kunci_bl": 1,
            "kunci_bl_rinci": 1,
            "user_created": "SABANI, SH",
            "created_date": "21-01-2025",
            "created_time": "10:08",
            "user_updated": "SABANI, SH",
            "updated_date": "02-07-2025",
            "updated_time": "15:02",
            "is_locked": 0
        },
        {
            "id_sub_bl": 58850,
            "id_daerah": 473,
            "tahun": 2026,
            "id_unit": 698,
            "id_skpd": 698,
            "created_user": 1554,
            "kode_skpd": "2.09.0.00.0.00.01.0000",
            "nama_skpd": "Dinas Ketahanan Pangan",
            "id_urusan": 12,
            "kode_urusan": "2",
            "nama_urusan": "URUSAN PEMERINTAHAN WAJIB YANG TIDAK BERKAITAN DENGAN PELAYANAN DASAR",
            "id_bidang_urusan": 209,
            "kode_bidang_urusan": "2.09",
            "nama_bidang_urusan": "URUSAN PEMERINTAHAN BIDANG PANGAN",
            "id_sub_skpd": 698,
            "kode_sub_skpd": "2.09.0.00.0.00.01.0000",
            "nama_sub_skpd": "Dinas Ketahanan Pangan",
            "set_pagu_user": 0,
            "set_pagu_at": null,
            "id_program": 3537,
            "kode_program": "2.09.03",
            "nama_program": "PROGRAM PENINGKATAN DIVERSIFIKASI DAN KETAHANAN PANGAN MASYARAKAT",
            "id_giat": 15929,
            "kode_giat": "2.09.03.2.03",
            "nama_giat": "Penentuan Harga Minimum Daerah untuk Pangan Lokal yang Tidak Ditetapkan oleh Pemerintah Pusat dan Pemerintah Provinsi",
            "pagu_giat": 5000000.0,
            "rinci_giat": null,
            "id_sub_giat": 53301,
            "kode_sub_giat": "2.09.03.2.03.0001",
            "nama_sub_giat": "Koordinasi dan Sinkronisasi Penentuan Harga Minimum Pangan Pokok Lokal",
            "pagu": 5000000.0,
            "pagu_indikatif": 5000000.0,
            "rincian": null,
            "kode_bl": "698.698.3537.15929",
            "kode_sbl": "698.698.3537.15929.53301",
            "kunci_bl": 1,
            "kunci_bl_rinci": 1,
            "user_created": "SABANI, SH",
            "created_date": "20-01-2025",
            "created_time": "09:48",
            "user_updated": "SABANI, SH",
            "updated_date": "02-07-2025",
            "updated_time": "15:01",
            "is_locked": 0
        },
        {
            "id_sub_bl": 58856,
            "id_daerah": 473,
            "tahun": 2026,
            "id_unit": 698,
            "id_skpd": 698,
            "created_user": 1554,
            "kode_skpd": "2.09.0.00.0.00.01.0000",
            "nama_skpd": "Dinas Ketahanan Pangan",
            "id_urusan": 12,
            "kode_urusan": "2",
            "nama_urusan": "URUSAN PEMERINTAHAN WAJIB YANG TIDAK BERKAITAN DENGAN PELAYANAN DASAR",
            "id_bidang_urusan": 209,
            "kode_bidang_urusan": "2.09",
            "nama_bidang_urusan": "URUSAN PEMERINTAHAN BIDANG PANGAN",
            "id_sub_skpd": 698,
            "kode_sub_skpd": "2.09.0.00.0.00.01.0000",
            "nama_sub_skpd": "Dinas Ketahanan Pangan",
            "set_pagu_user": 0,
            "set_pagu_at": null,
            "id_program": 3537,
            "kode_program": "2.09.03",
            "nama_program": "PROGRAM PENINGKATAN DIVERSIFIKASI DAN KETAHANAN PANGAN MASYARAKAT",
            "id_giat": 15930,
            "kode_giat": "2.09.03.2.04",
            "nama_giat": "Pelaksanaan Pencapaian Target Konsumsi Pangan Perkapita/Tahun sesuai dengan Angka Kecukupan Gizi",
            "pagu_giat": 105000000.0,
            "rinci_giat": null,
            "id_sub_giat": 53302,
            "kode_sub_giat": "2.09.03.2.04.0001",
            "nama_sub_giat": "Penyusunan dan Penetapan Target Konsumsi Pangan Per Kapita Per Tahun",
            "pagu": 80000000.0,
            "pagu_indikatif": 120000000.0,
            "rincian": null,
            "kode_bl": "698.698.3537.15930",
            "kode_sbl": "698.698.3537.15930.53302",
            "kunci_bl": 1,
            "kunci_bl_rinci": 1,
            "user_created": "SABANI, SH",
            "created_date": "20-01-2025",
            "created_time": "09:50",
            "user_updated": "SABANI, SH",
            "updated_date": "02-07-2025",
            "updated_time": "15:00",
            "is_locked": 0
        },
        {
            "id_sub_bl": 58861,
            "id_daerah": 473,
            "tahun": 2026,
            "id_unit": 698,
            "id_skpd": 698,
            "created_user": 1554,
            "kode_skpd": "2.09.0.00.0.00.01.0000",
            "nama_skpd": "Dinas Ketahanan Pangan",
            "id_urusan": 12,
            "kode_urusan": "2",
            "nama_urusan": "URUSAN PEMERINTAHAN WAJIB YANG TIDAK BERKAITAN DENGAN PELAYANAN DASAR",
            "id_bidang_urusan": 209,
            "kode_bidang_urusan": "2.09",
            "nama_bidang_urusan": "URUSAN PEMERINTAHAN BIDANG PANGAN",
            "id_sub_skpd": 698,
            "kode_sub_skpd": "2.09.0.00.0.00.01.0000",
            "nama_sub_skpd": "Dinas Ketahanan Pangan",
            "set_pagu_user": 0,
            "set_pagu_at": null,
            "id_program": 3537,
            "kode_program": "2.09.03",
            "nama_program": "PROGRAM PENINGKATAN DIVERSIFIKASI DAN KETAHANAN PANGAN MASYARAKAT",
            "id_giat": 15930,
            "kode_giat": "2.09.03.2.04",
            "nama_giat": "Pelaksanaan Pencapaian Target Konsumsi Pangan Perkapita/Tahun sesuai dengan Angka Kecukupan Gizi",
            "pagu_giat": 105000000.0,
            "rinci_giat": null,
            "id_sub_giat": 53303,
            "kode_sub_giat": "2.09.03.2.04.0002",
            "nama_sub_giat": "Pemberdayaan Masyarakat dalam Penganekaragaman Konsumsi Pangan Berbasis Sumber Daya Lokal",
            "pagu": 25000000.0,
            "pagu_indikatif": 30000000.0,
            "rincian": null,
            "kode_bl": "698.698.3537.15930",
            "kode_sbl": "698.698.3537.15930.53303",
            "kunci_bl": 1,
            "kunci_bl_rinci": 1,
            "user_created": "SABANI, SH",
            "created_date": "20-01-2025",
            "created_time": "09:51",
            "user_updated": "SABANI, SH",
            "updated_date": "02-07-2025",
            "updated_time": "14:59",
            "is_locked": 0
        },
        {
            "id_sub_bl": 73280,
            "id_daerah": 473,
            "tahun": 2026,
            "id_unit": 698,
            "id_skpd": 698,
            "created_user": 1554,
            "kode_skpd": "2.09.0.00.0.00.01.0000",
            "nama_skpd": "Dinas Ketahanan Pangan",
            "id_urusan": 12,
            "kode_urusan": "2",
            "nama_urusan": "URUSAN PEMERINTAHAN WAJIB YANG TIDAK BERKAITAN DENGAN PELAYANAN DASAR",
            "id_bidang_urusan": 209,
            "kode_bidang_urusan": "2.09",
            "nama_bidang_urusan": "URUSAN PEMERINTAHAN BIDANG PANGAN",
            "id_sub_skpd": 698,
            "kode_sub_skpd": "2.09.0.00.0.00.01.0000",
            "nama_sub_skpd": "Dinas Ketahanan Pangan",
            "set_pagu_user": 0,
            "set_pagu_at": null,
            "id_program": 3539,
            "kode_program": "2.09.04",
            "nama_program": "PROGRAM PENANGANAN KERAWANAN PANGAN",
            "id_giat": 15933,
            "kode_giat": "2.09.04.2.01",
            "nama_giat": "Penyusunan Peta Kerentanan dan Ketahanan Pangan Kecamatan",
            "pagu_giat": 45000000.0,
            "rinci_giat": null,
            "id_sub_giat": 53312,
            "kode_sub_giat": "2.09.04.2.01.0001",
            "nama_sub_giat": "Penyusunan, Pemutakhiran dan Analisis Peta Ketahanan dan Kerentanan Pangan",
            "pagu": 45000000.0,
            "pagu_indikatif": 25000000.0,
            "rincian": null,
            "kode_bl": "698.698.3539.15933",
            "kode_sbl": "698.698.3539.15933.53312",
            "kunci_bl": 1,
            "kunci_bl_rinci": 1,
            "user_created": "SABANI, SH",
            "created_date": "25-03-2025",
            "created_time": "19:55",
            "user_updated": "SABANI, SH",
            "updated_date": "02-07-2025",
            "updated_time": "14:57",
            "is_locked": 0
        },
        {
            "id_sub_bl": 58864,
            "id_daerah": 473,
            "tahun": 2026,
            "id_unit": 698,
            "id_skpd": 698,
            "created_user": 1554,
            "kode_skpd": "2.09.0.00.0.00.01.0000",
            "nama_skpd": "Dinas Ketahanan Pangan",
            "id_urusan": 12,
            "kode_urusan": "2",
            "nama_urusan": "URUSAN PEMERINTAHAN WAJIB YANG TIDAK BERKAITAN DENGAN PELAYANAN DASAR",
            "id_bidang_urusan": 209,
            "kode_bidang_urusan": "2.09",
            "nama_bidang_urusan": "URUSAN PEMERINTAHAN BIDANG PANGAN",
            "id_sub_skpd": 698,
            "kode_sub_skpd": "2.09.0.00.0.00.01.0000",
            "nama_sub_skpd": "Dinas Ketahanan Pangan",
            "set_pagu_user": 0,
            "set_pagu_at": null,
            "id_program": 3539,
            "kode_program": "2.09.04",
            "nama_program": "PROGRAM PENANGANAN KERAWANAN PANGAN",
            "id_giat": 15934,
            "kode_giat": "2.09.04.2.02",
            "nama_giat": "Penanganan Kerawanan Pangan Kewenangan Kabupaten/Kota",
            "pagu_giat": 35000000.0,
            "rinci_giat": null,
            "id_sub_giat": 53314,
            "kode_sub_giat": "2.09.04.2.02.0003",
            "nama_sub_giat": "Koordinasi dan Sinkronisasi Penanganan Kerawanan Pangan dan Gizi Kabupaten/Kota",
            "pagu": 35000000.0,
            "pagu_indikatif": 35000000.0,
            "rincian": null,
            "kode_bl": "698.698.3539.15934",
            "kode_sbl": "698.698.3539.15934.53314",
            "kunci_bl": 1,
            "kunci_bl_rinci": 1,
            "user_created": "SABANI, SH",
            "created_date": "20-01-2025",
            "created_time": "09:53",
            "user_updated": "SABANI, SH",
            "updated_date": "02-07-2025",
            "updated_time": "14:58",
            "is_locked": 0
        },
        {
            "id_sub_bl": 58866,
            "id_daerah": 473,
            "tahun": 2026,
            "id_unit": 698,
            "id_skpd": 698,
            "created_user": 1554,
            "kode_skpd": "2.09.0.00.0.00.01.0000",
            "nama_skpd": "Dinas Ketahanan Pangan",
            "id_urusan": 12,
            "kode_urusan": "2",
            "nama_urusan": "URUSAN PEMERINTAHAN WAJIB YANG TIDAK BERKAITAN DENGAN PELAYANAN DASAR",
            "id_bidang_urusan": 209,
            "kode_bidang_urusan": "2.09",
            "nama_bidang_urusan": "URUSAN PEMERINTAHAN BIDANG PANGAN",
            "id_sub_skpd": 698,
            "kode_sub_skpd": "2.09.0.00.0.00.01.0000",
            "nama_sub_skpd": "Dinas Ketahanan Pangan",
            "set_pagu_user": 0,
            "set_pagu_at": null,
            "id_program": 3541,
            "kode_program": "2.09.05",
            "nama_program": "PROGRAM PENGAWASAN KEAMANAN PANGAN",
            "id_giat": 15936,
            "kode_giat": "2.09.05.2.01",
            "nama_giat": "Pelaksanaan Pengawasan Keamanan Pangan Segar Daerah Kabupaten/Kota",
            "pagu_giat": 30000000.0,
            "rinci_giat": null,
            "id_sub_giat": 53326,
            "kode_sub_giat": "2.09.05.2.01.0007",
            "nama_sub_giat": "Penyediaan Sarana Pengujian keamanan dan mutu pangan segar asal tumbuhan Daerah Kabupaten/Kota",
            "pagu": 30000000.0,
            "pagu_indikatif": 30000000.0,
            "rincian": null,
            "kode_bl": "698.698.3541.15936",
            "kode_sbl": "698.698.3541.15936.53326",
            "kunci_bl": 1,
            "kunci_bl_rinci": 1,
            "user_created": "SABANI, SH",
            "created_date": "20-01-2025",
            "created_time": "09:54",
            "user_updated": "SABANI, SH",
            "updated_date": "02-07-2025",
            "updated_time": "14:56",
            "is_locked": 0
        },
        {
            "id_sub_bl": 58870,
            "id_daerah": 473,
            "tahun": 2026,
            "id_unit": 698,
            "id_skpd": 698,
            "created_user": 1554,
            "kode_skpd": "2.09.0.00.0.00.01.0000",
            "nama_skpd": "Dinas Ketahanan Pangan",
            "id_urusan": 12,
            "kode_urusan": "2",
            "nama_urusan": "URUSAN PEMERINTAHAN WAJIB YANG TIDAK BERKAITAN DENGAN PELAYANAN DASAR",
            "id_bidang_urusan": 209,
            "kode_bidang_urusan": "2.09",
            "nama_bidang_urusan": "URUSAN PEMERINTAHAN BIDANG PANGAN",
            "id_sub_skpd": 698,
            "kode_sub_skpd": "2.09.0.00.0.00.01.0000",
            "nama_sub_skpd": "Dinas Ketahanan Pangan",
            "set_pagu_user": 0,
            "set_pagu_at": null,
            "id_program": 4451,
            "kode_program": "2.09.01",
            "nama_program": "PROGRAM PENUNJANG URUSAN PEMERINTAHAN DAERAH KABUPATEN/KOTA",
            "id_giat": 18371,
            "kode_giat": "2.09.01.2.01",
            "nama_giat": "Perencanaan, Penganggaran, dan Evaluasi Kinerja Perangkat Daerah",
            "pagu_giat": 115000000.0,
            "rinci_giat": null,
            "id_sub_giat": 60589,
            "kode_sub_giat": "2.09.01.2.01.0001",
            "nama_sub_giat": "Penyusunan Dokumen Perencanaan Perangkat Daerah",
            "pagu": 10000000.0,
            "pagu_indikatif": 10000000.0,
            "rincian": null,
            "kode_bl": "698.698.4451.18371",
            "kode_sbl": "698.698.4451.18371.60589",
            "kunci_bl": 1,
            "kunci_bl_rinci": 1,
            "user_created": "SABANI, SH",
            "created_date": "20-01-2025",
            "created_time": "09:56",
            "user_updated": "SABANI, SH",
            "updated_date": "03-07-2025",
            "updated_time": "18:22",
            "is_locked": 0
        },
        {
            "id_sub_bl": 58885,
            "id_daerah": 473,
            "tahun": 2026,
            "id_unit": 698,
            "id_skpd": 698,
            "created_user": 1554,
            "kode_skpd": "2.09.0.00.0.00.01.0000",
            "nama_skpd": "Dinas Ketahanan Pangan",
            "id_urusan": 12,
            "kode_urusan": "2",
            "nama_urusan": "URUSAN PEMERINTAHAN WAJIB YANG TIDAK BERKAITAN DENGAN PELAYANAN DASAR",
            "id_bidang_urusan": 209,
            "kode_bidang_urusan": "2.09",
            "nama_bidang_urusan": "URUSAN PEMERINTAHAN BIDANG PANGAN",
            "id_sub_skpd": 698,
            "kode_sub_skpd": "2.09.0.00.0.00.01.0000",
            "nama_sub_skpd": "Dinas Ketahanan Pangan",
            "set_pagu_user": 0,
            "set_pagu_at": null,
            "id_program": 4451,
            "kode_program": "2.09.01",
            "nama_program": "PROGRAM PENUNJANG URUSAN PEMERINTAHAN DAERAH KABUPATEN/KOTA",
            "id_giat": 18371,
            "kode_giat": "2.09.01.2.01",
            "nama_giat": "Perencanaan, Penganggaran, dan Evaluasi Kinerja Perangkat Daerah",
            "pagu_giat": 115000000.0,
            "rinci_giat": null,
            "id_sub_giat": 60590,
            "kode_sub_giat": "2.09.01.2.01.0002",
            "nama_sub_giat": "Koordinasi dan Penyusunan Dokumen RKA-SKPD",
            "pagu": 10000000.0,
            "pagu_indikatif": 10000000.0,
            "rincian": null,
            "kode_bl": "698.698.4451.18371",
            "kode_sbl": "698.698.4451.18371.60590",
            "kunci_bl": 1,
            "kunci_bl_rinci": 1,
            "user_created": "SABANI, SH",
            "created_date": "20-01-2025",
            "created_time": "10:03",
            "user_updated": "SABANI, SH",
            "updated_date": "03-07-2025",
            "updated_time": "18:25",
            "is_locked": 0
        },
        {
            "id_sub_bl": 58888,
            "id_daerah": 473,
            "tahun": 2026,
            "id_unit": 698,
            "id_skpd": 698,
            "created_user": 1554,
            "kode_skpd": "2.09.0.00.0.00.01.0000",
            "nama_skpd": "Dinas Ketahanan Pangan",
            "id_urusan": 12,
            "kode_urusan": "2",
            "nama_urusan": "URUSAN PEMERINTAHAN WAJIB YANG TIDAK BERKAITAN DENGAN PELAYANAN DASAR",
            "id_bidang_urusan": 209,
            "kode_bidang_urusan": "2.09",
            "nama_bidang_urusan": "URUSAN PEMERINTAHAN BIDANG PANGAN",
            "id_sub_skpd": 698,
            "kode_sub_skpd": "2.09.0.00.0.00.01.0000",
            "nama_sub_skpd": "Dinas Ketahanan Pangan",
            "set_pagu_user": 0,
            "set_pagu_at": null,
            "id_program": 4451,
            "kode_program": "2.09.01",
            "nama_program": "PROGRAM PENUNJANG URUSAN PEMERINTAHAN DAERAH KABUPATEN/KOTA",
            "id_giat": 18371,
            "kode_giat": "2.09.01.2.01",
            "nama_giat": "Perencanaan, Penganggaran, dan Evaluasi Kinerja Perangkat Daerah",
            "pagu_giat": 115000000.0,
            "rinci_giat": null,
            "id_sub_giat": 60591,
            "kode_sub_giat": "2.09.01.2.01.0003",
            "nama_sub_giat": "Koordinasi dan Penyusunan Dokumen Perubahan RKA-SKPD",
            "pagu": 15000000.0,
            "pagu_indikatif": 15000000.0,
            "rincian": null,
            "kode_bl": "698.698.4451.18371",
            "kode_sbl": "698.698.4451.18371.60591",
            "kunci_bl": 1,
            "kunci_bl_rinci": 1,
            "user_created": "SABANI, SH",
            "created_date": "20-01-2025",
            "created_time": "10:04",
            "user_updated": "SABANI, SH",
            "updated_date": "03-07-2025",
            "updated_time": "18:26",
            "is_locked": 0
        },
        {
            "id_sub_bl": 58892,
            "id_daerah": 473,
            "tahun": 2026,
            "id_unit": 698,
            "id_skpd": 698,
            "created_user": 1554,
            "kode_skpd": "2.09.0.00.0.00.01.0000",
            "nama_skpd": "Dinas Ketahanan Pangan",
            "id_urusan": 12,
            "kode_urusan": "2",
            "nama_urusan": "URUSAN PEMERINTAHAN WAJIB YANG TIDAK BERKAITAN DENGAN PELAYANAN DASAR",
            "id_bidang_urusan": 209,
            "kode_bidang_urusan": "2.09",
            "nama_bidang_urusan": "URUSAN PEMERINTAHAN BIDANG PANGAN",
            "id_sub_skpd": 698,
            "kode_sub_skpd": "2.09.0.00.0.00.01.0000",
            "nama_sub_skpd": "Dinas Ketahanan Pangan",
            "set_pagu_user": 0,
            "set_pagu_at": null,
            "id_program": 4451,
            "kode_program": "2.09.01",
            "nama_program": "PROGRAM PENUNJANG URUSAN PEMERINTAHAN DAERAH KABUPATEN/KOTA",
            "id_giat": 18371,
            "kode_giat": "2.09.01.2.01",
            "nama_giat": "Perencanaan, Penganggaran, dan Evaluasi Kinerja Perangkat Daerah",
            "pagu_giat": 115000000.0,
            "rinci_giat": null,
            "id_sub_giat": 60592,
            "kode_sub_giat": "2.09.01.2.01.0004",
            "nama_sub_giat": "Koordinasi dan Penyusunan DPA-SKPD",
            "pagu": 10000000.0,
            "pagu_indikatif": 10000000.0,
            "rincian": null,
            "kode_bl": "698.698.4451.18371",
            "kode_sbl": "698.698.4451.18371.60592",
            "kunci_bl": 1,
            "kunci_bl_rinci": 1,
            "user_created": "SABANI, SH",
            "created_date": "20-01-2025",
            "created_time": "10:06",
            "user_updated": "SABANI, SH",
            "updated_date": "03-07-2025",
            "updated_time": "18:27",
            "is_locked": 0
        },
        {
            "id_sub_bl": 58895,
            "id_daerah": 473,
            "tahun": 2026,
            "id_unit": 698,
            "id_skpd": 698,
            "created_user": 1554,
            "kode_skpd": "2.09.0.00.0.00.01.0000",
            "nama_skpd": "Dinas Ketahanan Pangan",
            "id_urusan": 12,
            "kode_urusan": "2",
            "nama_urusan": "URUSAN PEMERINTAHAN WAJIB YANG TIDAK BERKAITAN DENGAN PELAYANAN DASAR",
            "id_bidang_urusan": 209,
            "kode_bidang_urusan": "2.09",
            "nama_bidang_urusan": "URUSAN PEMERINTAHAN BIDANG PANGAN",
            "id_sub_skpd": 698,
            "kode_sub_skpd": "2.09.0.00.0.00.01.0000",
            "nama_sub_skpd": "Dinas Ketahanan Pangan",
            "set_pagu_user": 0,
            "set_pagu_at": null,
            "id_program": 4451,
            "kode_program": "2.09.01",
            "nama_program": "PROGRAM PENUNJANG URUSAN PEMERINTAHAN DAERAH KABUPATEN/KOTA",
            "id_giat": 18371,
            "kode_giat": "2.09.01.2.01",
            "nama_giat": "Perencanaan, Penganggaran, dan Evaluasi Kinerja Perangkat Daerah",
            "pagu_giat": 115000000.0,
            "rinci_giat": null,
            "id_sub_giat": 60593,
            "kode_sub_giat": "2.09.01.2.01.0005",
            "nama_sub_giat": "Koordinasi dan Penyusunan Perubahan DPA- SKPD",
            "pagu": 10000000.0,
            "pagu_indikatif": 10000000.0,
            "rincian": null,
            "kode_bl": "698.698.4451.18371",
            "kode_sbl": "698.698.4451.18371.60593",
            "kunci_bl": 1,
            "kunci_bl_rinci": 1,
            "user_created": "SABANI, SH",
            "created_date": "20-01-2025",
            "created_time": "10:07",
            "user_updated": "SABANI, SH",
            "updated_date": "03-07-2025",
            "updated_time": "19:03",
            "is_locked": 0
        },
        {
            "id_sub_bl": 58899,
            "id_daerah": 473,
            "tahun": 2026,
            "id_unit": 698,
            "id_skpd": 698,
            "created_user": 1554,
            "kode_skpd": "2.09.0.00.0.00.01.0000",
            "nama_skpd": "Dinas Ketahanan Pangan",
            "id_urusan": 12,
            "kode_urusan": "2",
            "nama_urusan": "URUSAN PEMERINTAHAN WAJIB YANG TIDAK BERKAITAN DENGAN PELAYANAN DASAR",
            "id_bidang_urusan": 209,
            "kode_bidang_urusan": "2.09",
            "nama_bidang_urusan": "URUSAN PEMERINTAHAN BIDANG PANGAN",
            "id_sub_skpd": 698,
            "kode_sub_skpd": "2.09.0.00.0.00.01.0000",
            "nama_sub_skpd": "Dinas Ketahanan Pangan",
            "set_pagu_user": 0,
            "set_pagu_at": null,
            "id_program": 4451,
            "kode_program": "2.09.01",
            "nama_program": "PROGRAM PENUNJANG URUSAN PEMERINTAHAN DAERAH KABUPATEN/KOTA",
            "id_giat": 18371,
            "kode_giat": "2.09.01.2.01",
            "nama_giat": "Perencanaan, Penganggaran, dan Evaluasi Kinerja Perangkat Daerah",
            "pagu_giat": 115000000.0,
            "rinci_giat": null,
            "id_sub_giat": 60594,
            "kode_sub_giat": "2.09.01.2.01.0006",
            "nama_sub_giat": "Koordinasi dan Penyusunan Laporan Capaian Kinerja dan Ikhtisar Realisasi Kinerja SKPD",
            "pagu": 40000000.0,
            "pagu_indikatif": 40000000.0,
            "rincian": null,
            "kode_bl": "698.698.4451.18371",
            "kode_sbl": "698.698.4451.18371.60594",
            "kunci_bl": 1,
            "kunci_bl_rinci": 1,
            "user_created": "SABANI, SH",
            "created_date": "20-01-2025",
            "created_time": "10:09",
            "user_updated": "SABANI, SH",
            "updated_date": "03-07-2025",
            "updated_time": "19:03",
            "is_locked": 0
        },
        {
            "id_sub_bl": 73281,
            "id_daerah": 473,
            "tahun": 2026,
            "id_unit": 698,
            "id_skpd": 698,
            "created_user": 1554,
            "kode_skpd": "2.09.0.00.0.00.01.0000",
            "nama_skpd": "Dinas Ketahanan Pangan",
            "id_urusan": 12,
            "kode_urusan": "2",
            "nama_urusan": "URUSAN PEMERINTAHAN WAJIB YANG TIDAK BERKAITAN DENGAN PELAYANAN DASAR",
            "id_bidang_urusan": 209,
            "kode_bidang_urusan": "2.09",
            "nama_bidang_urusan": "URUSAN PEMERINTAHAN BIDANG PANGAN",
            "id_sub_skpd": 698,
            "kode_sub_skpd": "2.09.0.00.0.00.01.0000",
            "nama_sub_skpd": "Dinas Ketahanan Pangan",
            "set_pagu_user": 0,
            "set_pagu_at": null,
            "id_program": 4451,
            "kode_program": "2.09.01",
            "nama_program": "PROGRAM PENUNJANG URUSAN PEMERINTAHAN DAERAH KABUPATEN/KOTA",
            "id_giat": 18371,
            "kode_giat": "2.09.01.2.01",
            "nama_giat": "Perencanaan, Penganggaran, dan Evaluasi Kinerja Perangkat Daerah",
            "pagu_giat": 115000000.0,
            "rinci_giat": null,
            "id_sub_giat": 60596,
            "kode_sub_giat": "2.09.01.2.01.0008",
            "nama_sub_giat": "Penyelenggaraan Walidata Pendukung Statistik Sektoral Daerah",
            "pagu": 20000000.0,
            "pagu_indikatif": 10000000.0,
            "rincian": null,
            "kode_bl": "698.698.4451.18371",
            "kode_sbl": "698.698.4451.18371.60596",
            "kunci_bl": 1,
            "kunci_bl_rinci": 1,
            "user_created": "SABANI, SH",
            "created_date": "25-03-2025",
            "created_time": "20:09",
            "user_updated": "SABANI, SH",
            "updated_date": "03-07-2025",
            "updated_time": "19:04",
            "is_locked": 0
        },
        {
            "id_sub_bl": 58902,
            "id_daerah": 473,
            "tahun": 2026,
            "id_unit": 698,
            "id_skpd": 698,
            "created_user": 1554,
            "kode_skpd": "2.09.0.00.0.00.01.0000",
            "nama_skpd": "Dinas Ketahanan Pangan",
            "id_urusan": 12,
            "kode_urusan": "2",
            "nama_urusan": "URUSAN PEMERINTAHAN WAJIB YANG TIDAK BERKAITAN DENGAN PELAYANAN DASAR",
            "id_bidang_urusan": 209,
            "kode_bidang_urusan": "2.09",
            "nama_bidang_urusan": "URUSAN PEMERINTAHAN BIDANG PANGAN",
            "id_sub_skpd": 698,
            "kode_sub_skpd": "2.09.0.00.0.00.01.0000",
            "nama_sub_skpd": "Dinas Ketahanan Pangan",
            "set_pagu_user": 0,
            "set_pagu_at": null,
            "id_program": 4451,
            "kode_program": "2.09.01",
            "nama_program": "PROGRAM PENUNJANG URUSAN PEMERINTAHAN DAERAH KABUPATEN/KOTA",
            "id_giat": 18372,
            "kode_giat": "2.09.01.2.02",
            "nama_giat": "Administrasi Keuangan Perangkat Daerah",
            "pagu_giat": 2689553144.0,
            "rinci_giat": null,
            "id_sub_giat": 60602,
            "kode_sub_giat": "2.09.01.2.02.0001",
            "nama_sub_giat": "Penyediaan Gaji dan Tunjangan ASN",
            "pagu": 2579653144.0,
            "pagu_indikatif": 2579653144.0,
            "rincian": null,
            "kode_bl": "698.698.4451.18372",
            "kode_sbl": "698.698.4451.18372.60602",
            "kunci_bl": 1,
            "kunci_bl_rinci": 1,
            "user_created": "SABANI, SH",
            "created_date": "20-01-2025",
            "created_time": "10:10",
            "user_updated": "SABANI, SH",
            "updated_date": "03-07-2025",
            "updated_time": "19:06",
            "is_locked": 0
        },
        {
            "id_sub_bl": 58905,
            "id_daerah": 473,
            "tahun": 2026,
            "id_unit": 698,
            "id_skpd": 698,
            "created_user": 1554,
            "kode_skpd": "2.09.0.00.0.00.01.0000",
            "nama_skpd": "Dinas Ketahanan Pangan",
            "id_urusan": 12,
            "kode_urusan": "2",
            "nama_urusan": "URUSAN PEMERINTAHAN WAJIB YANG TIDAK BERKAITAN DENGAN PELAYANAN DASAR",
            "id_bidang_urusan": 209,
            "kode_bidang_urusan": "2.09",
            "nama_bidang_urusan": "URUSAN PEMERINTAHAN BIDANG PANGAN",
            "id_sub_skpd": 698,
            "kode_sub_skpd": "2.09.0.00.0.00.01.0000",
            "nama_sub_skpd": "Dinas Ketahanan Pangan",
            "set_pagu_user": 0,
            "set_pagu_at": null,
            "id_program": 4451,
            "kode_program": "2.09.01",
            "nama_program": "PROGRAM PENUNJANG URUSAN PEMERINTAHAN DAERAH KABUPATEN/KOTA",
            "id_giat": 18372,
            "kode_giat": "2.09.01.2.02",
            "nama_giat": "Administrasi Keuangan Perangkat Daerah",
            "pagu_giat": 2689553144.0,
            "rinci_giat": null,
            "id_sub_giat": 60604,
            "kode_sub_giat": "2.09.01.2.02.0003",
            "nama_sub_giat": "Pelaksanaan Penatausahaan dan\r\n\nPengujian/Verifikasi Keuangan SKPD",
            "pagu": 54900000.0,
            "pagu_indikatif": 54900000.0,
            "rincian": null,
            "kode_bl": "698.698.4451.18372",
            "kode_sbl": "698.698.4451.18372.60604",
            "kunci_bl": 1,
            "kunci_bl_rinci": 1,
            "user_created": "SABANI, SH",
            "created_date": "20-01-2025",
            "created_time": "10:12",
            "user_updated": "SABANI, SH",
            "updated_date": "03-07-2025",
            "updated_time": "19:07",
            "is_locked": 0
        },
        {
            "id_sub_bl": 58907,
            "id_daerah": 473,
            "tahun": 2026,
            "id_unit": 698,
            "id_skpd": 698,
            "created_user": 1554,
            "kode_skpd": "2.09.0.00.0.00.01.0000",
            "nama_skpd": "Dinas Ketahanan Pangan",
            "id_urusan": 12,
            "kode_urusan": "2",
            "nama_urusan": "URUSAN PEMERINTAHAN WAJIB YANG TIDAK BERKAITAN DENGAN PELAYANAN DASAR",
            "id_bidang_urusan": 209,
            "kode_bidang_urusan": "2.09",
            "nama_bidang_urusan": "URUSAN PEMERINTAHAN BIDANG PANGAN",
            "id_sub_skpd": 698,
            "kode_sub_skpd": "2.09.0.00.0.00.01.0000",
            "nama_sub_skpd": "Dinas Ketahanan Pangan",
            "set_pagu_user": 0,
            "set_pagu_at": null,
            "id_program": 4451,
            "kode_program": "2.09.01",
            "nama_program": "PROGRAM PENUNJANG URUSAN PEMERINTAHAN DAERAH KABUPATEN/KOTA",
            "id_giat": 18372,
            "kode_giat": "2.09.01.2.02",
            "nama_giat": "Administrasi Keuangan Perangkat Daerah",
            "pagu_giat": 2689553144.0,
            "rinci_giat": null,
            "id_sub_giat": 60605,
            "kode_sub_giat": "2.09.01.2.02.0004",
            "nama_sub_giat": "Koordinasi dan Pelaksanaan Akuntansi SKPD",
            "pagu": 50000000.0,
            "pagu_indikatif": 40000000.0,
            "rincian": null,
            "kode_bl": "698.698.4451.18372",
            "kode_sbl": "698.698.4451.18372.60605",
            "kunci_bl": 1,
            "kunci_bl_rinci": 1,
            "user_created": "SABANI, SH",
            "created_date": "20-01-2025",
            "created_time": "10:13",
            "user_updated": "SABANI, SH",
            "updated_date": "03-07-2025",
            "updated_time": "19:08",
            "is_locked": 0
        },
        {
            "id_sub_bl": 58910,
            "id_daerah": 473,
            "tahun": 2026,
            "id_unit": 698,
            "id_skpd": 698,
            "created_user": 1554,
            "kode_skpd": "2.09.0.00.0.00.01.0000",
            "nama_skpd": "Dinas Ketahanan Pangan",
            "id_urusan": 12,
            "kode_urusan": "2",
            "nama_urusan": "URUSAN PEMERINTAHAN WAJIB YANG TIDAK BERKAITAN DENGAN PELAYANAN DASAR",
            "id_bidang_urusan": 209,
            "kode_bidang_urusan": "2.09",
            "nama_bidang_urusan": "URUSAN PEMERINTAHAN BIDANG PANGAN",
            "id_sub_skpd": 698,
            "kode_sub_skpd": "2.09.0.00.0.00.01.0000",
            "nama_sub_skpd": "Dinas Ketahanan Pangan",
            "set_pagu_user": 0,
            "set_pagu_at": null,
            "id_program": 4451,
            "kode_program": "2.09.01",
            "nama_program": "PROGRAM PENUNJANG URUSAN PEMERINTAHAN DAERAH KABUPATEN/KOTA",
            "id_giat": 18372,
            "kode_giat": "2.09.01.2.02",
            "nama_giat": "Administrasi Keuangan Perangkat Daerah",
            "pagu_giat": 2689553144.0,
            "rinci_giat": null,
            "id_sub_giat": 60606,
            "kode_sub_giat": "2.09.01.2.02.0005",
            "nama_sub_giat": "Koordinasi dan Penyusunan Laporan Keuangan Akhir Tahun SKPD",
            "pagu": 5000000.0,
            "pagu_indikatif": 5000000.0,
            "rincian": null,
            "kode_bl": "698.698.4451.18372",
            "kode_sbl": "698.698.4451.18372.60606",
            "kunci_bl": 1,
            "kunci_bl_rinci": 1,
            "user_created": "SABANI, SH",
            "created_date": "20-01-2025",
            "created_time": "10:14",
            "user_updated": "SABANI, SH",
            "updated_date": "03-07-2025",
            "updated_time": "19:09",
            "is_locked": 0
        },
        {
            "id_sub_bl": 58911,
            "id_daerah": 473,
            "tahun": 2026,
            "id_unit": 698,
            "id_skpd": 698,
            "created_user": 1554,
            "kode_skpd": "2.09.0.00.0.00.01.0000",
            "nama_skpd": "Dinas Ketahanan Pangan",
            "id_urusan": 12,
            "kode_urusan": "2",
            "nama_urusan": "URUSAN PEMERINTAHAN WAJIB YANG TIDAK BERKAITAN DENGAN PELAYANAN DASAR",
            "id_bidang_urusan": 209,
            "kode_bidang_urusan": "2.09",
            "nama_bidang_urusan": "URUSAN PEMERINTAHAN BIDANG PANGAN",
            "id_sub_skpd": 698,
            "kode_sub_skpd": "2.09.0.00.0.00.01.0000",
            "nama_sub_skpd": "Dinas Ketahanan Pangan",
            "set_pagu_user": 0,
            "set_pagu_at": null,
            "id_program": 4451,
            "kode_program": "2.09.01",
            "nama_program": "PROGRAM PENUNJANG URUSAN PEMERINTAHAN DAERAH KABUPATEN/KOTA",
            "id_giat": 18373,
            "kode_giat": "2.09.01.2.03",
            "nama_giat": "Administrasi Barang Milik Daerah pada Perangkat Daerah",
            "pagu_giat": 32700000.0,
            "rinci_giat": null,
            "id_sub_giat": 60614,
            "kode_sub_giat": "2.09.01.2.03.0005",
            "nama_sub_giat": "Rekonsiliasi dan Penyusunan Laporan Barang Milik Daerah pada SKPD",
            "pagu": 5000000.0,
            "pagu_indikatif": 5000000.0,
            "rincian": null,
            "kode_bl": "698.698.4451.18373",
            "kode_sbl": "698.698.4451.18373.60614",
            "kunci_bl": 1,
            "kunci_bl_rinci": 1,
            "user_created": "SABANI, SH",
            "created_date": "20-01-2025",
            "created_time": "10:16",
            "user_updated": "SABANI, SH",
            "updated_date": "03-07-2025",
            "updated_time": "19:10",
            "is_locked": 0
        },
        {
            "id_sub_bl": 58913,
            "id_daerah": 473,
            "tahun": 2026,
            "id_unit": 698,
            "id_skpd": 698,
            "created_user": 1554,
            "kode_skpd": "2.09.0.00.0.00.01.0000",
            "nama_skpd": "Dinas Ketahanan Pangan",
            "id_urusan": 12,
            "kode_urusan": "2",
            "nama_urusan": "URUSAN PEMERINTAHAN WAJIB YANG TIDAK BERKAITAN DENGAN PELAYANAN DASAR",
            "id_bidang_urusan": 209,
            "kode_bidang_urusan": "2.09",
            "nama_bidang_urusan": "URUSAN PEMERINTAHAN BIDANG PANGAN",
            "id_sub_skpd": 698,
            "kode_sub_skpd": "2.09.0.00.0.00.01.0000",
            "nama_sub_skpd": "Dinas Ketahanan Pangan",
            "set_pagu_user": 0,
            "set_pagu_at": null,
            "id_program": 4451,
            "kode_program": "2.09.01",
            "nama_program": "PROGRAM PENUNJANG URUSAN PEMERINTAHAN DAERAH KABUPATEN/KOTA",
            "id_giat": 18373,
            "kode_giat": "2.09.01.2.03",
            "nama_giat": "Administrasi Barang Milik Daerah pada Perangkat Daerah",
            "pagu_giat": 32700000.0,
            "rinci_giat": null,
            "id_sub_giat": 60615,
            "kode_sub_giat": "2.09.01.2.03.0006",
            "nama_sub_giat": "Penatausahaan Barang Milik Daerah pada SKPD",
            "pagu": 27700000.0,
            "pagu_indikatif": 27700000.0,
            "rincian": null,
            "kode_bl": "698.698.4451.18373",
            "kode_sbl": "698.698.4451.18373.60615",
            "kunci_bl": 1,
            "kunci_bl_rinci": 1,
            "user_created": "SABANI, SH",
            "created_date": "20-01-2025",
            "created_time": "10:17",
            "user_updated": "SABANI, SH",
            "updated_date": "03-07-2025",
            "updated_time": "19:11",
            "is_locked": 0
        },
        {
            "id_sub_bl": 76415,
            "id_daerah": 473,
            "tahun": 2026,
            "id_unit": 698,
            "id_skpd": 698,
            "created_user": 495064,
            "kode_skpd": "2.09.0.00.0.00.01.0000",
            "nama_skpd": "Dinas Ketahanan Pangan",
            "id_urusan": 12,
            "kode_urusan": "2",
            "nama_urusan": "URUSAN PEMERINTAHAN WAJIB YANG TIDAK BERKAITAN DENGAN PELAYANAN DASAR",
            "id_bidang_urusan": 209,
            "kode_bidang_urusan": "2.09",
            "nama_bidang_urusan": "URUSAN PEMERINTAHAN BIDANG PANGAN",
            "id_sub_skpd": 698,
            "kode_sub_skpd": "2.09.0.00.0.00.01.0000",
            "nama_sub_skpd": "Dinas Ketahanan Pangan",
            "set_pagu_user": 0,
            "set_pagu_at": null,
            "id_program": 4451,
            "kode_program": "2.09.01",
            "nama_program": "PROGRAM PENUNJANG URUSAN PEMERINTAHAN DAERAH KABUPATEN/KOTA",
            "id_giat": 18375,
            "kode_giat": "2.09.01.2.05",
            "nama_giat": "Administrasi Kepegawaian Perangkat Daerah",
            "pagu_giat": 55000000.0,
            "rinci_giat": null,
            "id_sub_giat": 60625,
            "kode_sub_giat": "2.09.01.2.05.0002",
            "nama_sub_giat": "Pengadaan Pakaian Dinas beserta Atribut Kelengkapannya",
            "pagu": 40000000.0,
            "pagu_indikatif": 0.0,
            "rincian": null,
            "kode_bl": "698.698.4451.18375",
            "kode_sbl": "698.698.4451.18375.60625",
            "kunci_bl": 1,
            "kunci_bl_rinci": 1,
            "user_created": "Dedi Ramadan,S.IP",
            "created_date": "21-06-2025",
            "created_time": "21:15",
            "user_updated": "SABANI, SH",
            "updated_date": "03-07-2025",
            "updated_time": "19:12",
            "is_locked": 0
        },
        {
            "id_sub_bl": 76418,
            "id_daerah": 473,
            "tahun": 2026,
            "id_unit": 698,
            "id_skpd": 698,
            "created_user": 495064,
            "kode_skpd": "2.09.0.00.0.00.01.0000",
            "nama_skpd": "Dinas Ketahanan Pangan",
            "id_urusan": 12,
            "kode_urusan": "2",
            "nama_urusan": "URUSAN PEMERINTAHAN WAJIB YANG TIDAK BERKAITAN DENGAN PELAYANAN DASAR",
            "id_bidang_urusan": 209,
            "kode_bidang_urusan": "2.09",
            "nama_bidang_urusan": "URUSAN PEMERINTAHAN BIDANG PANGAN",
            "id_sub_skpd": 698,
            "kode_sub_skpd": "2.09.0.00.0.00.01.0000",
            "nama_sub_skpd": "Dinas Ketahanan Pangan",
            "set_pagu_user": 0,
            "set_pagu_at": null,
            "id_program": 4451,
            "kode_program": "2.09.01",
            "nama_program": "PROGRAM PENUNJANG URUSAN PEMERINTAHAN DAERAH KABUPATEN/KOTA",
            "id_giat": 18375,
            "kode_giat": "2.09.01.2.05",
            "nama_giat": "Administrasi Kepegawaian Perangkat Daerah",
            "pagu_giat": 55000000.0,
            "rinci_giat": null,
            "id_sub_giat": 60632,
            "kode_sub_giat": "2.09.01.2.05.0009",
            "nama_sub_giat": "Pendidikan dan Pelatihan Pegawai Berdasarkan Tugas dan Fungsi",
            "pagu": 15000000.0,
            "pagu_indikatif": 0.0,
            "rincian": null,
            "kode_bl": "698.698.4451.18375",
            "kode_sbl": "698.698.4451.18375.60632",
            "kunci_bl": 1,
            "kunci_bl_rinci": 1,
            "user_created": "Dedi Ramadan,S.IP",
            "created_date": "21-06-2025",
            "created_time": "21:17",
            "user_updated": "SABANI, SH",
            "updated_date": "03-07-2025",
            "updated_time": "19:13",
            "is_locked": 0
        },
        {
            "id_sub_bl": 58922,
            "id_daerah": 473,
            "tahun": 2026,
            "id_unit": 698,
            "id_skpd": 698,
            "created_user": 1554,
            "kode_skpd": "2.09.0.00.0.00.01.0000",
            "nama_skpd": "Dinas Ketahanan Pangan",
            "id_urusan": 12,
            "kode_urusan": "2",
            "nama_urusan": "URUSAN PEMERINTAHAN WAJIB YANG TIDAK BERKAITAN DENGAN PELAYANAN DASAR",
            "id_bidang_urusan": 209,
            "kode_bidang_urusan": "2.09",
            "nama_bidang_urusan": "URUSAN PEMERINTAHAN BIDANG PANGAN",
            "id_sub_skpd": 698,
            "kode_sub_skpd": "2.09.0.00.0.00.01.0000",
            "nama_sub_skpd": "Dinas Ketahanan Pangan",
            "set_pagu_user": 0,
            "set_pagu_at": null,
            "id_program": 4451,
            "kode_program": "2.09.01",
            "nama_program": "PROGRAM PENUNJANG URUSAN PEMERINTAHAN DAERAH KABUPATEN/KOTA",
            "id_giat": 18376,
            "kode_giat": "2.09.01.2.06",
            "nama_giat": "Administrasi Umum Perangkat Daerah",
            "pagu_giat": 132000000.0,
            "rinci_giat": null,
            "id_sub_giat": 60635,
            "kode_sub_giat": "2.09.01.2.06.0001",
            "nama_sub_giat": "Penyediaan Komponen Instalasi\r\n\nListrik/Penerangan Bangunan Kantor",
            "pagu": 2000000.0,
            "pagu_indikatif": 5000000.0,
            "rincian": null,
            "kode_bl": "698.698.4451.18376",
            "kode_sbl": "698.698.4451.18376.60635",
            "kunci_bl": 1,
            "kunci_bl_rinci": 1,
            "user_created": "SABANI, SH",
            "created_date": "20-01-2025",
            "created_time": "10:35",
            "user_updated": "SABANI, SH",
            "updated_date": "03-07-2025",
            "updated_time": "19:13",
            "is_locked": 0
        },
        {
            "id_sub_bl": 58923,
            "id_daerah": 473,
            "tahun": 2026,
            "id_unit": 698,
            "id_skpd": 698,
            "created_user": 1554,
            "kode_skpd": "2.09.0.00.0.00.01.0000",
            "nama_skpd": "Dinas Ketahanan Pangan",
            "id_urusan": 12,
            "kode_urusan": "2",
            "nama_urusan": "URUSAN PEMERINTAHAN WAJIB YANG TIDAK BERKAITAN DENGAN PELAYANAN DASAR",
            "id_bidang_urusan": 209,
            "kode_bidang_urusan": "2.09",
            "nama_bidang_urusan": "URUSAN PEMERINTAHAN BIDANG PANGAN",
            "id_sub_skpd": 698,
            "kode_sub_skpd": "2.09.0.00.0.00.01.0000",
            "nama_sub_skpd": "Dinas Ketahanan Pangan",
            "set_pagu_user": 0,
            "set_pagu_at": null,
            "id_program": 4451,
            "kode_program": "2.09.01",
            "nama_program": "PROGRAM PENUNJANG URUSAN PEMERINTAHAN DAERAH KABUPATEN/KOTA",
            "id_giat": 18376,
            "kode_giat": "2.09.01.2.06",
            "nama_giat": "Administrasi Umum Perangkat Daerah",
            "pagu_giat": 132000000.0,
            "rinci_giat": null,
            "id_sub_giat": 60636,
            "kode_sub_giat": "2.09.01.2.06.0002",
            "nama_sub_giat": "Penyediaan Peralatan dan Perlengkapan Kantor",
            "pagu": 3000000.0,
            "pagu_indikatif": 8000000.0,
            "rincian": null,
            "kode_bl": "698.698.4451.18376",
            "kode_sbl": "698.698.4451.18376.60636",
            "kunci_bl": 1,
            "kunci_bl_rinci": 1,
            "user_created": "SABANI, SH",
            "created_date": "20-01-2025",
            "created_time": "10:36",
            "user_updated": "SABANI, SH",
            "updated_date": "03-07-2025",
            "updated_time": "19:14",
            "is_locked": 0
        },
        {
            "id_sub_bl": 58924,
            "id_daerah": 473,
            "tahun": 2026,
            "id_unit": 698,
            "id_skpd": 698,
            "created_user": 1554,
            "kode_skpd": "2.09.0.00.0.00.01.0000",
            "nama_skpd": "Dinas Ketahanan Pangan",
            "id_urusan": 12,
            "kode_urusan": "2",
            "nama_urusan": "URUSAN PEMERINTAHAN WAJIB YANG TIDAK BERKAITAN DENGAN PELAYANAN DASAR",
            "id_bidang_urusan": 209,
            "kode_bidang_urusan": "2.09",
            "nama_bidang_urusan": "URUSAN PEMERINTAHAN BIDANG PANGAN",
            "id_sub_skpd": 698,
            "kode_sub_skpd": "2.09.0.00.0.00.01.0000",
            "nama_sub_skpd": "Dinas Ketahanan Pangan",
            "set_pagu_user": 0,
            "set_pagu_at": null,
            "id_program": 4451,
            "kode_program": "2.09.01",
            "nama_program": "PROGRAM PENUNJANG URUSAN PEMERINTAHAN DAERAH KABUPATEN/KOTA",
            "id_giat": 18376,
            "kode_giat": "2.09.01.2.06",
            "nama_giat": "Administrasi Umum Perangkat Daerah",
            "pagu_giat": 132000000.0,
            "rinci_giat": null,
            "id_sub_giat": 60637,
            "kode_sub_giat": "2.09.01.2.06.0003",
            "nama_sub_giat": "Penyediaan Peralatan Rumah Tangga",
            "pagu": 4000000.0,
            "pagu_indikatif": 8000000.0,
            "rincian": null,
            "kode_bl": "698.698.4451.18376",
            "kode_sbl": "698.698.4451.18376.60637",
            "kunci_bl": 1,
            "kunci_bl_rinci": 1,
            "user_created": "SABANI, SH",
            "created_date": "20-01-2025",
            "created_time": "10:38",
            "user_updated": "SABANI, SH",
            "updated_date": "03-07-2025",
            "updated_time": "19:15",
            "is_locked": 0
        },
        {
            "id_sub_bl": 58925,
            "id_daerah": 473,
            "tahun": 2026,
            "id_unit": 698,
            "id_skpd": 698,
            "created_user": 1554,
            "kode_skpd": "2.09.0.00.0.00.01.0000",
            "nama_skpd": "Dinas Ketahanan Pangan",
            "id_urusan": 12,
            "kode_urusan": "2",
            "nama_urusan": "URUSAN PEMERINTAHAN WAJIB YANG TIDAK BERKAITAN DENGAN PELAYANAN DASAR",
            "id_bidang_urusan": 209,
            "kode_bidang_urusan": "2.09",
            "nama_bidang_urusan": "URUSAN PEMERINTAHAN BIDANG PANGAN",
            "id_sub_skpd": 698,
            "kode_sub_skpd": "2.09.0.00.0.00.01.0000",
            "nama_sub_skpd": "Dinas Ketahanan Pangan",
            "set_pagu_user": 0,
            "set_pagu_at": null,
            "id_program": 4451,
            "kode_program": "2.09.01",
            "nama_program": "PROGRAM PENUNJANG URUSAN PEMERINTAHAN DAERAH KABUPATEN/KOTA",
            "id_giat": 18376,
            "kode_giat": "2.09.01.2.06",
            "nama_giat": "Administrasi Umum Perangkat Daerah",
            "pagu_giat": 132000000.0,
            "rinci_giat": null,
            "id_sub_giat": 60638,
            "kode_sub_giat": "2.09.01.2.06.0004",
            "nama_sub_giat": "Penyediaan Bahan Logistik Kantor",
            "pagu": 20000000.0,
            "pagu_indikatif": 20000000.0,
            "rincian": null,
            "kode_bl": "698.698.4451.18376",
            "kode_sbl": "698.698.4451.18376.60638",
            "kunci_bl": 1,
            "kunci_bl_rinci": 1,
            "user_created": "SABANI, SH",
            "created_date": "20-01-2025",
            "created_time": "10:39",
            "user_updated": "SABANI, SH",
            "updated_date": "03-07-2025",
            "updated_time": "19:15",
            "is_locked": 0
        },
        {
            "id_sub_bl": 58928,
            "id_daerah": 473,
            "tahun": 2026,
            "id_unit": 698,
            "id_skpd": 698,
            "created_user": 1554,
            "kode_skpd": "2.09.0.00.0.00.01.0000",
            "nama_skpd": "Dinas Ketahanan Pangan",
            "id_urusan": 12,
            "kode_urusan": "2",
            "nama_urusan": "URUSAN PEMERINTAHAN WAJIB YANG TIDAK BERKAITAN DENGAN PELAYANAN DASAR",
            "id_bidang_urusan": 209,
            "kode_bidang_urusan": "2.09",
            "nama_bidang_urusan": "URUSAN PEMERINTAHAN BIDANG PANGAN",
            "id_sub_skpd": 698,
            "kode_sub_skpd": "2.09.0.00.0.00.01.0000",
            "nama_sub_skpd": "Dinas Ketahanan Pangan",
            "set_pagu_user": 0,
            "set_pagu_at": null,
            "id_program": 4451,
            "kode_program": "2.09.01",
            "nama_program": "PROGRAM PENUNJANG URUSAN PEMERINTAHAN DAERAH KABUPATEN/KOTA",
            "id_giat": 18376,
            "kode_giat": "2.09.01.2.06",
            "nama_giat": "Administrasi Umum Perangkat Daerah",
            "pagu_giat": 132000000.0,
            "rinci_giat": null,
            "id_sub_giat": 60639,
            "kode_sub_giat": "2.09.01.2.06.0005",
            "nama_sub_giat": "Penyediaan Barang Cetakan dan Penggandaan",
            "pagu": 10000000.0,
            "pagu_indikatif": 10000000.0,
            "rincian": null,
            "kode_bl": "698.698.4451.18376",
            "kode_sbl": "698.698.4451.18376.60639",
            "kunci_bl": 1,
            "kunci_bl_rinci": 1,
            "user_created": "SABANI, SH",
            "created_date": "20-01-2025",
            "created_time": "10:41",
            "user_updated": "SABANI, SH",
            "updated_date": "03-07-2025",
            "updated_time": "19:16",
            "is_locked": 0
        },
        {
            "id_sub_bl": 58930,
            "id_daerah": 473,
            "tahun": 2026,
            "id_unit": 698,
            "id_skpd": 698,
            "created_user": 1554,
            "kode_skpd": "2.09.0.00.0.00.01.0000",
            "nama_skpd": "Dinas Ketahanan Pangan",
            "id_urusan": 12,
            "kode_urusan": "2",
            "nama_urusan": "URUSAN PEMERINTAHAN WAJIB YANG TIDAK BERKAITAN DENGAN PELAYANAN DASAR",
            "id_bidang_urusan": 209,
            "kode_bidang_urusan": "2.09",
            "nama_bidang_urusan": "URUSAN PEMERINTAHAN BIDANG PANGAN",
            "id_sub_skpd": 698,
            "kode_sub_skpd": "2.09.0.00.0.00.01.0000",
            "nama_sub_skpd": "Dinas Ketahanan Pangan",
            "set_pagu_user": 0,
            "set_pagu_at": null,
            "id_program": 4451,
            "kode_program": "2.09.01",
            "nama_program": "PROGRAM PENUNJANG URUSAN PEMERINTAHAN DAERAH KABUPATEN/KOTA",
            "id_giat": 18376,
            "kode_giat": "2.09.01.2.06",
            "nama_giat": "Administrasi Umum Perangkat Daerah",
            "pagu_giat": 132000000.0,
            "rinci_giat": null,
            "id_sub_giat": 60640,
            "kode_sub_giat": "2.09.01.2.06.0006",
            "nama_sub_giat": "Penyediaan Bahan Bacaan dan Peraturan Perundang-undangan",
            "pagu": 8000000.0,
            "pagu_indikatif": 8000000.0,
            "rincian": null,
            "kode_bl": "698.698.4451.18376",
            "kode_sbl": "698.698.4451.18376.60640",
            "kunci_bl": 1,
            "kunci_bl_rinci": 1,
            "user_created": "SABANI, SH",
            "created_date": "20-01-2025",
            "created_time": "10:43",
            "user_updated": "SABANI, SH",
            "updated_date": "03-07-2025",
            "updated_time": "19:17",
            "is_locked": 0
        },
        {
            "id_sub_bl": 58932,
            "id_daerah": 473,
            "tahun": 2026,
            "id_unit": 698,
            "id_skpd": 698,
            "created_user": 1554,
            "kode_skpd": "2.09.0.00.0.00.01.0000",
            "nama_skpd": "Dinas Ketahanan Pangan",
            "id_urusan": 12,
            "kode_urusan": "2",
            "nama_urusan": "URUSAN PEMERINTAHAN WAJIB YANG TIDAK BERKAITAN DENGAN PELAYANAN DASAR",
            "id_bidang_urusan": 209,
            "kode_bidang_urusan": "2.09",
            "nama_bidang_urusan": "URUSAN PEMERINTAHAN BIDANG PANGAN",
            "id_sub_skpd": 698,
            "kode_sub_skpd": "2.09.0.00.0.00.01.0000",
            "nama_sub_skpd": "Dinas Ketahanan Pangan",
            "set_pagu_user": 0,
            "set_pagu_at": null,
            "id_program": 4451,
            "kode_program": "2.09.01",
            "nama_program": "PROGRAM PENUNJANG URUSAN PEMERINTAHAN DAERAH KABUPATEN/KOTA",
            "id_giat": 18376,
            "kode_giat": "2.09.01.2.06",
            "nama_giat": "Administrasi Umum Perangkat Daerah",
            "pagu_giat": 132000000.0,
            "rinci_giat": null,
            "id_sub_giat": 60641,
            "kode_sub_giat": "2.09.01.2.06.0007",
            "nama_sub_giat": "Penyediaan Bahan/Material",
            "pagu": 15000000.0,
            "pagu_indikatif": 15000000.0,
            "rincian": null,
            "kode_bl": "698.698.4451.18376",
            "kode_sbl": "698.698.4451.18376.60641",
            "kunci_bl": 1,
            "kunci_bl_rinci": 1,
            "user_created": "SABANI, SH",
            "created_date": "20-01-2025",
            "created_time": "10:45",
            "user_updated": "SABANI, SH",
            "updated_date": "03-07-2025",
            "updated_time": "19:18",
            "is_locked": 0
        },
        {
            "id_sub_bl": 58933,
            "id_daerah": 473,
            "tahun": 2026,
            "id_unit": 698,
            "id_skpd": 698,
            "created_user": 1554,
            "kode_skpd": "2.09.0.00.0.00.01.0000",
            "nama_skpd": "Dinas Ketahanan Pangan",
            "id_urusan": 12,
            "kode_urusan": "2",
            "nama_urusan": "URUSAN PEMERINTAHAN WAJIB YANG TIDAK BERKAITAN DENGAN PELAYANAN DASAR",
            "id_bidang_urusan": 209,
            "kode_bidang_urusan": "2.09",
            "nama_bidang_urusan": "URUSAN PEMERINTAHAN BIDANG PANGAN",
            "id_sub_skpd": 698,
            "kode_sub_skpd": "2.09.0.00.0.00.01.0000",
            "nama_sub_skpd": "Dinas Ketahanan Pangan",
            "set_pagu_user": 0,
            "set_pagu_at": null,
            "id_program": 4451,
            "kode_program": "2.09.01",
            "nama_program": "PROGRAM PENUNJANG URUSAN PEMERINTAHAN DAERAH KABUPATEN/KOTA",
            "id_giat": 18376,
            "kode_giat": "2.09.01.2.06",
            "nama_giat": "Administrasi Umum Perangkat Daerah",
            "pagu_giat": 132000000.0,
            "rinci_giat": null,
            "id_sub_giat": 60643,
            "kode_sub_giat": "2.09.01.2.06.0009",
            "nama_sub_giat": "Penyelenggaraan Rapat Koordinasi dan Konsultasi SKPD",
            "pagu": 70000000.0,
            "pagu_indikatif": 70000000.0,
            "rincian": null,
            "kode_bl": "698.698.4451.18376",
            "kode_sbl": "698.698.4451.18376.60643",
            "kunci_bl": 1,
            "kunci_bl_rinci": 1,
            "user_created": "SABANI, SH",
            "created_date": "20-01-2025",
            "created_time": "10:45",
            "user_updated": "SABANI, SH",
            "updated_date": "03-07-2025",
            "updated_time": "19:18",
            "is_locked": 0
        },
        {
            "id_sub_bl": 58934,
            "id_daerah": 473,
            "tahun": 2026,
            "id_unit": 698,
            "id_skpd": 698,
            "created_user": 1554,
            "kode_skpd": "2.09.0.00.0.00.01.0000",
            "nama_skpd": "Dinas Ketahanan Pangan",
            "id_urusan": 12,
            "kode_urusan": "2",
            "nama_urusan": "URUSAN PEMERINTAHAN WAJIB YANG TIDAK BERKAITAN DENGAN PELAYANAN DASAR",
            "id_bidang_urusan": 209,
            "kode_bidang_urusan": "2.09",
            "nama_bidang_urusan": "URUSAN PEMERINTAHAN BIDANG PANGAN",
            "id_sub_skpd": 698,
            "kode_sub_skpd": "2.09.0.00.0.00.01.0000",
            "nama_sub_skpd": "Dinas Ketahanan Pangan",
            "set_pagu_user": 0,
            "set_pagu_at": null,
            "id_program": 4451,
            "kode_program": "2.09.01",
            "nama_program": "PROGRAM PENUNJANG URUSAN PEMERINTAHAN DAERAH KABUPATEN/KOTA",
            "id_giat": 18377,
            "kode_giat": "2.09.01.2.07",
            "nama_giat": "Pengadaan Barang Milik Daerah Penunjang Urusan Pemerintah Daerah",
            "pagu_giat": 166760000.0,
            "rinci_giat": null,
            "id_sub_giat": 60650,
            "kode_sub_giat": "2.09.01.2.07.0005",
            "nama_sub_giat": "Pengadaan Mebel",
            "pagu": 3000000.0,
            "pagu_indikatif": 3000000.0,
            "rincian": null,
            "kode_bl": "698.698.4451.18377",
            "kode_sbl": "698.698.4451.18377.60650",
            "kunci_bl": 1,
            "kunci_bl_rinci": 1,
            "user_created": "SABANI, SH",
            "created_date": "20-01-2025",
            "created_time": "10:47",
            "user_updated": "SABANI, SH",
            "updated_date": "03-07-2025",
            "updated_time": "19:20",
            "is_locked": 0
        },
        {
            "id_sub_bl": 73283,
            "id_daerah": 473,
            "tahun": 2026,
            "id_unit": 698,
            "id_skpd": 698,
            "created_user": 1554,
            "kode_skpd": "2.09.0.00.0.00.01.0000",
            "nama_skpd": "Dinas Ketahanan Pangan",
            "id_urusan": 12,
            "kode_urusan": "2",
            "nama_urusan": "URUSAN PEMERINTAHAN WAJIB YANG TIDAK BERKAITAN DENGAN PELAYANAN DASAR",
            "id_bidang_urusan": 209,
            "kode_bidang_urusan": "2.09",
            "nama_bidang_urusan": "URUSAN PEMERINTAHAN BIDANG PANGAN",
            "id_sub_skpd": 698,
            "kode_sub_skpd": "2.09.0.00.0.00.01.0000",
            "nama_sub_skpd": "Dinas Ketahanan Pangan",
            "set_pagu_user": 0,
            "set_pagu_at": null,
            "id_program": 4451,
            "kode_program": "2.09.01",
            "nama_program": "PROGRAM PENUNJANG URUSAN PEMERINTAHAN DAERAH KABUPATEN/KOTA",
            "id_giat": 18377,
            "kode_giat": "2.09.01.2.07",
            "nama_giat": "Pengadaan Barang Milik Daerah Penunjang Urusan Pemerintah Daerah",
            "pagu_giat": 166760000.0,
            "rinci_giat": null,
            "id_sub_giat": 60655,
            "kode_sub_giat": "2.09.01.2.07.0010",
            "nama_sub_giat": "Pengadaan Sarana dan Prasarana Gedung Kantor atau Bangunan Lainnya",
            "pagu": 35000000.0,
            "pagu_indikatif": 20000000.0,
            "rincian": null,
            "kode_bl": "698.698.4451.18377",
            "kode_sbl": "698.698.4451.18377.60655",
            "kunci_bl": 1,
            "kunci_bl_rinci": 1,
            "user_created": "SABANI, SH",
            "created_date": "25-03-2025",
            "created_time": "20:43",
            "user_updated": "SABANI, SH",
            "updated_date": "03-07-2025",
            "updated_time": "19:20",
            "is_locked": 0
        },
        {
            "id_sub_bl": 73284,
            "id_daerah": 473,
            "tahun": 2026,
            "id_unit": 698,
            "id_skpd": 698,
            "created_user": 1554,
            "kode_skpd": "2.09.0.00.0.00.01.0000",
            "nama_skpd": "Dinas Ketahanan Pangan",
            "id_urusan": 12,
            "kode_urusan": "2",
            "nama_urusan": "URUSAN PEMERINTAHAN WAJIB YANG TIDAK BERKAITAN DENGAN PELAYANAN DASAR",
            "id_bidang_urusan": 209,
            "kode_bidang_urusan": "2.09",
            "nama_bidang_urusan": "URUSAN PEMERINTAHAN BIDANG PANGAN",
            "id_sub_skpd": 698,
            "kode_sub_skpd": "2.09.0.00.0.00.01.0000",
            "nama_sub_skpd": "Dinas Ketahanan Pangan",
            "set_pagu_user": 0,
            "set_pagu_at": null,
            "id_program": 4451,
            "kode_program": "2.09.01",
            "nama_program": "PROGRAM PENUNJANG URUSAN PEMERINTAHAN DAERAH KABUPATEN/KOTA",
            "id_giat": 18377,
            "kode_giat": "2.09.01.2.07",
            "nama_giat": "Pengadaan Barang Milik Daerah Penunjang Urusan Pemerintah Daerah",
            "pagu_giat": 166760000.0,
            "rinci_giat": null,
            "id_sub_giat": 60656,
            "kode_sub_giat": "2.09.01.2.07.0011",
            "nama_sub_giat": "Pengadaan Sarana dan Prasarana Pendukung Gedung Kantor atau Bangunan Lainnya",
            "pagu": 20000000.0,
            "pagu_indikatif": 5000000.0,
            "rincian": null,
            "kode_bl": "698.698.4451.18377",
            "kode_sbl": "698.698.4451.18377.60656",
            "kunci_bl": 1,
            "kunci_bl_rinci": 1,
            "user_created": "SABANI, SH",
            "created_date": "25-03-2025",
            "created_time": "20:46",
            "user_updated": "SABANI, SH",
            "updated_date": "03-07-2025",
            "updated_time": "19:21",
            "is_locked": 0
        },
        {
            "id_sub_bl": 58936,
            "id_daerah": 473,
            "tahun": 2026,
            "id_unit": 698,
            "id_skpd": 698,
            "created_user": 1554,
            "kode_skpd": "2.09.0.00.0.00.01.0000",
            "nama_skpd": "Dinas Ketahanan Pangan",
            "id_urusan": 12,
            "kode_urusan": "2",
            "nama_urusan": "URUSAN PEMERINTAHAN WAJIB YANG TIDAK BERKAITAN DENGAN PELAYANAN DASAR",
            "id_bidang_urusan": 209,
            "kode_bidang_urusan": "2.09",
            "nama_bidang_urusan": "URUSAN PEMERINTAHAN BIDANG PANGAN",
            "id_sub_skpd": 698,
            "kode_sub_skpd": "2.09.0.00.0.00.01.0000",
            "nama_sub_skpd": "Dinas Ketahanan Pangan",
            "set_pagu_user": 0,
            "set_pagu_at": null,
            "id_program": 4451,
            "kode_program": "2.09.01",
            "nama_program": "PROGRAM PENUNJANG URUSAN PEMERINTAHAN DAERAH KABUPATEN/KOTA",
            "id_giat": 18378,
            "kode_giat": "2.09.01.2.08",
            "nama_giat": "Penyediaan Jasa Penunjang Urusan Pemerintahan Daerah",
            "pagu_giat": 232895880.0,
            "rinci_giat": null,
            "id_sub_giat": 60658,
            "kode_sub_giat": "2.09.01.2.08.0002",
            "nama_sub_giat": "Penyediaan Jasa Komunikasi, Sumber Daya Air dan Listrik",
            "pagu": 44895880.0,
            "pagu_indikatif": 44895880.0,
            "rincian": null,
            "kode_bl": "698.698.4451.18378",
            "kode_sbl": "698.698.4451.18378.60658",
            "kunci_bl": 1,
            "kunci_bl_rinci": 1,
            "user_created": "SABANI, SH",
            "created_date": "20-01-2025",
            "created_time": "10:49",
            "user_updated": "SABANI, SH",
            "updated_date": "03-07-2025",
            "updated_time": "19:22",
            "is_locked": 0
        },
        {
            "id_sub_bl": 58937,
            "id_daerah": 473,
            "tahun": 2026,
            "id_unit": 698,
            "id_skpd": 698,
            "created_user": 1554,
            "kode_skpd": "2.09.0.00.0.00.01.0000",
            "nama_skpd": "Dinas Ketahanan Pangan",
            "id_urusan": 12,
            "kode_urusan": "2",
            "nama_urusan": "URUSAN PEMERINTAHAN WAJIB YANG TIDAK BERKAITAN DENGAN PELAYANAN DASAR",
            "id_bidang_urusan": 209,
            "kode_bidang_urusan": "2.09",
            "nama_bidang_urusan": "URUSAN PEMERINTAHAN BIDANG PANGAN",
            "id_sub_skpd": 698,
            "kode_sub_skpd": "2.09.0.00.0.00.01.0000",
            "nama_sub_skpd": "Dinas Ketahanan Pangan",
            "set_pagu_user": 0,
            "set_pagu_at": null,
            "id_program": 4451,
            "kode_program": "2.09.01",
            "nama_program": "PROGRAM PENUNJANG URUSAN PEMERINTAHAN DAERAH KABUPATEN/KOTA",
            "id_giat": 18378,
            "kode_giat": "2.09.01.2.08",
            "nama_giat": "Penyediaan Jasa Penunjang Urusan Pemerintahan Daerah",
            "pagu_giat": 232895880.0,
            "rinci_giat": null,
            "id_sub_giat": 60659,
            "kode_sub_giat": "2.09.01.2.08.0003",
            "nama_sub_giat": "Penyediaan Jasa Peralatan dan Perlengkapan Kantor",
            "pagu": 2000000.0,
            "pagu_indikatif": 5000000.0,
            "rincian": null,
            "kode_bl": "698.698.4451.18378",
            "kode_sbl": "698.698.4451.18378.60659",
            "kunci_bl": 1,
            "kunci_bl_rinci": 1,
            "user_created": "SABANI, SH",
            "created_date": "20-01-2025",
            "created_time": "10:51",
            "user_updated": "SABANI, SH",
            "updated_date": "03-07-2025",
            "updated_time": "19:23",
            "is_locked": 0
        },
        {
            "id_sub_bl": 58938,
            "id_daerah": 473,
            "tahun": 2026,
            "id_unit": 698,
            "id_skpd": 698,
            "created_user": 1554,
            "kode_skpd": "2.09.0.00.0.00.01.0000",
            "nama_skpd": "Dinas Ketahanan Pangan",
            "id_urusan": 12,
            "kode_urusan": "2",
            "nama_urusan": "URUSAN PEMERINTAHAN WAJIB YANG TIDAK BERKAITAN DENGAN PELAYANAN DASAR",
            "id_bidang_urusan": 209,
            "kode_bidang_urusan": "2.09",
            "nama_bidang_urusan": "URUSAN PEMERINTAHAN BIDANG PANGAN",
            "id_sub_skpd": 698,
            "kode_sub_skpd": "2.09.0.00.0.00.01.0000",
            "nama_sub_skpd": "Dinas Ketahanan Pangan",
            "set_pagu_user": 0,
            "set_pagu_at": null,
            "id_program": 4451,
            "kode_program": "2.09.01",
            "nama_program": "PROGRAM PENUNJANG URUSAN PEMERINTAHAN DAERAH KABUPATEN/KOTA",
            "id_giat": 18378,
            "kode_giat": "2.09.01.2.08",
            "nama_giat": "Penyediaan Jasa Penunjang Urusan Pemerintahan Daerah",
            "pagu_giat": 232895880.0,
            "rinci_giat": null,
            "id_sub_giat": 60660,
            "kode_sub_giat": "2.09.01.2.08.0004",
            "nama_sub_giat": "Penyediaan Jasa Pelayanan Umum Kantor",
            "pagu": 186000000.0,
            "pagu_indikatif": 186000000.0,
            "rincian": null,
            "kode_bl": "698.698.4451.18378",
            "kode_sbl": "698.698.4451.18378.60660",
            "kunci_bl": 1,
            "kunci_bl_rinci": 1,
            "user_created": "SABANI, SH",
            "created_date": "20-01-2025",
            "created_time": "10:52",
            "user_updated": "SABANI, SH",
            "updated_date": "03-07-2025",
            "updated_time": "19:24",
            "is_locked": 0
        },
        {
            "id_sub_bl": 58943,
            "id_daerah": 473,
            "tahun": 2026,
            "id_unit": 698,
            "id_skpd": 698,
            "created_user": 1554,
            "kode_skpd": "2.09.0.00.0.00.01.0000",
            "nama_skpd": "Dinas Ketahanan Pangan",
            "id_urusan": 12,
            "kode_urusan": "2",
            "nama_urusan": "URUSAN PEMERINTAHAN WAJIB YANG TIDAK BERKAITAN DENGAN PELAYANAN DASAR",
            "id_bidang_urusan": 209,
            "kode_bidang_urusan": "2.09",
            "nama_bidang_urusan": "URUSAN PEMERINTAHAN BIDANG PANGAN",
            "id_sub_skpd": 698,
            "kode_sub_skpd": "2.09.0.00.0.00.01.0000",
            "nama_sub_skpd": "Dinas Ketahanan Pangan",
            "set_pagu_user": 0,
            "set_pagu_at": null,
            "id_program": 4451,
            "kode_program": "2.09.01",
            "nama_program": "PROGRAM PENUNJANG URUSAN PEMERINTAHAN DAERAH KABUPATEN/KOTA",
            "id_giat": 18379,
            "kode_giat": "2.09.01.2.09",
            "nama_giat": "Pemeliharaan Barang Milik Daerah Penunjang Urusan Pemerintahan Daerah",
            "pagu_giat": 238000000.0,
            "rinci_giat": null,
            "id_sub_giat": 60661,
            "kode_sub_giat": "2.09.01.2.09.0001",
            "nama_sub_giat": "Penyediaan Jasa Pemeliharaan, Biaya Pemeliharaan, dan Pajak Kendaraan Perorangan Dinas atau Kendaraan Dinas Jabatan",
            "pagu": 42000000.0,
            "pagu_indikatif": 42000000.0,
            "rincian": null,
            "kode_bl": "698.698.4451.18379",
            "kode_sbl": "698.698.4451.18379.60661",
            "kunci_bl": 1,
            "kunci_bl_rinci": 1,
            "user_created": "SABANI, SH",
            "created_date": "20-01-2025",
            "created_time": "10:57",
            "user_updated": "SABANI, SH",
            "updated_date": "03-07-2025",
            "updated_time": "19:24",
            "is_locked": 0
        },
        {
            "id_sub_bl": 58940,
            "id_daerah": 473,
            "tahun": 2026,
            "id_unit": 698,
            "id_skpd": 698,
            "created_user": 1554,
            "kode_skpd": "2.09.0.00.0.00.01.0000",
            "nama_skpd": "Dinas Ketahanan Pangan",
            "id_urusan": 12,
            "kode_urusan": "2",
            "nama_urusan": "URUSAN PEMERINTAHAN WAJIB YANG TIDAK BERKAITAN DENGAN PELAYANAN DASAR",
            "id_bidang_urusan": 209,
            "kode_bidang_urusan": "2.09",
            "nama_bidang_urusan": "URUSAN PEMERINTAHAN BIDANG PANGAN",
            "id_sub_skpd": 698,
            "kode_sub_skpd": "2.09.0.00.0.00.01.0000",
            "nama_sub_skpd": "Dinas Ketahanan Pangan",
            "set_pagu_user": 0,
            "set_pagu_at": null,
            "id_program": 4451,
            "kode_program": "2.09.01",
            "nama_program": "PROGRAM PENUNJANG URUSAN PEMERINTAHAN DAERAH KABUPATEN/KOTA",
            "id_giat": 18379,
            "kode_giat": "2.09.01.2.09",
            "nama_giat": "Pemeliharaan Barang Milik Daerah Penunjang Urusan Pemerintahan Daerah",
            "pagu_giat": 238000000.0,
            "rinci_giat": null,
            "id_sub_giat": 60662,
            "kode_sub_giat": "2.09.01.2.09.0002",
            "nama_sub_giat": "Penyediaan Jasa Pemeliharaan, Biaya Pemeliharaan, Pajak dan Perizinan Kendaraan Dinas Operasional atau Lapangan",
            "pagu": 18000000.0,
            "pagu_indikatif": 18000000.0,
            "rincian": null,
            "kode_bl": "698.698.4451.18379",
            "kode_sbl": "698.698.4451.18379.60662",
            "kunci_bl": 1,
            "kunci_bl_rinci": 1,
            "user_created": "SABANI, SH",
            "created_date": "20-01-2025",
            "created_time": "10:53",
            "user_updated": "SABANI, SH",
            "updated_date": "03-07-2025",
            "updated_time": "19:25",
            "is_locked": 0
        },
        {
            "id_sub_bl": 58941,
            "id_daerah": 473,
            "tahun": 2026,
            "id_unit": 698,
            "id_skpd": 698,
            "created_user": 1554,
            "kode_skpd": "2.09.0.00.0.00.01.0000",
            "nama_skpd": "Dinas Ketahanan Pangan",
            "id_urusan": 12,
            "kode_urusan": "2",
            "nama_urusan": "URUSAN PEMERINTAHAN WAJIB YANG TIDAK BERKAITAN DENGAN PELAYANAN DASAR",
            "id_bidang_urusan": 209,
            "kode_bidang_urusan": "2.09",
            "nama_bidang_urusan": "URUSAN PEMERINTAHAN BIDANG PANGAN",
            "id_sub_skpd": 698,
            "kode_sub_skpd": "2.09.0.00.0.00.01.0000",
            "nama_sub_skpd": "Dinas Ketahanan Pangan",
            "set_pagu_user": 0,
            "set_pagu_at": null,
            "id_program": 4451,
            "kode_program": "2.09.01",
            "nama_program": "PROGRAM PENUNJANG URUSAN PEMERINTAHAN DAERAH KABUPATEN/KOTA",
            "id_giat": 18379,
            "kode_giat": "2.09.01.2.09",
            "nama_giat": "Pemeliharaan Barang Milik Daerah Penunjang Urusan Pemerintahan Daerah",
            "pagu_giat": 238000000.0,
            "rinci_giat": null,
            "id_sub_giat": 60666,
            "kode_sub_giat": "2.09.01.2.09.0006",
            "nama_sub_giat": "Pemeliharaan Peralatan dan Mesin Lainnya",
            "pagu": 1000000.0,
            "pagu_indikatif": 5000000.0,
            "rincian": null,
            "kode_bl": "698.698.4451.18379",
            "kode_sbl": "698.698.4451.18379.60666",
            "kunci_bl": 1,
            "kunci_bl_rinci": 1,
            "user_created": "SABANI, SH",
            "created_date": "20-01-2025",
            "created_time": "10:54",
            "user_updated": "SABANI, SH",
            "updated_date": "03-07-2025",
            "updated_time": "19:26",
            "is_locked": 0
        },
        {
            "id_sub_bl": 73285,
            "id_daerah": 473,
            "tahun": 2026,
            "id_unit": 698,
            "id_skpd": 698,
            "created_user": 1554,
            "kode_skpd": "2.09.0.00.0.00.01.0000",
            "nama_skpd": "Dinas Ketahanan Pangan",
            "id_urusan": 12,
            "kode_urusan": "2",
            "nama_urusan": "URUSAN PEMERINTAHAN WAJIB YANG TIDAK BERKAITAN DENGAN PELAYANAN DASAR",
            "id_bidang_urusan": 209,
            "kode_bidang_urusan": "2.09",
            "nama_bidang_urusan": "URUSAN PEMERINTAHAN BIDANG PANGAN",
            "id_sub_skpd": 698,
            "kode_sub_skpd": "2.09.0.00.0.00.01.0000",
            "nama_sub_skpd": "Dinas Ketahanan Pangan",
            "set_pagu_user": 0,
            "set_pagu_at": null,
            "id_program": 4451,
            "kode_program": "2.09.01",
            "nama_program": "PROGRAM PENUNJANG URUSAN PEMERINTAHAN DAERAH KABUPATEN/KOTA",
            "id_giat": 18379,
            "kode_giat": "2.09.01.2.09",
            "nama_giat": "Pemeliharaan Barang Milik Daerah Penunjang Urusan Pemerintahan Daerah",
            "pagu_giat": 238000000.0,
            "rinci_giat": null,
            "id_sub_giat": 60669,
            "kode_sub_giat": "2.09.01.2.09.0009",
            "nama_sub_giat": "Pemeliharaan/Rehabilitasi Gedung Kantor dan Bangunan Lainnya",
            "pagu": 170000000.0,
            "pagu_indikatif": 170000000.0,
            "rincian": null,
            "kode_bl": "698.698.4451.18379",
            "kode_sbl": "698.698.4451.18379.60669",
            "kunci_bl": 1,
            "kunci_bl_rinci": 1,
            "user_created": "SABANI, SH",
            "created_date": "25-03-2025",
            "created_time": "20:59",
            "user_updated": "SABANI, SH",
            "updated_date": "03-07-2025",
            "updated_time": "19:27",
            "is_locked": 0
        },
        {
            "id_sub_bl": 58935,
            "id_daerah": 473,
            "tahun": 2026,
            "id_unit": 698,
            "id_skpd": 698,
            "created_user": 1554,
            "kode_skpd": "2.09.0.00.0.00.01.0000",
            "nama_skpd": "Dinas Ketahanan Pangan",
            "id_urusan": 20,
            "kode_urusan": "X",
            "nama_urusan": "NON URUSAN",
            "id_bidang_urusan": 251,
            "kode_bidang_urusan": "X.XX",
            "nama_bidang_urusan": "URUSAN PEMERINTAHAN BIDANG XX",
            "id_sub_skpd": 698,
            "kode_sub_skpd": "2.09.0.00.0.00.01.0000",
            "nama_sub_skpd": "Dinas Ketahanan Pangan",
            "set_pagu_user": 0,
            "set_pagu_at": null,
            "id_program": 4451,
            "kode_program": "X.XX.01",
            "nama_program": "PROGRAM PENUNJANG URUSAN PEMERINTAHAN DAERAH KABUPATEN/KOTA",
            "id_giat": 18377,
            "kode_giat": "X.XX.01.2.07",
            "nama_giat": "Pengadaan Barang Milik Daerah Penunjang Urusan Pemerintah Daerah",
            "pagu_giat": 166760000.0,
            "rinci_giat": null,
            "id_sub_giat": 60651,
            "kode_sub_giat": "X.XX.01.2.07.0006",
            "nama_sub_giat": "Pengadaan Peralatan dan Mesin Lainnya",
            "pagu": 50000000.0,
            "pagu_indikatif": 50000000.0,
            "rincian": null,
            "kode_bl": "698.698.4451.18377",
            "kode_sbl": "698.698.4451.18377.60651",
            "kunci_bl": 1,
            "kunci_bl_rinci": 1,
            "user_created": "SABANI, SH",
            "created_date": "20-01-2025",
            "created_time": "10:48",
            "user_updated": "SABANI, SH",
            "updated_date": "03-07-2025",
            "updated_time": "19:28",
            "is_locked": 0
        }
    ]