[
        {
            "id_sub_bl": 61477,
            "id_daerah": 473,
            "tahun": 2026,
            "id_unit": 695,
            "id_skpd": 695,
            "created_user": 6945,
            "kode_skpd": "2.11.0.00.0.00.01.0000",
            "nama_skpd": "Dinas Lingkungan Hidup",
            "id_urusan": 12,
            "kode_urusan": "2",
            "nama_urusan": "URUSAN PEMERINTAHAN WAJIB YANG TIDAK BERKAITAN DENGAN PELAYANAN DASAR",
            "id_bidang_urusan": 211,
            "kode_bidang_urusan": "2.11",
            "nama_bidang_urusan": "URUSAN PEMERINTAHAN BIDANG LINGKUNGAN HIDUP",
            "id_sub_skpd": 695,
            "kode_sub_skpd": "2.11.0.00.0.00.01.0000",
            "nama_sub_skpd": "Dinas Lingkungan Hidup",
            "set_pagu_user": 599,
            "set_pagu_at": "Thu, 03 Jul 2025 12:11:25 GMT",
            "id_program": 3632,
            "kode_program": "2.11.02",
            "nama_program": "PROGRAM PERENCANAAN LINGKUNGAN HIDUP",
            "id_giat": 16179,
            "kode_giat": "2.11.02.2.01",
            "nama_giat": "Rencana Perlindungan dan Pengelolaan Lingkungan Hidup (RPPLH) Kabupaten/Kota",
            "pagu_giat": 175000000.0,
            "rinci_giat": null,
            "id_sub_giat": 53841,
            "kode_sub_giat": "2.11.02.2.01.0006",
            "nama_sub_giat": "Penyusunan RPPLH Kabupaten/Kota",
            "pagu": 175000000.0,
            "pagu_indikatif": 175000000.0,
            "rincian": null,
            "kode_bl": "695.695.3632.16179",
            "kode_sbl": "695.695.3632.16179.53841",
            "kunci_bl": 1,
            "kunci_bl_rinci": 1,
            "user_created": "MAMAN SUHERMAN,S.STP",
            "created_date": "30-01-2025",
            "created_time": "11:26",
            "user_updated": "Parpen Siregar, S.TP, M.Si",
            "updated_date": "03-07-2025",
            "updated_time": "09:52",
            "is_locked": 0
        },
        {
            "id_sub_bl": 61285,
            "id_daerah": 473,
            "tahun": 2026,
            "id_unit": 695,
            "id_skpd": 695,
            "created_user": 6945,
            "kode_skpd": "2.11.0.00.0.00.01.0000",
            "nama_skpd": "Dinas Lingkungan Hidup",
            "id_urusan": 12,
            "kode_urusan": "2",
            "nama_urusan": "URUSAN PEMERINTAHAN WAJIB YANG TIDAK BERKAITAN DENGAN PELAYANAN DASAR",
            "id_bidang_urusan": 211,
            "kode_bidang_urusan": "2.11",
            "nama_bidang_urusan": "URUSAN PEMERINTAHAN BIDANG LINGKUNGAN HIDUP",
            "id_sub_skpd": 695,
            "kode_sub_skpd": "2.11.0.00.0.00.01.0000",
            "nama_sub_skpd": "Dinas Lingkungan Hidup",
            "set_pagu_user": 599,
            "set_pagu_at": "Thu, 03 Jul 2025 12:11:25 GMT",
            "id_program": 3646,
            "kode_program": "2.11.03",
            "nama_program": "PROGRAM PENGENDALIAN PENCEMARAN DAN/ATAU KERUSAKAN LINGKUNGAN HIDUP",
            "id_giat": 16198,
            "kode_giat": "2.11.03.2.01",
            "nama_giat": "Pencegahan Pencemaran dan/atau Kerusakan Lingkungan Hidup Kabupaten/Kota",
            "pagu_giat": 190000000.0,
            "rinci_giat": null,
            "id_sub_giat": 53898,
            "kode_sub_giat": "2.11.03.2.01.0001",
            "nama_sub_giat": "Koordinasi, Sinkronisasi, dan Pelaksanaan Pencegahan Pencemaran Lingkungan Hidup Dilaksanakan Terhadap Media Tanah, Air, Udara, dan Laut",
            "pagu": 0.0,
            "pagu_indikatif": 0.0,
            "rincian": null,
            "kode_bl": "695.695.3646.16198",
            "kode_sbl": "695.695.3646.16198.53898",
            "kunci_bl": 1,
            "kunci_bl_rinci": 1,
            "user_created": "MAMAN SUHERMAN,S.STP",
            "created_date": "30-01-2025",
            "created_time": "09:58",
            "user_updated": "Parpen Siregar, S.TP, M.Si",
            "updated_date": "03-07-2025",
            "updated_time": "10:20",
            "is_locked": 0
        },
        {
            "id_sub_bl": 61291,
            "id_daerah": 473,
            "tahun": 2026,
            "id_unit": 695,
            "id_skpd": 695,
            "created_user": 6945,
            "kode_skpd": "2.11.0.00.0.00.01.0000",
            "nama_skpd": "Dinas Lingkungan Hidup",
            "id_urusan": 12,
            "kode_urusan": "2",
            "nama_urusan": "URUSAN PEMERINTAHAN WAJIB YANG TIDAK BERKAITAN DENGAN PELAYANAN DASAR",
            "id_bidang_urusan": 211,
            "kode_bidang_urusan": "2.11",
            "nama_bidang_urusan": "URUSAN PEMERINTAHAN BIDANG LINGKUNGAN HIDUP",
            "id_sub_skpd": 695,
            "kode_sub_skpd": "2.11.0.00.0.00.01.0000",
            "nama_sub_skpd": "Dinas Lingkungan Hidup",
            "set_pagu_user": 599,
            "set_pagu_at": "Thu, 03 Jul 2025 12:11:25 GMT",
            "id_program": 3646,
            "kode_program": "2.11.03",
            "nama_program": "PROGRAM PENGENDALIAN PENCEMARAN DAN/ATAU KERUSAKAN LINGKUNGAN HIDUP",
            "id_giat": 16198,
            "kode_giat": "2.11.03.2.01",
            "nama_giat": "Pencegahan Pencemaran dan/atau Kerusakan Lingkungan Hidup Kabupaten/Kota",
            "pagu_giat": 190000000.0,
            "rinci_giat": null,
            "id_sub_giat": 53899,
            "kode_sub_giat": "2.11.03.2.01.0002",
            "nama_sub_giat": "Koordinasi, Sinkronisasi dan Pelaksanaan Pengendalian Emisi Gas Rumah Kaca, Mitigasi dan Adaptasi Perubahan Iklim",
            "pagu": 55000000.0,
            "pagu_indikatif": 55000000.0,
            "rincian": null,
            "kode_bl": "695.695.3646.16198",
            "kode_sbl": "695.695.3646.16198.53899",
            "kunci_bl": 1,
            "kunci_bl_rinci": 1,
            "user_created": "MAMAN SUHERMAN,S.STP",
            "created_date": "30-01-2025",
            "created_time": "10:01",
            "user_updated": "Parpen Siregar, S.TP, M.Si",
            "updated_date": "03-07-2025",
            "updated_time": "10:19",
            "is_locked": 0
        },
        {
            "id_sub_bl": 75997,
            "id_daerah": 473,
            "tahun": 2026,
            "id_unit": 695,
            "id_skpd": 695,
            "created_user": 6945,
            "kode_skpd": "2.11.0.00.0.00.01.0000",
            "nama_skpd": "Dinas Lingkungan Hidup",
            "id_urusan": 12,
            "kode_urusan": "2",
            "nama_urusan": "URUSAN PEMERINTAHAN WAJIB YANG TIDAK BERKAITAN DENGAN PELAYANAN DASAR",
            "id_bidang_urusan": 211,
            "kode_bidang_urusan": "2.11",
            "nama_bidang_urusan": "URUSAN PEMERINTAHAN BIDANG LINGKUNGAN HIDUP",
            "id_sub_skpd": 695,
            "kode_sub_skpd": "2.11.0.00.0.00.01.0000",
            "nama_sub_skpd": "Dinas Lingkungan Hidup",
            "set_pagu_user": 599,
            "set_pagu_at": "Thu, 03 Jul 2025 12:11:25 GMT",
            "id_program": 3646,
            "kode_program": "2.11.03",
            "nama_program": "PROGRAM PENGENDALIAN PENCEMARAN DAN/ATAU KERUSAKAN LINGKUNGAN HIDUP",
            "id_giat": 16198,
            "kode_giat": "2.11.03.2.01",
            "nama_giat": "Pencegahan Pencemaran dan/atau Kerusakan Lingkungan Hidup Kabupaten/Kota",
            "pagu_giat": 190000000.0,
            "rinci_giat": null,
            "id_sub_giat": 53903,
            "kode_sub_giat": "2.11.03.2.01.0007",
            "nama_sub_giat": "Pelaksanaan pemantauan kualitas Lingkungan Hidup terhadap Media Tanah, Air, Udara, dan Laut",
            "pagu": 60000000.0,
            "pagu_indikatif": 60000000.0,
            "rincian": null,
            "kode_bl": "695.695.3646.16198",
            "kode_sbl": "695.695.3646.16198.53903",
            "kunci_bl": 1,
            "kunci_bl_rinci": 1,
            "user_created": "MAMAN SUHERMAN,S.STP",
            "created_date": "17-06-2025",
            "created_time": "15:13",
            "user_updated": null,
            "updated_date": null,
            "updated_time": null,
            "is_locked": 0
        },
        {
            "id_sub_bl": 76011,
            "id_daerah": 473,
            "tahun": 2026,
            "id_unit": 695,
            "id_skpd": 695,
            "created_user": 6945,
            "kode_skpd": "2.11.0.00.0.00.01.0000",
            "nama_skpd": "Dinas Lingkungan Hidup",
            "id_urusan": 12,
            "kode_urusan": "2",
            "nama_urusan": "URUSAN PEMERINTAHAN WAJIB YANG TIDAK BERKAITAN DENGAN PELAYANAN DASAR",
            "id_bidang_urusan": 211,
            "kode_bidang_urusan": "2.11",
            "nama_bidang_urusan": "URUSAN PEMERINTAHAN BIDANG LINGKUNGAN HIDUP",
            "id_sub_skpd": 695,
            "kode_sub_skpd": "2.11.0.00.0.00.01.0000",
            "nama_sub_skpd": "Dinas Lingkungan Hidup",
            "set_pagu_user": 599,
            "set_pagu_at": "Thu, 03 Jul 2025 12:11:25 GMT",
            "id_program": 3646,
            "kode_program": "2.11.03",
            "nama_program": "PROGRAM PENGENDALIAN PENCEMARAN DAN/ATAU KERUSAKAN LINGKUNGAN HIDUP",
            "id_giat": 16198,
            "kode_giat": "2.11.03.2.01",
            "nama_giat": "Pencegahan Pencemaran dan/atau Kerusakan Lingkungan Hidup Kabupaten/Kota",
            "pagu_giat": 190000000.0,
            "rinci_giat": null,
            "id_sub_giat": 53907,
            "kode_sub_giat": "2.11.03.2.01.0011",
            "nama_sub_giat": "Penyusunan dokumen status lingkungan hidup daerah",
            "pagu": 25000000.0,
            "pagu_indikatif": 25000000.0,
            "rincian": null,
            "kode_bl": "695.695.3646.16198",
            "kode_sbl": "695.695.3646.16198.53907",
            "kunci_bl": 1,
            "kunci_bl_rinci": 1,
            "user_created": "MAMAN SUHERMAN,S.STP",
            "created_date": "18-06-2025",
            "created_time": "09:18",
            "user_updated": "Parpen Siregar, S.TP, M.Si",
            "updated_date": "03-07-2025",
            "updated_time": "10:20",
            "is_locked": 0
        },
        {
            "id_sub_bl": 76014,
            "id_daerah": 473,
            "tahun": 2026,
            "id_unit": 695,
            "id_skpd": 695,
            "created_user": 6945,
            "kode_skpd": "2.11.0.00.0.00.01.0000",
            "nama_skpd": "Dinas Lingkungan Hidup",
            "id_urusan": 12,
            "kode_urusan": "2",
            "nama_urusan": "URUSAN PEMERINTAHAN WAJIB YANG TIDAK BERKAITAN DENGAN PELAYANAN DASAR",
            "id_bidang_urusan": 211,
            "kode_bidang_urusan": "2.11",
            "nama_bidang_urusan": "URUSAN PEMERINTAHAN BIDANG LINGKUNGAN HIDUP",
            "id_sub_skpd": 695,
            "kode_sub_skpd": "2.11.0.00.0.00.01.0000",
            "nama_sub_skpd": "Dinas Lingkungan Hidup",
            "set_pagu_user": 599,
            "set_pagu_at": "Thu, 03 Jul 2025 12:11:25 GMT",
            "id_program": 3646,
            "kode_program": "2.11.03",
            "nama_program": "PROGRAM PENGENDALIAN PENCEMARAN DAN/ATAU KERUSAKAN LINGKUNGAN HIDUP",
            "id_giat": 16198,
            "kode_giat": "2.11.03.2.01",
            "nama_giat": "Pencegahan Pencemaran dan/atau Kerusakan Lingkungan Hidup Kabupaten/Kota",
            "pagu_giat": 190000000.0,
            "rinci_giat": null,
            "id_sub_giat": 53908,
            "kode_sub_giat": "2.11.03.2.01.0012",
            "nama_sub_giat": "Pengambilan contoh uji dan pengujian parameter kualitas lingkungan",
            "pagu": 50000000.0,
            "pagu_indikatif": 50000000.0,
            "rincian": null,
            "kode_bl": "695.695.3646.16198",
            "kode_sbl": "695.695.3646.16198.53908",
            "kunci_bl": 1,
            "kunci_bl_rinci": 1,
            "user_created": "MAMAN SUHERMAN,S.STP",
            "created_date": "18-06-2025",
            "created_time": "13:09",
            "user_updated": "Parpen Siregar, S.TP, M.Si",
            "updated_date": "03-07-2025",
            "updated_time": "10:21",
            "is_locked": 0
        },
        {
            "id_sub_bl": 61298,
            "id_daerah": 473,
            "tahun": 2026,
            "id_unit": 695,
            "id_skpd": 695,
            "created_user": 6945,
            "kode_skpd": "2.11.0.00.0.00.01.0000",
            "nama_skpd": "Dinas Lingkungan Hidup",
            "id_urusan": 12,
            "kode_urusan": "2",
            "nama_urusan": "URUSAN PEMERINTAHAN WAJIB YANG TIDAK BERKAITAN DENGAN PELAYANAN DASAR",
            "id_bidang_urusan": 211,
            "kode_bidang_urusan": "2.11",
            "nama_bidang_urusan": "URUSAN PEMERINTAHAN BIDANG LINGKUNGAN HIDUP",
            "id_sub_skpd": 695,
            "kode_sub_skpd": "2.11.0.00.0.00.01.0000",
            "nama_sub_skpd": "Dinas Lingkungan Hidup",
            "set_pagu_user": 599,
            "set_pagu_at": "Thu, 03 Jul 2025 12:11:25 GMT",
            "id_program": 3646,
            "kode_program": "2.11.03",
            "nama_program": "PROGRAM PENGENDALIAN PENCEMARAN DAN/ATAU KERUSAKAN LINGKUNGAN HIDUP",
            "id_giat": 16199,
            "kode_giat": "2.11.03.2.02",
            "nama_giat": "Penanggulangan Pencemaran dan/atau Kerusakan Lingkungan Hidup Kabupaten/Kota",
            "pagu_giat": 0.0,
            "rinci_giat": null,
            "id_sub_giat": 53916,
            "kode_sub_giat": "2.11.03.2.02.0001",
            "nama_sub_giat": "Pemberian Informasi Peringatan Pencemaran dan/atau Kerusakan Lingkungan Hidup pada Masyarakat",
            "pagu": 0.0,
            "pagu_indikatif": 0.0,
            "rincian": null,
            "kode_bl": "695.695.3646.16199",
            "kode_sbl": "695.695.3646.16199.53916",
            "kunci_bl": 1,
            "kunci_bl_rinci": 1,
            "user_created": "MAMAN SUHERMAN,S.STP",
            "created_date": "30-01-2025",
            "created_time": "10:03",
            "user_updated": "Parpen Siregar, S.TP, M.Si",
            "updated_date": "03-07-2025",
            "updated_time": "10:22",
            "is_locked": 0
        },
        {
            "id_sub_bl": 61305,
            "id_daerah": 473,
            "tahun": 2026,
            "id_unit": 695,
            "id_skpd": 695,
            "created_user": 6945,
            "kode_skpd": "2.11.0.00.0.00.01.0000",
            "nama_skpd": "Dinas Lingkungan Hidup",
            "id_urusan": 12,
            "kode_urusan": "2",
            "nama_urusan": "URUSAN PEMERINTAHAN WAJIB YANG TIDAK BERKAITAN DENGAN PELAYANAN DASAR",
            "id_bidang_urusan": 211,
            "kode_bidang_urusan": "2.11",
            "nama_bidang_urusan": "URUSAN PEMERINTAHAN BIDANG LINGKUNGAN HIDUP",
            "id_sub_skpd": 695,
            "kode_sub_skpd": "2.11.0.00.0.00.01.0000",
            "nama_sub_skpd": "Dinas Lingkungan Hidup",
            "set_pagu_user": 599,
            "set_pagu_at": "Thu, 03 Jul 2025 12:11:25 GMT",
            "id_program": 3654,
            "kode_program": "2.11.04",
            "nama_program": "PROGRAM PENGELOLAAN KEANEKARAGAMAN HAYATI (KEHATI)",
            "id_giat": 16208,
            "kode_giat": "2.11.04.2.01",
            "nama_giat": "Pengelolaan Keanekaragaman Hayati Kabupaten/Kota",
            "pagu_giat": 30500000.0,
            "rinci_giat": null,
            "id_sub_giat": 53948,
            "kode_sub_giat": "2.11.04.2.01.0004",
            "nama_sub_giat": "Pengelolaan Ruang Terbuka Hijau (RTH)",
            "pagu": 30500000.0,
            "pagu_indikatif": 30500000.0,
            "rincian": null,
            "kode_bl": "695.695.3654.16208",
            "kode_sbl": "695.695.3654.16208.53948",
            "kunci_bl": 1,
            "kunci_bl_rinci": 1,
            "user_created": "MAMAN SUHERMAN,S.STP",
            "created_date": "30-01-2025",
            "created_time": "10:05",
            "user_updated": "Parpen Siregar, S.TP, M.Si",
            "updated_date": "03-07-2025",
            "updated_time": "10:33",
            "is_locked": 0
        },
        {
            "id_sub_bl": 61457,
            "id_daerah": 473,
            "tahun": 2026,
            "id_unit": 695,
            "id_skpd": 695,
            "created_user": 6945,
            "kode_skpd": "2.11.0.00.0.00.01.0000",
            "nama_skpd": "Dinas Lingkungan Hidup",
            "id_urusan": 12,
            "kode_urusan": "2",
            "nama_urusan": "URUSAN PEMERINTAHAN WAJIB YANG TIDAK BERKAITAN DENGAN PELAYANAN DASAR",
            "id_bidang_urusan": 211,
            "kode_bidang_urusan": "2.11",
            "nama_bidang_urusan": "URUSAN PEMERINTAHAN BIDANG LINGKUNGAN HIDUP",
            "id_sub_skpd": 695,
            "kode_sub_skpd": "2.11.0.00.0.00.01.0000",
            "nama_sub_skpd": "Dinas Lingkungan Hidup",
            "set_pagu_user": 599,
            "set_pagu_at": "Thu, 03 Jul 2025 12:11:25 GMT",
            "id_program": 3668,
            "kode_program": "2.11.05",
            "nama_program": "PROGRAM PENGENDALIAN BAHAN BERBAHAYA DAN BERACUN (B3) DAN LIMBAH BAHAN BERBAHAYA DAN BERACUN (LIMBAH B3)",
            "id_giat": 16222,
            "kode_giat": "2.11.05.2.01",
            "nama_giat": "Penyimpanan sementara Limbah B3",
            "pagu_giat": 0.0,
            "rinci_giat": null,
            "id_sub_giat": 53982,
            "kode_sub_giat": "2.11.05.2.01.0005",
            "nama_sub_giat": "Fasilitasi Pemenuhan   Rincian Teknis Penyimpanan sementara Limbah B3  untuk di integrasikan dengan persetujuan lingkungan  melalui Sistem Pelayanan Perizinan Berusaha Terintegrasi Secara Elektronik (Online Single Submission)",
            "pagu": 0.0,
            "pagu_indikatif": 0.0,
            "rincian": null,
            "kode_bl": "695.695.3668.16222",
            "kode_sbl": "695.695.3668.16222.53982",
            "kunci_bl": 1,
            "kunci_bl_rinci": 1,
            "user_created": "MAMAN SUHERMAN,S.STP",
            "created_date": "30-01-2025",
            "created_time": "11:13",
            "user_updated": "Parpen Siregar, S.TP, M.Si",
            "updated_date": "03-07-2025",
            "updated_time": "10:34",
            "is_locked": 0
        },
        {
            "id_sub_bl": 76048,
            "id_daerah": 473,
            "tahun": 2026,
            "id_unit": 695,
            "id_skpd": 695,
            "created_user": 6945,
            "kode_skpd": "2.11.0.00.0.00.01.0000",
            "nama_skpd": "Dinas Lingkungan Hidup",
            "id_urusan": 12,
            "kode_urusan": "2",
            "nama_urusan": "URUSAN PEMERINTAHAN WAJIB YANG TIDAK BERKAITAN DENGAN PELAYANAN DASAR",
            "id_bidang_urusan": 211,
            "kode_bidang_urusan": "2.11",
            "nama_bidang_urusan": "URUSAN PEMERINTAHAN BIDANG LINGKUNGAN HIDUP",
            "id_sub_skpd": 695,
            "kode_sub_skpd": "2.11.0.00.0.00.01.0000",
            "nama_sub_skpd": "Dinas Lingkungan Hidup",
            "set_pagu_user": 599,
            "set_pagu_at": "Thu, 03 Jul 2025 12:11:25 GMT",
            "id_program": 3668,
            "kode_program": "2.11.05",
            "nama_program": "PROGRAM PENGENDALIAN BAHAN BERBAHAYA DAN BERACUN (B3) DAN LIMBAH BAHAN BERBAHAYA DAN BERACUN (LIMBAH B3)",
            "id_giat": 16223,
            "kode_giat": "2.11.05.2.02",
            "nama_giat": "Pengumpulan Limbah B3 dalam 1 (Satu) Daerah Kabupaten/Kota",
            "pagu_giat": 35000000.0,
            "rinci_giat": null,
            "id_sub_giat": 53986,
            "kode_sub_giat": "2.11.05.2.02.0004",
            "nama_sub_giat": "Pembinaan pengumpulan dan penyimpanan sementara limbah B3 di kabupaten/kota",
            "pagu": 35000000.0,
            "pagu_indikatif": 35000000.0,
            "rincian": null,
            "kode_bl": "695.695.3668.16223",
            "kode_sbl": "695.695.3668.16223.53986",
            "kunci_bl": 1,
            "kunci_bl_rinci": 1,
            "user_created": "MAMAN SUHERMAN,S.STP",
            "created_date": "18-06-2025",
            "created_time": "13:58",
            "user_updated": "Parpen Siregar, S.TP, M.Si",
            "updated_date": "03-07-2025",
            "updated_time": "10:36",
            "is_locked": 0
        },
        {
            "id_sub_bl": 61342,
            "id_daerah": 473,
            "tahun": 2026,
            "id_unit": 695,
            "id_skpd": 695,
            "created_user": 6945,
            "kode_skpd": "2.11.0.00.0.00.01.0000",
            "nama_skpd": "Dinas Lingkungan Hidup",
            "id_urusan": 12,
            "kode_urusan": "2",
            "nama_urusan": "URUSAN PEMERINTAHAN WAJIB YANG TIDAK BERKAITAN DENGAN PELAYANAN DASAR",
            "id_bidang_urusan": 211,
            "kode_bidang_urusan": "2.11",
            "nama_bidang_urusan": "URUSAN PEMERINTAHAN BIDANG LINGKUNGAN HIDUP",
            "id_sub_skpd": 695,
            "kode_sub_skpd": "2.11.0.00.0.00.01.0000",
            "nama_sub_skpd": "Dinas Lingkungan Hidup",
            "set_pagu_user": 599,
            "set_pagu_at": "Thu, 03 Jul 2025 12:11:25 GMT",
            "id_program": 3670,
            "kode_program": "2.11.06",
            "nama_program": "PROGRAM PEMBINAAN DAN PENGAWASAN TERHADAP IZIN LINGKUNGAN DAN IZIN PERLINDUNGAN DAN PENGELOLAAN LINGKUNGAN HIDUP (PPLH)",
            "id_giat": 16225,
            "kode_giat": "2.11.06.2.01",
            "nama_giat": "Pembinaan dan Pengawasan Terhadap Usaha dan/atau Kegiatan yang Izin Lingkungan dan Izin PPLH Diterbitkan oleh Pemerintah Daerah Kabupaten/Kota",
            "pagu_giat": 123000000.0,
            "rinci_giat": null,
            "id_sub_giat": 53995,
            "kode_sub_giat": "2.11.06.2.01.0001",
            "nama_sub_giat": "Fasilitasi Pemenuhan Ketentuan dan Kewajiban Izin Lingkungan dan/atau Izin PPLH",
            "pagu": 43000000.0,
            "pagu_indikatif": 43000000.0,
            "rincian": null,
            "kode_bl": "695.695.3670.16225",
            "kode_sbl": "695.695.3670.16225.53995",
            "kunci_bl": 1,
            "kunci_bl_rinci": 1,
            "user_created": "MAMAN SUHERMAN,S.STP",
            "created_date": "30-01-2025",
            "created_time": "10:15",
            "user_updated": "Parpen Siregar, S.TP, M.Si",
            "updated_date": "03-07-2025",
            "updated_time": "11:00",
            "is_locked": 0
        },
        {
            "id_sub_bl": 61347,
            "id_daerah": 473,
            "tahun": 2026,
            "id_unit": 695,
            "id_skpd": 695,
            "created_user": 6945,
            "kode_skpd": "2.11.0.00.0.00.01.0000",
            "nama_skpd": "Dinas Lingkungan Hidup",
            "id_urusan": 12,
            "kode_urusan": "2",
            "nama_urusan": "URUSAN PEMERINTAHAN WAJIB YANG TIDAK BERKAITAN DENGAN PELAYANAN DASAR",
            "id_bidang_urusan": 211,
            "kode_bidang_urusan": "2.11",
            "nama_bidang_urusan": "URUSAN PEMERINTAHAN BIDANG LINGKUNGAN HIDUP",
            "id_sub_skpd": 695,
            "kode_sub_skpd": "2.11.0.00.0.00.01.0000",
            "nama_sub_skpd": "Dinas Lingkungan Hidup",
            "set_pagu_user": 599,
            "set_pagu_at": "Thu, 03 Jul 2025 12:11:25 GMT",
            "id_program": 3670,
            "kode_program": "2.11.06",
            "nama_program": "PROGRAM PEMBINAAN DAN PENGAWASAN TERHADAP IZIN LINGKUNGAN DAN IZIN PERLINDUNGAN DAN PENGELOLAAN LINGKUNGAN HIDUP (PPLH)",
            "id_giat": 16225,
            "kode_giat": "2.11.06.2.01",
            "nama_giat": "Pembinaan dan Pengawasan Terhadap Usaha dan/atau Kegiatan yang Izin Lingkungan dan Izin PPLH Diterbitkan oleh Pemerintah Daerah Kabupaten/Kota",
            "pagu_giat": 123000000.0,
            "rinci_giat": null,
            "id_sub_giat": 53998,
            "kode_sub_giat": "2.11.06.2.01.0009",
            "nama_sub_giat": "Pengawasan Perizinan Berusaha atau Persetujuan Pemerintah terkait Persetujuan Lingkungan yang diterbitkan oleh Pemerintah Daerah Kabupaten/Kota dan Peraturan Perundang-undangan di bidang Perlindungan dan Pengelolaan Lingkungan Hidup",
            "pagu": 80000000.0,
            "pagu_indikatif": 80000000.0,
            "rincian": null,
            "kode_bl": "695.695.3670.16225",
            "kode_sbl": "695.695.3670.16225.53998",
            "kunci_bl": 1,
            "kunci_bl_rinci": 1,
            "user_created": "MAMAN SUHERMAN,S.STP",
            "created_date": "30-01-2025",
            "created_time": "10:17",
            "user_updated": "Parpen Siregar, S.TP, M.Si",
            "updated_date": "03-07-2025",
            "updated_time": "11:16",
            "is_locked": 0
        },
        {
            "id_sub_bl": 61354,
            "id_daerah": 473,
            "tahun": 2026,
            "id_unit": 695,
            "id_skpd": 695,
            "created_user": 6945,
            "kode_skpd": "2.11.0.00.0.00.01.0000",
            "nama_skpd": "Dinas Lingkungan Hidup",
            "id_urusan": 12,
            "kode_urusan": "2",
            "nama_urusan": "URUSAN PEMERINTAHAN WAJIB YANG TIDAK BERKAITAN DENGAN PELAYANAN DASAR",
            "id_bidang_urusan": 211,
            "kode_bidang_urusan": "2.11",
            "nama_bidang_urusan": "URUSAN PEMERINTAHAN BIDANG LINGKUNGAN HIDUP",
            "id_sub_skpd": 695,
            "kode_sub_skpd": "2.11.0.00.0.00.01.0000",
            "nama_sub_skpd": "Dinas Lingkungan Hidup",
            "set_pagu_user": 599,
            "set_pagu_at": "Thu, 03 Jul 2025 12:11:25 GMT",
            "id_program": 3688,
            "kode_program": "2.11.09",
            "nama_program": "PROGRAM PENGHARGAAN LINGKUNGAN HIDUP UNTUK MASYARAKAT",
            "id_giat": 16251,
            "kode_giat": "2.11.09.2.01",
            "nama_giat": "Pemberian Penghargaan Lingkungan Hidup Tingkat Daerah Kabupaten/Kota ",
            "pagu_giat": 75000000.0,
            "rinci_giat": null,
            "id_sub_giat": 54036,
            "kode_sub_giat": "2.11.09.2.01.0001",
            "nama_sub_giat": "Penilaian Kinerja Masyarakat/Lembaga Masyarakat/Dunia Usaha/Dunia Pendidikan/Filantropi dalam Perlindungan dan Pengelolaan Lingkungan Hidup",
            "pagu": 75000000.0,
            "pagu_indikatif": 75000000.0,
            "rincian": null,
            "kode_bl": "695.695.3688.16251",
            "kode_sbl": "695.695.3688.16251.54036",
            "kunci_bl": 1,
            "kunci_bl_rinci": 1,
            "user_created": "MAMAN SUHERMAN,S.STP",
            "created_date": "30-01-2025",
            "created_time": "10:22",
            "user_updated": "Parpen Siregar, S.TP, M.Si",
            "updated_date": "03-07-2025",
            "updated_time": "11:18",
            "is_locked": 0
        },
        {
            "id_sub_bl": 61360,
            "id_daerah": 473,
            "tahun": 2026,
            "id_unit": 695,
            "id_skpd": 695,
            "created_user": 6945,
            "kode_skpd": "2.11.0.00.0.00.01.0000",
            "nama_skpd": "Dinas Lingkungan Hidup",
            "id_urusan": 12,
            "kode_urusan": "2",
            "nama_urusan": "URUSAN PEMERINTAHAN WAJIB YANG TIDAK BERKAITAN DENGAN PELAYANAN DASAR",
            "id_bidang_urusan": 211,
            "kode_bidang_urusan": "2.11",
            "nama_bidang_urusan": "URUSAN PEMERINTAHAN BIDANG LINGKUNGAN HIDUP",
            "id_sub_skpd": 695,
            "kode_sub_skpd": "2.11.0.00.0.00.01.0000",
            "nama_sub_skpd": "Dinas Lingkungan Hidup",
            "set_pagu_user": 599,
            "set_pagu_at": "Thu, 03 Jul 2025 12:11:25 GMT",
            "id_program": 3690,
            "kode_program": "2.11.10",
            "nama_program": "PROGRAM PENANGANAN PENGADUAN LINGKUNGAN HIDUP",
            "id_giat": 16253,
            "kode_giat": "2.11.10.2.01",
            "nama_giat": "Penyelesaian Pengaduan Masyarakat di Bidang Perlindungan dan Pengelolaan Lingkungan Hidup (PPLH) Kabupaten/Kota",
            "pagu_giat": 35000000.0,
            "rinci_giat": null,
            "id_sub_giat": 54045,
            "kode_sub_giat": "2.11.10.2.01.0009",
            "nama_sub_giat": "Pengelolaan Pengaduan permasalahan Pencemaran dan Perusakan Lingkungan Hidup tingkat Kabupaten/Kota",
            "pagu": 35000000.0,
            "pagu_indikatif": 35000000.0,
            "rincian": null,
            "kode_bl": "695.695.3690.16253",
            "kode_sbl": "695.695.3690.16253.54045",
            "kunci_bl": 1,
            "kunci_bl_rinci": 1,
            "user_created": "MAMAN SUHERMAN,S.STP",
            "created_date": "30-01-2025",
            "created_time": "10:24",
            "user_updated": "Parpen Siregar, S.TP, M.Si",
            "updated_date": "03-07-2025",
            "updated_time": "11:22",
            "is_locked": 0
        },
        {
            "id_sub_bl": 61366,
            "id_daerah": 473,
            "tahun": 2026,
            "id_unit": 695,
            "id_skpd": 695,
            "created_user": 6945,
            "kode_skpd": "2.11.0.00.0.00.01.0000",
            "nama_skpd": "Dinas Lingkungan Hidup",
            "id_urusan": 12,
            "kode_urusan": "2",
            "nama_urusan": "URUSAN PEMERINTAHAN WAJIB YANG TIDAK BERKAITAN DENGAN PELAYANAN DASAR",
            "id_bidang_urusan": 211,
            "kode_bidang_urusan": "2.11",
            "nama_bidang_urusan": "URUSAN PEMERINTAHAN BIDANG LINGKUNGAN HIDUP",
            "id_sub_skpd": 695,
            "kode_sub_skpd": "2.11.0.00.0.00.01.0000",
            "nama_sub_skpd": "Dinas Lingkungan Hidup",
            "set_pagu_user": 599,
            "set_pagu_at": "Thu, 03 Jul 2025 12:11:25 GMT",
            "id_program": 3692,
            "kode_program": "2.11.11",
            "nama_program": "PROGRAM PENGELOLAAN PERSAMPAHAN",
            "id_giat": 16255,
            "kode_giat": "2.11.11.2.01",
            "nama_giat": "Pengelolaan Sampah",
            "pagu_giat": 2167224873.0,
            "rinci_giat": null,
            "id_sub_giat": 54062,
            "kode_sub_giat": "2.11.11.2.01.0004",
            "nama_sub_giat": "Peningkatan Peran Serta Masyarakat dalam Pengelolaan Persampahan",
            "pagu": 50000000.0,
            "pagu_indikatif": 50000000.0,
            "rincian": null,
            "kode_bl": "695.695.3692.16255",
            "kode_sbl": "695.695.3692.16255.54062",
            "kunci_bl": 1,
            "kunci_bl_rinci": 1,
            "user_created": "MAMAN SUHERMAN,S.STP",
            "created_date": "30-01-2025",
            "created_time": "10:26",
            "user_updated": "Parpen Siregar, S.TP, M.Si",
            "updated_date": "03-07-2025",
            "updated_time": "11:24",
            "is_locked": 0
        },
        {
            "id_sub_bl": 61372,
            "id_daerah": 473,
            "tahun": 2026,
            "id_unit": 695,
            "id_skpd": 695,
            "created_user": 6945,
            "kode_skpd": "2.11.0.00.0.00.01.0000",
            "nama_skpd": "Dinas Lingkungan Hidup",
            "id_urusan": 12,
            "kode_urusan": "2",
            "nama_urusan": "URUSAN PEMERINTAHAN WAJIB YANG TIDAK BERKAITAN DENGAN PELAYANAN DASAR",
            "id_bidang_urusan": 211,
            "kode_bidang_urusan": "2.11",
            "nama_bidang_urusan": "URUSAN PEMERINTAHAN BIDANG LINGKUNGAN HIDUP",
            "id_sub_skpd": 695,
            "kode_sub_skpd": "2.11.0.00.0.00.01.0000",
            "nama_sub_skpd": "Dinas Lingkungan Hidup",
            "set_pagu_user": 599,
            "set_pagu_at": "Thu, 03 Jul 2025 12:11:25 GMT",
            "id_program": 3692,
            "kode_program": "2.11.11",
            "nama_program": "PROGRAM PENGELOLAAN PERSAMPAHAN",
            "id_giat": 16255,
            "kode_giat": "2.11.11.2.01",
            "nama_giat": "Pengelolaan Sampah",
            "pagu_giat": 2167224873.0,
            "rinci_giat": null,
            "id_sub_giat": 54064,
            "kode_sub_giat": "2.11.11.2.01.0007",
            "nama_sub_giat": "Penyediaan Sarana dan Prasarana Pengelolaan Persampahan di TPA/TPST/SPA Kabupaten/Kota",
            "pagu": 203834873.0,
            "pagu_indikatif": 203834873.0,
            "rincian": null,
            "kode_bl": "695.695.3692.16255",
            "kode_sbl": "695.695.3692.16255.54064",
            "kunci_bl": 1,
            "kunci_bl_rinci": 1,
            "user_created": "MAMAN SUHERMAN,S.STP",
            "created_date": "30-01-2025",
            "created_time": "10:27",
            "user_updated": "Parpen Siregar, S.TP, M.Si",
            "updated_date": "03-07-2025",
            "updated_time": "11:26",
            "is_locked": 0
        },
        {
            "id_sub_bl": 76013,
            "id_daerah": 473,
            "tahun": 2026,
            "id_unit": 695,
            "id_skpd": 695,
            "created_user": 6945,
            "kode_skpd": "2.11.0.00.0.00.01.0000",
            "nama_skpd": "Dinas Lingkungan Hidup",
            "id_urusan": 12,
            "kode_urusan": "2",
            "nama_urusan": "URUSAN PEMERINTAHAN WAJIB YANG TIDAK BERKAITAN DENGAN PELAYANAN DASAR",
            "id_bidang_urusan": 211,
            "kode_bidang_urusan": "2.11",
            "nama_bidang_urusan": "URUSAN PEMERINTAHAN BIDANG LINGKUNGAN HIDUP",
            "id_sub_skpd": 695,
            "kode_sub_skpd": "2.11.0.00.0.00.01.0000",
            "nama_sub_skpd": "Dinas Lingkungan Hidup",
            "set_pagu_user": 599,
            "set_pagu_at": "Thu, 03 Jul 2025 12:11:25 GMT",
            "id_program": 3692,
            "kode_program": "2.11.11",
            "nama_program": "PROGRAM PENGELOLAAN PERSAMPAHAN",
            "id_giat": 16255,
            "kode_giat": "2.11.11.2.01",
            "nama_giat": "Pengelolaan Sampah",
            "pagu_giat": 2167224873.0,
            "rinci_giat": null,
            "id_sub_giat": 54065,
            "kode_sub_giat": "2.11.11.2.01.0008",
            "nama_sub_giat": "Penyusunan Rencana, Kebijakan dan Strategi Daerah Pengelolaan Sampah kabupaten/kota",
            "pagu": 100000000.0,
            "pagu_indikatif": 100000000.0,
            "rincian": null,
            "kode_bl": "695.695.3692.16255",
            "kode_sbl": "695.695.3692.16255.54065",
            "kunci_bl": 1,
            "kunci_bl_rinci": 1,
            "user_created": "MAMAN SUHERMAN,S.STP",
            "created_date": "18-06-2025",
            "created_time": "13:02",
            "user_updated": "Parpen Siregar, S.TP, M.Si",
            "updated_date": "03-07-2025",
            "updated_time": "11:27",
            "is_locked": 0
        },
        {
            "id_sub_bl": 61397,
            "id_daerah": 473,
            "tahun": 2026,
            "id_unit": 695,
            "id_skpd": 695,
            "created_user": 6945,
            "kode_skpd": "2.11.0.00.0.00.01.0000",
            "nama_skpd": "Dinas Lingkungan Hidup",
            "id_urusan": 12,
            "kode_urusan": "2",
            "nama_urusan": "URUSAN PEMERINTAHAN WAJIB YANG TIDAK BERKAITAN DENGAN PELAYANAN DASAR",
            "id_bidang_urusan": 211,
            "kode_bidang_urusan": "2.11",
            "nama_bidang_urusan": "URUSAN PEMERINTAHAN BIDANG LINGKUNGAN HIDUP",
            "id_sub_skpd": 695,
            "kode_sub_skpd": "2.11.0.00.0.00.01.0000",
            "nama_sub_skpd": "Dinas Lingkungan Hidup",
            "set_pagu_user": 599,
            "set_pagu_at": "Thu, 03 Jul 2025 12:11:25 GMT",
            "id_program": 3692,
            "kode_program": "2.11.11",
            "nama_program": "PROGRAM PENGELOLAAN PERSAMPAHAN",
            "id_giat": 16255,
            "kode_giat": "2.11.11.2.01",
            "nama_giat": "Pengelolaan Sampah",
            "pagu_giat": 2167224873.0,
            "rinci_giat": null,
            "id_sub_giat": 54068,
            "kode_sub_giat": "2.11.11.2.01.0012",
            "nama_sub_giat": "Penanganan sampah melalui pengangkutan",
            "pagu": 1813390000.0,
            "pagu_indikatif": 1813390000.0,
            "rincian": null,
            "kode_bl": "695.695.3692.16255",
            "kode_sbl": "695.695.3692.16255.54068",
            "kunci_bl": 1,
            "kunci_bl_rinci": 1,
            "user_created": "MAMAN SUHERMAN,S.STP",
            "created_date": "30-01-2025",
            "created_time": "10:36",
            "user_updated": "Parpen Siregar, S.TP, M.Si",
            "updated_date": "03-07-2025",
            "updated_time": "11:27",
            "is_locked": 0
        },
        {
            "id_sub_bl": 61459,
            "id_daerah": 473,
            "tahun": 2026,
            "id_unit": 695,
            "id_skpd": 695,
            "created_user": 6945,
            "kode_skpd": "2.11.0.00.0.00.01.0000",
            "nama_skpd": "Dinas Lingkungan Hidup",
            "id_urusan": 12,
            "kode_urusan": "2",
            "nama_urusan": "URUSAN PEMERINTAHAN WAJIB YANG TIDAK BERKAITAN DENGAN PELAYANAN DASAR",
            "id_bidang_urusan": 211,
            "kode_bidang_urusan": "2.11",
            "nama_bidang_urusan": "URUSAN PEMERINTAHAN BIDANG LINGKUNGAN HIDUP",
            "id_sub_skpd": 695,
            "kode_sub_skpd": "2.11.0.00.0.00.01.0000",
            "nama_sub_skpd": "Dinas Lingkungan Hidup",
            "set_pagu_user": 599,
            "set_pagu_at": "Thu, 03 Jul 2025 12:11:25 GMT",
            "id_program": 3692,
            "kode_program": "2.11.11",
            "nama_program": "PROGRAM PENGELOLAAN PERSAMPAHAN",
            "id_giat": 16255,
            "kode_giat": "2.11.11.2.01",
            "nama_giat": "Pengelolaan Sampah",
            "pagu_giat": 2167224873.0,
            "rinci_giat": null,
            "id_sub_giat": 54070,
            "kode_sub_giat": "2.11.11.2.01.0016",
            "nama_sub_giat": "Penanganan sampah melalui pengumpulan sampah",
            "pagu": 0.0,
            "pagu_indikatif": 0.0,
            "rincian": null,
            "kode_bl": "695.695.3692.16255",
            "kode_sbl": "695.695.3692.16255.54070",
            "kunci_bl": 1,
            "kunci_bl_rinci": 1,
            "user_created": "MAMAN SUHERMAN,S.STP",
            "created_date": "30-01-2025",
            "created_time": "11:14",
            "user_updated": "Parpen Siregar, S.TP, M.Si",
            "updated_date": "03-07-2025",
            "updated_time": "11:29",
            "is_locked": 0
        },
        {
            "id_sub_bl": 61137,
            "id_daerah": 473,
            "tahun": 2026,
            "id_unit": 695,
            "id_skpd": 695,
            "created_user": 6945,
            "kode_skpd": "2.11.0.00.0.00.01.0000",
            "nama_skpd": "Dinas Lingkungan Hidup",
            "id_urusan": 12,
            "kode_urusan": "2",
            "nama_urusan": "URUSAN PEMERINTAHAN WAJIB YANG TIDAK BERKAITAN DENGAN PELAYANAN DASAR",
            "id_bidang_urusan": 211,
            "kode_bidang_urusan": "2.11",
            "nama_bidang_urusan": "URUSAN PEMERINTAHAN BIDANG LINGKUNGAN HIDUP",
            "id_sub_skpd": 695,
            "kode_sub_skpd": "2.11.0.00.0.00.01.0000",
            "nama_sub_skpd": "Dinas Lingkungan Hidup",
            "set_pagu_user": 599,
            "set_pagu_at": "Thu, 03 Jul 2025 12:11:25 GMT",
            "id_program": 4451,
            "kode_program": "2.11.01",
            "nama_program": "PROGRAM PENUNJANG URUSAN PEMERINTAHAN DAERAH KABUPATEN/KOTA",
            "id_giat": 18371,
            "kode_giat": "2.11.01.2.01",
            "nama_giat": "Perencanaan, Penganggaran, dan Evaluasi Kinerja Perangkat Daerah",
            "pagu_giat": 174075000.0,
            "rinci_giat": null,
            "id_sub_giat": 60589,
            "kode_sub_giat": "2.11.01.2.01.0001",
            "nama_sub_giat": "Penyusunan Dokumen Perencanaan Perangkat Daerah",
            "pagu": 55225000.0,
            "pagu_indikatif": 55225000.0,
            "rincian": null,
            "kode_bl": "695.695.4451.18371",
            "kode_sbl": "695.695.4451.18371.60589",
            "kunci_bl": 1,
            "kunci_bl_rinci": 1,
            "user_created": "MAMAN SUHERMAN,S.STP",
            "created_date": "30-01-2025",
            "created_time": "09:02",
            "user_updated": "Parpen Siregar, S.TP, M.Si",
            "updated_date": "03-07-2025",
            "updated_time": "11:37",
            "is_locked": 0
        },
        {
            "id_sub_bl": 61138,
            "id_daerah": 473,
            "tahun": 2026,
            "id_unit": 695,
            "id_skpd": 695,
            "created_user": 6945,
            "kode_skpd": "2.11.0.00.0.00.01.0000",
            "nama_skpd": "Dinas Lingkungan Hidup",
            "id_urusan": 12,
            "kode_urusan": "2",
            "nama_urusan": "URUSAN PEMERINTAHAN WAJIB YANG TIDAK BERKAITAN DENGAN PELAYANAN DASAR",
            "id_bidang_urusan": 211,
            "kode_bidang_urusan": "2.11",
            "nama_bidang_urusan": "URUSAN PEMERINTAHAN BIDANG LINGKUNGAN HIDUP",
            "id_sub_skpd": 695,
            "kode_sub_skpd": "2.11.0.00.0.00.01.0000",
            "nama_sub_skpd": "Dinas Lingkungan Hidup",
            "set_pagu_user": 599,
            "set_pagu_at": "Thu, 03 Jul 2025 12:11:25 GMT",
            "id_program": 4451,
            "kode_program": "2.11.01",
            "nama_program": "PROGRAM PENUNJANG URUSAN PEMERINTAHAN DAERAH KABUPATEN/KOTA",
            "id_giat": 18371,
            "kode_giat": "2.11.01.2.01",
            "nama_giat": "Perencanaan, Penganggaran, dan Evaluasi Kinerja Perangkat Daerah",
            "pagu_giat": 174075000.0,
            "rinci_giat": null,
            "id_sub_giat": 60590,
            "kode_sub_giat": "2.11.01.2.01.0002",
            "nama_sub_giat": "Koordinasi dan Penyusunan Dokumen RKA-SKPD",
            "pagu": 49675000.0,
            "pagu_indikatif": 49675000.0,
            "rincian": null,
            "kode_bl": "695.695.4451.18371",
            "kode_sbl": "695.695.4451.18371.60590",
            "kunci_bl": 1,
            "kunci_bl_rinci": 1,
            "user_created": "MAMAN SUHERMAN,S.STP",
            "created_date": "30-01-2025",
            "created_time": "09:04",
            "user_updated": "Parpen Siregar, S.TP, M.Si",
            "updated_date": "03-07-2025",
            "updated_time": "11:39",
            "is_locked": 0
        },
        {
            "id_sub_bl": 61139,
            "id_daerah": 473,
            "tahun": 2026,
            "id_unit": 695,
            "id_skpd": 695,
            "created_user": 6945,
            "kode_skpd": "2.11.0.00.0.00.01.0000",
            "nama_skpd": "Dinas Lingkungan Hidup",
            "id_urusan": 12,
            "kode_urusan": "2",
            "nama_urusan": "URUSAN PEMERINTAHAN WAJIB YANG TIDAK BERKAITAN DENGAN PELAYANAN DASAR",
            "id_bidang_urusan": 211,
            "kode_bidang_urusan": "2.11",
            "nama_bidang_urusan": "URUSAN PEMERINTAHAN BIDANG LINGKUNGAN HIDUP",
            "id_sub_skpd": 695,
            "kode_sub_skpd": "2.11.0.00.0.00.01.0000",
            "nama_sub_skpd": "Dinas Lingkungan Hidup",
            "set_pagu_user": 599,
            "set_pagu_at": "Thu, 03 Jul 2025 12:11:25 GMT",
            "id_program": 4451,
            "kode_program": "2.11.01",
            "nama_program": "PROGRAM PENUNJANG URUSAN PEMERINTAHAN DAERAH KABUPATEN/KOTA",
            "id_giat": 18371,
            "kode_giat": "2.11.01.2.01",
            "nama_giat": "Perencanaan, Penganggaran, dan Evaluasi Kinerja Perangkat Daerah",
            "pagu_giat": 174075000.0,
            "rinci_giat": null,
            "id_sub_giat": 60592,
            "kode_sub_giat": "2.11.01.2.01.0004",
            "nama_sub_giat": "Koordinasi dan Penyusunan DPA-SKPD",
            "pagu": 13225000.0,
            "pagu_indikatif": 13225000.0,
            "rincian": null,
            "kode_bl": "695.695.4451.18371",
            "kode_sbl": "695.695.4451.18371.60592",
            "kunci_bl": 1,
            "kunci_bl_rinci": 1,
            "user_created": "MAMAN SUHERMAN,S.STP",
            "created_date": "30-01-2025",
            "created_time": "09:05",
            "user_updated": "Parpen Siregar, S.TP, M.Si",
            "updated_date": "03-07-2025",
            "updated_time": "11:41",
            "is_locked": 0
        },
        {
            "id_sub_bl": 61140,
            "id_daerah": 473,
            "tahun": 2026,
            "id_unit": 695,
            "id_skpd": 695,
            "created_user": 6945,
            "kode_skpd": "2.11.0.00.0.00.01.0000",
            "nama_skpd": "Dinas Lingkungan Hidup",
            "id_urusan": 12,
            "kode_urusan": "2",
            "nama_urusan": "URUSAN PEMERINTAHAN WAJIB YANG TIDAK BERKAITAN DENGAN PELAYANAN DASAR",
            "id_bidang_urusan": 211,
            "kode_bidang_urusan": "2.11",
            "nama_bidang_urusan": "URUSAN PEMERINTAHAN BIDANG LINGKUNGAN HIDUP",
            "id_sub_skpd": 695,
            "kode_sub_skpd": "2.11.0.00.0.00.01.0000",
            "nama_sub_skpd": "Dinas Lingkungan Hidup",
            "set_pagu_user": 599,
            "set_pagu_at": "Thu, 03 Jul 2025 12:11:25 GMT",
            "id_program": 4451,
            "kode_program": "2.11.01",
            "nama_program": "PROGRAM PENUNJANG URUSAN PEMERINTAHAN DAERAH KABUPATEN/KOTA",
            "id_giat": 18371,
            "kode_giat": "2.11.01.2.01",
            "nama_giat": "Perencanaan, Penganggaran, dan Evaluasi Kinerja Perangkat Daerah",
            "pagu_giat": 174075000.0,
            "rinci_giat": null,
            "id_sub_giat": 60594,
            "kode_sub_giat": "2.11.01.2.01.0006",
            "nama_sub_giat": "Koordinasi dan Penyusunan Laporan Capaian Kinerja dan Ikhtisar Realisasi Kinerja SKPD",
            "pagu": 18225000.0,
            "pagu_indikatif": 18225000.0,
            "rincian": null,
            "kode_bl": "695.695.4451.18371",
            "kode_sbl": "695.695.4451.18371.60594",
            "kunci_bl": 1,
            "kunci_bl_rinci": 1,
            "user_created": "MAMAN SUHERMAN,S.STP",
            "created_date": "30-01-2025",
            "created_time": "09:07",
            "user_updated": "Parpen Siregar, S.TP, M.Si",
            "updated_date": "03-07-2025",
            "updated_time": "11:42",
            "is_locked": 0
        },
        {
            "id_sub_bl": 61142,
            "id_daerah": 473,
            "tahun": 2026,
            "id_unit": 695,
            "id_skpd": 695,
            "created_user": 6945,
            "kode_skpd": "2.11.0.00.0.00.01.0000",
            "nama_skpd": "Dinas Lingkungan Hidup",
            "id_urusan": 12,
            "kode_urusan": "2",
            "nama_urusan": "URUSAN PEMERINTAHAN WAJIB YANG TIDAK BERKAITAN DENGAN PELAYANAN DASAR",
            "id_bidang_urusan": 211,
            "kode_bidang_urusan": "2.11",
            "nama_bidang_urusan": "URUSAN PEMERINTAHAN BIDANG LINGKUNGAN HIDUP",
            "id_sub_skpd": 695,
            "kode_sub_skpd": "2.11.0.00.0.00.01.0000",
            "nama_sub_skpd": "Dinas Lingkungan Hidup",
            "set_pagu_user": 599,
            "set_pagu_at": "Thu, 03 Jul 2025 12:11:25 GMT",
            "id_program": 4451,
            "kode_program": "2.11.01",
            "nama_program": "PROGRAM PENUNJANG URUSAN PEMERINTAHAN DAERAH KABUPATEN/KOTA",
            "id_giat": 18371,
            "kode_giat": "2.11.01.2.01",
            "nama_giat": "Perencanaan, Penganggaran, dan Evaluasi Kinerja Perangkat Daerah",
            "pagu_giat": 174075000.0,
            "rinci_giat": null,
            "id_sub_giat": 60595,
            "kode_sub_giat": "2.11.01.2.01.0007",
            "nama_sub_giat": "Evaluasi Kinerja Perangkat Daerah",
            "pagu": 15225000.0,
            "pagu_indikatif": 15225000.0,
            "rincian": null,
            "kode_bl": "695.695.4451.18371",
            "kode_sbl": "695.695.4451.18371.60595",
            "kunci_bl": 1,
            "kunci_bl_rinci": 1,
            "user_created": "MAMAN SUHERMAN,S.STP",
            "created_date": "30-01-2025",
            "created_time": "09:09",
            "user_updated": "Parpen Siregar, S.TP, M.Si",
            "updated_date": "03-07-2025",
            "updated_time": "11:44",
            "is_locked": 0
        },
        {
            "id_sub_bl": 61470,
            "id_daerah": 473,
            "tahun": 2026,
            "id_unit": 695,
            "id_skpd": 695,
            "created_user": 6945,
            "kode_skpd": "2.11.0.00.0.00.01.0000",
            "nama_skpd": "Dinas Lingkungan Hidup",
            "id_urusan": 12,
            "kode_urusan": "2",
            "nama_urusan": "URUSAN PEMERINTAHAN WAJIB YANG TIDAK BERKAITAN DENGAN PELAYANAN DASAR",
            "id_bidang_urusan": 211,
            "kode_bidang_urusan": "2.11",
            "nama_bidang_urusan": "URUSAN PEMERINTAHAN BIDANG LINGKUNGAN HIDUP",
            "id_sub_skpd": 695,
            "kode_sub_skpd": "2.11.0.00.0.00.01.0000",
            "nama_sub_skpd": "Dinas Lingkungan Hidup",
            "set_pagu_user": 599,
            "set_pagu_at": "Thu, 03 Jul 2025 12:11:25 GMT",
            "id_program": 4451,
            "kode_program": "2.11.01",
            "nama_program": "PROGRAM PENUNJANG URUSAN PEMERINTAHAN DAERAH KABUPATEN/KOTA",
            "id_giat": 18372,
            "kode_giat": "2.11.01.2.02",
            "nama_giat": "Administrasi Keuangan Perangkat Daerah",
            "pagu_giat": 3972814808.0,
            "rinci_giat": null,
            "id_sub_giat": 60602,
            "kode_sub_giat": "2.11.01.2.02.0001",
            "nama_sub_giat": "Penyediaan Gaji dan Tunjangan ASN",
            "pagu": 3801814808.0,
            "pagu_indikatif": 3801814808.0,
            "rincian": null,
            "kode_bl": "695.695.4451.18372",
            "kode_sbl": "695.695.4451.18372.60602",
            "kunci_bl": 1,
            "kunci_bl_rinci": 1,
            "user_created": "MAMAN SUHERMAN,S.STP",
            "created_date": "30-01-2025",
            "created_time": "11:21",
            "user_updated": "Parpen Siregar, S.TP, M.Si",
            "updated_date": "03-07-2025",
            "updated_time": "11:47",
            "is_locked": 0
        },
        {
            "id_sub_bl": 61151,
            "id_daerah": 473,
            "tahun": 2026,
            "id_unit": 695,
            "id_skpd": 695,
            "created_user": 6945,
            "kode_skpd": "2.11.0.00.0.00.01.0000",
            "nama_skpd": "Dinas Lingkungan Hidup",
            "id_urusan": 12,
            "kode_urusan": "2",
            "nama_urusan": "URUSAN PEMERINTAHAN WAJIB YANG TIDAK BERKAITAN DENGAN PELAYANAN DASAR",
            "id_bidang_urusan": 211,
            "kode_bidang_urusan": "2.11",
            "nama_bidang_urusan": "URUSAN PEMERINTAHAN BIDANG LINGKUNGAN HIDUP",
            "id_sub_skpd": 695,
            "kode_sub_skpd": "2.11.0.00.0.00.01.0000",
            "nama_sub_skpd": "Dinas Lingkungan Hidup",
            "set_pagu_user": 599,
            "set_pagu_at": "Thu, 03 Jul 2025 12:11:25 GMT",
            "id_program": 4451,
            "kode_program": "2.11.01",
            "nama_program": "PROGRAM PENUNJANG URUSAN PEMERINTAHAN DAERAH KABUPATEN/KOTA",
            "id_giat": 18372,
            "kode_giat": "2.11.01.2.02",
            "nama_giat": "Administrasi Keuangan Perangkat Daerah",
            "pagu_giat": 3972814808.0,
            "rinci_giat": null,
            "id_sub_giat": 60604,
            "kode_sub_giat": "2.11.01.2.02.0003",
            "nama_sub_giat": "Pelaksanaan Penatausahaan dan\r\n\nPengujian/Verifikasi Keuangan SKPD",
            "pagu": 76000000.0,
            "pagu_indikatif": 76000000.0,
            "rincian": null,
            "kode_bl": "695.695.4451.18372",
            "kode_sbl": "695.695.4451.18372.60604",
            "kunci_bl": 1,
            "kunci_bl_rinci": 1,
            "user_created": "MAMAN SUHERMAN,S.STP",
            "created_date": "30-01-2025",
            "created_time": "09:14",
            "user_updated": "Parpen Siregar, S.TP, M.Si",
            "updated_date": "03-07-2025",
            "updated_time": "11:50",
            "is_locked": 0
        },
        {
            "id_sub_bl": 61154,
            "id_daerah": 473,
            "tahun": 2026,
            "id_unit": 695,
            "id_skpd": 695,
            "created_user": 6945,
            "kode_skpd": "2.11.0.00.0.00.01.0000",
            "nama_skpd": "Dinas Lingkungan Hidup",
            "id_urusan": 12,
            "kode_urusan": "2",
            "nama_urusan": "URUSAN PEMERINTAHAN WAJIB YANG TIDAK BERKAITAN DENGAN PELAYANAN DASAR",
            "id_bidang_urusan": 211,
            "kode_bidang_urusan": "2.11",
            "nama_bidang_urusan": "URUSAN PEMERINTAHAN BIDANG LINGKUNGAN HIDUP",
            "id_sub_skpd": 695,
            "kode_sub_skpd": "2.11.0.00.0.00.01.0000",
            "nama_sub_skpd": "Dinas Lingkungan Hidup",
            "set_pagu_user": 599,
            "set_pagu_at": "Thu, 03 Jul 2025 12:11:25 GMT",
            "id_program": 4451,
            "kode_program": "2.11.01",
            "nama_program": "PROGRAM PENUNJANG URUSAN PEMERINTAHAN DAERAH KABUPATEN/KOTA",
            "id_giat": 18372,
            "kode_giat": "2.11.01.2.02",
            "nama_giat": "Administrasi Keuangan Perangkat Daerah",
            "pagu_giat": 3972814808.0,
            "rinci_giat": null,
            "id_sub_giat": 60606,
            "kode_sub_giat": "2.11.01.2.02.0005",
            "nama_sub_giat": "Koordinasi dan Penyusunan Laporan Keuangan Akhir Tahun SKPD",
            "pagu": 65000000.0,
            "pagu_indikatif": 65000000.0,
            "rincian": null,
            "kode_bl": "695.695.4451.18372",
            "kode_sbl": "695.695.4451.18372.60606",
            "kunci_bl": 1,
            "kunci_bl_rinci": 1,
            "user_created": "MAMAN SUHERMAN,S.STP",
            "created_date": "30-01-2025",
            "created_time": "09:16",
            "user_updated": "Parpen Siregar, S.TP, M.Si",
            "updated_date": "03-07-2025",
            "updated_time": "11:51",
            "is_locked": 0
        },
        {
            "id_sub_bl": 77164,
            "id_daerah": 473,
            "tahun": 2026,
            "id_unit": 695,
            "id_skpd": 695,
            "created_user": 599,
            "kode_skpd": "2.11.0.00.0.00.01.0000",
            "nama_skpd": "Dinas Lingkungan Hidup",
            "id_urusan": 12,
            "kode_urusan": "2",
            "nama_urusan": "URUSAN PEMERINTAHAN WAJIB YANG TIDAK BERKAITAN DENGAN PELAYANAN DASAR",
            "id_bidang_urusan": 211,
            "kode_bidang_urusan": "2.11",
            "nama_bidang_urusan": "URUSAN PEMERINTAHAN BIDANG LINGKUNGAN HIDUP",
            "id_sub_skpd": 695,
            "kode_sub_skpd": "2.11.0.00.0.00.01.0000",
            "nama_sub_skpd": "Dinas Lingkungan Hidup",
            "set_pagu_user": 599,
            "set_pagu_at": "Thu, 03 Jul 2025 12:11:25 GMT",
            "id_program": 4451,
            "kode_program": "2.11.01",
            "nama_program": "PROGRAM PENUNJANG URUSAN PEMERINTAHAN DAERAH KABUPATEN/KOTA",
            "id_giat": 18372,
            "kode_giat": "2.11.01.2.02",
            "nama_giat": "Administrasi Keuangan Perangkat Daerah",
            "pagu_giat": 3972814808.0,
            "rinci_giat": null,
            "id_sub_giat": 60608,
            "kode_sub_giat": "2.11.01.2.02.0007",
            "nama_sub_giat": "Koordinasi dan Penyusunan Laporan Keuangan Bulanan/ Triwulanan/ Semesteran SKPD",
            "pagu": 15000000.0,
            "pagu_indikatif": 15000000.0,
            "rincian": null,
            "kode_bl": "695.695.4451.18372",
            "kode_sbl": "695.695.4451.18372.60608",
            "kunci_bl": 1,
            "kunci_bl_rinci": 1,
            "user_created": "Parpen Siregar, S.TP, M.Si",
            "created_date": "26-06-2025",
            "created_time": "10:02",
            "user_updated": "Parpen Siregar, S.TP, M.Si",
            "updated_date": "03-07-2025",
            "updated_time": "12:01",
            "is_locked": 0
        },
        {
            "id_sub_bl": 61158,
            "id_daerah": 473,
            "tahun": 2026,
            "id_unit": 695,
            "id_skpd": 695,
            "created_user": 6945,
            "kode_skpd": "2.11.0.00.0.00.01.0000",
            "nama_skpd": "Dinas Lingkungan Hidup",
            "id_urusan": 12,
            "kode_urusan": "2",
            "nama_urusan": "URUSAN PEMERINTAHAN WAJIB YANG TIDAK BERKAITAN DENGAN PELAYANAN DASAR",
            "id_bidang_urusan": 211,
            "kode_bidang_urusan": "2.11",
            "nama_bidang_urusan": "URUSAN PEMERINTAHAN BIDANG LINGKUNGAN HIDUP",
            "id_sub_skpd": 695,
            "kode_sub_skpd": "2.11.0.00.0.00.01.0000",
            "nama_sub_skpd": "Dinas Lingkungan Hidup",
            "set_pagu_user": 599,
            "set_pagu_at": "Thu, 03 Jul 2025 12:11:25 GMT",
            "id_program": 4451,
            "kode_program": "2.11.01",
            "nama_program": "PROGRAM PENUNJANG URUSAN PEMERINTAHAN DAERAH KABUPATEN/KOTA",
            "id_giat": 18373,
            "kode_giat": "2.11.01.2.03",
            "nama_giat": "Administrasi Barang Milik Daerah pada Perangkat Daerah",
            "pagu_giat": 38000000.0,
            "rinci_giat": null,
            "id_sub_giat": 60615,
            "kode_sub_giat": "2.11.01.2.03.0006",
            "nama_sub_giat": "Penatausahaan Barang Milik Daerah pada SKPD",
            "pagu": 38000000.0,
            "pagu_indikatif": 38000000.0,
            "rincian": null,
            "kode_bl": "695.695.4451.18373",
            "kode_sbl": "695.695.4451.18373.60615",
            "kunci_bl": 1,
            "kunci_bl_rinci": 1,
            "user_created": "MAMAN SUHERMAN,S.STP",
            "created_date": "30-01-2025",
            "created_time": "09:17",
            "user_updated": "Parpen Siregar, S.TP, M.Si",
            "updated_date": "03-07-2025",
            "updated_time": "12:02",
            "is_locked": 0
        },
        {
            "id_sub_bl": 61533,
            "id_daerah": 473,
            "tahun": 2026,
            "id_unit": 695,
            "id_skpd": 695,
            "created_user": 6945,
            "kode_skpd": "2.11.0.00.0.00.01.0000",
            "nama_skpd": "Dinas Lingkungan Hidup",
            "id_urusan": 12,
            "kode_urusan": "2",
            "nama_urusan": "URUSAN PEMERINTAHAN WAJIB YANG TIDAK BERKAITAN DENGAN PELAYANAN DASAR",
            "id_bidang_urusan": 211,
            "kode_bidang_urusan": "2.11",
            "nama_bidang_urusan": "URUSAN PEMERINTAHAN BIDANG LINGKUNGAN HIDUP",
            "id_sub_skpd": 695,
            "kode_sub_skpd": "2.11.0.00.0.00.01.0000",
            "nama_sub_skpd": "Dinas Lingkungan Hidup",
            "set_pagu_user": 599,
            "set_pagu_at": "Thu, 03 Jul 2025 12:11:25 GMT",
            "id_program": 4451,
            "kode_program": "2.11.01",
            "nama_program": "PROGRAM PENUNJANG URUSAN PEMERINTAHAN DAERAH KABUPATEN/KOTA",
            "id_giat": 18375,
            "kode_giat": "2.11.01.2.05",
            "nama_giat": "Administrasi Kepegawaian Perangkat Daerah",
            "pagu_giat": 40000000.0,
            "rinci_giat": null,
            "id_sub_giat": 60632,
            "kode_sub_giat": "2.11.01.2.05.0009",
            "nama_sub_giat": "Pendidikan dan Pelatihan Pegawai Berdasarkan Tugas dan Fungsi",
            "pagu": 40000000.0,
            "pagu_indikatif": 40000000.0,
            "rincian": null,
            "kode_bl": "695.695.4451.18375",
            "kode_sbl": "695.695.4451.18375.60632",
            "kunci_bl": 1,
            "kunci_bl_rinci": 1,
            "user_created": "MAMAN SUHERMAN,S.STP",
            "created_date": "30-01-2025",
            "created_time": "12:21",
            "user_updated": "Parpen Siregar, S.TP, M.Si",
            "updated_date": "03-07-2025",
            "updated_time": "12:02",
            "is_locked": 0
        },
        {
            "id_sub_bl": 61165,
            "id_daerah": 473,
            "tahun": 2026,
            "id_unit": 695,
            "id_skpd": 695,
            "created_user": 6945,
            "kode_skpd": "2.11.0.00.0.00.01.0000",
            "nama_skpd": "Dinas Lingkungan Hidup",
            "id_urusan": 12,
            "kode_urusan": "2",
            "nama_urusan": "URUSAN PEMERINTAHAN WAJIB YANG TIDAK BERKAITAN DENGAN PELAYANAN DASAR",
            "id_bidang_urusan": 211,
            "kode_bidang_urusan": "2.11",
            "nama_bidang_urusan": "URUSAN PEMERINTAHAN BIDANG LINGKUNGAN HIDUP",
            "id_sub_skpd": 695,
            "kode_sub_skpd": "2.11.0.00.0.00.01.0000",
            "nama_sub_skpd": "Dinas Lingkungan Hidup",
            "set_pagu_user": 599,
            "set_pagu_at": "Thu, 03 Jul 2025 12:11:25 GMT",
            "id_program": 4451,
            "kode_program": "2.11.01",
            "nama_program": "PROGRAM PENUNJANG URUSAN PEMERINTAHAN DAERAH KABUPATEN/KOTA",
            "id_giat": 18376,
            "kode_giat": "2.11.01.2.06",
            "nama_giat": "Administrasi Umum Perangkat Daerah",
            "pagu_giat": 145900000.0,
            "rinci_giat": null,
            "id_sub_giat": 60635,
            "kode_sub_giat": "2.11.01.2.06.0001",
            "nama_sub_giat": "Penyediaan Komponen Instalasi\r\n\nListrik/Penerangan Bangunan Kantor",
            "pagu": 2380000.0,
            "pagu_indikatif": 2380000.0,
            "rincian": null,
            "kode_bl": "695.695.4451.18376",
            "kode_sbl": "695.695.4451.18376.60635",
            "kunci_bl": 1,
            "kunci_bl_rinci": 1,
            "user_created": "MAMAN SUHERMAN,S.STP",
            "created_date": "30-01-2025",
            "created_time": "09:19",
            "user_updated": "Parpen Siregar, S.TP, M.Si",
            "updated_date": "03-07-2025",
            "updated_time": "12:03",
            "is_locked": 0
        },
        {
            "id_sub_bl": 61178,
            "id_daerah": 473,
            "tahun": 2026,
            "id_unit": 695,
            "id_skpd": 695,
            "created_user": 6945,
            "kode_skpd": "2.11.0.00.0.00.01.0000",
            "nama_skpd": "Dinas Lingkungan Hidup",
            "id_urusan": 12,
            "kode_urusan": "2",
            "nama_urusan": "URUSAN PEMERINTAHAN WAJIB YANG TIDAK BERKAITAN DENGAN PELAYANAN DASAR",
            "id_bidang_urusan": 211,
            "kode_bidang_urusan": "2.11",
            "nama_bidang_urusan": "URUSAN PEMERINTAHAN BIDANG LINGKUNGAN HIDUP",
            "id_sub_skpd": 695,
            "kode_sub_skpd": "2.11.0.00.0.00.01.0000",
            "nama_sub_skpd": "Dinas Lingkungan Hidup",
            "set_pagu_user": 599,
            "set_pagu_at": "Thu, 03 Jul 2025 12:11:25 GMT",
            "id_program": 4451,
            "kode_program": "2.11.01",
            "nama_program": "PROGRAM PENUNJANG URUSAN PEMERINTAHAN DAERAH KABUPATEN/KOTA",
            "id_giat": 18376,
            "kode_giat": "2.11.01.2.06",
            "nama_giat": "Administrasi Umum Perangkat Daerah",
            "pagu_giat": 145900000.0,
            "rinci_giat": null,
            "id_sub_giat": 60638,
            "kode_sub_giat": "2.11.01.2.06.0004",
            "nama_sub_giat": "Penyediaan Bahan Logistik Kantor",
            "pagu": 45000000.0,
            "pagu_indikatif": 45000000.0,
            "rincian": null,
            "kode_bl": "695.695.4451.18376",
            "kode_sbl": "695.695.4451.18376.60638",
            "kunci_bl": 1,
            "kunci_bl_rinci": 1,
            "user_created": "MAMAN SUHERMAN,S.STP",
            "created_date": "30-01-2025",
            "created_time": "09:23",
            "user_updated": "Parpen Siregar, S.TP, M.Si",
            "updated_date": "03-07-2025",
            "updated_time": "12:06",
            "is_locked": 0
        },
        {
            "id_sub_bl": 61184,
            "id_daerah": 473,
            "tahun": 2026,
            "id_unit": 695,
            "id_skpd": 695,
            "created_user": 6945,
            "kode_skpd": "2.11.0.00.0.00.01.0000",
            "nama_skpd": "Dinas Lingkungan Hidup",
            "id_urusan": 12,
            "kode_urusan": "2",
            "nama_urusan": "URUSAN PEMERINTAHAN WAJIB YANG TIDAK BERKAITAN DENGAN PELAYANAN DASAR",
            "id_bidang_urusan": 211,
            "kode_bidang_urusan": "2.11",
            "nama_bidang_urusan": "URUSAN PEMERINTAHAN BIDANG LINGKUNGAN HIDUP",
            "id_sub_skpd": 695,
            "kode_sub_skpd": "2.11.0.00.0.00.01.0000",
            "nama_sub_skpd": "Dinas Lingkungan Hidup",
            "set_pagu_user": 599,
            "set_pagu_at": "Thu, 03 Jul 2025 12:11:25 GMT",
            "id_program": 4451,
            "kode_program": "2.11.01",
            "nama_program": "PROGRAM PENUNJANG URUSAN PEMERINTAHAN DAERAH KABUPATEN/KOTA",
            "id_giat": 18376,
            "kode_giat": "2.11.01.2.06",
            "nama_giat": "Administrasi Umum Perangkat Daerah",
            "pagu_giat": 145900000.0,
            "rinci_giat": null,
            "id_sub_giat": 60639,
            "kode_sub_giat": "2.11.01.2.06.0005",
            "nama_sub_giat": "Penyediaan Barang Cetakan dan Penggandaan",
            "pagu": 12000000.0,
            "pagu_indikatif": 12000000.0,
            "rincian": null,
            "kode_bl": "695.695.4451.18376",
            "kode_sbl": "695.695.4451.18376.60639",
            "kunci_bl": 1,
            "kunci_bl_rinci": 1,
            "user_created": "MAMAN SUHERMAN,S.STP",
            "created_date": "30-01-2025",
            "created_time": "09:24",
            "user_updated": "Parpen Siregar, S.TP, M.Si",
            "updated_date": "03-07-2025",
            "updated_time": "12:06",
            "is_locked": 0
        },
        {
            "id_sub_bl": 61220,
            "id_daerah": 473,
            "tahun": 2026,
            "id_unit": 695,
            "id_skpd": 695,
            "created_user": 6945,
            "kode_skpd": "2.11.0.00.0.00.01.0000",
            "nama_skpd": "Dinas Lingkungan Hidup",
            "id_urusan": 12,
            "kode_urusan": "2",
            "nama_urusan": "URUSAN PEMERINTAHAN WAJIB YANG TIDAK BERKAITAN DENGAN PELAYANAN DASAR",
            "id_bidang_urusan": 211,
            "kode_bidang_urusan": "2.11",
            "nama_bidang_urusan": "URUSAN PEMERINTAHAN BIDANG LINGKUNGAN HIDUP",
            "id_sub_skpd": 695,
            "kode_sub_skpd": "2.11.0.00.0.00.01.0000",
            "nama_sub_skpd": "Dinas Lingkungan Hidup",
            "set_pagu_user": 599,
            "set_pagu_at": "Thu, 03 Jul 2025 12:11:25 GMT",
            "id_program": 4451,
            "kode_program": "2.11.01",
            "nama_program": "PROGRAM PENUNJANG URUSAN PEMERINTAHAN DAERAH KABUPATEN/KOTA",
            "id_giat": 18376,
            "kode_giat": "2.11.01.2.06",
            "nama_giat": "Administrasi Umum Perangkat Daerah",
            "pagu_giat": 145900000.0,
            "rinci_giat": null,
            "id_sub_giat": 60640,
            "kode_sub_giat": "2.11.01.2.06.0006",
            "nama_sub_giat": "Penyediaan Bahan Bacaan dan Peraturan Perundang-undangan",
            "pagu": 11520000.0,
            "pagu_indikatif": 11520000.0,
            "rincian": null,
            "kode_bl": "695.695.4451.18376",
            "kode_sbl": "695.695.4451.18376.60640",
            "kunci_bl": 1,
            "kunci_bl_rinci": 1,
            "user_created": "MAMAN SUHERMAN,S.STP",
            "created_date": "30-01-2025",
            "created_time": "09:34",
            "user_updated": "Parpen Siregar, S.TP, M.Si",
            "updated_date": "03-07-2025",
            "updated_time": "12:07",
            "is_locked": 0
        },
        {
            "id_sub_bl": 61234,
            "id_daerah": 473,
            "tahun": 2026,
            "id_unit": 695,
            "id_skpd": 695,
            "created_user": 6945,
            "kode_skpd": "2.11.0.00.0.00.01.0000",
            "nama_skpd": "Dinas Lingkungan Hidup",
            "id_urusan": 12,
            "kode_urusan": "2",
            "nama_urusan": "URUSAN PEMERINTAHAN WAJIB YANG TIDAK BERKAITAN DENGAN PELAYANAN DASAR",
            "id_bidang_urusan": 211,
            "kode_bidang_urusan": "2.11",
            "nama_bidang_urusan": "URUSAN PEMERINTAHAN BIDANG LINGKUNGAN HIDUP",
            "id_sub_skpd": 695,
            "kode_sub_skpd": "2.11.0.00.0.00.01.0000",
            "nama_sub_skpd": "Dinas Lingkungan Hidup",
            "set_pagu_user": 599,
            "set_pagu_at": "Thu, 03 Jul 2025 12:11:25 GMT",
            "id_program": 4451,
            "kode_program": "2.11.01",
            "nama_program": "PROGRAM PENUNJANG URUSAN PEMERINTAHAN DAERAH KABUPATEN/KOTA",
            "id_giat": 18376,
            "kode_giat": "2.11.01.2.06",
            "nama_giat": "Administrasi Umum Perangkat Daerah",
            "pagu_giat": 145900000.0,
            "rinci_giat": null,
            "id_sub_giat": 60643,
            "kode_sub_giat": "2.11.01.2.06.0009",
            "nama_sub_giat": "Penyelenggaraan Rapat Koordinasi dan Konsultasi SKPD",
            "pagu": 75000000.0,
            "pagu_indikatif": 75000000.0,
            "rincian": null,
            "kode_bl": "695.695.4451.18376",
            "kode_sbl": "695.695.4451.18376.60643",
            "kunci_bl": 1,
            "kunci_bl_rinci": 1,
            "user_created": "MAMAN SUHERMAN,S.STP",
            "created_date": "30-01-2025",
            "created_time": "09:38",
            "user_updated": "Parpen Siregar, S.TP, M.Si",
            "updated_date": "03-07-2025",
            "updated_time": "12:07",
            "is_locked": 0
        },
        {
            "id_sub_bl": 61249,
            "id_daerah": 473,
            "tahun": 2026,
            "id_unit": 695,
            "id_skpd": 695,
            "created_user": 6945,
            "kode_skpd": "2.11.0.00.0.00.01.0000",
            "nama_skpd": "Dinas Lingkungan Hidup",
            "id_urusan": 12,
            "kode_urusan": "2",
            "nama_urusan": "URUSAN PEMERINTAHAN WAJIB YANG TIDAK BERKAITAN DENGAN PELAYANAN DASAR",
            "id_bidang_urusan": 211,
            "kode_bidang_urusan": "2.11",
            "nama_bidang_urusan": "URUSAN PEMERINTAHAN BIDANG LINGKUNGAN HIDUP",
            "id_sub_skpd": 695,
            "kode_sub_skpd": "2.11.0.00.0.00.01.0000",
            "nama_sub_skpd": "Dinas Lingkungan Hidup",
            "set_pagu_user": 599,
            "set_pagu_at": "Thu, 03 Jul 2025 12:11:25 GMT",
            "id_program": 4451,
            "kode_program": "2.11.01",
            "nama_program": "PROGRAM PENUNJANG URUSAN PEMERINTAHAN DAERAH KABUPATEN/KOTA",
            "id_giat": 18377,
            "kode_giat": "2.11.01.2.07",
            "nama_giat": "Pengadaan Barang Milik Daerah Penunjang Urusan Pemerintah Daerah",
            "pagu_giat": 30000000.0,
            "rinci_giat": null,
            "id_sub_giat": 60651,
            "kode_sub_giat": "2.11.01.2.07.0006",
            "nama_sub_giat": "Pengadaan Peralatan dan Mesin Lainnya",
            "pagu": 30000000.0,
            "pagu_indikatif": 30000000.0,
            "rincian": null,
            "kode_bl": "695.695.4451.18377",
            "kode_sbl": "695.695.4451.18377.60651",
            "kunci_bl": 1,
            "kunci_bl_rinci": 1,
            "user_created": "MAMAN SUHERMAN,S.STP",
            "created_date": "30-01-2025",
            "created_time": "09:42",
            "user_updated": "Parpen Siregar, S.TP, M.Si",
            "updated_date": "03-07-2025",
            "updated_time": "12:07",
            "is_locked": 0
        },
        {
            "id_sub_bl": 61257,
            "id_daerah": 473,
            "tahun": 2026,
            "id_unit": 695,
            "id_skpd": 695,
            "created_user": 6945,
            "kode_skpd": "2.11.0.00.0.00.01.0000",
            "nama_skpd": "Dinas Lingkungan Hidup",
            "id_urusan": 12,
            "kode_urusan": "2",
            "nama_urusan": "URUSAN PEMERINTAHAN WAJIB YANG TIDAK BERKAITAN DENGAN PELAYANAN DASAR",
            "id_bidang_urusan": 211,
            "kode_bidang_urusan": "2.11",
            "nama_bidang_urusan": "URUSAN PEMERINTAHAN BIDANG LINGKUNGAN HIDUP",
            "id_sub_skpd": 695,
            "kode_sub_skpd": "2.11.0.00.0.00.01.0000",
            "nama_sub_skpd": "Dinas Lingkungan Hidup",
            "set_pagu_user": 599,
            "set_pagu_at": "Thu, 03 Jul 2025 12:11:25 GMT",
            "id_program": 4451,
            "kode_program": "2.11.01",
            "nama_program": "PROGRAM PENUNJANG URUSAN PEMERINTAHAN DAERAH KABUPATEN/KOTA",
            "id_giat": 18378,
            "kode_giat": "2.11.01.2.08",
            "nama_giat": "Penyediaan Jasa Penunjang Urusan Pemerintahan Daerah",
            "pagu_giat": 144200000.0,
            "rinci_giat": null,
            "id_sub_giat": 60658,
            "kode_sub_giat": "2.11.01.2.08.0002",
            "nama_sub_giat": "Penyediaan Jasa Komunikasi, Sumber Daya Air dan Listrik",
            "pagu": 75000000.0,
            "pagu_indikatif": 75000000.0,
            "rincian": null,
            "kode_bl": "695.695.4451.18378",
            "kode_sbl": "695.695.4451.18378.60658",
            "kunci_bl": 1,
            "kunci_bl_rinci": 1,
            "user_created": "MAMAN SUHERMAN,S.STP",
            "created_date": "30-01-2025",
            "created_time": "09:45",
            "user_updated": "Parpen Siregar, S.TP, M.Si",
            "updated_date": "03-07-2025",
            "updated_time": "12:08",
            "is_locked": 0
        },
        {
            "id_sub_bl": 61260,
            "id_daerah": 473,
            "tahun": 2026,
            "id_unit": 695,
            "id_skpd": 695,
            "created_user": 6945,
            "kode_skpd": "2.11.0.00.0.00.01.0000",
            "nama_skpd": "Dinas Lingkungan Hidup",
            "id_urusan": 12,
            "kode_urusan": "2",
            "nama_urusan": "URUSAN PEMERINTAHAN WAJIB YANG TIDAK BERKAITAN DENGAN PELAYANAN DASAR",
            "id_bidang_urusan": 211,
            "kode_bidang_urusan": "2.11",
            "nama_bidang_urusan": "URUSAN PEMERINTAHAN BIDANG LINGKUNGAN HIDUP",
            "id_sub_skpd": 695,
            "kode_sub_skpd": "2.11.0.00.0.00.01.0000",
            "nama_sub_skpd": "Dinas Lingkungan Hidup",
            "set_pagu_user": 599,
            "set_pagu_at": "Thu, 03 Jul 2025 12:11:25 GMT",
            "id_program": 4451,
            "kode_program": "2.11.01",
            "nama_program": "PROGRAM PENUNJANG URUSAN PEMERINTAHAN DAERAH KABUPATEN/KOTA",
            "id_giat": 18378,
            "kode_giat": "2.11.01.2.08",
            "nama_giat": "Penyediaan Jasa Penunjang Urusan Pemerintahan Daerah",
            "pagu_giat": 144200000.0,
            "rinci_giat": null,
            "id_sub_giat": 60660,
            "kode_sub_giat": "2.11.01.2.08.0004",
            "nama_sub_giat": "Penyediaan Jasa Pelayanan Umum Kantor",
            "pagu": 69200000.0,
            "pagu_indikatif": 69200000.0,
            "rincian": null,
            "kode_bl": "695.695.4451.18378",
            "kode_sbl": "695.695.4451.18378.60660",
            "kunci_bl": 1,
            "kunci_bl_rinci": 1,
            "user_created": "MAMAN SUHERMAN,S.STP",
            "created_date": "30-01-2025",
            "created_time": "09:46",
            "user_updated": "Parpen Siregar, S.TP, M.Si",
            "updated_date": "03-07-2025",
            "updated_time": "12:08",
            "is_locked": 0
        },
        {
            "id_sub_bl": 61265,
            "id_daerah": 473,
            "tahun": 2026,
            "id_unit": 695,
            "id_skpd": 695,
            "created_user": 6945,
            "kode_skpd": "2.11.0.00.0.00.01.0000",
            "nama_skpd": "Dinas Lingkungan Hidup",
            "id_urusan": 12,
            "kode_urusan": "2",
            "nama_urusan": "URUSAN PEMERINTAHAN WAJIB YANG TIDAK BERKAITAN DENGAN PELAYANAN DASAR",
            "id_bidang_urusan": 211,
            "kode_bidang_urusan": "2.11",
            "nama_bidang_urusan": "URUSAN PEMERINTAHAN BIDANG LINGKUNGAN HIDUP",
            "id_sub_skpd": 695,
            "kode_sub_skpd": "2.11.0.00.0.00.01.0000",
            "nama_sub_skpd": "Dinas Lingkungan Hidup",
            "set_pagu_user": 599,
            "set_pagu_at": "Thu, 03 Jul 2025 12:11:25 GMT",
            "id_program": 4451,
            "kode_program": "2.11.01",
            "nama_program": "PROGRAM PENUNJANG URUSAN PEMERINTAHAN DAERAH KABUPATEN/KOTA",
            "id_giat": 18379,
            "kode_giat": "2.11.01.2.09",
            "nama_giat": "Pemeliharaan Barang Milik Daerah Penunjang Urusan Pemerintahan Daerah",
            "pagu_giat": 102500000.0,
            "rinci_giat": null,
            "id_sub_giat": 60662,
            "kode_sub_giat": "2.11.01.2.09.0002",
            "nama_sub_giat": "Penyediaan Jasa Pemeliharaan, Biaya Pemeliharaan, Pajak dan Perizinan Kendaraan Dinas Operasional atau Lapangan",
            "pagu": 60000000.0,
            "pagu_indikatif": 60000000.0,
            "rincian": null,
            "kode_bl": "695.695.4451.18379",
            "kode_sbl": "695.695.4451.18379.60662",
            "kunci_bl": 1,
            "kunci_bl_rinci": 1,
            "user_created": "MAMAN SUHERMAN,S.STP",
            "created_date": "30-01-2025",
            "created_time": "09:48",
            "user_updated": "Parpen Siregar, S.TP, M.Si",
            "updated_date": "03-07-2025",
            "updated_time": "12:09",
            "is_locked": 0
        },
        {
            "id_sub_bl": 61269,
            "id_daerah": 473,
            "tahun": 2026,
            "id_unit": 695,
            "id_skpd": 695,
            "created_user": 6945,
            "kode_skpd": "2.11.0.00.0.00.01.0000",
            "nama_skpd": "Dinas Lingkungan Hidup",
            "id_urusan": 12,
            "kode_urusan": "2",
            "nama_urusan": "URUSAN PEMERINTAHAN WAJIB YANG TIDAK BERKAITAN DENGAN PELAYANAN DASAR",
            "id_bidang_urusan": 211,
            "kode_bidang_urusan": "2.11",
            "nama_bidang_urusan": "URUSAN PEMERINTAHAN BIDANG LINGKUNGAN HIDUP",
            "id_sub_skpd": 695,
            "kode_sub_skpd": "2.11.0.00.0.00.01.0000",
            "nama_sub_skpd": "Dinas Lingkungan Hidup",
            "set_pagu_user": 599,
            "set_pagu_at": "Thu, 03 Jul 2025 12:11:25 GMT",
            "id_program": 4451,
            "kode_program": "2.11.01",
            "nama_program": "PROGRAM PENUNJANG URUSAN PEMERINTAHAN DAERAH KABUPATEN/KOTA",
            "id_giat": 18379,
            "kode_giat": "2.11.01.2.09",
            "nama_giat": "Pemeliharaan Barang Milik Daerah Penunjang Urusan Pemerintahan Daerah",
            "pagu_giat": 102500000.0,
            "rinci_giat": null,
            "id_sub_giat": 60666,
            "kode_sub_giat": "2.11.01.2.09.0006",
            "nama_sub_giat": "Pemeliharaan Peralatan dan Mesin Lainnya",
            "pagu": 7500000.0,
            "pagu_indikatif": 7500000.0,
            "rincian": null,
            "kode_bl": "695.695.4451.18379",
            "kode_sbl": "695.695.4451.18379.60666",
            "kunci_bl": 1,
            "kunci_bl_rinci": 1,
            "user_created": "MAMAN SUHERMAN,S.STP",
            "created_date": "30-01-2025",
            "created_time": "09:49",
            "user_updated": "Parpen Siregar, S.TP, M.Si",
            "updated_date": "03-07-2025",
            "updated_time": "12:09",
            "is_locked": 0
        },
        {
            "id_sub_bl": 61274,
            "id_daerah": 473,
            "tahun": 2026,
            "id_unit": 695,
            "id_skpd": 695,
            "created_user": 6945,
            "kode_skpd": "2.11.0.00.0.00.01.0000",
            "nama_skpd": "Dinas Lingkungan Hidup",
            "id_urusan": 12,
            "kode_urusan": "2",
            "nama_urusan": "URUSAN PEMERINTAHAN WAJIB YANG TIDAK BERKAITAN DENGAN PELAYANAN DASAR",
            "id_bidang_urusan": 211,
            "kode_bidang_urusan": "2.11",
            "nama_bidang_urusan": "URUSAN PEMERINTAHAN BIDANG LINGKUNGAN HIDUP",
            "id_sub_skpd": 695,
            "kode_sub_skpd": "2.11.0.00.0.00.01.0000",
            "nama_sub_skpd": "Dinas Lingkungan Hidup",
            "set_pagu_user": 599,
            "set_pagu_at": "Thu, 03 Jul 2025 12:11:25 GMT",
            "id_program": 4451,
            "kode_program": "2.11.01",
            "nama_program": "PROGRAM PENUNJANG URUSAN PEMERINTAHAN DAERAH KABUPATEN/KOTA",
            "id_giat": 18379,
            "kode_giat": "2.11.01.2.09",
            "nama_giat": "Pemeliharaan Barang Milik Daerah Penunjang Urusan Pemerintahan Daerah",
            "pagu_giat": 102500000.0,
            "rinci_giat": null,
            "id_sub_giat": 60669,
            "kode_sub_giat": "2.11.01.2.09.0009",
            "nama_sub_giat": "Pemeliharaan/Rehabilitasi Gedung Kantor dan Bangunan Lainnya",
            "pagu": 35000000.0,
            "pagu_indikatif": 35000000.0,
            "rincian": null,
            "kode_bl": "695.695.4451.18379",
            "kode_sbl": "695.695.4451.18379.60669",
            "kunci_bl": 1,
            "kunci_bl_rinci": 1,
            "user_created": "MAMAN SUHERMAN,S.STP",
            "created_date": "30-01-2025",
            "created_time": "09:53",
            "user_updated": "Parpen Siregar, S.TP, M.Si",
            "updated_date": "03-07-2025",
            "updated_time": "12:09",
            "is_locked": 0
        },
        {
            "id_sub_bl": 61420,
            "id_daerah": 473,
            "tahun": 2026,
            "id_unit": 695,
            "id_skpd": 695,
            "created_user": 6945,
            "kode_skpd": "2.11.0.00.0.00.01.0000",
            "nama_skpd": "Dinas Lingkungan Hidup",
            "id_urusan": 12,
            "kode_urusan": "2",
            "nama_urusan": "URUSAN PEMERINTAHAN WAJIB YANG TIDAK BERKAITAN DENGAN PELAYANAN DASAR",
            "id_bidang_urusan": 211,
            "kode_bidang_urusan": "2.11",
            "nama_bidang_urusan": "URUSAN PEMERINTAHAN BIDANG LINGKUNGAN HIDUP",
            "id_sub_skpd": 1005,
            "kode_sub_skpd": "2.11.0.00.0.00.01.0001",
            "nama_sub_skpd": "UPTD LABORATORIUM LINGKUNGAN KELAS A",
            "set_pagu_user": 599,
            "set_pagu_at": "Thu, 03 Jul 2025 12:11:25 GMT",
            "id_program": 3646,
            "kode_program": "2.11.03",
            "nama_program": "PROGRAM PENGENDALIAN PENCEMARAN DAN/ATAU KERUSAKAN LINGKUNGAN HIDUP",
            "id_giat": 16198,
            "kode_giat": "2.11.03.2.01",
            "nama_giat": "Pencegahan Pencemaran dan/atau Kerusakan Lingkungan Hidup Kabupaten/Kota",
            "pagu_giat": 353200000.0,
            "rinci_giat": null,
            "id_sub_giat": 53911,
            "kode_sub_giat": "2.11.03.2.01.0015",
            "nama_sub_giat": "Pengelolaan Laboratorium Lingkungan Hidup kabupaten/kota",
            "pagu": 353200000.0,
            "pagu_indikatif": 353200000.0,
            "rincian": null,
            "kode_bl": "695.1005.3646.16198",
            "kode_sbl": "695.1005.3646.16198.53911",
            "kunci_bl": 1,
            "kunci_bl_rinci": 1,
            "user_created": "MAMAN SUHERMAN,S.STP",
            "created_date": "30-01-2025",
            "created_time": "10:49",
            "user_updated": "Parpen Siregar, S.TP, M.Si",
            "updated_date": "03-07-2025",
            "updated_time": "12:10",
            "is_locked": 0
        },
        {
            "id_sub_bl": 61455,
            "id_daerah": 473,
            "tahun": 2026,
            "id_unit": 695,
            "id_skpd": 695,
            "created_user": 6945,
            "kode_skpd": "2.11.0.00.0.00.01.0000",
            "nama_skpd": "Dinas Lingkungan Hidup",
            "id_urusan": 12,
            "kode_urusan": "2",
            "nama_urusan": "URUSAN PEMERINTAHAN WAJIB YANG TIDAK BERKAITAN DENGAN PELAYANAN DASAR",
            "id_bidang_urusan": 211,
            "kode_bidang_urusan": "2.11",
            "nama_bidang_urusan": "URUSAN PEMERINTAHAN BIDANG LINGKUNGAN HIDUP",
            "id_sub_skpd": 1006,
            "kode_sub_skpd": "2.11.0.00.0.00.01.0002",
            "nama_sub_skpd": "UPTD PENGELOLAAN SAMPAH KELAS A",
            "set_pagu_user": 599,
            "set_pagu_at": "Thu, 03 Jul 2025 12:11:25 GMT",
            "id_program": 3692,
            "kode_program": "2.11.11",
            "nama_program": "PROGRAM PENGELOLAAN PERSAMPAHAN",
            "id_giat": 16255,
            "kode_giat": "2.11.11.2.01",
            "nama_giat": "Pengelolaan Sampah",
            "pagu_giat": 1230000000.0,
            "rinci_giat": null,
            "id_sub_giat": 54073,
            "kode_sub_giat": "2.11.11.2.01.0020",
            "nama_sub_giat": "Penanganan sampah melalui pemrosesan  akhir sampah di TPA/TPST kabupaten/kota atau TPA/TPST Regional",
            "pagu": 1230000000.0,
            "pagu_indikatif": 1230000000.0,
            "rincian": null,
            "kode_bl": "695.1006.3692.16255",
            "kode_sbl": "695.1006.3692.16255.54073",
            "kunci_bl": 1,
            "kunci_bl_rinci": 1,
            "user_created": "MAMAN SUHERMAN,S.STP",
            "created_date": "30-01-2025",
            "created_time": "11:08",
            "user_updated": "Parpen Siregar, S.TP, M.Si",
            "updated_date": "03-07-2025",
            "updated_time": "12:11",
            "is_locked": 0
        }
    ]