[
        {
            "id_sub_bl": 62939,
            "id_daerah": 473,
            "tahun": 2026,
            "id_unit": 700,
            "id_skpd": 700,
            "created_user": 1060,
            "kode_skpd": "2.12.0.00.0.00.01.0000",
            "nama_skpd": "Dinas Kependudukan dan Pencatatan Sipil",
            "id_urusan": 12,
            "kode_urusan": "2",
            "nama_urusan": "URUSAN PEMERINTAHAN WAJIB YANG TIDAK BERKAITAN DENGAN PELAYANAN DASAR",
            "id_bidang_urusan": 212,
            "kode_bidang_urusan": "2.12",
            "nama_bidang_urusan": "URUSAN PEMERINTAHAN BIDANG ADMINISTRASI KEPENDUDUKAN DAN PENCATATAN SIPIL",
            "id_sub_skpd": 700,
            "kode_sub_skpd": "2.12.0.00.0.00.01.0000",
            "nama_sub_skpd": "Dinas Kependudukan dan Pencatatan Sipil",
            "set_pagu_user": 0,
            "set_pagu_at": null,
            "id_program": 3694,
            "kode_program": "2.12.02",
            "nama_program": "PROGRAM PENDAFTARAN PENDUDUK",
            "id_giat": 16261,
            "kode_giat": "2.12.02.2.01",
            "nama_giat": "Pelayanan Pendaftaran Penduduk",
            "pagu_giat": 230000000.0,
            "rinci_giat": null,
            "id_sub_giat": 54102,
            "kode_sub_giat": "2.12.02.2.01.0004",
            "nama_sub_giat": "Peningkatan Pelayanan Pendaftaran Penduduk",
            "pagu": 200000000.0,
            "pagu_indikatif": 200000000.0,
            "rincian": null,
            "kode_bl": "700.700.3694.16261",
            "kode_sbl": "700.700.3694.16261.54102",
            "kunci_bl": 1,
            "kunci_bl_rinci": 1,
            "user_created": "HERU SUSANTO, ST",
            "created_date": "31-01-2025",
            "created_time": "20:26",
            "user_updated": "HERU SUSANTO, ST",
            "updated_date": "02-07-2025",
            "updated_time": "11:35",
            "is_locked": 0
        },
        {
            "id_sub_bl": 62941,
            "id_daerah": 473,
            "tahun": 2026,
            "id_unit": 700,
            "id_skpd": 700,
            "created_user": 1060,
            "kode_skpd": "2.12.0.00.0.00.01.0000",
            "nama_skpd": "Dinas Kependudukan dan Pencatatan Sipil",
            "id_urusan": 12,
            "kode_urusan": "2",
            "nama_urusan": "URUSAN PEMERINTAHAN WAJIB YANG TIDAK BERKAITAN DENGAN PELAYANAN DASAR",
            "id_bidang_urusan": 212,
            "kode_bidang_urusan": "2.12",
            "nama_bidang_urusan": "URUSAN PEMERINTAHAN BIDANG ADMINISTRASI KEPENDUDUKAN DAN PENCATATAN SIPIL",
            "id_sub_skpd": 700,
            "kode_sub_skpd": "2.12.0.00.0.00.01.0000",
            "nama_sub_skpd": "Dinas Kependudukan dan Pencatatan Sipil",
            "set_pagu_user": 0,
            "set_pagu_at": null,
            "id_program": 3694,
            "kode_program": "2.12.02",
            "nama_program": "PROGRAM PENDAFTARAN PENDUDUK",
            "id_giat": 16261,
            "kode_giat": "2.12.02.2.01",
            "nama_giat": "Pelayanan Pendaftaran Penduduk",
            "pagu_giat": 230000000.0,
            "rinci_giat": null,
            "id_sub_giat": 54103,
            "kode_sub_giat": "2.12.02.2.01.0005",
            "nama_sub_giat": "Pencatatan, Penatausahaan dan Penerbitan Dokumen Atas Pelaporan Peristiwa Kependudukan",
            "pagu": 30000000.0,
            "pagu_indikatif": 30000000.0,
            "rincian": null,
            "kode_bl": "700.700.3694.16261",
            "kode_sbl": "700.700.3694.16261.54103",
            "kunci_bl": 1,
            "kunci_bl_rinci": 1,
            "user_created": "HERU SUSANTO, ST",
            "created_date": "31-01-2025",
            "created_time": "20:27",
            "user_updated": "HERU SUSANTO, ST",
            "updated_date": "02-07-2025",
            "updated_time": "11:36",
            "is_locked": 0
        },
        {
            "id_sub_bl": 62942,
            "id_daerah": 473,
            "tahun": 2026,
            "id_unit": 700,
            "id_skpd": 700,
            "created_user": 1060,
            "kode_skpd": "2.12.0.00.0.00.01.0000",
            "nama_skpd": "Dinas Kependudukan dan Pencatatan Sipil",
            "id_urusan": 12,
            "kode_urusan": "2",
            "nama_urusan": "URUSAN PEMERINTAHAN WAJIB YANG TIDAK BERKAITAN DENGAN PELAYANAN DASAR",
            "id_bidang_urusan": 212,
            "kode_bidang_urusan": "2.12",
            "nama_bidang_urusan": "URUSAN PEMERINTAHAN BIDANG ADMINISTRASI KEPENDUDUKAN DAN PENCATATAN SIPIL",
            "id_sub_skpd": 700,
            "kode_sub_skpd": "2.12.0.00.0.00.01.0000",
            "nama_sub_skpd": "Dinas Kependudukan dan Pencatatan Sipil",
            "set_pagu_user": 0,
            "set_pagu_at": null,
            "id_program": 3702,
            "kode_program": "2.12.03",
            "nama_program": "PROGRAM PENCATATAN SIPIL",
            "id_giat": 16280,
            "kode_giat": "2.12.03.2.01",
            "nama_giat": "Pelayanan Pencatatan Sipil",
            "pagu_giat": 200000000.0,
            "rinci_giat": null,
            "id_sub_giat": 54151,
            "kode_sub_giat": "2.12.03.2.01.0002",
            "nama_sub_giat": "Peningkatan dalam Pelayanan Pencatatan Sipil",
            "pagu": 200000000.0,
            "pagu_indikatif": 200000000.0,
            "rincian": null,
            "kode_bl": "700.700.3702.16280",
            "kode_sbl": "700.700.3702.16280.54151",
            "kunci_bl": 1,
            "kunci_bl_rinci": 1,
            "user_created": "HERU SUSANTO, ST",
            "created_date": "31-01-2025",
            "created_time": "20:29",
            "user_updated": "HERU SUSANTO, ST",
            "updated_date": "02-07-2025",
            "updated_time": "11:36",
            "is_locked": 0
        },
        {
            "id_sub_bl": 62943,
            "id_daerah": 473,
            "tahun": 2026,
            "id_unit": 700,
            "id_skpd": 700,
            "created_user": 1060,
            "kode_skpd": "2.12.0.00.0.00.01.0000",
            "nama_skpd": "Dinas Kependudukan dan Pencatatan Sipil",
            "id_urusan": 12,
            "kode_urusan": "2",
            "nama_urusan": "URUSAN PEMERINTAHAN WAJIB YANG TIDAK BERKAITAN DENGAN PELAYANAN DASAR",
            "id_bidang_urusan": 212,
            "kode_bidang_urusan": "2.12",
            "nama_bidang_urusan": "URUSAN PEMERINTAHAN BIDANG ADMINISTRASI KEPENDUDUKAN DAN PENCATATAN SIPIL",
            "id_sub_skpd": 700,
            "kode_sub_skpd": "2.12.0.00.0.00.01.0000",
            "nama_sub_skpd": "Dinas Kependudukan dan Pencatatan Sipil",
            "set_pagu_user": 0,
            "set_pagu_at": null,
            "id_program": 3710,
            "kode_program": "2.12.04",
            "nama_program": "PROGRAM PENGELOLAAN INFORMASI ADMINISTRASI KEPENDUDUKAN",
            "id_giat": 16298,
            "kode_giat": "2.12.04.2.01",
            "nama_giat": "Pengumpulan Data Kependudukan dan Pemanfaatan dan Penyajian Database Kependudukan",
            "pagu_giat": 65000000.0,
            "rinci_giat": null,
            "id_sub_giat": 54199,
            "kode_sub_giat": "2.12.04.2.01.0001",
            "nama_sub_giat": "Pengolahan dan Penyajian Data Kependudukan",
            "pagu": 15000000.0,
            "pagu_indikatif": 15000000.0,
            "rincian": null,
            "kode_bl": "700.700.3710.16298",
            "kode_sbl": "700.700.3710.16298.54199",
            "kunci_bl": 1,
            "kunci_bl_rinci": 1,
            "user_created": "HERU SUSANTO, ST",
            "created_date": "31-01-2025",
            "created_time": "20:31",
            "user_updated": "HERU SUSANTO, ST",
            "updated_date": "02-07-2025",
            "updated_time": "11:36",
            "is_locked": 0
        },
        {
            "id_sub_bl": 62946,
            "id_daerah": 473,
            "tahun": 2026,
            "id_unit": 700,
            "id_skpd": 700,
            "created_user": 1060,
            "kode_skpd": "2.12.0.00.0.00.01.0000",
            "nama_skpd": "Dinas Kependudukan dan Pencatatan Sipil",
            "id_urusan": 12,
            "kode_urusan": "2",
            "nama_urusan": "URUSAN PEMERINTAHAN WAJIB YANG TIDAK BERKAITAN DENGAN PELAYANAN DASAR",
            "id_bidang_urusan": 212,
            "kode_bidang_urusan": "2.12",
            "nama_bidang_urusan": "URUSAN PEMERINTAHAN BIDANG ADMINISTRASI KEPENDUDUKAN DAN PENCATATAN SIPIL",
            "id_sub_skpd": 700,
            "kode_sub_skpd": "2.12.0.00.0.00.01.0000",
            "nama_sub_skpd": "Dinas Kependudukan dan Pencatatan Sipil",
            "set_pagu_user": 0,
            "set_pagu_at": null,
            "id_program": 3710,
            "kode_program": "2.12.04",
            "nama_program": "PROGRAM PENGELOLAAN INFORMASI ADMINISTRASI KEPENDUDUKAN",
            "id_giat": 16298,
            "kode_giat": "2.12.04.2.01",
            "nama_giat": "Pengumpulan Data Kependudukan dan Pemanfaatan dan Penyajian Database Kependudukan",
            "pagu_giat": 65000000.0,
            "rinci_giat": null,
            "id_sub_giat": 54200,
            "kode_sub_giat": "2.12.04.2.01.0002",
            "nama_sub_giat": "Kerja Sama Pemanfaatan Data Kependudukan",
            "pagu": 50000000.0,
            "pagu_indikatif": 50000000.0,
            "rincian": null,
            "kode_bl": "700.700.3710.16298",
            "kode_sbl": "700.700.3710.16298.54200",
            "kunci_bl": 1,
            "kunci_bl_rinci": 1,
            "user_created": "HERU SUSANTO, ST",
            "created_date": "31-01-2025",
            "created_time": "20:32",
            "user_updated": "HERU SUSANTO, ST",
            "updated_date": "02-07-2025",
            "updated_time": "11:37",
            "is_locked": 0
        },
        {
            "id_sub_bl": 62948,
            "id_daerah": 473,
            "tahun": 2026,
            "id_unit": 700,
            "id_skpd": 700,
            "created_user": 1060,
            "kode_skpd": "2.12.0.00.0.00.01.0000",
            "nama_skpd": "Dinas Kependudukan dan Pencatatan Sipil",
            "id_urusan": 12,
            "kode_urusan": "2",
            "nama_urusan": "URUSAN PEMERINTAHAN WAJIB YANG TIDAK BERKAITAN DENGAN PELAYANAN DASAR",
            "id_bidang_urusan": 212,
            "kode_bidang_urusan": "2.12",
            "nama_bidang_urusan": "URUSAN PEMERINTAHAN BIDANG ADMINISTRASI KEPENDUDUKAN DAN PENCATATAN SIPIL",
            "id_sub_skpd": 700,
            "kode_sub_skpd": "2.12.0.00.0.00.01.0000",
            "nama_sub_skpd": "Dinas Kependudukan dan Pencatatan Sipil",
            "set_pagu_user": 0,
            "set_pagu_at": null,
            "id_program": 3710,
            "kode_program": "2.12.04",
            "nama_program": "PROGRAM PENGELOLAAN INFORMASI ADMINISTRASI KEPENDUDUKAN",
            "id_giat": 16300,
            "kode_giat": "2.12.04.2.03",
            "nama_giat": "Penyelenggaraan Pengelolaan Informasi Administrasi Kependudukan",
            "pagu_giat": 425000000.0,
            "rinci_giat": null,
            "id_sub_giat": 54205,
            "kode_sub_giat": "2.12.04.2.03.0003",
            "nama_sub_giat": "Fasilitasi Terkait Pengelolaan Informasi Administrasi Kependudukan",
            "pagu": 300000000.0,
            "pagu_indikatif": 300000000.0,
            "rincian": null,
            "kode_bl": "700.700.3710.16300",
            "kode_sbl": "700.700.3710.16300.54205",
            "kunci_bl": 1,
            "kunci_bl_rinci": 1,
            "user_created": "HERU SUSANTO, ST",
            "created_date": "31-01-2025",
            "created_time": "20:33",
            "user_updated": "HERU SUSANTO, ST",
            "updated_date": "02-07-2025",
            "updated_time": "11:37",
            "is_locked": 0
        },
        {
            "id_sub_bl": 66482,
            "id_daerah": 473,
            "tahun": 2026,
            "id_unit": 700,
            "id_skpd": 700,
            "created_user": 1060,
            "kode_skpd": "2.12.0.00.0.00.01.0000",
            "nama_skpd": "Dinas Kependudukan dan Pencatatan Sipil",
            "id_urusan": 12,
            "kode_urusan": "2",
            "nama_urusan": "URUSAN PEMERINTAHAN WAJIB YANG TIDAK BERKAITAN DENGAN PELAYANAN DASAR",
            "id_bidang_urusan": 212,
            "kode_bidang_urusan": "2.12",
            "nama_bidang_urusan": "URUSAN PEMERINTAHAN BIDANG ADMINISTRASI KEPENDUDUKAN DAN PENCATATAN SIPIL",
            "id_sub_skpd": 700,
            "kode_sub_skpd": "2.12.0.00.0.00.01.0000",
            "nama_sub_skpd": "Dinas Kependudukan dan Pencatatan Sipil",
            "set_pagu_user": 0,
            "set_pagu_at": null,
            "id_program": 3710,
            "kode_program": "2.12.04",
            "nama_program": "PROGRAM PENGELOLAAN INFORMASI ADMINISTRASI KEPENDUDUKAN",
            "id_giat": 16300,
            "kode_giat": "2.12.04.2.03",
            "nama_giat": "Penyelenggaraan Pengelolaan Informasi Administrasi Kependudukan",
            "pagu_giat": 425000000.0,
            "rinci_giat": null,
            "id_sub_giat": 54209,
            "kode_sub_giat": "2.12.04.2.03.0007",
            "nama_sub_giat": "Komunikasi, Informasi, dan Edukasi kepada Pemangku Kepentingan dan Masyarakat",
            "pagu": 125000000.0,
            "pagu_indikatif": 125000000.0,
            "rincian": null,
            "kode_bl": "700.700.3710.16300",
            "kode_sbl": "700.700.3710.16300.54209",
            "kunci_bl": 1,
            "kunci_bl_rinci": 1,
            "user_created": "HERU SUSANTO, ST",
            "created_date": "14-02-2025",
            "created_time": "11:47",
            "user_updated": "HERU SUSANTO, ST",
            "updated_date": "02-07-2025",
            "updated_time": "11:37",
            "is_locked": 0
        },
        {
            "id_sub_bl": 62994,
            "id_daerah": 473,
            "tahun": 2026,
            "id_unit": 700,
            "id_skpd": 700,
            "created_user": 1060,
            "kode_skpd": "2.12.0.00.0.00.01.0000",
            "nama_skpd": "Dinas Kependudukan dan Pencatatan Sipil",
            "id_urusan": 12,
            "kode_urusan": "2",
            "nama_urusan": "URUSAN PEMERINTAHAN WAJIB YANG TIDAK BERKAITAN DENGAN PELAYANAN DASAR",
            "id_bidang_urusan": 212,
            "kode_bidang_urusan": "2.12",
            "nama_bidang_urusan": "URUSAN PEMERINTAHAN BIDANG ADMINISTRASI KEPENDUDUKAN DAN PENCATATAN SIPIL",
            "id_sub_skpd": 700,
            "kode_sub_skpd": "2.12.0.00.0.00.01.0000",
            "nama_sub_skpd": "Dinas Kependudukan dan Pencatatan Sipil",
            "set_pagu_user": 0,
            "set_pagu_at": null,
            "id_program": 3710,
            "kode_program": "2.12.04",
            "nama_program": "PROGRAM PENGELOLAAN INFORMASI ADMINISTRASI KEPENDUDUKAN",
            "id_giat": 16301,
            "kode_giat": "2.12.04.2.04",
            "nama_giat": "Pembinaan dan Pengawasan Pengelolaan Informasi Administrasi Kependudukan",
            "pagu_giat": 100000000.0,
            "rinci_giat": null,
            "id_sub_giat": 54211,
            "kode_sub_giat": "2.12.04.2.04.0001",
            "nama_sub_giat": "Pembinaan dan Pengawasan Terkait Pengelolaan Informasi Administrasi Kependudukan",
            "pagu": 100000000.0,
            "pagu_indikatif": 100000000.0,
            "rincian": null,
            "kode_bl": "700.700.3710.16301",
            "kode_sbl": "700.700.3710.16301.54211",
            "kunci_bl": 1,
            "kunci_bl_rinci": 1,
            "user_created": "HERU SUSANTO, ST",
            "created_date": "31-01-2025",
            "created_time": "21:35",
            "user_updated": "HERU SUSANTO, ST",
            "updated_date": "02-07-2025",
            "updated_time": "11:38",
            "is_locked": 0
        },
        {
            "id_sub_bl": 62998,
            "id_daerah": 473,
            "tahun": 2026,
            "id_unit": 700,
            "id_skpd": 700,
            "created_user": 1060,
            "kode_skpd": "2.12.0.00.0.00.01.0000",
            "nama_skpd": "Dinas Kependudukan dan Pencatatan Sipil",
            "id_urusan": 12,
            "kode_urusan": "2",
            "nama_urusan": "URUSAN PEMERINTAHAN WAJIB YANG TIDAK BERKAITAN DENGAN PELAYANAN DASAR",
            "id_bidang_urusan": 212,
            "kode_bidang_urusan": "2.12",
            "nama_bidang_urusan": "URUSAN PEMERINTAHAN BIDANG ADMINISTRASI KEPENDUDUKAN DAN PENCATATAN SIPIL",
            "id_sub_skpd": 700,
            "kode_sub_skpd": "2.12.0.00.0.00.01.0000",
            "nama_sub_skpd": "Dinas Kependudukan dan Pencatatan Sipil",
            "set_pagu_user": 0,
            "set_pagu_at": null,
            "id_program": 3718,
            "kode_program": "2.12.05",
            "nama_program": "PROGRAM PENGELOLAAN PROFIL KEPENDUDUKAN",
            "id_giat": 16315,
            "kode_giat": "2.12.05.2.01",
            "nama_giat": "Penyusunan Profil Kependudukan",
            "pagu_giat": 50000000.0,
            "rinci_giat": null,
            "id_sub_giat": 54234,
            "kode_sub_giat": "2.12.05.2.01.0001",
            "nama_sub_giat": "Penyediaan Data Kependudukan Kabupaten/Kota",
            "pagu": 25000000.0,
            "pagu_indikatif": 25000000.0,
            "rincian": null,
            "kode_bl": "700.700.3718.16315",
            "kode_sbl": "700.700.3718.16315.54234",
            "kunci_bl": 1,
            "kunci_bl_rinci": 1,
            "user_created": "HERU SUSANTO, ST",
            "created_date": "31-01-2025",
            "created_time": "21:37",
            "user_updated": "HERU SUSANTO, ST",
            "updated_date": "02-07-2025",
            "updated_time": "11:38",
            "is_locked": 0
        },
        {
            "id_sub_bl": 63006,
            "id_daerah": 473,
            "tahun": 2026,
            "id_unit": 700,
            "id_skpd": 700,
            "created_user": 1060,
            "kode_skpd": "2.12.0.00.0.00.01.0000",
            "nama_skpd": "Dinas Kependudukan dan Pencatatan Sipil",
            "id_urusan": 12,
            "kode_urusan": "2",
            "nama_urusan": "URUSAN PEMERINTAHAN WAJIB YANG TIDAK BERKAITAN DENGAN PELAYANAN DASAR",
            "id_bidang_urusan": 212,
            "kode_bidang_urusan": "2.12",
            "nama_bidang_urusan": "URUSAN PEMERINTAHAN BIDANG ADMINISTRASI KEPENDUDUKAN DAN PENCATATAN SIPIL",
            "id_sub_skpd": 700,
            "kode_sub_skpd": "2.12.0.00.0.00.01.0000",
            "nama_sub_skpd": "Dinas Kependudukan dan Pencatatan Sipil",
            "set_pagu_user": 0,
            "set_pagu_at": null,
            "id_program": 3718,
            "kode_program": "2.12.05",
            "nama_program": "PROGRAM PENGELOLAAN PROFIL KEPENDUDUKAN",
            "id_giat": 16315,
            "kode_giat": "2.12.05.2.01",
            "nama_giat": "Penyusunan Profil Kependudukan",
            "pagu_giat": 50000000.0,
            "rinci_giat": null,
            "id_sub_giat": 54235,
            "kode_sub_giat": "2.12.05.2.01.0002",
            "nama_sub_giat": "Penyusunan Profil Data Perkembangan dan Proyeksi Kependudukan serta Kebutuhan yang Lain",
            "pagu": 25000000.0,
            "pagu_indikatif": 25000000.0,
            "rincian": null,
            "kode_bl": "700.700.3718.16315",
            "kode_sbl": "700.700.3718.16315.54235",
            "kunci_bl": 1,
            "kunci_bl_rinci": 1,
            "user_created": "HERU SUSANTO, ST",
            "created_date": "31-01-2025",
            "created_time": "21:43",
            "user_updated": "HERU SUSANTO, ST",
            "updated_date": "02-07-2025",
            "updated_time": "11:39",
            "is_locked": 0
        },
        {
            "id_sub_bl": 62478,
            "id_daerah": 473,
            "tahun": 2026,
            "id_unit": 700,
            "id_skpd": 700,
            "created_user": 1060,
            "kode_skpd": "2.12.0.00.0.00.01.0000",
            "nama_skpd": "Dinas Kependudukan dan Pencatatan Sipil",
            "id_urusan": 12,
            "kode_urusan": "2",
            "nama_urusan": "URUSAN PEMERINTAHAN WAJIB YANG TIDAK BERKAITAN DENGAN PELAYANAN DASAR",
            "id_bidang_urusan": 212,
            "kode_bidang_urusan": "2.12",
            "nama_bidang_urusan": "URUSAN PEMERINTAHAN BIDANG ADMINISTRASI KEPENDUDUKAN DAN PENCATATAN SIPIL",
            "id_sub_skpd": 700,
            "kode_sub_skpd": "2.12.0.00.0.00.01.0000",
            "nama_sub_skpd": "Dinas Kependudukan dan Pencatatan Sipil",
            "set_pagu_user": 0,
            "set_pagu_at": null,
            "id_program": 4451,
            "kode_program": "2.12.01",
            "nama_program": "PROGRAM PENUNJANG URUSAN PEMERINTAHAN DAERAH KABUPATEN/KOTA",
            "id_giat": 18371,
            "kode_giat": "2.12.01.2.01",
            "nama_giat": "Perencanaan, Penganggaran, dan Evaluasi Kinerja Perangkat Daerah",
            "pagu_giat": 245000000.0,
            "rinci_giat": null,
            "id_sub_giat": 60589,
            "kode_sub_giat": "2.12.01.2.01.0001",
            "nama_sub_giat": "Penyusunan Dokumen Perencanaan Perangkat Daerah",
            "pagu": 130000000.0,
            "pagu_indikatif": 130000000.0,
            "rincian": null,
            "kode_bl": "700.700.4451.18371",
            "kode_sbl": "700.700.4451.18371.60589",
            "kunci_bl": 1,
            "kunci_bl_rinci": 1,
            "user_created": "HERU SUSANTO, ST",
            "created_date": "31-01-2025",
            "created_time": "14:55",
            "user_updated": "HERU SUSANTO, ST",
            "updated_date": "02-07-2025",
            "updated_time": "11:39",
            "is_locked": 0
        },
        {
            "id_sub_bl": 62532,
            "id_daerah": 473,
            "tahun": 2026,
            "id_unit": 700,
            "id_skpd": 700,
            "created_user": 1060,
            "kode_skpd": "2.12.0.00.0.00.01.0000",
            "nama_skpd": "Dinas Kependudukan dan Pencatatan Sipil",
            "id_urusan": 12,
            "kode_urusan": "2",
            "nama_urusan": "URUSAN PEMERINTAHAN WAJIB YANG TIDAK BERKAITAN DENGAN PELAYANAN DASAR",
            "id_bidang_urusan": 212,
            "kode_bidang_urusan": "2.12",
            "nama_bidang_urusan": "URUSAN PEMERINTAHAN BIDANG ADMINISTRASI KEPENDUDUKAN DAN PENCATATAN SIPIL",
            "id_sub_skpd": 700,
            "kode_sub_skpd": "2.12.0.00.0.00.01.0000",
            "nama_sub_skpd": "Dinas Kependudukan dan Pencatatan Sipil",
            "set_pagu_user": 0,
            "set_pagu_at": null,
            "id_program": 4451,
            "kode_program": "2.12.01",
            "nama_program": "PROGRAM PENUNJANG URUSAN PEMERINTAHAN DAERAH KABUPATEN/KOTA",
            "id_giat": 18371,
            "kode_giat": "2.12.01.2.01",
            "nama_giat": "Perencanaan, Penganggaran, dan Evaluasi Kinerja Perangkat Daerah",
            "pagu_giat": 245000000.0,
            "rinci_giat": null,
            "id_sub_giat": 60590,
            "kode_sub_giat": "2.12.01.2.01.0002",
            "nama_sub_giat": "Koordinasi dan Penyusunan Dokumen RKA-SKPD",
            "pagu": 15000000.0,
            "pagu_indikatif": 15000000.0,
            "rincian": null,
            "kode_bl": "700.700.4451.18371",
            "kode_sbl": "700.700.4451.18371.60590",
            "kunci_bl": 1,
            "kunci_bl_rinci": 1,
            "user_created": "HERU SUSANTO, ST",
            "created_date": "31-01-2025",
            "created_time": "15:28",
            "user_updated": "HERU SUSANTO, ST",
            "updated_date": "02-07-2025",
            "updated_time": "11:39",
            "is_locked": 0
        },
        {
            "id_sub_bl": 62536,
            "id_daerah": 473,
            "tahun": 2026,
            "id_unit": 700,
            "id_skpd": 700,
            "created_user": 1060,
            "kode_skpd": "2.12.0.00.0.00.01.0000",
            "nama_skpd": "Dinas Kependudukan dan Pencatatan Sipil",
            "id_urusan": 12,
            "kode_urusan": "2",
            "nama_urusan": "URUSAN PEMERINTAHAN WAJIB YANG TIDAK BERKAITAN DENGAN PELAYANAN DASAR",
            "id_bidang_urusan": 212,
            "kode_bidang_urusan": "2.12",
            "nama_bidang_urusan": "URUSAN PEMERINTAHAN BIDANG ADMINISTRASI KEPENDUDUKAN DAN PENCATATAN SIPIL",
            "id_sub_skpd": 700,
            "kode_sub_skpd": "2.12.0.00.0.00.01.0000",
            "nama_sub_skpd": "Dinas Kependudukan dan Pencatatan Sipil",
            "set_pagu_user": 0,
            "set_pagu_at": null,
            "id_program": 4451,
            "kode_program": "2.12.01",
            "nama_program": "PROGRAM PENUNJANG URUSAN PEMERINTAHAN DAERAH KABUPATEN/KOTA",
            "id_giat": 18371,
            "kode_giat": "2.12.01.2.01",
            "nama_giat": "Perencanaan, Penganggaran, dan Evaluasi Kinerja Perangkat Daerah",
            "pagu_giat": 245000000.0,
            "rinci_giat": null,
            "id_sub_giat": 60591,
            "kode_sub_giat": "2.12.01.2.01.0003",
            "nama_sub_giat": "Koordinasi dan Penyusunan Dokumen Perubahan RKA-SKPD",
            "pagu": 15000000.0,
            "pagu_indikatif": 15000000.0,
            "rincian": null,
            "kode_bl": "700.700.4451.18371",
            "kode_sbl": "700.700.4451.18371.60591",
            "kunci_bl": 1,
            "kunci_bl_rinci": 1,
            "user_created": "HERU SUSANTO, ST",
            "created_date": "31-01-2025",
            "created_time": "15:30",
            "user_updated": "HERU SUSANTO, ST",
            "updated_date": "02-07-2025",
            "updated_time": "11:40",
            "is_locked": 0
        },
        {
            "id_sub_bl": 62555,
            "id_daerah": 473,
            "tahun": 2026,
            "id_unit": 700,
            "id_skpd": 700,
            "created_user": 1060,
            "kode_skpd": "2.12.0.00.0.00.01.0000",
            "nama_skpd": "Dinas Kependudukan dan Pencatatan Sipil",
            "id_urusan": 12,
            "kode_urusan": "2",
            "nama_urusan": "URUSAN PEMERINTAHAN WAJIB YANG TIDAK BERKAITAN DENGAN PELAYANAN DASAR",
            "id_bidang_urusan": 212,
            "kode_bidang_urusan": "2.12",
            "nama_bidang_urusan": "URUSAN PEMERINTAHAN BIDANG ADMINISTRASI KEPENDUDUKAN DAN PENCATATAN SIPIL",
            "id_sub_skpd": 700,
            "kode_sub_skpd": "2.12.0.00.0.00.01.0000",
            "nama_sub_skpd": "Dinas Kependudukan dan Pencatatan Sipil",
            "set_pagu_user": 0,
            "set_pagu_at": null,
            "id_program": 4451,
            "kode_program": "2.12.01",
            "nama_program": "PROGRAM PENUNJANG URUSAN PEMERINTAHAN DAERAH KABUPATEN/KOTA",
            "id_giat": 18371,
            "kode_giat": "2.12.01.2.01",
            "nama_giat": "Perencanaan, Penganggaran, dan Evaluasi Kinerja Perangkat Daerah",
            "pagu_giat": 245000000.0,
            "rinci_giat": null,
            "id_sub_giat": 60592,
            "kode_sub_giat": "2.12.01.2.01.0004",
            "nama_sub_giat": "Koordinasi dan Penyusunan DPA-SKPD",
            "pagu": 15000000.0,
            "pagu_indikatif": 15000000.0,
            "rincian": null,
            "kode_bl": "700.700.4451.18371",
            "kode_sbl": "700.700.4451.18371.60592",
            "kunci_bl": 1,
            "kunci_bl_rinci": 1,
            "user_created": "HERU SUSANTO, ST",
            "created_date": "31-01-2025",
            "created_time": "15:39",
            "user_updated": "HERU SUSANTO, ST",
            "updated_date": "02-07-2025",
            "updated_time": "11:40",
            "is_locked": 0
        },
        {
            "id_sub_bl": 62568,
            "id_daerah": 473,
            "tahun": 2026,
            "id_unit": 700,
            "id_skpd": 700,
            "created_user": 1060,
            "kode_skpd": "2.12.0.00.0.00.01.0000",
            "nama_skpd": "Dinas Kependudukan dan Pencatatan Sipil",
            "id_urusan": 12,
            "kode_urusan": "2",
            "nama_urusan": "URUSAN PEMERINTAHAN WAJIB YANG TIDAK BERKAITAN DENGAN PELAYANAN DASAR",
            "id_bidang_urusan": 212,
            "kode_bidang_urusan": "2.12",
            "nama_bidang_urusan": "URUSAN PEMERINTAHAN BIDANG ADMINISTRASI KEPENDUDUKAN DAN PENCATATAN SIPIL",
            "id_sub_skpd": 700,
            "kode_sub_skpd": "2.12.0.00.0.00.01.0000",
            "nama_sub_skpd": "Dinas Kependudukan dan Pencatatan Sipil",
            "set_pagu_user": 0,
            "set_pagu_at": null,
            "id_program": 4451,
            "kode_program": "2.12.01",
            "nama_program": "PROGRAM PENUNJANG URUSAN PEMERINTAHAN DAERAH KABUPATEN/KOTA",
            "id_giat": 18371,
            "kode_giat": "2.12.01.2.01",
            "nama_giat": "Perencanaan, Penganggaran, dan Evaluasi Kinerja Perangkat Daerah",
            "pagu_giat": 245000000.0,
            "rinci_giat": null,
            "id_sub_giat": 60593,
            "kode_sub_giat": "2.12.01.2.01.0005",
            "nama_sub_giat": "Koordinasi dan Penyusunan Perubahan DPA- SKPD",
            "pagu": 15000000.0,
            "pagu_indikatif": 15000000.0,
            "rincian": null,
            "kode_bl": "700.700.4451.18371",
            "kode_sbl": "700.700.4451.18371.60593",
            "kunci_bl": 1,
            "kunci_bl_rinci": 1,
            "user_created": "HERU SUSANTO, ST",
            "created_date": "31-01-2025",
            "created_time": "15:41",
            "user_updated": "HERU SUSANTO, ST",
            "updated_date": "02-07-2025",
            "updated_time": "11:41",
            "is_locked": 0
        },
        {
            "id_sub_bl": 62576,
            "id_daerah": 473,
            "tahun": 2026,
            "id_unit": 700,
            "id_skpd": 700,
            "created_user": 1060,
            "kode_skpd": "2.12.0.00.0.00.01.0000",
            "nama_skpd": "Dinas Kependudukan dan Pencatatan Sipil",
            "id_urusan": 12,
            "kode_urusan": "2",
            "nama_urusan": "URUSAN PEMERINTAHAN WAJIB YANG TIDAK BERKAITAN DENGAN PELAYANAN DASAR",
            "id_bidang_urusan": 212,
            "kode_bidang_urusan": "2.12",
            "nama_bidang_urusan": "URUSAN PEMERINTAHAN BIDANG ADMINISTRASI KEPENDUDUKAN DAN PENCATATAN SIPIL",
            "id_sub_skpd": 700,
            "kode_sub_skpd": "2.12.0.00.0.00.01.0000",
            "nama_sub_skpd": "Dinas Kependudukan dan Pencatatan Sipil",
            "set_pagu_user": 0,
            "set_pagu_at": null,
            "id_program": 4451,
            "kode_program": "2.12.01",
            "nama_program": "PROGRAM PENUNJANG URUSAN PEMERINTAHAN DAERAH KABUPATEN/KOTA",
            "id_giat": 18371,
            "kode_giat": "2.12.01.2.01",
            "nama_giat": "Perencanaan, Penganggaran, dan Evaluasi Kinerja Perangkat Daerah",
            "pagu_giat": 245000000.0,
            "rinci_giat": null,
            "id_sub_giat": 60594,
            "kode_sub_giat": "2.12.01.2.01.0006",
            "nama_sub_giat": "Koordinasi dan Penyusunan Laporan Capaian Kinerja dan Ikhtisar Realisasi Kinerja SKPD",
            "pagu": 35000000.0,
            "pagu_indikatif": 35000000.0,
            "rincian": null,
            "kode_bl": "700.700.4451.18371",
            "kode_sbl": "700.700.4451.18371.60594",
            "kunci_bl": 1,
            "kunci_bl_rinci": 1,
            "user_created": "HERU SUSANTO, ST",
            "created_date": "31-01-2025",
            "created_time": "15:43",
            "user_updated": "HERU SUSANTO, ST",
            "updated_date": "02-07-2025",
            "updated_time": "11:41",
            "is_locked": 0
        },
        {
            "id_sub_bl": 62583,
            "id_daerah": 473,
            "tahun": 2026,
            "id_unit": 700,
            "id_skpd": 700,
            "created_user": 1060,
            "kode_skpd": "2.12.0.00.0.00.01.0000",
            "nama_skpd": "Dinas Kependudukan dan Pencatatan Sipil",
            "id_urusan": 12,
            "kode_urusan": "2",
            "nama_urusan": "URUSAN PEMERINTAHAN WAJIB YANG TIDAK BERKAITAN DENGAN PELAYANAN DASAR",
            "id_bidang_urusan": 212,
            "kode_bidang_urusan": "2.12",
            "nama_bidang_urusan": "URUSAN PEMERINTAHAN BIDANG ADMINISTRASI KEPENDUDUKAN DAN PENCATATAN SIPIL",
            "id_sub_skpd": 700,
            "kode_sub_skpd": "2.12.0.00.0.00.01.0000",
            "nama_sub_skpd": "Dinas Kependudukan dan Pencatatan Sipil",
            "set_pagu_user": 0,
            "set_pagu_at": null,
            "id_program": 4451,
            "kode_program": "2.12.01",
            "nama_program": "PROGRAM PENUNJANG URUSAN PEMERINTAHAN DAERAH KABUPATEN/KOTA",
            "id_giat": 18371,
            "kode_giat": "2.12.01.2.01",
            "nama_giat": "Perencanaan, Penganggaran, dan Evaluasi Kinerja Perangkat Daerah",
            "pagu_giat": 245000000.0,
            "rinci_giat": null,
            "id_sub_giat": 60595,
            "kode_sub_giat": "2.12.01.2.01.0007",
            "nama_sub_giat": "Evaluasi Kinerja Perangkat Daerah",
            "pagu": 20000000.0,
            "pagu_indikatif": 20000000.0,
            "rincian": null,
            "kode_bl": "700.700.4451.18371",
            "kode_sbl": "700.700.4451.18371.60595",
            "kunci_bl": 1,
            "kunci_bl_rinci": 1,
            "user_created": "HERU SUSANTO, ST",
            "created_date": "31-01-2025",
            "created_time": "15:45",
            "user_updated": "HERU SUSANTO, ST",
            "updated_date": "02-07-2025",
            "updated_time": "11:41",
            "is_locked": 0
        },
        {
            "id_sub_bl": 62600,
            "id_daerah": 473,
            "tahun": 2026,
            "id_unit": 700,
            "id_skpd": 700,
            "created_user": 1060,
            "kode_skpd": "2.12.0.00.0.00.01.0000",
            "nama_skpd": "Dinas Kependudukan dan Pencatatan Sipil",
            "id_urusan": 12,
            "kode_urusan": "2",
            "nama_urusan": "URUSAN PEMERINTAHAN WAJIB YANG TIDAK BERKAITAN DENGAN PELAYANAN DASAR",
            "id_bidang_urusan": 212,
            "kode_bidang_urusan": "2.12",
            "nama_bidang_urusan": "URUSAN PEMERINTAHAN BIDANG ADMINISTRASI KEPENDUDUKAN DAN PENCATATAN SIPIL",
            "id_sub_skpd": 700,
            "kode_sub_skpd": "2.12.0.00.0.00.01.0000",
            "nama_sub_skpd": "Dinas Kependudukan dan Pencatatan Sipil",
            "set_pagu_user": 0,
            "set_pagu_at": null,
            "id_program": 4451,
            "kode_program": "2.12.01",
            "nama_program": "PROGRAM PENUNJANG URUSAN PEMERINTAHAN DAERAH KABUPATEN/KOTA",
            "id_giat": 18372,
            "kode_giat": "2.12.01.2.02",
            "nama_giat": "Administrasi Keuangan Perangkat Daerah",
            "pagu_giat": 2685201275.0,
            "rinci_giat": null,
            "id_sub_giat": 60602,
            "kode_sub_giat": "2.12.01.2.02.0001",
            "nama_sub_giat": "Penyediaan Gaji dan Tunjangan ASN",
            "pagu": 2540201275.0,
            "pagu_indikatif": 2540201275.0,
            "rincian": null,
            "kode_bl": "700.700.4451.18372",
            "kode_sbl": "700.700.4451.18372.60602",
            "kunci_bl": 1,
            "kunci_bl_rinci": 1,
            "user_created": "HERU SUSANTO, ST",
            "created_date": "31-01-2025",
            "created_time": "15:48",
            "user_updated": "HERU SUSANTO, ST",
            "updated_date": "02-07-2025",
            "updated_time": "11:42",
            "is_locked": 0
        },
        {
            "id_sub_bl": 62608,
            "id_daerah": 473,
            "tahun": 2026,
            "id_unit": 700,
            "id_skpd": 700,
            "created_user": 1060,
            "kode_skpd": "2.12.0.00.0.00.01.0000",
            "nama_skpd": "Dinas Kependudukan dan Pencatatan Sipil",
            "id_urusan": 12,
            "kode_urusan": "2",
            "nama_urusan": "URUSAN PEMERINTAHAN WAJIB YANG TIDAK BERKAITAN DENGAN PELAYANAN DASAR",
            "id_bidang_urusan": 212,
            "kode_bidang_urusan": "2.12",
            "nama_bidang_urusan": "URUSAN PEMERINTAHAN BIDANG ADMINISTRASI KEPENDUDUKAN DAN PENCATATAN SIPIL",
            "id_sub_skpd": 700,
            "kode_sub_skpd": "2.12.0.00.0.00.01.0000",
            "nama_sub_skpd": "Dinas Kependudukan dan Pencatatan Sipil",
            "set_pagu_user": 0,
            "set_pagu_at": null,
            "id_program": 4451,
            "kode_program": "2.12.01",
            "nama_program": "PROGRAM PENUNJANG URUSAN PEMERINTAHAN DAERAH KABUPATEN/KOTA",
            "id_giat": 18372,
            "kode_giat": "2.12.01.2.02",
            "nama_giat": "Administrasi Keuangan Perangkat Daerah",
            "pagu_giat": 2685201275.0,
            "rinci_giat": null,
            "id_sub_giat": 60604,
            "kode_sub_giat": "2.12.01.2.02.0003",
            "nama_sub_giat": "Pelaksanaan Penatausahaan dan\r\n\nPengujian/Verifikasi Keuangan SKPD",
            "pagu": 130000000.0,
            "pagu_indikatif": 130000000.0,
            "rincian": null,
            "kode_bl": "700.700.4451.18372",
            "kode_sbl": "700.700.4451.18372.60604",
            "kunci_bl": 1,
            "kunci_bl_rinci": 1,
            "user_created": "HERU SUSANTO, ST",
            "created_date": "31-01-2025",
            "created_time": "15:51",
            "user_updated": "HERU SUSANTO, ST",
            "updated_date": "02-07-2025",
            "updated_time": "11:42",
            "is_locked": 0
        },
        {
            "id_sub_bl": 62618,
            "id_daerah": 473,
            "tahun": 2026,
            "id_unit": 700,
            "id_skpd": 700,
            "created_user": 1060,
            "kode_skpd": "2.12.0.00.0.00.01.0000",
            "nama_skpd": "Dinas Kependudukan dan Pencatatan Sipil",
            "id_urusan": 12,
            "kode_urusan": "2",
            "nama_urusan": "URUSAN PEMERINTAHAN WAJIB YANG TIDAK BERKAITAN DENGAN PELAYANAN DASAR",
            "id_bidang_urusan": 212,
            "kode_bidang_urusan": "2.12",
            "nama_bidang_urusan": "URUSAN PEMERINTAHAN BIDANG ADMINISTRASI KEPENDUDUKAN DAN PENCATATAN SIPIL",
            "id_sub_skpd": 700,
            "kode_sub_skpd": "2.12.0.00.0.00.01.0000",
            "nama_sub_skpd": "Dinas Kependudukan dan Pencatatan Sipil",
            "set_pagu_user": 0,
            "set_pagu_at": null,
            "id_program": 4451,
            "kode_program": "2.12.01",
            "nama_program": "PROGRAM PENUNJANG URUSAN PEMERINTAHAN DAERAH KABUPATEN/KOTA",
            "id_giat": 18372,
            "kode_giat": "2.12.01.2.02",
            "nama_giat": "Administrasi Keuangan Perangkat Daerah",
            "pagu_giat": 2685201275.0,
            "rinci_giat": null,
            "id_sub_giat": 60606,
            "kode_sub_giat": "2.12.01.2.02.0005",
            "nama_sub_giat": "Koordinasi dan Penyusunan Laporan Keuangan Akhir Tahun SKPD",
            "pagu": 10000000.0,
            "pagu_indikatif": 10000000.0,
            "rincian": null,
            "kode_bl": "700.700.4451.18372",
            "kode_sbl": "700.700.4451.18372.60606",
            "kunci_bl": 1,
            "kunci_bl_rinci": 1,
            "user_created": "HERU SUSANTO, ST",
            "created_date": "31-01-2025",
            "created_time": "15:52",
            "user_updated": "HERU SUSANTO, ST",
            "updated_date": "02-07-2025",
            "updated_time": "11:42",
            "is_locked": 0
        },
        {
            "id_sub_bl": 62649,
            "id_daerah": 473,
            "tahun": 2026,
            "id_unit": 700,
            "id_skpd": 700,
            "created_user": 1060,
            "kode_skpd": "2.12.0.00.0.00.01.0000",
            "nama_skpd": "Dinas Kependudukan dan Pencatatan Sipil",
            "id_urusan": 12,
            "kode_urusan": "2",
            "nama_urusan": "URUSAN PEMERINTAHAN WAJIB YANG TIDAK BERKAITAN DENGAN PELAYANAN DASAR",
            "id_bidang_urusan": 212,
            "kode_bidang_urusan": "2.12",
            "nama_bidang_urusan": "URUSAN PEMERINTAHAN BIDANG ADMINISTRASI KEPENDUDUKAN DAN PENCATATAN SIPIL",
            "id_sub_skpd": 700,
            "kode_sub_skpd": "2.12.0.00.0.00.01.0000",
            "nama_sub_skpd": "Dinas Kependudukan dan Pencatatan Sipil",
            "set_pagu_user": 0,
            "set_pagu_at": null,
            "id_program": 4451,
            "kode_program": "2.12.01",
            "nama_program": "PROGRAM PENUNJANG URUSAN PEMERINTAHAN DAERAH KABUPATEN/KOTA",
            "id_giat": 18372,
            "kode_giat": "2.12.01.2.02",
            "nama_giat": "Administrasi Keuangan Perangkat Daerah",
            "pagu_giat": 2685201275.0,
            "rinci_giat": null,
            "id_sub_giat": 60608,
            "kode_sub_giat": "2.12.01.2.02.0007",
            "nama_sub_giat": "Koordinasi dan Penyusunan Laporan Keuangan Bulanan/ Triwulanan/ Semesteran SKPD",
            "pagu": 5000000.0,
            "pagu_indikatif": 5000000.0,
            "rincian": null,
            "kode_bl": "700.700.4451.18372",
            "kode_sbl": "700.700.4451.18372.60608",
            "kunci_bl": 1,
            "kunci_bl_rinci": 1,
            "user_created": "HERU SUSANTO, ST",
            "created_date": "31-01-2025",
            "created_time": "15:58",
            "user_updated": "HERU SUSANTO, ST",
            "updated_date": "02-07-2025",
            "updated_time": "11:43",
            "is_locked": 0
        },
        {
            "id_sub_bl": 62690,
            "id_daerah": 473,
            "tahun": 2026,
            "id_unit": 700,
            "id_skpd": 700,
            "created_user": 1060,
            "kode_skpd": "2.12.0.00.0.00.01.0000",
            "nama_skpd": "Dinas Kependudukan dan Pencatatan Sipil",
            "id_urusan": 12,
            "kode_urusan": "2",
            "nama_urusan": "URUSAN PEMERINTAHAN WAJIB YANG TIDAK BERKAITAN DENGAN PELAYANAN DASAR",
            "id_bidang_urusan": 212,
            "kode_bidang_urusan": "2.12",
            "nama_bidang_urusan": "URUSAN PEMERINTAHAN BIDANG ADMINISTRASI KEPENDUDUKAN DAN PENCATATAN SIPIL",
            "id_sub_skpd": 700,
            "kode_sub_skpd": "2.12.0.00.0.00.01.0000",
            "nama_sub_skpd": "Dinas Kependudukan dan Pencatatan Sipil",
            "set_pagu_user": 0,
            "set_pagu_at": null,
            "id_program": 4451,
            "kode_program": "2.12.01",
            "nama_program": "PROGRAM PENUNJANG URUSAN PEMERINTAHAN DAERAH KABUPATEN/KOTA",
            "id_giat": 18373,
            "kode_giat": "2.12.01.2.03",
            "nama_giat": "Administrasi Barang Milik Daerah pada Perangkat Daerah",
            "pagu_giat": 51500000.0,
            "rinci_giat": null,
            "id_sub_giat": 60610,
            "kode_sub_giat": "2.12.01.2.03.0001",
            "nama_sub_giat": "Penyusunan Perencanaan Kebutuhan Barang Milik Daerah SKPD",
            "pagu": 1500000.0,
            "pagu_indikatif": 1500000.0,
            "rincian": null,
            "kode_bl": "700.700.4451.18373",
            "kode_sbl": "700.700.4451.18373.60610",
            "kunci_bl": 1,
            "kunci_bl_rinci": 1,
            "user_created": "HERU SUSANTO, ST",
            "created_date": "31-01-2025",
            "created_time": "16:06",
            "user_updated": "HERU SUSANTO, ST",
            "updated_date": "02-07-2025",
            "updated_time": "11:43",
            "is_locked": 0
        },
        {
            "id_sub_bl": 62705,
            "id_daerah": 473,
            "tahun": 2026,
            "id_unit": 700,
            "id_skpd": 700,
            "created_user": 1060,
            "kode_skpd": "2.12.0.00.0.00.01.0000",
            "nama_skpd": "Dinas Kependudukan dan Pencatatan Sipil",
            "id_urusan": 12,
            "kode_urusan": "2",
            "nama_urusan": "URUSAN PEMERINTAHAN WAJIB YANG TIDAK BERKAITAN DENGAN PELAYANAN DASAR",
            "id_bidang_urusan": 212,
            "kode_bidang_urusan": "2.12",
            "nama_bidang_urusan": "URUSAN PEMERINTAHAN BIDANG ADMINISTRASI KEPENDUDUKAN DAN PENCATATAN SIPIL",
            "id_sub_skpd": 700,
            "kode_sub_skpd": "2.12.0.00.0.00.01.0000",
            "nama_sub_skpd": "Dinas Kependudukan dan Pencatatan Sipil",
            "set_pagu_user": 0,
            "set_pagu_at": null,
            "id_program": 4451,
            "kode_program": "2.12.01",
            "nama_program": "PROGRAM PENUNJANG URUSAN PEMERINTAHAN DAERAH KABUPATEN/KOTA",
            "id_giat": 18373,
            "kode_giat": "2.12.01.2.03",
            "nama_giat": "Administrasi Barang Milik Daerah pada Perangkat Daerah",
            "pagu_giat": 51500000.0,
            "rinci_giat": null,
            "id_sub_giat": 60615,
            "kode_sub_giat": "2.12.01.2.03.0006",
            "nama_sub_giat": "Penatausahaan Barang Milik Daerah pada SKPD",
            "pagu": 50000000.0,
            "pagu_indikatif": 50000000.0,
            "rincian": null,
            "kode_bl": "700.700.4451.18373",
            "kode_sbl": "700.700.4451.18373.60615",
            "kunci_bl": 1,
            "kunci_bl_rinci": 1,
            "user_created": "HERU SUSANTO, ST",
            "created_date": "31-01-2025",
            "created_time": "16:09",
            "user_updated": "HERU SUSANTO, ST",
            "updated_date": "02-07-2025",
            "updated_time": "11:43",
            "is_locked": 0
        },
        {
            "id_sub_bl": 66534,
            "id_daerah": 473,
            "tahun": 2026,
            "id_unit": 700,
            "id_skpd": 700,
            "created_user": 1060,
            "kode_skpd": "2.12.0.00.0.00.01.0000",
            "nama_skpd": "Dinas Kependudukan dan Pencatatan Sipil",
            "id_urusan": 12,
            "kode_urusan": "2",
            "nama_urusan": "URUSAN PEMERINTAHAN WAJIB YANG TIDAK BERKAITAN DENGAN PELAYANAN DASAR",
            "id_bidang_urusan": 212,
            "kode_bidang_urusan": "2.12",
            "nama_bidang_urusan": "URUSAN PEMERINTAHAN BIDANG ADMINISTRASI KEPENDUDUKAN DAN PENCATATAN SIPIL",
            "id_sub_skpd": 700,
            "kode_sub_skpd": "2.12.0.00.0.00.01.0000",
            "nama_sub_skpd": "Dinas Kependudukan dan Pencatatan Sipil",
            "set_pagu_user": 0,
            "set_pagu_at": null,
            "id_program": 4451,
            "kode_program": "2.12.01",
            "nama_program": "PROGRAM PENUNJANG URUSAN PEMERINTAHAN DAERAH KABUPATEN/KOTA",
            "id_giat": 18375,
            "kode_giat": "2.12.01.2.05",
            "nama_giat": "Administrasi Kepegawaian Perangkat Daerah",
            "pagu_giat": 75000000.0,
            "rinci_giat": null,
            "id_sub_giat": 60625,
            "kode_sub_giat": "2.12.01.2.05.0002",
            "nama_sub_giat": "Pengadaan Pakaian Dinas beserta Atribut Kelengkapannya",
            "pagu": 50000000.0,
            "pagu_indikatif": 50000000.0,
            "rincian": null,
            "kode_bl": "700.700.4451.18375",
            "kode_sbl": "700.700.4451.18375.60625",
            "kunci_bl": 1,
            "kunci_bl_rinci": 1,
            "user_created": "HERU SUSANTO, ST",
            "created_date": "14-02-2025",
            "created_time": "19:37",
            "user_updated": "HERU SUSANTO, ST",
            "updated_date": "02-07-2025",
            "updated_time": "11:44",
            "is_locked": 0
        },
        {
            "id_sub_bl": 66535,
            "id_daerah": 473,
            "tahun": 2026,
            "id_unit": 700,
            "id_skpd": 700,
            "created_user": 1060,
            "kode_skpd": "2.12.0.00.0.00.01.0000",
            "nama_skpd": "Dinas Kependudukan dan Pencatatan Sipil",
            "id_urusan": 12,
            "kode_urusan": "2",
            "nama_urusan": "URUSAN PEMERINTAHAN WAJIB YANG TIDAK BERKAITAN DENGAN PELAYANAN DASAR",
            "id_bidang_urusan": 212,
            "kode_bidang_urusan": "2.12",
            "nama_bidang_urusan": "URUSAN PEMERINTAHAN BIDANG ADMINISTRASI KEPENDUDUKAN DAN PENCATATAN SIPIL",
            "id_sub_skpd": 700,
            "kode_sub_skpd": "2.12.0.00.0.00.01.0000",
            "nama_sub_skpd": "Dinas Kependudukan dan Pencatatan Sipil",
            "set_pagu_user": 0,
            "set_pagu_at": null,
            "id_program": 4451,
            "kode_program": "2.12.01",
            "nama_program": "PROGRAM PENUNJANG URUSAN PEMERINTAHAN DAERAH KABUPATEN/KOTA",
            "id_giat": 18375,
            "kode_giat": "2.12.01.2.05",
            "nama_giat": "Administrasi Kepegawaian Perangkat Daerah",
            "pagu_giat": 75000000.0,
            "rinci_giat": null,
            "id_sub_giat": 60632,
            "kode_sub_giat": "2.12.01.2.05.0009",
            "nama_sub_giat": "Pendidikan dan Pelatihan Pegawai Berdasarkan Tugas dan Fungsi",
            "pagu": 25000000.0,
            "pagu_indikatif": 25000000.0,
            "rincian": null,
            "kode_bl": "700.700.4451.18375",
            "kode_sbl": "700.700.4451.18375.60632",
            "kunci_bl": 1,
            "kunci_bl_rinci": 1,
            "user_created": "HERU SUSANTO, ST",
            "created_date": "14-02-2025",
            "created_time": "19:39",
            "user_updated": "HERU SUSANTO, ST",
            "updated_date": "02-07-2025",
            "updated_time": "11:44",
            "is_locked": 0
        },
        {
            "id_sub_bl": 62727,
            "id_daerah": 473,
            "tahun": 2026,
            "id_unit": 700,
            "id_skpd": 700,
            "created_user": 1060,
            "kode_skpd": "2.12.0.00.0.00.01.0000",
            "nama_skpd": "Dinas Kependudukan dan Pencatatan Sipil",
            "id_urusan": 12,
            "kode_urusan": "2",
            "nama_urusan": "URUSAN PEMERINTAHAN WAJIB YANG TIDAK BERKAITAN DENGAN PELAYANAN DASAR",
            "id_bidang_urusan": 212,
            "kode_bidang_urusan": "2.12",
            "nama_bidang_urusan": "URUSAN PEMERINTAHAN BIDANG ADMINISTRASI KEPENDUDUKAN DAN PENCATATAN SIPIL",
            "id_sub_skpd": 700,
            "kode_sub_skpd": "2.12.0.00.0.00.01.0000",
            "nama_sub_skpd": "Dinas Kependudukan dan Pencatatan Sipil",
            "set_pagu_user": 0,
            "set_pagu_at": null,
            "id_program": 4451,
            "kode_program": "2.12.01",
            "nama_program": "PROGRAM PENUNJANG URUSAN PEMERINTAHAN DAERAH KABUPATEN/KOTA",
            "id_giat": 18376,
            "kode_giat": "2.12.01.2.06",
            "nama_giat": "Administrasi Umum Perangkat Daerah",
            "pagu_giat": 530000000.0,
            "rinci_giat": null,
            "id_sub_giat": 60635,
            "kode_sub_giat": "2.12.01.2.06.0001",
            "nama_sub_giat": "Penyediaan Komponen Instalasi\r\n\nListrik/Penerangan Bangunan Kantor",
            "pagu": 15000000.0,
            "pagu_indikatif": 15000000.0,
            "rincian": null,
            "kode_bl": "700.700.4451.18376",
            "kode_sbl": "700.700.4451.18376.60635",
            "kunci_bl": 1,
            "kunci_bl_rinci": 1,
            "user_created": "HERU SUSANTO, ST",
            "created_date": "31-01-2025",
            "created_time": "16:14",
            "user_updated": "HERU SUSANTO, ST",
            "updated_date": "02-07-2025",
            "updated_time": "11:44",
            "is_locked": 0
        },
        {
            "id_sub_bl": 62732,
            "id_daerah": 473,
            "tahun": 2026,
            "id_unit": 700,
            "id_skpd": 700,
            "created_user": 1060,
            "kode_skpd": "2.12.0.00.0.00.01.0000",
            "nama_skpd": "Dinas Kependudukan dan Pencatatan Sipil",
            "id_urusan": 12,
            "kode_urusan": "2",
            "nama_urusan": "URUSAN PEMERINTAHAN WAJIB YANG TIDAK BERKAITAN DENGAN PELAYANAN DASAR",
            "id_bidang_urusan": 212,
            "kode_bidang_urusan": "2.12",
            "nama_bidang_urusan": "URUSAN PEMERINTAHAN BIDANG ADMINISTRASI KEPENDUDUKAN DAN PENCATATAN SIPIL",
            "id_sub_skpd": 700,
            "kode_sub_skpd": "2.12.0.00.0.00.01.0000",
            "nama_sub_skpd": "Dinas Kependudukan dan Pencatatan Sipil",
            "set_pagu_user": 0,
            "set_pagu_at": null,
            "id_program": 4451,
            "kode_program": "2.12.01",
            "nama_program": "PROGRAM PENUNJANG URUSAN PEMERINTAHAN DAERAH KABUPATEN/KOTA",
            "id_giat": 18376,
            "kode_giat": "2.12.01.2.06",
            "nama_giat": "Administrasi Umum Perangkat Daerah",
            "pagu_giat": 530000000.0,
            "rinci_giat": null,
            "id_sub_giat": 60636,
            "kode_sub_giat": "2.12.01.2.06.0002",
            "nama_sub_giat": "Penyediaan Peralatan dan Perlengkapan Kantor",
            "pagu": 100000000.0,
            "pagu_indikatif": 100000000.0,
            "rincian": null,
            "kode_bl": "700.700.4451.18376",
            "kode_sbl": "700.700.4451.18376.60636",
            "kunci_bl": 1,
            "kunci_bl_rinci": 1,
            "user_created": "HERU SUSANTO, ST",
            "created_date": "31-01-2025",
            "created_time": "16:15",
            "user_updated": "HERU SUSANTO, ST",
            "updated_date": "02-07-2025",
            "updated_time": "11:45",
            "is_locked": 0
        },
        {
            "id_sub_bl": 62734,
            "id_daerah": 473,
            "tahun": 2026,
            "id_unit": 700,
            "id_skpd": 700,
            "created_user": 1060,
            "kode_skpd": "2.12.0.00.0.00.01.0000",
            "nama_skpd": "Dinas Kependudukan dan Pencatatan Sipil",
            "id_urusan": 12,
            "kode_urusan": "2",
            "nama_urusan": "URUSAN PEMERINTAHAN WAJIB YANG TIDAK BERKAITAN DENGAN PELAYANAN DASAR",
            "id_bidang_urusan": 212,
            "kode_bidang_urusan": "2.12",
            "nama_bidang_urusan": "URUSAN PEMERINTAHAN BIDANG ADMINISTRASI KEPENDUDUKAN DAN PENCATATAN SIPIL",
            "id_sub_skpd": 700,
            "kode_sub_skpd": "2.12.0.00.0.00.01.0000",
            "nama_sub_skpd": "Dinas Kependudukan dan Pencatatan Sipil",
            "set_pagu_user": 0,
            "set_pagu_at": null,
            "id_program": 4451,
            "kode_program": "2.12.01",
            "nama_program": "PROGRAM PENUNJANG URUSAN PEMERINTAHAN DAERAH KABUPATEN/KOTA",
            "id_giat": 18376,
            "kode_giat": "2.12.01.2.06",
            "nama_giat": "Administrasi Umum Perangkat Daerah",
            "pagu_giat": 530000000.0,
            "rinci_giat": null,
            "id_sub_giat": 60637,
            "kode_sub_giat": "2.12.01.2.06.0003",
            "nama_sub_giat": "Penyediaan Peralatan Rumah Tangga",
            "pagu": 10000000.0,
            "pagu_indikatif": 10000000.0,
            "rincian": null,
            "kode_bl": "700.700.4451.18376",
            "kode_sbl": "700.700.4451.18376.60637",
            "kunci_bl": 1,
            "kunci_bl_rinci": 1,
            "user_created": "HERU SUSANTO, ST",
            "created_date": "31-01-2025",
            "created_time": "16:16",
            "user_updated": "HERU SUSANTO, ST",
            "updated_date": "02-07-2025",
            "updated_time": "11:45",
            "is_locked": 0
        },
        {
            "id_sub_bl": 62741,
            "id_daerah": 473,
            "tahun": 2026,
            "id_unit": 700,
            "id_skpd": 700,
            "created_user": 1060,
            "kode_skpd": "2.12.0.00.0.00.01.0000",
            "nama_skpd": "Dinas Kependudukan dan Pencatatan Sipil",
            "id_urusan": 12,
            "kode_urusan": "2",
            "nama_urusan": "URUSAN PEMERINTAHAN WAJIB YANG TIDAK BERKAITAN DENGAN PELAYANAN DASAR",
            "id_bidang_urusan": 212,
            "kode_bidang_urusan": "2.12",
            "nama_bidang_urusan": "URUSAN PEMERINTAHAN BIDANG ADMINISTRASI KEPENDUDUKAN DAN PENCATATAN SIPIL",
            "id_sub_skpd": 700,
            "kode_sub_skpd": "2.12.0.00.0.00.01.0000",
            "nama_sub_skpd": "Dinas Kependudukan dan Pencatatan Sipil",
            "set_pagu_user": 0,
            "set_pagu_at": null,
            "id_program": 4451,
            "kode_program": "2.12.01",
            "nama_program": "PROGRAM PENUNJANG URUSAN PEMERINTAHAN DAERAH KABUPATEN/KOTA",
            "id_giat": 18376,
            "kode_giat": "2.12.01.2.06",
            "nama_giat": "Administrasi Umum Perangkat Daerah",
            "pagu_giat": 530000000.0,
            "rinci_giat": null,
            "id_sub_giat": 60638,
            "kode_sub_giat": "2.12.01.2.06.0004",
            "nama_sub_giat": "Penyediaan Bahan Logistik Kantor",
            "pagu": 90000000.0,
            "pagu_indikatif": 90000000.0,
            "rincian": null,
            "kode_bl": "700.700.4451.18376",
            "kode_sbl": "700.700.4451.18376.60638",
            "kunci_bl": 1,
            "kunci_bl_rinci": 1,
            "user_created": "HERU SUSANTO, ST",
            "created_date": "31-01-2025",
            "created_time": "16:19",
            "user_updated": "HERU SUSANTO, ST",
            "updated_date": "02-07-2025",
            "updated_time": "11:46",
            "is_locked": 0
        },
        {
            "id_sub_bl": 62746,
            "id_daerah": 473,
            "tahun": 2026,
            "id_unit": 700,
            "id_skpd": 700,
            "created_user": 1060,
            "kode_skpd": "2.12.0.00.0.00.01.0000",
            "nama_skpd": "Dinas Kependudukan dan Pencatatan Sipil",
            "id_urusan": 12,
            "kode_urusan": "2",
            "nama_urusan": "URUSAN PEMERINTAHAN WAJIB YANG TIDAK BERKAITAN DENGAN PELAYANAN DASAR",
            "id_bidang_urusan": 212,
            "kode_bidang_urusan": "2.12",
            "nama_bidang_urusan": "URUSAN PEMERINTAHAN BIDANG ADMINISTRASI KEPENDUDUKAN DAN PENCATATAN SIPIL",
            "id_sub_skpd": 700,
            "kode_sub_skpd": "2.12.0.00.0.00.01.0000",
            "nama_sub_skpd": "Dinas Kependudukan dan Pencatatan Sipil",
            "set_pagu_user": 0,
            "set_pagu_at": null,
            "id_program": 4451,
            "kode_program": "2.12.01",
            "nama_program": "PROGRAM PENUNJANG URUSAN PEMERINTAHAN DAERAH KABUPATEN/KOTA",
            "id_giat": 18376,
            "kode_giat": "2.12.01.2.06",
            "nama_giat": "Administrasi Umum Perangkat Daerah",
            "pagu_giat": 530000000.0,
            "rinci_giat": null,
            "id_sub_giat": 60639,
            "kode_sub_giat": "2.12.01.2.06.0005",
            "nama_sub_giat": "Penyediaan Barang Cetakan dan Penggandaan",
            "pagu": 20000000.0,
            "pagu_indikatif": 20000000.0,
            "rincian": null,
            "kode_bl": "700.700.4451.18376",
            "kode_sbl": "700.700.4451.18376.60639",
            "kunci_bl": 1,
            "kunci_bl_rinci": 1,
            "user_created": "HERU SUSANTO, ST",
            "created_date": "31-01-2025",
            "created_time": "16:20",
            "user_updated": "HERU SUSANTO, ST",
            "updated_date": "02-07-2025",
            "updated_time": "11:46",
            "is_locked": 0
        },
        {
            "id_sub_bl": 62757,
            "id_daerah": 473,
            "tahun": 2026,
            "id_unit": 700,
            "id_skpd": 700,
            "created_user": 1060,
            "kode_skpd": "2.12.0.00.0.00.01.0000",
            "nama_skpd": "Dinas Kependudukan dan Pencatatan Sipil",
            "id_urusan": 12,
            "kode_urusan": "2",
            "nama_urusan": "URUSAN PEMERINTAHAN WAJIB YANG TIDAK BERKAITAN DENGAN PELAYANAN DASAR",
            "id_bidang_urusan": 212,
            "kode_bidang_urusan": "2.12",
            "nama_bidang_urusan": "URUSAN PEMERINTAHAN BIDANG ADMINISTRASI KEPENDUDUKAN DAN PENCATATAN SIPIL",
            "id_sub_skpd": 700,
            "kode_sub_skpd": "2.12.0.00.0.00.01.0000",
            "nama_sub_skpd": "Dinas Kependudukan dan Pencatatan Sipil",
            "set_pagu_user": 0,
            "set_pagu_at": null,
            "id_program": 4451,
            "kode_program": "2.12.01",
            "nama_program": "PROGRAM PENUNJANG URUSAN PEMERINTAHAN DAERAH KABUPATEN/KOTA",
            "id_giat": 18376,
            "kode_giat": "2.12.01.2.06",
            "nama_giat": "Administrasi Umum Perangkat Daerah",
            "pagu_giat": 530000000.0,
            "rinci_giat": null,
            "id_sub_giat": 60640,
            "kode_sub_giat": "2.12.01.2.06.0006",
            "nama_sub_giat": "Penyediaan Bahan Bacaan dan Peraturan Perundang-undangan",
            "pagu": 10000000.0,
            "pagu_indikatif": 10000000.0,
            "rincian": null,
            "kode_bl": "700.700.4451.18376",
            "kode_sbl": "700.700.4451.18376.60640",
            "kunci_bl": 1,
            "kunci_bl_rinci": 1,
            "user_created": "HERU SUSANTO, ST",
            "created_date": "31-01-2025",
            "created_time": "16:23",
            "user_updated": "HERU SUSANTO, ST",
            "updated_date": "02-07-2025",
            "updated_time": "11:46",
            "is_locked": 0
        },
        {
            "id_sub_bl": 62751,
            "id_daerah": 473,
            "tahun": 2026,
            "id_unit": 700,
            "id_skpd": 700,
            "created_user": 1060,
            "kode_skpd": "2.12.0.00.0.00.01.0000",
            "nama_skpd": "Dinas Kependudukan dan Pencatatan Sipil",
            "id_urusan": 12,
            "kode_urusan": "2",
            "nama_urusan": "URUSAN PEMERINTAHAN WAJIB YANG TIDAK BERKAITAN DENGAN PELAYANAN DASAR",
            "id_bidang_urusan": 212,
            "kode_bidang_urusan": "2.12",
            "nama_bidang_urusan": "URUSAN PEMERINTAHAN BIDANG ADMINISTRASI KEPENDUDUKAN DAN PENCATATAN SIPIL",
            "id_sub_skpd": 700,
            "kode_sub_skpd": "2.12.0.00.0.00.01.0000",
            "nama_sub_skpd": "Dinas Kependudukan dan Pencatatan Sipil",
            "set_pagu_user": 0,
            "set_pagu_at": null,
            "id_program": 4451,
            "kode_program": "2.12.01",
            "nama_program": "PROGRAM PENUNJANG URUSAN PEMERINTAHAN DAERAH KABUPATEN/KOTA",
            "id_giat": 18376,
            "kode_giat": "2.12.01.2.06",
            "nama_giat": "Administrasi Umum Perangkat Daerah",
            "pagu_giat": 530000000.0,
            "rinci_giat": null,
            "id_sub_giat": 60642,
            "kode_sub_giat": "2.12.01.2.06.0008",
            "nama_sub_giat": "Fasilitasi Kunjungan Tamu",
            "pagu": 5000000.0,
            "pagu_indikatif": 5000000.0,
            "rincian": null,
            "kode_bl": "700.700.4451.18376",
            "kode_sbl": "700.700.4451.18376.60642",
            "kunci_bl": 1,
            "kunci_bl_rinci": 1,
            "user_created": "HERU SUSANTO, ST",
            "created_date": "31-01-2025",
            "created_time": "16:21",
            "user_updated": "HERU SUSANTO, ST",
            "updated_date": "02-07-2025",
            "updated_time": "11:47",
            "is_locked": 0
        },
        {
            "id_sub_bl": 62761,
            "id_daerah": 473,
            "tahun": 2026,
            "id_unit": 700,
            "id_skpd": 700,
            "created_user": 1060,
            "kode_skpd": "2.12.0.00.0.00.01.0000",
            "nama_skpd": "Dinas Kependudukan dan Pencatatan Sipil",
            "id_urusan": 12,
            "kode_urusan": "2",
            "nama_urusan": "URUSAN PEMERINTAHAN WAJIB YANG TIDAK BERKAITAN DENGAN PELAYANAN DASAR",
            "id_bidang_urusan": 212,
            "kode_bidang_urusan": "2.12",
            "nama_bidang_urusan": "URUSAN PEMERINTAHAN BIDANG ADMINISTRASI KEPENDUDUKAN DAN PENCATATAN SIPIL",
            "id_sub_skpd": 700,
            "kode_sub_skpd": "2.12.0.00.0.00.01.0000",
            "nama_sub_skpd": "Dinas Kependudukan dan Pencatatan Sipil",
            "set_pagu_user": 0,
            "set_pagu_at": null,
            "id_program": 4451,
            "kode_program": "2.12.01",
            "nama_program": "PROGRAM PENUNJANG URUSAN PEMERINTAHAN DAERAH KABUPATEN/KOTA",
            "id_giat": 18376,
            "kode_giat": "2.12.01.2.06",
            "nama_giat": "Administrasi Umum Perangkat Daerah",
            "pagu_giat": 530000000.0,
            "rinci_giat": null,
            "id_sub_giat": 60643,
            "kode_sub_giat": "2.12.01.2.06.0009",
            "nama_sub_giat": "Penyelenggaraan Rapat Koordinasi dan Konsultasi SKPD",
            "pagu": 250000000.0,
            "pagu_indikatif": 250000000.0,
            "rincian": null,
            "kode_bl": "700.700.4451.18376",
            "kode_sbl": "700.700.4451.18376.60643",
            "kunci_bl": 1,
            "kunci_bl_rinci": 1,
            "user_created": "HERU SUSANTO, ST",
            "created_date": "31-01-2025",
            "created_time": "16:24",
            "user_updated": "HERU SUSANTO, ST",
            "updated_date": "02-07-2025",
            "updated_time": "11:47",
            "is_locked": 0
        },
        {
            "id_sub_bl": 62777,
            "id_daerah": 473,
            "tahun": 2026,
            "id_unit": 700,
            "id_skpd": 700,
            "created_user": 1060,
            "kode_skpd": "2.12.0.00.0.00.01.0000",
            "nama_skpd": "Dinas Kependudukan dan Pencatatan Sipil",
            "id_urusan": 12,
            "kode_urusan": "2",
            "nama_urusan": "URUSAN PEMERINTAHAN WAJIB YANG TIDAK BERKAITAN DENGAN PELAYANAN DASAR",
            "id_bidang_urusan": 212,
            "kode_bidang_urusan": "2.12",
            "nama_bidang_urusan": "URUSAN PEMERINTAHAN BIDANG ADMINISTRASI KEPENDUDUKAN DAN PENCATATAN SIPIL",
            "id_sub_skpd": 700,
            "kode_sub_skpd": "2.12.0.00.0.00.01.0000",
            "nama_sub_skpd": "Dinas Kependudukan dan Pencatatan Sipil",
            "set_pagu_user": 0,
            "set_pagu_at": null,
            "id_program": 4451,
            "kode_program": "2.12.01",
            "nama_program": "PROGRAM PENUNJANG URUSAN PEMERINTAHAN DAERAH KABUPATEN/KOTA",
            "id_giat": 18376,
            "kode_giat": "2.12.01.2.06",
            "nama_giat": "Administrasi Umum Perangkat Daerah",
            "pagu_giat": 530000000.0,
            "rinci_giat": null,
            "id_sub_giat": 60644,
            "kode_sub_giat": "2.12.01.2.06.0010",
            "nama_sub_giat": "Penatausahaan Arsip Dinamis pada SKPD",
            "pagu": 30000000.0,
            "pagu_indikatif": 30000000.0,
            "rincian": null,
            "kode_bl": "700.700.4451.18376",
            "kode_sbl": "700.700.4451.18376.60644",
            "kunci_bl": 1,
            "kunci_bl_rinci": 1,
            "user_created": "HERU SUSANTO, ST",
            "created_date": "31-01-2025",
            "created_time": "16:33",
            "user_updated": "HERU SUSANTO, ST",
            "updated_date": "02-07-2025",
            "updated_time": "11:47",
            "is_locked": 0
        },
        {
            "id_sub_bl": 62885,
            "id_daerah": 473,
            "tahun": 2026,
            "id_unit": 700,
            "id_skpd": 700,
            "created_user": 1060,
            "kode_skpd": "2.12.0.00.0.00.01.0000",
            "nama_skpd": "Dinas Kependudukan dan Pencatatan Sipil",
            "id_urusan": 12,
            "kode_urusan": "2",
            "nama_urusan": "URUSAN PEMERINTAHAN WAJIB YANG TIDAK BERKAITAN DENGAN PELAYANAN DASAR",
            "id_bidang_urusan": 212,
            "kode_bidang_urusan": "2.12",
            "nama_bidang_urusan": "URUSAN PEMERINTAHAN BIDANG ADMINISTRASI KEPENDUDUKAN DAN PENCATATAN SIPIL",
            "id_sub_skpd": 700,
            "kode_sub_skpd": "2.12.0.00.0.00.01.0000",
            "nama_sub_skpd": "Dinas Kependudukan dan Pencatatan Sipil",
            "set_pagu_user": 0,
            "set_pagu_at": null,
            "id_program": 4451,
            "kode_program": "2.12.01",
            "nama_program": "PROGRAM PENUNJANG URUSAN PEMERINTAHAN DAERAH KABUPATEN/KOTA",
            "id_giat": 18377,
            "kode_giat": "2.12.01.2.07",
            "nama_giat": "Pengadaan Barang Milik Daerah Penunjang Urusan Pemerintah Daerah",
            "pagu_giat": 120000000.0,
            "rinci_giat": null,
            "id_sub_giat": 60650,
            "kode_sub_giat": "2.12.01.2.07.0005",
            "nama_sub_giat": "Pengadaan Mebel",
            "pagu": 10000000.0,
            "pagu_indikatif": 10000000.0,
            "rincian": null,
            "kode_bl": "700.700.4451.18377",
            "kode_sbl": "700.700.4451.18377.60650",
            "kunci_bl": 1,
            "kunci_bl_rinci": 1,
            "user_created": "HERU SUSANTO, ST",
            "created_date": "31-01-2025",
            "created_time": "19:16",
            "user_updated": "HERU SUSANTO, ST",
            "updated_date": "02-07-2025",
            "updated_time": "11:47",
            "is_locked": 0
        },
        {
            "id_sub_bl": 66563,
            "id_daerah": 473,
            "tahun": 2026,
            "id_unit": 700,
            "id_skpd": 700,
            "created_user": 1060,
            "kode_skpd": "2.12.0.00.0.00.01.0000",
            "nama_skpd": "Dinas Kependudukan dan Pencatatan Sipil",
            "id_urusan": 12,
            "kode_urusan": "2",
            "nama_urusan": "URUSAN PEMERINTAHAN WAJIB YANG TIDAK BERKAITAN DENGAN PELAYANAN DASAR",
            "id_bidang_urusan": 212,
            "kode_bidang_urusan": "2.12",
            "nama_bidang_urusan": "URUSAN PEMERINTAHAN BIDANG ADMINISTRASI KEPENDUDUKAN DAN PENCATATAN SIPIL",
            "id_sub_skpd": 700,
            "kode_sub_skpd": "2.12.0.00.0.00.01.0000",
            "nama_sub_skpd": "Dinas Kependudukan dan Pencatatan Sipil",
            "set_pagu_user": 0,
            "set_pagu_at": null,
            "id_program": 4451,
            "kode_program": "2.12.01",
            "nama_program": "PROGRAM PENUNJANG URUSAN PEMERINTAHAN DAERAH KABUPATEN/KOTA",
            "id_giat": 18377,
            "kode_giat": "2.12.01.2.07",
            "nama_giat": "Pengadaan Barang Milik Daerah Penunjang Urusan Pemerintah Daerah",
            "pagu_giat": 120000000.0,
            "rinci_giat": null,
            "id_sub_giat": 60651,
            "kode_sub_giat": "2.12.01.2.07.0006",
            "nama_sub_giat": "Pengadaan Peralatan dan Mesin Lainnya",
            "pagu": 10000000.0,
            "pagu_indikatif": 10000000.0,
            "rincian": null,
            "kode_bl": "700.700.4451.18377",
            "kode_sbl": "700.700.4451.18377.60651",
            "kunci_bl": 1,
            "kunci_bl_rinci": 1,
            "user_created": "HERU SUSANTO, ST",
            "created_date": "14-02-2025",
            "created_time": "21:40",
            "user_updated": "HERU SUSANTO, ST",
            "updated_date": "02-07-2025",
            "updated_time": "11:48",
            "is_locked": 0
        },
        {
            "id_sub_bl": 62888,
            "id_daerah": 473,
            "tahun": 2026,
            "id_unit": 700,
            "id_skpd": 700,
            "created_user": 1060,
            "kode_skpd": "2.12.0.00.0.00.01.0000",
            "nama_skpd": "Dinas Kependudukan dan Pencatatan Sipil",
            "id_urusan": 12,
            "kode_urusan": "2",
            "nama_urusan": "URUSAN PEMERINTAHAN WAJIB YANG TIDAK BERKAITAN DENGAN PELAYANAN DASAR",
            "id_bidang_urusan": 212,
            "kode_bidang_urusan": "2.12",
            "nama_bidang_urusan": "URUSAN PEMERINTAHAN BIDANG ADMINISTRASI KEPENDUDUKAN DAN PENCATATAN SIPIL",
            "id_sub_skpd": 700,
            "kode_sub_skpd": "2.12.0.00.0.00.01.0000",
            "nama_sub_skpd": "Dinas Kependudukan dan Pencatatan Sipil",
            "set_pagu_user": 0,
            "set_pagu_at": null,
            "id_program": 4451,
            "kode_program": "2.12.01",
            "nama_program": "PROGRAM PENUNJANG URUSAN PEMERINTAHAN DAERAH KABUPATEN/KOTA",
            "id_giat": 18377,
            "kode_giat": "2.12.01.2.07",
            "nama_giat": "Pengadaan Barang Milik Daerah Penunjang Urusan Pemerintah Daerah",
            "pagu_giat": 120000000.0,
            "rinci_giat": null,
            "id_sub_giat": 60655,
            "kode_sub_giat": "2.12.01.2.07.0010",
            "nama_sub_giat": "Pengadaan Sarana dan Prasarana Gedung Kantor atau Bangunan Lainnya",
            "pagu": 50000000.0,
            "pagu_indikatif": 50000000.0,
            "rincian": null,
            "kode_bl": "700.700.4451.18377",
            "kode_sbl": "700.700.4451.18377.60655",
            "kunci_bl": 1,
            "kunci_bl_rinci": 1,
            "user_created": "HERU SUSANTO, ST",
            "created_date": "31-01-2025",
            "created_time": "19:19",
            "user_updated": "HERU SUSANTO, ST",
            "updated_date": "02-07-2025",
            "updated_time": "11:48",
            "is_locked": 0
        },
        {
            "id_sub_bl": 62889,
            "id_daerah": 473,
            "tahun": 2026,
            "id_unit": 700,
            "id_skpd": 700,
            "created_user": 1060,
            "kode_skpd": "2.12.0.00.0.00.01.0000",
            "nama_skpd": "Dinas Kependudukan dan Pencatatan Sipil",
            "id_urusan": 12,
            "kode_urusan": "2",
            "nama_urusan": "URUSAN PEMERINTAHAN WAJIB YANG TIDAK BERKAITAN DENGAN PELAYANAN DASAR",
            "id_bidang_urusan": 212,
            "kode_bidang_urusan": "2.12",
            "nama_bidang_urusan": "URUSAN PEMERINTAHAN BIDANG ADMINISTRASI KEPENDUDUKAN DAN PENCATATAN SIPIL",
            "id_sub_skpd": 700,
            "kode_sub_skpd": "2.12.0.00.0.00.01.0000",
            "nama_sub_skpd": "Dinas Kependudukan dan Pencatatan Sipil",
            "set_pagu_user": 0,
            "set_pagu_at": null,
            "id_program": 4451,
            "kode_program": "2.12.01",
            "nama_program": "PROGRAM PENUNJANG URUSAN PEMERINTAHAN DAERAH KABUPATEN/KOTA",
            "id_giat": 18377,
            "kode_giat": "2.12.01.2.07",
            "nama_giat": "Pengadaan Barang Milik Daerah Penunjang Urusan Pemerintah Daerah",
            "pagu_giat": 120000000.0,
            "rinci_giat": null,
            "id_sub_giat": 60656,
            "kode_sub_giat": "2.12.01.2.07.0011",
            "nama_sub_giat": "Pengadaan Sarana dan Prasarana Pendukung Gedung Kantor atau Bangunan Lainnya",
            "pagu": 50000000.0,
            "pagu_indikatif": 50000000.0,
            "rincian": null,
            "kode_bl": "700.700.4451.18377",
            "kode_sbl": "700.700.4451.18377.60656",
            "kunci_bl": 1,
            "kunci_bl_rinci": 1,
            "user_created": "HERU SUSANTO, ST",
            "created_date": "31-01-2025",
            "created_time": "19:21",
            "user_updated": "HERU SUSANTO, ST",
            "updated_date": "02-07-2025",
            "updated_time": "11:48",
            "is_locked": 0
        },
        {
            "id_sub_bl": 62890,
            "id_daerah": 473,
            "tahun": 2026,
            "id_unit": 700,
            "id_skpd": 700,
            "created_user": 1060,
            "kode_skpd": "2.12.0.00.0.00.01.0000",
            "nama_skpd": "Dinas Kependudukan dan Pencatatan Sipil",
            "id_urusan": 12,
            "kode_urusan": "2",
            "nama_urusan": "URUSAN PEMERINTAHAN WAJIB YANG TIDAK BERKAITAN DENGAN PELAYANAN DASAR",
            "id_bidang_urusan": 212,
            "kode_bidang_urusan": "2.12",
            "nama_bidang_urusan": "URUSAN PEMERINTAHAN BIDANG ADMINISTRASI KEPENDUDUKAN DAN PENCATATAN SIPIL",
            "id_sub_skpd": 700,
            "kode_sub_skpd": "2.12.0.00.0.00.01.0000",
            "nama_sub_skpd": "Dinas Kependudukan dan Pencatatan Sipil",
            "set_pagu_user": 0,
            "set_pagu_at": null,
            "id_program": 4451,
            "kode_program": "2.12.01",
            "nama_program": "PROGRAM PENUNJANG URUSAN PEMERINTAHAN DAERAH KABUPATEN/KOTA",
            "id_giat": 18378,
            "kode_giat": "2.12.01.2.08",
            "nama_giat": "Penyediaan Jasa Penunjang Urusan Pemerintahan Daerah",
            "pagu_giat": 510350412.0,
            "rinci_giat": null,
            "id_sub_giat": 60657,
            "kode_sub_giat": "2.12.01.2.08.0001",
            "nama_sub_giat": "Penyediaan Jasa Surat Menyurat",
            "pagu": 2000000.0,
            "pagu_indikatif": 2000000.0,
            "rincian": null,
            "kode_bl": "700.700.4451.18378",
            "kode_sbl": "700.700.4451.18378.60657",
            "kunci_bl": 1,
            "kunci_bl_rinci": 1,
            "user_created": "HERU SUSANTO, ST",
            "created_date": "31-01-2025",
            "created_time": "19:23",
            "user_updated": "HERU SUSANTO, ST",
            "updated_date": "02-07-2025",
            "updated_time": "11:49",
            "is_locked": 0
        },
        {
            "id_sub_bl": 62910,
            "id_daerah": 473,
            "tahun": 2026,
            "id_unit": 700,
            "id_skpd": 700,
            "created_user": 1060,
            "kode_skpd": "2.12.0.00.0.00.01.0000",
            "nama_skpd": "Dinas Kependudukan dan Pencatatan Sipil",
            "id_urusan": 12,
            "kode_urusan": "2",
            "nama_urusan": "URUSAN PEMERINTAHAN WAJIB YANG TIDAK BERKAITAN DENGAN PELAYANAN DASAR",
            "id_bidang_urusan": 212,
            "kode_bidang_urusan": "2.12",
            "nama_bidang_urusan": "URUSAN PEMERINTAHAN BIDANG ADMINISTRASI KEPENDUDUKAN DAN PENCATATAN SIPIL",
            "id_sub_skpd": 700,
            "kode_sub_skpd": "2.12.0.00.0.00.01.0000",
            "nama_sub_skpd": "Dinas Kependudukan dan Pencatatan Sipil",
            "set_pagu_user": 0,
            "set_pagu_at": null,
            "id_program": 4451,
            "kode_program": "2.12.01",
            "nama_program": "PROGRAM PENUNJANG URUSAN PEMERINTAHAN DAERAH KABUPATEN/KOTA",
            "id_giat": 18378,
            "kode_giat": "2.12.01.2.08",
            "nama_giat": "Penyediaan Jasa Penunjang Urusan Pemerintahan Daerah",
            "pagu_giat": 510350412.0,
            "rinci_giat": null,
            "id_sub_giat": 60658,
            "kode_sub_giat": "2.12.01.2.08.0002",
            "nama_sub_giat": "Penyediaan Jasa Komunikasi, Sumber Daya Air dan Listrik",
            "pagu": 150850412.0,
            "pagu_indikatif": 150850412.0,
            "rincian": null,
            "kode_bl": "700.700.4451.18378",
            "kode_sbl": "700.700.4451.18378.60658",
            "kunci_bl": 1,
            "kunci_bl_rinci": 1,
            "user_created": "HERU SUSANTO, ST",
            "created_date": "31-01-2025",
            "created_time": "19:48",
            "user_updated": "HERU SUSANTO, ST",
            "updated_date": "02-07-2025",
            "updated_time": "11:49",
            "is_locked": 0
        },
        {
            "id_sub_bl": 62914,
            "id_daerah": 473,
            "tahun": 2026,
            "id_unit": 700,
            "id_skpd": 700,
            "created_user": 1060,
            "kode_skpd": "2.12.0.00.0.00.01.0000",
            "nama_skpd": "Dinas Kependudukan dan Pencatatan Sipil",
            "id_urusan": 12,
            "kode_urusan": "2",
            "nama_urusan": "URUSAN PEMERINTAHAN WAJIB YANG TIDAK BERKAITAN DENGAN PELAYANAN DASAR",
            "id_bidang_urusan": 212,
            "kode_bidang_urusan": "2.12",
            "nama_bidang_urusan": "URUSAN PEMERINTAHAN BIDANG ADMINISTRASI KEPENDUDUKAN DAN PENCATATAN SIPIL",
            "id_sub_skpd": 700,
            "kode_sub_skpd": "2.12.0.00.0.00.01.0000",
            "nama_sub_skpd": "Dinas Kependudukan dan Pencatatan Sipil",
            "set_pagu_user": 0,
            "set_pagu_at": null,
            "id_program": 4451,
            "kode_program": "2.12.01",
            "nama_program": "PROGRAM PENUNJANG URUSAN PEMERINTAHAN DAERAH KABUPATEN/KOTA",
            "id_giat": 18378,
            "kode_giat": "2.12.01.2.08",
            "nama_giat": "Penyediaan Jasa Penunjang Urusan Pemerintahan Daerah",
            "pagu_giat": 510350412.0,
            "rinci_giat": null,
            "id_sub_giat": 60659,
            "kode_sub_giat": "2.12.01.2.08.0003",
            "nama_sub_giat": "Penyediaan Jasa Peralatan dan Perlengkapan Kantor",
            "pagu": 7500000.0,
            "pagu_indikatif": 7500000.0,
            "rincian": null,
            "kode_bl": "700.700.4451.18378",
            "kode_sbl": "700.700.4451.18378.60659",
            "kunci_bl": 1,
            "kunci_bl_rinci": 1,
            "user_created": "HERU SUSANTO, ST",
            "created_date": "31-01-2025",
            "created_time": "19:50",
            "user_updated": "HERU SUSANTO, ST",
            "updated_date": "02-07-2025",
            "updated_time": "11:49",
            "is_locked": 0
        },
        {
            "id_sub_bl": 62917,
            "id_daerah": 473,
            "tahun": 2026,
            "id_unit": 700,
            "id_skpd": 700,
            "created_user": 1060,
            "kode_skpd": "2.12.0.00.0.00.01.0000",
            "nama_skpd": "Dinas Kependudukan dan Pencatatan Sipil",
            "id_urusan": 12,
            "kode_urusan": "2",
            "nama_urusan": "URUSAN PEMERINTAHAN WAJIB YANG TIDAK BERKAITAN DENGAN PELAYANAN DASAR",
            "id_bidang_urusan": 212,
            "kode_bidang_urusan": "2.12",
            "nama_bidang_urusan": "URUSAN PEMERINTAHAN BIDANG ADMINISTRASI KEPENDUDUKAN DAN PENCATATAN SIPIL",
            "id_sub_skpd": 700,
            "kode_sub_skpd": "2.12.0.00.0.00.01.0000",
            "nama_sub_skpd": "Dinas Kependudukan dan Pencatatan Sipil",
            "set_pagu_user": 0,
            "set_pagu_at": null,
            "id_program": 4451,
            "kode_program": "2.12.01",
            "nama_program": "PROGRAM PENUNJANG URUSAN PEMERINTAHAN DAERAH KABUPATEN/KOTA",
            "id_giat": 18378,
            "kode_giat": "2.12.01.2.08",
            "nama_giat": "Penyediaan Jasa Penunjang Urusan Pemerintahan Daerah",
            "pagu_giat": 510350412.0,
            "rinci_giat": null,
            "id_sub_giat": 60660,
            "kode_sub_giat": "2.12.01.2.08.0004",
            "nama_sub_giat": "Penyediaan Jasa Pelayanan Umum Kantor",
            "pagu": 350000000.0,
            "pagu_indikatif": 350000000.0,
            "rincian": null,
            "kode_bl": "700.700.4451.18378",
            "kode_sbl": "700.700.4451.18378.60660",
            "kunci_bl": 1,
            "kunci_bl_rinci": 1,
            "user_created": "HERU SUSANTO, ST",
            "created_date": "31-01-2025",
            "created_time": "19:52",
            "user_updated": "HERU SUSANTO, ST",
            "updated_date": "02-07-2025",
            "updated_time": "11:50",
            "is_locked": 0
        },
        {
            "id_sub_bl": 66556,
            "id_daerah": 473,
            "tahun": 2026,
            "id_unit": 700,
            "id_skpd": 700,
            "created_user": 1060,
            "kode_skpd": "2.12.0.00.0.00.01.0000",
            "nama_skpd": "Dinas Kependudukan dan Pencatatan Sipil",
            "id_urusan": 12,
            "kode_urusan": "2",
            "nama_urusan": "URUSAN PEMERINTAHAN WAJIB YANG TIDAK BERKAITAN DENGAN PELAYANAN DASAR",
            "id_bidang_urusan": 212,
            "kode_bidang_urusan": "2.12",
            "nama_bidang_urusan": "URUSAN PEMERINTAHAN BIDANG ADMINISTRASI KEPENDUDUKAN DAN PENCATATAN SIPIL",
            "id_sub_skpd": 700,
            "kode_sub_skpd": "2.12.0.00.0.00.01.0000",
            "nama_sub_skpd": "Dinas Kependudukan dan Pencatatan Sipil",
            "set_pagu_user": 0,
            "set_pagu_at": null,
            "id_program": 4451,
            "kode_program": "2.12.01",
            "nama_program": "PROGRAM PENUNJANG URUSAN PEMERINTAHAN DAERAH KABUPATEN/KOTA",
            "id_giat": 18379,
            "kode_giat": "2.12.01.2.09",
            "nama_giat": "Pemeliharaan Barang Milik Daerah Penunjang Urusan Pemerintahan Daerah",
            "pagu_giat": 385000000.0,
            "rinci_giat": null,
            "id_sub_giat": 60661,
            "kode_sub_giat": "2.12.01.2.09.0001",
            "nama_sub_giat": "Penyediaan Jasa Pemeliharaan, Biaya Pemeliharaan, dan Pajak Kendaraan Perorangan Dinas atau Kendaraan Dinas Jabatan",
            "pagu": 60000000.0,
            "pagu_indikatif": 60000000.0,
            "rincian": null,
            "kode_bl": "700.700.4451.18379",
            "kode_sbl": "700.700.4451.18379.60661",
            "kunci_bl": 1,
            "kunci_bl_rinci": 1,
            "user_created": "HERU SUSANTO, ST",
            "created_date": "14-02-2025",
            "created_time": "21:26",
            "user_updated": "HERU SUSANTO, ST",
            "updated_date": "02-07-2025",
            "updated_time": "11:50",
            "is_locked": 0
        },
        {
            "id_sub_bl": 62918,
            "id_daerah": 473,
            "tahun": 2026,
            "id_unit": 700,
            "id_skpd": 700,
            "created_user": 1060,
            "kode_skpd": "2.12.0.00.0.00.01.0000",
            "nama_skpd": "Dinas Kependudukan dan Pencatatan Sipil",
            "id_urusan": 12,
            "kode_urusan": "2",
            "nama_urusan": "URUSAN PEMERINTAHAN WAJIB YANG TIDAK BERKAITAN DENGAN PELAYANAN DASAR",
            "id_bidang_urusan": 212,
            "kode_bidang_urusan": "2.12",
            "nama_bidang_urusan": "URUSAN PEMERINTAHAN BIDANG ADMINISTRASI KEPENDUDUKAN DAN PENCATATAN SIPIL",
            "id_sub_skpd": 700,
            "kode_sub_skpd": "2.12.0.00.0.00.01.0000",
            "nama_sub_skpd": "Dinas Kependudukan dan Pencatatan Sipil",
            "set_pagu_user": 0,
            "set_pagu_at": null,
            "id_program": 4451,
            "kode_program": "2.12.01",
            "nama_program": "PROGRAM PENUNJANG URUSAN PEMERINTAHAN DAERAH KABUPATEN/KOTA",
            "id_giat": 18379,
            "kode_giat": "2.12.01.2.09",
            "nama_giat": "Pemeliharaan Barang Milik Daerah Penunjang Urusan Pemerintahan Daerah",
            "pagu_giat": 385000000.0,
            "rinci_giat": null,
            "id_sub_giat": 60662,
            "kode_sub_giat": "2.12.01.2.09.0002",
            "nama_sub_giat": "Penyediaan Jasa Pemeliharaan, Biaya Pemeliharaan, Pajak dan Perizinan Kendaraan Dinas Operasional atau Lapangan",
            "pagu": 200000000.0,
            "pagu_indikatif": 200000000.0,
            "rincian": null,
            "kode_bl": "700.700.4451.18379",
            "kode_sbl": "700.700.4451.18379.60662",
            "kunci_bl": 1,
            "kunci_bl_rinci": 1,
            "user_created": "HERU SUSANTO, ST",
            "created_date": "31-01-2025",
            "created_time": "19:53",
            "user_updated": "HERU SUSANTO, ST",
            "updated_date": "02-07-2025",
            "updated_time": "11:50",
            "is_locked": 0
        },
        {
            "id_sub_bl": 62934,
            "id_daerah": 473,
            "tahun": 2026,
            "id_unit": 700,
            "id_skpd": 700,
            "created_user": 1060,
            "kode_skpd": "2.12.0.00.0.00.01.0000",
            "nama_skpd": "Dinas Kependudukan dan Pencatatan Sipil",
            "id_urusan": 12,
            "kode_urusan": "2",
            "nama_urusan": "URUSAN PEMERINTAHAN WAJIB YANG TIDAK BERKAITAN DENGAN PELAYANAN DASAR",
            "id_bidang_urusan": 212,
            "kode_bidang_urusan": "2.12",
            "nama_bidang_urusan": "URUSAN PEMERINTAHAN BIDANG ADMINISTRASI KEPENDUDUKAN DAN PENCATATAN SIPIL",
            "id_sub_skpd": 700,
            "kode_sub_skpd": "2.12.0.00.0.00.01.0000",
            "nama_sub_skpd": "Dinas Kependudukan dan Pencatatan Sipil",
            "set_pagu_user": 0,
            "set_pagu_at": null,
            "id_program": 4451,
            "kode_program": "2.12.01",
            "nama_program": "PROGRAM PENUNJANG URUSAN PEMERINTAHAN DAERAH KABUPATEN/KOTA",
            "id_giat": 18379,
            "kode_giat": "2.12.01.2.09",
            "nama_giat": "Pemeliharaan Barang Milik Daerah Penunjang Urusan Pemerintahan Daerah",
            "pagu_giat": 385000000.0,
            "rinci_giat": null,
            "id_sub_giat": 60666,
            "kode_sub_giat": "2.12.01.2.09.0006",
            "nama_sub_giat": "Pemeliharaan Peralatan dan Mesin Lainnya",
            "pagu": 10000000.0,
            "pagu_indikatif": 10000000.0,
            "rincian": null,
            "kode_bl": "700.700.4451.18379",
            "kode_sbl": "700.700.4451.18379.60666",
            "kunci_bl": 1,
            "kunci_bl_rinci": 1,
            "user_created": "HERU SUSANTO, ST",
            "created_date": "31-01-2025",
            "created_time": "20:19",
            "user_updated": "HERU SUSANTO, ST",
            "updated_date": "02-07-2025",
            "updated_time": "11:51",
            "is_locked": 0
        },
        {
            "id_sub_bl": 62935,
            "id_daerah": 473,
            "tahun": 2026,
            "id_unit": 700,
            "id_skpd": 700,
            "created_user": 1060,
            "kode_skpd": "2.12.0.00.0.00.01.0000",
            "nama_skpd": "Dinas Kependudukan dan Pencatatan Sipil",
            "id_urusan": 12,
            "kode_urusan": "2",
            "nama_urusan": "URUSAN PEMERINTAHAN WAJIB YANG TIDAK BERKAITAN DENGAN PELAYANAN DASAR",
            "id_bidang_urusan": 212,
            "kode_bidang_urusan": "2.12",
            "nama_bidang_urusan": "URUSAN PEMERINTAHAN BIDANG ADMINISTRASI KEPENDUDUKAN DAN PENCATATAN SIPIL",
            "id_sub_skpd": 700,
            "kode_sub_skpd": "2.12.0.00.0.00.01.0000",
            "nama_sub_skpd": "Dinas Kependudukan dan Pencatatan Sipil",
            "set_pagu_user": 0,
            "set_pagu_at": null,
            "id_program": 4451,
            "kode_program": "2.12.01",
            "nama_program": "PROGRAM PENUNJANG URUSAN PEMERINTAHAN DAERAH KABUPATEN/KOTA",
            "id_giat": 18379,
            "kode_giat": "2.12.01.2.09",
            "nama_giat": "Pemeliharaan Barang Milik Daerah Penunjang Urusan Pemerintahan Daerah",
            "pagu_giat": 385000000.0,
            "rinci_giat": null,
            "id_sub_giat": 60669,
            "kode_sub_giat": "2.12.01.2.09.0009",
            "nama_sub_giat": "Pemeliharaan/Rehabilitasi Gedung Kantor dan Bangunan Lainnya",
            "pagu": 25000000.0,
            "pagu_indikatif": 25000000.0,
            "rincian": null,
            "kode_bl": "700.700.4451.18379",
            "kode_sbl": "700.700.4451.18379.60669",
            "kunci_bl": 1,
            "kunci_bl_rinci": 1,
            "user_created": "HERU SUSANTO, ST",
            "created_date": "31-01-2025",
            "created_time": "20:21",
            "user_updated": "HERU SUSANTO, ST",
            "updated_date": "02-07-2025",
            "updated_time": "11:51",
            "is_locked": 0
        },
        {
            "id_sub_bl": 62936,
            "id_daerah": 473,
            "tahun": 2026,
            "id_unit": 700,
            "id_skpd": 700,
            "created_user": 1060,
            "kode_skpd": "2.12.0.00.0.00.01.0000",
            "nama_skpd": "Dinas Kependudukan dan Pencatatan Sipil",
            "id_urusan": 12,
            "kode_urusan": "2",
            "nama_urusan": "URUSAN PEMERINTAHAN WAJIB YANG TIDAK BERKAITAN DENGAN PELAYANAN DASAR",
            "id_bidang_urusan": 212,
            "kode_bidang_urusan": "2.12",
            "nama_bidang_urusan": "URUSAN PEMERINTAHAN BIDANG ADMINISTRASI KEPENDUDUKAN DAN PENCATATAN SIPIL",
            "id_sub_skpd": 700,
            "kode_sub_skpd": "2.12.0.00.0.00.01.0000",
            "nama_sub_skpd": "Dinas Kependudukan dan Pencatatan Sipil",
            "set_pagu_user": 0,
            "set_pagu_at": null,
            "id_program": 4451,
            "kode_program": "2.12.01",
            "nama_program": "PROGRAM PENUNJANG URUSAN PEMERINTAHAN DAERAH KABUPATEN/KOTA",
            "id_giat": 18379,
            "kode_giat": "2.12.01.2.09",
            "nama_giat": "Pemeliharaan Barang Milik Daerah Penunjang Urusan Pemerintahan Daerah",
            "pagu_giat": 385000000.0,
            "rinci_giat": null,
            "id_sub_giat": 60670,
            "kode_sub_giat": "2.12.01.2.09.0010",
            "nama_sub_giat": "Pemeliharaan/Rehabilitasi Sarana dan Prasarana Gedung Kantor atau Bangunan Lainnya",
            "pagu": 50000000.0,
            "pagu_indikatif": 50000000.0,
            "rincian": null,
            "kode_bl": "700.700.4451.18379",
            "kode_sbl": "700.700.4451.18379.60670",
            "kunci_bl": 1,
            "kunci_bl_rinci": 1,
            "user_created": "HERU SUSANTO, ST",
            "created_date": "31-01-2025",
            "created_time": "20:22",
            "user_updated": "HERU SUSANTO, ST",
            "updated_date": "02-07-2025",
            "updated_time": "11:51",
            "is_locked": 0
        },
        {
            "id_sub_bl": 62937,
            "id_daerah": 473,
            "tahun": 2026,
            "id_unit": 700,
            "id_skpd": 700,
            "created_user": 1060,
            "kode_skpd": "2.12.0.00.0.00.01.0000",
            "nama_skpd": "Dinas Kependudukan dan Pencatatan Sipil",
            "id_urusan": 12,
            "kode_urusan": "2",
            "nama_urusan": "URUSAN PEMERINTAHAN WAJIB YANG TIDAK BERKAITAN DENGAN PELAYANAN DASAR",
            "id_bidang_urusan": 212,
            "kode_bidang_urusan": "2.12",
            "nama_bidang_urusan": "URUSAN PEMERINTAHAN BIDANG ADMINISTRASI KEPENDUDUKAN DAN PENCATATAN SIPIL",
            "id_sub_skpd": 700,
            "kode_sub_skpd": "2.12.0.00.0.00.01.0000",
            "nama_sub_skpd": "Dinas Kependudukan dan Pencatatan Sipil",
            "set_pagu_user": 0,
            "set_pagu_at": null,
            "id_program": 4451,
            "kode_program": "2.12.01",
            "nama_program": "PROGRAM PENUNJANG URUSAN PEMERINTAHAN DAERAH KABUPATEN/KOTA",
            "id_giat": 18379,
            "kode_giat": "2.12.01.2.09",
            "nama_giat": "Pemeliharaan Barang Milik Daerah Penunjang Urusan Pemerintahan Daerah",
            "pagu_giat": 385000000.0,
            "rinci_giat": null,
            "id_sub_giat": 60671,
            "kode_sub_giat": "2.12.01.2.09.0011",
            "nama_sub_giat": "Pemeliharaan/Rehabilitasi Sarana dan Prasarana Pendukung Gedung Kantor atau Bangunan Lainnya",
            "pagu": 40000000.0,
            "pagu_indikatif": 40000000.0,
            "rincian": null,
            "kode_bl": "700.700.4451.18379",
            "kode_sbl": "700.700.4451.18379.60671",
            "kunci_bl": 1,
            "kunci_bl_rinci": 1,
            "user_created": "HERU SUSANTO, ST",
            "created_date": "31-01-2025",
            "created_time": "20:24",
            "user_updated": "HERU SUSANTO, ST",
            "updated_date": "02-07-2025",
            "updated_time": "11:52",
            "is_locked": 0
        }
    ]