[
        {
            "id_sub_bl": 62357,
            "id_daerah": 473,
            "tahun": 2026,
            "id_unit": 971,
            "id_skpd": 971,
            "created_user": 6938,
            "kode_skpd": "2.13.0.00.0.00.01.0000",
            "nama_skpd": "Dinas Pemberdayaan Masyarakat dan Desa",
            "id_urusan": 12,
            "kode_urusan": "2",
            "nama_urusan": "URUSAN PEMERINTAHAN WAJIB YANG TIDAK BERKAITAN DENGAN PELAYANAN DASAR",
            "id_bidang_urusan": 213,
            "kode_bidang_urusan": "2.13",
            "nama_bidang_urusan": "URUSAN PEMERINTAHAN BIDANG PEMBERDAYAAN MASYARAKAT DAN DESA",
            "id_sub_skpd": 971,
            "kode_sub_skpd": "2.13.0.00.0.00.01.0000",
            "nama_sub_skpd": "Dinas Pemberdayaan Masyarakat dan Desa",
            "set_pagu_user": 6938,
            "set_pagu_at": "Tue, 25 Mar 2025 11:30:30 GMT",
            "id_program": 3726,
            "kode_program": "2.13.02",
            "nama_program": "PROGRAM PENATAAN DESA",
            "id_giat": 16329,
            "kode_giat": "2.13.02.2.01",
            "nama_giat": "Penyelenggaraan Penataan Desa",
            "pagu_giat": 15012344.0,
            "rinci_giat": null,
            "id_sub_giat": 54254,
            "kode_sub_giat": "2.13.02.2.01.0003",
            "nama_sub_giat": "Fasilitasi Penataan Kewenangan Desa",
            "pagu": 15000000.0,
            "pagu_indikatif": 15000000.0,
            "rincian": null,
            "kode_bl": "971.971.3726.16329",
            "kode_sbl": "971.971.3726.16329.54254",
            "kunci_bl": 1,
            "kunci_bl_rinci": 1,
            "user_created": "RAHMAT HIDAYAT, S.STP, M.Si",
            "created_date": "31-01-2025",
            "created_time": "13:21",
            "user_updated": "RAHMAT HIDAYAT, S.STP, M.Si",
            "updated_date": "31-01-2025",
            "updated_time": "21:41",
            "is_locked": 0
        },
        {
            "id_sub_bl": 62362,
            "id_daerah": 473,
            "tahun": 2026,
            "id_unit": 971,
            "id_skpd": 971,
            "created_user": 6938,
            "kode_skpd": "2.13.0.00.0.00.01.0000",
            "nama_skpd": "Dinas Pemberdayaan Masyarakat dan Desa",
            "id_urusan": 12,
            "kode_urusan": "2",
            "nama_urusan": "URUSAN PEMERINTAHAN WAJIB YANG TIDAK BERKAITAN DENGAN PELAYANAN DASAR",
            "id_bidang_urusan": 213,
            "kode_bidang_urusan": "2.13",
            "nama_bidang_urusan": "URUSAN PEMERINTAHAN BIDANG PEMBERDAYAAN MASYARAKAT DAN DESA",
            "id_sub_skpd": 971,
            "kode_sub_skpd": "2.13.0.00.0.00.01.0000",
            "nama_sub_skpd": "Dinas Pemberdayaan Masyarakat dan Desa",
            "set_pagu_user": 6938,
            "set_pagu_at": "Tue, 25 Mar 2025 11:30:30 GMT",
            "id_program": 3740,
            "kode_program": "2.13.03",
            "nama_program": "PROGRAM PENINGKATAN KERJA SAMA DESA",
            "id_giat": 16343,
            "kode_giat": "2.13.03.2.01",
            "nama_giat": "Fasilitasi Kerja Sama antar Desa",
            "pagu_giat": 33795000.0,
            "rinci_giat": null,
            "id_sub_giat": 54299,
            "kode_sub_giat": "2.13.03.2.01.0003",
            "nama_sub_giat": "Fasilitasi Pembangunan Kawasan Perdesaan",
            "pagu": 33795000.0,
            "pagu_indikatif": 33795000.0,
            "rincian": null,
            "kode_bl": "971.971.3740.16343",
            "kode_sbl": "971.971.3740.16343.54299",
            "kunci_bl": 1,
            "kunci_bl_rinci": 1,
            "user_created": "RAHMAT HIDAYAT, S.STP, M.Si",
            "created_date": "31-01-2025",
            "created_time": "13:25",
            "user_updated": "RAHMAT HIDAYAT, S.STP, M.Si",
            "updated_date": "31-01-2025",
            "updated_time": "21:42",
            "is_locked": 0
        },
        {
            "id_sub_bl": 62390,
            "id_daerah": 473,
            "tahun": 2026,
            "id_unit": 971,
            "id_skpd": 971,
            "created_user": 6938,
            "kode_skpd": "2.13.0.00.0.00.01.0000",
            "nama_skpd": "Dinas Pemberdayaan Masyarakat dan Desa",
            "id_urusan": 12,
            "kode_urusan": "2",
            "nama_urusan": "URUSAN PEMERINTAHAN WAJIB YANG TIDAK BERKAITAN DENGAN PELAYANAN DASAR",
            "id_bidang_urusan": 213,
            "kode_bidang_urusan": "2.13",
            "nama_bidang_urusan": "URUSAN PEMERINTAHAN BIDANG PEMBERDAYAAN MASYARAKAT DAN DESA",
            "id_sub_skpd": 971,
            "kode_sub_skpd": "2.13.0.00.0.00.01.0000",
            "nama_sub_skpd": "Dinas Pemberdayaan Masyarakat dan Desa",
            "set_pagu_user": 6938,
            "set_pagu_at": "Tue, 25 Mar 2025 11:30:30 GMT",
            "id_program": 3754,
            "kode_program": "2.13.04",
            "nama_program": "PROGRAM ADMINISTRASI PEMERINTAHAN DESA",
            "id_giat": 16357,
            "kode_giat": "2.13.04.2.01",
            "nama_giat": "Pembinaan dan Pengawasan Penyelenggaraan Administrasi Pemerintahan Desa",
            "pagu_giat": 458942000.0,
            "rinci_giat": null,
            "id_sub_giat": 54361,
            "kode_sub_giat": "2.13.04.2.01.0004",
            "nama_sub_giat": "Fasilitasi Pengelolaan Keuangan Desa",
            "pagu": 17500000.0,
            "pagu_indikatif": 17500000.0,
            "rincian": null,
            "kode_bl": "971.971.3754.16357",
            "kode_sbl": "971.971.3754.16357.54361",
            "kunci_bl": 1,
            "kunci_bl_rinci": 1,
            "user_created": "RAHMAT HIDAYAT, S.STP, M.Si",
            "created_date": "31-01-2025",
            "created_time": "13:52",
            "user_updated": "RAHMAT HIDAYAT, S.STP, M.Si",
            "updated_date": "31-01-2025",
            "updated_time": "21:43",
            "is_locked": 0
        },
        {
            "id_sub_bl": 62394,
            "id_daerah": 473,
            "tahun": 2026,
            "id_unit": 971,
            "id_skpd": 971,
            "created_user": 6938,
            "kode_skpd": "2.13.0.00.0.00.01.0000",
            "nama_skpd": "Dinas Pemberdayaan Masyarakat dan Desa",
            "id_urusan": 12,
            "kode_urusan": "2",
            "nama_urusan": "URUSAN PEMERINTAHAN WAJIB YANG TIDAK BERKAITAN DENGAN PELAYANAN DASAR",
            "id_bidang_urusan": 213,
            "kode_bidang_urusan": "2.13",
            "nama_bidang_urusan": "URUSAN PEMERINTAHAN BIDANG PEMBERDAYAAN MASYARAKAT DAN DESA",
            "id_sub_skpd": 971,
            "kode_sub_skpd": "2.13.0.00.0.00.01.0000",
            "nama_sub_skpd": "Dinas Pemberdayaan Masyarakat dan Desa",
            "set_pagu_user": 6938,
            "set_pagu_at": "Tue, 25 Mar 2025 11:30:30 GMT",
            "id_program": 3754,
            "kode_program": "2.13.04",
            "nama_program": "PROGRAM ADMINISTRASI PEMERINTAHAN DESA",
            "id_giat": 16357,
            "kode_giat": "2.13.04.2.01",
            "nama_giat": "Pembinaan dan Pengawasan Penyelenggaraan Administrasi Pemerintahan Desa",
            "pagu_giat": 458942000.0,
            "rinci_giat": null,
            "id_sub_giat": 54365,
            "kode_sub_giat": "2.13.04.2.01.0008",
            "nama_sub_giat": "Pembinaan dan Pemberdayaan BUM Desa dan Lembaga Kerja Sama antar Desa",
            "pagu": 63842000.0,
            "pagu_indikatif": 63842000.0,
            "rincian": null,
            "kode_bl": "971.971.3754.16357",
            "kode_sbl": "971.971.3754.16357.54365",
            "kunci_bl": 1,
            "kunci_bl_rinci": 1,
            "user_created": "RAHMAT HIDAYAT, S.STP, M.Si",
            "created_date": "31-01-2025",
            "created_time": "13:53",
            "user_updated": "RAHMAT HIDAYAT, S.STP, M.Si",
            "updated_date": "31-01-2025",
            "updated_time": "21:44",
            "is_locked": 0
        },
        {
            "id_sub_bl": 62395,
            "id_daerah": 473,
            "tahun": 2026,
            "id_unit": 971,
            "id_skpd": 971,
            "created_user": 6938,
            "kode_skpd": "2.13.0.00.0.00.01.0000",
            "nama_skpd": "Dinas Pemberdayaan Masyarakat dan Desa",
            "id_urusan": 12,
            "kode_urusan": "2",
            "nama_urusan": "URUSAN PEMERINTAHAN WAJIB YANG TIDAK BERKAITAN DENGAN PELAYANAN DASAR",
            "id_bidang_urusan": 213,
            "kode_bidang_urusan": "2.13",
            "nama_bidang_urusan": "URUSAN PEMERINTAHAN BIDANG PEMBERDAYAAN MASYARAKAT DAN DESA",
            "id_sub_skpd": 971,
            "kode_sub_skpd": "2.13.0.00.0.00.01.0000",
            "nama_sub_skpd": "Dinas Pemberdayaan Masyarakat dan Desa",
            "set_pagu_user": 6938,
            "set_pagu_at": "Tue, 25 Mar 2025 11:30:30 GMT",
            "id_program": 3754,
            "kode_program": "2.13.04",
            "nama_program": "PROGRAM ADMINISTRASI PEMERINTAHAN DESA",
            "id_giat": 16357,
            "kode_giat": "2.13.04.2.01",
            "nama_giat": "Pembinaan dan Pengawasan Penyelenggaraan Administrasi Pemerintahan Desa",
            "pagu_giat": 458942000.0,
            "rinci_giat": null,
            "id_sub_giat": 54366,
            "kode_sub_giat": "2.13.04.2.01.0009",
            "nama_sub_giat": "Penyelenggaraan Pemilihan, Pengangkatan dan Pemberhentian Kepala Desa",
            "pagu": 323600000.0,
            "pagu_indikatif": 323600000.0,
            "rincian": null,
            "kode_bl": "971.971.3754.16357",
            "kode_sbl": "971.971.3754.16357.54366",
            "kunci_bl": 1,
            "kunci_bl_rinci": 1,
            "user_created": "RAHMAT HIDAYAT, S.STP, M.Si",
            "created_date": "31-01-2025",
            "created_time": "13:55",
            "user_updated": "RAHMAT HIDAYAT, S.STP, M.Si",
            "updated_date": "31-01-2025",
            "updated_time": "21:45",
            "is_locked": 0
        },
        {
            "id_sub_bl": 62399,
            "id_daerah": 473,
            "tahun": 2026,
            "id_unit": 971,
            "id_skpd": 971,
            "created_user": 6938,
            "kode_skpd": "2.13.0.00.0.00.01.0000",
            "nama_skpd": "Dinas Pemberdayaan Masyarakat dan Desa",
            "id_urusan": 12,
            "kode_urusan": "2",
            "nama_urusan": "URUSAN PEMERINTAHAN WAJIB YANG TIDAK BERKAITAN DENGAN PELAYANAN DASAR",
            "id_bidang_urusan": 213,
            "kode_bidang_urusan": "2.13",
            "nama_bidang_urusan": "URUSAN PEMERINTAHAN BIDANG PEMBERDAYAAN MASYARAKAT DAN DESA",
            "id_sub_skpd": 971,
            "kode_sub_skpd": "2.13.0.00.0.00.01.0000",
            "nama_sub_skpd": "Dinas Pemberdayaan Masyarakat dan Desa",
            "set_pagu_user": 6938,
            "set_pagu_at": "Tue, 25 Mar 2025 11:30:30 GMT",
            "id_program": 3754,
            "kode_program": "2.13.04",
            "nama_program": "PROGRAM ADMINISTRASI PEMERINTAHAN DESA",
            "id_giat": 16357,
            "kode_giat": "2.13.04.2.01",
            "nama_giat": "Pembinaan dan Pengawasan Penyelenggaraan Administrasi Pemerintahan Desa",
            "pagu_giat": 458942000.0,
            "rinci_giat": null,
            "id_sub_giat": 54371,
            "kode_sub_giat": "2.13.04.2.01.0014",
            "nama_sub_giat": "Pembinaan Peningkatan Kapasitas Anggota BPD",
            "pagu": 16000000.0,
            "pagu_indikatif": 16000000.0,
            "rincian": null,
            "kode_bl": "971.971.3754.16357",
            "kode_sbl": "971.971.3754.16357.54371",
            "kunci_bl": 1,
            "kunci_bl_rinci": 1,
            "user_created": "RAHMAT HIDAYAT, S.STP, M.Si",
            "created_date": "31-01-2025",
            "created_time": "14:05",
            "user_updated": "RAHMAT HIDAYAT, S.STP, M.Si",
            "updated_date": "31-01-2025",
            "updated_time": "21:46",
            "is_locked": 0
        },
        {
            "id_sub_bl": 62400,
            "id_daerah": 473,
            "tahun": 2026,
            "id_unit": 971,
            "id_skpd": 971,
            "created_user": 6938,
            "kode_skpd": "2.13.0.00.0.00.01.0000",
            "nama_skpd": "Dinas Pemberdayaan Masyarakat dan Desa",
            "id_urusan": 12,
            "kode_urusan": "2",
            "nama_urusan": "URUSAN PEMERINTAHAN WAJIB YANG TIDAK BERKAITAN DENGAN PELAYANAN DASAR",
            "id_bidang_urusan": 213,
            "kode_bidang_urusan": "2.13",
            "nama_bidang_urusan": "URUSAN PEMERINTAHAN BIDANG PEMBERDAYAAN MASYARAKAT DAN DESA",
            "id_sub_skpd": 971,
            "kode_sub_skpd": "2.13.0.00.0.00.01.0000",
            "nama_sub_skpd": "Dinas Pemberdayaan Masyarakat dan Desa",
            "set_pagu_user": 6938,
            "set_pagu_at": "Tue, 25 Mar 2025 11:30:30 GMT",
            "id_program": 3754,
            "kode_program": "2.13.04",
            "nama_program": "PROGRAM ADMINISTRASI PEMERINTAHAN DESA",
            "id_giat": 16357,
            "kode_giat": "2.13.04.2.01",
            "nama_giat": "Pembinaan dan Pengawasan Penyelenggaraan Administrasi Pemerintahan Desa",
            "pagu_giat": 458942000.0,
            "rinci_giat": null,
            "id_sub_giat": 54372,
            "kode_sub_giat": "2.13.04.2.01.0015",
            "nama_sub_giat": "Fasilitasi Penetapan dan Penegasan Batas Desa",
            "pagu": 25000000.0,
            "pagu_indikatif": 25000000.0,
            "rincian": null,
            "kode_bl": "971.971.3754.16357",
            "kode_sbl": "971.971.3754.16357.54372",
            "kunci_bl": 1,
            "kunci_bl_rinci": 1,
            "user_created": "RAHMAT HIDAYAT, S.STP, M.Si",
            "created_date": "31-01-2025",
            "created_time": "14:07",
            "user_updated": "RAHMAT HIDAYAT, S.STP, M.Si",
            "updated_date": "31-01-2025",
            "updated_time": "21:47",
            "is_locked": 0
        },
        {
            "id_sub_bl": 62401,
            "id_daerah": 473,
            "tahun": 2026,
            "id_unit": 971,
            "id_skpd": 971,
            "created_user": 6938,
            "kode_skpd": "2.13.0.00.0.00.01.0000",
            "nama_skpd": "Dinas Pemberdayaan Masyarakat dan Desa",
            "id_urusan": 12,
            "kode_urusan": "2",
            "nama_urusan": "URUSAN PEMERINTAHAN WAJIB YANG TIDAK BERKAITAN DENGAN PELAYANAN DASAR",
            "id_bidang_urusan": 213,
            "kode_bidang_urusan": "2.13",
            "nama_bidang_urusan": "URUSAN PEMERINTAHAN BIDANG PEMBERDAYAAN MASYARAKAT DAN DESA",
            "id_sub_skpd": 971,
            "kode_sub_skpd": "2.13.0.00.0.00.01.0000",
            "nama_sub_skpd": "Dinas Pemberdayaan Masyarakat dan Desa",
            "set_pagu_user": 6938,
            "set_pagu_at": "Tue, 25 Mar 2025 11:30:30 GMT",
            "id_program": 3754,
            "kode_program": "2.13.04",
            "nama_program": "PROGRAM ADMINISTRASI PEMERINTAHAN DESA",
            "id_giat": 16357,
            "kode_giat": "2.13.04.2.01",
            "nama_giat": "Pembinaan dan Pengawasan Penyelenggaraan Administrasi Pemerintahan Desa",
            "pagu_giat": 458942000.0,
            "rinci_giat": null,
            "id_sub_giat": 54375,
            "kode_sub_giat": "2.13.04.2.01.0018",
            "nama_sub_giat": "Fasilitasi Evaluasi Perkembangan Desa serta Lomba Desa dan Kelurahan",
            "pagu": 13000000.0,
            "pagu_indikatif": 13000000.0,
            "rincian": null,
            "kode_bl": "971.971.3754.16357",
            "kode_sbl": "971.971.3754.16357.54375",
            "kunci_bl": 1,
            "kunci_bl_rinci": 1,
            "user_created": "RAHMAT HIDAYAT, S.STP, M.Si",
            "created_date": "31-01-2025",
            "created_time": "14:08",
            "user_updated": "RAHMAT HIDAYAT, S.STP, M.Si",
            "updated_date": "31-01-2025",
            "updated_time": "21:48",
            "is_locked": 0
        },
        {
            "id_sub_bl": 62615,
            "id_daerah": 473,
            "tahun": 2026,
            "id_unit": 971,
            "id_skpd": 971,
            "created_user": 6938,
            "kode_skpd": "2.13.0.00.0.00.01.0000",
            "nama_skpd": "Dinas Pemberdayaan Masyarakat dan Desa",
            "id_urusan": 12,
            "kode_urusan": "2",
            "nama_urusan": "URUSAN PEMERINTAHAN WAJIB YANG TIDAK BERKAITAN DENGAN PELAYANAN DASAR",
            "id_bidang_urusan": 213,
            "kode_bidang_urusan": "2.13",
            "nama_bidang_urusan": "URUSAN PEMERINTAHAN BIDANG PEMBERDAYAAN MASYARAKAT DAN DESA",
            "id_sub_skpd": 971,
            "kode_sub_skpd": "2.13.0.00.0.00.01.0000",
            "nama_sub_skpd": "Dinas Pemberdayaan Masyarakat dan Desa",
            "set_pagu_user": 6938,
            "set_pagu_at": "Tue, 25 Mar 2025 11:30:30 GMT",
            "id_program": 3768,
            "kode_program": "2.13.05",
            "nama_program": "PROGRAM PEMBERDAYAAN LEMBAGA KEMASYARAKATAN, LEMBAGA ADAT DAN MASYARAKAT HUKUM ADAT",
            "id_giat": 16371,
            "kode_giat": "2.13.05.2.01",
            "nama_giat": "Pemberdayaan Lembaga Kemasyarakatan yang Bergerak di Bidang Pemberdayaan Desa dan Lembaga Adat Tingkat Daerah Kabupaten/Kota serta Pemberdayaan Masyarakat Hukum Adat yang Masyarakat Pelakunya Hukum Adat yang Sama dalam Daerah Kabupaten/Kota",
            "pagu_giat": 868799000.0,
            "rinci_giat": null,
            "id_sub_giat": 54441,
            "kode_sub_giat": "2.13.05.2.01.0003",
            "nama_sub_giat": "Peningkatan Kapasitas Kelembagaan Lembaga Kemasyarakatan Desa/Kelurahan (RT, RW, PKK, Posyandu, LPM, dan Karang Taruna), Lembaga Adat Desa/Kelurahan dan Masyarakat Hukum Adat",
            "pagu": 112199000.0,
            "pagu_indikatif": 112199000.0,
            "rincian": null,
            "kode_bl": "971.971.3768.16371",
            "kode_sbl": "971.971.3768.16371.54441",
            "kunci_bl": 1,
            "kunci_bl_rinci": 1,
            "user_created": "RAHMAT HIDAYAT, S.STP, M.Si",
            "created_date": "31-01-2025",
            "created_time": "15:52",
            "user_updated": "RAHMAT HIDAYAT, S.STP, M.Si",
            "updated_date": "31-01-2025",
            "updated_time": "21:52",
            "is_locked": 0
        },
        {
            "id_sub_bl": 62403,
            "id_daerah": 473,
            "tahun": 2026,
            "id_unit": 971,
            "id_skpd": 971,
            "created_user": 6938,
            "kode_skpd": "2.13.0.00.0.00.01.0000",
            "nama_skpd": "Dinas Pemberdayaan Masyarakat dan Desa",
            "id_urusan": 12,
            "kode_urusan": "2",
            "nama_urusan": "URUSAN PEMERINTAHAN WAJIB YANG TIDAK BERKAITAN DENGAN PELAYANAN DASAR",
            "id_bidang_urusan": 213,
            "kode_bidang_urusan": "2.13",
            "nama_bidang_urusan": "URUSAN PEMERINTAHAN BIDANG PEMBERDAYAAN MASYARAKAT DAN DESA",
            "id_sub_skpd": 971,
            "kode_sub_skpd": "2.13.0.00.0.00.01.0000",
            "nama_sub_skpd": "Dinas Pemberdayaan Masyarakat dan Desa",
            "set_pagu_user": 6938,
            "set_pagu_at": "Tue, 25 Mar 2025 11:30:30 GMT",
            "id_program": 3768,
            "kode_program": "2.13.05",
            "nama_program": "PROGRAM PEMBERDAYAAN LEMBAGA KEMASYARAKATAN, LEMBAGA ADAT DAN MASYARAKAT HUKUM ADAT",
            "id_giat": 16371,
            "kode_giat": "2.13.05.2.01",
            "nama_giat": "Pemberdayaan Lembaga Kemasyarakatan yang Bergerak di Bidang Pemberdayaan Desa dan Lembaga Adat Tingkat Daerah Kabupaten/Kota serta Pemberdayaan Masyarakat Hukum Adat yang Masyarakat Pelakunya Hukum Adat yang Sama dalam Daerah Kabupaten/Kota",
            "pagu_giat": 868799000.0,
            "rinci_giat": null,
            "id_sub_giat": 54444,
            "kode_sub_giat": "2.13.05.2.01.0006",
            "nama_sub_giat": "Fasilitasi Pemerintah Desa dalam Pemanfaatan Teknologi Tepat Guna",
            "pagu": 20000000.0,
            "pagu_indikatif": 20000000.0,
            "rincian": null,
            "kode_bl": "971.971.3768.16371",
            "kode_sbl": "971.971.3768.16371.54444",
            "kunci_bl": 1,
            "kunci_bl_rinci": 1,
            "user_created": "RAHMAT HIDAYAT, S.STP, M.Si",
            "created_date": "31-01-2025",
            "created_time": "14:12",
            "user_updated": "RAHMAT HIDAYAT, S.STP, M.Si",
            "updated_date": "31-01-2025",
            "updated_time": "21:53",
            "is_locked": 0
        },
        {
            "id_sub_bl": 62404,
            "id_daerah": 473,
            "tahun": 2026,
            "id_unit": 971,
            "id_skpd": 971,
            "created_user": 6938,
            "kode_skpd": "2.13.0.00.0.00.01.0000",
            "nama_skpd": "Dinas Pemberdayaan Masyarakat dan Desa",
            "id_urusan": 12,
            "kode_urusan": "2",
            "nama_urusan": "URUSAN PEMERINTAHAN WAJIB YANG TIDAK BERKAITAN DENGAN PELAYANAN DASAR",
            "id_bidang_urusan": 213,
            "kode_bidang_urusan": "2.13",
            "nama_bidang_urusan": "URUSAN PEMERINTAHAN BIDANG PEMBERDAYAAN MASYARAKAT DAN DESA",
            "id_sub_skpd": 971,
            "kode_sub_skpd": "2.13.0.00.0.00.01.0000",
            "nama_sub_skpd": "Dinas Pemberdayaan Masyarakat dan Desa",
            "set_pagu_user": 6938,
            "set_pagu_at": "Tue, 25 Mar 2025 11:30:30 GMT",
            "id_program": 3768,
            "kode_program": "2.13.05",
            "nama_program": "PROGRAM PEMBERDAYAAN LEMBAGA KEMASYARAKATAN, LEMBAGA ADAT DAN MASYARAKAT HUKUM ADAT",
            "id_giat": 16371,
            "kode_giat": "2.13.05.2.01",
            "nama_giat": "Pemberdayaan Lembaga Kemasyarakatan yang Bergerak di Bidang Pemberdayaan Desa dan Lembaga Adat Tingkat Daerah Kabupaten/Kota serta Pemberdayaan Masyarakat Hukum Adat yang Masyarakat Pelakunya Hukum Adat yang Sama dalam Daerah Kabupaten/Kota",
            "pagu_giat": 868799000.0,
            "rinci_giat": null,
            "id_sub_giat": 54445,
            "kode_sub_giat": "2.13.05.2.01.0007",
            "nama_sub_giat": "Fasilitasi Bulan Bhakti Gotong Royong Masyarakat ",
            "pagu": 20000000.0,
            "pagu_indikatif": 20000000.0,
            "rincian": null,
            "kode_bl": "971.971.3768.16371",
            "kode_sbl": "971.971.3768.16371.54445",
            "kunci_bl": 1,
            "kunci_bl_rinci": 1,
            "user_created": "RAHMAT HIDAYAT, S.STP, M.Si",
            "created_date": "31-01-2025",
            "created_time": "14:13",
            "user_updated": "RAHMAT HIDAYAT, S.STP, M.Si",
            "updated_date": "31-01-2025",
            "updated_time": "21:55",
            "is_locked": 0
        },
        {
            "id_sub_bl": 62405,
            "id_daerah": 473,
            "tahun": 2026,
            "id_unit": 971,
            "id_skpd": 971,
            "created_user": 6938,
            "kode_skpd": "2.13.0.00.0.00.01.0000",
            "nama_skpd": "Dinas Pemberdayaan Masyarakat dan Desa",
            "id_urusan": 12,
            "kode_urusan": "2",
            "nama_urusan": "URUSAN PEMERINTAHAN WAJIB YANG TIDAK BERKAITAN DENGAN PELAYANAN DASAR",
            "id_bidang_urusan": 213,
            "kode_bidang_urusan": "2.13",
            "nama_bidang_urusan": "URUSAN PEMERINTAHAN BIDANG PEMBERDAYAAN MASYARAKAT DAN DESA",
            "id_sub_skpd": 971,
            "kode_sub_skpd": "2.13.0.00.0.00.01.0000",
            "nama_sub_skpd": "Dinas Pemberdayaan Masyarakat dan Desa",
            "set_pagu_user": 6938,
            "set_pagu_at": "Tue, 25 Mar 2025 11:30:30 GMT",
            "id_program": 3768,
            "kode_program": "2.13.05",
            "nama_program": "PROGRAM PEMBERDAYAAN LEMBAGA KEMASYARAKATAN, LEMBAGA ADAT DAN MASYARAKAT HUKUM ADAT",
            "id_giat": 16371,
            "kode_giat": "2.13.05.2.01",
            "nama_giat": "Pemberdayaan Lembaga Kemasyarakatan yang Bergerak di Bidang Pemberdayaan Desa dan Lembaga Adat Tingkat Daerah Kabupaten/Kota serta Pemberdayaan Masyarakat Hukum Adat yang Masyarakat Pelakunya Hukum Adat yang Sama dalam Daerah Kabupaten/Kota",
            "pagu_giat": 868799000.0,
            "rinci_giat": null,
            "id_sub_giat": 54447,
            "kode_sub_giat": "2.13.05.2.01.0009",
            "nama_sub_giat": "Fasilitasi Tim Penggerak PKK dalam Penyelenggaraan Gerakan Pemberdayaan Masyarakat dan Kesejahteraan Keluarga",
            "pagu": 716600000.0,
            "pagu_indikatif": 716600000.0,
            "rincian": null,
            "kode_bl": "971.971.3768.16371",
            "kode_sbl": "971.971.3768.16371.54447",
            "kunci_bl": 1,
            "kunci_bl_rinci": 1,
            "user_created": "RAHMAT HIDAYAT, S.STP, M.Si",
            "created_date": "31-01-2025",
            "created_time": "14:15",
            "user_updated": "RAHMAT HIDAYAT, S.STP, M.Si",
            "updated_date": "31-01-2025",
            "updated_time": "21:55",
            "is_locked": 0
        },
        {
            "id_sub_bl": 62807,
            "id_daerah": 473,
            "tahun": 2026,
            "id_unit": 971,
            "id_skpd": 971,
            "created_user": 6938,
            "kode_skpd": "2.13.0.00.0.00.01.0000",
            "nama_skpd": "Dinas Pemberdayaan Masyarakat dan Desa",
            "id_urusan": 12,
            "kode_urusan": "2",
            "nama_urusan": "URUSAN PEMERINTAHAN WAJIB YANG TIDAK BERKAITAN DENGAN PELAYANAN DASAR",
            "id_bidang_urusan": 213,
            "kode_bidang_urusan": "2.13",
            "nama_bidang_urusan": "URUSAN PEMERINTAHAN BIDANG PEMBERDAYAAN MASYARAKAT DAN DESA",
            "id_sub_skpd": 971,
            "kode_sub_skpd": "2.13.0.00.0.00.01.0000",
            "nama_sub_skpd": "Dinas Pemberdayaan Masyarakat dan Desa",
            "set_pagu_user": 6938,
            "set_pagu_at": "Tue, 25 Mar 2025 11:30:30 GMT",
            "id_program": 4451,
            "kode_program": "2.13.01",
            "nama_program": "PROGRAM PENUNJANG URUSAN PEMERINTAHAN DAERAH KABUPATEN/KOTA",
            "id_giat": 18371,
            "kode_giat": "2.13.01.2.01",
            "nama_giat": "Perencanaan, Penganggaran, dan Evaluasi Kinerja Perangkat Daerah",
            "pagu_giat": 182253089.0,
            "rinci_giat": null,
            "id_sub_giat": 60589,
            "kode_sub_giat": "2.13.01.2.01.0001",
            "nama_sub_giat": "Penyusunan Dokumen Perencanaan Perangkat Daerah",
            "pagu": 45000000.0,
            "pagu_indikatif": 45000000.0,
            "rincian": null,
            "kode_bl": "971.971.4451.18371",
            "kode_sbl": "971.971.4451.18371.60589",
            "kunci_bl": 1,
            "kunci_bl_rinci": 1,
            "user_created": "RAHMAT HIDAYAT, S.STP, M.Si",
            "created_date": "31-01-2025",
            "created_time": "16:57",
            "user_updated": "RAHMAT HIDAYAT, S.STP, M.Si",
            "updated_date": "25-03-2025",
            "updated_time": "11:20",
            "is_locked": 0
        },
        {
            "id_sub_bl": 62812,
            "id_daerah": 473,
            "tahun": 2026,
            "id_unit": 971,
            "id_skpd": 971,
            "created_user": 6938,
            "kode_skpd": "2.13.0.00.0.00.01.0000",
            "nama_skpd": "Dinas Pemberdayaan Masyarakat dan Desa",
            "id_urusan": 12,
            "kode_urusan": "2",
            "nama_urusan": "URUSAN PEMERINTAHAN WAJIB YANG TIDAK BERKAITAN DENGAN PELAYANAN DASAR",
            "id_bidang_urusan": 213,
            "kode_bidang_urusan": "2.13",
            "nama_bidang_urusan": "URUSAN PEMERINTAHAN BIDANG PEMBERDAYAAN MASYARAKAT DAN DESA",
            "id_sub_skpd": 971,
            "kode_sub_skpd": "2.13.0.00.0.00.01.0000",
            "nama_sub_skpd": "Dinas Pemberdayaan Masyarakat dan Desa",
            "set_pagu_user": 6938,
            "set_pagu_at": "Tue, 25 Mar 2025 11:30:30 GMT",
            "id_program": 4451,
            "kode_program": "2.13.01",
            "nama_program": "PROGRAM PENUNJANG URUSAN PEMERINTAHAN DAERAH KABUPATEN/KOTA",
            "id_giat": 18371,
            "kode_giat": "2.13.01.2.01",
            "nama_giat": "Perencanaan, Penganggaran, dan Evaluasi Kinerja Perangkat Daerah",
            "pagu_giat": 182253089.0,
            "rinci_giat": null,
            "id_sub_giat": 60590,
            "kode_sub_giat": "2.13.01.2.01.0002",
            "nama_sub_giat": "Koordinasi dan Penyusunan Dokumen RKA-SKPD",
            "pagu": 19865000.0,
            "pagu_indikatif": 19865000.0,
            "rincian": null,
            "kode_bl": "971.971.4451.18371",
            "kode_sbl": "971.971.4451.18371.60590",
            "kunci_bl": 1,
            "kunci_bl_rinci": 1,
            "user_created": "RAHMAT HIDAYAT, S.STP, M.Si",
            "created_date": "31-01-2025",
            "created_time": "17:00",
            "user_updated": "RAHMAT HIDAYAT, S.STP, M.Si",
            "updated_date": "25-03-2025",
            "updated_time": "11:24",
            "is_locked": 0
        },
        {
            "id_sub_bl": 62815,
            "id_daerah": 473,
            "tahun": 2026,
            "id_unit": 971,
            "id_skpd": 971,
            "created_user": 6938,
            "kode_skpd": "2.13.0.00.0.00.01.0000",
            "nama_skpd": "Dinas Pemberdayaan Masyarakat dan Desa",
            "id_urusan": 12,
            "kode_urusan": "2",
            "nama_urusan": "URUSAN PEMERINTAHAN WAJIB YANG TIDAK BERKAITAN DENGAN PELAYANAN DASAR",
            "id_bidang_urusan": 213,
            "kode_bidang_urusan": "2.13",
            "nama_bidang_urusan": "URUSAN PEMERINTAHAN BIDANG PEMBERDAYAAN MASYARAKAT DAN DESA",
            "id_sub_skpd": 971,
            "kode_sub_skpd": "2.13.0.00.0.00.01.0000",
            "nama_sub_skpd": "Dinas Pemberdayaan Masyarakat dan Desa",
            "set_pagu_user": 6938,
            "set_pagu_at": "Tue, 25 Mar 2025 11:30:30 GMT",
            "id_program": 4451,
            "kode_program": "2.13.01",
            "nama_program": "PROGRAM PENUNJANG URUSAN PEMERINTAHAN DAERAH KABUPATEN/KOTA",
            "id_giat": 18371,
            "kode_giat": "2.13.01.2.01",
            "nama_giat": "Perencanaan, Penganggaran, dan Evaluasi Kinerja Perangkat Daerah",
            "pagu_giat": 182253089.0,
            "rinci_giat": null,
            "id_sub_giat": 60592,
            "kode_sub_giat": "2.13.01.2.01.0004",
            "nama_sub_giat": "Koordinasi dan Penyusunan DPA-SKPD",
            "pagu": 13543000.0,
            "pagu_indikatif": 13543000.0,
            "rincian": null,
            "kode_bl": "971.971.4451.18371",
            "kode_sbl": "971.971.4451.18371.60592",
            "kunci_bl": 1,
            "kunci_bl_rinci": 1,
            "user_created": "RAHMAT HIDAYAT, S.STP, M.Si",
            "created_date": "31-01-2025",
            "created_time": "17:02",
            "user_updated": "RAHMAT HIDAYAT, S.STP, M.Si",
            "updated_date": "25-03-2025",
            "updated_time": "11:28",
            "is_locked": 0
        },
        {
            "id_sub_bl": 62820,
            "id_daerah": 473,
            "tahun": 2026,
            "id_unit": 971,
            "id_skpd": 971,
            "created_user": 6938,
            "kode_skpd": "2.13.0.00.0.00.01.0000",
            "nama_skpd": "Dinas Pemberdayaan Masyarakat dan Desa",
            "id_urusan": 12,
            "kode_urusan": "2",
            "nama_urusan": "URUSAN PEMERINTAHAN WAJIB YANG TIDAK BERKAITAN DENGAN PELAYANAN DASAR",
            "id_bidang_urusan": 213,
            "kode_bidang_urusan": "2.13",
            "nama_bidang_urusan": "URUSAN PEMERINTAHAN BIDANG PEMBERDAYAAN MASYARAKAT DAN DESA",
            "id_sub_skpd": 971,
            "kode_sub_skpd": "2.13.0.00.0.00.01.0000",
            "nama_sub_skpd": "Dinas Pemberdayaan Masyarakat dan Desa",
            "set_pagu_user": 6938,
            "set_pagu_at": "Tue, 25 Mar 2025 11:30:30 GMT",
            "id_program": 4451,
            "kode_program": "2.13.01",
            "nama_program": "PROGRAM PENUNJANG URUSAN PEMERINTAHAN DAERAH KABUPATEN/KOTA",
            "id_giat": 18371,
            "kode_giat": "2.13.01.2.01",
            "nama_giat": "Perencanaan, Penganggaran, dan Evaluasi Kinerja Perangkat Daerah",
            "pagu_giat": 182253089.0,
            "rinci_giat": null,
            "id_sub_giat": 60595,
            "kode_sub_giat": "2.13.01.2.01.0007",
            "nama_sub_giat": "Evaluasi Kinerja Perangkat Daerah",
            "pagu": 27174555.0,
            "pagu_indikatif": 27174555.0,
            "rincian": null,
            "kode_bl": "971.971.4451.18371",
            "kode_sbl": "971.971.4451.18371.60595",
            "kunci_bl": 1,
            "kunci_bl_rinci": 1,
            "user_created": "RAHMAT HIDAYAT, S.STP, M.Si",
            "created_date": "31-01-2025",
            "created_time": "17:08",
            "user_updated": "RAHMAT HIDAYAT, S.STP, M.Si",
            "updated_date": "25-03-2025",
            "updated_time": "11:29",
            "is_locked": 0
        },
        {
            "id_sub_bl": 62823,
            "id_daerah": 473,
            "tahun": 2026,
            "id_unit": 971,
            "id_skpd": 971,
            "created_user": 6938,
            "kode_skpd": "2.13.0.00.0.00.01.0000",
            "nama_skpd": "Dinas Pemberdayaan Masyarakat dan Desa",
            "id_urusan": 12,
            "kode_urusan": "2",
            "nama_urusan": "URUSAN PEMERINTAHAN WAJIB YANG TIDAK BERKAITAN DENGAN PELAYANAN DASAR",
            "id_bidang_urusan": 213,
            "kode_bidang_urusan": "2.13",
            "nama_bidang_urusan": "URUSAN PEMERINTAHAN BIDANG PEMBERDAYAAN MASYARAKAT DAN DESA",
            "id_sub_skpd": 971,
            "kode_sub_skpd": "2.13.0.00.0.00.01.0000",
            "nama_sub_skpd": "Dinas Pemberdayaan Masyarakat dan Desa",
            "set_pagu_user": 6938,
            "set_pagu_at": "Tue, 25 Mar 2025 11:30:30 GMT",
            "id_program": 4451,
            "kode_program": "2.13.01",
            "nama_program": "PROGRAM PENUNJANG URUSAN PEMERINTAHAN DAERAH KABUPATEN/KOTA",
            "id_giat": 18372,
            "kode_giat": "2.13.01.2.02",
            "nama_giat": "Administrasi Keuangan Perangkat Daerah",
            "pagu_giat": 8394447029.0,
            "rinci_giat": null,
            "id_sub_giat": 60602,
            "kode_sub_giat": "2.13.01.2.02.0001",
            "nama_sub_giat": "Penyediaan Gaji dan Tunjangan ASN",
            "pagu": 2703302200.0,
            "pagu_indikatif": 2703302200.0,
            "rincian": null,
            "kode_bl": "971.971.4451.18372",
            "kode_sbl": "971.971.4451.18372.60602",
            "kunci_bl": 1,
            "kunci_bl_rinci": 1,
            "user_created": "RAHMAT HIDAYAT, S.STP, M.Si",
            "created_date": "31-01-2025",
            "created_time": "17:10",
            "user_updated": "RAHMAT HIDAYAT, S.STP, M.Si",
            "updated_date": "31-01-2025",
            "updated_time": "21:16",
            "is_locked": 0
        },
        {
            "id_sub_bl": 62803,
            "id_daerah": 473,
            "tahun": 2026,
            "id_unit": 971,
            "id_skpd": 971,
            "created_user": 6938,
            "kode_skpd": "2.13.0.00.0.00.01.0000",
            "nama_skpd": "Dinas Pemberdayaan Masyarakat dan Desa",
            "id_urusan": 12,
            "kode_urusan": "2",
            "nama_urusan": "URUSAN PEMERINTAHAN WAJIB YANG TIDAK BERKAITAN DENGAN PELAYANAN DASAR",
            "id_bidang_urusan": 213,
            "kode_bidang_urusan": "2.13",
            "nama_bidang_urusan": "URUSAN PEMERINTAHAN BIDANG PEMBERDAYAAN MASYARAKAT DAN DESA",
            "id_sub_skpd": 971,
            "kode_sub_skpd": "2.13.0.00.0.00.01.0000",
            "nama_sub_skpd": "Dinas Pemberdayaan Masyarakat dan Desa",
            "set_pagu_user": 6938,
            "set_pagu_at": "Tue, 25 Mar 2025 11:30:30 GMT",
            "id_program": 4451,
            "kode_program": "2.13.01",
            "nama_program": "PROGRAM PENUNJANG URUSAN PEMERINTAHAN DAERAH KABUPATEN/KOTA",
            "id_giat": 18372,
            "kode_giat": "2.13.01.2.02",
            "nama_giat": "Administrasi Keuangan Perangkat Daerah",
            "pagu_giat": 8394447029.0,
            "rinci_giat": null,
            "id_sub_giat": 60604,
            "kode_sub_giat": "2.13.01.2.02.0003",
            "nama_sub_giat": "Pelaksanaan Penatausahaan dan\r\n\nPengujian/Verifikasi Keuangan SKPD",
            "pagu": 86801000.0,
            "pagu_indikatif": 86801000.0,
            "rincian": null,
            "kode_bl": "971.971.4451.18372",
            "kode_sbl": "971.971.4451.18372.60604",
            "kunci_bl": 1,
            "kunci_bl_rinci": 1,
            "user_created": "RAHMAT HIDAYAT, S.STP, M.Si",
            "created_date": "31-01-2025",
            "created_time": "16:54",
            "user_updated": "RAHMAT HIDAYAT, S.STP, M.Si",
            "updated_date": "31-01-2025",
            "updated_time": "21:18",
            "is_locked": 0
        },
        {
            "id_sub_bl": 62800,
            "id_daerah": 473,
            "tahun": 2026,
            "id_unit": 971,
            "id_skpd": 971,
            "created_user": 6938,
            "kode_skpd": "2.13.0.00.0.00.01.0000",
            "nama_skpd": "Dinas Pemberdayaan Masyarakat dan Desa",
            "id_urusan": 12,
            "kode_urusan": "2",
            "nama_urusan": "URUSAN PEMERINTAHAN WAJIB YANG TIDAK BERKAITAN DENGAN PELAYANAN DASAR",
            "id_bidang_urusan": 213,
            "kode_bidang_urusan": "2.13",
            "nama_bidang_urusan": "URUSAN PEMERINTAHAN BIDANG PEMBERDAYAAN MASYARAKAT DAN DESA",
            "id_sub_skpd": 971,
            "kode_sub_skpd": "2.13.0.00.0.00.01.0000",
            "nama_sub_skpd": "Dinas Pemberdayaan Masyarakat dan Desa",
            "set_pagu_user": 6938,
            "set_pagu_at": "Tue, 25 Mar 2025 11:30:30 GMT",
            "id_program": 4451,
            "kode_program": "2.13.01",
            "nama_program": "PROGRAM PENUNJANG URUSAN PEMERINTAHAN DAERAH KABUPATEN/KOTA",
            "id_giat": 18373,
            "kode_giat": "2.13.01.2.03",
            "nama_giat": "Administrasi Barang Milik Daerah pada Perangkat Daerah",
            "pagu_giat": 54390000.0,
            "rinci_giat": null,
            "id_sub_giat": 60615,
            "kode_sub_giat": "2.13.01.2.03.0006",
            "nama_sub_giat": "Penatausahaan Barang Milik Daerah pada SKPD",
            "pagu": 27195000.0,
            "pagu_indikatif": 27195000.0,
            "rincian": null,
            "kode_bl": "971.971.4451.18373",
            "kode_sbl": "971.971.4451.18373.60615",
            "kunci_bl": 1,
            "kunci_bl_rinci": 1,
            "user_created": "RAHMAT HIDAYAT, S.STP, M.Si",
            "created_date": "31-01-2025",
            "created_time": "16:52",
            "user_updated": "RAHMAT HIDAYAT, S.STP, M.Si",
            "updated_date": "31-01-2025",
            "updated_time": "21:19",
            "is_locked": 0
        },
        {
            "id_sub_bl": 62340,
            "id_daerah": 473,
            "tahun": 2026,
            "id_unit": 971,
            "id_skpd": 971,
            "created_user": 6938,
            "kode_skpd": "2.13.0.00.0.00.01.0000",
            "nama_skpd": "Dinas Pemberdayaan Masyarakat dan Desa",
            "id_urusan": 12,
            "kode_urusan": "2",
            "nama_urusan": "URUSAN PEMERINTAHAN WAJIB YANG TIDAK BERKAITAN DENGAN PELAYANAN DASAR",
            "id_bidang_urusan": 213,
            "kode_bidang_urusan": "2.13",
            "nama_bidang_urusan": "URUSAN PEMERINTAHAN BIDANG PEMBERDAYAAN MASYARAKAT DAN DESA",
            "id_sub_skpd": 971,
            "kode_sub_skpd": "2.13.0.00.0.00.01.0000",
            "nama_sub_skpd": "Dinas Pemberdayaan Masyarakat dan Desa",
            "set_pagu_user": 6938,
            "set_pagu_at": "Tue, 25 Mar 2025 11:30:30 GMT",
            "id_program": 4451,
            "kode_program": "2.13.01",
            "nama_program": "PROGRAM PENUNJANG URUSAN PEMERINTAHAN DAERAH KABUPATEN/KOTA",
            "id_giat": 18375,
            "kode_giat": "2.13.01.2.05",
            "nama_giat": "Administrasi Kepegawaian Perangkat Daerah",
            "pagu_giat": 24000000.0,
            "rinci_giat": null,
            "id_sub_giat": 60625,
            "kode_sub_giat": "2.13.01.2.05.0002",
            "nama_sub_giat": "Pengadaan Pakaian Dinas beserta Atribut Kelengkapannya",
            "pagu": 24000000.0,
            "pagu_indikatif": 24000000.0,
            "rincian": null,
            "kode_bl": "971.971.4451.18375",
            "kode_sbl": "971.971.4451.18375.60625",
            "kunci_bl": 1,
            "kunci_bl_rinci": 1,
            "user_created": "RAHMAT HIDAYAT, S.STP, M.Si",
            "created_date": "31-01-2025",
            "created_time": "12:39",
            "user_updated": "RAHMAT HIDAYAT, S.STP, M.Si",
            "updated_date": "31-01-2025",
            "updated_time": "21:23",
            "is_locked": 0
        },
        {
            "id_sub_bl": 62792,
            "id_daerah": 473,
            "tahun": 2026,
            "id_unit": 971,
            "id_skpd": 971,
            "created_user": 6938,
            "kode_skpd": "2.13.0.00.0.00.01.0000",
            "nama_skpd": "Dinas Pemberdayaan Masyarakat dan Desa",
            "id_urusan": 12,
            "kode_urusan": "2",
            "nama_urusan": "URUSAN PEMERINTAHAN WAJIB YANG TIDAK BERKAITAN DENGAN PELAYANAN DASAR",
            "id_bidang_urusan": 213,
            "kode_bidang_urusan": "2.13",
            "nama_bidang_urusan": "URUSAN PEMERINTAHAN BIDANG PEMBERDAYAAN MASYARAKAT DAN DESA",
            "id_sub_skpd": 971,
            "kode_sub_skpd": "2.13.0.00.0.00.01.0000",
            "nama_sub_skpd": "Dinas Pemberdayaan Masyarakat dan Desa",
            "set_pagu_user": 6938,
            "set_pagu_at": "Tue, 25 Mar 2025 11:30:30 GMT",
            "id_program": 4451,
            "kode_program": "2.13.01",
            "nama_program": "PROGRAM PENUNJANG URUSAN PEMERINTAHAN DAERAH KABUPATEN/KOTA",
            "id_giat": 18376,
            "kode_giat": "2.13.01.2.06",
            "nama_giat": "Administrasi Umum Perangkat Daerah",
            "pagu_giat": 312459000.0,
            "rinci_giat": null,
            "id_sub_giat": 60635,
            "kode_sub_giat": "2.13.01.2.06.0001",
            "nama_sub_giat": "Penyediaan Komponen Instalasi\r\n\nListrik/Penerangan Bangunan Kantor",
            "pagu": 15000000.0,
            "pagu_indikatif": 15000000.0,
            "rincian": null,
            "kode_bl": "971.971.4451.18376",
            "kode_sbl": "971.971.4451.18376.60635",
            "kunci_bl": 1,
            "kunci_bl_rinci": 1,
            "user_created": "RAHMAT HIDAYAT, S.STP, M.Si",
            "created_date": "31-01-2025",
            "created_time": "16:48",
            "user_updated": "RAHMAT HIDAYAT, S.STP, M.Si",
            "updated_date": "31-01-2025",
            "updated_time": "21:24",
            "is_locked": 0
        },
        {
            "id_sub_bl": 62331,
            "id_daerah": 473,
            "tahun": 2026,
            "id_unit": 971,
            "id_skpd": 971,
            "created_user": 6938,
            "kode_skpd": "2.13.0.00.0.00.01.0000",
            "nama_skpd": "Dinas Pemberdayaan Masyarakat dan Desa",
            "id_urusan": 12,
            "kode_urusan": "2",
            "nama_urusan": "URUSAN PEMERINTAHAN WAJIB YANG TIDAK BERKAITAN DENGAN PELAYANAN DASAR",
            "id_bidang_urusan": 213,
            "kode_bidang_urusan": "2.13",
            "nama_bidang_urusan": "URUSAN PEMERINTAHAN BIDANG PEMBERDAYAAN MASYARAKAT DAN DESA",
            "id_sub_skpd": 971,
            "kode_sub_skpd": "2.13.0.00.0.00.01.0000",
            "nama_sub_skpd": "Dinas Pemberdayaan Masyarakat dan Desa",
            "set_pagu_user": 6938,
            "set_pagu_at": "Tue, 25 Mar 2025 11:30:30 GMT",
            "id_program": 4451,
            "kode_program": "2.13.01",
            "nama_program": "PROGRAM PENUNJANG URUSAN PEMERINTAHAN DAERAH KABUPATEN/KOTA",
            "id_giat": 18376,
            "kode_giat": "2.13.01.2.06",
            "nama_giat": "Administrasi Umum Perangkat Daerah",
            "pagu_giat": 312459000.0,
            "rinci_giat": null,
            "id_sub_giat": 60636,
            "kode_sub_giat": "2.13.01.2.06.0002",
            "nama_sub_giat": "Penyediaan Peralatan dan Perlengkapan Kantor",
            "pagu": 65923000.0,
            "pagu_indikatif": 65923000.0,
            "rincian": null,
            "kode_bl": "971.971.4451.18376",
            "kode_sbl": "971.971.4451.18376.60636",
            "kunci_bl": 1,
            "kunci_bl_rinci": 1,
            "user_created": "RAHMAT HIDAYAT, S.STP, M.Si",
            "created_date": "31-01-2025",
            "created_time": "12:29",
            "user_updated": "RAHMAT HIDAYAT, S.STP, M.Si",
            "updated_date": "31-01-2025",
            "updated_time": "21:26",
            "is_locked": 0
        },
        {
            "id_sub_bl": 62333,
            "id_daerah": 473,
            "tahun": 2026,
            "id_unit": 971,
            "id_skpd": 971,
            "created_user": 6938,
            "kode_skpd": "2.13.0.00.0.00.01.0000",
            "nama_skpd": "Dinas Pemberdayaan Masyarakat dan Desa",
            "id_urusan": 12,
            "kode_urusan": "2",
            "nama_urusan": "URUSAN PEMERINTAHAN WAJIB YANG TIDAK BERKAITAN DENGAN PELAYANAN DASAR",
            "id_bidang_urusan": 213,
            "kode_bidang_urusan": "2.13",
            "nama_bidang_urusan": "URUSAN PEMERINTAHAN BIDANG PEMBERDAYAAN MASYARAKAT DAN DESA",
            "id_sub_skpd": 971,
            "kode_sub_skpd": "2.13.0.00.0.00.01.0000",
            "nama_sub_skpd": "Dinas Pemberdayaan Masyarakat dan Desa",
            "set_pagu_user": 6938,
            "set_pagu_at": "Tue, 25 Mar 2025 11:30:30 GMT",
            "id_program": 4451,
            "kode_program": "2.13.01",
            "nama_program": "PROGRAM PENUNJANG URUSAN PEMERINTAHAN DAERAH KABUPATEN/KOTA",
            "id_giat": 18376,
            "kode_giat": "2.13.01.2.06",
            "nama_giat": "Administrasi Umum Perangkat Daerah",
            "pagu_giat": 312459000.0,
            "rinci_giat": null,
            "id_sub_giat": 60638,
            "kode_sub_giat": "2.13.01.2.06.0004",
            "nama_sub_giat": "Penyediaan Bahan Logistik Kantor",
            "pagu": 55040000.0,
            "pagu_indikatif": 55040000.0,
            "rincian": null,
            "kode_bl": "971.971.4451.18376",
            "kode_sbl": "971.971.4451.18376.60638",
            "kunci_bl": 1,
            "kunci_bl_rinci": 1,
            "user_created": "RAHMAT HIDAYAT, S.STP, M.Si",
            "created_date": "31-01-2025",
            "created_time": "12:31",
            "user_updated": "RAHMAT HIDAYAT, S.STP, M.Si",
            "updated_date": "31-01-2025",
            "updated_time": "21:27",
            "is_locked": 0
        },
        {
            "id_sub_bl": 62335,
            "id_daerah": 473,
            "tahun": 2026,
            "id_unit": 971,
            "id_skpd": 971,
            "created_user": 6938,
            "kode_skpd": "2.13.0.00.0.00.01.0000",
            "nama_skpd": "Dinas Pemberdayaan Masyarakat dan Desa",
            "id_urusan": 12,
            "kode_urusan": "2",
            "nama_urusan": "URUSAN PEMERINTAHAN WAJIB YANG TIDAK BERKAITAN DENGAN PELAYANAN DASAR",
            "id_bidang_urusan": 213,
            "kode_bidang_urusan": "2.13",
            "nama_bidang_urusan": "URUSAN PEMERINTAHAN BIDANG PEMBERDAYAAN MASYARAKAT DAN DESA",
            "id_sub_skpd": 971,
            "kode_sub_skpd": "2.13.0.00.0.00.01.0000",
            "nama_sub_skpd": "Dinas Pemberdayaan Masyarakat dan Desa",
            "set_pagu_user": 6938,
            "set_pagu_at": "Tue, 25 Mar 2025 11:30:30 GMT",
            "id_program": 4451,
            "kode_program": "2.13.01",
            "nama_program": "PROGRAM PENUNJANG URUSAN PEMERINTAHAN DAERAH KABUPATEN/KOTA",
            "id_giat": 18376,
            "kode_giat": "2.13.01.2.06",
            "nama_giat": "Administrasi Umum Perangkat Daerah",
            "pagu_giat": 312459000.0,
            "rinci_giat": null,
            "id_sub_giat": 60639,
            "kode_sub_giat": "2.13.01.2.06.0005",
            "nama_sub_giat": "Penyediaan Barang Cetakan dan Penggandaan",
            "pagu": 12500000.0,
            "pagu_indikatif": 12500000.0,
            "rincian": null,
            "kode_bl": "971.971.4451.18376",
            "kode_sbl": "971.971.4451.18376.60639",
            "kunci_bl": 1,
            "kunci_bl_rinci": 1,
            "user_created": "RAHMAT HIDAYAT, S.STP, M.Si",
            "created_date": "31-01-2025",
            "created_time": "12:33",
            "user_updated": "RAHMAT HIDAYAT, S.STP, M.Si",
            "updated_date": "31-01-2025",
            "updated_time": "21:27",
            "is_locked": 0
        },
        {
            "id_sub_bl": 62337,
            "id_daerah": 473,
            "tahun": 2026,
            "id_unit": 971,
            "id_skpd": 971,
            "created_user": 6938,
            "kode_skpd": "2.13.0.00.0.00.01.0000",
            "nama_skpd": "Dinas Pemberdayaan Masyarakat dan Desa",
            "id_urusan": 12,
            "kode_urusan": "2",
            "nama_urusan": "URUSAN PEMERINTAHAN WAJIB YANG TIDAK BERKAITAN DENGAN PELAYANAN DASAR",
            "id_bidang_urusan": 213,
            "kode_bidang_urusan": "2.13",
            "nama_bidang_urusan": "URUSAN PEMERINTAHAN BIDANG PEMBERDAYAAN MASYARAKAT DAN DESA",
            "id_sub_skpd": 971,
            "kode_sub_skpd": "2.13.0.00.0.00.01.0000",
            "nama_sub_skpd": "Dinas Pemberdayaan Masyarakat dan Desa",
            "set_pagu_user": 6938,
            "set_pagu_at": "Tue, 25 Mar 2025 11:30:30 GMT",
            "id_program": 4451,
            "kode_program": "2.13.01",
            "nama_program": "PROGRAM PENUNJANG URUSAN PEMERINTAHAN DAERAH KABUPATEN/KOTA",
            "id_giat": 18376,
            "kode_giat": "2.13.01.2.06",
            "nama_giat": "Administrasi Umum Perangkat Daerah",
            "pagu_giat": 312459000.0,
            "rinci_giat": null,
            "id_sub_giat": 60640,
            "kode_sub_giat": "2.13.01.2.06.0006",
            "nama_sub_giat": "Penyediaan Bahan Bacaan dan Peraturan Perundang-undangan",
            "pagu": 8996000.0,
            "pagu_indikatif": 8996000.0,
            "rincian": null,
            "kode_bl": "971.971.4451.18376",
            "kode_sbl": "971.971.4451.18376.60640",
            "kunci_bl": 1,
            "kunci_bl_rinci": 1,
            "user_created": "RAHMAT HIDAYAT, S.STP, M.Si",
            "created_date": "31-01-2025",
            "created_time": "12:35",
            "user_updated": "RAHMAT HIDAYAT, S.STP, M.Si",
            "updated_date": "31-01-2025",
            "updated_time": "21:28",
            "is_locked": 0
        },
        {
            "id_sub_bl": 62345,
            "id_daerah": 473,
            "tahun": 2026,
            "id_unit": 971,
            "id_skpd": 971,
            "created_user": 6938,
            "kode_skpd": "2.13.0.00.0.00.01.0000",
            "nama_skpd": "Dinas Pemberdayaan Masyarakat dan Desa",
            "id_urusan": 12,
            "kode_urusan": "2",
            "nama_urusan": "URUSAN PEMERINTAHAN WAJIB YANG TIDAK BERKAITAN DENGAN PELAYANAN DASAR",
            "id_bidang_urusan": 213,
            "kode_bidang_urusan": "2.13",
            "nama_bidang_urusan": "URUSAN PEMERINTAHAN BIDANG PEMBERDAYAAN MASYARAKAT DAN DESA",
            "id_sub_skpd": 971,
            "kode_sub_skpd": "2.13.0.00.0.00.01.0000",
            "nama_sub_skpd": "Dinas Pemberdayaan Masyarakat dan Desa",
            "set_pagu_user": 6938,
            "set_pagu_at": "Tue, 25 Mar 2025 11:30:30 GMT",
            "id_program": 4451,
            "kode_program": "2.13.01",
            "nama_program": "PROGRAM PENUNJANG URUSAN PEMERINTAHAN DAERAH KABUPATEN/KOTA",
            "id_giat": 18376,
            "kode_giat": "2.13.01.2.06",
            "nama_giat": "Administrasi Umum Perangkat Daerah",
            "pagu_giat": 312459000.0,
            "rinci_giat": null,
            "id_sub_giat": 60643,
            "kode_sub_giat": "2.13.01.2.06.0009",
            "nama_sub_giat": "Penyelenggaraan Rapat Koordinasi dan Konsultasi SKPD",
            "pagu": 140000000.0,
            "pagu_indikatif": 140000000.0,
            "rincian": null,
            "kode_bl": "971.971.4451.18376",
            "kode_sbl": "971.971.4451.18376.60643",
            "kunci_bl": 1,
            "kunci_bl_rinci": 1,
            "user_created": "RAHMAT HIDAYAT, S.STP, M.Si",
            "created_date": "31-01-2025",
            "created_time": "13:07",
            "user_updated": "RAHMAT HIDAYAT, S.STP, M.Si",
            "updated_date": "25-03-2025",
            "updated_time": "11:16",
            "is_locked": 0
        },
        {
            "id_sub_bl": 62346,
            "id_daerah": 473,
            "tahun": 2026,
            "id_unit": 971,
            "id_skpd": 971,
            "created_user": 6938,
            "kode_skpd": "2.13.0.00.0.00.01.0000",
            "nama_skpd": "Dinas Pemberdayaan Masyarakat dan Desa",
            "id_urusan": 12,
            "kode_urusan": "2",
            "nama_urusan": "URUSAN PEMERINTAHAN WAJIB YANG TIDAK BERKAITAN DENGAN PELAYANAN DASAR",
            "id_bidang_urusan": 213,
            "kode_bidang_urusan": "2.13",
            "nama_bidang_urusan": "URUSAN PEMERINTAHAN BIDANG PEMBERDAYAAN MASYARAKAT DAN DESA",
            "id_sub_skpd": 971,
            "kode_sub_skpd": "2.13.0.00.0.00.01.0000",
            "nama_sub_skpd": "Dinas Pemberdayaan Masyarakat dan Desa",
            "set_pagu_user": 6938,
            "set_pagu_at": "Tue, 25 Mar 2025 11:30:30 GMT",
            "id_program": 4451,
            "kode_program": "2.13.01",
            "nama_program": "PROGRAM PENUNJANG URUSAN PEMERINTAHAN DAERAH KABUPATEN/KOTA",
            "id_giat": 18378,
            "kode_giat": "2.13.01.2.08",
            "nama_giat": "Penyediaan Jasa Penunjang Urusan Pemerintahan Daerah",
            "pagu_giat": 287941000.0,
            "rinci_giat": null,
            "id_sub_giat": 60657,
            "kode_sub_giat": "2.13.01.2.08.0001",
            "nama_sub_giat": "Penyediaan Jasa Surat Menyurat",
            "pagu": 15001000.0,
            "pagu_indikatif": 15001000.0,
            "rincian": null,
            "kode_bl": "971.971.4451.18378",
            "kode_sbl": "971.971.4451.18378.60657",
            "kunci_bl": 1,
            "kunci_bl_rinci": 1,
            "user_created": "RAHMAT HIDAYAT, S.STP, M.Si",
            "created_date": "31-01-2025",
            "created_time": "13:10",
            "user_updated": "RAHMAT HIDAYAT, S.STP, M.Si",
            "updated_date": "31-01-2025",
            "updated_time": "21:33",
            "is_locked": 0
        },
        {
            "id_sub_bl": 62347,
            "id_daerah": 473,
            "tahun": 2026,
            "id_unit": 971,
            "id_skpd": 971,
            "created_user": 6938,
            "kode_skpd": "2.13.0.00.0.00.01.0000",
            "nama_skpd": "Dinas Pemberdayaan Masyarakat dan Desa",
            "id_urusan": 12,
            "kode_urusan": "2",
            "nama_urusan": "URUSAN PEMERINTAHAN WAJIB YANG TIDAK BERKAITAN DENGAN PELAYANAN DASAR",
            "id_bidang_urusan": 213,
            "kode_bidang_urusan": "2.13",
            "nama_bidang_urusan": "URUSAN PEMERINTAHAN BIDANG PEMBERDAYAAN MASYARAKAT DAN DESA",
            "id_sub_skpd": 971,
            "kode_sub_skpd": "2.13.0.00.0.00.01.0000",
            "nama_sub_skpd": "Dinas Pemberdayaan Masyarakat dan Desa",
            "set_pagu_user": 6938,
            "set_pagu_at": "Tue, 25 Mar 2025 11:30:30 GMT",
            "id_program": 4451,
            "kode_program": "2.13.01",
            "nama_program": "PROGRAM PENUNJANG URUSAN PEMERINTAHAN DAERAH KABUPATEN/KOTA",
            "id_giat": 18378,
            "kode_giat": "2.13.01.2.08",
            "nama_giat": "Penyediaan Jasa Penunjang Urusan Pemerintahan Daerah",
            "pagu_giat": 287941000.0,
            "rinci_giat": null,
            "id_sub_giat": 60658,
            "kode_sub_giat": "2.13.01.2.08.0002",
            "nama_sub_giat": "Penyediaan Jasa Komunikasi, Sumber Daya Air dan Listrik",
            "pagu": 60000000.0,
            "pagu_indikatif": 60000000.0,
            "rincian": null,
            "kode_bl": "971.971.4451.18378",
            "kode_sbl": "971.971.4451.18378.60658",
            "kunci_bl": 1,
            "kunci_bl_rinci": 1,
            "user_created": "RAHMAT HIDAYAT, S.STP, M.Si",
            "created_date": "31-01-2025",
            "created_time": "13:11",
            "user_updated": "RAHMAT HIDAYAT, S.STP, M.Si",
            "updated_date": "31-01-2025",
            "updated_time": "21:34",
            "is_locked": 0
        },
        {
            "id_sub_bl": 62348,
            "id_daerah": 473,
            "tahun": 2026,
            "id_unit": 971,
            "id_skpd": 971,
            "created_user": 6938,
            "kode_skpd": "2.13.0.00.0.00.01.0000",
            "nama_skpd": "Dinas Pemberdayaan Masyarakat dan Desa",
            "id_urusan": 12,
            "kode_urusan": "2",
            "nama_urusan": "URUSAN PEMERINTAHAN WAJIB YANG TIDAK BERKAITAN DENGAN PELAYANAN DASAR",
            "id_bidang_urusan": 213,
            "kode_bidang_urusan": "2.13",
            "nama_bidang_urusan": "URUSAN PEMERINTAHAN BIDANG PEMBERDAYAAN MASYARAKAT DAN DESA",
            "id_sub_skpd": 971,
            "kode_sub_skpd": "2.13.0.00.0.00.01.0000",
            "nama_sub_skpd": "Dinas Pemberdayaan Masyarakat dan Desa",
            "set_pagu_user": 6938,
            "set_pagu_at": "Tue, 25 Mar 2025 11:30:30 GMT",
            "id_program": 4451,
            "kode_program": "2.13.01",
            "nama_program": "PROGRAM PENUNJANG URUSAN PEMERINTAHAN DAERAH KABUPATEN/KOTA",
            "id_giat": 18378,
            "kode_giat": "2.13.01.2.08",
            "nama_giat": "Penyediaan Jasa Penunjang Urusan Pemerintahan Daerah",
            "pagu_giat": 287941000.0,
            "rinci_giat": null,
            "id_sub_giat": 60660,
            "kode_sub_giat": "2.13.01.2.08.0004",
            "nama_sub_giat": "Penyediaan Jasa Pelayanan Umum Kantor",
            "pagu": 212940000.0,
            "pagu_indikatif": 212940000.0,
            "rincian": null,
            "kode_bl": "971.971.4451.18378",
            "kode_sbl": "971.971.4451.18378.60660",
            "kunci_bl": 1,
            "kunci_bl_rinci": 1,
            "user_created": "RAHMAT HIDAYAT, S.STP, M.Si",
            "created_date": "31-01-2025",
            "created_time": "13:13",
            "user_updated": "RAHMAT HIDAYAT, S.STP, M.Si",
            "updated_date": "31-01-2025",
            "updated_time": "21:35",
            "is_locked": 0
        },
        {
            "id_sub_bl": 62350,
            "id_daerah": 473,
            "tahun": 2026,
            "id_unit": 971,
            "id_skpd": 971,
            "created_user": 6938,
            "kode_skpd": "2.13.0.00.0.00.01.0000",
            "nama_skpd": "Dinas Pemberdayaan Masyarakat dan Desa",
            "id_urusan": 12,
            "kode_urusan": "2",
            "nama_urusan": "URUSAN PEMERINTAHAN WAJIB YANG TIDAK BERKAITAN DENGAN PELAYANAN DASAR",
            "id_bidang_urusan": 213,
            "kode_bidang_urusan": "2.13",
            "nama_bidang_urusan": "URUSAN PEMERINTAHAN BIDANG PEMBERDAYAAN MASYARAKAT DAN DESA",
            "id_sub_skpd": 971,
            "kode_sub_skpd": "2.13.0.00.0.00.01.0000",
            "nama_sub_skpd": "Dinas Pemberdayaan Masyarakat dan Desa",
            "set_pagu_user": 6938,
            "set_pagu_at": "Tue, 25 Mar 2025 11:30:30 GMT",
            "id_program": 4451,
            "kode_program": "2.13.01",
            "nama_program": "PROGRAM PENUNJANG URUSAN PEMERINTAHAN DAERAH KABUPATEN/KOTA",
            "id_giat": 18379,
            "kode_giat": "2.13.01.2.09",
            "nama_giat": "Pemeliharaan Barang Milik Daerah Penunjang Urusan Pemerintahan Daerah",
            "pagu_giat": 259024653.0,
            "rinci_giat": null,
            "id_sub_giat": 60661,
            "kode_sub_giat": "2.13.01.2.09.0001",
            "nama_sub_giat": "Penyediaan Jasa Pemeliharaan, Biaya Pemeliharaan, dan Pajak Kendaraan Perorangan Dinas atau Kendaraan Dinas Jabatan",
            "pagu": 160580000.0,
            "pagu_indikatif": 160580000.0,
            "rincian": null,
            "kode_bl": "971.971.4451.18379",
            "kode_sbl": "971.971.4451.18379.60661",
            "kunci_bl": 1,
            "kunci_bl_rinci": 1,
            "user_created": "RAHMAT HIDAYAT, S.STP, M.Si",
            "created_date": "31-01-2025",
            "created_time": "13:16",
            "user_updated": "RAHMAT HIDAYAT, S.STP, M.Si",
            "updated_date": "25-03-2025",
            "updated_time": "11:14",
            "is_locked": 0
        },
        {
            "id_sub_bl": 62353,
            "id_daerah": 473,
            "tahun": 2026,
            "id_unit": 971,
            "id_skpd": 971,
            "created_user": 6938,
            "kode_skpd": "2.13.0.00.0.00.01.0000",
            "nama_skpd": "Dinas Pemberdayaan Masyarakat dan Desa",
            "id_urusan": 12,
            "kode_urusan": "2",
            "nama_urusan": "URUSAN PEMERINTAHAN WAJIB YANG TIDAK BERKAITAN DENGAN PELAYANAN DASAR",
            "id_bidang_urusan": 213,
            "kode_bidang_urusan": "2.13",
            "nama_bidang_urusan": "URUSAN PEMERINTAHAN BIDANG PEMBERDAYAAN MASYARAKAT DAN DESA",
            "id_sub_skpd": 971,
            "kode_sub_skpd": "2.13.0.00.0.00.01.0000",
            "nama_sub_skpd": "Dinas Pemberdayaan Masyarakat dan Desa",
            "set_pagu_user": 6938,
            "set_pagu_at": "Tue, 25 Mar 2025 11:30:30 GMT",
            "id_program": 4451,
            "kode_program": "2.13.01",
            "nama_program": "PROGRAM PENUNJANG URUSAN PEMERINTAHAN DAERAH KABUPATEN/KOTA",
            "id_giat": 18379,
            "kode_giat": "2.13.01.2.09",
            "nama_giat": "Pemeliharaan Barang Milik Daerah Penunjang Urusan Pemerintahan Daerah",
            "pagu_giat": 259024653.0,
            "rinci_giat": null,
            "id_sub_giat": 60669,
            "kode_sub_giat": "2.13.01.2.09.0009",
            "nama_sub_giat": "Pemeliharaan/Rehabilitasi Gedung Kantor dan Bangunan Lainnya",
            "pagu": 98444653.0,
            "pagu_indikatif": 98444653.0,
            "rincian": null,
            "kode_bl": "971.971.4451.18379",
            "kode_sbl": "971.971.4451.18379.60669",
            "kunci_bl": 1,
            "kunci_bl_rinci": 1,
            "user_created": "RAHMAT HIDAYAT, S.STP, M.Si",
            "created_date": "31-01-2025",
            "created_time": "13:19",
            "user_updated": "RAHMAT HIDAYAT, S.STP, M.Si",
            "updated_date": "31-01-2025",
            "updated_time": "21:39",
            "is_locked": 0
        }
    ]