[
        {
            "id_sub_bl": 64240,
            "id_daerah": 473,
            "tahun": 2026,
            "id_unit": 682,
            "id_skpd": 682,
            "created_user": 1074,
            "kode_skpd": "2.15.0.00.0.00.01.0000",
            "nama_skpd": "Dinas Perhubungan",
            "id_urusan": 12,
            "kode_urusan": "2",
            "nama_urusan": "URUSAN PEMERINTAHAN WAJIB YANG TIDAK BERKAITAN DENGAN PELAYANAN DASAR",
            "id_bidang_urusan": 215,
            "kode_bidang_urusan": "2.15",
            "nama_bidang_urusan": "URUSAN PEMERINTAHAN BIDANG PERHUBUNGAN",
            "id_sub_skpd": 682,
            "kode_sub_skpd": "2.15.0.00.0.00.01.0000",
            "nama_sub_skpd": "Dinas Perhubungan",
            "set_pagu_user": 1074,
            "set_pagu_at": "Thu, 10 Apr 2025 14:04:44 GMT",
            "id_program": 3826,
            "kode_program": "2.15.02",
            "nama_program": "PROGRAM PENYELENGGARAAN LALU LINTAS DAN ANGKUTAN JALAN (LLAJ)",
            "id_giat": 16507,
            "kode_giat": "2.15.02.2.01",
            "nama_giat": "Penetapan Rencana Induk Jaringan LLAJ Kabupaten/Kota",
            "pagu_giat": 150000000.0,
            "rinci_giat": null,
            "id_sub_giat": 54958,
            "kode_sub_giat": "2.15.02.2.01.0001",
            "nama_sub_giat": "Pelaksanaan Penyusunan Rencana Induk Jaringan LLAJ Kabupaten/Kota",
            "pagu": 150000000.0,
            "pagu_indikatif": 150000000.0,
            "rincian": null,
            "kode_bl": "682.682.3826.16507",
            "kode_sbl": "682.682.3826.16507.54958",
            "kunci_bl": 1,
            "kunci_bl_rinci": 1,
            "user_created": "Zahrin, Sos",
            "created_date": "03-02-2025",
            "created_time": "19:48",
            "user_updated": null,
            "updated_date": null,
            "updated_time": null,
            "is_locked": 0
        },
        {
            "id_sub_bl": 64245,
            "id_daerah": 473,
            "tahun": 2026,
            "id_unit": 682,
            "id_skpd": 682,
            "created_user": 1074,
            "kode_skpd": "2.15.0.00.0.00.01.0000",
            "nama_skpd": "Dinas Perhubungan",
            "id_urusan": 12,
            "kode_urusan": "2",
            "nama_urusan": "URUSAN PEMERINTAHAN WAJIB YANG TIDAK BERKAITAN DENGAN PELAYANAN DASAR",
            "id_bidang_urusan": 215,
            "kode_bidang_urusan": "2.15",
            "nama_bidang_urusan": "URUSAN PEMERINTAHAN BIDANG PERHUBUNGAN",
            "id_sub_skpd": 682,
            "kode_sub_skpd": "2.15.0.00.0.00.01.0000",
            "nama_sub_skpd": "Dinas Perhubungan",
            "set_pagu_user": 1074,
            "set_pagu_at": "Thu, 10 Apr 2025 14:04:44 GMT",
            "id_program": 3826,
            "kode_program": "2.15.02",
            "nama_program": "PROGRAM PENYELENGGARAAN LALU LINTAS DAN ANGKUTAN JALAN (LLAJ)",
            "id_giat": 16508,
            "kode_giat": "2.15.02.2.02",
            "nama_giat": "Penyediaan Perlengkapan Jalan di Jalan Kabupaten/Kota",
            "pagu_giat": 3420870609.0,
            "rinci_giat": null,
            "id_sub_giat": 54964,
            "kode_sub_giat": "2.15.02.2.02.0001",
            "nama_sub_giat": "Pembangunan Prasarana Jalan di Jalan Kabupaten/Kota",
            "pagu": 85793129.0,
            "pagu_indikatif": 85793129.0,
            "rincian": null,
            "kode_bl": "682.682.3826.16508",
            "kode_sbl": "682.682.3826.16508.54964",
            "kunci_bl": 1,
            "kunci_bl_rinci": 1,
            "user_created": "Zahrin, Sos",
            "created_date": "03-02-2025",
            "created_time": "19:50",
            "user_updated": "Zahrin, Sos",
            "updated_date": "03-02-2025",
            "updated_time": "20:00",
            "is_locked": 0
        },
        {
            "id_sub_bl": 64249,
            "id_daerah": 473,
            "tahun": 2026,
            "id_unit": 682,
            "id_skpd": 682,
            "created_user": 1074,
            "kode_skpd": "2.15.0.00.0.00.01.0000",
            "nama_skpd": "Dinas Perhubungan",
            "id_urusan": 12,
            "kode_urusan": "2",
            "nama_urusan": "URUSAN PEMERINTAHAN WAJIB YANG TIDAK BERKAITAN DENGAN PELAYANAN DASAR",
            "id_bidang_urusan": 215,
            "kode_bidang_urusan": "2.15",
            "nama_bidang_urusan": "URUSAN PEMERINTAHAN BIDANG PERHUBUNGAN",
            "id_sub_skpd": 682,
            "kode_sub_skpd": "2.15.0.00.0.00.01.0000",
            "nama_sub_skpd": "Dinas Perhubungan",
            "set_pagu_user": 1074,
            "set_pagu_at": "Thu, 10 Apr 2025 14:04:44 GMT",
            "id_program": 3826,
            "kode_program": "2.15.02",
            "nama_program": "PROGRAM PENYELENGGARAAN LALU LINTAS DAN ANGKUTAN JALAN (LLAJ)",
            "id_giat": 16508,
            "kode_giat": "2.15.02.2.02",
            "nama_giat": "Penyediaan Perlengkapan Jalan di Jalan Kabupaten/Kota",
            "pagu_giat": 3420870609.0,
            "rinci_giat": null,
            "id_sub_giat": 54965,
            "kode_sub_giat": "2.15.02.2.02.0002",
            "nama_sub_giat": "Penyediaan Perlengkapan Jalan di Jalan Kabupaten/Kota",
            "pagu": 1200000000.0,
            "pagu_indikatif": 1200000000.0,
            "rincian": null,
            "kode_bl": "682.682.3826.16508",
            "kode_sbl": "682.682.3826.16508.54965",
            "kunci_bl": 1,
            "kunci_bl_rinci": 1,
            "user_created": "Zahrin, Sos",
            "created_date": "03-02-2025",
            "created_time": "19:52",
            "user_updated": "Zahrin, Sos",
            "updated_date": "10-04-2025",
            "updated_time": "13:48",
            "is_locked": 0
        },
        {
            "id_sub_bl": 64255,
            "id_daerah": 473,
            "tahun": 2026,
            "id_unit": 682,
            "id_skpd": 682,
            "created_user": 1074,
            "kode_skpd": "2.15.0.00.0.00.01.0000",
            "nama_skpd": "Dinas Perhubungan",
            "id_urusan": 12,
            "kode_urusan": "2",
            "nama_urusan": "URUSAN PEMERINTAHAN WAJIB YANG TIDAK BERKAITAN DENGAN PELAYANAN DASAR",
            "id_bidang_urusan": 215,
            "kode_bidang_urusan": "2.15",
            "nama_bidang_urusan": "URUSAN PEMERINTAHAN BIDANG PERHUBUNGAN",
            "id_sub_skpd": 682,
            "kode_sub_skpd": "2.15.0.00.0.00.01.0000",
            "nama_sub_skpd": "Dinas Perhubungan",
            "set_pagu_user": 1074,
            "set_pagu_at": "Thu, 10 Apr 2025 14:04:44 GMT",
            "id_program": 3826,
            "kode_program": "2.15.02",
            "nama_program": "PROGRAM PENYELENGGARAAN LALU LINTAS DAN ANGKUTAN JALAN (LLAJ)",
            "id_giat": 16508,
            "kode_giat": "2.15.02.2.02",
            "nama_giat": "Penyediaan Perlengkapan Jalan di Jalan Kabupaten/Kota",
            "pagu_giat": 3420870609.0,
            "rinci_giat": null,
            "id_sub_giat": 54966,
            "kode_sub_giat": "2.15.02.2.02.0003",
            "nama_sub_giat": "Rehabilitasi dan Pemeliharaan Prasarana Jalan",
            "pagu": 135000000.0,
            "pagu_indikatif": 135000000.0,
            "rincian": null,
            "kode_bl": "682.682.3826.16508",
            "kode_sbl": "682.682.3826.16508.54966",
            "kunci_bl": 1,
            "kunci_bl_rinci": 1,
            "user_created": "Zahrin, Sos",
            "created_date": "03-02-2025",
            "created_time": "19:53",
            "user_updated": null,
            "updated_date": null,
            "updated_time": null,
            "is_locked": 0
        },
        {
            "id_sub_bl": 64257,
            "id_daerah": 473,
            "tahun": 2026,
            "id_unit": 682,
            "id_skpd": 682,
            "created_user": 1074,
            "kode_skpd": "2.15.0.00.0.00.01.0000",
            "nama_skpd": "Dinas Perhubungan",
            "id_urusan": 12,
            "kode_urusan": "2",
            "nama_urusan": "URUSAN PEMERINTAHAN WAJIB YANG TIDAK BERKAITAN DENGAN PELAYANAN DASAR",
            "id_bidang_urusan": 215,
            "kode_bidang_urusan": "2.15",
            "nama_bidang_urusan": "URUSAN PEMERINTAHAN BIDANG PERHUBUNGAN",
            "id_sub_skpd": 682,
            "kode_sub_skpd": "2.15.0.00.0.00.01.0000",
            "nama_sub_skpd": "Dinas Perhubungan",
            "set_pagu_user": 1074,
            "set_pagu_at": "Thu, 10 Apr 2025 14:04:44 GMT",
            "id_program": 3826,
            "kode_program": "2.15.02",
            "nama_program": "PROGRAM PENYELENGGARAAN LALU LINTAS DAN ANGKUTAN JALAN (LLAJ)",
            "id_giat": 16508,
            "kode_giat": "2.15.02.2.02",
            "nama_giat": "Penyediaan Perlengkapan Jalan di Jalan Kabupaten/Kota",
            "pagu_giat": 3420870609.0,
            "rinci_giat": null,
            "id_sub_giat": 54967,
            "kode_sub_giat": "2.15.02.2.02.0004",
            "nama_sub_giat": "Rehabilitasi dan Pemeliharaan Perlengkapan Jalan",
            "pagu": 2000077480.0,
            "pagu_indikatif": 2000077480.0,
            "rincian": null,
            "kode_bl": "682.682.3826.16508",
            "kode_sbl": "682.682.3826.16508.54967",
            "kunci_bl": 1,
            "kunci_bl_rinci": 1,
            "user_created": "Zahrin, Sos",
            "created_date": "03-02-2025",
            "created_time": "19:54",
            "user_updated": "Zahrin, Sos",
            "updated_date": "10-04-2025",
            "updated_time": "14:03",
            "is_locked": 0
        },
        {
            "id_sub_bl": 64259,
            "id_daerah": 473,
            "tahun": 2026,
            "id_unit": 682,
            "id_skpd": 682,
            "created_user": 1074,
            "kode_skpd": "2.15.0.00.0.00.01.0000",
            "nama_skpd": "Dinas Perhubungan",
            "id_urusan": 12,
            "kode_urusan": "2",
            "nama_urusan": "URUSAN PEMERINTAHAN WAJIB YANG TIDAK BERKAITAN DENGAN PELAYANAN DASAR",
            "id_bidang_urusan": 215,
            "kode_bidang_urusan": "2.15",
            "nama_bidang_urusan": "URUSAN PEMERINTAHAN BIDANG PERHUBUNGAN",
            "id_sub_skpd": 682,
            "kode_sub_skpd": "2.15.0.00.0.00.01.0000",
            "nama_sub_skpd": "Dinas Perhubungan",
            "set_pagu_user": 1074,
            "set_pagu_at": "Thu, 10 Apr 2025 14:04:44 GMT",
            "id_program": 3826,
            "kode_program": "2.15.02",
            "nama_program": "PROGRAM PENYELENGGARAAN LALU LINTAS DAN ANGKUTAN JALAN (LLAJ)",
            "id_giat": 16509,
            "kode_giat": "2.15.02.2.03",
            "nama_giat": "Pengelolaan Terminal Penumpang Tipe C",
            "pagu_giat": 120000000.0,
            "rinci_giat": null,
            "id_sub_giat": 54974,
            "kode_sub_giat": "2.15.02.2.03.0011",
            "nama_sub_giat": "Rehabilitasi dan Pemeliharaan Terminal Tipe C (Fasilitas Utama dan Penunjang)",
            "pagu": 120000000.0,
            "pagu_indikatif": 120000000.0,
            "rincian": null,
            "kode_bl": "682.682.3826.16509",
            "kode_sbl": "682.682.3826.16509.54974",
            "kunci_bl": 1,
            "kunci_bl_rinci": 1,
            "user_created": "Zahrin, Sos",
            "created_date": "03-02-2025",
            "created_time": "19:56",
            "user_updated": null,
            "updated_date": null,
            "updated_time": null,
            "is_locked": 0
        },
        {
            "id_sub_bl": 64262,
            "id_daerah": 473,
            "tahun": 2026,
            "id_unit": 682,
            "id_skpd": 682,
            "created_user": 1074,
            "kode_skpd": "2.15.0.00.0.00.01.0000",
            "nama_skpd": "Dinas Perhubungan",
            "id_urusan": 12,
            "kode_urusan": "2",
            "nama_urusan": "URUSAN PEMERINTAHAN WAJIB YANG TIDAK BERKAITAN DENGAN PELAYANAN DASAR",
            "id_bidang_urusan": 215,
            "kode_bidang_urusan": "2.15",
            "nama_bidang_urusan": "URUSAN PEMERINTAHAN BIDANG PERHUBUNGAN",
            "id_sub_skpd": 682,
            "kode_sub_skpd": "2.15.0.00.0.00.01.0000",
            "nama_sub_skpd": "Dinas Perhubungan",
            "set_pagu_user": 1074,
            "set_pagu_at": "Thu, 10 Apr 2025 14:04:44 GMT",
            "id_program": 3826,
            "kode_program": "2.15.02",
            "nama_program": "PROGRAM PENYELENGGARAAN LALU LINTAS DAN ANGKUTAN JALAN (LLAJ)",
            "id_giat": 16510,
            "kode_giat": "2.15.02.2.04",
            "nama_giat": "Penerbitan Izin Penyelenggaraan dan Pembangunan Fasilitas Parkir",
            "pagu_giat": 110000000.0,
            "rinci_giat": null,
            "id_sub_giat": 54976,
            "kode_sub_giat": "2.15.02.2.04.0002",
            "nama_sub_giat": "Koordinasi dan Sinkronisasi Pengawasan Pelaksanaan Izin Penyelenggaraan dan Pembangunan Fasilitas Parkir Kewenangan Kabupaten/Kota ",
            "pagu": 110000000.0,
            "pagu_indikatif": 110000000.0,
            "rincian": null,
            "kode_bl": "682.682.3826.16510",
            "kode_sbl": "682.682.3826.16510.54976",
            "kunci_bl": 1,
            "kunci_bl_rinci": 1,
            "user_created": "Zahrin, Sos",
            "created_date": "03-02-2025",
            "created_time": "19:57",
            "user_updated": null,
            "updated_date": null,
            "updated_time": null,
            "is_locked": 0
        },
        {
            "id_sub_bl": 64265,
            "id_daerah": 473,
            "tahun": 2026,
            "id_unit": 682,
            "id_skpd": 682,
            "created_user": 1074,
            "kode_skpd": "2.15.0.00.0.00.01.0000",
            "nama_skpd": "Dinas Perhubungan",
            "id_urusan": 12,
            "kode_urusan": "2",
            "nama_urusan": "URUSAN PEMERINTAHAN WAJIB YANG TIDAK BERKAITAN DENGAN PELAYANAN DASAR",
            "id_bidang_urusan": 215,
            "kode_bidang_urusan": "2.15",
            "nama_bidang_urusan": "URUSAN PEMERINTAHAN BIDANG PERHUBUNGAN",
            "id_sub_skpd": 682,
            "kode_sub_skpd": "2.15.0.00.0.00.01.0000",
            "nama_sub_skpd": "Dinas Perhubungan",
            "set_pagu_user": 1074,
            "set_pagu_at": "Thu, 10 Apr 2025 14:04:44 GMT",
            "id_program": 3826,
            "kode_program": "2.15.02",
            "nama_program": "PROGRAM PENYELENGGARAAN LALU LINTAS DAN ANGKUTAN JALAN (LLAJ)",
            "id_giat": 16515,
            "kode_giat": "2.15.02.2.09",
            "nama_giat": "Penyediaan Angkutan Umum untuk Jasa Angkutan Orang dan/atau Barang Antar Kota dalam 1 (Satu) Daerah Kabupaten/Kota",
            "pagu_giat": 246000000.0,
            "rinci_giat": null,
            "id_sub_giat": 55011,
            "kode_sub_giat": "2.15.02.2.09.0002",
            "nama_sub_giat": "Pengendalian dan Pengawasan Ketersediaan Angkutan Umum untuk Jasa Angkutan Orang dan/atau Barang Antar Kota dalam 1 (Satu) Kabupaten/Kota",
            "pagu": 246000000.0,
            "pagu_indikatif": 246000000.0,
            "rincian": null,
            "kode_bl": "682.682.3826.16515",
            "kode_sbl": "682.682.3826.16515.55011",
            "kunci_bl": 1,
            "kunci_bl_rinci": 1,
            "user_created": "Zahrin, Sos",
            "created_date": "03-02-2025",
            "created_time": "19:58",
            "user_updated": null,
            "updated_date": null,
            "updated_time": null,
            "is_locked": 0
        },
        {
            "id_sub_bl": 64182,
            "id_daerah": 473,
            "tahun": 2026,
            "id_unit": 682,
            "id_skpd": 682,
            "created_user": 1074,
            "kode_skpd": "2.15.0.00.0.00.01.0000",
            "nama_skpd": "Dinas Perhubungan",
            "id_urusan": 12,
            "kode_urusan": "2",
            "nama_urusan": "URUSAN PEMERINTAHAN WAJIB YANG TIDAK BERKAITAN DENGAN PELAYANAN DASAR",
            "id_bidang_urusan": 215,
            "kode_bidang_urusan": "2.15",
            "nama_bidang_urusan": "URUSAN PEMERINTAHAN BIDANG PERHUBUNGAN",
            "id_sub_skpd": 682,
            "kode_sub_skpd": "2.15.0.00.0.00.01.0000",
            "nama_sub_skpd": "Dinas Perhubungan",
            "set_pagu_user": 1074,
            "set_pagu_at": "Thu, 10 Apr 2025 14:04:44 GMT",
            "id_program": 4451,
            "kode_program": "2.15.01",
            "nama_program": "PROGRAM PENUNJANG URUSAN PEMERINTAHAN DAERAH KABUPATEN/KOTA",
            "id_giat": 18371,
            "kode_giat": "2.15.01.2.01",
            "nama_giat": "Perencanaan, Penganggaran, dan Evaluasi Kinerja Perangkat Daerah",
            "pagu_giat": 193476000.0,
            "rinci_giat": null,
            "id_sub_giat": 60589,
            "kode_sub_giat": "2.15.01.2.01.0001",
            "nama_sub_giat": "Penyusunan Dokumen Perencanaan Perangkat Daerah",
            "pagu": 89000000.0,
            "pagu_indikatif": 89000000.0,
            "rincian": null,
            "kode_bl": "682.682.4451.18371",
            "kode_sbl": "682.682.4451.18371.60589",
            "kunci_bl": 1,
            "kunci_bl_rinci": 1,
            "user_created": "Zahrin, Sos",
            "created_date": "03-02-2025",
            "created_time": "19:00",
            "user_updated": null,
            "updated_date": null,
            "updated_time": null,
            "is_locked": 0
        },
        {
            "id_sub_bl": 64183,
            "id_daerah": 473,
            "tahun": 2026,
            "id_unit": 682,
            "id_skpd": 682,
            "created_user": 1074,
            "kode_skpd": "2.15.0.00.0.00.01.0000",
            "nama_skpd": "Dinas Perhubungan",
            "id_urusan": 12,
            "kode_urusan": "2",
            "nama_urusan": "URUSAN PEMERINTAHAN WAJIB YANG TIDAK BERKAITAN DENGAN PELAYANAN DASAR",
            "id_bidang_urusan": 215,
            "kode_bidang_urusan": "2.15",
            "nama_bidang_urusan": "URUSAN PEMERINTAHAN BIDANG PERHUBUNGAN",
            "id_sub_skpd": 682,
            "kode_sub_skpd": "2.15.0.00.0.00.01.0000",
            "nama_sub_skpd": "Dinas Perhubungan",
            "set_pagu_user": 1074,
            "set_pagu_at": "Thu, 10 Apr 2025 14:04:44 GMT",
            "id_program": 4451,
            "kode_program": "2.15.01",
            "nama_program": "PROGRAM PENUNJANG URUSAN PEMERINTAHAN DAERAH KABUPATEN/KOTA",
            "id_giat": 18371,
            "kode_giat": "2.15.01.2.01",
            "nama_giat": "Perencanaan, Penganggaran, dan Evaluasi Kinerja Perangkat Daerah",
            "pagu_giat": 193476000.0,
            "rinci_giat": null,
            "id_sub_giat": 60590,
            "kode_sub_giat": "2.15.01.2.01.0002",
            "nama_sub_giat": "Koordinasi dan Penyusunan Dokumen RKA-SKPD",
            "pagu": 29000000.0,
            "pagu_indikatif": 29000000.0,
            "rincian": null,
            "kode_bl": "682.682.4451.18371",
            "kode_sbl": "682.682.4451.18371.60590",
            "kunci_bl": 1,
            "kunci_bl_rinci": 1,
            "user_created": "Zahrin, Sos",
            "created_date": "03-02-2025",
            "created_time": "19:01",
            "user_updated": null,
            "updated_date": null,
            "updated_time": null,
            "is_locked": 0
        },
        {
            "id_sub_bl": 64185,
            "id_daerah": 473,
            "tahun": 2026,
            "id_unit": 682,
            "id_skpd": 682,
            "created_user": 1074,
            "kode_skpd": "2.15.0.00.0.00.01.0000",
            "nama_skpd": "Dinas Perhubungan",
            "id_urusan": 12,
            "kode_urusan": "2",
            "nama_urusan": "URUSAN PEMERINTAHAN WAJIB YANG TIDAK BERKAITAN DENGAN PELAYANAN DASAR",
            "id_bidang_urusan": 215,
            "kode_bidang_urusan": "2.15",
            "nama_bidang_urusan": "URUSAN PEMERINTAHAN BIDANG PERHUBUNGAN",
            "id_sub_skpd": 682,
            "kode_sub_skpd": "2.15.0.00.0.00.01.0000",
            "nama_sub_skpd": "Dinas Perhubungan",
            "set_pagu_user": 1074,
            "set_pagu_at": "Thu, 10 Apr 2025 14:04:44 GMT",
            "id_program": 4451,
            "kode_program": "2.15.01",
            "nama_program": "PROGRAM PENUNJANG URUSAN PEMERINTAHAN DAERAH KABUPATEN/KOTA",
            "id_giat": 18371,
            "kode_giat": "2.15.01.2.01",
            "nama_giat": "Perencanaan, Penganggaran, dan Evaluasi Kinerja Perangkat Daerah",
            "pagu_giat": 193476000.0,
            "rinci_giat": null,
            "id_sub_giat": 60592,
            "kode_sub_giat": "2.15.01.2.01.0004",
            "nama_sub_giat": "Koordinasi dan Penyusunan DPA-SKPD",
            "pagu": 69000000.0,
            "pagu_indikatif": 69000000.0,
            "rincian": null,
            "kode_bl": "682.682.4451.18371",
            "kode_sbl": "682.682.4451.18371.60592",
            "kunci_bl": 1,
            "kunci_bl_rinci": 1,
            "user_created": "Zahrin, Sos",
            "created_date": "03-02-2025",
            "created_time": "19:02",
            "user_updated": null,
            "updated_date": null,
            "updated_time": null,
            "is_locked": 0
        },
        {
            "id_sub_bl": 64186,
            "id_daerah": 473,
            "tahun": 2026,
            "id_unit": 682,
            "id_skpd": 682,
            "created_user": 1074,
            "kode_skpd": "2.15.0.00.0.00.01.0000",
            "nama_skpd": "Dinas Perhubungan",
            "id_urusan": 12,
            "kode_urusan": "2",
            "nama_urusan": "URUSAN PEMERINTAHAN WAJIB YANG TIDAK BERKAITAN DENGAN PELAYANAN DASAR",
            "id_bidang_urusan": 215,
            "kode_bidang_urusan": "2.15",
            "nama_bidang_urusan": "URUSAN PEMERINTAHAN BIDANG PERHUBUNGAN",
            "id_sub_skpd": 682,
            "kode_sub_skpd": "2.15.0.00.0.00.01.0000",
            "nama_sub_skpd": "Dinas Perhubungan",
            "set_pagu_user": 1074,
            "set_pagu_at": "Thu, 10 Apr 2025 14:04:44 GMT",
            "id_program": 4451,
            "kode_program": "2.15.01",
            "nama_program": "PROGRAM PENUNJANG URUSAN PEMERINTAHAN DAERAH KABUPATEN/KOTA",
            "id_giat": 18371,
            "kode_giat": "2.15.01.2.01",
            "nama_giat": "Perencanaan, Penganggaran, dan Evaluasi Kinerja Perangkat Daerah",
            "pagu_giat": 193476000.0,
            "rinci_giat": null,
            "id_sub_giat": 60594,
            "kode_sub_giat": "2.15.01.2.01.0006",
            "nama_sub_giat": "Koordinasi dan Penyusunan Laporan Capaian Kinerja dan Ikhtisar Realisasi Kinerja SKPD",
            "pagu": 2976000.0,
            "pagu_indikatif": 2976000.0,
            "rincian": null,
            "kode_bl": "682.682.4451.18371",
            "kode_sbl": "682.682.4451.18371.60594",
            "kunci_bl": 1,
            "kunci_bl_rinci": 1,
            "user_created": "Zahrin, Sos",
            "created_date": "03-02-2025",
            "created_time": "19:03",
            "user_updated": null,
            "updated_date": null,
            "updated_time": null,
            "is_locked": 0
        },
        {
            "id_sub_bl": 64187,
            "id_daerah": 473,
            "tahun": 2026,
            "id_unit": 682,
            "id_skpd": 682,
            "created_user": 1074,
            "kode_skpd": "2.15.0.00.0.00.01.0000",
            "nama_skpd": "Dinas Perhubungan",
            "id_urusan": 12,
            "kode_urusan": "2",
            "nama_urusan": "URUSAN PEMERINTAHAN WAJIB YANG TIDAK BERKAITAN DENGAN PELAYANAN DASAR",
            "id_bidang_urusan": 215,
            "kode_bidang_urusan": "2.15",
            "nama_bidang_urusan": "URUSAN PEMERINTAHAN BIDANG PERHUBUNGAN",
            "id_sub_skpd": 682,
            "kode_sub_skpd": "2.15.0.00.0.00.01.0000",
            "nama_sub_skpd": "Dinas Perhubungan",
            "set_pagu_user": 1074,
            "set_pagu_at": "Thu, 10 Apr 2025 14:04:44 GMT",
            "id_program": 4451,
            "kode_program": "2.15.01",
            "nama_program": "PROGRAM PENUNJANG URUSAN PEMERINTAHAN DAERAH KABUPATEN/KOTA",
            "id_giat": 18371,
            "kode_giat": "2.15.01.2.01",
            "nama_giat": "Perencanaan, Penganggaran, dan Evaluasi Kinerja Perangkat Daerah",
            "pagu_giat": 193476000.0,
            "rinci_giat": null,
            "id_sub_giat": 60595,
            "kode_sub_giat": "2.15.01.2.01.0007",
            "nama_sub_giat": "Evaluasi Kinerja Perangkat Daerah",
            "pagu": 3500000.0,
            "pagu_indikatif": 3500000.0,
            "rincian": null,
            "kode_bl": "682.682.4451.18371",
            "kode_sbl": "682.682.4451.18371.60595",
            "kunci_bl": 1,
            "kunci_bl_rinci": 1,
            "user_created": "Zahrin, Sos",
            "created_date": "03-02-2025",
            "created_time": "19:04",
            "user_updated": null,
            "updated_date": null,
            "updated_time": null,
            "is_locked": 0
        },
        {
            "id_sub_bl": 64188,
            "id_daerah": 473,
            "tahun": 2026,
            "id_unit": 682,
            "id_skpd": 682,
            "created_user": 1074,
            "kode_skpd": "2.15.0.00.0.00.01.0000",
            "nama_skpd": "Dinas Perhubungan",
            "id_urusan": 12,
            "kode_urusan": "2",
            "nama_urusan": "URUSAN PEMERINTAHAN WAJIB YANG TIDAK BERKAITAN DENGAN PELAYANAN DASAR",
            "id_bidang_urusan": 215,
            "kode_bidang_urusan": "2.15",
            "nama_bidang_urusan": "URUSAN PEMERINTAHAN BIDANG PERHUBUNGAN",
            "id_sub_skpd": 682,
            "kode_sub_skpd": "2.15.0.00.0.00.01.0000",
            "nama_sub_skpd": "Dinas Perhubungan",
            "set_pagu_user": 1074,
            "set_pagu_at": "Thu, 10 Apr 2025 14:04:44 GMT",
            "id_program": 4451,
            "kode_program": "2.15.01",
            "nama_program": "PROGRAM PENUNJANG URUSAN PEMERINTAHAN DAERAH KABUPATEN/KOTA",
            "id_giat": 18372,
            "kode_giat": "2.15.01.2.02",
            "nama_giat": "Administrasi Keuangan Perangkat Daerah",
            "pagu_giat": 2545295583.0,
            "rinci_giat": null,
            "id_sub_giat": 60602,
            "kode_sub_giat": "2.15.01.2.02.0001",
            "nama_sub_giat": "Penyediaan Gaji dan Tunjangan ASN",
            "pagu": 2393295583.0,
            "pagu_indikatif": 2393295583.0,
            "rincian": null,
            "kode_bl": "682.682.4451.18372",
            "kode_sbl": "682.682.4451.18372.60602",
            "kunci_bl": 1,
            "kunci_bl_rinci": 1,
            "user_created": "Zahrin, Sos",
            "created_date": "03-02-2025",
            "created_time": "19:05",
            "user_updated": "Zahrin, Sos",
            "updated_date": "10-04-2025",
            "updated_time": "13:30",
            "is_locked": 0
        },
        {
            "id_sub_bl": 64196,
            "id_daerah": 473,
            "tahun": 2026,
            "id_unit": 682,
            "id_skpd": 682,
            "created_user": 1074,
            "kode_skpd": "2.15.0.00.0.00.01.0000",
            "nama_skpd": "Dinas Perhubungan",
            "id_urusan": 12,
            "kode_urusan": "2",
            "nama_urusan": "URUSAN PEMERINTAHAN WAJIB YANG TIDAK BERKAITAN DENGAN PELAYANAN DASAR",
            "id_bidang_urusan": 215,
            "kode_bidang_urusan": "2.15",
            "nama_bidang_urusan": "URUSAN PEMERINTAHAN BIDANG PERHUBUNGAN",
            "id_sub_skpd": 682,
            "kode_sub_skpd": "2.15.0.00.0.00.01.0000",
            "nama_sub_skpd": "Dinas Perhubungan",
            "set_pagu_user": 1074,
            "set_pagu_at": "Thu, 10 Apr 2025 14:04:44 GMT",
            "id_program": 4451,
            "kode_program": "2.15.01",
            "nama_program": "PROGRAM PENUNJANG URUSAN PEMERINTAHAN DAERAH KABUPATEN/KOTA",
            "id_giat": 18372,
            "kode_giat": "2.15.01.2.02",
            "nama_giat": "Administrasi Keuangan Perangkat Daerah",
            "pagu_giat": 2545295583.0,
            "rinci_giat": null,
            "id_sub_giat": 60604,
            "kode_sub_giat": "2.15.01.2.02.0003",
            "nama_sub_giat": "Pelaksanaan Penatausahaan dan\r\n\nPengujian/Verifikasi Keuangan SKPD",
            "pagu": 130000000.0,
            "pagu_indikatif": 130000000.0,
            "rincian": null,
            "kode_bl": "682.682.4451.18372",
            "kode_sbl": "682.682.4451.18372.60604",
            "kunci_bl": 1,
            "kunci_bl_rinci": 1,
            "user_created": "Zahrin, Sos",
            "created_date": "03-02-2025",
            "created_time": "19:21",
            "user_updated": null,
            "updated_date": null,
            "updated_time": null,
            "is_locked": 0
        },
        {
            "id_sub_bl": 64197,
            "id_daerah": 473,
            "tahun": 2026,
            "id_unit": 682,
            "id_skpd": 682,
            "created_user": 1074,
            "kode_skpd": "2.15.0.00.0.00.01.0000",
            "nama_skpd": "Dinas Perhubungan",
            "id_urusan": 12,
            "kode_urusan": "2",
            "nama_urusan": "URUSAN PEMERINTAHAN WAJIB YANG TIDAK BERKAITAN DENGAN PELAYANAN DASAR",
            "id_bidang_urusan": 215,
            "kode_bidang_urusan": "2.15",
            "nama_bidang_urusan": "URUSAN PEMERINTAHAN BIDANG PERHUBUNGAN",
            "id_sub_skpd": 682,
            "kode_sub_skpd": "2.15.0.00.0.00.01.0000",
            "nama_sub_skpd": "Dinas Perhubungan",
            "set_pagu_user": 1074,
            "set_pagu_at": "Thu, 10 Apr 2025 14:04:44 GMT",
            "id_program": 4451,
            "kode_program": "2.15.01",
            "nama_program": "PROGRAM PENUNJANG URUSAN PEMERINTAHAN DAERAH KABUPATEN/KOTA",
            "id_giat": 18372,
            "kode_giat": "2.15.01.2.02",
            "nama_giat": "Administrasi Keuangan Perangkat Daerah",
            "pagu_giat": 2545295583.0,
            "rinci_giat": null,
            "id_sub_giat": 60606,
            "kode_sub_giat": "2.15.01.2.02.0005",
            "nama_sub_giat": "Koordinasi dan Penyusunan Laporan Keuangan Akhir Tahun SKPD",
            "pagu": 9000000.0,
            "pagu_indikatif": 9000000.0,
            "rincian": null,
            "kode_bl": "682.682.4451.18372",
            "kode_sbl": "682.682.4451.18372.60606",
            "kunci_bl": 1,
            "kunci_bl_rinci": 1,
            "user_created": "Zahrin, Sos",
            "created_date": "03-02-2025",
            "created_time": "19:22",
            "user_updated": null,
            "updated_date": null,
            "updated_time": null,
            "is_locked": 0
        },
        {
            "id_sub_bl": 64199,
            "id_daerah": 473,
            "tahun": 2026,
            "id_unit": 682,
            "id_skpd": 682,
            "created_user": 1074,
            "kode_skpd": "2.15.0.00.0.00.01.0000",
            "nama_skpd": "Dinas Perhubungan",
            "id_urusan": 12,
            "kode_urusan": "2",
            "nama_urusan": "URUSAN PEMERINTAHAN WAJIB YANG TIDAK BERKAITAN DENGAN PELAYANAN DASAR",
            "id_bidang_urusan": 215,
            "kode_bidang_urusan": "2.15",
            "nama_bidang_urusan": "URUSAN PEMERINTAHAN BIDANG PERHUBUNGAN",
            "id_sub_skpd": 682,
            "kode_sub_skpd": "2.15.0.00.0.00.01.0000",
            "nama_sub_skpd": "Dinas Perhubungan",
            "set_pagu_user": 1074,
            "set_pagu_at": "Thu, 10 Apr 2025 14:04:44 GMT",
            "id_program": 4451,
            "kode_program": "2.15.01",
            "nama_program": "PROGRAM PENUNJANG URUSAN PEMERINTAHAN DAERAH KABUPATEN/KOTA",
            "id_giat": 18372,
            "kode_giat": "2.15.01.2.02",
            "nama_giat": "Administrasi Keuangan Perangkat Daerah",
            "pagu_giat": 2545295583.0,
            "rinci_giat": null,
            "id_sub_giat": 60608,
            "kode_sub_giat": "2.15.01.2.02.0007",
            "nama_sub_giat": "Koordinasi dan Penyusunan Laporan Keuangan Bulanan/ Triwulanan/ Semesteran SKPD",
            "pagu": 13000000.0,
            "pagu_indikatif": 13000000.0,
            "rincian": null,
            "kode_bl": "682.682.4451.18372",
            "kode_sbl": "682.682.4451.18372.60608",
            "kunci_bl": 1,
            "kunci_bl_rinci": 1,
            "user_created": "Zahrin, Sos",
            "created_date": "03-02-2025",
            "created_time": "19:23",
            "user_updated": null,
            "updated_date": null,
            "updated_time": null,
            "is_locked": 0
        },
        {
            "id_sub_bl": 64200,
            "id_daerah": 473,
            "tahun": 2026,
            "id_unit": 682,
            "id_skpd": 682,
            "created_user": 1074,
            "kode_skpd": "2.15.0.00.0.00.01.0000",
            "nama_skpd": "Dinas Perhubungan",
            "id_urusan": 12,
            "kode_urusan": "2",
            "nama_urusan": "URUSAN PEMERINTAHAN WAJIB YANG TIDAK BERKAITAN DENGAN PELAYANAN DASAR",
            "id_bidang_urusan": 215,
            "kode_bidang_urusan": "2.15",
            "nama_bidang_urusan": "URUSAN PEMERINTAHAN BIDANG PERHUBUNGAN",
            "id_sub_skpd": 682,
            "kode_sub_skpd": "2.15.0.00.0.00.01.0000",
            "nama_sub_skpd": "Dinas Perhubungan",
            "set_pagu_user": 1074,
            "set_pagu_at": "Thu, 10 Apr 2025 14:04:44 GMT",
            "id_program": 4451,
            "kode_program": "2.15.01",
            "nama_program": "PROGRAM PENUNJANG URUSAN PEMERINTAHAN DAERAH KABUPATEN/KOTA",
            "id_giat": 18373,
            "kode_giat": "2.15.01.2.03",
            "nama_giat": "Administrasi Barang Milik Daerah pada Perangkat Daerah",
            "pagu_giat": 55000000.0,
            "rinci_giat": null,
            "id_sub_giat": 60615,
            "kode_sub_giat": "2.15.01.2.03.0006",
            "nama_sub_giat": "Penatausahaan Barang Milik Daerah pada SKPD",
            "pagu": 55000000.0,
            "pagu_indikatif": 55000000.0,
            "rincian": null,
            "kode_bl": "682.682.4451.18373",
            "kode_sbl": "682.682.4451.18373.60615",
            "kunci_bl": 1,
            "kunci_bl_rinci": 1,
            "user_created": "Zahrin, Sos",
            "created_date": "03-02-2025",
            "created_time": "19:24",
            "user_updated": null,
            "updated_date": null,
            "updated_time": null,
            "is_locked": 0
        },
        {
            "id_sub_bl": 64201,
            "id_daerah": 473,
            "tahun": 2026,
            "id_unit": 682,
            "id_skpd": 682,
            "created_user": 1074,
            "kode_skpd": "2.15.0.00.0.00.01.0000",
            "nama_skpd": "Dinas Perhubungan",
            "id_urusan": 12,
            "kode_urusan": "2",
            "nama_urusan": "URUSAN PEMERINTAHAN WAJIB YANG TIDAK BERKAITAN DENGAN PELAYANAN DASAR",
            "id_bidang_urusan": 215,
            "kode_bidang_urusan": "2.15",
            "nama_bidang_urusan": "URUSAN PEMERINTAHAN BIDANG PERHUBUNGAN",
            "id_sub_skpd": 682,
            "kode_sub_skpd": "2.15.0.00.0.00.01.0000",
            "nama_sub_skpd": "Dinas Perhubungan",
            "set_pagu_user": 1074,
            "set_pagu_at": "Thu, 10 Apr 2025 14:04:44 GMT",
            "id_program": 4451,
            "kode_program": "2.15.01",
            "nama_program": "PROGRAM PENUNJANG URUSAN PEMERINTAHAN DAERAH KABUPATEN/KOTA",
            "id_giat": 18375,
            "kode_giat": "2.15.01.2.05",
            "nama_giat": "Administrasi Kepegawaian Perangkat Daerah",
            "pagu_giat": 95000000.0,
            "rinci_giat": null,
            "id_sub_giat": 60625,
            "kode_sub_giat": "2.15.01.2.05.0002",
            "nama_sub_giat": "Pengadaan Pakaian Dinas beserta Atribut Kelengkapannya",
            "pagu": 35000000.0,
            "pagu_indikatif": 35000000.0,
            "rincian": null,
            "kode_bl": "682.682.4451.18375",
            "kode_sbl": "682.682.4451.18375.60625",
            "kunci_bl": 1,
            "kunci_bl_rinci": 1,
            "user_created": "Zahrin, Sos",
            "created_date": "03-02-2025",
            "created_time": "19:26",
            "user_updated": null,
            "updated_date": null,
            "updated_time": null,
            "is_locked": 0
        },
        {
            "id_sub_bl": 64203,
            "id_daerah": 473,
            "tahun": 2026,
            "id_unit": 682,
            "id_skpd": 682,
            "created_user": 1074,
            "kode_skpd": "2.15.0.00.0.00.01.0000",
            "nama_skpd": "Dinas Perhubungan",
            "id_urusan": 12,
            "kode_urusan": "2",
            "nama_urusan": "URUSAN PEMERINTAHAN WAJIB YANG TIDAK BERKAITAN DENGAN PELAYANAN DASAR",
            "id_bidang_urusan": 215,
            "kode_bidang_urusan": "2.15",
            "nama_bidang_urusan": "URUSAN PEMERINTAHAN BIDANG PERHUBUNGAN",
            "id_sub_skpd": 682,
            "kode_sub_skpd": "2.15.0.00.0.00.01.0000",
            "nama_sub_skpd": "Dinas Perhubungan",
            "set_pagu_user": 1074,
            "set_pagu_at": "Thu, 10 Apr 2025 14:04:44 GMT",
            "id_program": 4451,
            "kode_program": "2.15.01",
            "nama_program": "PROGRAM PENUNJANG URUSAN PEMERINTAHAN DAERAH KABUPATEN/KOTA",
            "id_giat": 18375,
            "kode_giat": "2.15.01.2.05",
            "nama_giat": "Administrasi Kepegawaian Perangkat Daerah",
            "pagu_giat": 95000000.0,
            "rinci_giat": null,
            "id_sub_giat": 60632,
            "kode_sub_giat": "2.15.01.2.05.0009",
            "nama_sub_giat": "Pendidikan dan Pelatihan Pegawai Berdasarkan Tugas dan Fungsi",
            "pagu": 60000000.0,
            "pagu_indikatif": 60000000.0,
            "rincian": null,
            "kode_bl": "682.682.4451.18375",
            "kode_sbl": "682.682.4451.18375.60632",
            "kunci_bl": 1,
            "kunci_bl_rinci": 1,
            "user_created": "Zahrin, Sos",
            "created_date": "03-02-2025",
            "created_time": "19:27",
            "user_updated": null,
            "updated_date": null,
            "updated_time": null,
            "is_locked": 0
        },
        {
            "id_sub_bl": 64205,
            "id_daerah": 473,
            "tahun": 2026,
            "id_unit": 682,
            "id_skpd": 682,
            "created_user": 1074,
            "kode_skpd": "2.15.0.00.0.00.01.0000",
            "nama_skpd": "Dinas Perhubungan",
            "id_urusan": 12,
            "kode_urusan": "2",
            "nama_urusan": "URUSAN PEMERINTAHAN WAJIB YANG TIDAK BERKAITAN DENGAN PELAYANAN DASAR",
            "id_bidang_urusan": 215,
            "kode_bidang_urusan": "2.15",
            "nama_bidang_urusan": "URUSAN PEMERINTAHAN BIDANG PERHUBUNGAN",
            "id_sub_skpd": 682,
            "kode_sub_skpd": "2.15.0.00.0.00.01.0000",
            "nama_sub_skpd": "Dinas Perhubungan",
            "set_pagu_user": 1074,
            "set_pagu_at": "Thu, 10 Apr 2025 14:04:44 GMT",
            "id_program": 4451,
            "kode_program": "2.15.01",
            "nama_program": "PROGRAM PENUNJANG URUSAN PEMERINTAHAN DAERAH KABUPATEN/KOTA",
            "id_giat": 18376,
            "kode_giat": "2.15.01.2.06",
            "nama_giat": "Administrasi Umum Perangkat Daerah",
            "pagu_giat": 241500000.0,
            "rinci_giat": null,
            "id_sub_giat": 60635,
            "kode_sub_giat": "2.15.01.2.06.0001",
            "nama_sub_giat": "Penyediaan Komponen Instalasi\r\n\nListrik/Penerangan Bangunan Kantor",
            "pagu": 4000000.0,
            "pagu_indikatif": 4000000.0,
            "rincian": null,
            "kode_bl": "682.682.4451.18376",
            "kode_sbl": "682.682.4451.18376.60635",
            "kunci_bl": 1,
            "kunci_bl_rinci": 1,
            "user_created": "Zahrin, Sos",
            "created_date": "03-02-2025",
            "created_time": "19:29",
            "user_updated": null,
            "updated_date": null,
            "updated_time": null,
            "is_locked": 0
        },
        {
            "id_sub_bl": 64207,
            "id_daerah": 473,
            "tahun": 2026,
            "id_unit": 682,
            "id_skpd": 682,
            "created_user": 1074,
            "kode_skpd": "2.15.0.00.0.00.01.0000",
            "nama_skpd": "Dinas Perhubungan",
            "id_urusan": 12,
            "kode_urusan": "2",
            "nama_urusan": "URUSAN PEMERINTAHAN WAJIB YANG TIDAK BERKAITAN DENGAN PELAYANAN DASAR",
            "id_bidang_urusan": 215,
            "kode_bidang_urusan": "2.15",
            "nama_bidang_urusan": "URUSAN PEMERINTAHAN BIDANG PERHUBUNGAN",
            "id_sub_skpd": 682,
            "kode_sub_skpd": "2.15.0.00.0.00.01.0000",
            "nama_sub_skpd": "Dinas Perhubungan",
            "set_pagu_user": 1074,
            "set_pagu_at": "Thu, 10 Apr 2025 14:04:44 GMT",
            "id_program": 4451,
            "kode_program": "2.15.01",
            "nama_program": "PROGRAM PENUNJANG URUSAN PEMERINTAHAN DAERAH KABUPATEN/KOTA",
            "id_giat": 18376,
            "kode_giat": "2.15.01.2.06",
            "nama_giat": "Administrasi Umum Perangkat Daerah",
            "pagu_giat": 241500000.0,
            "rinci_giat": null,
            "id_sub_giat": 60638,
            "kode_sub_giat": "2.15.01.2.06.0004",
            "nama_sub_giat": "Penyediaan Bahan Logistik Kantor",
            "pagu": 85000000.0,
            "pagu_indikatif": 85000000.0,
            "rincian": null,
            "kode_bl": "682.682.4451.18376",
            "kode_sbl": "682.682.4451.18376.60638",
            "kunci_bl": 1,
            "kunci_bl_rinci": 1,
            "user_created": "Zahrin, Sos",
            "created_date": "03-02-2025",
            "created_time": "19:30",
            "user_updated": null,
            "updated_date": null,
            "updated_time": null,
            "is_locked": 0
        },
        {
            "id_sub_bl": 64210,
            "id_daerah": 473,
            "tahun": 2026,
            "id_unit": 682,
            "id_skpd": 682,
            "created_user": 1074,
            "kode_skpd": "2.15.0.00.0.00.01.0000",
            "nama_skpd": "Dinas Perhubungan",
            "id_urusan": 12,
            "kode_urusan": "2",
            "nama_urusan": "URUSAN PEMERINTAHAN WAJIB YANG TIDAK BERKAITAN DENGAN PELAYANAN DASAR",
            "id_bidang_urusan": 215,
            "kode_bidang_urusan": "2.15",
            "nama_bidang_urusan": "URUSAN PEMERINTAHAN BIDANG PERHUBUNGAN",
            "id_sub_skpd": 682,
            "kode_sub_skpd": "2.15.0.00.0.00.01.0000",
            "nama_sub_skpd": "Dinas Perhubungan",
            "set_pagu_user": 1074,
            "set_pagu_at": "Thu, 10 Apr 2025 14:04:44 GMT",
            "id_program": 4451,
            "kode_program": "2.15.01",
            "nama_program": "PROGRAM PENUNJANG URUSAN PEMERINTAHAN DAERAH KABUPATEN/KOTA",
            "id_giat": 18376,
            "kode_giat": "2.15.01.2.06",
            "nama_giat": "Administrasi Umum Perangkat Daerah",
            "pagu_giat": 241500000.0,
            "rinci_giat": null,
            "id_sub_giat": 60639,
            "kode_sub_giat": "2.15.01.2.06.0005",
            "nama_sub_giat": "Penyediaan Barang Cetakan dan Penggandaan",
            "pagu": 13500000.0,
            "pagu_indikatif": 13500000.0,
            "rincian": null,
            "kode_bl": "682.682.4451.18376",
            "kode_sbl": "682.682.4451.18376.60639",
            "kunci_bl": 1,
            "kunci_bl_rinci": 1,
            "user_created": "Zahrin, Sos",
            "created_date": "03-02-2025",
            "created_time": "19:31",
            "user_updated": null,
            "updated_date": null,
            "updated_time": null,
            "is_locked": 0
        },
        {
            "id_sub_bl": 64214,
            "id_daerah": 473,
            "tahun": 2026,
            "id_unit": 682,
            "id_skpd": 682,
            "created_user": 1074,
            "kode_skpd": "2.15.0.00.0.00.01.0000",
            "nama_skpd": "Dinas Perhubungan",
            "id_urusan": 12,
            "kode_urusan": "2",
            "nama_urusan": "URUSAN PEMERINTAHAN WAJIB YANG TIDAK BERKAITAN DENGAN PELAYANAN DASAR",
            "id_bidang_urusan": 215,
            "kode_bidang_urusan": "2.15",
            "nama_bidang_urusan": "URUSAN PEMERINTAHAN BIDANG PERHUBUNGAN",
            "id_sub_skpd": 682,
            "kode_sub_skpd": "2.15.0.00.0.00.01.0000",
            "nama_sub_skpd": "Dinas Perhubungan",
            "set_pagu_user": 1074,
            "set_pagu_at": "Thu, 10 Apr 2025 14:04:44 GMT",
            "id_program": 4451,
            "kode_program": "2.15.01",
            "nama_program": "PROGRAM PENUNJANG URUSAN PEMERINTAHAN DAERAH KABUPATEN/KOTA",
            "id_giat": 18376,
            "kode_giat": "2.15.01.2.06",
            "nama_giat": "Administrasi Umum Perangkat Daerah",
            "pagu_giat": 241500000.0,
            "rinci_giat": null,
            "id_sub_giat": 60640,
            "kode_sub_giat": "2.15.01.2.06.0006",
            "nama_sub_giat": "Penyediaan Bahan Bacaan dan Peraturan Perundang-undangan",
            "pagu": 9000000.0,
            "pagu_indikatif": 9000000.0,
            "rincian": null,
            "kode_bl": "682.682.4451.18376",
            "kode_sbl": "682.682.4451.18376.60640",
            "kunci_bl": 1,
            "kunci_bl_rinci": 1,
            "user_created": "Zahrin, Sos",
            "created_date": "03-02-2025",
            "created_time": "19:34",
            "user_updated": null,
            "updated_date": null,
            "updated_time": null,
            "is_locked": 0
        },
        {
            "id_sub_bl": 64215,
            "id_daerah": 473,
            "tahun": 2026,
            "id_unit": 682,
            "id_skpd": 682,
            "created_user": 1074,
            "kode_skpd": "2.15.0.00.0.00.01.0000",
            "nama_skpd": "Dinas Perhubungan",
            "id_urusan": 12,
            "kode_urusan": "2",
            "nama_urusan": "URUSAN PEMERINTAHAN WAJIB YANG TIDAK BERKAITAN DENGAN PELAYANAN DASAR",
            "id_bidang_urusan": 215,
            "kode_bidang_urusan": "2.15",
            "nama_bidang_urusan": "URUSAN PEMERINTAHAN BIDANG PERHUBUNGAN",
            "id_sub_skpd": 682,
            "kode_sub_skpd": "2.15.0.00.0.00.01.0000",
            "nama_sub_skpd": "Dinas Perhubungan",
            "set_pagu_user": 1074,
            "set_pagu_at": "Thu, 10 Apr 2025 14:04:44 GMT",
            "id_program": 4451,
            "kode_program": "2.15.01",
            "nama_program": "PROGRAM PENUNJANG URUSAN PEMERINTAHAN DAERAH KABUPATEN/KOTA",
            "id_giat": 18376,
            "kode_giat": "2.15.01.2.06",
            "nama_giat": "Administrasi Umum Perangkat Daerah",
            "pagu_giat": 241500000.0,
            "rinci_giat": null,
            "id_sub_giat": 60643,
            "kode_sub_giat": "2.15.01.2.06.0009",
            "nama_sub_giat": "Penyelenggaraan Rapat Koordinasi dan Konsultasi SKPD",
            "pagu": 130000000.0,
            "pagu_indikatif": 130000000.0,
            "rincian": null,
            "kode_bl": "682.682.4451.18376",
            "kode_sbl": "682.682.4451.18376.60643",
            "kunci_bl": 1,
            "kunci_bl_rinci": 1,
            "user_created": "Zahrin, Sos",
            "created_date": "03-02-2025",
            "created_time": "19:35",
            "user_updated": "Zahrin, Sos",
            "updated_date": "10-04-2025",
            "updated_time": "13:36",
            "is_locked": 0
        },
        {
            "id_sub_bl": 64217,
            "id_daerah": 473,
            "tahun": 2026,
            "id_unit": 682,
            "id_skpd": 682,
            "created_user": 1074,
            "kode_skpd": "2.15.0.00.0.00.01.0000",
            "nama_skpd": "Dinas Perhubungan",
            "id_urusan": 12,
            "kode_urusan": "2",
            "nama_urusan": "URUSAN PEMERINTAHAN WAJIB YANG TIDAK BERKAITAN DENGAN PELAYANAN DASAR",
            "id_bidang_urusan": 215,
            "kode_bidang_urusan": "2.15",
            "nama_bidang_urusan": "URUSAN PEMERINTAHAN BIDANG PERHUBUNGAN",
            "id_sub_skpd": 682,
            "kode_sub_skpd": "2.15.0.00.0.00.01.0000",
            "nama_sub_skpd": "Dinas Perhubungan",
            "set_pagu_user": 1074,
            "set_pagu_at": "Thu, 10 Apr 2025 14:04:44 GMT",
            "id_program": 4451,
            "kode_program": "2.15.01",
            "nama_program": "PROGRAM PENUNJANG URUSAN PEMERINTAHAN DAERAH KABUPATEN/KOTA",
            "id_giat": 18377,
            "kode_giat": "2.15.01.2.07",
            "nama_giat": "Pengadaan Barang Milik Daerah Penunjang Urusan Pemerintah Daerah",
            "pagu_giat": 75000000.0,
            "rinci_giat": null,
            "id_sub_giat": 60650,
            "kode_sub_giat": "2.15.01.2.07.0005",
            "nama_sub_giat": "Pengadaan Mebel",
            "pagu": 30000000.0,
            "pagu_indikatif": 30000000.0,
            "rincian": null,
            "kode_bl": "682.682.4451.18377",
            "kode_sbl": "682.682.4451.18377.60650",
            "kunci_bl": 1,
            "kunci_bl_rinci": 1,
            "user_created": "Zahrin, Sos",
            "created_date": "03-02-2025",
            "created_time": "19:36",
            "user_updated": null,
            "updated_date": null,
            "updated_time": null,
            "is_locked": 0
        },
        {
            "id_sub_bl": 64219,
            "id_daerah": 473,
            "tahun": 2026,
            "id_unit": 682,
            "id_skpd": 682,
            "created_user": 1074,
            "kode_skpd": "2.15.0.00.0.00.01.0000",
            "nama_skpd": "Dinas Perhubungan",
            "id_urusan": 12,
            "kode_urusan": "2",
            "nama_urusan": "URUSAN PEMERINTAHAN WAJIB YANG TIDAK BERKAITAN DENGAN PELAYANAN DASAR",
            "id_bidang_urusan": 215,
            "kode_bidang_urusan": "2.15",
            "nama_bidang_urusan": "URUSAN PEMERINTAHAN BIDANG PERHUBUNGAN",
            "id_sub_skpd": 682,
            "kode_sub_skpd": "2.15.0.00.0.00.01.0000",
            "nama_sub_skpd": "Dinas Perhubungan",
            "set_pagu_user": 1074,
            "set_pagu_at": "Thu, 10 Apr 2025 14:04:44 GMT",
            "id_program": 4451,
            "kode_program": "2.15.01",
            "nama_program": "PROGRAM PENUNJANG URUSAN PEMERINTAHAN DAERAH KABUPATEN/KOTA",
            "id_giat": 18377,
            "kode_giat": "2.15.01.2.07",
            "nama_giat": "Pengadaan Barang Milik Daerah Penunjang Urusan Pemerintah Daerah",
            "pagu_giat": 75000000.0,
            "rinci_giat": null,
            "id_sub_giat": 60651,
            "kode_sub_giat": "2.15.01.2.07.0006",
            "nama_sub_giat": "Pengadaan Peralatan dan Mesin Lainnya",
            "pagu": 45000000.0,
            "pagu_indikatif": 45000000.0,
            "rincian": null,
            "kode_bl": "682.682.4451.18377",
            "kode_sbl": "682.682.4451.18377.60651",
            "kunci_bl": 1,
            "kunci_bl_rinci": 1,
            "user_created": "Zahrin, Sos",
            "created_date": "03-02-2025",
            "created_time": "19:38",
            "user_updated": null,
            "updated_date": null,
            "updated_time": null,
            "is_locked": 0
        },
        {
            "id_sub_bl": 64221,
            "id_daerah": 473,
            "tahun": 2026,
            "id_unit": 682,
            "id_skpd": 682,
            "created_user": 1074,
            "kode_skpd": "2.15.0.00.0.00.01.0000",
            "nama_skpd": "Dinas Perhubungan",
            "id_urusan": 12,
            "kode_urusan": "2",
            "nama_urusan": "URUSAN PEMERINTAHAN WAJIB YANG TIDAK BERKAITAN DENGAN PELAYANAN DASAR",
            "id_bidang_urusan": 215,
            "kode_bidang_urusan": "2.15",
            "nama_bidang_urusan": "URUSAN PEMERINTAHAN BIDANG PERHUBUNGAN",
            "id_sub_skpd": 682,
            "kode_sub_skpd": "2.15.0.00.0.00.01.0000",
            "nama_sub_skpd": "Dinas Perhubungan",
            "set_pagu_user": 1074,
            "set_pagu_at": "Thu, 10 Apr 2025 14:04:44 GMT",
            "id_program": 4451,
            "kode_program": "2.15.01",
            "nama_program": "PROGRAM PENUNJANG URUSAN PEMERINTAHAN DAERAH KABUPATEN/KOTA",
            "id_giat": 18378,
            "kode_giat": "2.15.01.2.08",
            "nama_giat": "Penyediaan Jasa Penunjang Urusan Pemerintahan Daerah",
            "pagu_giat": 310000000.0,
            "rinci_giat": null,
            "id_sub_giat": 60658,
            "kode_sub_giat": "2.15.01.2.08.0002",
            "nama_sub_giat": "Penyediaan Jasa Komunikasi, Sumber Daya Air dan Listrik",
            "pagu": 55000000.0,
            "pagu_indikatif": 55000000.0,
            "rincian": null,
            "kode_bl": "682.682.4451.18378",
            "kode_sbl": "682.682.4451.18378.60658",
            "kunci_bl": 1,
            "kunci_bl_rinci": 1,
            "user_created": "Zahrin, Sos",
            "created_date": "03-02-2025",
            "created_time": "19:39",
            "user_updated": null,
            "updated_date": null,
            "updated_time": null,
            "is_locked": 0
        },
        {
            "id_sub_bl": 64222,
            "id_daerah": 473,
            "tahun": 2026,
            "id_unit": 682,
            "id_skpd": 682,
            "created_user": 1074,
            "kode_skpd": "2.15.0.00.0.00.01.0000",
            "nama_skpd": "Dinas Perhubungan",
            "id_urusan": 12,
            "kode_urusan": "2",
            "nama_urusan": "URUSAN PEMERINTAHAN WAJIB YANG TIDAK BERKAITAN DENGAN PELAYANAN DASAR",
            "id_bidang_urusan": 215,
            "kode_bidang_urusan": "2.15",
            "nama_bidang_urusan": "URUSAN PEMERINTAHAN BIDANG PERHUBUNGAN",
            "id_sub_skpd": 682,
            "kode_sub_skpd": "2.15.0.00.0.00.01.0000",
            "nama_sub_skpd": "Dinas Perhubungan",
            "set_pagu_user": 1074,
            "set_pagu_at": "Thu, 10 Apr 2025 14:04:44 GMT",
            "id_program": 4451,
            "kode_program": "2.15.01",
            "nama_program": "PROGRAM PENUNJANG URUSAN PEMERINTAHAN DAERAH KABUPATEN/KOTA",
            "id_giat": 18378,
            "kode_giat": "2.15.01.2.08",
            "nama_giat": "Penyediaan Jasa Penunjang Urusan Pemerintahan Daerah",
            "pagu_giat": 310000000.0,
            "rinci_giat": null,
            "id_sub_giat": 60660,
            "kode_sub_giat": "2.15.01.2.08.0004",
            "nama_sub_giat": "Penyediaan Jasa Pelayanan Umum Kantor",
            "pagu": 255000000.0,
            "pagu_indikatif": 255000000.0,
            "rincian": null,
            "kode_bl": "682.682.4451.18378",
            "kode_sbl": "682.682.4451.18378.60660",
            "kunci_bl": 1,
            "kunci_bl_rinci": 1,
            "user_created": "Zahrin, Sos",
            "created_date": "03-02-2025",
            "created_time": "19:40",
            "user_updated": null,
            "updated_date": null,
            "updated_time": null,
            "is_locked": 0
        },
        {
            "id_sub_bl": 64225,
            "id_daerah": 473,
            "tahun": 2026,
            "id_unit": 682,
            "id_skpd": 682,
            "created_user": 1074,
            "kode_skpd": "2.15.0.00.0.00.01.0000",
            "nama_skpd": "Dinas Perhubungan",
            "id_urusan": 12,
            "kode_urusan": "2",
            "nama_urusan": "URUSAN PEMERINTAHAN WAJIB YANG TIDAK BERKAITAN DENGAN PELAYANAN DASAR",
            "id_bidang_urusan": 215,
            "kode_bidang_urusan": "2.15",
            "nama_bidang_urusan": "URUSAN PEMERINTAHAN BIDANG PERHUBUNGAN",
            "id_sub_skpd": 682,
            "kode_sub_skpd": "2.15.0.00.0.00.01.0000",
            "nama_sub_skpd": "Dinas Perhubungan",
            "set_pagu_user": 1074,
            "set_pagu_at": "Thu, 10 Apr 2025 14:04:44 GMT",
            "id_program": 4451,
            "kode_program": "2.15.01",
            "nama_program": "PROGRAM PENUNJANG URUSAN PEMERINTAHAN DAERAH KABUPATEN/KOTA",
            "id_giat": 18379,
            "kode_giat": "2.15.01.2.09",
            "nama_giat": "Pemeliharaan Barang Milik Daerah Penunjang Urusan Pemerintahan Daerah",
            "pagu_giat": 151000000.0,
            "rinci_giat": null,
            "id_sub_giat": 60662,
            "kode_sub_giat": "2.15.01.2.09.0002",
            "nama_sub_giat": "Penyediaan Jasa Pemeliharaan, Biaya Pemeliharaan, Pajak dan Perizinan Kendaraan Dinas Operasional atau Lapangan",
            "pagu": 111000000.0,
            "pagu_indikatif": 111000000.0,
            "rincian": null,
            "kode_bl": "682.682.4451.18379",
            "kode_sbl": "682.682.4451.18379.60662",
            "kunci_bl": 1,
            "kunci_bl_rinci": 1,
            "user_created": "Zahrin, Sos",
            "created_date": "03-02-2025",
            "created_time": "19:41",
            "user_updated": null,
            "updated_date": null,
            "updated_time": null,
            "is_locked": 0
        },
        {
            "id_sub_bl": 64226,
            "id_daerah": 473,
            "tahun": 2026,
            "id_unit": 682,
            "id_skpd": 682,
            "created_user": 1074,
            "kode_skpd": "2.15.0.00.0.00.01.0000",
            "nama_skpd": "Dinas Perhubungan",
            "id_urusan": 12,
            "kode_urusan": "2",
            "nama_urusan": "URUSAN PEMERINTAHAN WAJIB YANG TIDAK BERKAITAN DENGAN PELAYANAN DASAR",
            "id_bidang_urusan": 215,
            "kode_bidang_urusan": "2.15",
            "nama_bidang_urusan": "URUSAN PEMERINTAHAN BIDANG PERHUBUNGAN",
            "id_sub_skpd": 682,
            "kode_sub_skpd": "2.15.0.00.0.00.01.0000",
            "nama_sub_skpd": "Dinas Perhubungan",
            "set_pagu_user": 1074,
            "set_pagu_at": "Thu, 10 Apr 2025 14:04:44 GMT",
            "id_program": 4451,
            "kode_program": "2.15.01",
            "nama_program": "PROGRAM PENUNJANG URUSAN PEMERINTAHAN DAERAH KABUPATEN/KOTA",
            "id_giat": 18379,
            "kode_giat": "2.15.01.2.09",
            "nama_giat": "Pemeliharaan Barang Milik Daerah Penunjang Urusan Pemerintahan Daerah",
            "pagu_giat": 151000000.0,
            "rinci_giat": null,
            "id_sub_giat": 60666,
            "kode_sub_giat": "2.15.01.2.09.0006",
            "nama_sub_giat": "Pemeliharaan Peralatan dan Mesin Lainnya",
            "pagu": 20000000.0,
            "pagu_indikatif": 20000000.0,
            "rincian": null,
            "kode_bl": "682.682.4451.18379",
            "kode_sbl": "682.682.4451.18379.60666",
            "kunci_bl": 1,
            "kunci_bl_rinci": 1,
            "user_created": "Zahrin, Sos",
            "created_date": "03-02-2025",
            "created_time": "19:42",
            "user_updated": null,
            "updated_date": null,
            "updated_time": null,
            "is_locked": 0
        },
        {
            "id_sub_bl": 64230,
            "id_daerah": 473,
            "tahun": 2026,
            "id_unit": 682,
            "id_skpd": 682,
            "created_user": 1074,
            "kode_skpd": "2.15.0.00.0.00.01.0000",
            "nama_skpd": "Dinas Perhubungan",
            "id_urusan": 12,
            "kode_urusan": "2",
            "nama_urusan": "URUSAN PEMERINTAHAN WAJIB YANG TIDAK BERKAITAN DENGAN PELAYANAN DASAR",
            "id_bidang_urusan": 215,
            "kode_bidang_urusan": "2.15",
            "nama_bidang_urusan": "URUSAN PEMERINTAHAN BIDANG PERHUBUNGAN",
            "id_sub_skpd": 682,
            "kode_sub_skpd": "2.15.0.00.0.00.01.0000",
            "nama_sub_skpd": "Dinas Perhubungan",
            "set_pagu_user": 0,
            "set_pagu_at": null,
            "id_program": 4451,
            "kode_program": "2.15.01",
            "nama_program": "PROGRAM PENUNJANG URUSAN PEMERINTAHAN DAERAH KABUPATEN/KOTA",
            "id_giat": 18379,
            "kode_giat": "2.15.01.2.09",
            "nama_giat": "Pemeliharaan Barang Milik Daerah Penunjang Urusan Pemerintahan Daerah",
            "pagu_giat": 151000000.0,
            "rinci_giat": null,
            "id_sub_giat": 60669,
            "kode_sub_giat": "2.15.01.2.09.0009",
            "nama_sub_giat": "Pemeliharaan/Rehabilitasi Gedung Kantor dan Bangunan Lainnya",
            "pagu": 20000000.0,
            "pagu_indikatif": 130000000.0,
            "rincian": null,
            "kode_bl": "682.682.4451.18379",
            "kode_sbl": "682.682.4451.18379.60669",
            "kunci_bl": 1,
            "kunci_bl_rinci": 1,
            "user_created": "Zahrin, Sos",
            "created_date": "03-02-2025",
            "created_time": "19:44",
            "user_updated": "Yandi Putra Jaya, S.E.",
            "updated_date": "26-06-2025",
            "updated_time": "11:25",
            "is_locked": 0
        },
        {
            "id_sub_bl": 64233,
            "id_daerah": 473,
            "tahun": 2026,
            "id_unit": 682,
            "id_skpd": 682,
            "created_user": 1074,
            "kode_skpd": "2.15.0.00.0.00.01.0000",
            "nama_skpd": "Dinas Perhubungan",
            "id_urusan": 12,
            "kode_urusan": "2",
            "nama_urusan": "URUSAN PEMERINTAHAN WAJIB YANG TIDAK BERKAITAN DENGAN PELAYANAN DASAR",
            "id_bidang_urusan": 215,
            "kode_bidang_urusan": "2.15",
            "nama_bidang_urusan": "URUSAN PEMERINTAHAN BIDANG PERHUBUNGAN",
            "id_sub_skpd": 1222,
            "kode_sub_skpd": "2.15.0.00.0.00.01.0001",
            "nama_sub_skpd": "UPTD PENGUJIAN KENDARAAN BERMOTOR KELAS A",
            "set_pagu_user": 1074,
            "set_pagu_at": "Thu, 10 Apr 2025 14:04:44 GMT",
            "id_program": 3826,
            "kode_program": "2.15.02",
            "nama_program": "PROGRAM PENYELENGGARAAN LALU LINTAS DAN ANGKUTAN JALAN (LLAJ)",
            "id_giat": 16511,
            "kode_giat": "2.15.02.2.05",
            "nama_giat": "Pengujian Berkala Kendaraan Bermotor",
            "pagu_giat": 592000000.0,
            "rinci_giat": null,
            "id_sub_giat": 54977,
            "kode_sub_giat": "2.15.02.2.05.0001",
            "nama_sub_giat": "Penyediaan Sarana dan Prasarana Pengujian Berkala Kendaraan Bermotor",
            "pagu": 400000000.0,
            "pagu_indikatif": 400000000.0,
            "rincian": null,
            "kode_bl": "682.1222.3826.16511",
            "kode_sbl": "682.1222.3826.16511.54977",
            "kunci_bl": 1,
            "kunci_bl_rinci": 1,
            "user_created": "Zahrin, Sos",
            "created_date": "03-02-2025",
            "created_time": "19:45",
            "user_updated": "Zahrin, Sos",
            "updated_date": "10-04-2025",
            "updated_time": "13:50",
            "is_locked": 0
        },
        {
            "id_sub_bl": 64235,
            "id_daerah": 473,
            "tahun": 2026,
            "id_unit": 682,
            "id_skpd": 682,
            "created_user": 1074,
            "kode_skpd": "2.15.0.00.0.00.01.0000",
            "nama_skpd": "Dinas Perhubungan",
            "id_urusan": 12,
            "kode_urusan": "2",
            "nama_urusan": "URUSAN PEMERINTAHAN WAJIB YANG TIDAK BERKAITAN DENGAN PELAYANAN DASAR",
            "id_bidang_urusan": 215,
            "kode_bidang_urusan": "2.15",
            "nama_bidang_urusan": "URUSAN PEMERINTAHAN BIDANG PERHUBUNGAN",
            "id_sub_skpd": 1222,
            "kode_sub_skpd": "2.15.0.00.0.00.01.0001",
            "nama_sub_skpd": "UPTD PENGUJIAN KENDARAAN BERMOTOR KELAS A",
            "set_pagu_user": 1074,
            "set_pagu_at": "Thu, 10 Apr 2025 14:04:44 GMT",
            "id_program": 3826,
            "kode_program": "2.15.02",
            "nama_program": "PROGRAM PENYELENGGARAAN LALU LINTAS DAN ANGKUTAN JALAN (LLAJ)",
            "id_giat": 16511,
            "kode_giat": "2.15.02.2.05",
            "nama_giat": "Pengujian Berkala Kendaraan Bermotor",
            "pagu_giat": 592000000.0,
            "rinci_giat": null,
            "id_sub_giat": 54983,
            "kode_sub_giat": "2.15.02.2.05.0007",
            "nama_sub_giat": "Pemeliharaan Sarana dan Prasarana Pengujian Berkala Kendaraan Bermotor",
            "pagu": 82000000.0,
            "pagu_indikatif": 82000000.0,
            "rincian": null,
            "kode_bl": "682.1222.3826.16511",
            "kode_sbl": "682.1222.3826.16511.54983",
            "kunci_bl": 1,
            "kunci_bl_rinci": 1,
            "user_created": "Zahrin, Sos",
            "created_date": "03-02-2025",
            "created_time": "19:46",
            "user_updated": null,
            "updated_date": null,
            "updated_time": null,
            "is_locked": 0
        },
        {
            "id_sub_bl": 77175,
            "id_daerah": 473,
            "tahun": 2026,
            "id_unit": 682,
            "id_skpd": 682,
            "created_user": 22044,
            "kode_skpd": "2.15.0.00.0.00.01.0000",
            "nama_skpd": "Dinas Perhubungan",
            "id_urusan": 12,
            "kode_urusan": "2",
            "nama_urusan": "URUSAN PEMERINTAHAN WAJIB YANG TIDAK BERKAITAN DENGAN PELAYANAN DASAR",
            "id_bidang_urusan": 215,
            "kode_bidang_urusan": "2.15",
            "nama_bidang_urusan": "URUSAN PEMERINTAHAN BIDANG PERHUBUNGAN",
            "id_sub_skpd": 1222,
            "kode_sub_skpd": "2.15.0.00.0.00.01.0001",
            "nama_sub_skpd": "UPTD PENGUJIAN KENDARAAN BERMOTOR KELAS A",
            "set_pagu_user": 0,
            "set_pagu_at": null,
            "id_program": 3826,
            "kode_program": "2.15.02",
            "nama_program": "PROGRAM PENYELENGGARAAN LALU LINTAS DAN ANGKUTAN JALAN (LLAJ)",
            "id_giat": 16511,
            "kode_giat": "2.15.02.2.05",
            "nama_giat": "Pengujian Berkala Kendaraan Bermotor",
            "pagu_giat": 592000000.0,
            "rinci_giat": null,
            "id_sub_giat": 54984,
            "kode_sub_giat": "2.15.02.2.05.0008",
            "nama_sub_giat": "Koordinasi Penyelenggaraan Pengujian Berkala Kendaraan Bermotor",
            "pagu": 110000000.0,
            "pagu_indikatif": 0.0,
            "rincian": null,
            "kode_bl": "682.1222.3826.16511",
            "kode_sbl": "682.1222.3826.16511.54984",
            "kunci_bl": 1,
            "kunci_bl_rinci": 1,
            "user_created": "Yandi Putra Jaya, S.E.",
            "created_date": "26-06-2025",
            "created_time": "11:24",
            "user_updated": "Yandi Putra Jaya, S.E.",
            "updated_date": "26-06-2025",
            "updated_time": "11:25",
            "is_locked": 0
        }
    ]