[
        {
            "id_sub_bl": 60125,
            "id_daerah": 473,
            "tahun": 2026,
            "id_unit": 689,
            "id_skpd": 689,
            "created_user": 1558,
            "kode_skpd": "2.16.2.20.2.21.01.0000",
            "nama_skpd": "Dinas Komunikasi dan Informatika",
            "id_urusan": 12,
            "kode_urusan": "2",
            "nama_urusan": "URUSAN PEMERINTAHAN WAJIB YANG TIDAK BERKAITAN DENGAN PELAYANAN DASAR",
            "id_bidang_urusan": 216,
            "kode_bidang_urusan": "2.16",
            "nama_bidang_urusan": "URUSAN PEMERINTAHAN BIDANG KOMUNIKASI DAN INFORMATIKA",
            "id_sub_skpd": 689,
            "kode_sub_skpd": "2.16.2.20.2.21.01.0000",
            "nama_sub_skpd": "Dinas Komunikasi dan Informatika",
            "set_pagu_user": 0,
            "set_pagu_at": null,
            "id_program": 3879,
            "kode_program": "2.16.02",
            "nama_program": "PROGRAM PENGELOLAAN INFORMASI DAN KOMUNIKASI PUBLIK",
            "id_giat": 16712,
            "kode_giat": "2.16.02.2.01",
            "nama_giat": "Pengelolaan Informasi dan Komunikasi Publik Pemerintah Daerah Kabupaten/Kota",
            "pagu_giat": 1781500000.0,
            "rinci_giat": null,
            "id_sub_giat": 55457,
            "kode_sub_giat": "2.16.02.2.01.0016",
            "nama_sub_giat": "Dukungan Administratif, Keuangan, dan Tata Kelola Komisi Informasi di Daerah dalam Rangka Penyelesaian Sengketa Informasi Publik",
            "pagu": 32600000.0,
            "pagu_indikatif": 32600000.0,
            "rincian": null,
            "kode_bl": "689.689.3879.16712",
            "kode_sbl": "689.689.3879.16712.55457",
            "kunci_bl": 1,
            "kunci_bl_rinci": 1,
            "user_created": "NIRWAN TOMERI, SH",
            "created_date": "23-01-2025",
            "created_time": "12:08",
            "user_updated": "NIRWAN TOMERI, SH",
            "updated_date": "02-07-2025",
            "updated_time": "11:35",
            "is_locked": 0
        },
        {
            "id_sub_bl": 60127,
            "id_daerah": 473,
            "tahun": 2026,
            "id_unit": 689,
            "id_skpd": 689,
            "created_user": 1558,
            "kode_skpd": "2.16.2.20.2.21.01.0000",
            "nama_skpd": "Dinas Komunikasi dan Informatika",
            "id_urusan": 12,
            "kode_urusan": "2",
            "nama_urusan": "URUSAN PEMERINTAHAN WAJIB YANG TIDAK BERKAITAN DENGAN PELAYANAN DASAR",
            "id_bidang_urusan": 216,
            "kode_bidang_urusan": "2.16",
            "nama_bidang_urusan": "URUSAN PEMERINTAHAN BIDANG KOMUNIKASI DAN INFORMATIKA",
            "id_sub_skpd": 689,
            "kode_sub_skpd": "2.16.2.20.2.21.01.0000",
            "nama_sub_skpd": "Dinas Komunikasi dan Informatika",
            "set_pagu_user": 0,
            "set_pagu_at": null,
            "id_program": 3879,
            "kode_program": "2.16.02",
            "nama_program": "PROGRAM PENGELOLAAN INFORMASI DAN KOMUNIKASI PUBLIK",
            "id_giat": 16712,
            "kode_giat": "2.16.02.2.01",
            "nama_giat": "Pengelolaan Informasi dan Komunikasi Publik Pemerintah Daerah Kabupaten/Kota",
            "pagu_giat": 1781500000.0,
            "rinci_giat": null,
            "id_sub_giat": 55458,
            "kode_sub_giat": "2.16.02.2.01.0017",
            "nama_sub_giat": "Pelayanan Informasi Publik",
            "pagu": 27800000.0,
            "pagu_indikatif": 27800000.0,
            "rincian": null,
            "kode_bl": "689.689.3879.16712",
            "kode_sbl": "689.689.3879.16712.55458",
            "kunci_bl": 1,
            "kunci_bl_rinci": 1,
            "user_created": "NIRWAN TOMERI, SH",
            "created_date": "23-01-2025",
            "created_time": "12:09",
            "user_updated": "NIRWAN TOMERI, SH",
            "updated_date": "02-07-2025",
            "updated_time": "11:35",
            "is_locked": 0
        },
        {
            "id_sub_bl": 60128,
            "id_daerah": 473,
            "tahun": 2026,
            "id_unit": 689,
            "id_skpd": 689,
            "created_user": 1558,
            "kode_skpd": "2.16.2.20.2.21.01.0000",
            "nama_skpd": "Dinas Komunikasi dan Informatika",
            "id_urusan": 12,
            "kode_urusan": "2",
            "nama_urusan": "URUSAN PEMERINTAHAN WAJIB YANG TIDAK BERKAITAN DENGAN PELAYANAN DASAR",
            "id_bidang_urusan": 216,
            "kode_bidang_urusan": "2.16",
            "nama_bidang_urusan": "URUSAN PEMERINTAHAN BIDANG KOMUNIKASI DAN INFORMATIKA",
            "id_sub_skpd": 689,
            "kode_sub_skpd": "2.16.2.20.2.21.01.0000",
            "nama_sub_skpd": "Dinas Komunikasi dan Informatika",
            "set_pagu_user": 0,
            "set_pagu_at": null,
            "id_program": 3879,
            "kode_program": "2.16.02",
            "nama_program": "PROGRAM PENGELOLAAN INFORMASI DAN KOMUNIKASI PUBLIK",
            "id_giat": 16712,
            "kode_giat": "2.16.02.2.01",
            "nama_giat": "Pengelolaan Informasi dan Komunikasi Publik Pemerintah Daerah Kabupaten/Kota",
            "pagu_giat": 1781500000.0,
            "rinci_giat": null,
            "id_sub_giat": 55462,
            "kode_sub_giat": "2.16.02.2.01.0021",
            "nama_sub_giat": "Pengelolaan Media Komunikasi Publik",
            "pagu": 1240900000.0,
            "pagu_indikatif": 1240900000.0,
            "rincian": null,
            "kode_bl": "689.689.3879.16712",
            "kode_sbl": "689.689.3879.16712.55462",
            "kunci_bl": 1,
            "kunci_bl_rinci": 1,
            "user_created": "NIRWAN TOMERI, SH",
            "created_date": "23-01-2025",
            "created_time": "12:10",
            "user_updated": "NIRWAN TOMERI, SH",
            "updated_date": "02-07-2025",
            "updated_time": "11:36",
            "is_locked": 0
        },
        {
            "id_sub_bl": 76065,
            "id_daerah": 473,
            "tahun": 2026,
            "id_unit": 689,
            "id_skpd": 689,
            "created_user": 1558,
            "kode_skpd": "2.16.2.20.2.21.01.0000",
            "nama_skpd": "Dinas Komunikasi dan Informatika",
            "id_urusan": 12,
            "kode_urusan": "2",
            "nama_urusan": "URUSAN PEMERINTAHAN WAJIB YANG TIDAK BERKAITAN DENGAN PELAYANAN DASAR",
            "id_bidang_urusan": 216,
            "kode_bidang_urusan": "2.16",
            "nama_bidang_urusan": "URUSAN PEMERINTAHAN BIDANG KOMUNIKASI DAN INFORMATIKA",
            "id_sub_skpd": 689,
            "kode_sub_skpd": "2.16.2.20.2.21.01.0000",
            "nama_sub_skpd": "Dinas Komunikasi dan Informatika",
            "set_pagu_user": 0,
            "set_pagu_at": null,
            "id_program": 3879,
            "kode_program": "2.16.02",
            "nama_program": "PROGRAM PENGELOLAAN INFORMASI DAN KOMUNIKASI PUBLIK",
            "id_giat": 16712,
            "kode_giat": "2.16.02.2.01",
            "nama_giat": "Pengelolaan Informasi dan Komunikasi Publik Pemerintah Daerah Kabupaten/Kota",
            "pagu_giat": 1781500000.0,
            "rinci_giat": null,
            "id_sub_giat": 55464,
            "kode_sub_giat": "2.16.02.2.01.0023",
            "nama_sub_giat": "Penyusunan Konten",
            "pagu": 240100000.0,
            "pagu_indikatif": 240100000.0,
            "rincian": null,
            "kode_bl": "689.689.3879.16712",
            "kode_sbl": "689.689.3879.16712.55464",
            "kunci_bl": 1,
            "kunci_bl_rinci": 1,
            "user_created": "NIRWAN TOMERI, SH",
            "created_date": "19-06-2025",
            "created_time": "13:16",
            "user_updated": "NIRWAN TOMERI, SH",
            "updated_date": "02-07-2025",
            "updated_time": "11:38",
            "is_locked": 0
        },
        {
            "id_sub_bl": 60129,
            "id_daerah": 473,
            "tahun": 2026,
            "id_unit": 689,
            "id_skpd": 689,
            "created_user": 1558,
            "kode_skpd": "2.16.2.20.2.21.01.0000",
            "nama_skpd": "Dinas Komunikasi dan Informatika",
            "id_urusan": 12,
            "kode_urusan": "2",
            "nama_urusan": "URUSAN PEMERINTAHAN WAJIB YANG TIDAK BERKAITAN DENGAN PELAYANAN DASAR",
            "id_bidang_urusan": 216,
            "kode_bidang_urusan": "2.16",
            "nama_bidang_urusan": "URUSAN PEMERINTAHAN BIDANG KOMUNIKASI DAN INFORMATIKA",
            "id_sub_skpd": 689,
            "kode_sub_skpd": "2.16.2.20.2.21.01.0000",
            "nama_sub_skpd": "Dinas Komunikasi dan Informatika",
            "set_pagu_user": 0,
            "set_pagu_at": null,
            "id_program": 3881,
            "kode_program": "2.16.03",
            "nama_program": "PROGRAM PENGELOLAAN APLIKASI INFORMATIKA",
            "id_giat": 16716,
            "kode_giat": "2.16.03.2.02",
            "nama_giat": "Pengelolaan E-government di Lingkup Pemerintah Daerah Kabupaten/Kota",
            "pagu_giat": 912100000.0,
            "rinci_giat": null,
            "id_sub_giat": 55482,
            "kode_sub_giat": "2.16.03.2.02.0013",
            "nama_sub_giat": "Koordinasi Pemanfaatan Pusat Data Nasional",
            "pagu": 178000000.0,
            "pagu_indikatif": 178000000.0,
            "rincian": null,
            "kode_bl": "689.689.3881.16716",
            "kode_sbl": "689.689.3881.16716.55482",
            "kunci_bl": 1,
            "kunci_bl_rinci": 1,
            "user_created": "NIRWAN TOMERI, SH",
            "created_date": "23-01-2025",
            "created_time": "12:12",
            "user_updated": "NIRWAN TOMERI, SH",
            "updated_date": "02-07-2025",
            "updated_time": "11:39",
            "is_locked": 0
        },
        {
            "id_sub_bl": 76067,
            "id_daerah": 473,
            "tahun": 2026,
            "id_unit": 689,
            "id_skpd": 689,
            "created_user": 1558,
            "kode_skpd": "2.16.2.20.2.21.01.0000",
            "nama_skpd": "Dinas Komunikasi dan Informatika",
            "id_urusan": 12,
            "kode_urusan": "2",
            "nama_urusan": "URUSAN PEMERINTAHAN WAJIB YANG TIDAK BERKAITAN DENGAN PELAYANAN DASAR",
            "id_bidang_urusan": 216,
            "kode_bidang_urusan": "2.16",
            "nama_bidang_urusan": "URUSAN PEMERINTAHAN BIDANG KOMUNIKASI DAN INFORMATIKA",
            "id_sub_skpd": 689,
            "kode_sub_skpd": "2.16.2.20.2.21.01.0000",
            "nama_sub_skpd": "Dinas Komunikasi dan Informatika",
            "set_pagu_user": 0,
            "set_pagu_at": null,
            "id_program": 3881,
            "kode_program": "2.16.03",
            "nama_program": "PROGRAM PENGELOLAAN APLIKASI INFORMATIKA",
            "id_giat": 16716,
            "kode_giat": "2.16.03.2.02",
            "nama_giat": "Pengelolaan E-government di Lingkup Pemerintah Daerah Kabupaten/Kota",
            "pagu_giat": 912100000.0,
            "rinci_giat": null,
            "id_sub_giat": 55486,
            "kode_sub_giat": "2.16.03.2.02.0026",
            "nama_sub_giat": "Fasilitasi penyelenggaraan Audit TIK sesuai kewenangan Dinas Kominfo",
            "pagu": 15000000.0,
            "pagu_indikatif": 15000000.0,
            "rincian": null,
            "kode_bl": "689.689.3881.16716",
            "kode_sbl": "689.689.3881.16716.55486",
            "kunci_bl": 1,
            "kunci_bl_rinci": 1,
            "user_created": "NIRWAN TOMERI, SH",
            "created_date": "19-06-2025",
            "created_time": "14:20",
            "user_updated": "NIRWAN TOMERI, SH",
            "updated_date": "02-07-2025",
            "updated_time": "11:39",
            "is_locked": 0
        },
        {
            "id_sub_bl": 60146,
            "id_daerah": 473,
            "tahun": 2026,
            "id_unit": 689,
            "id_skpd": 689,
            "created_user": 1558,
            "kode_skpd": "2.16.2.20.2.21.01.0000",
            "nama_skpd": "Dinas Komunikasi dan Informatika",
            "id_urusan": 12,
            "kode_urusan": "2",
            "nama_urusan": "URUSAN PEMERINTAHAN WAJIB YANG TIDAK BERKAITAN DENGAN PELAYANAN DASAR",
            "id_bidang_urusan": 216,
            "kode_bidang_urusan": "2.16",
            "nama_bidang_urusan": "URUSAN PEMERINTAHAN BIDANG KOMUNIKASI DAN INFORMATIKA",
            "id_sub_skpd": 689,
            "kode_sub_skpd": "2.16.2.20.2.21.01.0000",
            "nama_sub_skpd": "Dinas Komunikasi dan Informatika",
            "set_pagu_user": 0,
            "set_pagu_at": null,
            "id_program": 3881,
            "kode_program": "2.16.03",
            "nama_program": "PROGRAM PENGELOLAAN APLIKASI INFORMATIKA",
            "id_giat": 16716,
            "kode_giat": "2.16.03.2.02",
            "nama_giat": "Pengelolaan E-government di Lingkup Pemerintah Daerah Kabupaten/Kota",
            "pagu_giat": 912100000.0,
            "rinci_giat": null,
            "id_sub_giat": 55491,
            "kode_sub_giat": "2.16.03.2.02.0036",
            "nama_sub_giat": "Penyediaan Akses Internet",
            "pagu": 295000000.0,
            "pagu_indikatif": 295000000.0,
            "rincian": null,
            "kode_bl": "689.689.3881.16716",
            "kode_sbl": "689.689.3881.16716.55491",
            "kunci_bl": 1,
            "kunci_bl_rinci": 1,
            "user_created": "NIRWAN TOMERI, SH",
            "created_date": "23-01-2025",
            "created_time": "12:41",
            "user_updated": "NIRWAN TOMERI, SH",
            "updated_date": "02-07-2025",
            "updated_time": "11:40",
            "is_locked": 0
        },
        {
            "id_sub_bl": 60151,
            "id_daerah": 473,
            "tahun": 2026,
            "id_unit": 689,
            "id_skpd": 689,
            "created_user": 1558,
            "kode_skpd": "2.16.2.20.2.21.01.0000",
            "nama_skpd": "Dinas Komunikasi dan Informatika",
            "id_urusan": 12,
            "kode_urusan": "2",
            "nama_urusan": "URUSAN PEMERINTAHAN WAJIB YANG TIDAK BERKAITAN DENGAN PELAYANAN DASAR",
            "id_bidang_urusan": 216,
            "kode_bidang_urusan": "2.16",
            "nama_bidang_urusan": "URUSAN PEMERINTAHAN BIDANG KOMUNIKASI DAN INFORMATIKA",
            "id_sub_skpd": 689,
            "kode_sub_skpd": "2.16.2.20.2.21.01.0000",
            "nama_sub_skpd": "Dinas Komunikasi dan Informatika",
            "set_pagu_user": 0,
            "set_pagu_at": null,
            "id_program": 3881,
            "kode_program": "2.16.03",
            "nama_program": "PROGRAM PENGELOLAAN APLIKASI INFORMATIKA",
            "id_giat": 16716,
            "kode_giat": "2.16.03.2.02",
            "nama_giat": "Pengelolaan E-government di Lingkup Pemerintah Daerah Kabupaten/Kota",
            "pagu_giat": 912100000.0,
            "rinci_giat": null,
            "id_sub_giat": 55492,
            "kode_sub_giat": "2.16.03.2.02.0037",
            "nama_sub_giat": "Koordinasi penyusunan kebijakan tata kelola SPBE meliputi arsitektur, peta rencana, proses bisnis, serta penyusunan rencana dan anggaran SPBE Pemerintah Daerah",
            "pagu": 60000000.0,
            "pagu_indikatif": 60000000.0,
            "rincian": null,
            "kode_bl": "689.689.3881.16716",
            "kode_sbl": "689.689.3881.16716.55492",
            "kunci_bl": 1,
            "kunci_bl_rinci": 1,
            "user_created": "NIRWAN TOMERI, SH",
            "created_date": "23-01-2025",
            "created_time": "13:23",
            "user_updated": "NIRWAN TOMERI, SH",
            "updated_date": "02-07-2025",
            "updated_time": "11:40",
            "is_locked": 0
        },
        {
            "id_sub_bl": 60133,
            "id_daerah": 473,
            "tahun": 2026,
            "id_unit": 689,
            "id_skpd": 689,
            "created_user": 1558,
            "kode_skpd": "2.16.2.20.2.21.01.0000",
            "nama_skpd": "Dinas Komunikasi dan Informatika",
            "id_urusan": 12,
            "kode_urusan": "2",
            "nama_urusan": "URUSAN PEMERINTAHAN WAJIB YANG TIDAK BERKAITAN DENGAN PELAYANAN DASAR",
            "id_bidang_urusan": 216,
            "kode_bidang_urusan": "2.16",
            "nama_bidang_urusan": "URUSAN PEMERINTAHAN BIDANG KOMUNIKASI DAN INFORMATIKA",
            "id_sub_skpd": 689,
            "kode_sub_skpd": "2.16.2.20.2.21.01.0000",
            "nama_sub_skpd": "Dinas Komunikasi dan Informatika",
            "set_pagu_user": 0,
            "set_pagu_at": null,
            "id_program": 3881,
            "kode_program": "2.16.03",
            "nama_program": "PROGRAM PENGELOLAAN APLIKASI INFORMATIKA",
            "id_giat": 16716,
            "kode_giat": "2.16.03.2.02",
            "nama_giat": "Pengelolaan E-government di Lingkup Pemerintah Daerah Kabupaten/Kota",
            "pagu_giat": 912100000.0,
            "rinci_giat": null,
            "id_sub_giat": 55493,
            "kode_sub_giat": "2.16.03.2.02.0038",
            "nama_sub_giat": "Koordinasi dan Fasilitasi Penyelenggaraan Kabupaten atau Kota Cerdas",
            "pagu": 304100000.0,
            "pagu_indikatif": 304100000.0,
            "rincian": null,
            "kode_bl": "689.689.3881.16716",
            "kode_sbl": "689.689.3881.16716.55493",
            "kunci_bl": 1,
            "kunci_bl_rinci": 1,
            "user_created": "NIRWAN TOMERI, SH",
            "created_date": "23-01-2025",
            "created_time": "12:15",
            "user_updated": "NIRWAN TOMERI, SH",
            "updated_date": "02-07-2025",
            "updated_time": "11:40",
            "is_locked": 0
        },
        {
            "id_sub_bl": 60074,
            "id_daerah": 473,
            "tahun": 2026,
            "id_unit": 689,
            "id_skpd": 689,
            "created_user": 1558,
            "kode_skpd": "2.16.2.20.2.21.01.0000",
            "nama_skpd": "Dinas Komunikasi dan Informatika",
            "id_urusan": 12,
            "kode_urusan": "2",
            "nama_urusan": "URUSAN PEMERINTAHAN WAJIB YANG TIDAK BERKAITAN DENGAN PELAYANAN DASAR",
            "id_bidang_urusan": 216,
            "kode_bidang_urusan": "2.16",
            "nama_bidang_urusan": "URUSAN PEMERINTAHAN BIDANG KOMUNIKASI DAN INFORMATIKA",
            "id_sub_skpd": 689,
            "kode_sub_skpd": "2.16.2.20.2.21.01.0000",
            "nama_sub_skpd": "Dinas Komunikasi dan Informatika",
            "set_pagu_user": 0,
            "set_pagu_at": null,
            "id_program": 4451,
            "kode_program": "2.16.01",
            "nama_program": "PROGRAM PENUNJANG URUSAN PEMERINTAHAN DAERAH KABUPATEN/KOTA",
            "id_giat": 18371,
            "kode_giat": "2.16.01.2.01",
            "nama_giat": "Perencanaan, Penganggaran, dan Evaluasi Kinerja Perangkat Daerah",
            "pagu_giat": 213990000.0,
            "rinci_giat": null,
            "id_sub_giat": 60589,
            "kode_sub_giat": "2.16.01.2.01.0001",
            "nama_sub_giat": "Penyusunan Dokumen Perencanaan Perangkat Daerah",
            "pagu": 114000000.0,
            "pagu_indikatif": 114000000.0,
            "rincian": null,
            "kode_bl": "689.689.4451.18371",
            "kode_sbl": "689.689.4451.18371.60589",
            "kunci_bl": 1,
            "kunci_bl_rinci": 1,
            "user_created": "NIRWAN TOMERI, SH",
            "created_date": "23-01-2025",
            "created_time": "11:26",
            "user_updated": "NIRWAN TOMERI, SH",
            "updated_date": "02-07-2025",
            "updated_time": "11:49",
            "is_locked": 0
        },
        {
            "id_sub_bl": 60076,
            "id_daerah": 473,
            "tahun": 2026,
            "id_unit": 689,
            "id_skpd": 689,
            "created_user": 1558,
            "kode_skpd": "2.16.2.20.2.21.01.0000",
            "nama_skpd": "Dinas Komunikasi dan Informatika",
            "id_urusan": 12,
            "kode_urusan": "2",
            "nama_urusan": "URUSAN PEMERINTAHAN WAJIB YANG TIDAK BERKAITAN DENGAN PELAYANAN DASAR",
            "id_bidang_urusan": 216,
            "kode_bidang_urusan": "2.16",
            "nama_bidang_urusan": "URUSAN PEMERINTAHAN BIDANG KOMUNIKASI DAN INFORMATIKA",
            "id_sub_skpd": 689,
            "kode_sub_skpd": "2.16.2.20.2.21.01.0000",
            "nama_sub_skpd": "Dinas Komunikasi dan Informatika",
            "set_pagu_user": 0,
            "set_pagu_at": null,
            "id_program": 4451,
            "kode_program": "2.16.01",
            "nama_program": "PROGRAM PENUNJANG URUSAN PEMERINTAHAN DAERAH KABUPATEN/KOTA",
            "id_giat": 18371,
            "kode_giat": "2.16.01.2.01",
            "nama_giat": "Perencanaan, Penganggaran, dan Evaluasi Kinerja Perangkat Daerah",
            "pagu_giat": 213990000.0,
            "rinci_giat": null,
            "id_sub_giat": 60590,
            "kode_sub_giat": "2.16.01.2.01.0002",
            "nama_sub_giat": "Koordinasi dan Penyusunan Dokumen RKA-SKPD",
            "pagu": 2511000.0,
            "pagu_indikatif": 2511000.0,
            "rincian": null,
            "kode_bl": "689.689.4451.18371",
            "kode_sbl": "689.689.4451.18371.60590",
            "kunci_bl": 1,
            "kunci_bl_rinci": 1,
            "user_created": "NIRWAN TOMERI, SH",
            "created_date": "23-01-2025",
            "created_time": "11:28",
            "user_updated": "NIRWAN TOMERI, SH",
            "updated_date": "02-07-2025",
            "updated_time": "12:32",
            "is_locked": 0
        },
        {
            "id_sub_bl": 60078,
            "id_daerah": 473,
            "tahun": 2026,
            "id_unit": 689,
            "id_skpd": 689,
            "created_user": 1558,
            "kode_skpd": "2.16.2.20.2.21.01.0000",
            "nama_skpd": "Dinas Komunikasi dan Informatika",
            "id_urusan": 12,
            "kode_urusan": "2",
            "nama_urusan": "URUSAN PEMERINTAHAN WAJIB YANG TIDAK BERKAITAN DENGAN PELAYANAN DASAR",
            "id_bidang_urusan": 216,
            "kode_bidang_urusan": "2.16",
            "nama_bidang_urusan": "URUSAN PEMERINTAHAN BIDANG KOMUNIKASI DAN INFORMATIKA",
            "id_sub_skpd": 689,
            "kode_sub_skpd": "2.16.2.20.2.21.01.0000",
            "nama_sub_skpd": "Dinas Komunikasi dan Informatika",
            "set_pagu_user": 0,
            "set_pagu_at": null,
            "id_program": 4451,
            "kode_program": "2.16.01",
            "nama_program": "PROGRAM PENUNJANG URUSAN PEMERINTAHAN DAERAH KABUPATEN/KOTA",
            "id_giat": 18371,
            "kode_giat": "2.16.01.2.01",
            "nama_giat": "Perencanaan, Penganggaran, dan Evaluasi Kinerja Perangkat Daerah",
            "pagu_giat": 213990000.0,
            "rinci_giat": null,
            "id_sub_giat": 60592,
            "kode_sub_giat": "2.16.01.2.01.0004",
            "nama_sub_giat": "Koordinasi dan Penyusunan DPA-SKPD",
            "pagu": 2000000.0,
            "pagu_indikatif": 2000000.0,
            "rincian": null,
            "kode_bl": "689.689.4451.18371",
            "kode_sbl": "689.689.4451.18371.60592",
            "kunci_bl": 1,
            "kunci_bl_rinci": 1,
            "user_created": "NIRWAN TOMERI, SH",
            "created_date": "23-01-2025",
            "created_time": "11:30",
            "user_updated": "NIRWAN TOMERI, SH",
            "updated_date": "02-07-2025",
            "updated_time": "12:32",
            "is_locked": 0
        },
        {
            "id_sub_bl": 60083,
            "id_daerah": 473,
            "tahun": 2026,
            "id_unit": 689,
            "id_skpd": 689,
            "created_user": 1558,
            "kode_skpd": "2.16.2.20.2.21.01.0000",
            "nama_skpd": "Dinas Komunikasi dan Informatika",
            "id_urusan": 12,
            "kode_urusan": "2",
            "nama_urusan": "URUSAN PEMERINTAHAN WAJIB YANG TIDAK BERKAITAN DENGAN PELAYANAN DASAR",
            "id_bidang_urusan": 216,
            "kode_bidang_urusan": "2.16",
            "nama_bidang_urusan": "URUSAN PEMERINTAHAN BIDANG KOMUNIKASI DAN INFORMATIKA",
            "id_sub_skpd": 689,
            "kode_sub_skpd": "2.16.2.20.2.21.01.0000",
            "nama_sub_skpd": "Dinas Komunikasi dan Informatika",
            "set_pagu_user": 0,
            "set_pagu_at": null,
            "id_program": 4451,
            "kode_program": "2.16.01",
            "nama_program": "PROGRAM PENUNJANG URUSAN PEMERINTAHAN DAERAH KABUPATEN/KOTA",
            "id_giat": 18371,
            "kode_giat": "2.16.01.2.01",
            "nama_giat": "Perencanaan, Penganggaran, dan Evaluasi Kinerja Perangkat Daerah",
            "pagu_giat": 213990000.0,
            "rinci_giat": null,
            "id_sub_giat": 60595,
            "kode_sub_giat": "2.16.01.2.01.0007",
            "nama_sub_giat": "Evaluasi Kinerja Perangkat Daerah",
            "pagu": 3379000.0,
            "pagu_indikatif": 3379000.0,
            "rincian": null,
            "kode_bl": "689.689.4451.18371",
            "kode_sbl": "689.689.4451.18371.60595",
            "kunci_bl": 1,
            "kunci_bl_rinci": 1,
            "user_created": "NIRWAN TOMERI, SH",
            "created_date": "23-01-2025",
            "created_time": "11:33",
            "user_updated": "NIRWAN TOMERI, SH",
            "updated_date": "02-07-2025",
            "updated_time": "12:32",
            "is_locked": 0
        },
        {
            "id_sub_bl": 60086,
            "id_daerah": 473,
            "tahun": 2026,
            "id_unit": 689,
            "id_skpd": 689,
            "created_user": 1558,
            "kode_skpd": "2.16.2.20.2.21.01.0000",
            "nama_skpd": "Dinas Komunikasi dan Informatika",
            "id_urusan": 12,
            "kode_urusan": "2",
            "nama_urusan": "URUSAN PEMERINTAHAN WAJIB YANG TIDAK BERKAITAN DENGAN PELAYANAN DASAR",
            "id_bidang_urusan": 216,
            "kode_bidang_urusan": "2.16",
            "nama_bidang_urusan": "URUSAN PEMERINTAHAN BIDANG KOMUNIKASI DAN INFORMATIKA",
            "id_sub_skpd": 689,
            "kode_sub_skpd": "2.16.2.20.2.21.01.0000",
            "nama_sub_skpd": "Dinas Komunikasi dan Informatika",
            "set_pagu_user": 0,
            "set_pagu_at": null,
            "id_program": 4451,
            "kode_program": "2.16.01",
            "nama_program": "PROGRAM PENUNJANG URUSAN PEMERINTAHAN DAERAH KABUPATEN/KOTA",
            "id_giat": 18372,
            "kode_giat": "2.16.01.2.02",
            "nama_giat": "Administrasi Keuangan Perangkat Daerah",
            "pagu_giat": 2377293822.0,
            "rinci_giat": null,
            "id_sub_giat": 60602,
            "kode_sub_giat": "2.16.01.2.02.0001",
            "nama_sub_giat": "Penyediaan Gaji dan Tunjangan ASN",
            "pagu": 2248513822.0,
            "pagu_indikatif": 2248513822.0,
            "rincian": null,
            "kode_bl": "689.689.4451.18372",
            "kode_sbl": "689.689.4451.18372.60602",
            "kunci_bl": 1,
            "kunci_bl_rinci": 1,
            "user_created": "NIRWAN TOMERI, SH",
            "created_date": "23-01-2025",
            "created_time": "11:36",
            "user_updated": "NIRWAN TOMERI, SH",
            "updated_date": "02-07-2025",
            "updated_time": "12:32",
            "is_locked": 0
        },
        {
            "id_sub_bl": 60090,
            "id_daerah": 473,
            "tahun": 2026,
            "id_unit": 689,
            "id_skpd": 689,
            "created_user": 1558,
            "kode_skpd": "2.16.2.20.2.21.01.0000",
            "nama_skpd": "Dinas Komunikasi dan Informatika",
            "id_urusan": 12,
            "kode_urusan": "2",
            "nama_urusan": "URUSAN PEMERINTAHAN WAJIB YANG TIDAK BERKAITAN DENGAN PELAYANAN DASAR",
            "id_bidang_urusan": 216,
            "kode_bidang_urusan": "2.16",
            "nama_bidang_urusan": "URUSAN PEMERINTAHAN BIDANG KOMUNIKASI DAN INFORMATIKA",
            "id_sub_skpd": 689,
            "kode_sub_skpd": "2.16.2.20.2.21.01.0000",
            "nama_sub_skpd": "Dinas Komunikasi dan Informatika",
            "set_pagu_user": 0,
            "set_pagu_at": null,
            "id_program": 4451,
            "kode_program": "2.16.01",
            "nama_program": "PROGRAM PENUNJANG URUSAN PEMERINTAHAN DAERAH KABUPATEN/KOTA",
            "id_giat": 18372,
            "kode_giat": "2.16.01.2.02",
            "nama_giat": "Administrasi Keuangan Perangkat Daerah",
            "pagu_giat": 2377293822.0,
            "rinci_giat": null,
            "id_sub_giat": 60604,
            "kode_sub_giat": "2.16.01.2.02.0003",
            "nama_sub_giat": "Pelaksanaan Penatausahaan dan\r\n\nPengujian/Verifikasi Keuangan SKPD",
            "pagu": 121280000.0,
            "pagu_indikatif": 121280000.0,
            "rincian": null,
            "kode_bl": "689.689.4451.18372",
            "kode_sbl": "689.689.4451.18372.60604",
            "kunci_bl": 1,
            "kunci_bl_rinci": 1,
            "user_created": "NIRWAN TOMERI, SH",
            "created_date": "23-01-2025",
            "created_time": "11:39",
            "user_updated": "NIRWAN TOMERI, SH",
            "updated_date": "02-07-2025",
            "updated_time": "12:33",
            "is_locked": 0
        },
        {
            "id_sub_bl": 60093,
            "id_daerah": 473,
            "tahun": 2026,
            "id_unit": 689,
            "id_skpd": 689,
            "created_user": 1558,
            "kode_skpd": "2.16.2.20.2.21.01.0000",
            "nama_skpd": "Dinas Komunikasi dan Informatika",
            "id_urusan": 12,
            "kode_urusan": "2",
            "nama_urusan": "URUSAN PEMERINTAHAN WAJIB YANG TIDAK BERKAITAN DENGAN PELAYANAN DASAR",
            "id_bidang_urusan": 216,
            "kode_bidang_urusan": "2.16",
            "nama_bidang_urusan": "URUSAN PEMERINTAHAN BIDANG KOMUNIKASI DAN INFORMATIKA",
            "id_sub_skpd": 689,
            "kode_sub_skpd": "2.16.2.20.2.21.01.0000",
            "nama_sub_skpd": "Dinas Komunikasi dan Informatika",
            "set_pagu_user": 0,
            "set_pagu_at": null,
            "id_program": 4451,
            "kode_program": "2.16.01",
            "nama_program": "PROGRAM PENUNJANG URUSAN PEMERINTAHAN DAERAH KABUPATEN/KOTA",
            "id_giat": 18372,
            "kode_giat": "2.16.01.2.02",
            "nama_giat": "Administrasi Keuangan Perangkat Daerah",
            "pagu_giat": 2377293822.0,
            "rinci_giat": null,
            "id_sub_giat": 60606,
            "kode_sub_giat": "2.16.01.2.02.0005",
            "nama_sub_giat": "Koordinasi dan Penyusunan Laporan Keuangan Akhir Tahun SKPD",
            "pagu": 7500000.0,
            "pagu_indikatif": 7500000.0,
            "rincian": null,
            "kode_bl": "689.689.4451.18372",
            "kode_sbl": "689.689.4451.18372.60606",
            "kunci_bl": 1,
            "kunci_bl_rinci": 1,
            "user_created": "NIRWAN TOMERI, SH",
            "created_date": "23-01-2025",
            "created_time": "11:41",
            "user_updated": "NIRWAN TOMERI, SH",
            "updated_date": "02-07-2025",
            "updated_time": "12:33",
            "is_locked": 0
        },
        {
            "id_sub_bl": 60096,
            "id_daerah": 473,
            "tahun": 2026,
            "id_unit": 689,
            "id_skpd": 689,
            "created_user": 1558,
            "kode_skpd": "2.16.2.20.2.21.01.0000",
            "nama_skpd": "Dinas Komunikasi dan Informatika",
            "id_urusan": 12,
            "kode_urusan": "2",
            "nama_urusan": "URUSAN PEMERINTAHAN WAJIB YANG TIDAK BERKAITAN DENGAN PELAYANAN DASAR",
            "id_bidang_urusan": 216,
            "kode_bidang_urusan": "2.16",
            "nama_bidang_urusan": "URUSAN PEMERINTAHAN BIDANG KOMUNIKASI DAN INFORMATIKA",
            "id_sub_skpd": 689,
            "kode_sub_skpd": "2.16.2.20.2.21.01.0000",
            "nama_sub_skpd": "Dinas Komunikasi dan Informatika",
            "set_pagu_user": 0,
            "set_pagu_at": null,
            "id_program": 4451,
            "kode_program": "2.16.01",
            "nama_program": "PROGRAM PENUNJANG URUSAN PEMERINTAHAN DAERAH KABUPATEN/KOTA",
            "id_giat": 18373,
            "kode_giat": "2.16.01.2.03",
            "nama_giat": "Administrasi Barang Milik Daerah pada Perangkat Daerah",
            "pagu_giat": 32200000.0,
            "rinci_giat": null,
            "id_sub_giat": 60615,
            "kode_sub_giat": "2.16.01.2.03.0006",
            "nama_sub_giat": "Penatausahaan Barang Milik Daerah pada SKPD",
            "pagu": 32200000.0,
            "pagu_indikatif": 32200000.0,
            "rincian": null,
            "kode_bl": "689.689.4451.18373",
            "kode_sbl": "689.689.4451.18373.60615",
            "kunci_bl": 1,
            "kunci_bl_rinci": 1,
            "user_created": "NIRWAN TOMERI, SH",
            "created_date": "23-01-2025",
            "created_time": "11:43",
            "user_updated": "NIRWAN TOMERI, SH",
            "updated_date": "02-07-2025",
            "updated_time": "12:33",
            "is_locked": 0
        },
        {
            "id_sub_bl": 60099,
            "id_daerah": 473,
            "tahun": 2026,
            "id_unit": 689,
            "id_skpd": 689,
            "created_user": 1558,
            "kode_skpd": "2.16.2.20.2.21.01.0000",
            "nama_skpd": "Dinas Komunikasi dan Informatika",
            "id_urusan": 12,
            "kode_urusan": "2",
            "nama_urusan": "URUSAN PEMERINTAHAN WAJIB YANG TIDAK BERKAITAN DENGAN PELAYANAN DASAR",
            "id_bidang_urusan": 216,
            "kode_bidang_urusan": "2.16",
            "nama_bidang_urusan": "URUSAN PEMERINTAHAN BIDANG KOMUNIKASI DAN INFORMATIKA",
            "id_sub_skpd": 689,
            "kode_sub_skpd": "2.16.2.20.2.21.01.0000",
            "nama_sub_skpd": "Dinas Komunikasi dan Informatika",
            "set_pagu_user": 0,
            "set_pagu_at": null,
            "id_program": 4451,
            "kode_program": "2.16.01",
            "nama_program": "PROGRAM PENUNJANG URUSAN PEMERINTAHAN DAERAH KABUPATEN/KOTA",
            "id_giat": 18375,
            "kode_giat": "2.16.01.2.05",
            "nama_giat": "Administrasi Kepegawaian Perangkat Daerah",
            "pagu_giat": 70022000.0,
            "rinci_giat": null,
            "id_sub_giat": 60625,
            "kode_sub_giat": "2.16.01.2.05.0002",
            "nama_sub_giat": "Pengadaan Pakaian Dinas beserta Atribut Kelengkapannya",
            "pagu": 20022000.0,
            "pagu_indikatif": 20022000.0,
            "rincian": null,
            "kode_bl": "689.689.4451.18375",
            "kode_sbl": "689.689.4451.18375.60625",
            "kunci_bl": 1,
            "kunci_bl_rinci": 1,
            "user_created": "NIRWAN TOMERI, SH",
            "created_date": "23-01-2025",
            "created_time": "11:46",
            "user_updated": "NIRWAN TOMERI, SH",
            "updated_date": "02-07-2025",
            "updated_time": "12:34",
            "is_locked": 0
        },
        {
            "id_sub_bl": 60101,
            "id_daerah": 473,
            "tahun": 2026,
            "id_unit": 689,
            "id_skpd": 689,
            "created_user": 1558,
            "kode_skpd": "2.16.2.20.2.21.01.0000",
            "nama_skpd": "Dinas Komunikasi dan Informatika",
            "id_urusan": 12,
            "kode_urusan": "2",
            "nama_urusan": "URUSAN PEMERINTAHAN WAJIB YANG TIDAK BERKAITAN DENGAN PELAYANAN DASAR",
            "id_bidang_urusan": 216,
            "kode_bidang_urusan": "2.16",
            "nama_bidang_urusan": "URUSAN PEMERINTAHAN BIDANG KOMUNIKASI DAN INFORMATIKA",
            "id_sub_skpd": 689,
            "kode_sub_skpd": "2.16.2.20.2.21.01.0000",
            "nama_sub_skpd": "Dinas Komunikasi dan Informatika",
            "set_pagu_user": 0,
            "set_pagu_at": null,
            "id_program": 4451,
            "kode_program": "2.16.01",
            "nama_program": "PROGRAM PENUNJANG URUSAN PEMERINTAHAN DAERAH KABUPATEN/KOTA",
            "id_giat": 18375,
            "kode_giat": "2.16.01.2.05",
            "nama_giat": "Administrasi Kepegawaian Perangkat Daerah",
            "pagu_giat": 70022000.0,
            "rinci_giat": null,
            "id_sub_giat": 60632,
            "kode_sub_giat": "2.16.01.2.05.0009",
            "nama_sub_giat": "Pendidikan dan Pelatihan Pegawai Berdasarkan Tugas dan Fungsi",
            "pagu": 50000000.0,
            "pagu_indikatif": 50000000.0,
            "rincian": null,
            "kode_bl": "689.689.4451.18375",
            "kode_sbl": "689.689.4451.18375.60632",
            "kunci_bl": 1,
            "kunci_bl_rinci": 1,
            "user_created": "NIRWAN TOMERI, SH",
            "created_date": "23-01-2025",
            "created_time": "11:47",
            "user_updated": "NIRWAN TOMERI, SH",
            "updated_date": "02-07-2025",
            "updated_time": "12:34",
            "is_locked": 0
        },
        {
            "id_sub_bl": 60102,
            "id_daerah": 473,
            "tahun": 2026,
            "id_unit": 689,
            "id_skpd": 689,
            "created_user": 1558,
            "kode_skpd": "2.16.2.20.2.21.01.0000",
            "nama_skpd": "Dinas Komunikasi dan Informatika",
            "id_urusan": 12,
            "kode_urusan": "2",
            "nama_urusan": "URUSAN PEMERINTAHAN WAJIB YANG TIDAK BERKAITAN DENGAN PELAYANAN DASAR",
            "id_bidang_urusan": 216,
            "kode_bidang_urusan": "2.16",
            "nama_bidang_urusan": "URUSAN PEMERINTAHAN BIDANG KOMUNIKASI DAN INFORMATIKA",
            "id_sub_skpd": 689,
            "kode_sub_skpd": "2.16.2.20.2.21.01.0000",
            "nama_sub_skpd": "Dinas Komunikasi dan Informatika",
            "set_pagu_user": 0,
            "set_pagu_at": null,
            "id_program": 4451,
            "kode_program": "2.16.01",
            "nama_program": "PROGRAM PENUNJANG URUSAN PEMERINTAHAN DAERAH KABUPATEN/KOTA",
            "id_giat": 18376,
            "kode_giat": "2.16.01.2.06",
            "nama_giat": "Administrasi Umum Perangkat Daerah",
            "pagu_giat": 172900000.0,
            "rinci_giat": null,
            "id_sub_giat": 60635,
            "kode_sub_giat": "2.16.01.2.06.0001",
            "nama_sub_giat": "Penyediaan Komponen Instalasi\r\n\nListrik/Penerangan Bangunan Kantor",
            "pagu": 1000000.0,
            "pagu_indikatif": 1000000.0,
            "rincian": null,
            "kode_bl": "689.689.4451.18376",
            "kode_sbl": "689.689.4451.18376.60635",
            "kunci_bl": 1,
            "kunci_bl_rinci": 1,
            "user_created": "NIRWAN TOMERI, SH",
            "created_date": "23-01-2025",
            "created_time": "11:48",
            "user_updated": "NIRWAN TOMERI, SH",
            "updated_date": "02-07-2025",
            "updated_time": "12:34",
            "is_locked": 0
        },
        {
            "id_sub_bl": 60104,
            "id_daerah": 473,
            "tahun": 2026,
            "id_unit": 689,
            "id_skpd": 689,
            "created_user": 1558,
            "kode_skpd": "2.16.2.20.2.21.01.0000",
            "nama_skpd": "Dinas Komunikasi dan Informatika",
            "id_urusan": 12,
            "kode_urusan": "2",
            "nama_urusan": "URUSAN PEMERINTAHAN WAJIB YANG TIDAK BERKAITAN DENGAN PELAYANAN DASAR",
            "id_bidang_urusan": 216,
            "kode_bidang_urusan": "2.16",
            "nama_bidang_urusan": "URUSAN PEMERINTAHAN BIDANG KOMUNIKASI DAN INFORMATIKA",
            "id_sub_skpd": 689,
            "kode_sub_skpd": "2.16.2.20.2.21.01.0000",
            "nama_sub_skpd": "Dinas Komunikasi dan Informatika",
            "set_pagu_user": 0,
            "set_pagu_at": null,
            "id_program": 4451,
            "kode_program": "2.16.01",
            "nama_program": "PROGRAM PENUNJANG URUSAN PEMERINTAHAN DAERAH KABUPATEN/KOTA",
            "id_giat": 18376,
            "kode_giat": "2.16.01.2.06",
            "nama_giat": "Administrasi Umum Perangkat Daerah",
            "pagu_giat": 172900000.0,
            "rinci_giat": null,
            "id_sub_giat": 60638,
            "kode_sub_giat": "2.16.01.2.06.0004",
            "nama_sub_giat": "Penyediaan Bahan Logistik Kantor",
            "pagu": 54000000.0,
            "pagu_indikatif": 54000000.0,
            "rincian": null,
            "kode_bl": "689.689.4451.18376",
            "kode_sbl": "689.689.4451.18376.60638",
            "kunci_bl": 1,
            "kunci_bl_rinci": 1,
            "user_created": "NIRWAN TOMERI, SH",
            "created_date": "23-01-2025",
            "created_time": "11:49",
            "user_updated": "NIRWAN TOMERI, SH",
            "updated_date": "02-07-2025",
            "updated_time": "12:35",
            "is_locked": 0
        },
        {
            "id_sub_bl": 60106,
            "id_daerah": 473,
            "tahun": 2026,
            "id_unit": 689,
            "id_skpd": 689,
            "created_user": 1558,
            "kode_skpd": "2.16.2.20.2.21.01.0000",
            "nama_skpd": "Dinas Komunikasi dan Informatika",
            "id_urusan": 12,
            "kode_urusan": "2",
            "nama_urusan": "URUSAN PEMERINTAHAN WAJIB YANG TIDAK BERKAITAN DENGAN PELAYANAN DASAR",
            "id_bidang_urusan": 216,
            "kode_bidang_urusan": "2.16",
            "nama_bidang_urusan": "URUSAN PEMERINTAHAN BIDANG KOMUNIKASI DAN INFORMATIKA",
            "id_sub_skpd": 689,
            "kode_sub_skpd": "2.16.2.20.2.21.01.0000",
            "nama_sub_skpd": "Dinas Komunikasi dan Informatika",
            "set_pagu_user": 0,
            "set_pagu_at": null,
            "id_program": 4451,
            "kode_program": "2.16.01",
            "nama_program": "PROGRAM PENUNJANG URUSAN PEMERINTAHAN DAERAH KABUPATEN/KOTA",
            "id_giat": 18376,
            "kode_giat": "2.16.01.2.06",
            "nama_giat": "Administrasi Umum Perangkat Daerah",
            "pagu_giat": 172900000.0,
            "rinci_giat": null,
            "id_sub_giat": 60639,
            "kode_sub_giat": "2.16.01.2.06.0005",
            "nama_sub_giat": "Penyediaan Barang Cetakan dan Penggandaan",
            "pagu": 12000000.0,
            "pagu_indikatif": 12000000.0,
            "rincian": null,
            "kode_bl": "689.689.4451.18376",
            "kode_sbl": "689.689.4451.18376.60639",
            "kunci_bl": 1,
            "kunci_bl_rinci": 1,
            "user_created": "NIRWAN TOMERI, SH",
            "created_date": "23-01-2025",
            "created_time": "11:50",
            "user_updated": "NIRWAN TOMERI, SH",
            "updated_date": "02-07-2025",
            "updated_time": "12:35",
            "is_locked": 0
        },
        {
            "id_sub_bl": 60108,
            "id_daerah": 473,
            "tahun": 2026,
            "id_unit": 689,
            "id_skpd": 689,
            "created_user": 1558,
            "kode_skpd": "2.16.2.20.2.21.01.0000",
            "nama_skpd": "Dinas Komunikasi dan Informatika",
            "id_urusan": 12,
            "kode_urusan": "2",
            "nama_urusan": "URUSAN PEMERINTAHAN WAJIB YANG TIDAK BERKAITAN DENGAN PELAYANAN DASAR",
            "id_bidang_urusan": 216,
            "kode_bidang_urusan": "2.16",
            "nama_bidang_urusan": "URUSAN PEMERINTAHAN BIDANG KOMUNIKASI DAN INFORMATIKA",
            "id_sub_skpd": 689,
            "kode_sub_skpd": "2.16.2.20.2.21.01.0000",
            "nama_sub_skpd": "Dinas Komunikasi dan Informatika",
            "set_pagu_user": 0,
            "set_pagu_at": null,
            "id_program": 4451,
            "kode_program": "2.16.01",
            "nama_program": "PROGRAM PENUNJANG URUSAN PEMERINTAHAN DAERAH KABUPATEN/KOTA",
            "id_giat": 18376,
            "kode_giat": "2.16.01.2.06",
            "nama_giat": "Administrasi Umum Perangkat Daerah",
            "pagu_giat": 172900000.0,
            "rinci_giat": null,
            "id_sub_giat": 60640,
            "kode_sub_giat": "2.16.01.2.06.0006",
            "nama_sub_giat": "Penyediaan Bahan Bacaan dan Peraturan Perundang-undangan",
            "pagu": 9900000.0,
            "pagu_indikatif": 9900000.0,
            "rincian": null,
            "kode_bl": "689.689.4451.18376",
            "kode_sbl": "689.689.4451.18376.60640",
            "kunci_bl": 1,
            "kunci_bl_rinci": 1,
            "user_created": "NIRWAN TOMERI, SH",
            "created_date": "23-01-2025",
            "created_time": "11:51",
            "user_updated": "NIRWAN TOMERI, SH",
            "updated_date": "02-07-2025",
            "updated_time": "12:35",
            "is_locked": 0
        },
        {
            "id_sub_bl": 60109,
            "id_daerah": 473,
            "tahun": 2026,
            "id_unit": 689,
            "id_skpd": 689,
            "created_user": 1558,
            "kode_skpd": "2.16.2.20.2.21.01.0000",
            "nama_skpd": "Dinas Komunikasi dan Informatika",
            "id_urusan": 12,
            "kode_urusan": "2",
            "nama_urusan": "URUSAN PEMERINTAHAN WAJIB YANG TIDAK BERKAITAN DENGAN PELAYANAN DASAR",
            "id_bidang_urusan": 216,
            "kode_bidang_urusan": "2.16",
            "nama_bidang_urusan": "URUSAN PEMERINTAHAN BIDANG KOMUNIKASI DAN INFORMATIKA",
            "id_sub_skpd": 689,
            "kode_sub_skpd": "2.16.2.20.2.21.01.0000",
            "nama_sub_skpd": "Dinas Komunikasi dan Informatika",
            "set_pagu_user": 0,
            "set_pagu_at": null,
            "id_program": 4451,
            "kode_program": "2.16.01",
            "nama_program": "PROGRAM PENUNJANG URUSAN PEMERINTAHAN DAERAH KABUPATEN/KOTA",
            "id_giat": 18376,
            "kode_giat": "2.16.01.2.06",
            "nama_giat": "Administrasi Umum Perangkat Daerah",
            "pagu_giat": 172900000.0,
            "rinci_giat": null,
            "id_sub_giat": 60643,
            "kode_sub_giat": "2.16.01.2.06.0009",
            "nama_sub_giat": "Penyelenggaraan Rapat Koordinasi dan Konsultasi SKPD",
            "pagu": 96000000.0,
            "pagu_indikatif": 96000000.0,
            "rincian": null,
            "kode_bl": "689.689.4451.18376",
            "kode_sbl": "689.689.4451.18376.60643",
            "kunci_bl": 1,
            "kunci_bl_rinci": 1,
            "user_created": "NIRWAN TOMERI, SH",
            "created_date": "23-01-2025",
            "created_time": "11:53",
            "user_updated": "NIRWAN TOMERI, SH",
            "updated_date": "02-07-2025",
            "updated_time": "12:36",
            "is_locked": 0
        },
        {
            "id_sub_bl": 76064,
            "id_daerah": 473,
            "tahun": 2026,
            "id_unit": 689,
            "id_skpd": 689,
            "created_user": 1558,
            "kode_skpd": "2.16.2.20.2.21.01.0000",
            "nama_skpd": "Dinas Komunikasi dan Informatika",
            "id_urusan": 12,
            "kode_urusan": "2",
            "nama_urusan": "URUSAN PEMERINTAHAN WAJIB YANG TIDAK BERKAITAN DENGAN PELAYANAN DASAR",
            "id_bidang_urusan": 216,
            "kode_bidang_urusan": "2.16",
            "nama_bidang_urusan": "URUSAN PEMERINTAHAN BIDANG KOMUNIKASI DAN INFORMATIKA",
            "id_sub_skpd": 689,
            "kode_sub_skpd": "2.16.2.20.2.21.01.0000",
            "nama_sub_skpd": "Dinas Komunikasi dan Informatika",
            "set_pagu_user": 0,
            "set_pagu_at": null,
            "id_program": 4451,
            "kode_program": "2.16.01",
            "nama_program": "PROGRAM PENUNJANG URUSAN PEMERINTAHAN DAERAH KABUPATEN/KOTA",
            "id_giat": 18377,
            "kode_giat": "2.16.01.2.07",
            "nama_giat": "Pengadaan Barang Milik Daerah Penunjang Urusan Pemerintah Daerah",
            "pagu_giat": 238500000.0,
            "rinci_giat": null,
            "id_sub_giat": 60647,
            "kode_sub_giat": "2.16.01.2.07.0002",
            "nama_sub_giat": "Pengadaan Kendaraan Dinas Operasional atau Lapangan",
            "pagu": 50000000.0,
            "pagu_indikatif": 50000000.0,
            "rincian": null,
            "kode_bl": "689.689.4451.18377",
            "kode_sbl": "689.689.4451.18377.60647",
            "kunci_bl": 1,
            "kunci_bl_rinci": 1,
            "user_created": "NIRWAN TOMERI, SH",
            "created_date": "19-06-2025",
            "created_time": "13:02",
            "user_updated": "NIRWAN TOMERI, SH",
            "updated_date": "02-07-2025",
            "updated_time": "12:36",
            "is_locked": 0
        },
        {
            "id_sub_bl": 60113,
            "id_daerah": 473,
            "tahun": 2026,
            "id_unit": 689,
            "id_skpd": 689,
            "created_user": 1558,
            "kode_skpd": "2.16.2.20.2.21.01.0000",
            "nama_skpd": "Dinas Komunikasi dan Informatika",
            "id_urusan": 12,
            "kode_urusan": "2",
            "nama_urusan": "URUSAN PEMERINTAHAN WAJIB YANG TIDAK BERKAITAN DENGAN PELAYANAN DASAR",
            "id_bidang_urusan": 216,
            "kode_bidang_urusan": "2.16",
            "nama_bidang_urusan": "URUSAN PEMERINTAHAN BIDANG KOMUNIKASI DAN INFORMATIKA",
            "id_sub_skpd": 689,
            "kode_sub_skpd": "2.16.2.20.2.21.01.0000",
            "nama_sub_skpd": "Dinas Komunikasi dan Informatika",
            "set_pagu_user": 0,
            "set_pagu_at": null,
            "id_program": 4451,
            "kode_program": "2.16.01",
            "nama_program": "PROGRAM PENUNJANG URUSAN PEMERINTAHAN DAERAH KABUPATEN/KOTA",
            "id_giat": 18377,
            "kode_giat": "2.16.01.2.07",
            "nama_giat": "Pengadaan Barang Milik Daerah Penunjang Urusan Pemerintah Daerah",
            "pagu_giat": 238500000.0,
            "rinci_giat": null,
            "id_sub_giat": 60651,
            "kode_sub_giat": "2.16.01.2.07.0006",
            "nama_sub_giat": "Pengadaan Peralatan dan Mesin Lainnya",
            "pagu": 140500000.0,
            "pagu_indikatif": 140500000.0,
            "rincian": null,
            "kode_bl": "689.689.4451.18377",
            "kode_sbl": "689.689.4451.18377.60651",
            "kunci_bl": 1,
            "kunci_bl_rinci": 1,
            "user_created": "NIRWAN TOMERI, SH",
            "created_date": "23-01-2025",
            "created_time": "11:55",
            "user_updated": "NIRWAN TOMERI, SH",
            "updated_date": "02-07-2025",
            "updated_time": "12:36",
            "is_locked": 0
        },
        {
            "id_sub_bl": 60114,
            "id_daerah": 473,
            "tahun": 2026,
            "id_unit": 689,
            "id_skpd": 689,
            "created_user": 1558,
            "kode_skpd": "2.16.2.20.2.21.01.0000",
            "nama_skpd": "Dinas Komunikasi dan Informatika",
            "id_urusan": 12,
            "kode_urusan": "2",
            "nama_urusan": "URUSAN PEMERINTAHAN WAJIB YANG TIDAK BERKAITAN DENGAN PELAYANAN DASAR",
            "id_bidang_urusan": 216,
            "kode_bidang_urusan": "2.16",
            "nama_bidang_urusan": "URUSAN PEMERINTAHAN BIDANG KOMUNIKASI DAN INFORMATIKA",
            "id_sub_skpd": 689,
            "kode_sub_skpd": "2.16.2.20.2.21.01.0000",
            "nama_sub_skpd": "Dinas Komunikasi dan Informatika",
            "set_pagu_user": 0,
            "set_pagu_at": null,
            "id_program": 4451,
            "kode_program": "2.16.01",
            "nama_program": "PROGRAM PENUNJANG URUSAN PEMERINTAHAN DAERAH KABUPATEN/KOTA",
            "id_giat": 18377,
            "kode_giat": "2.16.01.2.07",
            "nama_giat": "Pengadaan Barang Milik Daerah Penunjang Urusan Pemerintah Daerah",
            "pagu_giat": 238500000.0,
            "rinci_giat": null,
            "id_sub_giat": 60656,
            "kode_sub_giat": "2.16.01.2.07.0011",
            "nama_sub_giat": "Pengadaan Sarana dan Prasarana Pendukung Gedung Kantor atau Bangunan Lainnya",
            "pagu": 48000000.0,
            "pagu_indikatif": 48000000.0,
            "rincian": null,
            "kode_bl": "689.689.4451.18377",
            "kode_sbl": "689.689.4451.18377.60656",
            "kunci_bl": 1,
            "kunci_bl_rinci": 1,
            "user_created": "NIRWAN TOMERI, SH",
            "created_date": "23-01-2025",
            "created_time": "11:56",
            "user_updated": "NIRWAN TOMERI, SH",
            "updated_date": "02-07-2025",
            "updated_time": "12:37",
            "is_locked": 0
        },
        {
            "id_sub_bl": 60116,
            "id_daerah": 473,
            "tahun": 2026,
            "id_unit": 689,
            "id_skpd": 689,
            "created_user": 1558,
            "kode_skpd": "2.16.2.20.2.21.01.0000",
            "nama_skpd": "Dinas Komunikasi dan Informatika",
            "id_urusan": 12,
            "kode_urusan": "2",
            "nama_urusan": "URUSAN PEMERINTAHAN WAJIB YANG TIDAK BERKAITAN DENGAN PELAYANAN DASAR",
            "id_bidang_urusan": 216,
            "kode_bidang_urusan": "2.16",
            "nama_bidang_urusan": "URUSAN PEMERINTAHAN BIDANG KOMUNIKASI DAN INFORMATIKA",
            "id_sub_skpd": 689,
            "kode_sub_skpd": "2.16.2.20.2.21.01.0000",
            "nama_sub_skpd": "Dinas Komunikasi dan Informatika",
            "set_pagu_user": 0,
            "set_pagu_at": null,
            "id_program": 4451,
            "kode_program": "2.16.01",
            "nama_program": "PROGRAM PENUNJANG URUSAN PEMERINTAHAN DAERAH KABUPATEN/KOTA",
            "id_giat": 18378,
            "kode_giat": "2.16.01.2.08",
            "nama_giat": "Penyediaan Jasa Penunjang Urusan Pemerintahan Daerah",
            "pagu_giat": 116919670.0,
            "rinci_giat": null,
            "id_sub_giat": 60658,
            "kode_sub_giat": "2.16.01.2.08.0002",
            "nama_sub_giat": "Penyediaan Jasa Komunikasi, Sumber Daya Air dan Listrik",
            "pagu": 54519670.0,
            "pagu_indikatif": 54519670.0,
            "rincian": null,
            "kode_bl": "689.689.4451.18378",
            "kode_sbl": "689.689.4451.18378.60658",
            "kunci_bl": 1,
            "kunci_bl_rinci": 1,
            "user_created": "NIRWAN TOMERI, SH",
            "created_date": "23-01-2025",
            "created_time": "11:57",
            "user_updated": "NIRWAN TOMERI, SH",
            "updated_date": "02-07-2025",
            "updated_time": "12:37",
            "is_locked": 0
        },
        {
            "id_sub_bl": 60118,
            "id_daerah": 473,
            "tahun": 2026,
            "id_unit": 689,
            "id_skpd": 689,
            "created_user": 1558,
            "kode_skpd": "2.16.2.20.2.21.01.0000",
            "nama_skpd": "Dinas Komunikasi dan Informatika",
            "id_urusan": 12,
            "kode_urusan": "2",
            "nama_urusan": "URUSAN PEMERINTAHAN WAJIB YANG TIDAK BERKAITAN DENGAN PELAYANAN DASAR",
            "id_bidang_urusan": 216,
            "kode_bidang_urusan": "2.16",
            "nama_bidang_urusan": "URUSAN PEMERINTAHAN BIDANG KOMUNIKASI DAN INFORMATIKA",
            "id_sub_skpd": 689,
            "kode_sub_skpd": "2.16.2.20.2.21.01.0000",
            "nama_sub_skpd": "Dinas Komunikasi dan Informatika",
            "set_pagu_user": 0,
            "set_pagu_at": null,
            "id_program": 4451,
            "kode_program": "2.16.01",
            "nama_program": "PROGRAM PENUNJANG URUSAN PEMERINTAHAN DAERAH KABUPATEN/KOTA",
            "id_giat": 18378,
            "kode_giat": "2.16.01.2.08",
            "nama_giat": "Penyediaan Jasa Penunjang Urusan Pemerintahan Daerah",
            "pagu_giat": 116919670.0,
            "rinci_giat": null,
            "id_sub_giat": 60660,
            "kode_sub_giat": "2.16.01.2.08.0004",
            "nama_sub_giat": "Penyediaan Jasa Pelayanan Umum Kantor",
            "pagu": 62400000.0,
            "pagu_indikatif": 62400000.0,
            "rincian": null,
            "kode_bl": "689.689.4451.18378",
            "kode_sbl": "689.689.4451.18378.60660",
            "kunci_bl": 1,
            "kunci_bl_rinci": 1,
            "user_created": "NIRWAN TOMERI, SH",
            "created_date": "23-01-2025",
            "created_time": "11:59",
            "user_updated": "NIRWAN TOMERI, SH",
            "updated_date": "02-07-2025",
            "updated_time": "12:37",
            "is_locked": 0
        },
        {
            "id_sub_bl": 60120,
            "id_daerah": 473,
            "tahun": 2026,
            "id_unit": 689,
            "id_skpd": 689,
            "created_user": 1558,
            "kode_skpd": "2.16.2.20.2.21.01.0000",
            "nama_skpd": "Dinas Komunikasi dan Informatika",
            "id_urusan": 12,
            "kode_urusan": "2",
            "nama_urusan": "URUSAN PEMERINTAHAN WAJIB YANG TIDAK BERKAITAN DENGAN PELAYANAN DASAR",
            "id_bidang_urusan": 216,
            "kode_bidang_urusan": "2.16",
            "nama_bidang_urusan": "URUSAN PEMERINTAHAN BIDANG KOMUNIKASI DAN INFORMATIKA",
            "id_sub_skpd": 689,
            "kode_sub_skpd": "2.16.2.20.2.21.01.0000",
            "nama_sub_skpd": "Dinas Komunikasi dan Informatika",
            "set_pagu_user": 0,
            "set_pagu_at": null,
            "id_program": 4451,
            "kode_program": "2.16.01",
            "nama_program": "PROGRAM PENUNJANG URUSAN PEMERINTAHAN DAERAH KABUPATEN/KOTA",
            "id_giat": 18379,
            "kode_giat": "2.16.01.2.09",
            "nama_giat": "Pemeliharaan Barang Milik Daerah Penunjang Urusan Pemerintahan Daerah",
            "pagu_giat": 104200000.0,
            "rinci_giat": null,
            "id_sub_giat": 60662,
            "kode_sub_giat": "2.16.01.2.09.0002",
            "nama_sub_giat": "Penyediaan Jasa Pemeliharaan, Biaya Pemeliharaan, Pajak dan Perizinan Kendaraan Dinas Operasional atau Lapangan",
            "pagu": 95000000.0,
            "pagu_indikatif": 95000000.0,
            "rincian": null,
            "kode_bl": "689.689.4451.18379",
            "kode_sbl": "689.689.4451.18379.60662",
            "kunci_bl": 1,
            "kunci_bl_rinci": 1,
            "user_created": "NIRWAN TOMERI, SH",
            "created_date": "23-01-2025",
            "created_time": "12:03",
            "user_updated": "NIRWAN TOMERI, SH",
            "updated_date": "02-07-2025",
            "updated_time": "12:38",
            "is_locked": 0
        },
        {
            "id_sub_bl": 60122,
            "id_daerah": 473,
            "tahun": 2026,
            "id_unit": 689,
            "id_skpd": 689,
            "created_user": 1558,
            "kode_skpd": "2.16.2.20.2.21.01.0000",
            "nama_skpd": "Dinas Komunikasi dan Informatika",
            "id_urusan": 12,
            "kode_urusan": "2",
            "nama_urusan": "URUSAN PEMERINTAHAN WAJIB YANG TIDAK BERKAITAN DENGAN PELAYANAN DASAR",
            "id_bidang_urusan": 216,
            "kode_bidang_urusan": "2.16",
            "nama_bidang_urusan": "URUSAN PEMERINTAHAN BIDANG KOMUNIKASI DAN INFORMATIKA",
            "id_sub_skpd": 689,
            "kode_sub_skpd": "2.16.2.20.2.21.01.0000",
            "nama_sub_skpd": "Dinas Komunikasi dan Informatika",
            "set_pagu_user": 0,
            "set_pagu_at": null,
            "id_program": 4451,
            "kode_program": "2.16.01",
            "nama_program": "PROGRAM PENUNJANG URUSAN PEMERINTAHAN DAERAH KABUPATEN/KOTA",
            "id_giat": 18379,
            "kode_giat": "2.16.01.2.09",
            "nama_giat": "Pemeliharaan Barang Milik Daerah Penunjang Urusan Pemerintahan Daerah",
            "pagu_giat": 104200000.0,
            "rinci_giat": null,
            "id_sub_giat": 60666,
            "kode_sub_giat": "2.16.01.2.09.0006",
            "nama_sub_giat": "Pemeliharaan Peralatan dan Mesin Lainnya",
            "pagu": 1200000.0,
            "pagu_indikatif": 1200000.0,
            "rincian": null,
            "kode_bl": "689.689.4451.18379",
            "kode_sbl": "689.689.4451.18379.60666",
            "kunci_bl": 1,
            "kunci_bl_rinci": 1,
            "user_created": "NIRWAN TOMERI, SH",
            "created_date": "23-01-2025",
            "created_time": "12:03",
            "user_updated": "NIRWAN TOMERI, SH",
            "updated_date": "02-07-2025",
            "updated_time": "12:38",
            "is_locked": 0
        },
        {
            "id_sub_bl": 60123,
            "id_daerah": 473,
            "tahun": 2026,
            "id_unit": 689,
            "id_skpd": 689,
            "created_user": 1558,
            "kode_skpd": "2.16.2.20.2.21.01.0000",
            "nama_skpd": "Dinas Komunikasi dan Informatika",
            "id_urusan": 12,
            "kode_urusan": "2",
            "nama_urusan": "URUSAN PEMERINTAHAN WAJIB YANG TIDAK BERKAITAN DENGAN PELAYANAN DASAR",
            "id_bidang_urusan": 216,
            "kode_bidang_urusan": "2.16",
            "nama_bidang_urusan": "URUSAN PEMERINTAHAN BIDANG KOMUNIKASI DAN INFORMATIKA",
            "id_sub_skpd": 689,
            "kode_sub_skpd": "2.16.2.20.2.21.01.0000",
            "nama_sub_skpd": "Dinas Komunikasi dan Informatika",
            "set_pagu_user": 0,
            "set_pagu_at": null,
            "id_program": 4451,
            "kode_program": "2.16.01",
            "nama_program": "PROGRAM PENUNJANG URUSAN PEMERINTAHAN DAERAH KABUPATEN/KOTA",
            "id_giat": 18379,
            "kode_giat": "2.16.01.2.09",
            "nama_giat": "Pemeliharaan Barang Milik Daerah Penunjang Urusan Pemerintahan Daerah",
            "pagu_giat": 104200000.0,
            "rinci_giat": null,
            "id_sub_giat": 60669,
            "kode_sub_giat": "2.16.01.2.09.0009",
            "nama_sub_giat": "Pemeliharaan/Rehabilitasi Gedung Kantor dan Bangunan Lainnya",
            "pagu": 8000000.0,
            "pagu_indikatif": 8000000.0,
            "rincian": null,
            "kode_bl": "689.689.4451.18379",
            "kode_sbl": "689.689.4451.18379.60669",
            "kunci_bl": 1,
            "kunci_bl_rinci": 1,
            "user_created": "NIRWAN TOMERI, SH",
            "created_date": "23-01-2025",
            "created_time": "12:05",
            "user_updated": "NIRWAN TOMERI, SH",
            "updated_date": "02-07-2025",
            "updated_time": "12:38",
            "is_locked": 0
        },
        {
            "id_sub_bl": 76068,
            "id_daerah": 473,
            "tahun": 2026,
            "id_unit": 689,
            "id_skpd": 689,
            "created_user": 1558,
            "kode_skpd": "2.16.2.20.2.21.01.0000",
            "nama_skpd": "Dinas Komunikasi dan Informatika",
            "id_urusan": 12,
            "kode_urusan": "2",
            "nama_urusan": "URUSAN PEMERINTAHAN WAJIB YANG TIDAK BERKAITAN DENGAN PELAYANAN DASAR",
            "id_bidang_urusan": 220,
            "kode_bidang_urusan": "2.20",
            "nama_bidang_urusan": "URUSAN PEMERINTAHAN BIDANG STATISTIK",
            "id_sub_skpd": 689,
            "kode_sub_skpd": "2.16.2.20.2.21.01.0000",
            "nama_sub_skpd": "Dinas Komunikasi dan Informatika",
            "set_pagu_user": 0,
            "set_pagu_at": null,
            "id_program": 4000,
            "kode_program": "2.20.02",
            "nama_program": "PROGRAM PENYELENGGARAAN STATISTIK SEKTORAL",
            "id_giat": 16957,
            "kode_giat": "2.20.02.2.01",
            "nama_giat": "Penyelenggaraan Statistik Sektoral di Lingkup Daerah Kabupaten/Kota",
            "pagu_giat": 105000000.0,
            "rinci_giat": null,
            "id_sub_giat": 55907,
            "kode_sub_giat": "2.20.02.2.01.0017",
            "nama_sub_giat": "Pengelolaan Kegiatan Statistik Sektoral Dalam Sistem Statistik Nasional",
            "pagu": 15000000.0,
            "pagu_indikatif": 15000000.0,
            "rincian": null,
            "kode_bl": "689.689.4000.16957",
            "kode_sbl": "689.689.4000.16957.55907",
            "kunci_bl": 1,
            "kunci_bl_rinci": 1,
            "user_created": "NIRWAN TOMERI, SH",
            "created_date": "19-06-2025",
            "created_time": "14:26",
            "user_updated": "NIRWAN TOMERI, SH",
            "updated_date": "02-07-2025",
            "updated_time": "12:40",
            "is_locked": 0
        },
        {
            "id_sub_bl": 62544,
            "id_daerah": 473,
            "tahun": 2026,
            "id_unit": 689,
            "id_skpd": 689,
            "created_user": 1558,
            "kode_skpd": "2.16.2.20.2.21.01.0000",
            "nama_skpd": "Dinas Komunikasi dan Informatika",
            "id_urusan": 12,
            "kode_urusan": "2",
            "nama_urusan": "URUSAN PEMERINTAHAN WAJIB YANG TIDAK BERKAITAN DENGAN PELAYANAN DASAR",
            "id_bidang_urusan": 220,
            "kode_bidang_urusan": "2.20",
            "nama_bidang_urusan": "URUSAN PEMERINTAHAN BIDANG STATISTIK",
            "id_sub_skpd": 689,
            "kode_sub_skpd": "2.16.2.20.2.21.01.0000",
            "nama_sub_skpd": "Dinas Komunikasi dan Informatika",
            "set_pagu_user": 0,
            "set_pagu_at": null,
            "id_program": 4000,
            "kode_program": "2.20.02",
            "nama_program": "PROGRAM PENYELENGGARAAN STATISTIK SEKTORAL",
            "id_giat": 16957,
            "kode_giat": "2.20.02.2.01",
            "nama_giat": "Penyelenggaraan Statistik Sektoral di Lingkup Daerah Kabupaten/Kota",
            "pagu_giat": 105000000.0,
            "rinci_giat": null,
            "id_sub_giat": 55910,
            "kode_sub_giat": "2.20.02.2.01.0018",
            "nama_sub_giat": "Pemenuhan Prinsip Satu Data Indonesia",
            "pagu": 90000000.0,
            "pagu_indikatif": 90000000.0,
            "rincian": null,
            "kode_bl": "689.689.4000.16957",
            "kode_sbl": "689.689.4000.16957.55910",
            "kunci_bl": 1,
            "kunci_bl_rinci": 1,
            "user_created": "NIRWAN TOMERI, SH",
            "created_date": "31-01-2025",
            "created_time": "15:34",
            "user_updated": "NIRWAN TOMERI, SH",
            "updated_date": "02-07-2025",
            "updated_time": "12:40",
            "is_locked": 0
        },
        {
            "id_sub_bl": 60137,
            "id_daerah": 473,
            "tahun": 2026,
            "id_unit": 689,
            "id_skpd": 689,
            "created_user": 1558,
            "kode_skpd": "2.16.2.20.2.21.01.0000",
            "nama_skpd": "Dinas Komunikasi dan Informatika",
            "id_urusan": 12,
            "kode_urusan": "2",
            "nama_urusan": "URUSAN PEMERINTAHAN WAJIB YANG TIDAK BERKAITAN DENGAN PELAYANAN DASAR",
            "id_bidang_urusan": 221,
            "kode_bidang_urusan": "2.21",
            "nama_bidang_urusan": "URUSAN PEMERINTAHAN BIDANG PERSANDIAN",
            "id_sub_skpd": 689,
            "kode_sub_skpd": "2.16.2.20.2.21.01.0000",
            "nama_sub_skpd": "Dinas Komunikasi dan Informatika",
            "set_pagu_user": 0,
            "set_pagu_at": null,
            "id_program": 4002,
            "kode_program": "2.21.02",
            "nama_program": "PROGRAM PENYELENGGARAAN PERSANDIAN UNTUK PENGAMANAN INFORMASI",
            "id_giat": 16960,
            "kode_giat": "2.21.02.2.01",
            "nama_giat": "Penyelenggaraan Persandian untuk Pengamanan Informasi Pemerintah Daerah Kabupaten/Kota",
            "pagu_giat": 23000000.0,
            "rinci_giat": null,
            "id_sub_giat": 55923,
            "kode_sub_giat": "2.21.02.2.01.0005",
            "nama_sub_giat": "Pelaksanaan Keamanan Informasi Pemerintahan Daerah Berbasis Elektronik dan Non Elektronik",
            "pagu": 10000000.0,
            "pagu_indikatif": 10000000.0,
            "rincian": null,
            "kode_bl": "689.689.4002.16960",
            "kode_sbl": "689.689.4002.16960.55923",
            "kunci_bl": 1,
            "kunci_bl_rinci": 1,
            "user_created": "NIRWAN TOMERI, SH",
            "created_date": "23-01-2025",
            "created_time": "12:22",
            "user_updated": "NIRWAN TOMERI, SH",
            "updated_date": "02-07-2025",
            "updated_time": "12:40",
            "is_locked": 0
        },
        {
            "id_sub_bl": 60139,
            "id_daerah": 473,
            "tahun": 2026,
            "id_unit": 689,
            "id_skpd": 689,
            "created_user": 1558,
            "kode_skpd": "2.16.2.20.2.21.01.0000",
            "nama_skpd": "Dinas Komunikasi dan Informatika",
            "id_urusan": 12,
            "kode_urusan": "2",
            "nama_urusan": "URUSAN PEMERINTAHAN WAJIB YANG TIDAK BERKAITAN DENGAN PELAYANAN DASAR",
            "id_bidang_urusan": 221,
            "kode_bidang_urusan": "2.21",
            "nama_bidang_urusan": "URUSAN PEMERINTAHAN BIDANG PERSANDIAN",
            "id_sub_skpd": 689,
            "kode_sub_skpd": "2.16.2.20.2.21.01.0000",
            "nama_sub_skpd": "Dinas Komunikasi dan Informatika",
            "set_pagu_user": 0,
            "set_pagu_at": null,
            "id_program": 4002,
            "kode_program": "2.21.02",
            "nama_program": "PROGRAM PENYELENGGARAAN PERSANDIAN UNTUK PENGAMANAN INFORMASI",
            "id_giat": 16960,
            "kode_giat": "2.21.02.2.01",
            "nama_giat": "Penyelenggaraan Persandian untuk Pengamanan Informasi Pemerintah Daerah Kabupaten/Kota",
            "pagu_giat": 23000000.0,
            "rinci_giat": null,
            "id_sub_giat": 55925,
            "kode_sub_giat": "2.21.02.2.01.0007",
            "nama_sub_giat": "Penyediaan Layanan Keamanan Informasi dan Persandian Pemerintah Daerah",
            "pagu": 13000000.0,
            "pagu_indikatif": 13000000.0,
            "rincian": null,
            "kode_bl": "689.689.4002.16960",
            "kode_sbl": "689.689.4002.16960.55925",
            "kunci_bl": 1,
            "kunci_bl_rinci": 1,
            "user_created": "NIRWAN TOMERI, SH",
            "created_date": "23-01-2025",
            "created_time": "12:25",
            "user_updated": "NIRWAN TOMERI, SH",
            "updated_date": "02-07-2025",
            "updated_time": "12:41",
            "is_locked": 0
        },
        {
            "id_sub_bl": 60145,
            "id_daerah": 473,
            "tahun": 2026,
            "id_unit": 689,
            "id_skpd": 689,
            "created_user": 1558,
            "kode_skpd": "2.16.2.20.2.21.01.0000",
            "nama_skpd": "Dinas Komunikasi dan Informatika",
            "id_urusan": 12,
            "kode_urusan": "2",
            "nama_urusan": "URUSAN PEMERINTAHAN WAJIB YANG TIDAK BERKAITAN DENGAN PELAYANAN DASAR",
            "id_bidang_urusan": 221,
            "kode_bidang_urusan": "2.21",
            "nama_bidang_urusan": "URUSAN PEMERINTAHAN BIDANG PERSANDIAN",
            "id_sub_skpd": 689,
            "kode_sub_skpd": "2.16.2.20.2.21.01.0000",
            "nama_sub_skpd": "Dinas Komunikasi dan Informatika",
            "set_pagu_user": 0,
            "set_pagu_at": null,
            "id_program": 4002,
            "kode_program": "2.21.02",
            "nama_program": "PROGRAM PENYELENGGARAAN PERSANDIAN UNTUK PENGAMANAN INFORMASI",
            "id_giat": 16961,
            "kode_giat": "2.21.02.2.02",
            "nama_giat": "Penetapan Pola Hubungan Komunikasi Sandi Antar Perangkat Daerah Kabupaten/Kota",
            "pagu_giat": 70000000.0,
            "rinci_giat": null,
            "id_sub_giat": 55927,
            "kode_sub_giat": "2.21.02.2.02.0002",
            "nama_sub_giat": "Operasionalisasi Layanan Keamanan Informasi dan Persandian Pemerintah Daerah",
            "pagu": 35000000.0,
            "pagu_indikatif": 35000000.0,
            "rincian": null,
            "kode_bl": "689.689.4002.16961",
            "kode_sbl": "689.689.4002.16961.55927",
            "kunci_bl": 1,
            "kunci_bl_rinci": 1,
            "user_created": "NIRWAN TOMERI, SH",
            "created_date": "23-01-2025",
            "created_time": "12:38",
            "user_updated": "NIRWAN TOMERI, SH",
            "updated_date": "02-07-2025",
            "updated_time": "12:41",
            "is_locked": 0
        }
    ]