[
        {
            "id_sub_bl": 63592,
            "id_daerah": 473,
            "tahun": 2026,
            "id_unit": 644,
            "id_skpd": 644,
            "created_user": 23547,
            "kode_skpd": "2.19.0.00.0.00.01.0000",
            "nama_skpd": "Dinas Kepemudaan dan Olahraga",
            "id_urusan": 12,
            "kode_urusan": "2",
            "nama_urusan": "URUSAN PEMERINTAHAN WAJIB YANG TIDAK BERKAITAN DENGAN PELAYANAN DASAR",
            "id_bidang_urusan": 219,
            "kode_bidang_urusan": "2.19",
            "nama_bidang_urusan": "URUSAN PEMERINTAHAN BIDANG KEPEMUDAAN DAN OLAHRAGA",
            "id_sub_skpd": 644,
            "kode_sub_skpd": "2.19.0.00.0.00.01.0000",
            "nama_sub_skpd": "Dinas Kepemudaan dan Olahraga",
            "set_pagu_user": 0,
            "set_pagu_at": null,
            "id_program": 3982,
            "kode_program": "2.19.02",
            "nama_program": "PROGRAM PENGEMBANGAN KAPASITAS DAYA SAING KEPEMUDAAN",
            "id_giat": 16931,
            "kode_giat": "2.19.02.2.01",
            "nama_giat": "Penyadaran, Pemberdayaan, dan Pengembangan Pemuda dan Kepemudaan Terhadap Pemuda Pelopor Kabupaten/Kota, Wirausaha Muda Pemula, dan Pemuda Kader Kabupaten/Kota",
            "pagu_giat": 380000000.0,
            "rinci_giat": null,
            "id_sub_giat": 55829,
            "kode_sub_giat": "2.19.02.2.01.0011",
            "nama_sub_giat": "Koordinasi, Sinkronisasi, dan Penyelenggaraan Pengembangan Kewirausahaan Pemuda Bagi Wirausaha pemula Tingkat Kabupaten/kota",
            "pagu": 166500000.0,
            "pagu_indikatif": 166500000.0,
            "rincian": null,
            "kode_bl": "644.644.3982.16931",
            "kode_sbl": "644.644.3982.16931.55829",
            "kunci_bl": 1,
            "kunci_bl_rinci": 1,
            "user_created": "Drs. BAMBANG PRAMANA BUDI, M.Pd",
            "created_date": "03-02-2025",
            "created_time": "10:22",
            "user_updated": "Drs. BAMBANG PRAMANA BUDI, M.Pd",
            "updated_date": "03-07-2025",
            "updated_time": "09:51",
            "is_locked": 0
        },
        {
            "id_sub_bl": 73196,
            "id_daerah": 473,
            "tahun": 2026,
            "id_unit": 644,
            "id_skpd": 644,
            "created_user": 23547,
            "kode_skpd": "2.19.0.00.0.00.01.0000",
            "nama_skpd": "Dinas Kepemudaan dan Olahraga",
            "id_urusan": 12,
            "kode_urusan": "2",
            "nama_urusan": "URUSAN PEMERINTAHAN WAJIB YANG TIDAK BERKAITAN DENGAN PELAYANAN DASAR",
            "id_bidang_urusan": 219,
            "kode_bidang_urusan": "2.19",
            "nama_bidang_urusan": "URUSAN PEMERINTAHAN BIDANG KEPEMUDAAN DAN OLAHRAGA",
            "id_sub_skpd": 644,
            "kode_sub_skpd": "2.19.0.00.0.00.01.0000",
            "nama_sub_skpd": "Dinas Kepemudaan dan Olahraga",
            "set_pagu_user": 0,
            "set_pagu_at": null,
            "id_program": 3982,
            "kode_program": "2.19.02",
            "nama_program": "PROGRAM PENGEMBANGAN KAPASITAS DAYA SAING KEPEMUDAAN",
            "id_giat": 16931,
            "kode_giat": "2.19.02.2.01",
            "nama_giat": "Penyadaran, Pemberdayaan, dan Pengembangan Pemuda dan Kepemudaan Terhadap Pemuda Pelopor Kabupaten/Kota, Wirausaha Muda Pemula, dan Pemuda Kader Kabupaten/Kota",
            "pagu_giat": 380000000.0,
            "rinci_giat": null,
            "id_sub_giat": 55830,
            "kode_sub_giat": "2.19.02.2.01.0012",
            "nama_sub_giat": "Pemberian Penghargaan Kepemudaan bagi yang berprestasi dan/atau berjasa dalam memajukan potensi pemuda",
            "pagu": 10000000.0,
            "pagu_indikatif": 10000000.0,
            "rincian": null,
            "kode_bl": "644.644.3982.16931",
            "kode_sbl": "644.644.3982.16931.55830",
            "kunci_bl": 1,
            "kunci_bl_rinci": 1,
            "user_created": "Drs. BAMBANG PRAMANA BUDI, M.Pd",
            "created_date": "24-03-2025",
            "created_time": "12:05",
            "user_updated": "Drs. BAMBANG PRAMANA BUDI, M.Pd",
            "updated_date": "03-07-2025",
            "updated_time": "09:51",
            "is_locked": 0
        },
        {
            "id_sub_bl": 63593,
            "id_daerah": 473,
            "tahun": 2026,
            "id_unit": 644,
            "id_skpd": 644,
            "created_user": 23547,
            "kode_skpd": "2.19.0.00.0.00.01.0000",
            "nama_skpd": "Dinas Kepemudaan dan Olahraga",
            "id_urusan": 12,
            "kode_urusan": "2",
            "nama_urusan": "URUSAN PEMERINTAHAN WAJIB YANG TIDAK BERKAITAN DENGAN PELAYANAN DASAR",
            "id_bidang_urusan": 219,
            "kode_bidang_urusan": "2.19",
            "nama_bidang_urusan": "URUSAN PEMERINTAHAN BIDANG KEPEMUDAAN DAN OLAHRAGA",
            "id_sub_skpd": 644,
            "kode_sub_skpd": "2.19.0.00.0.00.01.0000",
            "nama_sub_skpd": "Dinas Kepemudaan dan Olahraga",
            "set_pagu_user": 0,
            "set_pagu_at": null,
            "id_program": 3982,
            "kode_program": "2.19.02",
            "nama_program": "PROGRAM PENGEMBANGAN KAPASITAS DAYA SAING KEPEMUDAAN",
            "id_giat": 16931,
            "kode_giat": "2.19.02.2.01",
            "nama_giat": "Penyadaran, Pemberdayaan, dan Pengembangan Pemuda dan Kepemudaan Terhadap Pemuda Pelopor Kabupaten/Kota, Wirausaha Muda Pemula, dan Pemuda Kader Kabupaten/Kota",
            "pagu_giat": 380000000.0,
            "rinci_giat": null,
            "id_sub_giat": 55831,
            "kode_sub_giat": "2.19.02.2.01.0013",
            "nama_sub_giat": "Koordinasi, Sinkronisasi dan Penyelenggaraan Pengembangan kepemimpinan pemuda tingkat kabupaten/kota",
            "pagu": 203500000.0,
            "pagu_indikatif": 203500000.0,
            "rincian": null,
            "kode_bl": "644.644.3982.16931",
            "kode_sbl": "644.644.3982.16931.55831",
            "kunci_bl": 1,
            "kunci_bl_rinci": 1,
            "user_created": "Drs. BAMBANG PRAMANA BUDI, M.Pd",
            "created_date": "03-02-2025",
            "created_time": "10:23",
            "user_updated": "Drs. BAMBANG PRAMANA BUDI, M.Pd",
            "updated_date": "03-07-2025",
            "updated_time": "09:52",
            "is_locked": 0
        },
        {
            "id_sub_bl": 63598,
            "id_daerah": 473,
            "tahun": 2026,
            "id_unit": 644,
            "id_skpd": 644,
            "created_user": 23547,
            "kode_skpd": "2.19.0.00.0.00.01.0000",
            "nama_skpd": "Dinas Kepemudaan dan Olahraga",
            "id_urusan": 12,
            "kode_urusan": "2",
            "nama_urusan": "URUSAN PEMERINTAHAN WAJIB YANG TIDAK BERKAITAN DENGAN PELAYANAN DASAR",
            "id_bidang_urusan": 219,
            "kode_bidang_urusan": "2.19",
            "nama_bidang_urusan": "URUSAN PEMERINTAHAN BIDANG KEPEMUDAAN DAN OLAHRAGA",
            "id_sub_skpd": 644,
            "kode_sub_skpd": "2.19.0.00.0.00.01.0000",
            "nama_sub_skpd": "Dinas Kepemudaan dan Olahraga",
            "set_pagu_user": 0,
            "set_pagu_at": null,
            "id_program": 3984,
            "kode_program": "2.19.03",
            "nama_program": "PROGRAM PENGEMBANGAN KAPASITAS DAYA SAING KEOLAHRAGAAN",
            "id_giat": 16937,
            "kode_giat": "2.19.03.2.01",
            "nama_giat": "Pembinaan dan Pengembangan Olahraga Pendidikan pada Jenjang Pendidikan yang Menjadi Kewenangan Daerah Kabupaten/Kota",
            "pagu_giat": 1312791400.0,
            "rinci_giat": null,
            "id_sub_giat": 55851,
            "kode_sub_giat": "2.19.03.2.01.0005",
            "nama_sub_giat": "Koordinasi dan sinkronisasi penyediaan prasarana olahraga melalui perencanaan, pengadaan, pemanfaatan, pemeliharaan, dan pengawasan Prasarana Olahraga di tingkat kabupaten/kota",
            "pagu": 1312791400.0,
            "pagu_indikatif": 1312791400.0,
            "rincian": null,
            "kode_bl": "644.644.3984.16937",
            "kode_sbl": "644.644.3984.16937.55851",
            "kunci_bl": 1,
            "kunci_bl_rinci": 1,
            "user_created": "Drs. BAMBANG PRAMANA BUDI, M.Pd",
            "created_date": "03-02-2025",
            "created_time": "10:26",
            "user_updated": "Drs. BAMBANG PRAMANA BUDI, M.Pd",
            "updated_date": "03-07-2025",
            "updated_time": "10:30",
            "is_locked": 0
        },
        {
            "id_sub_bl": 63602,
            "id_daerah": 473,
            "tahun": 2026,
            "id_unit": 644,
            "id_skpd": 644,
            "created_user": 23547,
            "kode_skpd": "2.19.0.00.0.00.01.0000",
            "nama_skpd": "Dinas Kepemudaan dan Olahraga",
            "id_urusan": 12,
            "kode_urusan": "2",
            "nama_urusan": "URUSAN PEMERINTAHAN WAJIB YANG TIDAK BERKAITAN DENGAN PELAYANAN DASAR",
            "id_bidang_urusan": 219,
            "kode_bidang_urusan": "2.19",
            "nama_bidang_urusan": "URUSAN PEMERINTAHAN BIDANG KEPEMUDAAN DAN OLAHRAGA",
            "id_sub_skpd": 644,
            "kode_sub_skpd": "2.19.0.00.0.00.01.0000",
            "nama_sub_skpd": "Dinas Kepemudaan dan Olahraga",
            "set_pagu_user": 0,
            "set_pagu_at": null,
            "id_program": 3984,
            "kode_program": "2.19.03",
            "nama_program": "PROGRAM PENGEMBANGAN KAPASITAS DAYA SAING KEOLAHRAGAAN",
            "id_giat": 16938,
            "kode_giat": "2.19.03.2.02",
            "nama_giat": "Penyelenggaraan Kejuaraan Olahraga Tingkat Daerah Kabupaten/Kota",
            "pagu_giat": 580000000.0,
            "rinci_giat": null,
            "id_sub_giat": 55853,
            "kode_sub_giat": "2.19.03.2.02.0004",
            "nama_sub_giat": "Penyelenggaraan Kejuaraan Olahraga Multi Event dan Single Event  Tingkat Kabupaten/Kota",
            "pagu": 270000000.0,
            "pagu_indikatif": 270000000.0,
            "rincian": null,
            "kode_bl": "644.644.3984.16938",
            "kode_sbl": "644.644.3984.16938.55853",
            "kunci_bl": 1,
            "kunci_bl_rinci": 1,
            "user_created": "Drs. BAMBANG PRAMANA BUDI, M.Pd",
            "created_date": "03-02-2025",
            "created_time": "10:27",
            "user_updated": "Drs. BAMBANG PRAMANA BUDI, M.Pd",
            "updated_date": "03-07-2025",
            "updated_time": "10:32",
            "is_locked": 0
        },
        {
            "id_sub_bl": 63604,
            "id_daerah": 473,
            "tahun": 2026,
            "id_unit": 644,
            "id_skpd": 644,
            "created_user": 23547,
            "kode_skpd": "2.19.0.00.0.00.01.0000",
            "nama_skpd": "Dinas Kepemudaan dan Olahraga",
            "id_urusan": 12,
            "kode_urusan": "2",
            "nama_urusan": "URUSAN PEMERINTAHAN WAJIB YANG TIDAK BERKAITAN DENGAN PELAYANAN DASAR",
            "id_bidang_urusan": 219,
            "kode_bidang_urusan": "2.19",
            "nama_bidang_urusan": "URUSAN PEMERINTAHAN BIDANG KEPEMUDAAN DAN OLAHRAGA",
            "id_sub_skpd": 644,
            "kode_sub_skpd": "2.19.0.00.0.00.01.0000",
            "nama_sub_skpd": "Dinas Kepemudaan dan Olahraga",
            "set_pagu_user": 0,
            "set_pagu_at": null,
            "id_program": 3984,
            "kode_program": "2.19.03",
            "nama_program": "PROGRAM PENGEMBANGAN KAPASITAS DAYA SAING KEOLAHRAGAAN",
            "id_giat": 16938,
            "kode_giat": "2.19.03.2.02",
            "nama_giat": "Penyelenggaraan Kejuaraan Olahraga Tingkat Daerah Kabupaten/Kota",
            "pagu_giat": 580000000.0,
            "rinci_giat": null,
            "id_sub_giat": 55855,
            "kode_sub_giat": "2.19.03.2.02.0006",
            "nama_sub_giat": "Keikutsertaan anggota kontingen kabupaten/kota dalam Penyelenggaraan pekan dan kejuaraan olahraga",
            "pagu": 310000000.0,
            "pagu_indikatif": 310000000.0,
            "rincian": null,
            "kode_bl": "644.644.3984.16938",
            "kode_sbl": "644.644.3984.16938.55855",
            "kunci_bl": 1,
            "kunci_bl_rinci": 1,
            "user_created": "Drs. BAMBANG PRAMANA BUDI, M.Pd",
            "created_date": "03-02-2025",
            "created_time": "10:28",
            "user_updated": "Drs. BAMBANG PRAMANA BUDI, M.Pd",
            "updated_date": "03-07-2025",
            "updated_time": "10:35",
            "is_locked": 0
        },
        {
            "id_sub_bl": 63621,
            "id_daerah": 473,
            "tahun": 2026,
            "id_unit": 644,
            "id_skpd": 644,
            "created_user": 23547,
            "kode_skpd": "2.19.0.00.0.00.01.0000",
            "nama_skpd": "Dinas Kepemudaan dan Olahraga",
            "id_urusan": 12,
            "kode_urusan": "2",
            "nama_urusan": "URUSAN PEMERINTAHAN WAJIB YANG TIDAK BERKAITAN DENGAN PELAYANAN DASAR",
            "id_bidang_urusan": 219,
            "kode_bidang_urusan": "2.19",
            "nama_bidang_urusan": "URUSAN PEMERINTAHAN BIDANG KEPEMUDAAN DAN OLAHRAGA",
            "id_sub_skpd": 644,
            "kode_sub_skpd": "2.19.0.00.0.00.01.0000",
            "nama_sub_skpd": "Dinas Kepemudaan dan Olahraga",
            "set_pagu_user": 0,
            "set_pagu_at": null,
            "id_program": 3984,
            "kode_program": "2.19.03",
            "nama_program": "PROGRAM PENGEMBANGAN KAPASITAS DAYA SAING KEOLAHRAGAAN",
            "id_giat": 16939,
            "kode_giat": "2.19.03.2.03",
            "nama_giat": "Pembinaan dan Pengembangan Olahraga Prestasi Tingkat Daerah Provinsi",
            "pagu_giat": 609999800.0,
            "rinci_giat": null,
            "id_sub_giat": 55856,
            "kode_sub_giat": "2.19.03.2.03.0006",
            "nama_sub_giat": "Seleksi Atlet Daerah",
            "pagu": 50000000.0,
            "pagu_indikatif": 50000000.0,
            "rincian": null,
            "kode_bl": "644.644.3984.16939",
            "kode_sbl": "644.644.3984.16939.55856",
            "kunci_bl": 1,
            "kunci_bl_rinci": 1,
            "user_created": "Drs. BAMBANG PRAMANA BUDI, M.Pd",
            "created_date": "03-02-2025",
            "created_time": "10:40",
            "user_updated": "Drs. BAMBANG PRAMANA BUDI, M.Pd",
            "updated_date": "03-07-2025",
            "updated_time": "10:36",
            "is_locked": 0
        },
        {
            "id_sub_bl": 63624,
            "id_daerah": 473,
            "tahun": 2026,
            "id_unit": 644,
            "id_skpd": 644,
            "created_user": 23547,
            "kode_skpd": "2.19.0.00.0.00.01.0000",
            "nama_skpd": "Dinas Kepemudaan dan Olahraga",
            "id_urusan": 12,
            "kode_urusan": "2",
            "nama_urusan": "URUSAN PEMERINTAHAN WAJIB YANG TIDAK BERKAITAN DENGAN PELAYANAN DASAR",
            "id_bidang_urusan": 219,
            "kode_bidang_urusan": "2.19",
            "nama_bidang_urusan": "URUSAN PEMERINTAHAN BIDANG KEPEMUDAAN DAN OLAHRAGA",
            "id_sub_skpd": 644,
            "kode_sub_skpd": "2.19.0.00.0.00.01.0000",
            "nama_sub_skpd": "Dinas Kepemudaan dan Olahraga",
            "set_pagu_user": 0,
            "set_pagu_at": null,
            "id_program": 3984,
            "kode_program": "2.19.03",
            "nama_program": "PROGRAM PENGEMBANGAN KAPASITAS DAYA SAING KEOLAHRAGAAN",
            "id_giat": 16939,
            "kode_giat": "2.19.03.2.03",
            "nama_giat": "Pembinaan dan Pengembangan Olahraga Prestasi Tingkat Daerah Provinsi",
            "pagu_giat": 609999800.0,
            "rinci_giat": null,
            "id_sub_giat": 55857,
            "kode_sub_giat": "2.19.03.2.03.0007",
            "nama_sub_giat": "Pemberian Penghargaan olahraga bagi yang berprestasi dan/atau berjasa dalam memajukan Olahraga",
            "pagu": 130000000.0,
            "pagu_indikatif": 130000000.0,
            "rincian": null,
            "kode_bl": "644.644.3984.16939",
            "kode_sbl": "644.644.3984.16939.55857",
            "kunci_bl": 1,
            "kunci_bl_rinci": 1,
            "user_created": "Drs. BAMBANG PRAMANA BUDI, M.Pd",
            "created_date": "03-02-2025",
            "created_time": "10:41",
            "user_updated": "Drs. BAMBANG PRAMANA BUDI, M.Pd",
            "updated_date": "03-07-2025",
            "updated_time": "11:23",
            "is_locked": 0
        },
        {
            "id_sub_bl": 63625,
            "id_daerah": 473,
            "tahun": 2026,
            "id_unit": 644,
            "id_skpd": 644,
            "created_user": 23547,
            "kode_skpd": "2.19.0.00.0.00.01.0000",
            "nama_skpd": "Dinas Kepemudaan dan Olahraga",
            "id_urusan": 12,
            "kode_urusan": "2",
            "nama_urusan": "URUSAN PEMERINTAHAN WAJIB YANG TIDAK BERKAITAN DENGAN PELAYANAN DASAR",
            "id_bidang_urusan": 219,
            "kode_bidang_urusan": "2.19",
            "nama_bidang_urusan": "URUSAN PEMERINTAHAN BIDANG KEPEMUDAAN DAN OLAHRAGA",
            "id_sub_skpd": 644,
            "kode_sub_skpd": "2.19.0.00.0.00.01.0000",
            "nama_sub_skpd": "Dinas Kepemudaan dan Olahraga",
            "set_pagu_user": 0,
            "set_pagu_at": null,
            "id_program": 3984,
            "kode_program": "2.19.03",
            "nama_program": "PROGRAM PENGEMBANGAN KAPASITAS DAYA SAING KEOLAHRAGAAN",
            "id_giat": 16939,
            "kode_giat": "2.19.03.2.03",
            "nama_giat": "Pembinaan dan Pengembangan Olahraga Prestasi Tingkat Daerah Provinsi",
            "pagu_giat": 609999800.0,
            "rinci_giat": null,
            "id_sub_giat": 55858,
            "kode_sub_giat": "2.19.03.2.03.0008",
            "nama_sub_giat": "Pemusatan Latihan Daerah yang terintegrasi dengan pengembangan Ilmu Pengetahuan dan Teknologi Keolahragaan (Sport Science )",
            "pagu": 79999800.0,
            "pagu_indikatif": 79999800.0,
            "rincian": null,
            "kode_bl": "644.644.3984.16939",
            "kode_sbl": "644.644.3984.16939.55858",
            "kunci_bl": 1,
            "kunci_bl_rinci": 1,
            "user_created": "Drs. BAMBANG PRAMANA BUDI, M.Pd",
            "created_date": "03-02-2025",
            "created_time": "10:43",
            "user_updated": "Drs. BAMBANG PRAMANA BUDI, M.Pd",
            "updated_date": "03-07-2025",
            "updated_time": "10:41",
            "is_locked": 0
        },
        {
            "id_sub_bl": 63628,
            "id_daerah": 473,
            "tahun": 2026,
            "id_unit": 644,
            "id_skpd": 644,
            "created_user": 23547,
            "kode_skpd": "2.19.0.00.0.00.01.0000",
            "nama_skpd": "Dinas Kepemudaan dan Olahraga",
            "id_urusan": 12,
            "kode_urusan": "2",
            "nama_urusan": "URUSAN PEMERINTAHAN WAJIB YANG TIDAK BERKAITAN DENGAN PELAYANAN DASAR",
            "id_bidang_urusan": 219,
            "kode_bidang_urusan": "2.19",
            "nama_bidang_urusan": "URUSAN PEMERINTAHAN BIDANG KEPEMUDAAN DAN OLAHRAGA",
            "id_sub_skpd": 644,
            "kode_sub_skpd": "2.19.0.00.0.00.01.0000",
            "nama_sub_skpd": "Dinas Kepemudaan dan Olahraga",
            "set_pagu_user": 0,
            "set_pagu_at": null,
            "id_program": 3984,
            "kode_program": "2.19.03",
            "nama_program": "PROGRAM PENGEMBANGAN KAPASITAS DAYA SAING KEOLAHRAGAAN",
            "id_giat": 16939,
            "kode_giat": "2.19.03.2.03",
            "nama_giat": "Pembinaan dan Pengembangan Olahraga Prestasi Tingkat Daerah Provinsi",
            "pagu_giat": 609999800.0,
            "rinci_giat": null,
            "id_sub_giat": 55859,
            "kode_sub_giat": "2.19.03.2.03.0009",
            "nama_sub_giat": "Pembinaan dan Pengembangan Olahragawan Berprestasi kabupaten/kota",
            "pagu": 350000000.0,
            "pagu_indikatif": 350000000.0,
            "rincian": null,
            "kode_bl": "644.644.3984.16939",
            "kode_sbl": "644.644.3984.16939.55859",
            "kunci_bl": 1,
            "kunci_bl_rinci": 1,
            "user_created": "Drs. BAMBANG PRAMANA BUDI, M.Pd",
            "created_date": "03-02-2025",
            "created_time": "10:43",
            "user_updated": "Drs. BAMBANG PRAMANA BUDI, M.Pd",
            "updated_date": "03-07-2025",
            "updated_time": "11:26",
            "is_locked": 0
        },
        {
            "id_sub_bl": 63632,
            "id_daerah": 473,
            "tahun": 2026,
            "id_unit": 644,
            "id_skpd": 644,
            "created_user": 23547,
            "kode_skpd": "2.19.0.00.0.00.01.0000",
            "nama_skpd": "Dinas Kepemudaan dan Olahraga",
            "id_urusan": 12,
            "kode_urusan": "2",
            "nama_urusan": "URUSAN PEMERINTAHAN WAJIB YANG TIDAK BERKAITAN DENGAN PELAYANAN DASAR",
            "id_bidang_urusan": 219,
            "kode_bidang_urusan": "2.19",
            "nama_bidang_urusan": "URUSAN PEMERINTAHAN BIDANG KEPEMUDAAN DAN OLAHRAGA",
            "id_sub_skpd": 644,
            "kode_sub_skpd": "2.19.0.00.0.00.01.0000",
            "nama_sub_skpd": "Dinas Kepemudaan dan Olahraga",
            "set_pagu_user": 0,
            "set_pagu_at": null,
            "id_program": 3984,
            "kode_program": "2.19.03",
            "nama_program": "PROGRAM PENGEMBANGAN KAPASITAS DAYA SAING KEOLAHRAGAAN",
            "id_giat": 16941,
            "kode_giat": "2.19.03.2.05",
            "nama_giat": "Pembinaan dan Pengembangan Olahraga Rekreasi",
            "pagu_giat": 650000000.0,
            "rinci_giat": null,
            "id_sub_giat": 55864,
            "kode_sub_giat": "2.19.03.2.05.0007",
            "nama_sub_giat": "Pengembangan Olahraga Wisata, Tantangan dan Petualangan",
            "pagu": 300000000.0,
            "pagu_indikatif": 300000000.0,
            "rincian": null,
            "kode_bl": "644.644.3984.16941",
            "kode_sbl": "644.644.3984.16941.55864",
            "kunci_bl": 1,
            "kunci_bl_rinci": 1,
            "user_created": "Drs. BAMBANG PRAMANA BUDI, M.Pd",
            "created_date": "03-02-2025",
            "created_time": "10:45",
            "user_updated": "Drs. BAMBANG PRAMANA BUDI, M.Pd",
            "updated_date": "03-07-2025",
            "updated_time": "11:31",
            "is_locked": 0
        },
        {
            "id_sub_bl": 63635,
            "id_daerah": 473,
            "tahun": 2026,
            "id_unit": 644,
            "id_skpd": 644,
            "created_user": 23547,
            "kode_skpd": "2.19.0.00.0.00.01.0000",
            "nama_skpd": "Dinas Kepemudaan dan Olahraga",
            "id_urusan": 12,
            "kode_urusan": "2",
            "nama_urusan": "URUSAN PEMERINTAHAN WAJIB YANG TIDAK BERKAITAN DENGAN PELAYANAN DASAR",
            "id_bidang_urusan": 219,
            "kode_bidang_urusan": "2.19",
            "nama_bidang_urusan": "URUSAN PEMERINTAHAN BIDANG KEPEMUDAAN DAN OLAHRAGA",
            "id_sub_skpd": 644,
            "kode_sub_skpd": "2.19.0.00.0.00.01.0000",
            "nama_sub_skpd": "Dinas Kepemudaan dan Olahraga",
            "set_pagu_user": 0,
            "set_pagu_at": null,
            "id_program": 3984,
            "kode_program": "2.19.03",
            "nama_program": "PROGRAM PENGEMBANGAN KAPASITAS DAYA SAING KEOLAHRAGAAN",
            "id_giat": 16941,
            "kode_giat": "2.19.03.2.05",
            "nama_giat": "Pembinaan dan Pengembangan Olahraga Rekreasi",
            "pagu_giat": 650000000.0,
            "rinci_giat": null,
            "id_sub_giat": 55867,
            "kode_sub_giat": "2.19.03.2.05.0010",
            "nama_sub_giat": "Pemassalan olahraga dan penyelenggaraan festival Olahraga Rekreasi  yang berjenjang dan berkelanjutan pada tingkat daerah, nasional, dan internasional",
            "pagu": 350000000.0,
            "pagu_indikatif": 350000000.0,
            "rincian": null,
            "kode_bl": "644.644.3984.16941",
            "kode_sbl": "644.644.3984.16941.55867",
            "kunci_bl": 1,
            "kunci_bl_rinci": 1,
            "user_created": "Drs. BAMBANG PRAMANA BUDI, M.Pd",
            "created_date": "03-02-2025",
            "created_time": "10:46",
            "user_updated": "Drs. BAMBANG PRAMANA BUDI, M.Pd",
            "updated_date": "03-07-2025",
            "updated_time": "11:35",
            "is_locked": 0
        },
        {
            "id_sub_bl": 63638,
            "id_daerah": 473,
            "tahun": 2026,
            "id_unit": 644,
            "id_skpd": 644,
            "created_user": 23547,
            "kode_skpd": "2.19.0.00.0.00.01.0000",
            "nama_skpd": "Dinas Kepemudaan dan Olahraga",
            "id_urusan": 12,
            "kode_urusan": "2",
            "nama_urusan": "URUSAN PEMERINTAHAN WAJIB YANG TIDAK BERKAITAN DENGAN PELAYANAN DASAR",
            "id_bidang_urusan": 219,
            "kode_bidang_urusan": "2.19",
            "nama_bidang_urusan": "URUSAN PEMERINTAHAN BIDANG KEPEMUDAAN DAN OLAHRAGA",
            "id_sub_skpd": 644,
            "kode_sub_skpd": "2.19.0.00.0.00.01.0000",
            "nama_sub_skpd": "Dinas Kepemudaan dan Olahraga",
            "set_pagu_user": 0,
            "set_pagu_at": null,
            "id_program": 3998,
            "kode_program": "2.19.04",
            "nama_program": "PROGRAM PENGEMBANGAN KAPASITAS KEPRAMUKAAN",
            "id_giat": 16955,
            "kode_giat": "2.19.04.2.01",
            "nama_giat": "Pembinaan dan Pengembangan Organisasi Kepramukaan",
            "pagu_giat": 200000000.0,
            "rinci_giat": null,
            "id_sub_giat": 55890,
            "kode_sub_giat": "2.19.04.2.01.0003",
            "nama_sub_giat": "Pengembangan Kapasitas SDM Kepramukaan Tingkat Daerah",
            "pagu": 200000000.0,
            "pagu_indikatif": 200000000.0,
            "rincian": null,
            "kode_bl": "644.644.3998.16955",
            "kode_sbl": "644.644.3998.16955.55890",
            "kunci_bl": 1,
            "kunci_bl_rinci": 1,
            "user_created": "Drs. BAMBANG PRAMANA BUDI, M.Pd",
            "created_date": "03-02-2025",
            "created_time": "10:47",
            "user_updated": "Drs. BAMBANG PRAMANA BUDI, M.Pd",
            "updated_date": "03-07-2025",
            "updated_time": "11:07",
            "is_locked": 0
        },
        {
            "id_sub_bl": 63539,
            "id_daerah": 473,
            "tahun": 2026,
            "id_unit": 644,
            "id_skpd": 644,
            "created_user": 23547,
            "kode_skpd": "2.19.0.00.0.00.01.0000",
            "nama_skpd": "Dinas Kepemudaan dan Olahraga",
            "id_urusan": 12,
            "kode_urusan": "2",
            "nama_urusan": "URUSAN PEMERINTAHAN WAJIB YANG TIDAK BERKAITAN DENGAN PELAYANAN DASAR",
            "id_bidang_urusan": 219,
            "kode_bidang_urusan": "2.19",
            "nama_bidang_urusan": "URUSAN PEMERINTAHAN BIDANG KEPEMUDAAN DAN OLAHRAGA",
            "id_sub_skpd": 644,
            "kode_sub_skpd": "2.19.0.00.0.00.01.0000",
            "nama_sub_skpd": "Dinas Kepemudaan dan Olahraga",
            "set_pagu_user": 0,
            "set_pagu_at": null,
            "id_program": 4451,
            "kode_program": "2.19.01",
            "nama_program": "PROGRAM PENUNJANG URUSAN PEMERINTAHAN DAERAH KABUPATEN/KOTA",
            "id_giat": 18371,
            "kode_giat": "2.19.01.2.01",
            "nama_giat": "Perencanaan, Penganggaran, dan Evaluasi Kinerja Perangkat Daerah",
            "pagu_giat": 75000000.0,
            "rinci_giat": null,
            "id_sub_giat": 60589,
            "kode_sub_giat": "2.19.01.2.01.0001",
            "nama_sub_giat": "Penyusunan Dokumen Perencanaan Perangkat Daerah",
            "pagu": 40000000.0,
            "pagu_indikatif": 40000000.0,
            "rincian": null,
            "kode_bl": "644.644.4451.18371",
            "kode_sbl": "644.644.4451.18371.60589",
            "kunci_bl": 1,
            "kunci_bl_rinci": 1,
            "user_created": "Drs. BAMBANG PRAMANA BUDI, M.Pd",
            "created_date": "03-02-2025",
            "created_time": "09:34",
            "user_updated": "Drs. BAMBANG PRAMANA BUDI, M.Pd",
            "updated_date": "03-07-2025",
            "updated_time": "11:39",
            "is_locked": 0
        },
        {
            "id_sub_bl": 63541,
            "id_daerah": 473,
            "tahun": 2026,
            "id_unit": 644,
            "id_skpd": 644,
            "created_user": 23547,
            "kode_skpd": "2.19.0.00.0.00.01.0000",
            "nama_skpd": "Dinas Kepemudaan dan Olahraga",
            "id_urusan": 12,
            "kode_urusan": "2",
            "nama_urusan": "URUSAN PEMERINTAHAN WAJIB YANG TIDAK BERKAITAN DENGAN PELAYANAN DASAR",
            "id_bidang_urusan": 219,
            "kode_bidang_urusan": "2.19",
            "nama_bidang_urusan": "URUSAN PEMERINTAHAN BIDANG KEPEMUDAAN DAN OLAHRAGA",
            "id_sub_skpd": 644,
            "kode_sub_skpd": "2.19.0.00.0.00.01.0000",
            "nama_sub_skpd": "Dinas Kepemudaan dan Olahraga",
            "set_pagu_user": 0,
            "set_pagu_at": null,
            "id_program": 4451,
            "kode_program": "2.19.01",
            "nama_program": "PROGRAM PENUNJANG URUSAN PEMERINTAHAN DAERAH KABUPATEN/KOTA",
            "id_giat": 18371,
            "kode_giat": "2.19.01.2.01",
            "nama_giat": "Perencanaan, Penganggaran, dan Evaluasi Kinerja Perangkat Daerah",
            "pagu_giat": 75000000.0,
            "rinci_giat": null,
            "id_sub_giat": 60590,
            "kode_sub_giat": "2.19.01.2.01.0002",
            "nama_sub_giat": "Koordinasi dan Penyusunan Dokumen RKA-SKPD",
            "pagu": 10000000.0,
            "pagu_indikatif": 10000000.0,
            "rincian": null,
            "kode_bl": "644.644.4451.18371",
            "kode_sbl": "644.644.4451.18371.60590",
            "kunci_bl": 1,
            "kunci_bl_rinci": 1,
            "user_created": "Drs. BAMBANG PRAMANA BUDI, M.Pd",
            "created_date": "03-02-2025",
            "created_time": "09:38",
            "user_updated": "Drs. BAMBANG PRAMANA BUDI, M.Pd",
            "updated_date": "03-07-2025",
            "updated_time": "11:40",
            "is_locked": 0
        },
        {
            "id_sub_bl": 63543,
            "id_daerah": 473,
            "tahun": 2026,
            "id_unit": 644,
            "id_skpd": 644,
            "created_user": 23547,
            "kode_skpd": "2.19.0.00.0.00.01.0000",
            "nama_skpd": "Dinas Kepemudaan dan Olahraga",
            "id_urusan": 12,
            "kode_urusan": "2",
            "nama_urusan": "URUSAN PEMERINTAHAN WAJIB YANG TIDAK BERKAITAN DENGAN PELAYANAN DASAR",
            "id_bidang_urusan": 219,
            "kode_bidang_urusan": "2.19",
            "nama_bidang_urusan": "URUSAN PEMERINTAHAN BIDANG KEPEMUDAAN DAN OLAHRAGA",
            "id_sub_skpd": 644,
            "kode_sub_skpd": "2.19.0.00.0.00.01.0000",
            "nama_sub_skpd": "Dinas Kepemudaan dan Olahraga",
            "set_pagu_user": 0,
            "set_pagu_at": null,
            "id_program": 4451,
            "kode_program": "2.19.01",
            "nama_program": "PROGRAM PENUNJANG URUSAN PEMERINTAHAN DAERAH KABUPATEN/KOTA",
            "id_giat": 18371,
            "kode_giat": "2.19.01.2.01",
            "nama_giat": "Perencanaan, Penganggaran, dan Evaluasi Kinerja Perangkat Daerah",
            "pagu_giat": 75000000.0,
            "rinci_giat": null,
            "id_sub_giat": 60592,
            "kode_sub_giat": "2.19.01.2.01.0004",
            "nama_sub_giat": "Koordinasi dan Penyusunan DPA-SKPD",
            "pagu": 10000000.0,
            "pagu_indikatif": 10000000.0,
            "rincian": null,
            "kode_bl": "644.644.4451.18371",
            "kode_sbl": "644.644.4451.18371.60592",
            "kunci_bl": 1,
            "kunci_bl_rinci": 1,
            "user_created": "Drs. BAMBANG PRAMANA BUDI, M.Pd",
            "created_date": "03-02-2025",
            "created_time": "09:40",
            "user_updated": "Drs. BAMBANG PRAMANA BUDI, M.Pd",
            "updated_date": "03-07-2025",
            "updated_time": "11:41",
            "is_locked": 0
        },
        {
            "id_sub_bl": 63544,
            "id_daerah": 473,
            "tahun": 2026,
            "id_unit": 644,
            "id_skpd": 644,
            "created_user": 23547,
            "kode_skpd": "2.19.0.00.0.00.01.0000",
            "nama_skpd": "Dinas Kepemudaan dan Olahraga",
            "id_urusan": 12,
            "kode_urusan": "2",
            "nama_urusan": "URUSAN PEMERINTAHAN WAJIB YANG TIDAK BERKAITAN DENGAN PELAYANAN DASAR",
            "id_bidang_urusan": 219,
            "kode_bidang_urusan": "2.19",
            "nama_bidang_urusan": "URUSAN PEMERINTAHAN BIDANG KEPEMUDAAN DAN OLAHRAGA",
            "id_sub_skpd": 644,
            "kode_sub_skpd": "2.19.0.00.0.00.01.0000",
            "nama_sub_skpd": "Dinas Kepemudaan dan Olahraga",
            "set_pagu_user": 0,
            "set_pagu_at": null,
            "id_program": 4451,
            "kode_program": "2.19.01",
            "nama_program": "PROGRAM PENUNJANG URUSAN PEMERINTAHAN DAERAH KABUPATEN/KOTA",
            "id_giat": 18371,
            "kode_giat": "2.19.01.2.01",
            "nama_giat": "Perencanaan, Penganggaran, dan Evaluasi Kinerja Perangkat Daerah",
            "pagu_giat": 75000000.0,
            "rinci_giat": null,
            "id_sub_giat": 60594,
            "kode_sub_giat": "2.19.01.2.01.0006",
            "nama_sub_giat": "Koordinasi dan Penyusunan Laporan Capaian Kinerja dan Ikhtisar Realisasi Kinerja SKPD",
            "pagu": 15000000.0,
            "pagu_indikatif": 15000000.0,
            "rincian": null,
            "kode_bl": "644.644.4451.18371",
            "kode_sbl": "644.644.4451.18371.60594",
            "kunci_bl": 1,
            "kunci_bl_rinci": 1,
            "user_created": "Drs. BAMBANG PRAMANA BUDI, M.Pd",
            "created_date": "03-02-2025",
            "created_time": "09:42",
            "user_updated": "Drs. BAMBANG PRAMANA BUDI, M.Pd",
            "updated_date": "03-07-2025",
            "updated_time": "11:44",
            "is_locked": 0
        },
        {
            "id_sub_bl": 77188,
            "id_daerah": 473,
            "tahun": 2026,
            "id_unit": 644,
            "id_skpd": 644,
            "created_user": 23547,
            "kode_skpd": "2.19.0.00.0.00.01.0000",
            "nama_skpd": "Dinas Kepemudaan dan Olahraga",
            "id_urusan": 12,
            "kode_urusan": "2",
            "nama_urusan": "URUSAN PEMERINTAHAN WAJIB YANG TIDAK BERKAITAN DENGAN PELAYANAN DASAR",
            "id_bidang_urusan": 219,
            "kode_bidang_urusan": "2.19",
            "nama_bidang_urusan": "URUSAN PEMERINTAHAN BIDANG KEPEMUDAAN DAN OLAHRAGA",
            "id_sub_skpd": 644,
            "kode_sub_skpd": "2.19.0.00.0.00.01.0000",
            "nama_sub_skpd": "Dinas Kepemudaan dan Olahraga",
            "set_pagu_user": 0,
            "set_pagu_at": null,
            "id_program": 4451,
            "kode_program": "2.19.01",
            "nama_program": "PROGRAM PENUNJANG URUSAN PEMERINTAHAN DAERAH KABUPATEN/KOTA",
            "id_giat": 18371,
            "kode_giat": "2.19.01.2.01",
            "nama_giat": "Perencanaan, Penganggaran, dan Evaluasi Kinerja Perangkat Daerah",
            "pagu_giat": 75000000.0,
            "rinci_giat": null,
            "id_sub_giat": 60596,
            "kode_sub_giat": "2.19.01.2.01.0008",
            "nama_sub_giat": "Penyelenggaraan Walidata Pendukung Statistik Sektoral Daerah",
            "pagu": 0.0,
            "pagu_indikatif": 0.0,
            "rincian": null,
            "kode_bl": "644.644.4451.18371",
            "kode_sbl": "644.644.4451.18371.60596",
            "kunci_bl": 1,
            "kunci_bl_rinci": 1,
            "user_created": "Drs. BAMBANG PRAMANA BUDI, M.Pd",
            "created_date": "26-06-2025",
            "created_time": "13:07",
            "user_updated": "Drs. BAMBANG PRAMANA BUDI, M.Pd",
            "updated_date": "03-07-2025",
            "updated_time": "12:51",
            "is_locked": 0
        },
        {
            "id_sub_bl": 77187,
            "id_daerah": 473,
            "tahun": 2026,
            "id_unit": 644,
            "id_skpd": 644,
            "created_user": 23547,
            "kode_skpd": "2.19.0.00.0.00.01.0000",
            "nama_skpd": "Dinas Kepemudaan dan Olahraga",
            "id_urusan": 12,
            "kode_urusan": "2",
            "nama_urusan": "URUSAN PEMERINTAHAN WAJIB YANG TIDAK BERKAITAN DENGAN PELAYANAN DASAR",
            "id_bidang_urusan": 219,
            "kode_bidang_urusan": "2.19",
            "nama_bidang_urusan": "URUSAN PEMERINTAHAN BIDANG KEPEMUDAAN DAN OLAHRAGA",
            "id_sub_skpd": 644,
            "kode_sub_skpd": "2.19.0.00.0.00.01.0000",
            "nama_sub_skpd": "Dinas Kepemudaan dan Olahraga",
            "set_pagu_user": 0,
            "set_pagu_at": null,
            "id_program": 4451,
            "kode_program": "2.19.01",
            "nama_program": "PROGRAM PENUNJANG URUSAN PEMERINTAHAN DAERAH KABUPATEN/KOTA",
            "id_giat": 18371,
            "kode_giat": "2.19.01.2.01",
            "nama_giat": "Perencanaan, Penganggaran, dan Evaluasi Kinerja Perangkat Daerah",
            "pagu_giat": 75000000.0,
            "rinci_giat": null,
            "id_sub_giat": 60597,
            "kode_sub_giat": "2.19.01.2.01.0009",
            "nama_sub_giat": "Pelaksanaan Pengumpulan Data Statistik Sektoral Daerah",
            "pagu": 0.0,
            "pagu_indikatif": 0.0,
            "rincian": null,
            "kode_bl": "644.644.4451.18371",
            "kode_sbl": "644.644.4451.18371.60597",
            "kunci_bl": 1,
            "kunci_bl_rinci": 1,
            "user_created": "Drs. BAMBANG PRAMANA BUDI, M.Pd",
            "created_date": "26-06-2025",
            "created_time": "13:04",
            "user_updated": "Drs. BAMBANG PRAMANA BUDI, M.Pd",
            "updated_date": "03-07-2025",
            "updated_time": "12:51",
            "is_locked": 0
        },
        {
            "id_sub_bl": 63549,
            "id_daerah": 473,
            "tahun": 2026,
            "id_unit": 644,
            "id_skpd": 644,
            "created_user": 23547,
            "kode_skpd": "2.19.0.00.0.00.01.0000",
            "nama_skpd": "Dinas Kepemudaan dan Olahraga",
            "id_urusan": 12,
            "kode_urusan": "2",
            "nama_urusan": "URUSAN PEMERINTAHAN WAJIB YANG TIDAK BERKAITAN DENGAN PELAYANAN DASAR",
            "id_bidang_urusan": 219,
            "kode_bidang_urusan": "2.19",
            "nama_bidang_urusan": "URUSAN PEMERINTAHAN BIDANG KEPEMUDAAN DAN OLAHRAGA",
            "id_sub_skpd": 644,
            "kode_sub_skpd": "2.19.0.00.0.00.01.0000",
            "nama_sub_skpd": "Dinas Kepemudaan dan Olahraga",
            "set_pagu_user": 0,
            "set_pagu_at": null,
            "id_program": 4451,
            "kode_program": "2.19.01",
            "nama_program": "PROGRAM PENUNJANG URUSAN PEMERINTAHAN DAERAH KABUPATEN/KOTA",
            "id_giat": 18372,
            "kode_giat": "2.19.01.2.02",
            "nama_giat": "Administrasi Keuangan Perangkat Daerah",
            "pagu_giat": 3093260812.0,
            "rinci_giat": null,
            "id_sub_giat": 60602,
            "kode_sub_giat": "2.19.01.2.02.0001",
            "nama_sub_giat": "Penyediaan Gaji dan Tunjangan ASN",
            "pagu": 2953340812.0,
            "pagu_indikatif": 2953340812.0,
            "rincian": null,
            "kode_bl": "644.644.4451.18372",
            "kode_sbl": "644.644.4451.18372.60602",
            "kunci_bl": 1,
            "kunci_bl_rinci": 1,
            "user_created": "Drs. BAMBANG PRAMANA BUDI, M.Pd",
            "created_date": "03-02-2025",
            "created_time": "09:52",
            "user_updated": "Drs. BAMBANG PRAMANA BUDI, M.Pd",
            "updated_date": "03-07-2025",
            "updated_time": "11:47",
            "is_locked": 0
        },
        {
            "id_sub_bl": 63551,
            "id_daerah": 473,
            "tahun": 2026,
            "id_unit": 644,
            "id_skpd": 644,
            "created_user": 23547,
            "kode_skpd": "2.19.0.00.0.00.01.0000",
            "nama_skpd": "Dinas Kepemudaan dan Olahraga",
            "id_urusan": 12,
            "kode_urusan": "2",
            "nama_urusan": "URUSAN PEMERINTAHAN WAJIB YANG TIDAK BERKAITAN DENGAN PELAYANAN DASAR",
            "id_bidang_urusan": 219,
            "kode_bidang_urusan": "2.19",
            "nama_bidang_urusan": "URUSAN PEMERINTAHAN BIDANG KEPEMUDAAN DAN OLAHRAGA",
            "id_sub_skpd": 644,
            "kode_sub_skpd": "2.19.0.00.0.00.01.0000",
            "nama_sub_skpd": "Dinas Kepemudaan dan Olahraga",
            "set_pagu_user": 0,
            "set_pagu_at": null,
            "id_program": 4451,
            "kode_program": "2.19.01",
            "nama_program": "PROGRAM PENUNJANG URUSAN PEMERINTAHAN DAERAH KABUPATEN/KOTA",
            "id_giat": 18372,
            "kode_giat": "2.19.01.2.02",
            "nama_giat": "Administrasi Keuangan Perangkat Daerah",
            "pagu_giat": 3093260812.0,
            "rinci_giat": null,
            "id_sub_giat": 60604,
            "kode_sub_giat": "2.19.01.2.02.0003",
            "nama_sub_giat": "Pelaksanaan Penatausahaan dan\r\n\nPengujian/Verifikasi Keuangan SKPD",
            "pagu": 74920000.0,
            "pagu_indikatif": 74920000.0,
            "rincian": null,
            "kode_bl": "644.644.4451.18372",
            "kode_sbl": "644.644.4451.18372.60604",
            "kunci_bl": 1,
            "kunci_bl_rinci": 1,
            "user_created": "Drs. BAMBANG PRAMANA BUDI, M.Pd",
            "created_date": "03-02-2025",
            "created_time": "09:53",
            "user_updated": "Drs. BAMBANG PRAMANA BUDI, M.Pd",
            "updated_date": "03-07-2025",
            "updated_time": "11:49",
            "is_locked": 0
        },
        {
            "id_sub_bl": 63552,
            "id_daerah": 473,
            "tahun": 2026,
            "id_unit": 644,
            "id_skpd": 644,
            "created_user": 23547,
            "kode_skpd": "2.19.0.00.0.00.01.0000",
            "nama_skpd": "Dinas Kepemudaan dan Olahraga",
            "id_urusan": 12,
            "kode_urusan": "2",
            "nama_urusan": "URUSAN PEMERINTAHAN WAJIB YANG TIDAK BERKAITAN DENGAN PELAYANAN DASAR",
            "id_bidang_urusan": 219,
            "kode_bidang_urusan": "2.19",
            "nama_bidang_urusan": "URUSAN PEMERINTAHAN BIDANG KEPEMUDAAN DAN OLAHRAGA",
            "id_sub_skpd": 644,
            "kode_sub_skpd": "2.19.0.00.0.00.01.0000",
            "nama_sub_skpd": "Dinas Kepemudaan dan Olahraga",
            "set_pagu_user": 0,
            "set_pagu_at": null,
            "id_program": 4451,
            "kode_program": "2.19.01",
            "nama_program": "PROGRAM PENUNJANG URUSAN PEMERINTAHAN DAERAH KABUPATEN/KOTA",
            "id_giat": 18372,
            "kode_giat": "2.19.01.2.02",
            "nama_giat": "Administrasi Keuangan Perangkat Daerah",
            "pagu_giat": 3093260812.0,
            "rinci_giat": null,
            "id_sub_giat": 60606,
            "kode_sub_giat": "2.19.01.2.02.0005",
            "nama_sub_giat": "Koordinasi dan Penyusunan Laporan Keuangan Akhir Tahun SKPD",
            "pagu": 65000000.0,
            "pagu_indikatif": 65000000.0,
            "rincian": null,
            "kode_bl": "644.644.4451.18372",
            "kode_sbl": "644.644.4451.18372.60606",
            "kunci_bl": 1,
            "kunci_bl_rinci": 1,
            "user_created": "Drs. BAMBANG PRAMANA BUDI, M.Pd",
            "created_date": "03-02-2025",
            "created_time": "09:54",
            "user_updated": "Drs. BAMBANG PRAMANA BUDI, M.Pd",
            "updated_date": "03-07-2025",
            "updated_time": "12:00",
            "is_locked": 0
        },
        {
            "id_sub_bl": 63555,
            "id_daerah": 473,
            "tahun": 2026,
            "id_unit": 644,
            "id_skpd": 644,
            "created_user": 23547,
            "kode_skpd": "2.19.0.00.0.00.01.0000",
            "nama_skpd": "Dinas Kepemudaan dan Olahraga",
            "id_urusan": 12,
            "kode_urusan": "2",
            "nama_urusan": "URUSAN PEMERINTAHAN WAJIB YANG TIDAK BERKAITAN DENGAN PELAYANAN DASAR",
            "id_bidang_urusan": 219,
            "kode_bidang_urusan": "2.19",
            "nama_bidang_urusan": "URUSAN PEMERINTAHAN BIDANG KEPEMUDAAN DAN OLAHRAGA",
            "id_sub_skpd": 644,
            "kode_sub_skpd": "2.19.0.00.0.00.01.0000",
            "nama_sub_skpd": "Dinas Kepemudaan dan Olahraga",
            "set_pagu_user": 0,
            "set_pagu_at": null,
            "id_program": 4451,
            "kode_program": "2.19.01",
            "nama_program": "PROGRAM PENUNJANG URUSAN PEMERINTAHAN DAERAH KABUPATEN/KOTA",
            "id_giat": 18373,
            "kode_giat": "2.19.01.2.03",
            "nama_giat": "Administrasi Barang Milik Daerah pada Perangkat Daerah",
            "pagu_giat": 49200000.0,
            "rinci_giat": null,
            "id_sub_giat": 60615,
            "kode_sub_giat": "2.19.01.2.03.0006",
            "nama_sub_giat": "Penatausahaan Barang Milik Daerah pada SKPD",
            "pagu": 49200000.0,
            "pagu_indikatif": 49200000.0,
            "rincian": null,
            "kode_bl": "644.644.4451.18373",
            "kode_sbl": "644.644.4451.18373.60615",
            "kunci_bl": 1,
            "kunci_bl_rinci": 1,
            "user_created": "Drs. BAMBANG PRAMANA BUDI, M.Pd",
            "created_date": "03-02-2025",
            "created_time": "09:59",
            "user_updated": "Drs. BAMBANG PRAMANA BUDI, M.Pd",
            "updated_date": "03-07-2025",
            "updated_time": "12:01",
            "is_locked": 0
        },
        {
            "id_sub_bl": 76059,
            "id_daerah": 473,
            "tahun": 2026,
            "id_unit": 644,
            "id_skpd": 644,
            "created_user": 23547,
            "kode_skpd": "2.19.0.00.0.00.01.0000",
            "nama_skpd": "Dinas Kepemudaan dan Olahraga",
            "id_urusan": 12,
            "kode_urusan": "2",
            "nama_urusan": "URUSAN PEMERINTAHAN WAJIB YANG TIDAK BERKAITAN DENGAN PELAYANAN DASAR",
            "id_bidang_urusan": 219,
            "kode_bidang_urusan": "2.19",
            "nama_bidang_urusan": "URUSAN PEMERINTAHAN BIDANG KEPEMUDAAN DAN OLAHRAGA",
            "id_sub_skpd": 644,
            "kode_sub_skpd": "2.19.0.00.0.00.01.0000",
            "nama_sub_skpd": "Dinas Kepemudaan dan Olahraga",
            "set_pagu_user": 0,
            "set_pagu_at": null,
            "id_program": 4451,
            "kode_program": "2.19.01",
            "nama_program": "PROGRAM PENUNJANG URUSAN PEMERINTAHAN DAERAH KABUPATEN/KOTA",
            "id_giat": 18375,
            "kode_giat": "2.19.01.2.05",
            "nama_giat": "Administrasi Kepegawaian Perangkat Daerah",
            "pagu_giat": 60000000.0,
            "rinci_giat": null,
            "id_sub_giat": 60625,
            "kode_sub_giat": "2.19.01.2.05.0002",
            "nama_sub_giat": "Pengadaan Pakaian Dinas beserta Atribut Kelengkapannya",
            "pagu": 30000000.0,
            "pagu_indikatif": 30000000.0,
            "rincian": null,
            "kode_bl": "644.644.4451.18375",
            "kode_sbl": "644.644.4451.18375.60625",
            "kunci_bl": 1,
            "kunci_bl_rinci": 1,
            "user_created": "Drs. BAMBANG PRAMANA BUDI, M.Pd",
            "created_date": "19-06-2025",
            "created_time": "11:41",
            "user_updated": "Drs. BAMBANG PRAMANA BUDI, M.Pd",
            "updated_date": "03-07-2025",
            "updated_time": "12:02",
            "is_locked": 0
        },
        {
            "id_sub_bl": 73193,
            "id_daerah": 473,
            "tahun": 2026,
            "id_unit": 644,
            "id_skpd": 644,
            "created_user": 23547,
            "kode_skpd": "2.19.0.00.0.00.01.0000",
            "nama_skpd": "Dinas Kepemudaan dan Olahraga",
            "id_urusan": 12,
            "kode_urusan": "2",
            "nama_urusan": "URUSAN PEMERINTAHAN WAJIB YANG TIDAK BERKAITAN DENGAN PELAYANAN DASAR",
            "id_bidang_urusan": 219,
            "kode_bidang_urusan": "2.19",
            "nama_bidang_urusan": "URUSAN PEMERINTAHAN BIDANG KEPEMUDAAN DAN OLAHRAGA",
            "id_sub_skpd": 644,
            "kode_sub_skpd": "2.19.0.00.0.00.01.0000",
            "nama_sub_skpd": "Dinas Kepemudaan dan Olahraga",
            "set_pagu_user": 0,
            "set_pagu_at": null,
            "id_program": 4451,
            "kode_program": "2.19.01",
            "nama_program": "PROGRAM PENUNJANG URUSAN PEMERINTAHAN DAERAH KABUPATEN/KOTA",
            "id_giat": 18375,
            "kode_giat": "2.19.01.2.05",
            "nama_giat": "Administrasi Kepegawaian Perangkat Daerah",
            "pagu_giat": 60000000.0,
            "rinci_giat": null,
            "id_sub_giat": 60632,
            "kode_sub_giat": "2.19.01.2.05.0009",
            "nama_sub_giat": "Pendidikan dan Pelatihan Pegawai Berdasarkan Tugas dan Fungsi",
            "pagu": 30000000.0,
            "pagu_indikatif": 30000000.0,
            "rincian": null,
            "kode_bl": "644.644.4451.18375",
            "kode_sbl": "644.644.4451.18375.60632",
            "kunci_bl": 1,
            "kunci_bl_rinci": 1,
            "user_created": "Drs. BAMBANG PRAMANA BUDI, M.Pd",
            "created_date": "24-03-2025",
            "created_time": "12:01",
            "user_updated": "Drs. BAMBANG PRAMANA BUDI, M.Pd",
            "updated_date": "03-07-2025",
            "updated_time": "12:02",
            "is_locked": 0
        },
        {
            "id_sub_bl": 63556,
            "id_daerah": 473,
            "tahun": 2026,
            "id_unit": 644,
            "id_skpd": 644,
            "created_user": 23547,
            "kode_skpd": "2.19.0.00.0.00.01.0000",
            "nama_skpd": "Dinas Kepemudaan dan Olahraga",
            "id_urusan": 12,
            "kode_urusan": "2",
            "nama_urusan": "URUSAN PEMERINTAHAN WAJIB YANG TIDAK BERKAITAN DENGAN PELAYANAN DASAR",
            "id_bidang_urusan": 219,
            "kode_bidang_urusan": "2.19",
            "nama_bidang_urusan": "URUSAN PEMERINTAHAN BIDANG KEPEMUDAAN DAN OLAHRAGA",
            "id_sub_skpd": 644,
            "kode_sub_skpd": "2.19.0.00.0.00.01.0000",
            "nama_sub_skpd": "Dinas Kepemudaan dan Olahraga",
            "set_pagu_user": 0,
            "set_pagu_at": null,
            "id_program": 4451,
            "kode_program": "2.19.01",
            "nama_program": "PROGRAM PENUNJANG URUSAN PEMERINTAHAN DAERAH KABUPATEN/KOTA",
            "id_giat": 18376,
            "kode_giat": "2.19.01.2.06",
            "nama_giat": "Administrasi Umum Perangkat Daerah",
            "pagu_giat": 223632000.0,
            "rinci_giat": null,
            "id_sub_giat": 60635,
            "kode_sub_giat": "2.19.01.2.06.0001",
            "nama_sub_giat": "Penyediaan Komponen Instalasi\r\n\nListrik/Penerangan Bangunan Kantor",
            "pagu": 9999000.0,
            "pagu_indikatif": 9999000.0,
            "rincian": null,
            "kode_bl": "644.644.4451.18376",
            "kode_sbl": "644.644.4451.18376.60635",
            "kunci_bl": 1,
            "kunci_bl_rinci": 1,
            "user_created": "Drs. BAMBANG PRAMANA BUDI, M.Pd",
            "created_date": "03-02-2025",
            "created_time": "10:00",
            "user_updated": "Drs. BAMBANG PRAMANA BUDI, M.Pd",
            "updated_date": "03-07-2025",
            "updated_time": "12:04",
            "is_locked": 0
        },
        {
            "id_sub_bl": 73198,
            "id_daerah": 473,
            "tahun": 2026,
            "id_unit": 644,
            "id_skpd": 644,
            "created_user": 23547,
            "kode_skpd": "2.19.0.00.0.00.01.0000",
            "nama_skpd": "Dinas Kepemudaan dan Olahraga",
            "id_urusan": 12,
            "kode_urusan": "2",
            "nama_urusan": "URUSAN PEMERINTAHAN WAJIB YANG TIDAK BERKAITAN DENGAN PELAYANAN DASAR",
            "id_bidang_urusan": 219,
            "kode_bidang_urusan": "2.19",
            "nama_bidang_urusan": "URUSAN PEMERINTAHAN BIDANG KEPEMUDAAN DAN OLAHRAGA",
            "id_sub_skpd": 644,
            "kode_sub_skpd": "2.19.0.00.0.00.01.0000",
            "nama_sub_skpd": "Dinas Kepemudaan dan Olahraga",
            "set_pagu_user": 0,
            "set_pagu_at": null,
            "id_program": 4451,
            "kode_program": "2.19.01",
            "nama_program": "PROGRAM PENUNJANG URUSAN PEMERINTAHAN DAERAH KABUPATEN/KOTA",
            "id_giat": 18376,
            "kode_giat": "2.19.01.2.06",
            "nama_giat": "Administrasi Umum Perangkat Daerah",
            "pagu_giat": 223632000.0,
            "rinci_giat": null,
            "id_sub_giat": 60636,
            "kode_sub_giat": "2.19.01.2.06.0002",
            "nama_sub_giat": "Penyediaan Peralatan dan Perlengkapan Kantor",
            "pagu": 15000000.0,
            "pagu_indikatif": 15000000.0,
            "rincian": null,
            "kode_bl": "644.644.4451.18376",
            "kode_sbl": "644.644.4451.18376.60636",
            "kunci_bl": 1,
            "kunci_bl_rinci": 1,
            "user_created": "Drs. BAMBANG PRAMANA BUDI, M.Pd",
            "created_date": "24-03-2025",
            "created_time": "12:14",
            "user_updated": "Drs. BAMBANG PRAMANA BUDI, M.Pd",
            "updated_date": "03-07-2025",
            "updated_time": "12:16",
            "is_locked": 0
        },
        {
            "id_sub_bl": 73199,
            "id_daerah": 473,
            "tahun": 2026,
            "id_unit": 644,
            "id_skpd": 644,
            "created_user": 23547,
            "kode_skpd": "2.19.0.00.0.00.01.0000",
            "nama_skpd": "Dinas Kepemudaan dan Olahraga",
            "id_urusan": 12,
            "kode_urusan": "2",
            "nama_urusan": "URUSAN PEMERINTAHAN WAJIB YANG TIDAK BERKAITAN DENGAN PELAYANAN DASAR",
            "id_bidang_urusan": 219,
            "kode_bidang_urusan": "2.19",
            "nama_bidang_urusan": "URUSAN PEMERINTAHAN BIDANG KEPEMUDAAN DAN OLAHRAGA",
            "id_sub_skpd": 644,
            "kode_sub_skpd": "2.19.0.00.0.00.01.0000",
            "nama_sub_skpd": "Dinas Kepemudaan dan Olahraga",
            "set_pagu_user": 0,
            "set_pagu_at": null,
            "id_program": 4451,
            "kode_program": "2.19.01",
            "nama_program": "PROGRAM PENUNJANG URUSAN PEMERINTAHAN DAERAH KABUPATEN/KOTA",
            "id_giat": 18376,
            "kode_giat": "2.19.01.2.06",
            "nama_giat": "Administrasi Umum Perangkat Daerah",
            "pagu_giat": 223632000.0,
            "rinci_giat": null,
            "id_sub_giat": 60637,
            "kode_sub_giat": "2.19.01.2.06.0003",
            "nama_sub_giat": "Penyediaan Peralatan Rumah Tangga",
            "pagu": 3000000.0,
            "pagu_indikatif": 3000000.0,
            "rincian": null,
            "kode_bl": "644.644.4451.18376",
            "kode_sbl": "644.644.4451.18376.60637",
            "kunci_bl": 1,
            "kunci_bl_rinci": 1,
            "user_created": "Drs. BAMBANG PRAMANA BUDI, M.Pd",
            "created_date": "24-03-2025",
            "created_time": "12:15",
            "user_updated": "Drs. BAMBANG PRAMANA BUDI, M.Pd",
            "updated_date": "03-07-2025",
            "updated_time": "12:16",
            "is_locked": 0
        },
        {
            "id_sub_bl": 63559,
            "id_daerah": 473,
            "tahun": 2026,
            "id_unit": 644,
            "id_skpd": 644,
            "created_user": 23547,
            "kode_skpd": "2.19.0.00.0.00.01.0000",
            "nama_skpd": "Dinas Kepemudaan dan Olahraga",
            "id_urusan": 12,
            "kode_urusan": "2",
            "nama_urusan": "URUSAN PEMERINTAHAN WAJIB YANG TIDAK BERKAITAN DENGAN PELAYANAN DASAR",
            "id_bidang_urusan": 219,
            "kode_bidang_urusan": "2.19",
            "nama_bidang_urusan": "URUSAN PEMERINTAHAN BIDANG KEPEMUDAAN DAN OLAHRAGA",
            "id_sub_skpd": 644,
            "kode_sub_skpd": "2.19.0.00.0.00.01.0000",
            "nama_sub_skpd": "Dinas Kepemudaan dan Olahraga",
            "set_pagu_user": 0,
            "set_pagu_at": null,
            "id_program": 4451,
            "kode_program": "2.19.01",
            "nama_program": "PROGRAM PENUNJANG URUSAN PEMERINTAHAN DAERAH KABUPATEN/KOTA",
            "id_giat": 18376,
            "kode_giat": "2.19.01.2.06",
            "nama_giat": "Administrasi Umum Perangkat Daerah",
            "pagu_giat": 223632000.0,
            "rinci_giat": null,
            "id_sub_giat": 60638,
            "kode_sub_giat": "2.19.01.2.06.0004",
            "nama_sub_giat": "Penyediaan Bahan Logistik Kantor",
            "pagu": 40000000.0,
            "pagu_indikatif": 40000000.0,
            "rincian": null,
            "kode_bl": "644.644.4451.18376",
            "kode_sbl": "644.644.4451.18376.60638",
            "kunci_bl": 1,
            "kunci_bl_rinci": 1,
            "user_created": "Drs. BAMBANG PRAMANA BUDI, M.Pd",
            "created_date": "03-02-2025",
            "created_time": "10:01",
            "user_updated": "Drs. BAMBANG PRAMANA BUDI, M.Pd",
            "updated_date": "03-07-2025",
            "updated_time": "12:17",
            "is_locked": 0
        },
        {
            "id_sub_bl": 63560,
            "id_daerah": 473,
            "tahun": 2026,
            "id_unit": 644,
            "id_skpd": 644,
            "created_user": 23547,
            "kode_skpd": "2.19.0.00.0.00.01.0000",
            "nama_skpd": "Dinas Kepemudaan dan Olahraga",
            "id_urusan": 12,
            "kode_urusan": "2",
            "nama_urusan": "URUSAN PEMERINTAHAN WAJIB YANG TIDAK BERKAITAN DENGAN PELAYANAN DASAR",
            "id_bidang_urusan": 219,
            "kode_bidang_urusan": "2.19",
            "nama_bidang_urusan": "URUSAN PEMERINTAHAN BIDANG KEPEMUDAAN DAN OLAHRAGA",
            "id_sub_skpd": 644,
            "kode_sub_skpd": "2.19.0.00.0.00.01.0000",
            "nama_sub_skpd": "Dinas Kepemudaan dan Olahraga",
            "set_pagu_user": 0,
            "set_pagu_at": null,
            "id_program": 4451,
            "kode_program": "2.19.01",
            "nama_program": "PROGRAM PENUNJANG URUSAN PEMERINTAHAN DAERAH KABUPATEN/KOTA",
            "id_giat": 18376,
            "kode_giat": "2.19.01.2.06",
            "nama_giat": "Administrasi Umum Perangkat Daerah",
            "pagu_giat": 223632000.0,
            "rinci_giat": null,
            "id_sub_giat": 60639,
            "kode_sub_giat": "2.19.01.2.06.0005",
            "nama_sub_giat": "Penyediaan Barang Cetakan dan Penggandaan",
            "pagu": 34647000.0,
            "pagu_indikatif": 34647000.0,
            "rincian": null,
            "kode_bl": "644.644.4451.18376",
            "kode_sbl": "644.644.4451.18376.60639",
            "kunci_bl": 1,
            "kunci_bl_rinci": 1,
            "user_created": "Drs. BAMBANG PRAMANA BUDI, M.Pd",
            "created_date": "03-02-2025",
            "created_time": "10:02",
            "user_updated": "Drs. BAMBANG PRAMANA BUDI, M.Pd",
            "updated_date": "03-07-2025",
            "updated_time": "12:17",
            "is_locked": 0
        },
        {
            "id_sub_bl": 63562,
            "id_daerah": 473,
            "tahun": 2026,
            "id_unit": 644,
            "id_skpd": 644,
            "created_user": 23547,
            "kode_skpd": "2.19.0.00.0.00.01.0000",
            "nama_skpd": "Dinas Kepemudaan dan Olahraga",
            "id_urusan": 12,
            "kode_urusan": "2",
            "nama_urusan": "URUSAN PEMERINTAHAN WAJIB YANG TIDAK BERKAITAN DENGAN PELAYANAN DASAR",
            "id_bidang_urusan": 219,
            "kode_bidang_urusan": "2.19",
            "nama_bidang_urusan": "URUSAN PEMERINTAHAN BIDANG KEPEMUDAAN DAN OLAHRAGA",
            "id_sub_skpd": 644,
            "kode_sub_skpd": "2.19.0.00.0.00.01.0000",
            "nama_sub_skpd": "Dinas Kepemudaan dan Olahraga",
            "set_pagu_user": 0,
            "set_pagu_at": null,
            "id_program": 4451,
            "kode_program": "2.19.01",
            "nama_program": "PROGRAM PENUNJANG URUSAN PEMERINTAHAN DAERAH KABUPATEN/KOTA",
            "id_giat": 18376,
            "kode_giat": "2.19.01.2.06",
            "nama_giat": "Administrasi Umum Perangkat Daerah",
            "pagu_giat": 223632000.0,
            "rinci_giat": null,
            "id_sub_giat": 60640,
            "kode_sub_giat": "2.19.01.2.06.0006",
            "nama_sub_giat": "Penyediaan Bahan Bacaan dan Peraturan Perundang-undangan",
            "pagu": 45986000.0,
            "pagu_indikatif": 45986000.0,
            "rincian": null,
            "kode_bl": "644.644.4451.18376",
            "kode_sbl": "644.644.4451.18376.60640",
            "kunci_bl": 1,
            "kunci_bl_rinci": 1,
            "user_created": "Drs. BAMBANG PRAMANA BUDI, M.Pd",
            "created_date": "03-02-2025",
            "created_time": "10:04",
            "user_updated": "Drs. BAMBANG PRAMANA BUDI, M.Pd",
            "updated_date": "03-07-2025",
            "updated_time": "12:18",
            "is_locked": 0
        },
        {
            "id_sub_bl": 63568,
            "id_daerah": 473,
            "tahun": 2026,
            "id_unit": 644,
            "id_skpd": 644,
            "created_user": 23547,
            "kode_skpd": "2.19.0.00.0.00.01.0000",
            "nama_skpd": "Dinas Kepemudaan dan Olahraga",
            "id_urusan": 12,
            "kode_urusan": "2",
            "nama_urusan": "URUSAN PEMERINTAHAN WAJIB YANG TIDAK BERKAITAN DENGAN PELAYANAN DASAR",
            "id_bidang_urusan": 219,
            "kode_bidang_urusan": "2.19",
            "nama_bidang_urusan": "URUSAN PEMERINTAHAN BIDANG KEPEMUDAAN DAN OLAHRAGA",
            "id_sub_skpd": 644,
            "kode_sub_skpd": "2.19.0.00.0.00.01.0000",
            "nama_sub_skpd": "Dinas Kepemudaan dan Olahraga",
            "set_pagu_user": 0,
            "set_pagu_at": null,
            "id_program": 4451,
            "kode_program": "2.19.01",
            "nama_program": "PROGRAM PENUNJANG URUSAN PEMERINTAHAN DAERAH KABUPATEN/KOTA",
            "id_giat": 18376,
            "kode_giat": "2.19.01.2.06",
            "nama_giat": "Administrasi Umum Perangkat Daerah",
            "pagu_giat": 223632000.0,
            "rinci_giat": null,
            "id_sub_giat": 60641,
            "kode_sub_giat": "2.19.01.2.06.0007",
            "nama_sub_giat": "Penyediaan Bahan/Material",
            "pagu": 25000000.0,
            "pagu_indikatif": 25000000.0,
            "rincian": null,
            "kode_bl": "644.644.4451.18376",
            "kode_sbl": "644.644.4451.18376.60641",
            "kunci_bl": 1,
            "kunci_bl_rinci": 1,
            "user_created": "Drs. BAMBANG PRAMANA BUDI, M.Pd",
            "created_date": "03-02-2025",
            "created_time": "10:07",
            "user_updated": "Drs. BAMBANG PRAMANA BUDI, M.Pd",
            "updated_date": "03-07-2025",
            "updated_time": "12:19",
            "is_locked": 0
        },
        {
            "id_sub_bl": 63571,
            "id_daerah": 473,
            "tahun": 2026,
            "id_unit": 644,
            "id_skpd": 644,
            "created_user": 23547,
            "kode_skpd": "2.19.0.00.0.00.01.0000",
            "nama_skpd": "Dinas Kepemudaan dan Olahraga",
            "id_urusan": 12,
            "kode_urusan": "2",
            "nama_urusan": "URUSAN PEMERINTAHAN WAJIB YANG TIDAK BERKAITAN DENGAN PELAYANAN DASAR",
            "id_bidang_urusan": 219,
            "kode_bidang_urusan": "2.19",
            "nama_bidang_urusan": "URUSAN PEMERINTAHAN BIDANG KEPEMUDAAN DAN OLAHRAGA",
            "id_sub_skpd": 644,
            "kode_sub_skpd": "2.19.0.00.0.00.01.0000",
            "nama_sub_skpd": "Dinas Kepemudaan dan Olahraga",
            "set_pagu_user": 0,
            "set_pagu_at": null,
            "id_program": 4451,
            "kode_program": "2.19.01",
            "nama_program": "PROGRAM PENUNJANG URUSAN PEMERINTAHAN DAERAH KABUPATEN/KOTA",
            "id_giat": 18376,
            "kode_giat": "2.19.01.2.06",
            "nama_giat": "Administrasi Umum Perangkat Daerah",
            "pagu_giat": 223632000.0,
            "rinci_giat": null,
            "id_sub_giat": 60643,
            "kode_sub_giat": "2.19.01.2.06.0009",
            "nama_sub_giat": "Penyelenggaraan Rapat Koordinasi dan Konsultasi SKPD",
            "pagu": 50000000.0,
            "pagu_indikatif": 50000000.0,
            "rincian": null,
            "kode_bl": "644.644.4451.18376",
            "kode_sbl": "644.644.4451.18376.60643",
            "kunci_bl": 1,
            "kunci_bl_rinci": 1,
            "user_created": "Drs. BAMBANG PRAMANA BUDI, M.Pd",
            "created_date": "03-02-2025",
            "created_time": "10:09",
            "user_updated": "Drs. BAMBANG PRAMANA BUDI, M.Pd",
            "updated_date": "03-07-2025",
            "updated_time": "12:19",
            "is_locked": 0
        },
        {
            "id_sub_bl": 73194,
            "id_daerah": 473,
            "tahun": 2026,
            "id_unit": 644,
            "id_skpd": 644,
            "created_user": 23547,
            "kode_skpd": "2.19.0.00.0.00.01.0000",
            "nama_skpd": "Dinas Kepemudaan dan Olahraga",
            "id_urusan": 12,
            "kode_urusan": "2",
            "nama_urusan": "URUSAN PEMERINTAHAN WAJIB YANG TIDAK BERKAITAN DENGAN PELAYANAN DASAR",
            "id_bidang_urusan": 219,
            "kode_bidang_urusan": "2.19",
            "nama_bidang_urusan": "URUSAN PEMERINTAHAN BIDANG KEPEMUDAAN DAN OLAHRAGA",
            "id_sub_skpd": 644,
            "kode_sub_skpd": "2.19.0.00.0.00.01.0000",
            "nama_sub_skpd": "Dinas Kepemudaan dan Olahraga",
            "set_pagu_user": 0,
            "set_pagu_at": null,
            "id_program": 4451,
            "kode_program": "2.19.01",
            "nama_program": "PROGRAM PENUNJANG URUSAN PEMERINTAHAN DAERAH KABUPATEN/KOTA",
            "id_giat": 18377,
            "kode_giat": "2.19.01.2.07",
            "nama_giat": "Pengadaan Barang Milik Daerah Penunjang Urusan Pemerintah Daerah",
            "pagu_giat": 20000000.0,
            "rinci_giat": null,
            "id_sub_giat": 60647,
            "kode_sub_giat": "2.19.01.2.07.0002",
            "nama_sub_giat": "Pengadaan Kendaraan Dinas Operasional atau Lapangan",
            "pagu": 20000000.0,
            "pagu_indikatif": 20000000.0,
            "rincian": null,
            "kode_bl": "644.644.4451.18377",
            "kode_sbl": "644.644.4451.18377.60647",
            "kunci_bl": 1,
            "kunci_bl_rinci": 1,
            "user_created": "Drs. BAMBANG PRAMANA BUDI, M.Pd",
            "created_date": "24-03-2025",
            "created_time": "12:02",
            "user_updated": "Drs. BAMBANG PRAMANA BUDI, M.Pd",
            "updated_date": "03-07-2025",
            "updated_time": "12:22",
            "is_locked": 0
        },
        {
            "id_sub_bl": 63581,
            "id_daerah": 473,
            "tahun": 2026,
            "id_unit": 644,
            "id_skpd": 644,
            "created_user": 23547,
            "kode_skpd": "2.19.0.00.0.00.01.0000",
            "nama_skpd": "Dinas Kepemudaan dan Olahraga",
            "id_urusan": 12,
            "kode_urusan": "2",
            "nama_urusan": "URUSAN PEMERINTAHAN WAJIB YANG TIDAK BERKAITAN DENGAN PELAYANAN DASAR",
            "id_bidang_urusan": 219,
            "kode_bidang_urusan": "2.19",
            "nama_bidang_urusan": "URUSAN PEMERINTAHAN BIDANG KEPEMUDAAN DAN OLAHRAGA",
            "id_sub_skpd": 644,
            "kode_sub_skpd": "2.19.0.00.0.00.01.0000",
            "nama_sub_skpd": "Dinas Kepemudaan dan Olahraga",
            "set_pagu_user": 0,
            "set_pagu_at": null,
            "id_program": 4451,
            "kode_program": "2.19.01",
            "nama_program": "PROGRAM PENUNJANG URUSAN PEMERINTAHAN DAERAH KABUPATEN/KOTA",
            "id_giat": 18378,
            "kode_giat": "2.19.01.2.08",
            "nama_giat": "Penyediaan Jasa Penunjang Urusan Pemerintahan Daerah",
            "pagu_giat": 324852000.0,
            "rinci_giat": null,
            "id_sub_giat": 60658,
            "kode_sub_giat": "2.19.01.2.08.0002",
            "nama_sub_giat": "Penyediaan Jasa Komunikasi, Sumber Daya Air dan Listrik",
            "pagu": 150000000.0,
            "pagu_indikatif": 150000000.0,
            "rincian": null,
            "kode_bl": "644.644.4451.18378",
            "kode_sbl": "644.644.4451.18378.60658",
            "kunci_bl": 1,
            "kunci_bl_rinci": 1,
            "user_created": "Drs. BAMBANG PRAMANA BUDI, M.Pd",
            "created_date": "03-02-2025",
            "created_time": "10:17",
            "user_updated": "Drs. BAMBANG PRAMANA BUDI, M.Pd",
            "updated_date": "03-07-2025",
            "updated_time": "12:24",
            "is_locked": 0
        },
        {
            "id_sub_bl": 63584,
            "id_daerah": 473,
            "tahun": 2026,
            "id_unit": 644,
            "id_skpd": 644,
            "created_user": 23547,
            "kode_skpd": "2.19.0.00.0.00.01.0000",
            "nama_skpd": "Dinas Kepemudaan dan Olahraga",
            "id_urusan": 12,
            "kode_urusan": "2",
            "nama_urusan": "URUSAN PEMERINTAHAN WAJIB YANG TIDAK BERKAITAN DENGAN PELAYANAN DASAR",
            "id_bidang_urusan": 219,
            "kode_bidang_urusan": "2.19",
            "nama_bidang_urusan": "URUSAN PEMERINTAHAN BIDANG KEPEMUDAAN DAN OLAHRAGA",
            "id_sub_skpd": 644,
            "kode_sub_skpd": "2.19.0.00.0.00.01.0000",
            "nama_sub_skpd": "Dinas Kepemudaan dan Olahraga",
            "set_pagu_user": 0,
            "set_pagu_at": null,
            "id_program": 4451,
            "kode_program": "2.19.01",
            "nama_program": "PROGRAM PENUNJANG URUSAN PEMERINTAHAN DAERAH KABUPATEN/KOTA",
            "id_giat": 18378,
            "kode_giat": "2.19.01.2.08",
            "nama_giat": "Penyediaan Jasa Penunjang Urusan Pemerintahan Daerah",
            "pagu_giat": 324852000.0,
            "rinci_giat": null,
            "id_sub_giat": 60660,
            "kode_sub_giat": "2.19.01.2.08.0004",
            "nama_sub_giat": "Penyediaan Jasa Pelayanan Umum Kantor",
            "pagu": 174852000.0,
            "pagu_indikatif": 174852000.0,
            "rincian": null,
            "kode_bl": "644.644.4451.18378",
            "kode_sbl": "644.644.4451.18378.60660",
            "kunci_bl": 1,
            "kunci_bl_rinci": 1,
            "user_created": "Drs. BAMBANG PRAMANA BUDI, M.Pd",
            "created_date": "03-02-2025",
            "created_time": "10:18",
            "user_updated": "Drs. BAMBANG PRAMANA BUDI, M.Pd",
            "updated_date": "03-07-2025",
            "updated_time": "12:25",
            "is_locked": 0
        },
        {
            "id_sub_bl": 63588,
            "id_daerah": 473,
            "tahun": 2026,
            "id_unit": 644,
            "id_skpd": 644,
            "created_user": 23547,
            "kode_skpd": "2.19.0.00.0.00.01.0000",
            "nama_skpd": "Dinas Kepemudaan dan Olahraga",
            "id_urusan": 12,
            "kode_urusan": "2",
            "nama_urusan": "URUSAN PEMERINTAHAN WAJIB YANG TIDAK BERKAITAN DENGAN PELAYANAN DASAR",
            "id_bidang_urusan": 219,
            "kode_bidang_urusan": "2.19",
            "nama_bidang_urusan": "URUSAN PEMERINTAHAN BIDANG KEPEMUDAAN DAN OLAHRAGA",
            "id_sub_skpd": 644,
            "kode_sub_skpd": "2.19.0.00.0.00.01.0000",
            "nama_sub_skpd": "Dinas Kepemudaan dan Olahraga",
            "set_pagu_user": 0,
            "set_pagu_at": null,
            "id_program": 4451,
            "kode_program": "2.19.01",
            "nama_program": "PROGRAM PENUNJANG URUSAN PEMERINTAHAN DAERAH KABUPATEN/KOTA",
            "id_giat": 18379,
            "kode_giat": "2.19.01.2.09",
            "nama_giat": "Pemeliharaan Barang Milik Daerah Penunjang Urusan Pemerintahan Daerah",
            "pagu_giat": 99096000.0,
            "rinci_giat": null,
            "id_sub_giat": 60662,
            "kode_sub_giat": "2.19.01.2.09.0002",
            "nama_sub_giat": "Penyediaan Jasa Pemeliharaan, Biaya Pemeliharaan, Pajak dan Perizinan Kendaraan Dinas Operasional atau Lapangan",
            "pagu": 94096000.0,
            "pagu_indikatif": 94096000.0,
            "rincian": null,
            "kode_bl": "644.644.4451.18379",
            "kode_sbl": "644.644.4451.18379.60662",
            "kunci_bl": 1,
            "kunci_bl_rinci": 1,
            "user_created": "Drs. BAMBANG PRAMANA BUDI, M.Pd",
            "created_date": "03-02-2025",
            "created_time": "10:21",
            "user_updated": "Drs. BAMBANG PRAMANA BUDI, M.Pd",
            "updated_date": "03-07-2025",
            "updated_time": "12:26",
            "is_locked": 0
        },
        {
            "id_sub_bl": 73195,
            "id_daerah": 473,
            "tahun": 2026,
            "id_unit": 644,
            "id_skpd": 644,
            "created_user": 23547,
            "kode_skpd": "2.19.0.00.0.00.01.0000",
            "nama_skpd": "Dinas Kepemudaan dan Olahraga",
            "id_urusan": 12,
            "kode_urusan": "2",
            "nama_urusan": "URUSAN PEMERINTAHAN WAJIB YANG TIDAK BERKAITAN DENGAN PELAYANAN DASAR",
            "id_bidang_urusan": 219,
            "kode_bidang_urusan": "2.19",
            "nama_bidang_urusan": "URUSAN PEMERINTAHAN BIDANG KEPEMUDAAN DAN OLAHRAGA",
            "id_sub_skpd": 644,
            "kode_sub_skpd": "2.19.0.00.0.00.01.0000",
            "nama_sub_skpd": "Dinas Kepemudaan dan Olahraga",
            "set_pagu_user": 0,
            "set_pagu_at": null,
            "id_program": 4451,
            "kode_program": "2.19.01",
            "nama_program": "PROGRAM PENUNJANG URUSAN PEMERINTAHAN DAERAH KABUPATEN/KOTA",
            "id_giat": 18379,
            "kode_giat": "2.19.01.2.09",
            "nama_giat": "Pemeliharaan Barang Milik Daerah Penunjang Urusan Pemerintahan Daerah",
            "pagu_giat": 99096000.0,
            "rinci_giat": null,
            "id_sub_giat": 60666,
            "kode_sub_giat": "2.19.01.2.09.0006",
            "nama_sub_giat": "Pemeliharaan Peralatan dan Mesin Lainnya",
            "pagu": 5000000.0,
            "pagu_indikatif": 5000000.0,
            "rincian": null,
            "kode_bl": "644.644.4451.18379",
            "kode_sbl": "644.644.4451.18379.60666",
            "kunci_bl": 1,
            "kunci_bl_rinci": 1,
            "user_created": "Drs. BAMBANG PRAMANA BUDI, M.Pd",
            "created_date": "24-03-2025",
            "created_time": "12:04",
            "user_updated": "Drs. BAMBANG PRAMANA BUDI, M.Pd",
            "updated_date": "03-07-2025",
            "updated_time": "12:27",
            "is_locked": 0
        }
    ]