[
        {
            "id_sub_bl": 62719,
            "id_daerah": 473,
            "tahun": 2026,
            "id_unit": 951,
            "id_skpd": 951,
            "created_user": 260199,
            "kode_skpd": "3.25.0.00.0.00.01.0000",
            "nama_skpd": "Dinas Perikanan",
            "id_urusan": 13,
            "kode_urusan": "3",
            "nama_urusan": "URUSAN PEMERINTAHAN PILIHAN",
            "id_bidang_urusan": 225,
            "kode_bidang_urusan": "3.25",
            "nama_bidang_urusan": "URUSAN PEMERINTAHAN BIDANG KELAUTAN  DAN PERIKANAN",
            "id_sub_skpd": 951,
            "kode_sub_skpd": "3.25.0.00.0.00.01.0000",
            "nama_sub_skpd": "Dinas Perikanan",
            "set_pagu_user": 260199,
            "set_pagu_at": "Fri, 20 Jun 2025 16:08:36 GMT",
            "id_program": 4115,
            "kode_program": "3.25.03",
            "nama_program": "PROGRAM PENGELOLAAN PERIKANAN TANGKAP",
            "id_giat": 17242,
            "kode_giat": "3.25.03.2.01",
            "nama_giat": "Pengelolaan Penangkapan Ikan di Wilayah Sungai, Danau, Waduk, Rawa, dan Genangan Air Lainnya yang Dapat Diusahakan dalam 1 (Satu) Daerah Kabupaten/ Kota",
            "pagu_giat": 326000000.0,
            "rinci_giat": null,
            "id_sub_giat": 56761,
            "kode_sub_giat": "3.25.03.2.01.0001",
            "nama_sub_giat": "Penyediaan Data dan Informasi Sumber Daya Ikan",
            "pagu": 50000000.0,
            "pagu_indikatif": 50000000.0,
            "rincian": null,
            "kode_bl": "951.951.4115.17242",
            "kode_sbl": "951.951.4115.17242.56761",
            "kunci_bl": 1,
            "kunci_bl_rinci": 1,
            "user_created": null,
            "created_date": "31-01-2025",
            "created_time": "16:12",
            "user_updated": null,
            "updated_date": "25-03-2025",
            "updated_time": "09:33",
            "is_locked": 0
        },
        {
            "id_sub_bl": 62725,
            "id_daerah": 473,
            "tahun": 2026,
            "id_unit": 951,
            "id_skpd": 951,
            "created_user": 260199,
            "kode_skpd": "3.25.0.00.0.00.01.0000",
            "nama_skpd": "Dinas Perikanan",
            "id_urusan": 13,
            "kode_urusan": "3",
            "nama_urusan": "URUSAN PEMERINTAHAN PILIHAN",
            "id_bidang_urusan": 225,
            "kode_bidang_urusan": "3.25",
            "nama_bidang_urusan": "URUSAN PEMERINTAHAN BIDANG KELAUTAN  DAN PERIKANAN",
            "id_sub_skpd": 951,
            "kode_sub_skpd": "3.25.0.00.0.00.01.0000",
            "nama_sub_skpd": "Dinas Perikanan",
            "set_pagu_user": 260199,
            "set_pagu_at": "Fri, 20 Jun 2025 16:08:36 GMT",
            "id_program": 4115,
            "kode_program": "3.25.03",
            "nama_program": "PROGRAM PENGELOLAAN PERIKANAN TANGKAP",
            "id_giat": 17242,
            "kode_giat": "3.25.03.2.01",
            "nama_giat": "Pengelolaan Penangkapan Ikan di Wilayah Sungai, Danau, Waduk, Rawa, dan Genangan Air Lainnya yang Dapat Diusahakan dalam 1 (Satu) Daerah Kabupaten/ Kota",
            "pagu_giat": 326000000.0,
            "rinci_giat": null,
            "id_sub_giat": 56762,
            "kode_sub_giat": "3.25.03.2.01.0002",
            "nama_sub_giat": "Penyediaan Prasarana Usaha Perikanan Tangkap",
            "pagu": 156000000.0,
            "pagu_indikatif": 156000000.0,
            "rincian": null,
            "kode_bl": "951.951.4115.17242",
            "kode_sbl": "951.951.4115.17242.56762",
            "kunci_bl": 1,
            "kunci_bl_rinci": 1,
            "user_created": null,
            "created_date": "31-01-2025",
            "created_time": "16:13",
            "user_updated": null,
            "updated_date": "25-03-2025",
            "updated_time": "09:34",
            "is_locked": 0
        },
        {
            "id_sub_bl": 62731,
            "id_daerah": 473,
            "tahun": 2026,
            "id_unit": 951,
            "id_skpd": 951,
            "created_user": 260199,
            "kode_skpd": "3.25.0.00.0.00.01.0000",
            "nama_skpd": "Dinas Perikanan",
            "id_urusan": 13,
            "kode_urusan": "3",
            "nama_urusan": "URUSAN PEMERINTAHAN PILIHAN",
            "id_bidang_urusan": 225,
            "kode_bidang_urusan": "3.25",
            "nama_bidang_urusan": "URUSAN PEMERINTAHAN BIDANG KELAUTAN  DAN PERIKANAN",
            "id_sub_skpd": 951,
            "kode_sub_skpd": "3.25.0.00.0.00.01.0000",
            "nama_sub_skpd": "Dinas Perikanan",
            "set_pagu_user": 260199,
            "set_pagu_at": "Fri, 20 Jun 2025 16:08:36 GMT",
            "id_program": 4115,
            "kode_program": "3.25.03",
            "nama_program": "PROGRAM PENGELOLAAN PERIKANAN TANGKAP",
            "id_giat": 17242,
            "kode_giat": "3.25.03.2.01",
            "nama_giat": "Pengelolaan Penangkapan Ikan di Wilayah Sungai, Danau, Waduk, Rawa, dan Genangan Air Lainnya yang Dapat Diusahakan dalam 1 (Satu) Daerah Kabupaten/ Kota",
            "pagu_giat": 326000000.0,
            "rinci_giat": null,
            "id_sub_giat": 56763,
            "kode_sub_giat": "3.25.03.2.01.0004",
            "nama_sub_giat": "Penyediaan Sarana Usaha Perikanan Tangkap",
            "pagu": 120000000.0,
            "pagu_indikatif": 120000000.0,
            "rincian": null,
            "kode_bl": "951.951.4115.17242",
            "kode_sbl": "951.951.4115.17242.56763",
            "kunci_bl": 1,
            "kunci_bl_rinci": 1,
            "user_created": null,
            "created_date": "31-01-2025",
            "created_time": "16:15",
            "user_updated": null,
            "updated_date": "25-03-2025",
            "updated_time": "09:34",
            "is_locked": 0
        },
        {
            "id_sub_bl": 62736,
            "id_daerah": 473,
            "tahun": 2026,
            "id_unit": 951,
            "id_skpd": 951,
            "created_user": 260199,
            "kode_skpd": "3.25.0.00.0.00.01.0000",
            "nama_skpd": "Dinas Perikanan",
            "id_urusan": 13,
            "kode_urusan": "3",
            "nama_urusan": "URUSAN PEMERINTAHAN PILIHAN",
            "id_bidang_urusan": 225,
            "kode_bidang_urusan": "3.25",
            "nama_bidang_urusan": "URUSAN PEMERINTAHAN BIDANG KELAUTAN  DAN PERIKANAN",
            "id_sub_skpd": 951,
            "kode_sub_skpd": "3.25.0.00.0.00.01.0000",
            "nama_sub_skpd": "Dinas Perikanan",
            "set_pagu_user": 260199,
            "set_pagu_at": "Fri, 20 Jun 2025 16:08:36 GMT",
            "id_program": 4115,
            "kode_program": "3.25.03",
            "nama_program": "PROGRAM PENGELOLAAN PERIKANAN TANGKAP",
            "id_giat": 17243,
            "kode_giat": "3.25.03.2.02",
            "nama_giat": "Pemberdayaan Nelayan Kecil dalam Daerah Kabupaten/Kota",
            "pagu_giat": 100000000.0,
            "rinci_giat": null,
            "id_sub_giat": 56764,
            "kode_sub_giat": "3.25.03.2.02.0001",
            "nama_sub_giat": "Pengembangan Kapasitas Nelayan Kecil",
            "pagu": 50000000.0,
            "pagu_indikatif": 50000000.0,
            "rincian": null,
            "kode_bl": "951.951.4115.17243",
            "kode_sbl": "951.951.4115.17243.56764",
            "kunci_bl": 1,
            "kunci_bl_rinci": 1,
            "user_created": null,
            "created_date": "31-01-2025",
            "created_time": "16:17",
            "user_updated": null,
            "updated_date": "20-06-2025",
            "updated_time": "15:57",
            "is_locked": 0
        },
        {
            "id_sub_bl": 62738,
            "id_daerah": 473,
            "tahun": 2026,
            "id_unit": 951,
            "id_skpd": 951,
            "created_user": 260199,
            "kode_skpd": "3.25.0.00.0.00.01.0000",
            "nama_skpd": "Dinas Perikanan",
            "id_urusan": 13,
            "kode_urusan": "3",
            "nama_urusan": "URUSAN PEMERINTAHAN PILIHAN",
            "id_bidang_urusan": 225,
            "kode_bidang_urusan": "3.25",
            "nama_bidang_urusan": "URUSAN PEMERINTAHAN BIDANG KELAUTAN  DAN PERIKANAN",
            "id_sub_skpd": 951,
            "kode_sub_skpd": "3.25.0.00.0.00.01.0000",
            "nama_sub_skpd": "Dinas Perikanan",
            "set_pagu_user": 260199,
            "set_pagu_at": "Fri, 20 Jun 2025 16:08:36 GMT",
            "id_program": 4115,
            "kode_program": "3.25.03",
            "nama_program": "PROGRAM PENGELOLAAN PERIKANAN TANGKAP",
            "id_giat": 17243,
            "kode_giat": "3.25.03.2.02",
            "nama_giat": "Pemberdayaan Nelayan Kecil dalam Daerah Kabupaten/Kota",
            "pagu_giat": 100000000.0,
            "rinci_giat": null,
            "id_sub_giat": 56765,
            "kode_sub_giat": "3.25.03.2.02.0002",
            "nama_sub_giat": "Pelaksanaan Fasilitasi Pembentukan dan Pengembangan Kelembagaan Nelayan Kecil",
            "pagu": 50000000.0,
            "pagu_indikatif": 50000000.0,
            "rincian": null,
            "kode_bl": "951.951.4115.17243",
            "kode_sbl": "951.951.4115.17243.56765",
            "kunci_bl": 1,
            "kunci_bl_rinci": 1,
            "user_created": null,
            "created_date": "31-01-2025",
            "created_time": "16:18",
            "user_updated": null,
            "updated_date": "20-06-2025",
            "updated_time": "15:57",
            "is_locked": 0
        },
        {
            "id_sub_bl": 62744,
            "id_daerah": 473,
            "tahun": 2026,
            "id_unit": 951,
            "id_skpd": 951,
            "created_user": 260199,
            "kode_skpd": "3.25.0.00.0.00.01.0000",
            "nama_skpd": "Dinas Perikanan",
            "id_urusan": 13,
            "kode_urusan": "3",
            "nama_urusan": "URUSAN PEMERINTAHAN PILIHAN",
            "id_bidang_urusan": 225,
            "kode_bidang_urusan": "3.25",
            "nama_bidang_urusan": "URUSAN PEMERINTAHAN BIDANG KELAUTAN  DAN PERIKANAN",
            "id_sub_skpd": 951,
            "kode_sub_skpd": "3.25.0.00.0.00.01.0000",
            "nama_sub_skpd": "Dinas Perikanan",
            "set_pagu_user": 260199,
            "set_pagu_at": "Fri, 20 Jun 2025 16:08:36 GMT",
            "id_program": 4115,
            "kode_program": "3.25.03",
            "nama_program": "PROGRAM PENGELOLAAN PERIKANAN TANGKAP",
            "id_giat": 17244,
            "kode_giat": "3.25.03.2.03",
            "nama_giat": "Pengelolaan dan Penyelenggaraan Tempat Pelelangan Ikan (TPI)",
            "pagu_giat": 10000000.0,
            "rinci_giat": null,
            "id_sub_giat": 56769,
            "kode_sub_giat": "3.25.03.2.03.0002",
            "nama_sub_giat": "Pelayanan Penyelenggaraan Tempat Pelelangan Ikan (TPI)",
            "pagu": 10000000.0,
            "pagu_indikatif": 10000000.0,
            "rincian": null,
            "kode_bl": "951.951.4115.17244",
            "kode_sbl": "951.951.4115.17244.56769",
            "kunci_bl": 1,
            "kunci_bl_rinci": 1,
            "user_created": null,
            "created_date": "31-01-2025",
            "created_time": "16:19",
            "user_updated": null,
            "updated_date": "20-06-2025",
            "updated_time": "15:57",
            "is_locked": 0
        },
        {
            "id_sub_bl": 62747,
            "id_daerah": 473,
            "tahun": 2026,
            "id_unit": 951,
            "id_skpd": 951,
            "created_user": 260199,
            "kode_skpd": "3.25.0.00.0.00.01.0000",
            "nama_skpd": "Dinas Perikanan",
            "id_urusan": 13,
            "kode_urusan": "3",
            "nama_urusan": "URUSAN PEMERINTAHAN PILIHAN",
            "id_bidang_urusan": 225,
            "kode_bidang_urusan": "3.25",
            "nama_bidang_urusan": "URUSAN PEMERINTAHAN BIDANG KELAUTAN  DAN PERIKANAN",
            "id_sub_skpd": 951,
            "kode_sub_skpd": "3.25.0.00.0.00.01.0000",
            "nama_sub_skpd": "Dinas Perikanan",
            "set_pagu_user": 260199,
            "set_pagu_at": "Fri, 20 Jun 2025 16:08:36 GMT",
            "id_program": 4129,
            "kode_program": "3.25.04",
            "nama_program": "PROGRAM PENGELOLAAN PERIKANAN BUDIDAYA",
            "id_giat": 17319,
            "kode_giat": "3.25.04.2.02",
            "nama_giat": "Pemberdayaan Pembudi Daya Ikan Kecil",
            "pagu_giat": 50000000.0,
            "rinci_giat": null,
            "id_sub_giat": 56919,
            "kode_sub_giat": "3.25.04.2.02.0001",
            "nama_sub_giat": "Pengembangan Kapasitas Pembudi Daya Ikan Kecil",
            "pagu": 20000000.0,
            "pagu_indikatif": 20000000.0,
            "rincian": null,
            "kode_bl": "951.951.4129.17319",
            "kode_sbl": "951.951.4129.17319.56919",
            "kunci_bl": 1,
            "kunci_bl_rinci": 1,
            "user_created": null,
            "created_date": "31-01-2025",
            "created_time": "16:20",
            "user_updated": null,
            "updated_date": "25-03-2025",
            "updated_time": "09:35",
            "is_locked": 0
        },
        {
            "id_sub_bl": 62750,
            "id_daerah": 473,
            "tahun": 2026,
            "id_unit": 951,
            "id_skpd": 951,
            "created_user": 260199,
            "kode_skpd": "3.25.0.00.0.00.01.0000",
            "nama_skpd": "Dinas Perikanan",
            "id_urusan": 13,
            "kode_urusan": "3",
            "nama_urusan": "URUSAN PEMERINTAHAN PILIHAN",
            "id_bidang_urusan": 225,
            "kode_bidang_urusan": "3.25",
            "nama_bidang_urusan": "URUSAN PEMERINTAHAN BIDANG KELAUTAN  DAN PERIKANAN",
            "id_sub_skpd": 951,
            "kode_sub_skpd": "3.25.0.00.0.00.01.0000",
            "nama_sub_skpd": "Dinas Perikanan",
            "set_pagu_user": 260199,
            "set_pagu_at": "Fri, 20 Jun 2025 16:08:36 GMT",
            "id_program": 4129,
            "kode_program": "3.25.04",
            "nama_program": "PROGRAM PENGELOLAAN PERIKANAN BUDIDAYA",
            "id_giat": 17319,
            "kode_giat": "3.25.04.2.02",
            "nama_giat": "Pemberdayaan Pembudi Daya Ikan Kecil",
            "pagu_giat": 50000000.0,
            "rinci_giat": null,
            "id_sub_giat": 56922,
            "kode_sub_giat": "3.25.04.2.02.0004",
            "nama_sub_giat": "Pemberian Pendampingan, Kemudahanan Akses Ilmu Pengetahuan, Teknologi dan Informasi, serta Penyelenggaraan Pendidikan dan Pelatihan",
            "pagu": 30000000.0,
            "pagu_indikatif": 30000000.0,
            "rincian": null,
            "kode_bl": "951.951.4129.17319",
            "kode_sbl": "951.951.4129.17319.56922",
            "kunci_bl": 1,
            "kunci_bl_rinci": 1,
            "user_created": null,
            "created_date": "31-01-2025",
            "created_time": "16:21",
            "user_updated": null,
            "updated_date": "20-06-2025",
            "updated_time": "15:58",
            "is_locked": 0
        },
        {
            "id_sub_bl": 62753,
            "id_daerah": 473,
            "tahun": 2026,
            "id_unit": 951,
            "id_skpd": 951,
            "created_user": 260199,
            "kode_skpd": "3.25.0.00.0.00.01.0000",
            "nama_skpd": "Dinas Perikanan",
            "id_urusan": 13,
            "kode_urusan": "3",
            "nama_urusan": "URUSAN PEMERINTAHAN PILIHAN",
            "id_bidang_urusan": 225,
            "kode_bidang_urusan": "3.25",
            "nama_bidang_urusan": "URUSAN PEMERINTAHAN BIDANG KELAUTAN  DAN PERIKANAN",
            "id_sub_skpd": 951,
            "kode_sub_skpd": "3.25.0.00.0.00.01.0000",
            "nama_sub_skpd": "Dinas Perikanan",
            "set_pagu_user": 260199,
            "set_pagu_at": "Fri, 20 Jun 2025 16:08:36 GMT",
            "id_program": 4129,
            "kode_program": "3.25.04",
            "nama_program": "PROGRAM PENGELOLAAN PERIKANAN BUDIDAYA",
            "id_giat": 17321,
            "kode_giat": "3.25.04.2.04",
            "nama_giat": "Pengelolaan Pembudidayaan Ikan",
            "pagu_giat": 1003670000.0,
            "rinci_giat": null,
            "id_sub_giat": 56927,
            "kode_sub_giat": "3.25.04.2.04.0002",
            "nama_sub_giat": "Penyediaan Prasarana Pembudidayaan Ikan dalam 1 (Satu) Daerah Kabupaten/Kota",
            "pagu": 853670000.0,
            "pagu_indikatif": 853670000.0,
            "rincian": null,
            "kode_bl": "951.951.4129.17321",
            "kode_sbl": "951.951.4129.17321.56927",
            "kunci_bl": 1,
            "kunci_bl_rinci": 1,
            "user_created": null,
            "created_date": "31-01-2025",
            "created_time": "16:22",
            "user_updated": null,
            "updated_date": "20-06-2025",
            "updated_time": "15:58",
            "is_locked": 0
        },
        {
            "id_sub_bl": 62756,
            "id_daerah": 473,
            "tahun": 2026,
            "id_unit": 951,
            "id_skpd": 951,
            "created_user": 260199,
            "kode_skpd": "3.25.0.00.0.00.01.0000",
            "nama_skpd": "Dinas Perikanan",
            "id_urusan": 13,
            "kode_urusan": "3",
            "nama_urusan": "URUSAN PEMERINTAHAN PILIHAN",
            "id_bidang_urusan": 225,
            "kode_bidang_urusan": "3.25",
            "nama_bidang_urusan": "URUSAN PEMERINTAHAN BIDANG KELAUTAN  DAN PERIKANAN",
            "id_sub_skpd": 951,
            "kode_sub_skpd": "3.25.0.00.0.00.01.0000",
            "nama_sub_skpd": "Dinas Perikanan",
            "set_pagu_user": 260199,
            "set_pagu_at": "Fri, 20 Jun 2025 16:08:36 GMT",
            "id_program": 4129,
            "kode_program": "3.25.04",
            "nama_program": "PROGRAM PENGELOLAAN PERIKANAN BUDIDAYA",
            "id_giat": 17321,
            "kode_giat": "3.25.04.2.04",
            "nama_giat": "Pengelolaan Pembudidayaan Ikan",
            "pagu_giat": 1003670000.0,
            "rinci_giat": null,
            "id_sub_giat": 56928,
            "kode_sub_giat": "3.25.04.2.04.0004",
            "nama_sub_giat": "Pengelolaan Kesehatan Ikan dan Lingkungan Budidaya dalam 1 (Satu) Daerah Kabupaten/Kota",
            "pagu": 0.0,
            "pagu_indikatif": 0.0,
            "rincian": null,
            "kode_bl": "951.951.4129.17321",
            "kode_sbl": "951.951.4129.17321.56928",
            "kunci_bl": 1,
            "kunci_bl_rinci": 1,
            "user_created": null,
            "created_date": "31-01-2025",
            "created_time": "16:23",
            "user_updated": null,
            "updated_date": "18-06-2025",
            "updated_time": "09:53",
            "is_locked": 0
        },
        {
            "id_sub_bl": 73240,
            "id_daerah": 473,
            "tahun": 2026,
            "id_unit": 951,
            "id_skpd": 951,
            "created_user": 260199,
            "kode_skpd": "3.25.0.00.0.00.01.0000",
            "nama_skpd": "Dinas Perikanan",
            "id_urusan": 13,
            "kode_urusan": "3",
            "nama_urusan": "URUSAN PEMERINTAHAN PILIHAN",
            "id_bidang_urusan": 225,
            "kode_bidang_urusan": "3.25",
            "nama_bidang_urusan": "URUSAN PEMERINTAHAN BIDANG KELAUTAN  DAN PERIKANAN",
            "id_sub_skpd": 951,
            "kode_sub_skpd": "3.25.0.00.0.00.01.0000",
            "nama_sub_skpd": "Dinas Perikanan",
            "set_pagu_user": 260199,
            "set_pagu_at": "Fri, 20 Jun 2025 16:08:36 GMT",
            "id_program": 4129,
            "kode_program": "3.25.04",
            "nama_program": "PROGRAM PENGELOLAAN PERIKANAN BUDIDAYA",
            "id_giat": 17321,
            "kode_giat": "3.25.04.2.04",
            "nama_giat": "Pengelolaan Pembudidayaan Ikan",
            "pagu_giat": 1003670000.0,
            "rinci_giat": null,
            "id_sub_giat": 56929,
            "kode_sub_giat": "3.25.04.2.04.0008",
            "nama_sub_giat": "Monitoring Kesehatan Ikan dan Lingkungan Budidaya dalam 1 (satu) Daerah Kabupaten/Kota",
            "pagu": 50000000.0,
            "pagu_indikatif": 50000000.0,
            "rincian": null,
            "kode_bl": "951.951.4129.17321",
            "kode_sbl": "951.951.4129.17321.56929",
            "kunci_bl": 1,
            "kunci_bl_rinci": 1,
            "user_created": null,
            "created_date": "25-03-2025",
            "created_time": "09:38",
            "user_updated": null,
            "updated_date": "18-06-2025",
            "updated_time": "15:49",
            "is_locked": 0
        },
        {
            "id_sub_bl": 62758,
            "id_daerah": 473,
            "tahun": 2026,
            "id_unit": 951,
            "id_skpd": 951,
            "created_user": 260199,
            "kode_skpd": "3.25.0.00.0.00.01.0000",
            "nama_skpd": "Dinas Perikanan",
            "id_urusan": 13,
            "kode_urusan": "3",
            "nama_urusan": "URUSAN PEMERINTAHAN PILIHAN",
            "id_bidang_urusan": 225,
            "kode_bidang_urusan": "3.25",
            "nama_bidang_urusan": "URUSAN PEMERINTAHAN BIDANG KELAUTAN  DAN PERIKANAN",
            "id_sub_skpd": 951,
            "kode_sub_skpd": "3.25.0.00.0.00.01.0000",
            "nama_sub_skpd": "Dinas Perikanan",
            "set_pagu_user": 260199,
            "set_pagu_at": "Fri, 20 Jun 2025 16:08:36 GMT",
            "id_program": 4129,
            "kode_program": "3.25.04",
            "nama_program": "PROGRAM PENGELOLAAN PERIKANAN BUDIDAYA",
            "id_giat": 17321,
            "kode_giat": "3.25.04.2.04",
            "nama_giat": "Pengelolaan Pembudidayaan Ikan",
            "pagu_giat": 1003670000.0,
            "rinci_giat": null,
            "id_sub_giat": 56930,
            "kode_sub_giat": "3.25.04.2.04.0009",
            "nama_sub_giat": "Penjaminan Ketersediaan Sarana Pembudidayaan Ikan dalam 1 (Satu) Daerah Kabupaten/Kota",
            "pagu": 100000000.0,
            "pagu_indikatif": 100000000.0,
            "rincian": null,
            "kode_bl": "951.951.4129.17321",
            "kode_sbl": "951.951.4129.17321.56930",
            "kunci_bl": 1,
            "kunci_bl_rinci": 1,
            "user_created": null,
            "created_date": "31-01-2025",
            "created_time": "16:23",
            "user_updated": null,
            "updated_date": "20-06-2025",
            "updated_time": "15:59",
            "is_locked": 0
        },
        {
            "id_sub_bl": 62762,
            "id_daerah": 473,
            "tahun": 2026,
            "id_unit": 951,
            "id_skpd": 951,
            "created_user": 260199,
            "kode_skpd": "3.25.0.00.0.00.01.0000",
            "nama_skpd": "Dinas Perikanan",
            "id_urusan": 13,
            "kode_urusan": "3",
            "nama_urusan": "URUSAN PEMERINTAHAN PILIHAN",
            "id_bidang_urusan": 225,
            "kode_bidang_urusan": "3.25",
            "nama_bidang_urusan": "URUSAN PEMERINTAHAN BIDANG KELAUTAN  DAN PERIKANAN",
            "id_sub_skpd": 951,
            "kode_sub_skpd": "3.25.0.00.0.00.01.0000",
            "nama_sub_skpd": "Dinas Perikanan",
            "set_pagu_user": 260199,
            "set_pagu_at": "Fri, 20 Jun 2025 16:08:36 GMT",
            "id_program": 4129,
            "kode_program": "3.25.04",
            "nama_program": "PROGRAM PENGELOLAAN PERIKANAN BUDIDAYA",
            "id_giat": 17321,
            "kode_giat": "3.25.04.2.04",
            "nama_giat": "Pengelolaan Pembudidayaan Ikan",
            "pagu_giat": 1003670000.0,
            "rinci_giat": null,
            "id_sub_giat": 56933,
            "kode_sub_giat": "3.25.04.2.04.0012",
            "nama_sub_giat": "Perencanaan, Pengembangan, Pemanfaatan dan Perlindungan Lahan untuk Pembudidayaan Ikan di Darat",
            "pagu": 0.0,
            "pagu_indikatif": 0.0,
            "rincian": null,
            "kode_bl": "951.951.4129.17321",
            "kode_sbl": "951.951.4129.17321.56933",
            "kunci_bl": 1,
            "kunci_bl_rinci": 1,
            "user_created": null,
            "created_date": "31-01-2025",
            "created_time": "16:24",
            "user_updated": null,
            "updated_date": "27-03-2025",
            "updated_time": "11:11",
            "is_locked": 0
        },
        {
            "id_sub_bl": 73241,
            "id_daerah": 473,
            "tahun": 2026,
            "id_unit": 951,
            "id_skpd": 951,
            "created_user": 260199,
            "kode_skpd": "3.25.0.00.0.00.01.0000",
            "nama_skpd": "Dinas Perikanan",
            "id_urusan": 13,
            "kode_urusan": "3",
            "nama_urusan": "URUSAN PEMERINTAHAN PILIHAN",
            "id_bidang_urusan": 225,
            "kode_bidang_urusan": "3.25",
            "nama_bidang_urusan": "URUSAN PEMERINTAHAN BIDANG KELAUTAN  DAN PERIKANAN",
            "id_sub_skpd": 951,
            "kode_sub_skpd": "3.25.0.00.0.00.01.0000",
            "nama_sub_skpd": "Dinas Perikanan",
            "set_pagu_user": 260199,
            "set_pagu_at": "Fri, 20 Jun 2025 16:08:36 GMT",
            "id_program": 4145,
            "kode_program": "3.25.06",
            "nama_program": "PROGRAM PENGOLAHAN DAN PEMASARAN HASIL PERIKANAN",
            "id_giat": 17346,
            "kode_giat": "3.25.06.2.01",
            "nama_giat": "Penerbitan Tanda Daftar Usaha Pengolahan Hasil Perikanan bagi Usaha Skala Mikro dan Kecil",
            "pagu_giat": 0.0,
            "rinci_giat": null,
            "id_sub_giat": 57003,
            "kode_sub_giat": "3.25.06.2.01.0005",
            "nama_sub_giat": "Penyediaan Data dan Informasi Usaha Pemasaran dan Pengolahan Hasil Perikanan dalam 1 (Satu) Daerah Kabupaten/Kota berdasarkan skala usaha dan risiko",
            "pagu": 0.0,
            "pagu_indikatif": 0.0,
            "rincian": null,
            "kode_bl": "951.951.4145.17346",
            "kode_sbl": "951.951.4145.17346.57003",
            "kunci_bl": 1,
            "kunci_bl_rinci": 1,
            "user_created": null,
            "created_date": "25-03-2025",
            "created_time": "09:42",
            "user_updated": null,
            "updated_date": "25-03-2025",
            "updated_time": "09:42",
            "is_locked": 0
        },
        {
            "id_sub_bl": 62776,
            "id_daerah": 473,
            "tahun": 2026,
            "id_unit": 951,
            "id_skpd": 951,
            "created_user": 260199,
            "kode_skpd": "3.25.0.00.0.00.01.0000",
            "nama_skpd": "Dinas Perikanan",
            "id_urusan": 13,
            "kode_urusan": "3",
            "nama_urusan": "URUSAN PEMERINTAHAN PILIHAN",
            "id_bidang_urusan": 225,
            "kode_bidang_urusan": "3.25",
            "nama_bidang_urusan": "URUSAN PEMERINTAHAN BIDANG KELAUTAN  DAN PERIKANAN",
            "id_sub_skpd": 951,
            "kode_sub_skpd": "3.25.0.00.0.00.01.0000",
            "nama_sub_skpd": "Dinas Perikanan",
            "set_pagu_user": 260199,
            "set_pagu_at": "Fri, 20 Jun 2025 16:08:36 GMT",
            "id_program": 4145,
            "kode_program": "3.25.06",
            "nama_program": "PROGRAM PENGOLAHAN DAN PEMASARAN HASIL PERIKANAN",
            "id_giat": 17347,
            "kode_giat": "3.25.06.2.02",
            "nama_giat": "Pembinaan Mutu dan Keamanan Hasil Perikanan bagi Usaha Pengolahan dan Pemasaran Skala Mikro dan Kecil",
            "pagu_giat": 0.0,
            "rinci_giat": null,
            "id_sub_giat": 57004,
            "kode_sub_giat": "3.25.06.2.02.0002",
            "nama_sub_giat": "Pembinaan terhadap Penerapan Persyaratan Perizinan Berusaha Pada Usaha Pengolahan dan Pemasaran Hasil Perikanan sesuai Skala Usaha dan Risiko",
            "pagu": 0.0,
            "pagu_indikatif": 0.0,
            "rincian": null,
            "kode_bl": "951.951.4145.17347",
            "kode_sbl": "951.951.4145.17347.57004",
            "kunci_bl": 1,
            "kunci_bl_rinci": 1,
            "user_created": null,
            "created_date": "31-01-2025",
            "created_time": "16:32",
            "user_updated": null,
            "updated_date": "26-03-2025",
            "updated_time": "12:22",
            "is_locked": 0
        },
        {
            "id_sub_bl": 62775,
            "id_daerah": 473,
            "tahun": 2026,
            "id_unit": 951,
            "id_skpd": 951,
            "created_user": 260199,
            "kode_skpd": "3.25.0.00.0.00.01.0000",
            "nama_skpd": "Dinas Perikanan",
            "id_urusan": 13,
            "kode_urusan": "3",
            "nama_urusan": "URUSAN PEMERINTAHAN PILIHAN",
            "id_bidang_urusan": 225,
            "kode_bidang_urusan": "3.25",
            "nama_bidang_urusan": "URUSAN PEMERINTAHAN BIDANG KELAUTAN  DAN PERIKANAN",
            "id_sub_skpd": 951,
            "kode_sub_skpd": "3.25.0.00.0.00.01.0000",
            "nama_sub_skpd": "Dinas Perikanan",
            "set_pagu_user": 260199,
            "set_pagu_at": "Fri, 20 Jun 2025 16:08:36 GMT",
            "id_program": 4145,
            "kode_program": "3.25.06",
            "nama_program": "PROGRAM PENGOLAHAN DAN PEMASARAN HASIL PERIKANAN",
            "id_giat": 17348,
            "kode_giat": "3.25.06.2.03",
            "nama_giat": "Penyediaan dan Penyaluran Bahan Baku Industri Pengolahan Ikan dalam 1 (Satu) Daerah Kabupaten/ Kota",
            "pagu_giat": 185000000.0,
            "rinci_giat": null,
            "id_sub_giat": 57005,
            "kode_sub_giat": "3.25.06.2.03.0001",
            "nama_sub_giat": "Peningkatan Ketersediaan Ikan untuk Konsumsi dan Usaha Pengolahan dalam 1 (Satu) Daerah Kabupaten/Kota",
            "pagu": 30000000.0,
            "pagu_indikatif": 30000000.0,
            "rincian": null,
            "kode_bl": "951.951.4145.17348",
            "kode_sbl": "951.951.4145.17348.57005",
            "kunci_bl": 1,
            "kunci_bl_rinci": 1,
            "user_created": null,
            "created_date": "31-01-2025",
            "created_time": "16:31",
            "user_updated": null,
            "updated_date": "20-06-2025",
            "updated_time": "16:00",
            "is_locked": 0
        },
        {
            "id_sub_bl": 62767,
            "id_daerah": 473,
            "tahun": 2026,
            "id_unit": 951,
            "id_skpd": 951,
            "created_user": 260199,
            "kode_skpd": "3.25.0.00.0.00.01.0000",
            "nama_skpd": "Dinas Perikanan",
            "id_urusan": 13,
            "kode_urusan": "3",
            "nama_urusan": "URUSAN PEMERINTAHAN PILIHAN",
            "id_bidang_urusan": 225,
            "kode_bidang_urusan": "3.25",
            "nama_bidang_urusan": "URUSAN PEMERINTAHAN BIDANG KELAUTAN  DAN PERIKANAN",
            "id_sub_skpd": 951,
            "kode_sub_skpd": "3.25.0.00.0.00.01.0000",
            "nama_sub_skpd": "Dinas Perikanan",
            "set_pagu_user": 260199,
            "set_pagu_at": "Fri, 20 Jun 2025 16:08:36 GMT",
            "id_program": 4145,
            "kode_program": "3.25.06",
            "nama_program": "PROGRAM PENGOLAHAN DAN PEMASARAN HASIL PERIKANAN",
            "id_giat": 17348,
            "kode_giat": "3.25.06.2.03",
            "nama_giat": "Penyediaan dan Penyaluran Bahan Baku Industri Pengolahan Ikan dalam 1 (Satu) Daerah Kabupaten/ Kota",
            "pagu_giat": 185000000.0,
            "rinci_giat": null,
            "id_sub_giat": 57006,
            "kode_sub_giat": "3.25.06.2.03.0002",
            "nama_sub_giat": "Pemberian Fasilitas bagi Pelaku Usaha Perikanan Skala Mikro dan Kecil dalam 1 (Satu) Daerah Kabupaten/Kota",
            "pagu": 155000000.0,
            "pagu_indikatif": 155000000.0,
            "rincian": null,
            "kode_bl": "951.951.4145.17348",
            "kode_sbl": "951.951.4145.17348.57006",
            "kunci_bl": 1,
            "kunci_bl_rinci": 1,
            "user_created": null,
            "created_date": "31-01-2025",
            "created_time": "16:25",
            "user_updated": null,
            "updated_date": "20-06-2025",
            "updated_time": "16:00",
            "is_locked": 0
        },
        {
            "id_sub_bl": 62554,
            "id_daerah": 473,
            "tahun": 2026,
            "id_unit": 951,
            "id_skpd": 951,
            "created_user": 260199,
            "kode_skpd": "3.25.0.00.0.00.01.0000",
            "nama_skpd": "Dinas Perikanan",
            "id_urusan": 13,
            "kode_urusan": "3",
            "nama_urusan": "URUSAN PEMERINTAHAN PILIHAN",
            "id_bidang_urusan": 225,
            "kode_bidang_urusan": "3.25",
            "nama_bidang_urusan": "URUSAN PEMERINTAHAN BIDANG KELAUTAN  DAN PERIKANAN",
            "id_sub_skpd": 951,
            "kode_sub_skpd": "3.25.0.00.0.00.01.0000",
            "nama_sub_skpd": "Dinas Perikanan",
            "set_pagu_user": 260199,
            "set_pagu_at": "Fri, 20 Jun 2025 16:08:36 GMT",
            "id_program": 4451,
            "kode_program": "3.25.01",
            "nama_program": "PROGRAM PENUNJANG URUSAN PEMERINTAHAN DAERAH KABUPATEN/KOTA",
            "id_giat": 18371,
            "kode_giat": "3.25.01.2.01",
            "nama_giat": "Perencanaan, Penganggaran, dan Evaluasi Kinerja Perangkat Daerah",
            "pagu_giat": 93380000.0,
            "rinci_giat": null,
            "id_sub_giat": 60589,
            "kode_sub_giat": "3.25.01.2.01.0001",
            "nama_sub_giat": "Penyusunan Dokumen Perencanaan Perangkat Daerah",
            "pagu": 39800000.0,
            "pagu_indikatif": 39800000.0,
            "rincian": null,
            "kode_bl": "951.951.4451.18371",
            "kode_sbl": "951.951.4451.18371.60589",
            "kunci_bl": 1,
            "kunci_bl_rinci": 1,
            "user_created": null,
            "created_date": "31-01-2025",
            "created_time": "15:38",
            "user_updated": null,
            "updated_date": "20-06-2025",
            "updated_time": "15:30",
            "is_locked": 0
        },
        {
            "id_sub_bl": 62580,
            "id_daerah": 473,
            "tahun": 2026,
            "id_unit": 951,
            "id_skpd": 951,
            "created_user": 260199,
            "kode_skpd": "3.25.0.00.0.00.01.0000",
            "nama_skpd": "Dinas Perikanan",
            "id_urusan": 13,
            "kode_urusan": "3",
            "nama_urusan": "URUSAN PEMERINTAHAN PILIHAN",
            "id_bidang_urusan": 225,
            "kode_bidang_urusan": "3.25",
            "nama_bidang_urusan": "URUSAN PEMERINTAHAN BIDANG KELAUTAN  DAN PERIKANAN",
            "id_sub_skpd": 951,
            "kode_sub_skpd": "3.25.0.00.0.00.01.0000",
            "nama_sub_skpd": "Dinas Perikanan",
            "set_pagu_user": 260199,
            "set_pagu_at": "Fri, 20 Jun 2025 16:08:36 GMT",
            "id_program": 4451,
            "kode_program": "3.25.01",
            "nama_program": "PROGRAM PENUNJANG URUSAN PEMERINTAHAN DAERAH KABUPATEN/KOTA",
            "id_giat": 18371,
            "kode_giat": "3.25.01.2.01",
            "nama_giat": "Perencanaan, Penganggaran, dan Evaluasi Kinerja Perangkat Daerah",
            "pagu_giat": 93380000.0,
            "rinci_giat": null,
            "id_sub_giat": 60590,
            "kode_sub_giat": "3.25.01.2.01.0002",
            "nama_sub_giat": "Koordinasi dan Penyusunan Dokumen RKA-SKPD",
            "pagu": 3900000.0,
            "pagu_indikatif": 3900000.0,
            "rincian": null,
            "kode_bl": "951.951.4451.18371",
            "kode_sbl": "951.951.4451.18371.60590",
            "kunci_bl": 1,
            "kunci_bl_rinci": 1,
            "user_created": null,
            "created_date": "31-01-2025",
            "created_time": "15:44",
            "user_updated": null,
            "updated_date": "25-03-2025",
            "updated_time": "09:05",
            "is_locked": 0
        },
        {
            "id_sub_bl": 62590,
            "id_daerah": 473,
            "tahun": 2026,
            "id_unit": 951,
            "id_skpd": 951,
            "created_user": 260199,
            "kode_skpd": "3.25.0.00.0.00.01.0000",
            "nama_skpd": "Dinas Perikanan",
            "id_urusan": 13,
            "kode_urusan": "3",
            "nama_urusan": "URUSAN PEMERINTAHAN PILIHAN",
            "id_bidang_urusan": 225,
            "kode_bidang_urusan": "3.25",
            "nama_bidang_urusan": "URUSAN PEMERINTAHAN BIDANG KELAUTAN  DAN PERIKANAN",
            "id_sub_skpd": 951,
            "kode_sub_skpd": "3.25.0.00.0.00.01.0000",
            "nama_sub_skpd": "Dinas Perikanan",
            "set_pagu_user": 260199,
            "set_pagu_at": "Fri, 20 Jun 2025 16:08:36 GMT",
            "id_program": 4451,
            "kode_program": "3.25.01",
            "nama_program": "PROGRAM PENUNJANG URUSAN PEMERINTAHAN DAERAH KABUPATEN/KOTA",
            "id_giat": 18371,
            "kode_giat": "3.25.01.2.01",
            "nama_giat": "Perencanaan, Penganggaran, dan Evaluasi Kinerja Perangkat Daerah",
            "pagu_giat": 93380000.0,
            "rinci_giat": null,
            "id_sub_giat": 60591,
            "kode_sub_giat": "3.25.01.2.01.0003",
            "nama_sub_giat": "Koordinasi dan Penyusunan Dokumen Perubahan RKA-SKPD",
            "pagu": 4730000.0,
            "pagu_indikatif": 4730000.0,
            "rincian": null,
            "kode_bl": "951.951.4451.18371",
            "kode_sbl": "951.951.4451.18371.60591",
            "kunci_bl": 1,
            "kunci_bl_rinci": 1,
            "user_created": null,
            "created_date": "31-01-2025",
            "created_time": "15:46",
            "user_updated": null,
            "updated_date": "03-02-2025",
            "updated_time": "10:34",
            "is_locked": 0
        },
        {
            "id_sub_bl": 62593,
            "id_daerah": 473,
            "tahun": 2026,
            "id_unit": 951,
            "id_skpd": 951,
            "created_user": 260199,
            "kode_skpd": "3.25.0.00.0.00.01.0000",
            "nama_skpd": "Dinas Perikanan",
            "id_urusan": 13,
            "kode_urusan": "3",
            "nama_urusan": "URUSAN PEMERINTAHAN PILIHAN",
            "id_bidang_urusan": 225,
            "kode_bidang_urusan": "3.25",
            "nama_bidang_urusan": "URUSAN PEMERINTAHAN BIDANG KELAUTAN  DAN PERIKANAN",
            "id_sub_skpd": 951,
            "kode_sub_skpd": "3.25.0.00.0.00.01.0000",
            "nama_sub_skpd": "Dinas Perikanan",
            "set_pagu_user": 260199,
            "set_pagu_at": "Fri, 20 Jun 2025 16:08:36 GMT",
            "id_program": 4451,
            "kode_program": "3.25.01",
            "nama_program": "PROGRAM PENUNJANG URUSAN PEMERINTAHAN DAERAH KABUPATEN/KOTA",
            "id_giat": 18371,
            "kode_giat": "3.25.01.2.01",
            "nama_giat": "Perencanaan, Penganggaran, dan Evaluasi Kinerja Perangkat Daerah",
            "pagu_giat": 93380000.0,
            "rinci_giat": null,
            "id_sub_giat": 60592,
            "kode_sub_giat": "3.25.01.2.01.0004",
            "nama_sub_giat": "Koordinasi dan Penyusunan DPA-SKPD",
            "pagu": 3450000.0,
            "pagu_indikatif": 3450000.0,
            "rincian": null,
            "kode_bl": "951.951.4451.18371",
            "kode_sbl": "951.951.4451.18371.60592",
            "kunci_bl": 1,
            "kunci_bl_rinci": 1,
            "user_created": null,
            "created_date": "31-01-2025",
            "created_time": "15:47",
            "user_updated": null,
            "updated_date": "25-03-2025",
            "updated_time": "09:15",
            "is_locked": 0
        },
        {
            "id_sub_bl": 62610,
            "id_daerah": 473,
            "tahun": 2026,
            "id_unit": 951,
            "id_skpd": 951,
            "created_user": 260199,
            "kode_skpd": "3.25.0.00.0.00.01.0000",
            "nama_skpd": "Dinas Perikanan",
            "id_urusan": 13,
            "kode_urusan": "3",
            "nama_urusan": "URUSAN PEMERINTAHAN PILIHAN",
            "id_bidang_urusan": 225,
            "kode_bidang_urusan": "3.25",
            "nama_bidang_urusan": "URUSAN PEMERINTAHAN BIDANG KELAUTAN  DAN PERIKANAN",
            "id_sub_skpd": 951,
            "kode_sub_skpd": "3.25.0.00.0.00.01.0000",
            "nama_sub_skpd": "Dinas Perikanan",
            "set_pagu_user": 260199,
            "set_pagu_at": "Fri, 20 Jun 2025 16:08:36 GMT",
            "id_program": 4451,
            "kode_program": "3.25.01",
            "nama_program": "PROGRAM PENUNJANG URUSAN PEMERINTAHAN DAERAH KABUPATEN/KOTA",
            "id_giat": 18371,
            "kode_giat": "3.25.01.2.01",
            "nama_giat": "Perencanaan, Penganggaran, dan Evaluasi Kinerja Perangkat Daerah",
            "pagu_giat": 93380000.0,
            "rinci_giat": null,
            "id_sub_giat": 60593,
            "kode_sub_giat": "3.25.01.2.01.0005",
            "nama_sub_giat": "Koordinasi dan Penyusunan Perubahan DPA- SKPD",
            "pagu": 3700000.0,
            "pagu_indikatif": 3700000.0,
            "rincian": null,
            "kode_bl": "951.951.4451.18371",
            "kode_sbl": "951.951.4451.18371.60593",
            "kunci_bl": 1,
            "kunci_bl_rinci": 1,
            "user_created": null,
            "created_date": "31-01-2025",
            "created_time": "15:51",
            "user_updated": null,
            "updated_date": "25-03-2025",
            "updated_time": "09:16",
            "is_locked": 0
        },
        {
            "id_sub_bl": 62616,
            "id_daerah": 473,
            "tahun": 2026,
            "id_unit": 951,
            "id_skpd": 951,
            "created_user": 260199,
            "kode_skpd": "3.25.0.00.0.00.01.0000",
            "nama_skpd": "Dinas Perikanan",
            "id_urusan": 13,
            "kode_urusan": "3",
            "nama_urusan": "URUSAN PEMERINTAHAN PILIHAN",
            "id_bidang_urusan": 225,
            "kode_bidang_urusan": "3.25",
            "nama_bidang_urusan": "URUSAN PEMERINTAHAN BIDANG KELAUTAN  DAN PERIKANAN",
            "id_sub_skpd": 951,
            "kode_sub_skpd": "3.25.0.00.0.00.01.0000",
            "nama_sub_skpd": "Dinas Perikanan",
            "set_pagu_user": 260199,
            "set_pagu_at": "Fri, 20 Jun 2025 16:08:36 GMT",
            "id_program": 4451,
            "kode_program": "3.25.01",
            "nama_program": "PROGRAM PENUNJANG URUSAN PEMERINTAHAN DAERAH KABUPATEN/KOTA",
            "id_giat": 18371,
            "kode_giat": "3.25.01.2.01",
            "nama_giat": "Perencanaan, Penganggaran, dan Evaluasi Kinerja Perangkat Daerah",
            "pagu_giat": 93380000.0,
            "rinci_giat": null,
            "id_sub_giat": 60594,
            "kode_sub_giat": "3.25.01.2.01.0006",
            "nama_sub_giat": "Koordinasi dan Penyusunan Laporan Capaian Kinerja dan Ikhtisar Realisasi Kinerja SKPD",
            "pagu": 33800000.0,
            "pagu_indikatif": 33800000.0,
            "rincian": null,
            "kode_bl": "951.951.4451.18371",
            "kode_sbl": "951.951.4451.18371.60594",
            "kunci_bl": 1,
            "kunci_bl_rinci": 1,
            "user_created": null,
            "created_date": "31-01-2025",
            "created_time": "15:52",
            "user_updated": null,
            "updated_date": "25-03-2025",
            "updated_time": "09:16",
            "is_locked": 0
        },
        {
            "id_sub_bl": 62619,
            "id_daerah": 473,
            "tahun": 2026,
            "id_unit": 951,
            "id_skpd": 951,
            "created_user": 260199,
            "kode_skpd": "3.25.0.00.0.00.01.0000",
            "nama_skpd": "Dinas Perikanan",
            "id_urusan": 13,
            "kode_urusan": "3",
            "nama_urusan": "URUSAN PEMERINTAHAN PILIHAN",
            "id_bidang_urusan": 225,
            "kode_bidang_urusan": "3.25",
            "nama_bidang_urusan": "URUSAN PEMERINTAHAN BIDANG KELAUTAN  DAN PERIKANAN",
            "id_sub_skpd": 951,
            "kode_sub_skpd": "3.25.0.00.0.00.01.0000",
            "nama_sub_skpd": "Dinas Perikanan",
            "set_pagu_user": 260199,
            "set_pagu_at": "Fri, 20 Jun 2025 16:08:36 GMT",
            "id_program": 4451,
            "kode_program": "3.25.01",
            "nama_program": "PROGRAM PENUNJANG URUSAN PEMERINTAHAN DAERAH KABUPATEN/KOTA",
            "id_giat": 18371,
            "kode_giat": "3.25.01.2.01",
            "nama_giat": "Perencanaan, Penganggaran, dan Evaluasi Kinerja Perangkat Daerah",
            "pagu_giat": 93380000.0,
            "rinci_giat": null,
            "id_sub_giat": 60595,
            "kode_sub_giat": "3.25.01.2.01.0007",
            "nama_sub_giat": "Evaluasi Kinerja Perangkat Daerah",
            "pagu": 4000000.0,
            "pagu_indikatif": 4000000.0,
            "rincian": null,
            "kode_bl": "951.951.4451.18371",
            "kode_sbl": "951.951.4451.18371.60595",
            "kunci_bl": 1,
            "kunci_bl_rinci": 1,
            "user_created": null,
            "created_date": "31-01-2025",
            "created_time": "15:53",
            "user_updated": null,
            "updated_date": "20-06-2025",
            "updated_time": "15:44",
            "is_locked": 0
        },
        {
            "id_sub_bl": 62625,
            "id_daerah": 473,
            "tahun": 2026,
            "id_unit": 951,
            "id_skpd": 951,
            "created_user": 260199,
            "kode_skpd": "3.25.0.00.0.00.01.0000",
            "nama_skpd": "Dinas Perikanan",
            "id_urusan": 13,
            "kode_urusan": "3",
            "nama_urusan": "URUSAN PEMERINTAHAN PILIHAN",
            "id_bidang_urusan": 225,
            "kode_bidang_urusan": "3.25",
            "nama_bidang_urusan": "URUSAN PEMERINTAHAN BIDANG KELAUTAN  DAN PERIKANAN",
            "id_sub_skpd": 951,
            "kode_sub_skpd": "3.25.0.00.0.00.01.0000",
            "nama_sub_skpd": "Dinas Perikanan",
            "set_pagu_user": 260199,
            "set_pagu_at": "Fri, 20 Jun 2025 16:08:36 GMT",
            "id_program": 4451,
            "kode_program": "3.25.01",
            "nama_program": "PROGRAM PENUNJANG URUSAN PEMERINTAHAN DAERAH KABUPATEN/KOTA",
            "id_giat": 18372,
            "kode_giat": "3.25.01.2.02",
            "nama_giat": "Administrasi Keuangan Perangkat Daerah",
            "pagu_giat": 2699812714.0,
            "rinci_giat": null,
            "id_sub_giat": 60602,
            "kode_sub_giat": "3.25.01.2.02.0001",
            "nama_sub_giat": "Penyediaan Gaji dan Tunjangan ASN",
            "pagu": 2620112714.0,
            "pagu_indikatif": 2620112714.0,
            "rincian": null,
            "kode_bl": "951.951.4451.18372",
            "kode_sbl": "951.951.4451.18372.60602",
            "kunci_bl": 1,
            "kunci_bl_rinci": 1,
            "user_created": null,
            "created_date": "31-01-2025",
            "created_time": "15:53",
            "user_updated": null,
            "updated_date": "20-06-2025",
            "updated_time": "15:49",
            "is_locked": 0
        },
        {
            "id_sub_bl": 62630,
            "id_daerah": 473,
            "tahun": 2026,
            "id_unit": 951,
            "id_skpd": 951,
            "created_user": 260199,
            "kode_skpd": "3.25.0.00.0.00.01.0000",
            "nama_skpd": "Dinas Perikanan",
            "id_urusan": 13,
            "kode_urusan": "3",
            "nama_urusan": "URUSAN PEMERINTAHAN PILIHAN",
            "id_bidang_urusan": 225,
            "kode_bidang_urusan": "3.25",
            "nama_bidang_urusan": "URUSAN PEMERINTAHAN BIDANG KELAUTAN  DAN PERIKANAN",
            "id_sub_skpd": 951,
            "kode_sub_skpd": "3.25.0.00.0.00.01.0000",
            "nama_sub_skpd": "Dinas Perikanan",
            "set_pagu_user": 260199,
            "set_pagu_at": "Fri, 20 Jun 2025 16:08:36 GMT",
            "id_program": 4451,
            "kode_program": "3.25.01",
            "nama_program": "PROGRAM PENUNJANG URUSAN PEMERINTAHAN DAERAH KABUPATEN/KOTA",
            "id_giat": 18372,
            "kode_giat": "3.25.01.2.02",
            "nama_giat": "Administrasi Keuangan Perangkat Daerah",
            "pagu_giat": 2699812714.0,
            "rinci_giat": null,
            "id_sub_giat": 60604,
            "kode_sub_giat": "3.25.01.2.02.0003",
            "nama_sub_giat": "Pelaksanaan Penatausahaan dan\r\n\nPengujian/Verifikasi Keuangan SKPD",
            "pagu": 76900000.0,
            "pagu_indikatif": 76900000.0,
            "rincian": null,
            "kode_bl": "951.951.4451.18372",
            "kode_sbl": "951.951.4451.18372.60604",
            "kunci_bl": 1,
            "kunci_bl_rinci": 1,
            "user_created": null,
            "created_date": "31-01-2025",
            "created_time": "15:54",
            "user_updated": null,
            "updated_date": "20-06-2025",
            "updated_time": "15:51",
            "is_locked": 0
        },
        {
            "id_sub_bl": 62636,
            "id_daerah": 473,
            "tahun": 2026,
            "id_unit": 951,
            "id_skpd": 951,
            "created_user": 260199,
            "kode_skpd": "3.25.0.00.0.00.01.0000",
            "nama_skpd": "Dinas Perikanan",
            "id_urusan": 13,
            "kode_urusan": "3",
            "nama_urusan": "URUSAN PEMERINTAHAN PILIHAN",
            "id_bidang_urusan": 225,
            "kode_bidang_urusan": "3.25",
            "nama_bidang_urusan": "URUSAN PEMERINTAHAN BIDANG KELAUTAN  DAN PERIKANAN",
            "id_sub_skpd": 951,
            "kode_sub_skpd": "3.25.0.00.0.00.01.0000",
            "nama_sub_skpd": "Dinas Perikanan",
            "set_pagu_user": 260199,
            "set_pagu_at": "Fri, 20 Jun 2025 16:08:36 GMT",
            "id_program": 4451,
            "kode_program": "3.25.01",
            "nama_program": "PROGRAM PENUNJANG URUSAN PEMERINTAHAN DAERAH KABUPATEN/KOTA",
            "id_giat": 18372,
            "kode_giat": "3.25.01.2.02",
            "nama_giat": "Administrasi Keuangan Perangkat Daerah",
            "pagu_giat": 2699812714.0,
            "rinci_giat": null,
            "id_sub_giat": 60608,
            "kode_sub_giat": "3.25.01.2.02.0007",
            "nama_sub_giat": "Koordinasi dan Penyusunan Laporan Keuangan Bulanan/ Triwulanan/ Semesteran SKPD",
            "pagu": 2800000.0,
            "pagu_indikatif": 2800000.0,
            "rincian": null,
            "kode_bl": "951.951.4451.18372",
            "kode_sbl": "951.951.4451.18372.60608",
            "kunci_bl": 1,
            "kunci_bl_rinci": 1,
            "user_created": null,
            "created_date": "31-01-2025",
            "created_time": "15:55",
            "user_updated": null,
            "updated_date": "20-06-2025",
            "updated_time": "15:52",
            "is_locked": 0
        },
        {
            "id_sub_bl": 62639,
            "id_daerah": 473,
            "tahun": 2026,
            "id_unit": 951,
            "id_skpd": 951,
            "created_user": 260199,
            "kode_skpd": "3.25.0.00.0.00.01.0000",
            "nama_skpd": "Dinas Perikanan",
            "id_urusan": 13,
            "kode_urusan": "3",
            "nama_urusan": "URUSAN PEMERINTAHAN PILIHAN",
            "id_bidang_urusan": 225,
            "kode_bidang_urusan": "3.25",
            "nama_bidang_urusan": "URUSAN PEMERINTAHAN BIDANG KELAUTAN  DAN PERIKANAN",
            "id_sub_skpd": 951,
            "kode_sub_skpd": "3.25.0.00.0.00.01.0000",
            "nama_sub_skpd": "Dinas Perikanan",
            "set_pagu_user": 260199,
            "set_pagu_at": "Fri, 20 Jun 2025 16:08:36 GMT",
            "id_program": 4451,
            "kode_program": "3.25.01",
            "nama_program": "PROGRAM PENUNJANG URUSAN PEMERINTAHAN DAERAH KABUPATEN/KOTA",
            "id_giat": 18373,
            "kode_giat": "3.25.01.2.03",
            "nama_giat": "Administrasi Barang Milik Daerah pada Perangkat Daerah",
            "pagu_giat": 43400000.0,
            "rinci_giat": null,
            "id_sub_giat": 60615,
            "kode_sub_giat": "3.25.01.2.03.0006",
            "nama_sub_giat": "Penatausahaan Barang Milik Daerah pada SKPD",
            "pagu": 43400000.0,
            "pagu_indikatif": 43400000.0,
            "rincian": null,
            "kode_bl": "951.951.4451.18373",
            "kode_sbl": "951.951.4451.18373.60615",
            "kunci_bl": 1,
            "kunci_bl_rinci": 1,
            "user_created": null,
            "created_date": "31-01-2025",
            "created_time": "15:56",
            "user_updated": null,
            "updated_date": "25-03-2025",
            "updated_time": "09:22",
            "is_locked": 0
        },
        {
            "id_sub_bl": 62774,
            "id_daerah": 473,
            "tahun": 2026,
            "id_unit": 951,
            "id_skpd": 951,
            "created_user": 260199,
            "kode_skpd": "3.25.0.00.0.00.01.0000",
            "nama_skpd": "Dinas Perikanan",
            "id_urusan": 13,
            "kode_urusan": "3",
            "nama_urusan": "URUSAN PEMERINTAHAN PILIHAN",
            "id_bidang_urusan": 225,
            "kode_bidang_urusan": "3.25",
            "nama_bidang_urusan": "URUSAN PEMERINTAHAN BIDANG KELAUTAN  DAN PERIKANAN",
            "id_sub_skpd": 951,
            "kode_sub_skpd": "3.25.0.00.0.00.01.0000",
            "nama_sub_skpd": "Dinas Perikanan",
            "set_pagu_user": 260199,
            "set_pagu_at": "Fri, 20 Jun 2025 16:08:36 GMT",
            "id_program": 4451,
            "kode_program": "3.25.01",
            "nama_program": "PROGRAM PENUNJANG URUSAN PEMERINTAHAN DAERAH KABUPATEN/KOTA",
            "id_giat": 18375,
            "kode_giat": "3.25.01.2.05",
            "nama_giat": "Administrasi Kepegawaian Perangkat Daerah",
            "pagu_giat": 45000000.0,
            "rinci_giat": null,
            "id_sub_giat": 60625,
            "kode_sub_giat": "3.25.01.2.05.0002",
            "nama_sub_giat": "Pengadaan Pakaian Dinas beserta Atribut Kelengkapannya",
            "pagu": 45000000.0,
            "pagu_indikatif": 45000000.0,
            "rincian": null,
            "kode_bl": "951.951.4451.18375",
            "kode_sbl": "951.951.4451.18375.60625",
            "kunci_bl": 1,
            "kunci_bl_rinci": 1,
            "user_created": null,
            "created_date": "31-01-2025",
            "created_time": "16:30",
            "user_updated": null,
            "updated_date": "26-03-2025",
            "updated_time": "12:18",
            "is_locked": 0
        },
        {
            "id_sub_bl": 73239,
            "id_daerah": 473,
            "tahun": 2026,
            "id_unit": 951,
            "id_skpd": 951,
            "created_user": 260199,
            "kode_skpd": "3.25.0.00.0.00.01.0000",
            "nama_skpd": "Dinas Perikanan",
            "id_urusan": 13,
            "kode_urusan": "3",
            "nama_urusan": "URUSAN PEMERINTAHAN PILIHAN",
            "id_bidang_urusan": 225,
            "kode_bidang_urusan": "3.25",
            "nama_bidang_urusan": "URUSAN PEMERINTAHAN BIDANG KELAUTAN  DAN PERIKANAN",
            "id_sub_skpd": 951,
            "kode_sub_skpd": "3.25.0.00.0.00.01.0000",
            "nama_sub_skpd": "Dinas Perikanan",
            "set_pagu_user": 260199,
            "set_pagu_at": "Fri, 20 Jun 2025 16:08:36 GMT",
            "id_program": 4451,
            "kode_program": "3.25.01",
            "nama_program": "PROGRAM PENUNJANG URUSAN PEMERINTAHAN DAERAH KABUPATEN/KOTA",
            "id_giat": 18375,
            "kode_giat": "3.25.01.2.05",
            "nama_giat": "Administrasi Kepegawaian Perangkat Daerah",
            "pagu_giat": 45000000.0,
            "rinci_giat": null,
            "id_sub_giat": 60632,
            "kode_sub_giat": "3.25.01.2.05.0009",
            "nama_sub_giat": "Pendidikan dan Pelatihan Pegawai Berdasarkan Tugas dan Fungsi",
            "pagu": 0.0,
            "pagu_indikatif": 0.0,
            "rincian": null,
            "kode_bl": "951.951.4451.18375",
            "kode_sbl": "951.951.4451.18375.60632",
            "kunci_bl": 1,
            "kunci_bl_rinci": 1,
            "user_created": null,
            "created_date": "25-03-2025",
            "created_time": "09:24",
            "user_updated": null,
            "updated_date": null,
            "updated_time": null,
            "is_locked": 0
        },
        {
            "id_sub_bl": 62647,
            "id_daerah": 473,
            "tahun": 2026,
            "id_unit": 951,
            "id_skpd": 951,
            "created_user": 260199,
            "kode_skpd": "3.25.0.00.0.00.01.0000",
            "nama_skpd": "Dinas Perikanan",
            "id_urusan": 13,
            "kode_urusan": "3",
            "nama_urusan": "URUSAN PEMERINTAHAN PILIHAN",
            "id_bidang_urusan": 225,
            "kode_bidang_urusan": "3.25",
            "nama_bidang_urusan": "URUSAN PEMERINTAHAN BIDANG KELAUTAN  DAN PERIKANAN",
            "id_sub_skpd": 951,
            "kode_sub_skpd": "3.25.0.00.0.00.01.0000",
            "nama_sub_skpd": "Dinas Perikanan",
            "set_pagu_user": 260199,
            "set_pagu_at": "Fri, 20 Jun 2025 16:08:36 GMT",
            "id_program": 4451,
            "kode_program": "3.25.01",
            "nama_program": "PROGRAM PENUNJANG URUSAN PEMERINTAHAN DAERAH KABUPATEN/KOTA",
            "id_giat": 18376,
            "kode_giat": "3.25.01.2.06",
            "nama_giat": "Administrasi Umum Perangkat Daerah",
            "pagu_giat": 223562000.0,
            "rinci_giat": null,
            "id_sub_giat": 60636,
            "kode_sub_giat": "3.25.01.2.06.0002",
            "nama_sub_giat": "Penyediaan Peralatan dan Perlengkapan Kantor",
            "pagu": 0.0,
            "pagu_indikatif": 0.0,
            "rincian": null,
            "kode_bl": "951.951.4451.18376",
            "kode_sbl": "951.951.4451.18376.60636",
            "kunci_bl": 1,
            "kunci_bl_rinci": 1,
            "user_created": null,
            "created_date": "31-01-2025",
            "created_time": "15:57",
            "user_updated": null,
            "updated_date": "26-03-2025",
            "updated_time": "12:17",
            "is_locked": 0
        },
        {
            "id_sub_bl": 62648,
            "id_daerah": 473,
            "tahun": 2026,
            "id_unit": 951,
            "id_skpd": 951,
            "created_user": 260199,
            "kode_skpd": "3.25.0.00.0.00.01.0000",
            "nama_skpd": "Dinas Perikanan",
            "id_urusan": 13,
            "kode_urusan": "3",
            "nama_urusan": "URUSAN PEMERINTAHAN PILIHAN",
            "id_bidang_urusan": 225,
            "kode_bidang_urusan": "3.25",
            "nama_bidang_urusan": "URUSAN PEMERINTAHAN BIDANG KELAUTAN  DAN PERIKANAN",
            "id_sub_skpd": 951,
            "kode_sub_skpd": "3.25.0.00.0.00.01.0000",
            "nama_sub_skpd": "Dinas Perikanan",
            "set_pagu_user": 260199,
            "set_pagu_at": "Fri, 20 Jun 2025 16:08:36 GMT",
            "id_program": 4451,
            "kode_program": "3.25.01",
            "nama_program": "PROGRAM PENUNJANG URUSAN PEMERINTAHAN DAERAH KABUPATEN/KOTA",
            "id_giat": 18376,
            "kode_giat": "3.25.01.2.06",
            "nama_giat": "Administrasi Umum Perangkat Daerah",
            "pagu_giat": 223562000.0,
            "rinci_giat": null,
            "id_sub_giat": 60638,
            "kode_sub_giat": "3.25.01.2.06.0004",
            "nama_sub_giat": "Penyediaan Bahan Logistik Kantor",
            "pagu": 90000000.0,
            "pagu_indikatif": 90000000.0,
            "rincian": null,
            "kode_bl": "951.951.4451.18376",
            "kode_sbl": "951.951.4451.18376.60638",
            "kunci_bl": 1,
            "kunci_bl_rinci": 1,
            "user_created": null,
            "created_date": "31-01-2025",
            "created_time": "15:58",
            "user_updated": null,
            "updated_date": "20-06-2025",
            "updated_time": "15:52",
            "is_locked": 0
        },
        {
            "id_sub_bl": 62654,
            "id_daerah": 473,
            "tahun": 2026,
            "id_unit": 951,
            "id_skpd": 951,
            "created_user": 260199,
            "kode_skpd": "3.25.0.00.0.00.01.0000",
            "nama_skpd": "Dinas Perikanan",
            "id_urusan": 13,
            "kode_urusan": "3",
            "nama_urusan": "URUSAN PEMERINTAHAN PILIHAN",
            "id_bidang_urusan": 225,
            "kode_bidang_urusan": "3.25",
            "nama_bidang_urusan": "URUSAN PEMERINTAHAN BIDANG KELAUTAN  DAN PERIKANAN",
            "id_sub_skpd": 951,
            "kode_sub_skpd": "3.25.0.00.0.00.01.0000",
            "nama_sub_skpd": "Dinas Perikanan",
            "set_pagu_user": 260199,
            "set_pagu_at": "Fri, 20 Jun 2025 16:08:36 GMT",
            "id_program": 4451,
            "kode_program": "3.25.01",
            "nama_program": "PROGRAM PENUNJANG URUSAN PEMERINTAHAN DAERAH KABUPATEN/KOTA",
            "id_giat": 18376,
            "kode_giat": "3.25.01.2.06",
            "nama_giat": "Administrasi Umum Perangkat Daerah",
            "pagu_giat": 223562000.0,
            "rinci_giat": null,
            "id_sub_giat": 60639,
            "kode_sub_giat": "3.25.01.2.06.0005",
            "nama_sub_giat": "Penyediaan Barang Cetakan dan Penggandaan",
            "pagu": 5754000.0,
            "pagu_indikatif": 5754000.0,
            "rincian": null,
            "kode_bl": "951.951.4451.18376",
            "kode_sbl": "951.951.4451.18376.60639",
            "kunci_bl": 1,
            "kunci_bl_rinci": 1,
            "user_created": null,
            "created_date": "31-01-2025",
            "created_time": "15:59",
            "user_updated": null,
            "updated_date": "25-03-2025",
            "updated_time": "09:28",
            "is_locked": 0
        },
        {
            "id_sub_bl": 62662,
            "id_daerah": 473,
            "tahun": 2026,
            "id_unit": 951,
            "id_skpd": 951,
            "created_user": 260199,
            "kode_skpd": "3.25.0.00.0.00.01.0000",
            "nama_skpd": "Dinas Perikanan",
            "id_urusan": 13,
            "kode_urusan": "3",
            "nama_urusan": "URUSAN PEMERINTAHAN PILIHAN",
            "id_bidang_urusan": 225,
            "kode_bidang_urusan": "3.25",
            "nama_bidang_urusan": "URUSAN PEMERINTAHAN BIDANG KELAUTAN  DAN PERIKANAN",
            "id_sub_skpd": 951,
            "kode_sub_skpd": "3.25.0.00.0.00.01.0000",
            "nama_sub_skpd": "Dinas Perikanan",
            "set_pagu_user": 260199,
            "set_pagu_at": "Fri, 20 Jun 2025 16:08:36 GMT",
            "id_program": 4451,
            "kode_program": "3.25.01",
            "nama_program": "PROGRAM PENUNJANG URUSAN PEMERINTAHAN DAERAH KABUPATEN/KOTA",
            "id_giat": 18376,
            "kode_giat": "3.25.01.2.06",
            "nama_giat": "Administrasi Umum Perangkat Daerah",
            "pagu_giat": 223562000.0,
            "rinci_giat": null,
            "id_sub_giat": 60640,
            "kode_sub_giat": "3.25.01.2.06.0006",
            "nama_sub_giat": "Penyediaan Bahan Bacaan dan Peraturan Perundang-undangan",
            "pagu": 7808000.0,
            "pagu_indikatif": 7808000.0,
            "rincian": null,
            "kode_bl": "951.951.4451.18376",
            "kode_sbl": "951.951.4451.18376.60640",
            "kunci_bl": 1,
            "kunci_bl_rinci": 1,
            "user_created": null,
            "created_date": "31-01-2025",
            "created_time": "16:00",
            "user_updated": null,
            "updated_date": "25-03-2025",
            "updated_time": "09:28",
            "is_locked": 0
        },
        {
            "id_sub_bl": 62663,
            "id_daerah": 473,
            "tahun": 2026,
            "id_unit": 951,
            "id_skpd": 951,
            "created_user": 260199,
            "kode_skpd": "3.25.0.00.0.00.01.0000",
            "nama_skpd": "Dinas Perikanan",
            "id_urusan": 13,
            "kode_urusan": "3",
            "nama_urusan": "URUSAN PEMERINTAHAN PILIHAN",
            "id_bidang_urusan": 225,
            "kode_bidang_urusan": "3.25",
            "nama_bidang_urusan": "URUSAN PEMERINTAHAN BIDANG KELAUTAN  DAN PERIKANAN",
            "id_sub_skpd": 951,
            "kode_sub_skpd": "3.25.0.00.0.00.01.0000",
            "nama_sub_skpd": "Dinas Perikanan",
            "set_pagu_user": 260199,
            "set_pagu_at": "Fri, 20 Jun 2025 16:08:36 GMT",
            "id_program": 4451,
            "kode_program": "3.25.01",
            "nama_program": "PROGRAM PENUNJANG URUSAN PEMERINTAHAN DAERAH KABUPATEN/KOTA",
            "id_giat": 18376,
            "kode_giat": "3.25.01.2.06",
            "nama_giat": "Administrasi Umum Perangkat Daerah",
            "pagu_giat": 223562000.0,
            "rinci_giat": null,
            "id_sub_giat": 60643,
            "kode_sub_giat": "3.25.01.2.06.0009",
            "nama_sub_giat": "Penyelenggaraan Rapat Koordinasi dan Konsultasi SKPD",
            "pagu": 120000000.0,
            "pagu_indikatif": 120000000.0,
            "rincian": null,
            "kode_bl": "951.951.4451.18376",
            "kode_sbl": "951.951.4451.18376.60643",
            "kunci_bl": 1,
            "kunci_bl_rinci": 1,
            "user_created": null,
            "created_date": "31-01-2025",
            "created_time": "16:01",
            "user_updated": null,
            "updated_date": "20-06-2025",
            "updated_time": "15:53",
            "is_locked": 0
        },
        {
            "id_sub_bl": 62673,
            "id_daerah": 473,
            "tahun": 2026,
            "id_unit": 951,
            "id_skpd": 951,
            "created_user": 260199,
            "kode_skpd": "3.25.0.00.0.00.01.0000",
            "nama_skpd": "Dinas Perikanan",
            "id_urusan": 13,
            "kode_urusan": "3",
            "nama_urusan": "URUSAN PEMERINTAHAN PILIHAN",
            "id_bidang_urusan": 225,
            "kode_bidang_urusan": "3.25",
            "nama_bidang_urusan": "URUSAN PEMERINTAHAN BIDANG KELAUTAN  DAN PERIKANAN",
            "id_sub_skpd": 951,
            "kode_sub_skpd": "3.25.0.00.0.00.01.0000",
            "nama_sub_skpd": "Dinas Perikanan",
            "set_pagu_user": 260199,
            "set_pagu_at": "Fri, 20 Jun 2025 16:08:36 GMT",
            "id_program": 4451,
            "kode_program": "3.25.01",
            "nama_program": "PROGRAM PENUNJANG URUSAN PEMERINTAHAN DAERAH KABUPATEN/KOTA",
            "id_giat": 18377,
            "kode_giat": "3.25.01.2.07",
            "nama_giat": "Pengadaan Barang Milik Daerah Penunjang Urusan Pemerintah Daerah",
            "pagu_giat": 115000000.0,
            "rinci_giat": null,
            "id_sub_giat": 60647,
            "kode_sub_giat": "3.25.01.2.07.0002",
            "nama_sub_giat": "Pengadaan Kendaraan Dinas Operasional atau Lapangan",
            "pagu": 30000000.0,
            "pagu_indikatif": 30000000.0,
            "rincian": null,
            "kode_bl": "951.951.4451.18377",
            "kode_sbl": "951.951.4451.18377.60647",
            "kunci_bl": 1,
            "kunci_bl_rinci": 1,
            "user_created": null,
            "created_date": "31-01-2025",
            "created_time": "16:03",
            "user_updated": null,
            "updated_date": "20-06-2025",
            "updated_time": "16:02",
            "is_locked": 0
        },
        {
            "id_sub_bl": 62666,
            "id_daerah": 473,
            "tahun": 2026,
            "id_unit": 951,
            "id_skpd": 951,
            "created_user": 260199,
            "kode_skpd": "3.25.0.00.0.00.01.0000",
            "nama_skpd": "Dinas Perikanan",
            "id_urusan": 13,
            "kode_urusan": "3",
            "nama_urusan": "URUSAN PEMERINTAHAN PILIHAN",
            "id_bidang_urusan": 225,
            "kode_bidang_urusan": "3.25",
            "nama_bidang_urusan": "URUSAN PEMERINTAHAN BIDANG KELAUTAN  DAN PERIKANAN",
            "id_sub_skpd": 951,
            "kode_sub_skpd": "3.25.0.00.0.00.01.0000",
            "nama_sub_skpd": "Dinas Perikanan",
            "set_pagu_user": 260199,
            "set_pagu_at": "Fri, 20 Jun 2025 16:08:36 GMT",
            "id_program": 4451,
            "kode_program": "3.25.01",
            "nama_program": "PROGRAM PENUNJANG URUSAN PEMERINTAHAN DAERAH KABUPATEN/KOTA",
            "id_giat": 18377,
            "kode_giat": "3.25.01.2.07",
            "nama_giat": "Pengadaan Barang Milik Daerah Penunjang Urusan Pemerintah Daerah",
            "pagu_giat": 115000000.0,
            "rinci_giat": null,
            "id_sub_giat": 60650,
            "kode_sub_giat": "3.25.01.2.07.0005",
            "nama_sub_giat": "Pengadaan Mebel",
            "pagu": 15000000.0,
            "pagu_indikatif": 15000000.0,
            "rincian": null,
            "kode_bl": "951.951.4451.18377",
            "kode_sbl": "951.951.4451.18377.60650",
            "kunci_bl": 1,
            "kunci_bl_rinci": 1,
            "user_created": null,
            "created_date": "31-01-2025",
            "created_time": "16:02",
            "user_updated": null,
            "updated_date": "26-03-2025",
            "updated_time": "12:12",
            "is_locked": 0
        },
        {
            "id_sub_bl": 62679,
            "id_daerah": 473,
            "tahun": 2026,
            "id_unit": 951,
            "id_skpd": 951,
            "created_user": 260199,
            "kode_skpd": "3.25.0.00.0.00.01.0000",
            "nama_skpd": "Dinas Perikanan",
            "id_urusan": 13,
            "kode_urusan": "3",
            "nama_urusan": "URUSAN PEMERINTAHAN PILIHAN",
            "id_bidang_urusan": 225,
            "kode_bidang_urusan": "3.25",
            "nama_bidang_urusan": "URUSAN PEMERINTAHAN BIDANG KELAUTAN  DAN PERIKANAN",
            "id_sub_skpd": 951,
            "kode_sub_skpd": "3.25.0.00.0.00.01.0000",
            "nama_sub_skpd": "Dinas Perikanan",
            "set_pagu_user": 260199,
            "set_pagu_at": "Fri, 20 Jun 2025 16:08:36 GMT",
            "id_program": 4451,
            "kode_program": "3.25.01",
            "nama_program": "PROGRAM PENUNJANG URUSAN PEMERINTAHAN DAERAH KABUPATEN/KOTA",
            "id_giat": 18377,
            "kode_giat": "3.25.01.2.07",
            "nama_giat": "Pengadaan Barang Milik Daerah Penunjang Urusan Pemerintah Daerah",
            "pagu_giat": 115000000.0,
            "rinci_giat": null,
            "id_sub_giat": 60651,
            "kode_sub_giat": "3.25.01.2.07.0006",
            "nama_sub_giat": "Pengadaan Peralatan dan Mesin Lainnya",
            "pagu": 70000000.0,
            "pagu_indikatif": 70000000.0,
            "rincian": null,
            "kode_bl": "951.951.4451.18377",
            "kode_sbl": "951.951.4451.18377.60651",
            "kunci_bl": 1,
            "kunci_bl_rinci": 1,
            "user_created": null,
            "created_date": "31-01-2025",
            "created_time": "16:04",
            "user_updated": null,
            "updated_date": "20-06-2025",
            "updated_time": "15:54",
            "is_locked": 0
        },
        {
            "id_sub_bl": 62682,
            "id_daerah": 473,
            "tahun": 2026,
            "id_unit": 951,
            "id_skpd": 951,
            "created_user": 260199,
            "kode_skpd": "3.25.0.00.0.00.01.0000",
            "nama_skpd": "Dinas Perikanan",
            "id_urusan": 13,
            "kode_urusan": "3",
            "nama_urusan": "URUSAN PEMERINTAHAN PILIHAN",
            "id_bidang_urusan": 225,
            "kode_bidang_urusan": "3.25",
            "nama_bidang_urusan": "URUSAN PEMERINTAHAN BIDANG KELAUTAN  DAN PERIKANAN",
            "id_sub_skpd": 951,
            "kode_sub_skpd": "3.25.0.00.0.00.01.0000",
            "nama_sub_skpd": "Dinas Perikanan",
            "set_pagu_user": 260199,
            "set_pagu_at": "Fri, 20 Jun 2025 16:08:36 GMT",
            "id_program": 4451,
            "kode_program": "3.25.01",
            "nama_program": "PROGRAM PENUNJANG URUSAN PEMERINTAHAN DAERAH KABUPATEN/KOTA",
            "id_giat": 18378,
            "kode_giat": "3.25.01.2.08",
            "nama_giat": "Penyediaan Jasa Penunjang Urusan Pemerintahan Daerah",
            "pagu_giat": 206806726.0,
            "rinci_giat": null,
            "id_sub_giat": 60658,
            "kode_sub_giat": "3.25.01.2.08.0002",
            "nama_sub_giat": "Penyediaan Jasa Komunikasi, Sumber Daya Air dan Listrik",
            "pagu": 36646726.0,
            "pagu_indikatif": 36646726.0,
            "rincian": null,
            "kode_bl": "951.951.4451.18378",
            "kode_sbl": "951.951.4451.18378.60658",
            "kunci_bl": 1,
            "kunci_bl_rinci": 1,
            "user_created": null,
            "created_date": "31-01-2025",
            "created_time": "16:05",
            "user_updated": null,
            "updated_date": "20-06-2025",
            "updated_time": "15:54",
            "is_locked": 0
        },
        {
            "id_sub_bl": 62689,
            "id_daerah": 473,
            "tahun": 2026,
            "id_unit": 951,
            "id_skpd": 951,
            "created_user": 260199,
            "kode_skpd": "3.25.0.00.0.00.01.0000",
            "nama_skpd": "Dinas Perikanan",
            "id_urusan": 13,
            "kode_urusan": "3",
            "nama_urusan": "URUSAN PEMERINTAHAN PILIHAN",
            "id_bidang_urusan": 225,
            "kode_bidang_urusan": "3.25",
            "nama_bidang_urusan": "URUSAN PEMERINTAHAN BIDANG KELAUTAN  DAN PERIKANAN",
            "id_sub_skpd": 951,
            "kode_sub_skpd": "3.25.0.00.0.00.01.0000",
            "nama_sub_skpd": "Dinas Perikanan",
            "set_pagu_user": 260199,
            "set_pagu_at": "Fri, 20 Jun 2025 16:08:36 GMT",
            "id_program": 4451,
            "kode_program": "3.25.01",
            "nama_program": "PROGRAM PENUNJANG URUSAN PEMERINTAHAN DAERAH KABUPATEN/KOTA",
            "id_giat": 18378,
            "kode_giat": "3.25.01.2.08",
            "nama_giat": "Penyediaan Jasa Penunjang Urusan Pemerintahan Daerah",
            "pagu_giat": 206806726.0,
            "rinci_giat": null,
            "id_sub_giat": 60660,
            "kode_sub_giat": "3.25.01.2.08.0004",
            "nama_sub_giat": "Penyediaan Jasa Pelayanan Umum Kantor",
            "pagu": 170160000.0,
            "pagu_indikatif": 170160000.0,
            "rincian": null,
            "kode_bl": "951.951.4451.18378",
            "kode_sbl": "951.951.4451.18378.60660",
            "kunci_bl": 1,
            "kunci_bl_rinci": 1,
            "user_created": null,
            "created_date": "31-01-2025",
            "created_time": "16:06",
            "user_updated": null,
            "updated_date": "20-06-2025",
            "updated_time": "15:55",
            "is_locked": 0
        },
        {
            "id_sub_bl": 62696,
            "id_daerah": 473,
            "tahun": 2026,
            "id_unit": 951,
            "id_skpd": 951,
            "created_user": 260199,
            "kode_skpd": "3.25.0.00.0.00.01.0000",
            "nama_skpd": "Dinas Perikanan",
            "id_urusan": 13,
            "kode_urusan": "3",
            "nama_urusan": "URUSAN PEMERINTAHAN PILIHAN",
            "id_bidang_urusan": 225,
            "kode_bidang_urusan": "3.25",
            "nama_bidang_urusan": "URUSAN PEMERINTAHAN BIDANG KELAUTAN  DAN PERIKANAN",
            "id_sub_skpd": 951,
            "kode_sub_skpd": "3.25.0.00.0.00.01.0000",
            "nama_sub_skpd": "Dinas Perikanan",
            "set_pagu_user": 260199,
            "set_pagu_at": "Fri, 20 Jun 2025 16:08:36 GMT",
            "id_program": 4451,
            "kode_program": "3.25.01",
            "nama_program": "PROGRAM PENUNJANG URUSAN PEMERINTAHAN DAERAH KABUPATEN/KOTA",
            "id_giat": 18379,
            "kode_giat": "3.25.01.2.09",
            "nama_giat": "Pemeliharaan Barang Milik Daerah Penunjang Urusan Pemerintahan Daerah",
            "pagu_giat": 110000000.0,
            "rinci_giat": null,
            "id_sub_giat": 60661,
            "kode_sub_giat": "3.25.01.2.09.0001",
            "nama_sub_giat": "Penyediaan Jasa Pemeliharaan, Biaya Pemeliharaan, dan Pajak Kendaraan Perorangan Dinas atau Kendaraan Dinas Jabatan",
            "pagu": 43000000.0,
            "pagu_indikatif": 43000000.0,
            "rincian": null,
            "kode_bl": "951.951.4451.18379",
            "kode_sbl": "951.951.4451.18379.60661",
            "kunci_bl": 1,
            "kunci_bl_rinci": 1,
            "user_created": null,
            "created_date": "31-01-2025",
            "created_time": "16:08",
            "user_updated": null,
            "updated_date": "26-03-2025",
            "updated_time": "12:03",
            "is_locked": 0
        },
        {
            "id_sub_bl": 62701,
            "id_daerah": 473,
            "tahun": 2026,
            "id_unit": 951,
            "id_skpd": 951,
            "created_user": 260199,
            "kode_skpd": "3.25.0.00.0.00.01.0000",
            "nama_skpd": "Dinas Perikanan",
            "id_urusan": 13,
            "kode_urusan": "3",
            "nama_urusan": "URUSAN PEMERINTAHAN PILIHAN",
            "id_bidang_urusan": 225,
            "kode_bidang_urusan": "3.25",
            "nama_bidang_urusan": "URUSAN PEMERINTAHAN BIDANG KELAUTAN  DAN PERIKANAN",
            "id_sub_skpd": 951,
            "kode_sub_skpd": "3.25.0.00.0.00.01.0000",
            "nama_sub_skpd": "Dinas Perikanan",
            "set_pagu_user": 260199,
            "set_pagu_at": "Fri, 20 Jun 2025 16:08:36 GMT",
            "id_program": 4451,
            "kode_program": "3.25.01",
            "nama_program": "PROGRAM PENUNJANG URUSAN PEMERINTAHAN DAERAH KABUPATEN/KOTA",
            "id_giat": 18379,
            "kode_giat": "3.25.01.2.09",
            "nama_giat": "Pemeliharaan Barang Milik Daerah Penunjang Urusan Pemerintahan Daerah",
            "pagu_giat": 110000000.0,
            "rinci_giat": null,
            "id_sub_giat": 60662,
            "kode_sub_giat": "3.25.01.2.09.0002",
            "nama_sub_giat": "Penyediaan Jasa Pemeliharaan, Biaya Pemeliharaan, Pajak dan Perizinan Kendaraan Dinas Operasional atau Lapangan",
            "pagu": 37000000.0,
            "pagu_indikatif": 37000000.0,
            "rincian": null,
            "kode_bl": "951.951.4451.18379",
            "kode_sbl": "951.951.4451.18379.60662",
            "kunci_bl": 1,
            "kunci_bl_rinci": 1,
            "user_created": null,
            "created_date": "31-01-2025",
            "created_time": "16:09",
            "user_updated": null,
            "updated_date": "03-02-2025",
            "updated_time": "10:38",
            "is_locked": 0
        },
        {
            "id_sub_bl": 62707,
            "id_daerah": 473,
            "tahun": 2026,
            "id_unit": 951,
            "id_skpd": 951,
            "created_user": 260199,
            "kode_skpd": "3.25.0.00.0.00.01.0000",
            "nama_skpd": "Dinas Perikanan",
            "id_urusan": 13,
            "kode_urusan": "3",
            "nama_urusan": "URUSAN PEMERINTAHAN PILIHAN",
            "id_bidang_urusan": 225,
            "kode_bidang_urusan": "3.25",
            "nama_bidang_urusan": "URUSAN PEMERINTAHAN BIDANG KELAUTAN  DAN PERIKANAN",
            "id_sub_skpd": 951,
            "kode_sub_skpd": "3.25.0.00.0.00.01.0000",
            "nama_sub_skpd": "Dinas Perikanan",
            "set_pagu_user": 260199,
            "set_pagu_at": "Fri, 20 Jun 2025 16:08:36 GMT",
            "id_program": 4451,
            "kode_program": "3.25.01",
            "nama_program": "PROGRAM PENUNJANG URUSAN PEMERINTAHAN DAERAH KABUPATEN/KOTA",
            "id_giat": 18379,
            "kode_giat": "3.25.01.2.09",
            "nama_giat": "Pemeliharaan Barang Milik Daerah Penunjang Urusan Pemerintahan Daerah",
            "pagu_giat": 110000000.0,
            "rinci_giat": null,
            "id_sub_giat": 60666,
            "kode_sub_giat": "3.25.01.2.09.0006",
            "nama_sub_giat": "Pemeliharaan Peralatan dan Mesin Lainnya",
            "pagu": 10000000.0,
            "pagu_indikatif": 10000000.0,
            "rincian": null,
            "kode_bl": "951.951.4451.18379",
            "kode_sbl": "951.951.4451.18379.60666",
            "kunci_bl": 1,
            "kunci_bl_rinci": 1,
            "user_created": null,
            "created_date": "31-01-2025",
            "created_time": "16:10",
            "user_updated": null,
            "updated_date": "20-06-2025",
            "updated_time": "16:01",
            "is_locked": 0
        },
        {
            "id_sub_bl": 62711,
            "id_daerah": 473,
            "tahun": 2026,
            "id_unit": 951,
            "id_skpd": 951,
            "created_user": 260199,
            "kode_skpd": "3.25.0.00.0.00.01.0000",
            "nama_skpd": "Dinas Perikanan",
            "id_urusan": 13,
            "kode_urusan": "3",
            "nama_urusan": "URUSAN PEMERINTAHAN PILIHAN",
            "id_bidang_urusan": 225,
            "kode_bidang_urusan": "3.25",
            "nama_bidang_urusan": "URUSAN PEMERINTAHAN BIDANG KELAUTAN  DAN PERIKANAN",
            "id_sub_skpd": 951,
            "kode_sub_skpd": "3.25.0.00.0.00.01.0000",
            "nama_sub_skpd": "Dinas Perikanan",
            "set_pagu_user": 260199,
            "set_pagu_at": "Fri, 20 Jun 2025 16:08:36 GMT",
            "id_program": 4451,
            "kode_program": "3.25.01",
            "nama_program": "PROGRAM PENUNJANG URUSAN PEMERINTAHAN DAERAH KABUPATEN/KOTA",
            "id_giat": 18379,
            "kode_giat": "3.25.01.2.09",
            "nama_giat": "Pemeliharaan Barang Milik Daerah Penunjang Urusan Pemerintahan Daerah",
            "pagu_giat": 110000000.0,
            "rinci_giat": null,
            "id_sub_giat": 60669,
            "kode_sub_giat": "3.25.01.2.09.0009",
            "nama_sub_giat": "Pemeliharaan/Rehabilitasi Gedung Kantor dan Bangunan Lainnya",
            "pagu": 20000000.0,
            "pagu_indikatif": 20000000.0,
            "rincian": null,
            "kode_bl": "951.951.4451.18379",
            "kode_sbl": "951.951.4451.18379.60669",
            "kunci_bl": 1,
            "kunci_bl_rinci": 1,
            "user_created": null,
            "created_date": "31-01-2025",
            "created_time": "16:11",
            "user_updated": null,
            "updated_date": "26-03-2025",
            "updated_time": "12:10",
            "is_locked": 0
        }
    ]