[
        {
            "id_sub_bl": 61216,
            "id_daerah": 473,
            "tahun": 2026,
            "id_unit": 696,
            "id_skpd": 696,
            "created_user": 1082,
            "kode_skpd": "3.26.0.00.0.00.01.0000",
            "nama_skpd": "Dinas Pariwisata",
            "id_urusan": 13,
            "kode_urusan": "3",
            "nama_urusan": "URUSAN PEMERINTAHAN PILIHAN",
            "id_bidang_urusan": 226,
            "kode_bidang_urusan": "3.26",
            "nama_bidang_urusan": "URUSAN PEMERINTAHAN BIDANG PARIWISATA",
            "id_sub_skpd": 696,
            "kode_sub_skpd": "3.26.0.00.0.00.01.0000",
            "nama_sub_skpd": "Dinas Pariwisata",
            "set_pagu_user": 0,
            "set_pagu_at": null,
            "id_program": 4159,
            "kode_program": "3.26.02",
            "nama_program": "PROGRAM PENINGKATAN DAYA TARIK DESTINASI PARIWISATA",
            "id_giat": 17425,
            "kode_giat": "3.26.02.2.01",
            "nama_giat": "Pengelolaan Daya Tarik Wisata Kabupaten/Kota",
            "pagu_giat": 542131725.0,
            "rinci_giat": null,
            "id_sub_giat": 57109,
            "kode_sub_giat": "3.26.02.2.01.0005",
            "nama_sub_giat": "Pengadaan/Pemeliharaan/Rehabilitasi Sarana dan Prasarana dalam Daya Tarik Wisata Unggulan Kabupaten/Kota",
            "pagu": 346631725.0,
            "pagu_indikatif": 346631725.0,
            "rincian": null,
            "kode_bl": "696.696.4159.17425",
            "kode_sbl": "696.696.4159.17425.57109",
            "kunci_bl": 1,
            "kunci_bl_rinci": 1,
            "user_created": "Ir. ALFIAN,MM",
            "created_date": "30-01-2025",
            "created_time": "09:33",
            "user_updated": "Ir. ALFIAN,MM",
            "updated_date": "03-07-2025",
            "updated_time": "12:16",
            "is_locked": 0
        },
        {
            "id_sub_bl": 76974,
            "id_daerah": 473,
            "tahun": 2026,
            "id_unit": 696,
            "id_skpd": 696,
            "created_user": 1082,
            "kode_skpd": "3.26.0.00.0.00.01.0000",
            "nama_skpd": "Dinas Pariwisata",
            "id_urusan": 13,
            "kode_urusan": "3",
            "nama_urusan": "URUSAN PEMERINTAHAN PILIHAN",
            "id_bidang_urusan": 226,
            "kode_bidang_urusan": "3.26",
            "nama_bidang_urusan": "URUSAN PEMERINTAHAN BIDANG PARIWISATA",
            "id_sub_skpd": 696,
            "kode_sub_skpd": "3.26.0.00.0.00.01.0000",
            "nama_sub_skpd": "Dinas Pariwisata",
            "set_pagu_user": 1082,
            "set_pagu_at": "Tue, 24 Jun 2025 15:25:38 GMT",
            "id_program": 4159,
            "kode_program": "3.26.02",
            "nama_program": "PROGRAM PENINGKATAN DAYA TARIK DESTINASI PARIWISATA",
            "id_giat": 17426,
            "kode_giat": "3.26.02.2.02",
            "nama_giat": "Pengelolaan Kawasan Strategis Pariwisata Kabupaten/Kota",
            "pagu_giat": 651000000.0,
            "rinci_giat": null,
            "id_sub_giat": 57116,
            "kode_sub_giat": "3.26.02.2.02.0004",
            "nama_sub_giat": "Pengadaan/Pemeliharaan/Rehabilitasi Sarana dan Prasarana dalam Pengelolaan Kawasan Wisata Strategis Pariwisata Kabupaten/Kota ",
            "pagu": 130000000.0,
            "pagu_indikatif": 130000000.0,
            "rincian": null,
            "kode_bl": "696.696.4159.17426",
            "kode_sbl": "696.696.4159.17426.57116",
            "kunci_bl": 1,
            "kunci_bl_rinci": 1,
            "user_created": "Ir. ALFIAN,MM",
            "created_date": "24-06-2025",
            "created_time": "15:08",
            "user_updated": null,
            "updated_date": null,
            "updated_time": null,
            "is_locked": 0
        },
        {
            "id_sub_bl": 76981,
            "id_daerah": 473,
            "tahun": 2026,
            "id_unit": 696,
            "id_skpd": 696,
            "created_user": 1082,
            "kode_skpd": "3.26.0.00.0.00.01.0000",
            "nama_skpd": "Dinas Pariwisata",
            "id_urusan": 13,
            "kode_urusan": "3",
            "nama_urusan": "URUSAN PEMERINTAHAN PILIHAN",
            "id_bidang_urusan": 226,
            "kode_bidang_urusan": "3.26",
            "nama_bidang_urusan": "URUSAN PEMERINTAHAN BIDANG PARIWISATA",
            "id_sub_skpd": 696,
            "kode_sub_skpd": "3.26.0.00.0.00.01.0000",
            "nama_sub_skpd": "Dinas Pariwisata",
            "set_pagu_user": 0,
            "set_pagu_at": null,
            "id_program": 4159,
            "kode_program": "3.26.02",
            "nama_program": "PROGRAM PENINGKATAN DAYA TARIK DESTINASI PARIWISATA",
            "id_giat": 17426,
            "kode_giat": "3.26.02.2.02",
            "nama_giat": "Pengelolaan Kawasan Strategis Pariwisata Kabupaten/Kota",
            "pagu_giat": 651000000.0,
            "rinci_giat": null,
            "id_sub_giat": 57118,
            "kode_sub_giat": "3.26.02.2.02.0008",
            "nama_sub_giat": "Peningkatan Kapasitas SDM Pengelola Kawasan Strategis Pariwisata Kabupaten/Kota",
            "pagu": 195500000.0,
            "pagu_indikatif": 195500000.0,
            "rincian": null,
            "kode_bl": "696.696.4159.17426",
            "kode_sbl": "696.696.4159.17426.57118",
            "kunci_bl": 1,
            "kunci_bl_rinci": 1,
            "user_created": "Ir. ALFIAN,MM",
            "created_date": "24-06-2025",
            "created_time": "15:25",
            "user_updated": "Ir. ALFIAN,MM",
            "updated_date": "03-07-2025",
            "updated_time": "12:17",
            "is_locked": 0
        },
        {
            "id_sub_bl": 76973,
            "id_daerah": 473,
            "tahun": 2026,
            "id_unit": 696,
            "id_skpd": 696,
            "created_user": 1082,
            "kode_skpd": "3.26.0.00.0.00.01.0000",
            "nama_skpd": "Dinas Pariwisata",
            "id_urusan": 13,
            "kode_urusan": "3",
            "nama_urusan": "URUSAN PEMERINTAHAN PILIHAN",
            "id_bidang_urusan": 226,
            "kode_bidang_urusan": "3.26",
            "nama_bidang_urusan": "URUSAN PEMERINTAHAN BIDANG PARIWISATA",
            "id_sub_skpd": 696,
            "kode_sub_skpd": "3.26.0.00.0.00.01.0000",
            "nama_sub_skpd": "Dinas Pariwisata",
            "set_pagu_user": 1082,
            "set_pagu_at": "Tue, 24 Jun 2025 15:25:38 GMT",
            "id_program": 4159,
            "kode_program": "3.26.02",
            "nama_program": "PROGRAM PENINGKATAN DAYA TARIK DESTINASI PARIWISATA",
            "id_giat": 17427,
            "kode_giat": "3.26.02.2.03",
            "nama_giat": "Pengelolaan Destinasi Pariwisata Kabupaten/Kota",
            "pagu_giat": 200000000.0,
            "rinci_giat": null,
            "id_sub_giat": 57126,
            "kode_sub_giat": "3.26.02.2.03.0008",
            "nama_sub_giat": "Penyusunan Rencana Induk Pembangunan Kepariwisataan Daerah Kabupaten/Kota",
            "pagu": 200000000.0,
            "pagu_indikatif": 200000000.0,
            "rincian": null,
            "kode_bl": "696.696.4159.17427",
            "kode_sbl": "696.696.4159.17427.57126",
            "kunci_bl": 1,
            "kunci_bl_rinci": 1,
            "user_created": "Ir. ALFIAN,MM",
            "created_date": "24-06-2025",
            "created_time": "15:00",
            "user_updated": null,
            "updated_date": null,
            "updated_time": null,
            "is_locked": 0
        },
        {
            "id_sub_bl": 76972,
            "id_daerah": 473,
            "tahun": 2026,
            "id_unit": 696,
            "id_skpd": 696,
            "created_user": 1082,
            "kode_skpd": "3.26.0.00.0.00.01.0000",
            "nama_skpd": "Dinas Pariwisata",
            "id_urusan": 13,
            "kode_urusan": "3",
            "nama_urusan": "URUSAN PEMERINTAHAN PILIHAN",
            "id_bidang_urusan": 226,
            "kode_bidang_urusan": "3.26",
            "nama_bidang_urusan": "URUSAN PEMERINTAHAN BIDANG PARIWISATA",
            "id_sub_skpd": 696,
            "kode_sub_skpd": "3.26.0.00.0.00.01.0000",
            "nama_sub_skpd": "Dinas Pariwisata",
            "set_pagu_user": 1082,
            "set_pagu_at": "Tue, 24 Jun 2025 15:25:38 GMT",
            "id_program": 4159,
            "kode_program": "3.26.02",
            "nama_program": "PROGRAM PENINGKATAN DAYA TARIK DESTINASI PARIWISATA",
            "id_giat": 17428,
            "kode_giat": "3.26.02.2.04",
            "nama_giat": "Penetapan Tanda Daftar Usaha Pariwisata Daerah Kabupaten/Kota",
            "pagu_giat": 30000000.0,
            "rinci_giat": null,
            "id_sub_giat": 57131,
            "kode_sub_giat": "3.26.02.2.04.0009",
            "nama_sub_giat": "Penyediaan Layanan Konsultasi Pendaftaran Perizinan Berusaha Berbasis Risiko Sektor Pariwisata di Tingkat Kab/Kota",
            "pagu": 20000000.0,
            "pagu_indikatif": 20000000.0,
            "rincian": null,
            "kode_bl": "696.696.4159.17428",
            "kode_sbl": "696.696.4159.17428.57131",
            "kunci_bl": 1,
            "kunci_bl_rinci": 1,
            "user_created": "Ir. ALFIAN,MM",
            "created_date": "24-06-2025",
            "created_time": "14:58",
            "user_updated": null,
            "updated_date": null,
            "updated_time": null,
            "is_locked": 0
        },
        {
            "id_sub_bl": 61241,
            "id_daerah": 473,
            "tahun": 2026,
            "id_unit": 696,
            "id_skpd": 696,
            "created_user": 1082,
            "kode_skpd": "3.26.0.00.0.00.01.0000",
            "nama_skpd": "Dinas Pariwisata",
            "id_urusan": 13,
            "kode_urusan": "3",
            "nama_urusan": "URUSAN PEMERINTAHAN PILIHAN",
            "id_bidang_urusan": 226,
            "kode_bidang_urusan": "3.26",
            "nama_bidang_urusan": "URUSAN PEMERINTAHAN BIDANG PARIWISATA",
            "id_sub_skpd": 696,
            "kode_sub_skpd": "3.26.0.00.0.00.01.0000",
            "nama_sub_skpd": "Dinas Pariwisata",
            "set_pagu_user": 0,
            "set_pagu_at": null,
            "id_program": 4173,
            "kode_program": "3.26.03",
            "nama_program": "PROGRAM PEMASARAN PARIWISATA",
            "id_giat": 17442,
            "kode_giat": "3.26.03.2.01",
            "nama_giat": "Pemasaran Pariwisata Dalam dan Luar Negeri Daya Tarik, Destinasi dan Kawasan Strategis Pariwisata Kabupaten/Kota",
            "pagu_giat": 460000000.0,
            "rinci_giat": null,
            "id_sub_giat": 57153,
            "kode_sub_giat": "3.26.03.2.01.0003",
            "nama_sub_giat": "Penyediaan Data dan Penyebaran Informasi Pariwisata Kabupaten/Kota, Baik Dalam dan Luar Negeri",
            "pagu": 10000000.0,
            "pagu_indikatif": 10000000.0,
            "rincian": null,
            "kode_bl": "696.696.4173.17442",
            "kode_sbl": "696.696.4173.17442.57153",
            "kunci_bl": 1,
            "kunci_bl_rinci": 1,
            "user_created": "Ir. ALFIAN,MM",
            "created_date": "30-01-2025",
            "created_time": "09:39",
            "user_updated": "Ir. ALFIAN,MM",
            "updated_date": "03-07-2025",
            "updated_time": "12:20",
            "is_locked": 0
        },
        {
            "id_sub_bl": 61235,
            "id_daerah": 473,
            "tahun": 2026,
            "id_unit": 696,
            "id_skpd": 696,
            "created_user": 1082,
            "kode_skpd": "3.26.0.00.0.00.01.0000",
            "nama_skpd": "Dinas Pariwisata",
            "id_urusan": 13,
            "kode_urusan": "3",
            "nama_urusan": "URUSAN PEMERINTAHAN PILIHAN",
            "id_bidang_urusan": 226,
            "kode_bidang_urusan": "3.26",
            "nama_bidang_urusan": "URUSAN PEMERINTAHAN BIDANG PARIWISATA",
            "id_sub_skpd": 696,
            "kode_sub_skpd": "3.26.0.00.0.00.01.0000",
            "nama_sub_skpd": "Dinas Pariwisata",
            "set_pagu_user": 0,
            "set_pagu_at": null,
            "id_program": 4173,
            "kode_program": "3.26.03",
            "nama_program": "PROGRAM PEMASARAN PARIWISATA",
            "id_giat": 17442,
            "kode_giat": "3.26.03.2.01",
            "nama_giat": "Pemasaran Pariwisata Dalam dan Luar Negeri Daya Tarik, Destinasi dan Kawasan Strategis Pariwisata Kabupaten/Kota",
            "pagu_giat": 460000000.0,
            "rinci_giat": null,
            "id_sub_giat": 57156,
            "kode_sub_giat": "3.26.03.2.01.0006",
            "nama_sub_giat": "Fasilitasi Kegiatan Pemasaran Pariwisata Baik Dalam dan Luar Negeri Pariwisata Kabupaten/Kota",
            "pagu": 350000000.0,
            "pagu_indikatif": 350000000.0,
            "rincian": null,
            "kode_bl": "696.696.4173.17442",
            "kode_sbl": "696.696.4173.17442.57156",
            "kunci_bl": 1,
            "kunci_bl_rinci": 1,
            "user_created": "Ir. ALFIAN,MM",
            "created_date": "30-01-2025",
            "created_time": "09:38",
            "user_updated": "Ir. ALFIAN,MM",
            "updated_date": "03-07-2025",
            "updated_time": "12:20",
            "is_locked": 0
        },
        {
            "id_sub_bl": 61231,
            "id_daerah": 473,
            "tahun": 2026,
            "id_unit": 696,
            "id_skpd": 696,
            "created_user": 1082,
            "kode_skpd": "3.26.0.00.0.00.01.0000",
            "nama_skpd": "Dinas Pariwisata",
            "id_urusan": 13,
            "kode_urusan": "3",
            "nama_urusan": "URUSAN PEMERINTAHAN PILIHAN",
            "id_bidang_urusan": 226,
            "kode_bidang_urusan": "3.26",
            "nama_bidang_urusan": "URUSAN PEMERINTAHAN BIDANG PARIWISATA",
            "id_sub_skpd": 696,
            "kode_sub_skpd": "3.26.0.00.0.00.01.0000",
            "nama_sub_skpd": "Dinas Pariwisata",
            "set_pagu_user": 0,
            "set_pagu_at": null,
            "id_program": 4173,
            "kode_program": "3.26.03",
            "nama_program": "PROGRAM PEMASARAN PARIWISATA",
            "id_giat": 17442,
            "kode_giat": "3.26.03.2.01",
            "nama_giat": "Pemasaran Pariwisata Dalam dan Luar Negeri Daya Tarik, Destinasi dan Kawasan Strategis Pariwisata Kabupaten/Kota",
            "pagu_giat": 460000000.0,
            "rinci_giat": null,
            "id_sub_giat": 57157,
            "kode_sub_giat": "3.26.03.2.01.0007",
            "nama_sub_giat": "Penguatan Promosi Melalui Media Cetak, Elektronik, dan Media Lainnya Baik Dalam dan Luar Negeri",
            "pagu": 100000000.0,
            "pagu_indikatif": 100000000.0,
            "rincian": null,
            "kode_bl": "696.696.4173.17442",
            "kode_sbl": "696.696.4173.17442.57157",
            "kunci_bl": 1,
            "kunci_bl_rinci": 1,
            "user_created": "Ir. ALFIAN,MM",
            "created_date": "30-01-2025",
            "created_time": "09:37",
            "user_updated": "Ir. ALFIAN,MM",
            "updated_date": "03-07-2025",
            "updated_time": "12:21",
            "is_locked": 0
        },
        {
            "id_sub_bl": 61244,
            "id_daerah": 473,
            "tahun": 2026,
            "id_unit": 696,
            "id_skpd": 696,
            "created_user": 1082,
            "kode_skpd": "3.26.0.00.0.00.01.0000",
            "nama_skpd": "Dinas Pariwisata",
            "id_urusan": 13,
            "kode_urusan": "3",
            "nama_urusan": "URUSAN PEMERINTAHAN PILIHAN",
            "id_bidang_urusan": 226,
            "kode_bidang_urusan": "3.26",
            "nama_bidang_urusan": "URUSAN PEMERINTAHAN BIDANG PARIWISATA",
            "id_sub_skpd": 696,
            "kode_sub_skpd": "3.26.0.00.0.00.01.0000",
            "nama_sub_skpd": "Dinas Pariwisata",
            "set_pagu_user": 1082,
            "set_pagu_at": "Tue, 24 Jun 2025 15:25:38 GMT",
            "id_program": 4187,
            "kode_program": "3.26.04",
            "nama_program": "PROGRAM PENGEMBANGAN EKONOMI KREATIF MELALUI PEMANFAATAN DAN PERLINDUNGAN HAK KEKAYAAN INTELEKTUAL",
            "id_giat": 17458,
            "kode_giat": "3.26.04.2.02",
            "nama_giat": "Pengembangan Ekosistem Ekonomi Kreatif\u00a0",
            "pagu_giat": 130000000.0,
            "rinci_giat": null,
            "id_sub_giat": 57199,
            "kode_sub_giat": "3.26.04.2.02.0002",
            "nama_sub_giat": "Pengembangan Pendidikan",
            "pagu": 30000000.0,
            "pagu_indikatif": 30000000.0,
            "rincian": null,
            "kode_bl": "696.696.4187.17458",
            "kode_sbl": "696.696.4187.17458.57199",
            "kunci_bl": 1,
            "kunci_bl_rinci": 1,
            "user_created": "Ir. ALFIAN,MM",
            "created_date": "30-01-2025",
            "created_time": "09:40",
            "user_updated": "Ir. ALFIAN,MM",
            "updated_date": "26-03-2025",
            "updated_time": "19:06",
            "is_locked": 0
        },
        {
            "id_sub_bl": 61246,
            "id_daerah": 473,
            "tahun": 2026,
            "id_unit": 696,
            "id_skpd": 696,
            "created_user": 1082,
            "kode_skpd": "3.26.0.00.0.00.01.0000",
            "nama_skpd": "Dinas Pariwisata",
            "id_urusan": 13,
            "kode_urusan": "3",
            "nama_urusan": "URUSAN PEMERINTAHAN PILIHAN",
            "id_bidang_urusan": 226,
            "kode_bidang_urusan": "3.26",
            "nama_bidang_urusan": "URUSAN PEMERINTAHAN BIDANG PARIWISATA",
            "id_sub_skpd": 696,
            "kode_sub_skpd": "3.26.0.00.0.00.01.0000",
            "nama_sub_skpd": "Dinas Pariwisata",
            "set_pagu_user": 1082,
            "set_pagu_at": "Tue, 24 Jun 2025 15:25:38 GMT",
            "id_program": 4187,
            "kode_program": "3.26.04",
            "nama_program": "PROGRAM PENGEMBANGAN EKONOMI KREATIF MELALUI PEMANFAATAN DAN PERLINDUNGAN HAK KEKAYAAN INTELEKTUAL",
            "id_giat": 17458,
            "kode_giat": "3.26.04.2.02",
            "nama_giat": "Pengembangan Ekosistem Ekonomi Kreatif\u00a0",
            "pagu_giat": 130000000.0,
            "rinci_giat": null,
            "id_sub_giat": 57200,
            "kode_sub_giat": "3.26.04.2.02.0003",
            "nama_sub_giat": "Fasilitasi Pendanaan dan Pembiayaan",
            "pagu": 0.0,
            "pagu_indikatif": 0.0,
            "rincian": null,
            "kode_bl": "696.696.4187.17458",
            "kode_sbl": "696.696.4187.17458.57200",
            "kunci_bl": 1,
            "kunci_bl_rinci": 1,
            "user_created": "Ir. ALFIAN,MM",
            "created_date": "30-01-2025",
            "created_time": "09:41",
            "user_updated": "Ir. ALFIAN,MM",
            "updated_date": "26-03-2025",
            "updated_time": "19:06",
            "is_locked": 0
        },
        {
            "id_sub_bl": 61248,
            "id_daerah": 473,
            "tahun": 2026,
            "id_unit": 696,
            "id_skpd": 696,
            "created_user": 1082,
            "kode_skpd": "3.26.0.00.0.00.01.0000",
            "nama_skpd": "Dinas Pariwisata",
            "id_urusan": 13,
            "kode_urusan": "3",
            "nama_urusan": "URUSAN PEMERINTAHAN PILIHAN",
            "id_bidang_urusan": 226,
            "kode_bidang_urusan": "3.26",
            "nama_bidang_urusan": "URUSAN PEMERINTAHAN BIDANG PARIWISATA",
            "id_sub_skpd": 696,
            "kode_sub_skpd": "3.26.0.00.0.00.01.0000",
            "nama_sub_skpd": "Dinas Pariwisata",
            "set_pagu_user": 1082,
            "set_pagu_at": "Tue, 24 Jun 2025 15:25:38 GMT",
            "id_program": 4187,
            "kode_program": "3.26.04",
            "nama_program": "PROGRAM PENGEMBANGAN EKONOMI KREATIF MELALUI PEMANFAATAN DAN PERLINDUNGAN HAK KEKAYAAN INTELEKTUAL",
            "id_giat": 17458,
            "kode_giat": "3.26.04.2.02",
            "nama_giat": "Pengembangan Ekosistem Ekonomi Kreatif\u00a0",
            "pagu_giat": 130000000.0,
            "rinci_giat": null,
            "id_sub_giat": 57201,
            "kode_sub_giat": "3.26.04.2.02.0004",
            "nama_sub_giat": "Penyediaan Infrastruktur",
            "pagu": 100000000.0,
            "pagu_indikatif": 100000000.0,
            "rincian": null,
            "kode_bl": "696.696.4187.17458",
            "kode_sbl": "696.696.4187.17458.57201",
            "kunci_bl": 1,
            "kunci_bl_rinci": 1,
            "user_created": "Ir. ALFIAN,MM",
            "created_date": "30-01-2025",
            "created_time": "09:41",
            "user_updated": "Ir. ALFIAN,MM",
            "updated_date": "26-03-2025",
            "updated_time": "19:08",
            "is_locked": 0
        },
        {
            "id_sub_bl": 61250,
            "id_daerah": 473,
            "tahun": 2026,
            "id_unit": 696,
            "id_skpd": 696,
            "created_user": 1082,
            "kode_skpd": "3.26.0.00.0.00.01.0000",
            "nama_skpd": "Dinas Pariwisata",
            "id_urusan": 13,
            "kode_urusan": "3",
            "nama_urusan": "URUSAN PEMERINTAHAN PILIHAN",
            "id_bidang_urusan": 226,
            "kode_bidang_urusan": "3.26",
            "nama_bidang_urusan": "URUSAN PEMERINTAHAN BIDANG PARIWISATA",
            "id_sub_skpd": 696,
            "kode_sub_skpd": "3.26.0.00.0.00.01.0000",
            "nama_sub_skpd": "Dinas Pariwisata",
            "set_pagu_user": 1082,
            "set_pagu_at": "Tue, 24 Jun 2025 15:25:38 GMT",
            "id_program": 4187,
            "kode_program": "3.26.04",
            "nama_program": "PROGRAM PENGEMBANGAN EKONOMI KREATIF MELALUI PEMANFAATAN DAN PERLINDUNGAN HAK KEKAYAAN INTELEKTUAL",
            "id_giat": 17458,
            "kode_giat": "3.26.04.2.02",
            "nama_giat": "Pengembangan Ekosistem Ekonomi Kreatif\u00a0",
            "pagu_giat": 130000000.0,
            "rinci_giat": null,
            "id_sub_giat": 57202,
            "kode_sub_giat": "3.26.04.2.02.0005",
            "nama_sub_giat": "Pengembangan Sistem Pemasaran",
            "pagu": 0.0,
            "pagu_indikatif": 0.0,
            "rincian": null,
            "kode_bl": "696.696.4187.17458",
            "kode_sbl": "696.696.4187.17458.57202",
            "kunci_bl": 1,
            "kunci_bl_rinci": 1,
            "user_created": "Ir. ALFIAN,MM",
            "created_date": "30-01-2025",
            "created_time": "09:42",
            "user_updated": "Ir. ALFIAN,MM",
            "updated_date": "26-03-2025",
            "updated_time": "19:09",
            "is_locked": 0
        },
        {
            "id_sub_bl": 61253,
            "id_daerah": 473,
            "tahun": 2026,
            "id_unit": 696,
            "id_skpd": 696,
            "created_user": 1082,
            "kode_skpd": "3.26.0.00.0.00.01.0000",
            "nama_skpd": "Dinas Pariwisata",
            "id_urusan": 13,
            "kode_urusan": "3",
            "nama_urusan": "URUSAN PEMERINTAHAN PILIHAN",
            "id_bidang_urusan": 226,
            "kode_bidang_urusan": "3.26",
            "nama_bidang_urusan": "URUSAN PEMERINTAHAN BIDANG PARIWISATA",
            "id_sub_skpd": 696,
            "kode_sub_skpd": "3.26.0.00.0.00.01.0000",
            "nama_sub_skpd": "Dinas Pariwisata",
            "set_pagu_user": 1082,
            "set_pagu_at": "Tue, 24 Jun 2025 15:25:38 GMT",
            "id_program": 4187,
            "kode_program": "3.26.04",
            "nama_program": "PROGRAM PENGEMBANGAN EKONOMI KREATIF MELALUI PEMANFAATAN DAN PERLINDUNGAN HAK KEKAYAAN INTELEKTUAL",
            "id_giat": 17458,
            "kode_giat": "3.26.04.2.02",
            "nama_giat": "Pengembangan Ekosistem Ekonomi Kreatif\u00a0",
            "pagu_giat": 130000000.0,
            "rinci_giat": null,
            "id_sub_giat": 57213,
            "kode_sub_giat": "3.26.04.2.02.0022",
            "nama_sub_giat": "Fasilitasi  Pendaftaran Kekayaan Intelektual",
            "pagu": 0.0,
            "pagu_indikatif": 0.0,
            "rincian": null,
            "kode_bl": "696.696.4187.17458",
            "kode_sbl": "696.696.4187.17458.57213",
            "kunci_bl": 1,
            "kunci_bl_rinci": 1,
            "user_created": "Ir. ALFIAN,MM",
            "created_date": "30-01-2025",
            "created_time": "09:43",
            "user_updated": "Ir. ALFIAN,MM",
            "updated_date": "26-03-2025",
            "updated_time": "19:09",
            "is_locked": 0
        },
        {
            "id_sub_bl": 59941,
            "id_daerah": 473,
            "tahun": 2026,
            "id_unit": 696,
            "id_skpd": 696,
            "created_user": 1082,
            "kode_skpd": "3.26.0.00.0.00.01.0000",
            "nama_skpd": "Dinas Pariwisata",
            "id_urusan": 13,
            "kode_urusan": "3",
            "nama_urusan": "URUSAN PEMERINTAHAN PILIHAN",
            "id_bidang_urusan": 226,
            "kode_bidang_urusan": "3.26",
            "nama_bidang_urusan": "URUSAN PEMERINTAHAN BIDANG PARIWISATA",
            "id_sub_skpd": 696,
            "kode_sub_skpd": "3.26.0.00.0.00.01.0000",
            "nama_sub_skpd": "Dinas Pariwisata",
            "set_pagu_user": 1082,
            "set_pagu_at": "Tue, 24 Jun 2025 15:25:38 GMT",
            "id_program": 4451,
            "kode_program": "3.26.01",
            "nama_program": "PROGRAM PENUNJANG URUSAN PEMERINTAHAN DAERAH KABUPATEN/KOTA",
            "id_giat": 18371,
            "kode_giat": "3.26.01.2.01",
            "nama_giat": "Perencanaan, Penganggaran, dan Evaluasi Kinerja Perangkat Daerah",
            "pagu_giat": 122699000.0,
            "rinci_giat": null,
            "id_sub_giat": 60589,
            "kode_sub_giat": "3.26.01.2.01.0001",
            "nama_sub_giat": "Penyusunan Dokumen Perencanaan Perangkat Daerah",
            "pagu": 70000000.0,
            "pagu_indikatif": 70000000.0,
            "rincian": null,
            "kode_bl": "696.696.4451.18371",
            "kode_sbl": "696.696.4451.18371.60589",
            "kunci_bl": 1,
            "kunci_bl_rinci": 1,
            "user_created": "Ir. ALFIAN,MM",
            "created_date": "22-01-2025",
            "created_time": "13:59",
            "user_updated": "Ir. ALFIAN,MM",
            "updated_date": "26-03-2025",
            "updated_time": "19:12",
            "is_locked": 0
        },
        {
            "id_sub_bl": 61148,
            "id_daerah": 473,
            "tahun": 2026,
            "id_unit": 696,
            "id_skpd": 696,
            "created_user": 1082,
            "kode_skpd": "3.26.0.00.0.00.01.0000",
            "nama_skpd": "Dinas Pariwisata",
            "id_urusan": 13,
            "kode_urusan": "3",
            "nama_urusan": "URUSAN PEMERINTAHAN PILIHAN",
            "id_bidang_urusan": 226,
            "kode_bidang_urusan": "3.26",
            "nama_bidang_urusan": "URUSAN PEMERINTAHAN BIDANG PARIWISATA",
            "id_sub_skpd": 696,
            "kode_sub_skpd": "3.26.0.00.0.00.01.0000",
            "nama_sub_skpd": "Dinas Pariwisata",
            "set_pagu_user": 1082,
            "set_pagu_at": "Tue, 24 Jun 2025 15:25:38 GMT",
            "id_program": 4451,
            "kode_program": "3.26.01",
            "nama_program": "PROGRAM PENUNJANG URUSAN PEMERINTAHAN DAERAH KABUPATEN/KOTA",
            "id_giat": 18371,
            "kode_giat": "3.26.01.2.01",
            "nama_giat": "Perencanaan, Penganggaran, dan Evaluasi Kinerja Perangkat Daerah",
            "pagu_giat": 122699000.0,
            "rinci_giat": null,
            "id_sub_giat": 60590,
            "kode_sub_giat": "3.26.01.2.01.0002",
            "nama_sub_giat": "Koordinasi dan Penyusunan Dokumen RKA-SKPD",
            "pagu": 5575000.0,
            "pagu_indikatif": 5575000.0,
            "rincian": null,
            "kode_bl": "696.696.4451.18371",
            "kode_sbl": "696.696.4451.18371.60590",
            "kunci_bl": 1,
            "kunci_bl_rinci": 1,
            "user_created": "Ir. ALFIAN,MM",
            "created_date": "30-01-2025",
            "created_time": "09:13",
            "user_updated": "Ir. ALFIAN,MM",
            "updated_date": "26-03-2025",
            "updated_time": "19:12",
            "is_locked": 0
        },
        {
            "id_sub_bl": 61516,
            "id_daerah": 473,
            "tahun": 2026,
            "id_unit": 696,
            "id_skpd": 696,
            "created_user": 1082,
            "kode_skpd": "3.26.0.00.0.00.01.0000",
            "nama_skpd": "Dinas Pariwisata",
            "id_urusan": 13,
            "kode_urusan": "3",
            "nama_urusan": "URUSAN PEMERINTAHAN PILIHAN",
            "id_bidang_urusan": 226,
            "kode_bidang_urusan": "3.26",
            "nama_bidang_urusan": "URUSAN PEMERINTAHAN BIDANG PARIWISATA",
            "id_sub_skpd": 696,
            "kode_sub_skpd": "3.26.0.00.0.00.01.0000",
            "nama_sub_skpd": "Dinas Pariwisata",
            "set_pagu_user": 1082,
            "set_pagu_at": "Tue, 24 Jun 2025 15:25:38 GMT",
            "id_program": 4451,
            "kode_program": "3.26.01",
            "nama_program": "PROGRAM PENUNJANG URUSAN PEMERINTAHAN DAERAH KABUPATEN/KOTA",
            "id_giat": 18371,
            "kode_giat": "3.26.01.2.01",
            "nama_giat": "Perencanaan, Penganggaran, dan Evaluasi Kinerja Perangkat Daerah",
            "pagu_giat": 122699000.0,
            "rinci_giat": null,
            "id_sub_giat": 60591,
            "kode_sub_giat": "3.26.01.2.01.0003",
            "nama_sub_giat": "Koordinasi dan Penyusunan Dokumen Perubahan RKA-SKPD",
            "pagu": 5075000.0,
            "pagu_indikatif": 5075000.0,
            "rincian": null,
            "kode_bl": "696.696.4451.18371",
            "kode_sbl": "696.696.4451.18371.60591",
            "kunci_bl": 1,
            "kunci_bl_rinci": 1,
            "user_created": "Ir. ALFIAN,MM",
            "created_date": "30-01-2025",
            "created_time": "12:09",
            "user_updated": "Ir. ALFIAN,MM",
            "updated_date": "26-03-2025",
            "updated_time": "19:13",
            "is_locked": 0
        },
        {
            "id_sub_bl": 61149,
            "id_daerah": 473,
            "tahun": 2026,
            "id_unit": 696,
            "id_skpd": 696,
            "created_user": 1082,
            "kode_skpd": "3.26.0.00.0.00.01.0000",
            "nama_skpd": "Dinas Pariwisata",
            "id_urusan": 13,
            "kode_urusan": "3",
            "nama_urusan": "URUSAN PEMERINTAHAN PILIHAN",
            "id_bidang_urusan": 226,
            "kode_bidang_urusan": "3.26",
            "nama_bidang_urusan": "URUSAN PEMERINTAHAN BIDANG PARIWISATA",
            "id_sub_skpd": 696,
            "kode_sub_skpd": "3.26.0.00.0.00.01.0000",
            "nama_sub_skpd": "Dinas Pariwisata",
            "set_pagu_user": 1082,
            "set_pagu_at": "Tue, 24 Jun 2025 15:25:38 GMT",
            "id_program": 4451,
            "kode_program": "3.26.01",
            "nama_program": "PROGRAM PENUNJANG URUSAN PEMERINTAHAN DAERAH KABUPATEN/KOTA",
            "id_giat": 18371,
            "kode_giat": "3.26.01.2.01",
            "nama_giat": "Perencanaan, Penganggaran, dan Evaluasi Kinerja Perangkat Daerah",
            "pagu_giat": 122699000.0,
            "rinci_giat": null,
            "id_sub_giat": 60592,
            "kode_sub_giat": "3.26.01.2.01.0004",
            "nama_sub_giat": "Koordinasi dan Penyusunan DPA-SKPD",
            "pagu": 6266000.0,
            "pagu_indikatif": 6266000.0,
            "rincian": null,
            "kode_bl": "696.696.4451.18371",
            "kode_sbl": "696.696.4451.18371.60592",
            "kunci_bl": 1,
            "kunci_bl_rinci": 1,
            "user_created": "Ir. ALFIAN,MM",
            "created_date": "30-01-2025",
            "created_time": "09:14",
            "user_updated": "Ir. ALFIAN,MM",
            "updated_date": "26-03-2025",
            "updated_time": "19:14",
            "is_locked": 0
        },
        {
            "id_sub_bl": 61152,
            "id_daerah": 473,
            "tahun": 2026,
            "id_unit": 696,
            "id_skpd": 696,
            "created_user": 1082,
            "kode_skpd": "3.26.0.00.0.00.01.0000",
            "nama_skpd": "Dinas Pariwisata",
            "id_urusan": 13,
            "kode_urusan": "3",
            "nama_urusan": "URUSAN PEMERINTAHAN PILIHAN",
            "id_bidang_urusan": 226,
            "kode_bidang_urusan": "3.26",
            "nama_bidang_urusan": "URUSAN PEMERINTAHAN BIDANG PARIWISATA",
            "id_sub_skpd": 696,
            "kode_sub_skpd": "3.26.0.00.0.00.01.0000",
            "nama_sub_skpd": "Dinas Pariwisata",
            "set_pagu_user": 1082,
            "set_pagu_at": "Tue, 24 Jun 2025 15:25:38 GMT",
            "id_program": 4451,
            "kode_program": "3.26.01",
            "nama_program": "PROGRAM PENUNJANG URUSAN PEMERINTAHAN DAERAH KABUPATEN/KOTA",
            "id_giat": 18371,
            "kode_giat": "3.26.01.2.01",
            "nama_giat": "Perencanaan, Penganggaran, dan Evaluasi Kinerja Perangkat Daerah",
            "pagu_giat": 122699000.0,
            "rinci_giat": null,
            "id_sub_giat": 60593,
            "kode_sub_giat": "3.26.01.2.01.0005",
            "nama_sub_giat": "Koordinasi dan Penyusunan Perubahan DPA- SKPD",
            "pagu": 6041000.0,
            "pagu_indikatif": 6041000.0,
            "rincian": null,
            "kode_bl": "696.696.4451.18371",
            "kode_sbl": "696.696.4451.18371.60593",
            "kunci_bl": 1,
            "kunci_bl_rinci": 1,
            "user_created": "Ir. ALFIAN,MM",
            "created_date": "30-01-2025",
            "created_time": "09:15",
            "user_updated": "Ir. ALFIAN,MM",
            "updated_date": "26-03-2025",
            "updated_time": "19:14",
            "is_locked": 0
        },
        {
            "id_sub_bl": 61155,
            "id_daerah": 473,
            "tahun": 2026,
            "id_unit": 696,
            "id_skpd": 696,
            "created_user": 1082,
            "kode_skpd": "3.26.0.00.0.00.01.0000",
            "nama_skpd": "Dinas Pariwisata",
            "id_urusan": 13,
            "kode_urusan": "3",
            "nama_urusan": "URUSAN PEMERINTAHAN PILIHAN",
            "id_bidang_urusan": 226,
            "kode_bidang_urusan": "3.26",
            "nama_bidang_urusan": "URUSAN PEMERINTAHAN BIDANG PARIWISATA",
            "id_sub_skpd": 696,
            "kode_sub_skpd": "3.26.0.00.0.00.01.0000",
            "nama_sub_skpd": "Dinas Pariwisata",
            "set_pagu_user": 1082,
            "set_pagu_at": "Tue, 24 Jun 2025 15:25:38 GMT",
            "id_program": 4451,
            "kode_program": "3.26.01",
            "nama_program": "PROGRAM PENUNJANG URUSAN PEMERINTAHAN DAERAH KABUPATEN/KOTA",
            "id_giat": 18371,
            "kode_giat": "3.26.01.2.01",
            "nama_giat": "Perencanaan, Penganggaran, dan Evaluasi Kinerja Perangkat Daerah",
            "pagu_giat": 122699000.0,
            "rinci_giat": null,
            "id_sub_giat": 60594,
            "kode_sub_giat": "3.26.01.2.01.0006",
            "nama_sub_giat": "Koordinasi dan Penyusunan Laporan Capaian Kinerja dan Ikhtisar Realisasi Kinerja SKPD",
            "pagu": 9817000.0,
            "pagu_indikatif": 9817000.0,
            "rincian": null,
            "kode_bl": "696.696.4451.18371",
            "kode_sbl": "696.696.4451.18371.60594",
            "kunci_bl": 1,
            "kunci_bl_rinci": 1,
            "user_created": "Ir. ALFIAN,MM",
            "created_date": "30-01-2025",
            "created_time": "09:16",
            "user_updated": "Ir. ALFIAN,MM",
            "updated_date": "26-03-2025",
            "updated_time": "19:15",
            "is_locked": 0
        },
        {
            "id_sub_bl": 61157,
            "id_daerah": 473,
            "tahun": 2026,
            "id_unit": 696,
            "id_skpd": 696,
            "created_user": 1082,
            "kode_skpd": "3.26.0.00.0.00.01.0000",
            "nama_skpd": "Dinas Pariwisata",
            "id_urusan": 13,
            "kode_urusan": "3",
            "nama_urusan": "URUSAN PEMERINTAHAN PILIHAN",
            "id_bidang_urusan": 226,
            "kode_bidang_urusan": "3.26",
            "nama_bidang_urusan": "URUSAN PEMERINTAHAN BIDANG PARIWISATA",
            "id_sub_skpd": 696,
            "kode_sub_skpd": "3.26.0.00.0.00.01.0000",
            "nama_sub_skpd": "Dinas Pariwisata",
            "set_pagu_user": 1082,
            "set_pagu_at": "Tue, 24 Jun 2025 15:25:38 GMT",
            "id_program": 4451,
            "kode_program": "3.26.01",
            "nama_program": "PROGRAM PENUNJANG URUSAN PEMERINTAHAN DAERAH KABUPATEN/KOTA",
            "id_giat": 18371,
            "kode_giat": "3.26.01.2.01",
            "nama_giat": "Perencanaan, Penganggaran, dan Evaluasi Kinerja Perangkat Daerah",
            "pagu_giat": 122699000.0,
            "rinci_giat": null,
            "id_sub_giat": 60595,
            "kode_sub_giat": "3.26.01.2.01.0007",
            "nama_sub_giat": "Evaluasi Kinerja Perangkat Daerah",
            "pagu": 19925000.0,
            "pagu_indikatif": 19925000.0,
            "rincian": null,
            "kode_bl": "696.696.4451.18371",
            "kode_sbl": "696.696.4451.18371.60595",
            "kunci_bl": 1,
            "kunci_bl_rinci": 1,
            "user_created": "Ir. ALFIAN,MM",
            "created_date": "30-01-2025",
            "created_time": "09:17",
            "user_updated": "Ir. ALFIAN,MM",
            "updated_date": "26-03-2025",
            "updated_time": "19:40",
            "is_locked": 0
        },
        {
            "id_sub_bl": 61161,
            "id_daerah": 473,
            "tahun": 2026,
            "id_unit": 696,
            "id_skpd": 696,
            "created_user": 1082,
            "kode_skpd": "3.26.0.00.0.00.01.0000",
            "nama_skpd": "Dinas Pariwisata",
            "id_urusan": 13,
            "kode_urusan": "3",
            "nama_urusan": "URUSAN PEMERINTAHAN PILIHAN",
            "id_bidang_urusan": 226,
            "kode_bidang_urusan": "3.26",
            "nama_bidang_urusan": "URUSAN PEMERINTAHAN BIDANG PARIWISATA",
            "id_sub_skpd": 696,
            "kode_sub_skpd": "3.26.0.00.0.00.01.0000",
            "nama_sub_skpd": "Dinas Pariwisata",
            "set_pagu_user": 1082,
            "set_pagu_at": "Tue, 24 Jun 2025 15:25:38 GMT",
            "id_program": 4451,
            "kode_program": "3.26.01",
            "nama_program": "PROGRAM PENUNJANG URUSAN PEMERINTAHAN DAERAH KABUPATEN/KOTA",
            "id_giat": 18372,
            "kode_giat": "3.26.01.2.02",
            "nama_giat": "Administrasi Keuangan Perangkat Daerah",
            "pagu_giat": 2070600030.0,
            "rinci_giat": null,
            "id_sub_giat": 60602,
            "kode_sub_giat": "3.26.01.2.02.0001",
            "nama_sub_giat": "Penyediaan Gaji dan Tunjangan ASN",
            "pagu": 1984639030.0,
            "pagu_indikatif": 1984639030.0,
            "rincian": null,
            "kode_bl": "696.696.4451.18372",
            "kode_sbl": "696.696.4451.18372.60602",
            "kunci_bl": 1,
            "kunci_bl_rinci": 1,
            "user_created": "Ir. ALFIAN,MM",
            "created_date": "30-01-2025",
            "created_time": "09:18",
            "user_updated": "Ir. ALFIAN,MM",
            "updated_date": "26-03-2025",
            "updated_time": "19:17",
            "is_locked": 0
        },
        {
            "id_sub_bl": 61163,
            "id_daerah": 473,
            "tahun": 2026,
            "id_unit": 696,
            "id_skpd": 696,
            "created_user": 1082,
            "kode_skpd": "3.26.0.00.0.00.01.0000",
            "nama_skpd": "Dinas Pariwisata",
            "id_urusan": 13,
            "kode_urusan": "3",
            "nama_urusan": "URUSAN PEMERINTAHAN PILIHAN",
            "id_bidang_urusan": 226,
            "kode_bidang_urusan": "3.26",
            "nama_bidang_urusan": "URUSAN PEMERINTAHAN BIDANG PARIWISATA",
            "id_sub_skpd": 696,
            "kode_sub_skpd": "3.26.0.00.0.00.01.0000",
            "nama_sub_skpd": "Dinas Pariwisata",
            "set_pagu_user": 1082,
            "set_pagu_at": "Tue, 24 Jun 2025 15:25:38 GMT",
            "id_program": 4451,
            "kode_program": "3.26.01",
            "nama_program": "PROGRAM PENUNJANG URUSAN PEMERINTAHAN DAERAH KABUPATEN/KOTA",
            "id_giat": 18372,
            "kode_giat": "3.26.01.2.02",
            "nama_giat": "Administrasi Keuangan Perangkat Daerah",
            "pagu_giat": 2070600030.0,
            "rinci_giat": null,
            "id_sub_giat": 60604,
            "kode_sub_giat": "3.26.01.2.02.0003",
            "nama_sub_giat": "Pelaksanaan Penatausahaan dan\r\n\nPengujian/Verifikasi Keuangan SKPD",
            "pagu": 73184000.0,
            "pagu_indikatif": 73184000.0,
            "rincian": null,
            "kode_bl": "696.696.4451.18372",
            "kode_sbl": "696.696.4451.18372.60604",
            "kunci_bl": 1,
            "kunci_bl_rinci": 1,
            "user_created": "Ir. ALFIAN,MM",
            "created_date": "30-01-2025",
            "created_time": "09:19",
            "user_updated": "Ir. ALFIAN,MM",
            "updated_date": "26-03-2025",
            "updated_time": "19:18",
            "is_locked": 0
        },
        {
            "id_sub_bl": 61167,
            "id_daerah": 473,
            "tahun": 2026,
            "id_unit": 696,
            "id_skpd": 696,
            "created_user": 1082,
            "kode_skpd": "3.26.0.00.0.00.01.0000",
            "nama_skpd": "Dinas Pariwisata",
            "id_urusan": 13,
            "kode_urusan": "3",
            "nama_urusan": "URUSAN PEMERINTAHAN PILIHAN",
            "id_bidang_urusan": 226,
            "kode_bidang_urusan": "3.26",
            "nama_bidang_urusan": "URUSAN PEMERINTAHAN BIDANG PARIWISATA",
            "id_sub_skpd": 696,
            "kode_sub_skpd": "3.26.0.00.0.00.01.0000",
            "nama_sub_skpd": "Dinas Pariwisata",
            "set_pagu_user": 1082,
            "set_pagu_at": "Tue, 24 Jun 2025 15:25:38 GMT",
            "id_program": 4451,
            "kode_program": "3.26.01",
            "nama_program": "PROGRAM PENUNJANG URUSAN PEMERINTAHAN DAERAH KABUPATEN/KOTA",
            "id_giat": 18372,
            "kode_giat": "3.26.01.2.02",
            "nama_giat": "Administrasi Keuangan Perangkat Daerah",
            "pagu_giat": 2070600030.0,
            "rinci_giat": null,
            "id_sub_giat": 60606,
            "kode_sub_giat": "3.26.01.2.02.0005",
            "nama_sub_giat": "Koordinasi dan Penyusunan Laporan Keuangan Akhir Tahun SKPD",
            "pagu": 12777000.0,
            "pagu_indikatif": 12777000.0,
            "rincian": null,
            "kode_bl": "696.696.4451.18372",
            "kode_sbl": "696.696.4451.18372.60606",
            "kunci_bl": 1,
            "kunci_bl_rinci": 1,
            "user_created": "Ir. ALFIAN,MM",
            "created_date": "30-01-2025",
            "created_time": "09:20",
            "user_updated": "Ir. ALFIAN,MM",
            "updated_date": "26-03-2025",
            "updated_time": "19:18",
            "is_locked": 0
        },
        {
            "id_sub_bl": 61171,
            "id_daerah": 473,
            "tahun": 2026,
            "id_unit": 696,
            "id_skpd": 696,
            "created_user": 1082,
            "kode_skpd": "3.26.0.00.0.00.01.0000",
            "nama_skpd": "Dinas Pariwisata",
            "id_urusan": 13,
            "kode_urusan": "3",
            "nama_urusan": "URUSAN PEMERINTAHAN PILIHAN",
            "id_bidang_urusan": 226,
            "kode_bidang_urusan": "3.26",
            "nama_bidang_urusan": "URUSAN PEMERINTAHAN BIDANG PARIWISATA",
            "id_sub_skpd": 696,
            "kode_sub_skpd": "3.26.0.00.0.00.01.0000",
            "nama_sub_skpd": "Dinas Pariwisata",
            "set_pagu_user": 1082,
            "set_pagu_at": "Tue, 24 Jun 2025 15:25:38 GMT",
            "id_program": 4451,
            "kode_program": "3.26.01",
            "nama_program": "PROGRAM PENUNJANG URUSAN PEMERINTAHAN DAERAH KABUPATEN/KOTA",
            "id_giat": 18373,
            "kode_giat": "3.26.01.2.03",
            "nama_giat": "Administrasi Barang Milik Daerah pada Perangkat Daerah",
            "pagu_giat": 60050200.0,
            "rinci_giat": null,
            "id_sub_giat": 60615,
            "kode_sub_giat": "3.26.01.2.03.0006",
            "nama_sub_giat": "Penatausahaan Barang Milik Daerah pada SKPD",
            "pagu": 60050200.0,
            "pagu_indikatif": 60050200.0,
            "rincian": null,
            "kode_bl": "696.696.4451.18373",
            "kode_sbl": "696.696.4451.18373.60615",
            "kunci_bl": 1,
            "kunci_bl_rinci": 1,
            "user_created": "Ir. ALFIAN,MM",
            "created_date": "30-01-2025",
            "created_time": "09:21",
            "user_updated": "Ir. ALFIAN,MM",
            "updated_date": "26-03-2025",
            "updated_time": "19:19",
            "is_locked": 0
        },
        {
            "id_sub_bl": 62011,
            "id_daerah": 473,
            "tahun": 2026,
            "id_unit": 696,
            "id_skpd": 696,
            "created_user": 1082,
            "kode_skpd": "3.26.0.00.0.00.01.0000",
            "nama_skpd": "Dinas Pariwisata",
            "id_urusan": 13,
            "kode_urusan": "3",
            "nama_urusan": "URUSAN PEMERINTAHAN PILIHAN",
            "id_bidang_urusan": 226,
            "kode_bidang_urusan": "3.26",
            "nama_bidang_urusan": "URUSAN PEMERINTAHAN BIDANG PARIWISATA",
            "id_sub_skpd": 696,
            "kode_sub_skpd": "3.26.0.00.0.00.01.0000",
            "nama_sub_skpd": "Dinas Pariwisata",
            "set_pagu_user": 1082,
            "set_pagu_at": "Tue, 24 Jun 2025 15:25:38 GMT",
            "id_program": 4451,
            "kode_program": "3.26.01",
            "nama_program": "PROGRAM PENUNJANG URUSAN PEMERINTAHAN DAERAH KABUPATEN/KOTA",
            "id_giat": 18373,
            "kode_giat": "3.26.01.2.03",
            "nama_giat": "Administrasi Barang Milik Daerah pada Perangkat Daerah",
            "pagu_giat": 60050200.0,
            "rinci_giat": null,
            "id_sub_giat": 60616,
            "kode_sub_giat": "3.26.01.2.03.0007",
            "nama_sub_giat": "Pemanfaatan Barang Milik Daerah SKPD",
            "pagu": 0.0,
            "pagu_indikatif": 0.0,
            "rincian": null,
            "kode_bl": "696.696.4451.18373",
            "kode_sbl": "696.696.4451.18373.60616",
            "kunci_bl": 1,
            "kunci_bl_rinci": 1,
            "user_created": "Ir. ALFIAN,MM",
            "created_date": "31-01-2025",
            "created_time": "09:00",
            "user_updated": "Ir. ALFIAN,MM",
            "updated_date": "26-03-2025",
            "updated_time": "19:20",
            "is_locked": 0
        },
        {
            "id_sub_bl": 73401,
            "id_daerah": 473,
            "tahun": 2026,
            "id_unit": 696,
            "id_skpd": 696,
            "created_user": 1082,
            "kode_skpd": "3.26.0.00.0.00.01.0000",
            "nama_skpd": "Dinas Pariwisata",
            "id_urusan": 13,
            "kode_urusan": "3",
            "nama_urusan": "URUSAN PEMERINTAHAN PILIHAN",
            "id_bidang_urusan": 226,
            "kode_bidang_urusan": "3.26",
            "nama_bidang_urusan": "URUSAN PEMERINTAHAN BIDANG PARIWISATA",
            "id_sub_skpd": 696,
            "kode_sub_skpd": "3.26.0.00.0.00.01.0000",
            "nama_sub_skpd": "Dinas Pariwisata",
            "set_pagu_user": 1082,
            "set_pagu_at": "Tue, 24 Jun 2025 15:25:38 GMT",
            "id_program": 4451,
            "kode_program": "3.26.01",
            "nama_program": "PROGRAM PENUNJANG URUSAN PEMERINTAHAN DAERAH KABUPATEN/KOTA",
            "id_giat": 18375,
            "kode_giat": "3.26.01.2.05",
            "nama_giat": "Administrasi Kepegawaian Perangkat Daerah",
            "pagu_giat": 0.0,
            "rinci_giat": null,
            "id_sub_giat": 60625,
            "kode_sub_giat": "3.26.01.2.05.0002",
            "nama_sub_giat": "Pengadaan Pakaian Dinas beserta Atribut Kelengkapannya",
            "pagu": 0.0,
            "pagu_indikatif": 0.0,
            "rincian": null,
            "kode_bl": "696.696.4451.18375",
            "kode_sbl": "696.696.4451.18375.60625",
            "kunci_bl": 1,
            "kunci_bl_rinci": 1,
            "user_created": "Ir. ALFIAN,MM",
            "created_date": "26-03-2025",
            "created_time": "19:22",
            "user_updated": null,
            "updated_date": null,
            "updated_time": null,
            "is_locked": 0
        },
        {
            "id_sub_bl": 73402,
            "id_daerah": 473,
            "tahun": 2026,
            "id_unit": 696,
            "id_skpd": 696,
            "created_user": 1082,
            "kode_skpd": "3.26.0.00.0.00.01.0000",
            "nama_skpd": "Dinas Pariwisata",
            "id_urusan": 13,
            "kode_urusan": "3",
            "nama_urusan": "URUSAN PEMERINTAHAN PILIHAN",
            "id_bidang_urusan": 226,
            "kode_bidang_urusan": "3.26",
            "nama_bidang_urusan": "URUSAN PEMERINTAHAN BIDANG PARIWISATA",
            "id_sub_skpd": 696,
            "kode_sub_skpd": "3.26.0.00.0.00.01.0000",
            "nama_sub_skpd": "Dinas Pariwisata",
            "set_pagu_user": 1082,
            "set_pagu_at": "Tue, 24 Jun 2025 15:25:38 GMT",
            "id_program": 4451,
            "kode_program": "3.26.01",
            "nama_program": "PROGRAM PENUNJANG URUSAN PEMERINTAHAN DAERAH KABUPATEN/KOTA",
            "id_giat": 18375,
            "kode_giat": "3.26.01.2.05",
            "nama_giat": "Administrasi Kepegawaian Perangkat Daerah",
            "pagu_giat": 0.0,
            "rinci_giat": null,
            "id_sub_giat": 60632,
            "kode_sub_giat": "3.26.01.2.05.0009",
            "nama_sub_giat": "Pendidikan dan Pelatihan Pegawai Berdasarkan Tugas dan Fungsi",
            "pagu": 0.0,
            "pagu_indikatif": 0.0,
            "rincian": null,
            "kode_bl": "696.696.4451.18375",
            "kode_sbl": "696.696.4451.18375.60632",
            "kunci_bl": 1,
            "kunci_bl_rinci": 1,
            "user_created": "Ir. ALFIAN,MM",
            "created_date": "26-03-2025",
            "created_time": "19:23",
            "user_updated": null,
            "updated_date": null,
            "updated_time": null,
            "is_locked": 0
        },
        {
            "id_sub_bl": 61175,
            "id_daerah": 473,
            "tahun": 2026,
            "id_unit": 696,
            "id_skpd": 696,
            "created_user": 1082,
            "kode_skpd": "3.26.0.00.0.00.01.0000",
            "nama_skpd": "Dinas Pariwisata",
            "id_urusan": 13,
            "kode_urusan": "3",
            "nama_urusan": "URUSAN PEMERINTAHAN PILIHAN",
            "id_bidang_urusan": 226,
            "kode_bidang_urusan": "3.26",
            "nama_bidang_urusan": "URUSAN PEMERINTAHAN BIDANG PARIWISATA",
            "id_sub_skpd": 696,
            "kode_sub_skpd": "3.26.0.00.0.00.01.0000",
            "nama_sub_skpd": "Dinas Pariwisata",
            "set_pagu_user": 1082,
            "set_pagu_at": "Tue, 24 Jun 2025 15:25:38 GMT",
            "id_program": 4451,
            "kode_program": "3.26.01",
            "nama_program": "PROGRAM PENUNJANG URUSAN PEMERINTAHAN DAERAH KABUPATEN/KOTA",
            "id_giat": 18376,
            "kode_giat": "3.26.01.2.06",
            "nama_giat": "Administrasi Umum Perangkat Daerah",
            "pagu_giat": 157492600.0,
            "rinci_giat": null,
            "id_sub_giat": 60635,
            "kode_sub_giat": "3.26.01.2.06.0001",
            "nama_sub_giat": "Penyediaan Komponen Instalasi\r\n\nListrik/Penerangan Bangunan Kantor",
            "pagu": 5627000.0,
            "pagu_indikatif": 5627000.0,
            "rincian": null,
            "kode_bl": "696.696.4451.18376",
            "kode_sbl": "696.696.4451.18376.60635",
            "kunci_bl": 1,
            "kunci_bl_rinci": 1,
            "user_created": "Ir. ALFIAN,MM",
            "created_date": "30-01-2025",
            "created_time": "09:22",
            "user_updated": "Ir. ALFIAN,MM",
            "updated_date": "26-03-2025",
            "updated_time": "19:25",
            "is_locked": 0
        },
        {
            "id_sub_bl": 61179,
            "id_daerah": 473,
            "tahun": 2026,
            "id_unit": 696,
            "id_skpd": 696,
            "created_user": 1082,
            "kode_skpd": "3.26.0.00.0.00.01.0000",
            "nama_skpd": "Dinas Pariwisata",
            "id_urusan": 13,
            "kode_urusan": "3",
            "nama_urusan": "URUSAN PEMERINTAHAN PILIHAN",
            "id_bidang_urusan": 226,
            "kode_bidang_urusan": "3.26",
            "nama_bidang_urusan": "URUSAN PEMERINTAHAN BIDANG PARIWISATA",
            "id_sub_skpd": 696,
            "kode_sub_skpd": "3.26.0.00.0.00.01.0000",
            "nama_sub_skpd": "Dinas Pariwisata",
            "set_pagu_user": 1082,
            "set_pagu_at": "Tue, 24 Jun 2025 15:25:38 GMT",
            "id_program": 4451,
            "kode_program": "3.26.01",
            "nama_program": "PROGRAM PENUNJANG URUSAN PEMERINTAHAN DAERAH KABUPATEN/KOTA",
            "id_giat": 18376,
            "kode_giat": "3.26.01.2.06",
            "nama_giat": "Administrasi Umum Perangkat Daerah",
            "pagu_giat": 157492600.0,
            "rinci_giat": null,
            "id_sub_giat": 60638,
            "kode_sub_giat": "3.26.01.2.06.0004",
            "nama_sub_giat": "Penyediaan Bahan Logistik Kantor",
            "pagu": 64546000.0,
            "pagu_indikatif": 64546000.0,
            "rincian": null,
            "kode_bl": "696.696.4451.18376",
            "kode_sbl": "696.696.4451.18376.60638",
            "kunci_bl": 1,
            "kunci_bl_rinci": 1,
            "user_created": "Ir. ALFIAN,MM",
            "created_date": "30-01-2025",
            "created_time": "09:23",
            "user_updated": "Ir. ALFIAN,MM",
            "updated_date": "26-03-2025",
            "updated_time": "19:26",
            "is_locked": 0
        },
        {
            "id_sub_bl": 61182,
            "id_daerah": 473,
            "tahun": 2026,
            "id_unit": 696,
            "id_skpd": 696,
            "created_user": 1082,
            "kode_skpd": "3.26.0.00.0.00.01.0000",
            "nama_skpd": "Dinas Pariwisata",
            "id_urusan": 13,
            "kode_urusan": "3",
            "nama_urusan": "URUSAN PEMERINTAHAN PILIHAN",
            "id_bidang_urusan": 226,
            "kode_bidang_urusan": "3.26",
            "nama_bidang_urusan": "URUSAN PEMERINTAHAN BIDANG PARIWISATA",
            "id_sub_skpd": 696,
            "kode_sub_skpd": "3.26.0.00.0.00.01.0000",
            "nama_sub_skpd": "Dinas Pariwisata",
            "set_pagu_user": 1082,
            "set_pagu_at": "Tue, 24 Jun 2025 15:25:38 GMT",
            "id_program": 4451,
            "kode_program": "3.26.01",
            "nama_program": "PROGRAM PENUNJANG URUSAN PEMERINTAHAN DAERAH KABUPATEN/KOTA",
            "id_giat": 18376,
            "kode_giat": "3.26.01.2.06",
            "nama_giat": "Administrasi Umum Perangkat Daerah",
            "pagu_giat": 157492600.0,
            "rinci_giat": null,
            "id_sub_giat": 60639,
            "kode_sub_giat": "3.26.01.2.06.0005",
            "nama_sub_giat": "Penyediaan Barang Cetakan dan Penggandaan",
            "pagu": 6319600.0,
            "pagu_indikatif": 6319600.0,
            "rincian": null,
            "kode_bl": "696.696.4451.18376",
            "kode_sbl": "696.696.4451.18376.60639",
            "kunci_bl": 1,
            "kunci_bl_rinci": 1,
            "user_created": "Ir. ALFIAN,MM",
            "created_date": "30-01-2025",
            "created_time": "09:24",
            "user_updated": "Ir. ALFIAN,MM",
            "updated_date": "26-03-2025",
            "updated_time": "19:26",
            "is_locked": 0
        },
        {
            "id_sub_bl": 61187,
            "id_daerah": 473,
            "tahun": 2026,
            "id_unit": 696,
            "id_skpd": 696,
            "created_user": 1082,
            "kode_skpd": "3.26.0.00.0.00.01.0000",
            "nama_skpd": "Dinas Pariwisata",
            "id_urusan": 13,
            "kode_urusan": "3",
            "nama_urusan": "URUSAN PEMERINTAHAN PILIHAN",
            "id_bidang_urusan": 226,
            "kode_bidang_urusan": "3.26",
            "nama_bidang_urusan": "URUSAN PEMERINTAHAN BIDANG PARIWISATA",
            "id_sub_skpd": 696,
            "kode_sub_skpd": "3.26.0.00.0.00.01.0000",
            "nama_sub_skpd": "Dinas Pariwisata",
            "set_pagu_user": 1082,
            "set_pagu_at": "Tue, 24 Jun 2025 15:25:38 GMT",
            "id_program": 4451,
            "kode_program": "3.26.01",
            "nama_program": "PROGRAM PENUNJANG URUSAN PEMERINTAHAN DAERAH KABUPATEN/KOTA",
            "id_giat": 18376,
            "kode_giat": "3.26.01.2.06",
            "nama_giat": "Administrasi Umum Perangkat Daerah",
            "pagu_giat": 157492600.0,
            "rinci_giat": null,
            "id_sub_giat": 60640,
            "kode_sub_giat": "3.26.01.2.06.0006",
            "nama_sub_giat": "Penyediaan Bahan Bacaan dan Peraturan Perundang-undangan",
            "pagu": 6000000.0,
            "pagu_indikatif": 6000000.0,
            "rincian": null,
            "kode_bl": "696.696.4451.18376",
            "kode_sbl": "696.696.4451.18376.60640",
            "kunci_bl": 1,
            "kunci_bl_rinci": 1,
            "user_created": "Ir. ALFIAN,MM",
            "created_date": "30-01-2025",
            "created_time": "09:24",
            "user_updated": "Ir. ALFIAN,MM",
            "updated_date": "26-03-2025",
            "updated_time": "19:26",
            "is_locked": 0
        },
        {
            "id_sub_bl": 73403,
            "id_daerah": 473,
            "tahun": 2026,
            "id_unit": 696,
            "id_skpd": 696,
            "created_user": 1082,
            "kode_skpd": "3.26.0.00.0.00.01.0000",
            "nama_skpd": "Dinas Pariwisata",
            "id_urusan": 13,
            "kode_urusan": "3",
            "nama_urusan": "URUSAN PEMERINTAHAN PILIHAN",
            "id_bidang_urusan": 226,
            "kode_bidang_urusan": "3.26",
            "nama_bidang_urusan": "URUSAN PEMERINTAHAN BIDANG PARIWISATA",
            "id_sub_skpd": 696,
            "kode_sub_skpd": "3.26.0.00.0.00.01.0000",
            "nama_sub_skpd": "Dinas Pariwisata",
            "set_pagu_user": 1082,
            "set_pagu_at": "Tue, 24 Jun 2025 15:25:38 GMT",
            "id_program": 4451,
            "kode_program": "3.26.01",
            "nama_program": "PROGRAM PENUNJANG URUSAN PEMERINTAHAN DAERAH KABUPATEN/KOTA",
            "id_giat": 18376,
            "kode_giat": "3.26.01.2.06",
            "nama_giat": "Administrasi Umum Perangkat Daerah",
            "pagu_giat": 157492600.0,
            "rinci_giat": null,
            "id_sub_giat": 60641,
            "kode_sub_giat": "3.26.01.2.06.0007",
            "nama_sub_giat": "Penyediaan Bahan/Material",
            "pagu": 0.0,
            "pagu_indikatif": 0.0,
            "rincian": null,
            "kode_bl": "696.696.4451.18376",
            "kode_sbl": "696.696.4451.18376.60641",
            "kunci_bl": 1,
            "kunci_bl_rinci": 1,
            "user_created": "Ir. ALFIAN,MM",
            "created_date": "26-03-2025",
            "created_time": "19:27",
            "user_updated": null,
            "updated_date": null,
            "updated_time": null,
            "is_locked": 0
        },
        {
            "id_sub_bl": 61190,
            "id_daerah": 473,
            "tahun": 2026,
            "id_unit": 696,
            "id_skpd": 696,
            "created_user": 1082,
            "kode_skpd": "3.26.0.00.0.00.01.0000",
            "nama_skpd": "Dinas Pariwisata",
            "id_urusan": 13,
            "kode_urusan": "3",
            "nama_urusan": "URUSAN PEMERINTAHAN PILIHAN",
            "id_bidang_urusan": 226,
            "kode_bidang_urusan": "3.26",
            "nama_bidang_urusan": "URUSAN PEMERINTAHAN BIDANG PARIWISATA",
            "id_sub_skpd": 696,
            "kode_sub_skpd": "3.26.0.00.0.00.01.0000",
            "nama_sub_skpd": "Dinas Pariwisata",
            "set_pagu_user": 1082,
            "set_pagu_at": "Tue, 24 Jun 2025 15:25:38 GMT",
            "id_program": 4451,
            "kode_program": "3.26.01",
            "nama_program": "PROGRAM PENUNJANG URUSAN PEMERINTAHAN DAERAH KABUPATEN/KOTA",
            "id_giat": 18376,
            "kode_giat": "3.26.01.2.06",
            "nama_giat": "Administrasi Umum Perangkat Daerah",
            "pagu_giat": 157492600.0,
            "rinci_giat": null,
            "id_sub_giat": 60643,
            "kode_sub_giat": "3.26.01.2.06.0009",
            "nama_sub_giat": "Penyelenggaraan Rapat Koordinasi dan Konsultasi SKPD",
            "pagu": 75000000.0,
            "pagu_indikatif": 75000000.0,
            "rincian": null,
            "kode_bl": "696.696.4451.18376",
            "kode_sbl": "696.696.4451.18376.60643",
            "kunci_bl": 1,
            "kunci_bl_rinci": 1,
            "user_created": "Ir. ALFIAN,MM",
            "created_date": "30-01-2025",
            "created_time": "09:25",
            "user_updated": "Ir. ALFIAN,MM",
            "updated_date": "24-06-2025",
            "updated_time": "14:42",
            "is_locked": 0
        },
        {
            "id_sub_bl": 73404,
            "id_daerah": 473,
            "tahun": 2026,
            "id_unit": 696,
            "id_skpd": 696,
            "created_user": 1082,
            "kode_skpd": "3.26.0.00.0.00.01.0000",
            "nama_skpd": "Dinas Pariwisata",
            "id_urusan": 13,
            "kode_urusan": "3",
            "nama_urusan": "URUSAN PEMERINTAHAN PILIHAN",
            "id_bidang_urusan": 226,
            "kode_bidang_urusan": "3.26",
            "nama_bidang_urusan": "URUSAN PEMERINTAHAN BIDANG PARIWISATA",
            "id_sub_skpd": 696,
            "kode_sub_skpd": "3.26.0.00.0.00.01.0000",
            "nama_sub_skpd": "Dinas Pariwisata",
            "set_pagu_user": 1082,
            "set_pagu_at": "Tue, 24 Jun 2025 15:25:38 GMT",
            "id_program": 4451,
            "kode_program": "3.26.01",
            "nama_program": "PROGRAM PENUNJANG URUSAN PEMERINTAHAN DAERAH KABUPATEN/KOTA",
            "id_giat": 18377,
            "kode_giat": "3.26.01.2.07",
            "nama_giat": "Pengadaan Barang Milik Daerah Penunjang Urusan Pemerintah Daerah",
            "pagu_giat": 25000000.0,
            "rinci_giat": null,
            "id_sub_giat": 60646,
            "kode_sub_giat": "3.26.01.2.07.0001",
            "nama_sub_giat": "Pengadaan Kendaraan Perorangan Dinas atau Kendaraan Dinas Jabatan",
            "pagu": 0.0,
            "pagu_indikatif": 0.0,
            "rincian": null,
            "kode_bl": "696.696.4451.18377",
            "kode_sbl": "696.696.4451.18377.60646",
            "kunci_bl": 1,
            "kunci_bl_rinci": 1,
            "user_created": "Ir. ALFIAN,MM",
            "created_date": "26-03-2025",
            "created_time": "19:29",
            "user_updated": null,
            "updated_date": null,
            "updated_time": null,
            "is_locked": 0
        },
        {
            "id_sub_bl": 73405,
            "id_daerah": 473,
            "tahun": 2026,
            "id_unit": 696,
            "id_skpd": 696,
            "created_user": 1082,
            "kode_skpd": "3.26.0.00.0.00.01.0000",
            "nama_skpd": "Dinas Pariwisata",
            "id_urusan": 13,
            "kode_urusan": "3",
            "nama_urusan": "URUSAN PEMERINTAHAN PILIHAN",
            "id_bidang_urusan": 226,
            "kode_bidang_urusan": "3.26",
            "nama_bidang_urusan": "URUSAN PEMERINTAHAN BIDANG PARIWISATA",
            "id_sub_skpd": 696,
            "kode_sub_skpd": "3.26.0.00.0.00.01.0000",
            "nama_sub_skpd": "Dinas Pariwisata",
            "set_pagu_user": 1082,
            "set_pagu_at": "Tue, 24 Jun 2025 15:25:38 GMT",
            "id_program": 4451,
            "kode_program": "3.26.01",
            "nama_program": "PROGRAM PENUNJANG URUSAN PEMERINTAHAN DAERAH KABUPATEN/KOTA",
            "id_giat": 18377,
            "kode_giat": "3.26.01.2.07",
            "nama_giat": "Pengadaan Barang Milik Daerah Penunjang Urusan Pemerintah Daerah",
            "pagu_giat": 25000000.0,
            "rinci_giat": null,
            "id_sub_giat": 60647,
            "kode_sub_giat": "3.26.01.2.07.0002",
            "nama_sub_giat": "Pengadaan Kendaraan Dinas Operasional atau Lapangan",
            "pagu": 0.0,
            "pagu_indikatif": 0.0,
            "rincian": null,
            "kode_bl": "696.696.4451.18377",
            "kode_sbl": "696.696.4451.18377.60647",
            "kunci_bl": 1,
            "kunci_bl_rinci": 1,
            "user_created": "Ir. ALFIAN,MM",
            "created_date": "26-03-2025",
            "created_time": "19:30",
            "user_updated": null,
            "updated_date": null,
            "updated_time": null,
            "is_locked": 0
        },
        {
            "id_sub_bl": 73406,
            "id_daerah": 473,
            "tahun": 2026,
            "id_unit": 696,
            "id_skpd": 696,
            "created_user": 1082,
            "kode_skpd": "3.26.0.00.0.00.01.0000",
            "nama_skpd": "Dinas Pariwisata",
            "id_urusan": 13,
            "kode_urusan": "3",
            "nama_urusan": "URUSAN PEMERINTAHAN PILIHAN",
            "id_bidang_urusan": 226,
            "kode_bidang_urusan": "3.26",
            "nama_bidang_urusan": "URUSAN PEMERINTAHAN BIDANG PARIWISATA",
            "id_sub_skpd": 696,
            "kode_sub_skpd": "3.26.0.00.0.00.01.0000",
            "nama_sub_skpd": "Dinas Pariwisata",
            "set_pagu_user": 1082,
            "set_pagu_at": "Tue, 24 Jun 2025 15:25:38 GMT",
            "id_program": 4451,
            "kode_program": "3.26.01",
            "nama_program": "PROGRAM PENUNJANG URUSAN PEMERINTAHAN DAERAH KABUPATEN/KOTA",
            "id_giat": 18377,
            "kode_giat": "3.26.01.2.07",
            "nama_giat": "Pengadaan Barang Milik Daerah Penunjang Urusan Pemerintah Daerah",
            "pagu_giat": 25000000.0,
            "rinci_giat": null,
            "id_sub_giat": 60650,
            "kode_sub_giat": "3.26.01.2.07.0005",
            "nama_sub_giat": "Pengadaan Mebel",
            "pagu": 0.0,
            "pagu_indikatif": 0.0,
            "rincian": null,
            "kode_bl": "696.696.4451.18377",
            "kode_sbl": "696.696.4451.18377.60650",
            "kunci_bl": 1,
            "kunci_bl_rinci": 1,
            "user_created": "Ir. ALFIAN,MM",
            "created_date": "26-03-2025",
            "created_time": "19:31",
            "user_updated": null,
            "updated_date": null,
            "updated_time": null,
            "is_locked": 0
        },
        {
            "id_sub_bl": 61194,
            "id_daerah": 473,
            "tahun": 2026,
            "id_unit": 696,
            "id_skpd": 696,
            "created_user": 1082,
            "kode_skpd": "3.26.0.00.0.00.01.0000",
            "nama_skpd": "Dinas Pariwisata",
            "id_urusan": 13,
            "kode_urusan": "3",
            "nama_urusan": "URUSAN PEMERINTAHAN PILIHAN",
            "id_bidang_urusan": 226,
            "kode_bidang_urusan": "3.26",
            "nama_bidang_urusan": "URUSAN PEMERINTAHAN BIDANG PARIWISATA",
            "id_sub_skpd": 696,
            "kode_sub_skpd": "3.26.0.00.0.00.01.0000",
            "nama_sub_skpd": "Dinas Pariwisata",
            "set_pagu_user": 1082,
            "set_pagu_at": "Tue, 24 Jun 2025 15:25:38 GMT",
            "id_program": 4451,
            "kode_program": "3.26.01",
            "nama_program": "PROGRAM PENUNJANG URUSAN PEMERINTAHAN DAERAH KABUPATEN/KOTA",
            "id_giat": 18377,
            "kode_giat": "3.26.01.2.07",
            "nama_giat": "Pengadaan Barang Milik Daerah Penunjang Urusan Pemerintah Daerah",
            "pagu_giat": 25000000.0,
            "rinci_giat": null,
            "id_sub_giat": 60651,
            "kode_sub_giat": "3.26.01.2.07.0006",
            "nama_sub_giat": "Pengadaan Peralatan dan Mesin Lainnya",
            "pagu": 25000000.0,
            "pagu_indikatif": 25000000.0,
            "rincian": null,
            "kode_bl": "696.696.4451.18377",
            "kode_sbl": "696.696.4451.18377.60651",
            "kunci_bl": 1,
            "kunci_bl_rinci": 1,
            "user_created": "Ir. ALFIAN,MM",
            "created_date": "30-01-2025",
            "created_time": "09:26",
            "user_updated": "Ir. ALFIAN,MM",
            "updated_date": "24-06-2025",
            "updated_time": "14:45",
            "is_locked": 0
        },
        {
            "id_sub_bl": 73407,
            "id_daerah": 473,
            "tahun": 2026,
            "id_unit": 696,
            "id_skpd": 696,
            "created_user": 1082,
            "kode_skpd": "3.26.0.00.0.00.01.0000",
            "nama_skpd": "Dinas Pariwisata",
            "id_urusan": 13,
            "kode_urusan": "3",
            "nama_urusan": "URUSAN PEMERINTAHAN PILIHAN",
            "id_bidang_urusan": 226,
            "kode_bidang_urusan": "3.26",
            "nama_bidang_urusan": "URUSAN PEMERINTAHAN BIDANG PARIWISATA",
            "id_sub_skpd": 696,
            "kode_sub_skpd": "3.26.0.00.0.00.01.0000",
            "nama_sub_skpd": "Dinas Pariwisata",
            "set_pagu_user": 1082,
            "set_pagu_at": "Tue, 24 Jun 2025 15:25:38 GMT",
            "id_program": 4451,
            "kode_program": "3.26.01",
            "nama_program": "PROGRAM PENUNJANG URUSAN PEMERINTAHAN DAERAH KABUPATEN/KOTA",
            "id_giat": 18377,
            "kode_giat": "3.26.01.2.07",
            "nama_giat": "Pengadaan Barang Milik Daerah Penunjang Urusan Pemerintah Daerah",
            "pagu_giat": 25000000.0,
            "rinci_giat": null,
            "id_sub_giat": 60654,
            "kode_sub_giat": "3.26.01.2.07.0009",
            "nama_sub_giat": "Pengadaan Gedung Kantor atau Bangunan Lainnya",
            "pagu": 0.0,
            "pagu_indikatif": 0.0,
            "rincian": null,
            "kode_bl": "696.696.4451.18377",
            "kode_sbl": "696.696.4451.18377.60654",
            "kunci_bl": 1,
            "kunci_bl_rinci": 1,
            "user_created": "Ir. ALFIAN,MM",
            "created_date": "26-03-2025",
            "created_time": "19:32",
            "user_updated": null,
            "updated_date": null,
            "updated_time": null,
            "is_locked": 0
        },
        {
            "id_sub_bl": 61196,
            "id_daerah": 473,
            "tahun": 2026,
            "id_unit": 696,
            "id_skpd": 696,
            "created_user": 1082,
            "kode_skpd": "3.26.0.00.0.00.01.0000",
            "nama_skpd": "Dinas Pariwisata",
            "id_urusan": 13,
            "kode_urusan": "3",
            "nama_urusan": "URUSAN PEMERINTAHAN PILIHAN",
            "id_bidang_urusan": 226,
            "kode_bidang_urusan": "3.26",
            "nama_bidang_urusan": "URUSAN PEMERINTAHAN BIDANG PARIWISATA",
            "id_sub_skpd": 696,
            "kode_sub_skpd": "3.26.0.00.0.00.01.0000",
            "nama_sub_skpd": "Dinas Pariwisata",
            "set_pagu_user": 1082,
            "set_pagu_at": "Tue, 24 Jun 2025 15:25:38 GMT",
            "id_program": 4451,
            "kode_program": "3.26.01",
            "nama_program": "PROGRAM PENUNJANG URUSAN PEMERINTAHAN DAERAH KABUPATEN/KOTA",
            "id_giat": 18378,
            "kode_giat": "3.26.01.2.08",
            "nama_giat": "Penyediaan Jasa Penunjang Urusan Pemerintahan Daerah",
            "pagu_giat": 230880000.0,
            "rinci_giat": null,
            "id_sub_giat": 60658,
            "kode_sub_giat": "3.26.01.2.08.0002",
            "nama_sub_giat": "Penyediaan Jasa Komunikasi, Sumber Daya Air dan Listrik",
            "pagu": 69000000.0,
            "pagu_indikatif": 69000000.0,
            "rincian": null,
            "kode_bl": "696.696.4451.18378",
            "kode_sbl": "696.696.4451.18378.60658",
            "kunci_bl": 1,
            "kunci_bl_rinci": 1,
            "user_created": "Ir. ALFIAN,MM",
            "created_date": "30-01-2025",
            "created_time": "09:27",
            "user_updated": "Ir. ALFIAN,MM",
            "updated_date": "26-03-2025",
            "updated_time": "19:33",
            "is_locked": 0
        },
        {
            "id_sub_bl": 61199,
            "id_daerah": 473,
            "tahun": 2026,
            "id_unit": 696,
            "id_skpd": 696,
            "created_user": 1082,
            "kode_skpd": "3.26.0.00.0.00.01.0000",
            "nama_skpd": "Dinas Pariwisata",
            "id_urusan": 13,
            "kode_urusan": "3",
            "nama_urusan": "URUSAN PEMERINTAHAN PILIHAN",
            "id_bidang_urusan": 226,
            "kode_bidang_urusan": "3.26",
            "nama_bidang_urusan": "URUSAN PEMERINTAHAN BIDANG PARIWISATA",
            "id_sub_skpd": 696,
            "kode_sub_skpd": "3.26.0.00.0.00.01.0000",
            "nama_sub_skpd": "Dinas Pariwisata",
            "set_pagu_user": 1082,
            "set_pagu_at": "Tue, 24 Jun 2025 15:25:38 GMT",
            "id_program": 4451,
            "kode_program": "3.26.01",
            "nama_program": "PROGRAM PENUNJANG URUSAN PEMERINTAHAN DAERAH KABUPATEN/KOTA",
            "id_giat": 18378,
            "kode_giat": "3.26.01.2.08",
            "nama_giat": "Penyediaan Jasa Penunjang Urusan Pemerintahan Daerah",
            "pagu_giat": 230880000.0,
            "rinci_giat": null,
            "id_sub_giat": 60660,
            "kode_sub_giat": "3.26.01.2.08.0004",
            "nama_sub_giat": "Penyediaan Jasa Pelayanan Umum Kantor",
            "pagu": 161880000.0,
            "pagu_indikatif": 161880000.0,
            "rincian": null,
            "kode_bl": "696.696.4451.18378",
            "kode_sbl": "696.696.4451.18378.60660",
            "kunci_bl": 1,
            "kunci_bl_rinci": 1,
            "user_created": "Ir. ALFIAN,MM",
            "created_date": "30-01-2025",
            "created_time": "09:28",
            "user_updated": "Ir. ALFIAN,MM",
            "updated_date": "26-03-2025",
            "updated_time": "19:34",
            "is_locked": 0
        },
        {
            "id_sub_bl": 61203,
            "id_daerah": 473,
            "tahun": 2026,
            "id_unit": 696,
            "id_skpd": 696,
            "created_user": 1082,
            "kode_skpd": "3.26.0.00.0.00.01.0000",
            "nama_skpd": "Dinas Pariwisata",
            "id_urusan": 13,
            "kode_urusan": "3",
            "nama_urusan": "URUSAN PEMERINTAHAN PILIHAN",
            "id_bidang_urusan": 226,
            "kode_bidang_urusan": "3.26",
            "nama_bidang_urusan": "URUSAN PEMERINTAHAN BIDANG PARIWISATA",
            "id_sub_skpd": 696,
            "kode_sub_skpd": "3.26.0.00.0.00.01.0000",
            "nama_sub_skpd": "Dinas Pariwisata",
            "set_pagu_user": 1082,
            "set_pagu_at": "Tue, 24 Jun 2025 15:25:38 GMT",
            "id_program": 4451,
            "kode_program": "3.26.01",
            "nama_program": "PROGRAM PENUNJANG URUSAN PEMERINTAHAN DAERAH KABUPATEN/KOTA",
            "id_giat": 18379,
            "kode_giat": "3.26.01.2.09",
            "nama_giat": "Pemeliharaan Barang Milik Daerah Penunjang Urusan Pemerintahan Daerah",
            "pagu_giat": 240552700.0,
            "rinci_giat": null,
            "id_sub_giat": 60661,
            "kode_sub_giat": "3.26.01.2.09.0001",
            "nama_sub_giat": "Penyediaan Jasa Pemeliharaan, Biaya Pemeliharaan, dan Pajak Kendaraan Perorangan Dinas atau Kendaraan Dinas Jabatan",
            "pagu": 30098700.0,
            "pagu_indikatif": 30098700.0,
            "rincian": null,
            "kode_bl": "696.696.4451.18379",
            "kode_sbl": "696.696.4451.18379.60661",
            "kunci_bl": 1,
            "kunci_bl_rinci": 1,
            "user_created": "Ir. ALFIAN,MM",
            "created_date": "30-01-2025",
            "created_time": "09:29",
            "user_updated": "Ir. ALFIAN,MM",
            "updated_date": "26-03-2025",
            "updated_time": "19:35",
            "is_locked": 0
        },
        {
            "id_sub_bl": 61206,
            "id_daerah": 473,
            "tahun": 2026,
            "id_unit": 696,
            "id_skpd": 696,
            "created_user": 1082,
            "kode_skpd": "3.26.0.00.0.00.01.0000",
            "nama_skpd": "Dinas Pariwisata",
            "id_urusan": 13,
            "kode_urusan": "3",
            "nama_urusan": "URUSAN PEMERINTAHAN PILIHAN",
            "id_bidang_urusan": 226,
            "kode_bidang_urusan": "3.26",
            "nama_bidang_urusan": "URUSAN PEMERINTAHAN BIDANG PARIWISATA",
            "id_sub_skpd": 696,
            "kode_sub_skpd": "3.26.0.00.0.00.01.0000",
            "nama_sub_skpd": "Dinas Pariwisata",
            "set_pagu_user": 1082,
            "set_pagu_at": "Tue, 24 Jun 2025 15:25:38 GMT",
            "id_program": 4451,
            "kode_program": "3.26.01",
            "nama_program": "PROGRAM PENUNJANG URUSAN PEMERINTAHAN DAERAH KABUPATEN/KOTA",
            "id_giat": 18379,
            "kode_giat": "3.26.01.2.09",
            "nama_giat": "Pemeliharaan Barang Milik Daerah Penunjang Urusan Pemerintahan Daerah",
            "pagu_giat": 240552700.0,
            "rinci_giat": null,
            "id_sub_giat": 60666,
            "kode_sub_giat": "3.26.01.2.09.0006",
            "nama_sub_giat": "Pemeliharaan Peralatan dan Mesin Lainnya",
            "pagu": 5500000.0,
            "pagu_indikatif": 5500000.0,
            "rincian": null,
            "kode_bl": "696.696.4451.18379",
            "kode_sbl": "696.696.4451.18379.60666",
            "kunci_bl": 1,
            "kunci_bl_rinci": 1,
            "user_created": "Ir. ALFIAN,MM",
            "created_date": "30-01-2025",
            "created_time": "09:30",
            "user_updated": "Ir. ALFIAN,MM",
            "updated_date": "26-03-2025",
            "updated_time": "19:35",
            "is_locked": 0
        },
        {
            "id_sub_bl": 61210,
            "id_daerah": 473,
            "tahun": 2026,
            "id_unit": 696,
            "id_skpd": 696,
            "created_user": 1082,
            "kode_skpd": "3.26.0.00.0.00.01.0000",
            "nama_skpd": "Dinas Pariwisata",
            "id_urusan": 13,
            "kode_urusan": "3",
            "nama_urusan": "URUSAN PEMERINTAHAN PILIHAN",
            "id_bidang_urusan": 226,
            "kode_bidang_urusan": "3.26",
            "nama_bidang_urusan": "URUSAN PEMERINTAHAN BIDANG PARIWISATA",
            "id_sub_skpd": 696,
            "kode_sub_skpd": "3.26.0.00.0.00.01.0000",
            "nama_sub_skpd": "Dinas Pariwisata",
            "set_pagu_user": 1082,
            "set_pagu_at": "Tue, 24 Jun 2025 15:25:38 GMT",
            "id_program": 4451,
            "kode_program": "3.26.01",
            "nama_program": "PROGRAM PENUNJANG URUSAN PEMERINTAHAN DAERAH KABUPATEN/KOTA",
            "id_giat": 18379,
            "kode_giat": "3.26.01.2.09",
            "nama_giat": "Pemeliharaan Barang Milik Daerah Penunjang Urusan Pemerintahan Daerah",
            "pagu_giat": 240552700.0,
            "rinci_giat": null,
            "id_sub_giat": 60669,
            "kode_sub_giat": "3.26.01.2.09.0009",
            "nama_sub_giat": "Pemeliharaan/Rehabilitasi Gedung Kantor dan Bangunan Lainnya",
            "pagu": 204954000.0,
            "pagu_indikatif": 204954000.0,
            "rincian": null,
            "kode_bl": "696.696.4451.18379",
            "kode_sbl": "696.696.4451.18379.60669",
            "kunci_bl": 1,
            "kunci_bl_rinci": 1,
            "user_created": "Ir. ALFIAN,MM",
            "created_date": "30-01-2025",
            "created_time": "09:31",
            "user_updated": "Ir. ALFIAN,MM",
            "updated_date": "26-03-2025",
            "updated_time": "19:35",
            "is_locked": 0
        }
    ]