[
        {
            "id_sub_bl": 59685,
            "id_daerah": 473,
            "tahun": 2026,
            "id_unit": 995,
            "id_skpd": 995,
            "created_user": 258576,
            "kode_skpd": "3.27.0.00.0.00.02.0000",
            "nama_skpd": "Dinas Perkebunan",
            "id_urusan": 13,
            "kode_urusan": "3",
            "nama_urusan": "URUSAN PEMERINTAHAN PILIHAN",
            "id_bidang_urusan": 227,
            "kode_bidang_urusan": "3.27",
            "nama_bidang_urusan": "URUSAN PEMERINTAHAN BIDANG PERTANIAN",
            "id_sub_skpd": 995,
            "kode_sub_skpd": "3.27.0.00.0.00.02.0000",
            "nama_sub_skpd": "Dinas Perkebunan",
            "set_pagu_user": 0,
            "set_pagu_at": null,
            "id_program": 4203,
            "kode_program": "3.27.02",
            "nama_program": "PROGRAM PENYEDIAAN DAN PENGEMBANGAN SARANA PERTANIAN",
            "id_giat": 17482,
            "kode_giat": "3.27.02.2.01",
            "nama_giat": "Pengawasan Penggunaan Sarana Pertanian",
            "pagu_giat": 410000000.0,
            "rinci_giat": null,
            "id_sub_giat": 57295,
            "kode_sub_giat": "3.27.02.2.01.0002",
            "nama_sub_giat": "Pendampingan Penggunaan Sarana Pendukung Pertanian",
            "pagu": 150000000.0,
            "pagu_indikatif": 150000000.0,
            "rincian": null,
            "kode_bl": "995.995.4203.17482",
            "kode_sbl": "995.995.4203.17482.57295",
            "kunci_bl": 1,
            "kunci_bl_rinci": 1,
            "user_created": "Desman Siboro, SH",
            "created_date": "21-01-2025",
            "created_time": "16:36",
            "user_updated": "Desman Siboro, SH",
            "updated_date": "27-03-2025",
            "updated_time": "03:57",
            "is_locked": 0
        },
        {
            "id_sub_bl": 59688,
            "id_daerah": 473,
            "tahun": 2026,
            "id_unit": 995,
            "id_skpd": 995,
            "created_user": 258576,
            "kode_skpd": "3.27.0.00.0.00.02.0000",
            "nama_skpd": "Dinas Perkebunan",
            "id_urusan": 13,
            "kode_urusan": "3",
            "nama_urusan": "URUSAN PEMERINTAHAN PILIHAN",
            "id_bidang_urusan": 227,
            "kode_bidang_urusan": "3.27",
            "nama_bidang_urusan": "URUSAN PEMERINTAHAN BIDANG PERTANIAN",
            "id_sub_skpd": 995,
            "kode_sub_skpd": "3.27.0.00.0.00.02.0000",
            "nama_sub_skpd": "Dinas Perkebunan",
            "set_pagu_user": 0,
            "set_pagu_at": null,
            "id_program": 4203,
            "kode_program": "3.27.02",
            "nama_program": "PROGRAM PENYEDIAAN DAN PENGEMBANGAN SARANA PERTANIAN",
            "id_giat": 17483,
            "kode_giat": "3.27.02.2.02",
            "nama_giat": "Pengelolaan Sumber Daya Genetik (SDG) Hewan, Tumbuhan, dan Mikro Organisme Kewenangan Kabupaten/Kota",
            "pagu_giat": 500000000.0,
            "rinci_giat": null,
            "id_sub_giat": 57312,
            "kode_sub_giat": "3.27.02.2.02.0003",
            "nama_sub_giat": "Pemanfaatan SDG Hewan/Tanaman",
            "pagu": 500000000.0,
            "pagu_indikatif": 500000000.0,
            "rincian": null,
            "kode_bl": "995.995.4203.17483",
            "kode_sbl": "995.995.4203.17483.57312",
            "kunci_bl": 1,
            "kunci_bl_rinci": 1,
            "user_created": "Desman Siboro, SH",
            "created_date": "21-01-2025",
            "created_time": "16:54",
            "user_updated": "Desman Siboro, SH",
            "updated_date": "27-03-2025",
            "updated_time": "03:58",
            "is_locked": 0
        },
        {
            "id_sub_bl": 59687,
            "id_daerah": 473,
            "tahun": 2026,
            "id_unit": 995,
            "id_skpd": 995,
            "created_user": 258576,
            "kode_skpd": "3.27.0.00.0.00.02.0000",
            "nama_skpd": "Dinas Perkebunan",
            "id_urusan": 13,
            "kode_urusan": "3",
            "nama_urusan": "URUSAN PEMERINTAHAN PILIHAN",
            "id_bidang_urusan": 227,
            "kode_bidang_urusan": "3.27",
            "nama_bidang_urusan": "URUSAN PEMERINTAHAN BIDANG PERTANIAN",
            "id_sub_skpd": 995,
            "kode_sub_skpd": "3.27.0.00.0.00.02.0000",
            "nama_sub_skpd": "Dinas Perkebunan",
            "set_pagu_user": 0,
            "set_pagu_at": null,
            "id_program": 4205,
            "kode_program": "3.27.03",
            "nama_program": "PROGRAM PENYEDIAAN DAN PENGEMBANGAN PRASARANA PERTANIAN",
            "id_giat": 17490,
            "kode_giat": "3.27.03.2.01",
            "nama_giat": "Pengembangan Prasarana Pertanian",
            "pagu_giat": 150000000.0,
            "rinci_giat": null,
            "id_sub_giat": 57352,
            "kode_sub_giat": "3.27.03.2.01.0003",
            "nama_sub_giat": "Koordinasi dan Sinkronisasi Prasarana Pendukung Pertanian Lainnya",
            "pagu": 150000000.0,
            "pagu_indikatif": 150000000.0,
            "rincian": null,
            "kode_bl": "995.995.4205.17490",
            "kode_sbl": "995.995.4205.17490.57352",
            "kunci_bl": 1,
            "kunci_bl_rinci": 1,
            "user_created": "Desman Siboro, SH",
            "created_date": "21-01-2025",
            "created_time": "16:50",
            "user_updated": "Desman Siboro, SH",
            "updated_date": "27-03-2025",
            "updated_time": "03:59",
            "is_locked": 0
        },
        {
            "id_sub_bl": 59681,
            "id_daerah": 473,
            "tahun": 2026,
            "id_unit": 995,
            "id_skpd": 995,
            "created_user": 258576,
            "kode_skpd": "3.27.0.00.0.00.02.0000",
            "nama_skpd": "Dinas Perkebunan",
            "id_urusan": 13,
            "kode_urusan": "3",
            "nama_urusan": "URUSAN PEMERINTAHAN PILIHAN",
            "id_bidang_urusan": 227,
            "kode_bidang_urusan": "3.27",
            "nama_bidang_urusan": "URUSAN PEMERINTAHAN BIDANG PERTANIAN",
            "id_sub_skpd": 995,
            "kode_sub_skpd": "3.27.0.00.0.00.02.0000",
            "nama_sub_skpd": "Dinas Perkebunan",
            "set_pagu_user": 0,
            "set_pagu_at": null,
            "id_program": 4205,
            "kode_program": "3.27.03",
            "nama_program": "PROGRAM PENYEDIAAN DAN PENGEMBANGAN PRASARANA PERTANIAN",
            "id_giat": 17491,
            "kode_giat": "3.27.03.2.02",
            "nama_giat": "Pembangunan Prasarana Pertanian",
            "pagu_giat": 1140000000.0,
            "rinci_giat": null,
            "id_sub_giat": 57367,
            "kode_sub_giat": "3.27.03.2.02.0003",
            "nama_sub_giat": "Pembangunan, Rehabilitasi dan Pemeliharaan Jalan Usaha Tani",
            "pagu": 1140000000.0,
            "pagu_indikatif": 1140000000.0,
            "rincian": null,
            "kode_bl": "995.995.4205.17491",
            "kode_sbl": "995.995.4205.17491.57367",
            "kunci_bl": 1,
            "kunci_bl_rinci": 1,
            "user_created": "Desman Siboro, SH",
            "created_date": "21-01-2025",
            "created_time": "15:53",
            "user_updated": "Desman Siboro, SH",
            "updated_date": "27-03-2025",
            "updated_time": "04:00",
            "is_locked": 0
        },
        {
            "id_sub_bl": 59686,
            "id_daerah": 473,
            "tahun": 2026,
            "id_unit": 995,
            "id_skpd": 995,
            "created_user": 258576,
            "kode_skpd": "3.27.0.00.0.00.02.0000",
            "nama_skpd": "Dinas Perkebunan",
            "id_urusan": 13,
            "kode_urusan": "3",
            "nama_urusan": "URUSAN PEMERINTAHAN PILIHAN",
            "id_bidang_urusan": 227,
            "kode_bidang_urusan": "3.27",
            "nama_bidang_urusan": "URUSAN PEMERINTAHAN BIDANG PERTANIAN",
            "id_sub_skpd": 995,
            "kode_sub_skpd": "3.27.0.00.0.00.02.0000",
            "nama_sub_skpd": "Dinas Perkebunan",
            "set_pagu_user": 0,
            "set_pagu_at": null,
            "id_program": 4213,
            "kode_program": "3.27.07",
            "nama_program": "PROGRAM PENYULUHAN PERTANIAN",
            "id_giat": 17515,
            "kode_giat": "3.27.07.2.01",
            "nama_giat": "Pelaksanaan Penyuluhan Pertanian",
            "pagu_giat": 150000000.0,
            "rinci_giat": null,
            "id_sub_giat": 57464,
            "kode_sub_giat": "3.27.07.2.01.0001",
            "nama_sub_giat": "Peningkatan Kapasitas Kelembagaan Penyuluhan Pertanian di Kecamatan dan Desa",
            "pagu": 0.0,
            "pagu_indikatif": 150000000.0,
            "rincian": null,
            "kode_bl": "995.995.4213.17515",
            "kode_sbl": "995.995.4213.17515.57464",
            "kunci_bl": 1,
            "kunci_bl_rinci": 1,
            "user_created": "Desman Siboro, SH",
            "created_date": "21-01-2025",
            "created_time": "16:46",
            "user_updated": "Desman Siboro, SH",
            "updated_date": "23-06-2025",
            "updated_time": "00:21",
            "is_locked": 0
        },
        {
            "id_sub_bl": 76867,
            "id_daerah": 473,
            "tahun": 2026,
            "id_unit": 995,
            "id_skpd": 995,
            "created_user": 258576,
            "kode_skpd": "3.27.0.00.0.00.02.0000",
            "nama_skpd": "Dinas Perkebunan",
            "id_urusan": 13,
            "kode_urusan": "3",
            "nama_urusan": "URUSAN PEMERINTAHAN PILIHAN",
            "id_bidang_urusan": 227,
            "kode_bidang_urusan": "3.27",
            "nama_bidang_urusan": "URUSAN PEMERINTAHAN BIDANG PERTANIAN",
            "id_sub_skpd": 995,
            "kode_sub_skpd": "3.27.0.00.0.00.02.0000",
            "nama_sub_skpd": "Dinas Perkebunan",
            "set_pagu_user": 0,
            "set_pagu_at": null,
            "id_program": 4213,
            "kode_program": "3.27.07",
            "nama_program": "PROGRAM PENYULUHAN PERTANIAN",
            "id_giat": 17515,
            "kode_giat": "3.27.07.2.01",
            "nama_giat": "Pelaksanaan Penyuluhan Pertanian",
            "pagu_giat": 150000000.0,
            "rinci_giat": null,
            "id_sub_giat": 57468,
            "kode_sub_giat": "3.27.07.2.01.0006",
            "nama_sub_giat": "Penyediaan dan Peningkatan Kapasitas Penyuluh pertanian",
            "pagu": 150000000.0,
            "pagu_indikatif": 0.0,
            "rincian": null,
            "kode_bl": "995.995.4213.17515",
            "kode_sbl": "995.995.4213.17515.57468",
            "kunci_bl": 1,
            "kunci_bl_rinci": 1,
            "user_created": "Desman Siboro, SH",
            "created_date": "22-06-2025",
            "created_time": "22:34",
            "user_updated": "Desman Siboro, SH",
            "updated_date": "23-06-2025",
            "updated_time": "14:45",
            "is_locked": 0
        },
        {
            "id_sub_bl": 59342,
            "id_daerah": 473,
            "tahun": 2026,
            "id_unit": 995,
            "id_skpd": 995,
            "created_user": 258576,
            "kode_skpd": "3.27.0.00.0.00.02.0000",
            "nama_skpd": "Dinas Perkebunan",
            "id_urusan": 13,
            "kode_urusan": "3",
            "nama_urusan": "URUSAN PEMERINTAHAN PILIHAN",
            "id_bidang_urusan": 227,
            "kode_bidang_urusan": "3.27",
            "nama_bidang_urusan": "URUSAN PEMERINTAHAN BIDANG PERTANIAN",
            "id_sub_skpd": 995,
            "kode_sub_skpd": "3.27.0.00.0.00.02.0000",
            "nama_sub_skpd": "Dinas Perkebunan",
            "set_pagu_user": 0,
            "set_pagu_at": null,
            "id_program": 4451,
            "kode_program": "3.27.01",
            "nama_program": "PROGRAM PENUNJANG URUSAN PEMERINTAHAN DAERAH KABUPATEN/KOTA",
            "id_giat": 18371,
            "kode_giat": "3.27.01.2.01",
            "nama_giat": "Perencanaan, Penganggaran, dan Evaluasi Kinerja Perangkat Daerah",
            "pagu_giat": 13006000.0,
            "rinci_giat": null,
            "id_sub_giat": 60589,
            "kode_sub_giat": "3.27.01.2.01.0001",
            "nama_sub_giat": "Penyusunan Dokumen Perencanaan Perangkat Daerah",
            "pagu": 6980000.0,
            "pagu_indikatif": 6980000.0,
            "rincian": null,
            "kode_bl": "995.995.4451.18371",
            "kode_sbl": "995.995.4451.18371.60589",
            "kunci_bl": 1,
            "kunci_bl_rinci": 1,
            "user_created": "Desman Siboro, SH",
            "created_date": "21-01-2025",
            "created_time": "02:40",
            "user_updated": "Desman Siboro, SH",
            "updated_date": "27-03-2025",
            "updated_time": "05:37",
            "is_locked": 0
        },
        {
            "id_sub_bl": 66551,
            "id_daerah": 473,
            "tahun": 2026,
            "id_unit": 995,
            "id_skpd": 995,
            "created_user": 258576,
            "kode_skpd": "3.27.0.00.0.00.02.0000",
            "nama_skpd": "Dinas Perkebunan",
            "id_urusan": 13,
            "kode_urusan": "3",
            "nama_urusan": "URUSAN PEMERINTAHAN PILIHAN",
            "id_bidang_urusan": 227,
            "kode_bidang_urusan": "3.27",
            "nama_bidang_urusan": "URUSAN PEMERINTAHAN BIDANG PERTANIAN",
            "id_sub_skpd": 995,
            "kode_sub_skpd": "3.27.0.00.0.00.02.0000",
            "nama_sub_skpd": "Dinas Perkebunan",
            "set_pagu_user": 0,
            "set_pagu_at": null,
            "id_program": 4451,
            "kode_program": "3.27.01",
            "nama_program": "PROGRAM PENUNJANG URUSAN PEMERINTAHAN DAERAH KABUPATEN/KOTA",
            "id_giat": 18371,
            "kode_giat": "3.27.01.2.01",
            "nama_giat": "Perencanaan, Penganggaran, dan Evaluasi Kinerja Perangkat Daerah",
            "pagu_giat": 13006000.0,
            "rinci_giat": null,
            "id_sub_giat": 60590,
            "kode_sub_giat": "3.27.01.2.01.0002",
            "nama_sub_giat": "Koordinasi dan Penyusunan Dokumen RKA-SKPD",
            "pagu": 3132000.0,
            "pagu_indikatif": 3132000.0,
            "rincian": null,
            "kode_bl": "995.995.4451.18371",
            "kode_sbl": "995.995.4451.18371.60590",
            "kunci_bl": 1,
            "kunci_bl_rinci": 1,
            "user_created": "Desman Siboro, SH",
            "created_date": "14-02-2025",
            "created_time": "21:14",
            "user_updated": "Desman Siboro, SH",
            "updated_date": "27-03-2025",
            "updated_time": "05:38",
            "is_locked": 0
        },
        {
            "id_sub_bl": 66554,
            "id_daerah": 473,
            "tahun": 2026,
            "id_unit": 995,
            "id_skpd": 995,
            "created_user": 258576,
            "kode_skpd": "3.27.0.00.0.00.02.0000",
            "nama_skpd": "Dinas Perkebunan",
            "id_urusan": 13,
            "kode_urusan": "3",
            "nama_urusan": "URUSAN PEMERINTAHAN PILIHAN",
            "id_bidang_urusan": 227,
            "kode_bidang_urusan": "3.27",
            "nama_bidang_urusan": "URUSAN PEMERINTAHAN BIDANG PERTANIAN",
            "id_sub_skpd": 995,
            "kode_sub_skpd": "3.27.0.00.0.00.02.0000",
            "nama_sub_skpd": "Dinas Perkebunan",
            "set_pagu_user": 0,
            "set_pagu_at": null,
            "id_program": 4451,
            "kode_program": "3.27.01",
            "nama_program": "PROGRAM PENUNJANG URUSAN PEMERINTAHAN DAERAH KABUPATEN/KOTA",
            "id_giat": 18371,
            "kode_giat": "3.27.01.2.01",
            "nama_giat": "Perencanaan, Penganggaran, dan Evaluasi Kinerja Perangkat Daerah",
            "pagu_giat": 13006000.0,
            "rinci_giat": null,
            "id_sub_giat": 60591,
            "kode_sub_giat": "3.27.01.2.01.0003",
            "nama_sub_giat": "Koordinasi dan Penyusunan Dokumen Perubahan RKA-SKPD",
            "pagu": 0.0,
            "pagu_indikatif": 0.0,
            "rincian": null,
            "kode_bl": "995.995.4451.18371",
            "kode_sbl": "995.995.4451.18371.60591",
            "kunci_bl": 1,
            "kunci_bl_rinci": 1,
            "user_created": "Desman Siboro, SH",
            "created_date": "14-02-2025",
            "created_time": "21:25",
            "user_updated": "Desman Siboro, SH",
            "updated_date": "27-03-2025",
            "updated_time": "05:40",
            "is_locked": 0
        },
        {
            "id_sub_bl": 66552,
            "id_daerah": 473,
            "tahun": 2026,
            "id_unit": 995,
            "id_skpd": 995,
            "created_user": 258576,
            "kode_skpd": "3.27.0.00.0.00.02.0000",
            "nama_skpd": "Dinas Perkebunan",
            "id_urusan": 13,
            "kode_urusan": "3",
            "nama_urusan": "URUSAN PEMERINTAHAN PILIHAN",
            "id_bidang_urusan": 227,
            "kode_bidang_urusan": "3.27",
            "nama_bidang_urusan": "URUSAN PEMERINTAHAN BIDANG PERTANIAN",
            "id_sub_skpd": 995,
            "kode_sub_skpd": "3.27.0.00.0.00.02.0000",
            "nama_sub_skpd": "Dinas Perkebunan",
            "set_pagu_user": 0,
            "set_pagu_at": null,
            "id_program": 4451,
            "kode_program": "3.27.01",
            "nama_program": "PROGRAM PENUNJANG URUSAN PEMERINTAHAN DAERAH KABUPATEN/KOTA",
            "id_giat": 18371,
            "kode_giat": "3.27.01.2.01",
            "nama_giat": "Perencanaan, Penganggaran, dan Evaluasi Kinerja Perangkat Daerah",
            "pagu_giat": 13006000.0,
            "rinci_giat": null,
            "id_sub_giat": 60592,
            "kode_sub_giat": "3.27.01.2.01.0004",
            "nama_sub_giat": "Koordinasi dan Penyusunan DPA-SKPD",
            "pagu": 2374000.0,
            "pagu_indikatif": 2374000.0,
            "rincian": null,
            "kode_bl": "995.995.4451.18371",
            "kode_sbl": "995.995.4451.18371.60592",
            "kunci_bl": 1,
            "kunci_bl_rinci": 1,
            "user_created": "Desman Siboro, SH",
            "created_date": "14-02-2025",
            "created_time": "21:16",
            "user_updated": "Desman Siboro, SH",
            "updated_date": "27-03-2025",
            "updated_time": "05:41",
            "is_locked": 0
        },
        {
            "id_sub_bl": 66557,
            "id_daerah": 473,
            "tahun": 2026,
            "id_unit": 995,
            "id_skpd": 995,
            "created_user": 258576,
            "kode_skpd": "3.27.0.00.0.00.02.0000",
            "nama_skpd": "Dinas Perkebunan",
            "id_urusan": 13,
            "kode_urusan": "3",
            "nama_urusan": "URUSAN PEMERINTAHAN PILIHAN",
            "id_bidang_urusan": 227,
            "kode_bidang_urusan": "3.27",
            "nama_bidang_urusan": "URUSAN PEMERINTAHAN BIDANG PERTANIAN",
            "id_sub_skpd": 995,
            "kode_sub_skpd": "3.27.0.00.0.00.02.0000",
            "nama_sub_skpd": "Dinas Perkebunan",
            "set_pagu_user": 0,
            "set_pagu_at": null,
            "id_program": 4451,
            "kode_program": "3.27.01",
            "nama_program": "PROGRAM PENUNJANG URUSAN PEMERINTAHAN DAERAH KABUPATEN/KOTA",
            "id_giat": 18371,
            "kode_giat": "3.27.01.2.01",
            "nama_giat": "Perencanaan, Penganggaran, dan Evaluasi Kinerja Perangkat Daerah",
            "pagu_giat": 13006000.0,
            "rinci_giat": null,
            "id_sub_giat": 60593,
            "kode_sub_giat": "3.27.01.2.01.0005",
            "nama_sub_giat": "Koordinasi dan Penyusunan Perubahan DPA- SKPD",
            "pagu": 0.0,
            "pagu_indikatif": 0.0,
            "rincian": null,
            "kode_bl": "995.995.4451.18371",
            "kode_sbl": "995.995.4451.18371.60593",
            "kunci_bl": 1,
            "kunci_bl_rinci": 1,
            "user_created": "Desman Siboro, SH",
            "created_date": "14-02-2025",
            "created_time": "21:27",
            "user_updated": "Desman Siboro, SH",
            "updated_date": "27-03-2025",
            "updated_time": "05:42",
            "is_locked": 0
        },
        {
            "id_sub_bl": 66558,
            "id_daerah": 473,
            "tahun": 2026,
            "id_unit": 995,
            "id_skpd": 995,
            "created_user": 258576,
            "kode_skpd": "3.27.0.00.0.00.02.0000",
            "nama_skpd": "Dinas Perkebunan",
            "id_urusan": 13,
            "kode_urusan": "3",
            "nama_urusan": "URUSAN PEMERINTAHAN PILIHAN",
            "id_bidang_urusan": 227,
            "kode_bidang_urusan": "3.27",
            "nama_bidang_urusan": "URUSAN PEMERINTAHAN BIDANG PERTANIAN",
            "id_sub_skpd": 995,
            "kode_sub_skpd": "3.27.0.00.0.00.02.0000",
            "nama_sub_skpd": "Dinas Perkebunan",
            "set_pagu_user": 0,
            "set_pagu_at": null,
            "id_program": 4451,
            "kode_program": "3.27.01",
            "nama_program": "PROGRAM PENUNJANG URUSAN PEMERINTAHAN DAERAH KABUPATEN/KOTA",
            "id_giat": 18371,
            "kode_giat": "3.27.01.2.01",
            "nama_giat": "Perencanaan, Penganggaran, dan Evaluasi Kinerja Perangkat Daerah",
            "pagu_giat": 13006000.0,
            "rinci_giat": null,
            "id_sub_giat": 60594,
            "kode_sub_giat": "3.27.01.2.01.0006",
            "nama_sub_giat": "Koordinasi dan Penyusunan Laporan Capaian Kinerja dan Ikhtisar Realisasi Kinerja SKPD",
            "pagu": 520000.0,
            "pagu_indikatif": 520000.0,
            "rincian": null,
            "kode_bl": "995.995.4451.18371",
            "kode_sbl": "995.995.4451.18371.60594",
            "kunci_bl": 1,
            "kunci_bl_rinci": 1,
            "user_created": "Desman Siboro, SH",
            "created_date": "14-02-2025",
            "created_time": "21:28",
            "user_updated": "Desman Siboro, SH",
            "updated_date": "03-07-2025",
            "updated_time": "13:48",
            "is_locked": 0
        },
        {
            "id_sub_bl": 59451,
            "id_daerah": 473,
            "tahun": 2026,
            "id_unit": 995,
            "id_skpd": 995,
            "created_user": 258576,
            "kode_skpd": "3.27.0.00.0.00.02.0000",
            "nama_skpd": "Dinas Perkebunan",
            "id_urusan": 13,
            "kode_urusan": "3",
            "nama_urusan": "URUSAN PEMERINTAHAN PILIHAN",
            "id_bidang_urusan": 227,
            "kode_bidang_urusan": "3.27",
            "nama_bidang_urusan": "URUSAN PEMERINTAHAN BIDANG PERTANIAN",
            "id_sub_skpd": 995,
            "kode_sub_skpd": "3.27.0.00.0.00.02.0000",
            "nama_sub_skpd": "Dinas Perkebunan",
            "set_pagu_user": 0,
            "set_pagu_at": null,
            "id_program": 4451,
            "kode_program": "3.27.01",
            "nama_program": "PROGRAM PENUNJANG URUSAN PEMERINTAHAN DAERAH KABUPATEN/KOTA",
            "id_giat": 18372,
            "kode_giat": "3.27.01.2.02",
            "nama_giat": "Administrasi Keuangan Perangkat Daerah",
            "pagu_giat": 2699917708.0,
            "rinci_giat": null,
            "id_sub_giat": 60602,
            "kode_sub_giat": "3.27.01.2.02.0001",
            "nama_sub_giat": "Penyediaan Gaji dan Tunjangan ASN",
            "pagu": 2647755708.0,
            "pagu_indikatif": 2647755708.0,
            "rincian": null,
            "kode_bl": "995.995.4451.18372",
            "kode_sbl": "995.995.4451.18372.60602",
            "kunci_bl": 1,
            "kunci_bl_rinci": 1,
            "user_created": "Desman Siboro, SH",
            "created_date": "21-01-2025",
            "created_time": "09:43",
            "user_updated": "Desman Siboro, SH",
            "updated_date": "27-03-2025",
            "updated_time": "05:45",
            "is_locked": 0
        },
        {
            "id_sub_bl": 59352,
            "id_daerah": 473,
            "tahun": 2026,
            "id_unit": 995,
            "id_skpd": 995,
            "created_user": 258576,
            "kode_skpd": "3.27.0.00.0.00.02.0000",
            "nama_skpd": "Dinas Perkebunan",
            "id_urusan": 13,
            "kode_urusan": "3",
            "nama_urusan": "URUSAN PEMERINTAHAN PILIHAN",
            "id_bidang_urusan": 227,
            "kode_bidang_urusan": "3.27",
            "nama_bidang_urusan": "URUSAN PEMERINTAHAN BIDANG PERTANIAN",
            "id_sub_skpd": 995,
            "kode_sub_skpd": "3.27.0.00.0.00.02.0000",
            "nama_sub_skpd": "Dinas Perkebunan",
            "set_pagu_user": 0,
            "set_pagu_at": null,
            "id_program": 4451,
            "kode_program": "3.27.01",
            "nama_program": "PROGRAM PENUNJANG URUSAN PEMERINTAHAN DAERAH KABUPATEN/KOTA",
            "id_giat": 18372,
            "kode_giat": "3.27.01.2.02",
            "nama_giat": "Administrasi Keuangan Perangkat Daerah",
            "pagu_giat": 2699917708.0,
            "rinci_giat": null,
            "id_sub_giat": 60604,
            "kode_sub_giat": "3.27.01.2.02.0003",
            "nama_sub_giat": "Pelaksanaan Penatausahaan dan\r\n\nPengujian/Verifikasi Keuangan SKPD",
            "pagu": 52162000.0,
            "pagu_indikatif": 67462000.0,
            "rincian": null,
            "kode_bl": "995.995.4451.18372",
            "kode_sbl": "995.995.4451.18372.60604",
            "kunci_bl": 1,
            "kunci_bl_rinci": 1,
            "user_created": "Desman Siboro, SH",
            "created_date": "21-01-2025",
            "created_time": "08:09",
            "user_updated": "Desman Siboro, SH",
            "updated_date": "22-06-2025",
            "updated_time": "22:59",
            "is_locked": 0
        },
        {
            "id_sub_bl": 59354,
            "id_daerah": 473,
            "tahun": 2026,
            "id_unit": 995,
            "id_skpd": 995,
            "created_user": 258576,
            "kode_skpd": "3.27.0.00.0.00.02.0000",
            "nama_skpd": "Dinas Perkebunan",
            "id_urusan": 13,
            "kode_urusan": "3",
            "nama_urusan": "URUSAN PEMERINTAHAN PILIHAN",
            "id_bidang_urusan": 227,
            "kode_bidang_urusan": "3.27",
            "nama_bidang_urusan": "URUSAN PEMERINTAHAN BIDANG PERTANIAN",
            "id_sub_skpd": 995,
            "kode_sub_skpd": "3.27.0.00.0.00.02.0000",
            "nama_sub_skpd": "Dinas Perkebunan",
            "set_pagu_user": 0,
            "set_pagu_at": null,
            "id_program": 4451,
            "kode_program": "3.27.01",
            "nama_program": "PROGRAM PENUNJANG URUSAN PEMERINTAHAN DAERAH KABUPATEN/KOTA",
            "id_giat": 18373,
            "kode_giat": "3.27.01.2.03",
            "nama_giat": "Administrasi Barang Milik Daerah pada Perangkat Daerah",
            "pagu_giat": 20360000.0,
            "rinci_giat": null,
            "id_sub_giat": 60615,
            "kode_sub_giat": "3.27.01.2.03.0006",
            "nama_sub_giat": "Penatausahaan Barang Milik Daerah pada SKPD",
            "pagu": 20360000.0,
            "pagu_indikatif": 20360000.0,
            "rincian": null,
            "kode_bl": "995.995.4451.18373",
            "kode_sbl": "995.995.4451.18373.60615",
            "kunci_bl": 1,
            "kunci_bl_rinci": 1,
            "user_created": "Desman Siboro, SH",
            "created_date": "21-01-2025",
            "created_time": "08:16",
            "user_updated": "Desman Siboro, SH",
            "updated_date": "27-03-2025",
            "updated_time": "05:48",
            "is_locked": 0
        },
        {
            "id_sub_bl": 59341,
            "id_daerah": 473,
            "tahun": 2026,
            "id_unit": 995,
            "id_skpd": 995,
            "created_user": 258576,
            "kode_skpd": "3.27.0.00.0.00.02.0000",
            "nama_skpd": "Dinas Perkebunan",
            "id_urusan": 13,
            "kode_urusan": "3",
            "nama_urusan": "URUSAN PEMERINTAHAN PILIHAN",
            "id_bidang_urusan": 227,
            "kode_bidang_urusan": "3.27",
            "nama_bidang_urusan": "URUSAN PEMERINTAHAN BIDANG PERTANIAN",
            "id_sub_skpd": 995,
            "kode_sub_skpd": "3.27.0.00.0.00.02.0000",
            "nama_sub_skpd": "Dinas Perkebunan",
            "set_pagu_user": 0,
            "set_pagu_at": null,
            "id_program": 4451,
            "kode_program": "3.27.01",
            "nama_program": "PROGRAM PENUNJANG URUSAN PEMERINTAHAN DAERAH KABUPATEN/KOTA",
            "id_giat": 18375,
            "kode_giat": "3.27.01.2.05",
            "nama_giat": "Administrasi Kepegawaian Perangkat Daerah",
            "pagu_giat": 30500000.0,
            "rinci_giat": null,
            "id_sub_giat": 60632,
            "kode_sub_giat": "3.27.01.2.05.0009",
            "nama_sub_giat": "Pendidikan dan Pelatihan Pegawai Berdasarkan Tugas dan Fungsi",
            "pagu": 30500000.0,
            "pagu_indikatif": 30500000.0,
            "rincian": null,
            "kode_bl": "995.995.4451.18375",
            "kode_sbl": "995.995.4451.18375.60632",
            "kunci_bl": 1,
            "kunci_bl_rinci": 1,
            "user_created": "Desman Siboro, SH",
            "created_date": "21-01-2025",
            "created_time": "02:16",
            "user_updated": "Desman Siboro, SH",
            "updated_date": "27-03-2025",
            "updated_time": "05:49",
            "is_locked": 0
        },
        {
            "id_sub_bl": 66016,
            "id_daerah": 473,
            "tahun": 2026,
            "id_unit": 995,
            "id_skpd": 995,
            "created_user": 258576,
            "kode_skpd": "3.27.0.00.0.00.02.0000",
            "nama_skpd": "Dinas Perkebunan",
            "id_urusan": 13,
            "kode_urusan": "3",
            "nama_urusan": "URUSAN PEMERINTAHAN PILIHAN",
            "id_bidang_urusan": 227,
            "kode_bidang_urusan": "3.27",
            "nama_bidang_urusan": "URUSAN PEMERINTAHAN BIDANG PERTANIAN",
            "id_sub_skpd": 995,
            "kode_sub_skpd": "3.27.0.00.0.00.02.0000",
            "nama_sub_skpd": "Dinas Perkebunan",
            "set_pagu_user": 258576,
            "set_pagu_at": "Sun, 23 Mar 2025 18:11:20 GMT",
            "id_program": 4451,
            "kode_program": "3.27.01",
            "nama_program": "PROGRAM PENUNJANG URUSAN PEMERINTAHAN DAERAH KABUPATEN/KOTA",
            "id_giat": 18376,
            "kode_giat": "3.27.01.2.06",
            "nama_giat": "Administrasi Umum Perangkat Daerah",
            "pagu_giat": 195581047.0,
            "rinci_giat": null,
            "id_sub_giat": 60635,
            "kode_sub_giat": "3.27.01.2.06.0001",
            "nama_sub_giat": "Penyediaan Komponen Instalasi\r\n\nListrik/Penerangan Bangunan Kantor",
            "pagu": 2250000.0,
            "pagu_indikatif": 2250000.0,
            "rincian": null,
            "kode_bl": "995.995.4451.18376",
            "kode_sbl": "995.995.4451.18376.60635",
            "kunci_bl": 1,
            "kunci_bl_rinci": 1,
            "user_created": "Desman Siboro, SH",
            "created_date": "12-02-2025",
            "created_time": "16:35",
            "user_updated": null,
            "updated_date": null,
            "updated_time": null,
            "is_locked": 0
        },
        {
            "id_sub_bl": 59357,
            "id_daerah": 473,
            "tahun": 2026,
            "id_unit": 995,
            "id_skpd": 995,
            "created_user": 258576,
            "kode_skpd": "3.27.0.00.0.00.02.0000",
            "nama_skpd": "Dinas Perkebunan",
            "id_urusan": 13,
            "kode_urusan": "3",
            "nama_urusan": "URUSAN PEMERINTAHAN PILIHAN",
            "id_bidang_urusan": 227,
            "kode_bidang_urusan": "3.27",
            "nama_bidang_urusan": "URUSAN PEMERINTAHAN BIDANG PERTANIAN",
            "id_sub_skpd": 995,
            "kode_sub_skpd": "3.27.0.00.0.00.02.0000",
            "nama_sub_skpd": "Dinas Perkebunan",
            "set_pagu_user": 258576,
            "set_pagu_at": "Sun, 23 Mar 2025 18:11:20 GMT",
            "id_program": 4451,
            "kode_program": "3.27.01",
            "nama_program": "PROGRAM PENUNJANG URUSAN PEMERINTAHAN DAERAH KABUPATEN/KOTA",
            "id_giat": 18376,
            "kode_giat": "3.27.01.2.06",
            "nama_giat": "Administrasi Umum Perangkat Daerah",
            "pagu_giat": 195581047.0,
            "rinci_giat": null,
            "id_sub_giat": 60638,
            "kode_sub_giat": "3.27.01.2.06.0004",
            "nama_sub_giat": "Penyediaan Bahan Logistik Kantor",
            "pagu": 43575000.0,
            "pagu_indikatif": 43575000.0,
            "rincian": null,
            "kode_bl": "995.995.4451.18376",
            "kode_sbl": "995.995.4451.18376.60638",
            "kunci_bl": 1,
            "kunci_bl_rinci": 1,
            "user_created": "Desman Siboro, SH",
            "created_date": "21-01-2025",
            "created_time": "08:21",
            "user_updated": "Desman Siboro, SH",
            "updated_date": "12-02-2025",
            "updated_time": "16:27",
            "is_locked": 0
        },
        {
            "id_sub_bl": 59358,
            "id_daerah": 473,
            "tahun": 2026,
            "id_unit": 995,
            "id_skpd": 995,
            "created_user": 258576,
            "kode_skpd": "3.27.0.00.0.00.02.0000",
            "nama_skpd": "Dinas Perkebunan",
            "id_urusan": 13,
            "kode_urusan": "3",
            "nama_urusan": "URUSAN PEMERINTAHAN PILIHAN",
            "id_bidang_urusan": 227,
            "kode_bidang_urusan": "3.27",
            "nama_bidang_urusan": "URUSAN PEMERINTAHAN BIDANG PERTANIAN",
            "id_sub_skpd": 995,
            "kode_sub_skpd": "3.27.0.00.0.00.02.0000",
            "nama_sub_skpd": "Dinas Perkebunan",
            "set_pagu_user": 0,
            "set_pagu_at": null,
            "id_program": 4451,
            "kode_program": "3.27.01",
            "nama_program": "PROGRAM PENUNJANG URUSAN PEMERINTAHAN DAERAH KABUPATEN/KOTA",
            "id_giat": 18376,
            "kode_giat": "3.27.01.2.06",
            "nama_giat": "Administrasi Umum Perangkat Daerah",
            "pagu_giat": 195581047.0,
            "rinci_giat": null,
            "id_sub_giat": 60639,
            "kode_sub_giat": "3.27.01.2.06.0005",
            "nama_sub_giat": "Penyediaan Barang Cetakan dan Penggandaan",
            "pagu": 28817000.0,
            "pagu_indikatif": 28817000.0,
            "rincian": null,
            "kode_bl": "995.995.4451.18376",
            "kode_sbl": "995.995.4451.18376.60639",
            "kunci_bl": 1,
            "kunci_bl_rinci": 1,
            "user_created": "Desman Siboro, SH",
            "created_date": "21-01-2025",
            "created_time": "08:25",
            "user_updated": "Desman Siboro, SH",
            "updated_date": "27-03-2025",
            "updated_time": "05:53",
            "is_locked": 0
        },
        {
            "id_sub_bl": 59423,
            "id_daerah": 473,
            "tahun": 2026,
            "id_unit": 995,
            "id_skpd": 995,
            "created_user": 258576,
            "kode_skpd": "3.27.0.00.0.00.02.0000",
            "nama_skpd": "Dinas Perkebunan",
            "id_urusan": 13,
            "kode_urusan": "3",
            "nama_urusan": "URUSAN PEMERINTAHAN PILIHAN",
            "id_bidang_urusan": 227,
            "kode_bidang_urusan": "3.27",
            "nama_bidang_urusan": "URUSAN PEMERINTAHAN BIDANG PERTANIAN",
            "id_sub_skpd": 995,
            "kode_sub_skpd": "3.27.0.00.0.00.02.0000",
            "nama_sub_skpd": "Dinas Perkebunan",
            "set_pagu_user": 0,
            "set_pagu_at": null,
            "id_program": 4451,
            "kode_program": "3.27.01",
            "nama_program": "PROGRAM PENUNJANG URUSAN PEMERINTAHAN DAERAH KABUPATEN/KOTA",
            "id_giat": 18376,
            "kode_giat": "3.27.01.2.06",
            "nama_giat": "Administrasi Umum Perangkat Daerah",
            "pagu_giat": 195581047.0,
            "rinci_giat": null,
            "id_sub_giat": 60640,
            "kode_sub_giat": "3.27.01.2.06.0006",
            "nama_sub_giat": "Penyediaan Bahan Bacaan dan Peraturan Perundang-undangan",
            "pagu": 5840000.0,
            "pagu_indikatif": 5840000.0,
            "rincian": null,
            "kode_bl": "995.995.4451.18376",
            "kode_sbl": "995.995.4451.18376.60640",
            "kunci_bl": 1,
            "kunci_bl_rinci": 1,
            "user_created": "Desman Siboro, SH",
            "created_date": "21-01-2025",
            "created_time": "09:26",
            "user_updated": "Desman Siboro, SH",
            "updated_date": "27-03-2025",
            "updated_time": "05:53",
            "is_locked": 0
        },
        {
            "id_sub_bl": 76868,
            "id_daerah": 473,
            "tahun": 2026,
            "id_unit": 995,
            "id_skpd": 995,
            "created_user": 258576,
            "kode_skpd": "3.27.0.00.0.00.02.0000",
            "nama_skpd": "Dinas Perkebunan",
            "id_urusan": 13,
            "kode_urusan": "3",
            "nama_urusan": "URUSAN PEMERINTAHAN PILIHAN",
            "id_bidang_urusan": 227,
            "kode_bidang_urusan": "3.27",
            "nama_bidang_urusan": "URUSAN PEMERINTAHAN BIDANG PERTANIAN",
            "id_sub_skpd": 995,
            "kode_sub_skpd": "3.27.0.00.0.00.02.0000",
            "nama_sub_skpd": "Dinas Perkebunan",
            "set_pagu_user": 0,
            "set_pagu_at": null,
            "id_program": 4451,
            "kode_program": "3.27.01",
            "nama_program": "PROGRAM PENUNJANG URUSAN PEMERINTAHAN DAERAH KABUPATEN/KOTA",
            "id_giat": 18376,
            "kode_giat": "3.27.01.2.06",
            "nama_giat": "Administrasi Umum Perangkat Daerah",
            "pagu_giat": 195581047.0,
            "rinci_giat": null,
            "id_sub_giat": 60641,
            "kode_sub_giat": "3.27.01.2.06.0007",
            "nama_sub_giat": "Penyediaan Bahan/Material",
            "pagu": 45000000.0,
            "pagu_indikatif": 0.0,
            "rincian": null,
            "kode_bl": "995.995.4451.18376",
            "kode_sbl": "995.995.4451.18376.60641",
            "kunci_bl": 1,
            "kunci_bl_rinci": 1,
            "user_created": "Desman Siboro, SH",
            "created_date": "22-06-2025",
            "created_time": "22:36",
            "user_updated": "Desman Siboro, SH",
            "updated_date": "22-06-2025",
            "updated_time": "22:42",
            "is_locked": 0
        },
        {
            "id_sub_bl": 59444,
            "id_daerah": 473,
            "tahun": 2026,
            "id_unit": 995,
            "id_skpd": 995,
            "created_user": 258576,
            "kode_skpd": "3.27.0.00.0.00.02.0000",
            "nama_skpd": "Dinas Perkebunan",
            "id_urusan": 13,
            "kode_urusan": "3",
            "nama_urusan": "URUSAN PEMERINTAHAN PILIHAN",
            "id_bidang_urusan": 227,
            "kode_bidang_urusan": "3.27",
            "nama_bidang_urusan": "URUSAN PEMERINTAHAN BIDANG PERTANIAN",
            "id_sub_skpd": 995,
            "kode_sub_skpd": "3.27.0.00.0.00.02.0000",
            "nama_sub_skpd": "Dinas Perkebunan",
            "set_pagu_user": 0,
            "set_pagu_at": null,
            "id_program": 4451,
            "kode_program": "3.27.01",
            "nama_program": "PROGRAM PENUNJANG URUSAN PEMERINTAHAN DAERAH KABUPATEN/KOTA",
            "id_giat": 18376,
            "kode_giat": "3.27.01.2.06",
            "nama_giat": "Administrasi Umum Perangkat Daerah",
            "pagu_giat": 195581047.0,
            "rinci_giat": null,
            "id_sub_giat": 60643,
            "kode_sub_giat": "3.27.01.2.06.0009",
            "nama_sub_giat": "Penyelenggaraan Rapat Koordinasi dan Konsultasi SKPD",
            "pagu": 70099047.0,
            "pagu_indikatif": 70099047.0,
            "rincian": null,
            "kode_bl": "995.995.4451.18376",
            "kode_sbl": "995.995.4451.18376.60643",
            "kunci_bl": 1,
            "kunci_bl_rinci": 1,
            "user_created": "Desman Siboro, SH",
            "created_date": "21-01-2025",
            "created_time": "09:34",
            "user_updated": "Desman Siboro, SH",
            "updated_date": "27-03-2025",
            "updated_time": "05:54",
            "is_locked": 0
        },
        {
            "id_sub_bl": 66017,
            "id_daerah": 473,
            "tahun": 2026,
            "id_unit": 995,
            "id_skpd": 995,
            "created_user": 258576,
            "kode_skpd": "3.27.0.00.0.00.02.0000",
            "nama_skpd": "Dinas Perkebunan",
            "id_urusan": 13,
            "kode_urusan": "3",
            "nama_urusan": "URUSAN PEMERINTAHAN PILIHAN",
            "id_bidang_urusan": 227,
            "kode_bidang_urusan": "3.27",
            "nama_bidang_urusan": "URUSAN PEMERINTAHAN BIDANG PERTANIAN",
            "id_sub_skpd": 995,
            "kode_sub_skpd": "3.27.0.00.0.00.02.0000",
            "nama_sub_skpd": "Dinas Perkebunan",
            "set_pagu_user": 0,
            "set_pagu_at": null,
            "id_program": 4451,
            "kode_program": "3.27.01",
            "nama_program": "PROGRAM PENUNJANG URUSAN PEMERINTAHAN DAERAH KABUPATEN/KOTA",
            "id_giat": 18377,
            "kode_giat": "3.27.01.2.07",
            "nama_giat": "Pengadaan Barang Milik Daerah Penunjang Urusan Pemerintah Daerah",
            "pagu_giat": 196000000.0,
            "rinci_giat": null,
            "id_sub_giat": 60647,
            "kode_sub_giat": "3.27.01.2.07.0002",
            "nama_sub_giat": "Pengadaan Kendaraan Dinas Operasional atau Lapangan",
            "pagu": 110000000.0,
            "pagu_indikatif": 110000000.0,
            "rincian": null,
            "kode_bl": "995.995.4451.18377",
            "kode_sbl": "995.995.4451.18377.60647",
            "kunci_bl": 1,
            "kunci_bl_rinci": 1,
            "user_created": "Desman Siboro, SH",
            "created_date": "12-02-2025",
            "created_time": "16:37",
            "user_updated": "Desman Siboro, SH",
            "updated_date": "27-03-2025",
            "updated_time": "05:55",
            "is_locked": 0
        },
        {
            "id_sub_bl": 59521,
            "id_daerah": 473,
            "tahun": 2026,
            "id_unit": 995,
            "id_skpd": 995,
            "created_user": 258576,
            "kode_skpd": "3.27.0.00.0.00.02.0000",
            "nama_skpd": "Dinas Perkebunan",
            "id_urusan": 13,
            "kode_urusan": "3",
            "nama_urusan": "URUSAN PEMERINTAHAN PILIHAN",
            "id_bidang_urusan": 227,
            "kode_bidang_urusan": "3.27",
            "nama_bidang_urusan": "URUSAN PEMERINTAHAN BIDANG PERTANIAN",
            "id_sub_skpd": 995,
            "kode_sub_skpd": "3.27.0.00.0.00.02.0000",
            "nama_sub_skpd": "Dinas Perkebunan",
            "set_pagu_user": 0,
            "set_pagu_at": null,
            "id_program": 4451,
            "kode_program": "3.27.01",
            "nama_program": "PROGRAM PENUNJANG URUSAN PEMERINTAHAN DAERAH KABUPATEN/KOTA",
            "id_giat": 18377,
            "kode_giat": "3.27.01.2.07",
            "nama_giat": "Pengadaan Barang Milik Daerah Penunjang Urusan Pemerintah Daerah",
            "pagu_giat": 196000000.0,
            "rinci_giat": null,
            "id_sub_giat": 60651,
            "kode_sub_giat": "3.27.01.2.07.0006",
            "nama_sub_giat": "Pengadaan Peralatan dan Mesin Lainnya",
            "pagu": 85000000.0,
            "pagu_indikatif": 67100000.0,
            "rincian": null,
            "kode_bl": "995.995.4451.18377",
            "kode_sbl": "995.995.4451.18377.60651",
            "kunci_bl": 1,
            "kunci_bl_rinci": 1,
            "user_created": "Desman Siboro, SH",
            "created_date": "21-01-2025",
            "created_time": "10:13",
            "user_updated": "Desman Siboro, SH",
            "updated_date": "22-06-2025",
            "updated_time": "23:05",
            "is_locked": 0
        },
        {
            "id_sub_bl": 59573,
            "id_daerah": 473,
            "tahun": 2026,
            "id_unit": 995,
            "id_skpd": 995,
            "created_user": 258576,
            "kode_skpd": "3.27.0.00.0.00.02.0000",
            "nama_skpd": "Dinas Perkebunan",
            "id_urusan": 13,
            "kode_urusan": "3",
            "nama_urusan": "URUSAN PEMERINTAHAN PILIHAN",
            "id_bidang_urusan": 227,
            "kode_bidang_urusan": "3.27",
            "nama_bidang_urusan": "URUSAN PEMERINTAHAN BIDANG PERTANIAN",
            "id_sub_skpd": 995,
            "kode_sub_skpd": "3.27.0.00.0.00.02.0000",
            "nama_sub_skpd": "Dinas Perkebunan",
            "set_pagu_user": 0,
            "set_pagu_at": null,
            "id_program": 4451,
            "kode_program": "3.27.01",
            "nama_program": "PROGRAM PENUNJANG URUSAN PEMERINTAHAN DAERAH KABUPATEN/KOTA",
            "id_giat": 18377,
            "kode_giat": "3.27.01.2.07",
            "nama_giat": "Pengadaan Barang Milik Daerah Penunjang Urusan Pemerintah Daerah",
            "pagu_giat": 196000000.0,
            "rinci_giat": null,
            "id_sub_giat": 60655,
            "kode_sub_giat": "3.27.01.2.07.0010",
            "nama_sub_giat": "Pengadaan Sarana dan Prasarana Gedung Kantor atau Bangunan Lainnya",
            "pagu": 0.0,
            "pagu_indikatif": 47600000.0,
            "rincian": null,
            "kode_bl": "995.995.4451.18377",
            "kode_sbl": "995.995.4451.18377.60655",
            "kunci_bl": 1,
            "kunci_bl_rinci": 1,
            "user_created": "Desman Siboro, SH",
            "created_date": "21-01-2025",
            "created_time": "11:22",
            "user_updated": "Desman Siboro, SH",
            "updated_date": "22-06-2025",
            "updated_time": "22:40",
            "is_locked": 0
        },
        {
            "id_sub_bl": 59578,
            "id_daerah": 473,
            "tahun": 2026,
            "id_unit": 995,
            "id_skpd": 995,
            "created_user": 258576,
            "kode_skpd": "3.27.0.00.0.00.02.0000",
            "nama_skpd": "Dinas Perkebunan",
            "id_urusan": 13,
            "kode_urusan": "3",
            "nama_urusan": "URUSAN PEMERINTAHAN PILIHAN",
            "id_bidang_urusan": 227,
            "kode_bidang_urusan": "3.27",
            "nama_bidang_urusan": "URUSAN PEMERINTAHAN BIDANG PERTANIAN",
            "id_sub_skpd": 995,
            "kode_sub_skpd": "3.27.0.00.0.00.02.0000",
            "nama_sub_skpd": "Dinas Perkebunan",
            "set_pagu_user": 258576,
            "set_pagu_at": "Sun, 23 Mar 2025 18:11:20 GMT",
            "id_program": 4451,
            "kode_program": "3.27.01",
            "nama_program": "PROGRAM PENUNJANG URUSAN PEMERINTAHAN DAERAH KABUPATEN/KOTA",
            "id_giat": 18378,
            "kode_giat": "3.27.01.2.08",
            "nama_giat": "Penyediaan Jasa Penunjang Urusan Pemerintahan Daerah",
            "pagu_giat": 369383000.0,
            "rinci_giat": null,
            "id_sub_giat": 60658,
            "kode_sub_giat": "3.27.01.2.08.0002",
            "nama_sub_giat": "Penyediaan Jasa Komunikasi, Sumber Daya Air dan Listrik",
            "pagu": 63183000.0,
            "pagu_indikatif": 63183000.0,
            "rincian": null,
            "kode_bl": "995.995.4451.18378",
            "kode_sbl": "995.995.4451.18378.60658",
            "kunci_bl": 1,
            "kunci_bl_rinci": 1,
            "user_created": "Desman Siboro, SH",
            "created_date": "21-01-2025",
            "created_time": "11:29",
            "user_updated": "Desman Siboro, SH",
            "updated_date": "23-03-2025",
            "updated_time": "18:06",
            "is_locked": 0
        },
        {
            "id_sub_bl": 59581,
            "id_daerah": 473,
            "tahun": 2026,
            "id_unit": 995,
            "id_skpd": 995,
            "created_user": 258576,
            "kode_skpd": "3.27.0.00.0.00.02.0000",
            "nama_skpd": "Dinas Perkebunan",
            "id_urusan": 13,
            "kode_urusan": "3",
            "nama_urusan": "URUSAN PEMERINTAHAN PILIHAN",
            "id_bidang_urusan": 227,
            "kode_bidang_urusan": "3.27",
            "nama_bidang_urusan": "URUSAN PEMERINTAHAN BIDANG PERTANIAN",
            "id_sub_skpd": 995,
            "kode_sub_skpd": "3.27.0.00.0.00.02.0000",
            "nama_sub_skpd": "Dinas Perkebunan",
            "set_pagu_user": 258576,
            "set_pagu_at": "Sun, 23 Mar 2025 18:11:20 GMT",
            "id_program": 4451,
            "kode_program": "3.27.01",
            "nama_program": "PROGRAM PENUNJANG URUSAN PEMERINTAHAN DAERAH KABUPATEN/KOTA",
            "id_giat": 18378,
            "kode_giat": "3.27.01.2.08",
            "nama_giat": "Penyediaan Jasa Penunjang Urusan Pemerintahan Daerah",
            "pagu_giat": 369383000.0,
            "rinci_giat": null,
            "id_sub_giat": 60660,
            "kode_sub_giat": "3.27.01.2.08.0004",
            "nama_sub_giat": "Penyediaan Jasa Pelayanan Umum Kantor",
            "pagu": 241200000.0,
            "pagu_indikatif": 241200000.0,
            "rincian": null,
            "kode_bl": "995.995.4451.18378",
            "kode_sbl": "995.995.4451.18378.60660",
            "kunci_bl": 1,
            "kunci_bl_rinci": 1,
            "user_created": "Desman Siboro, SH",
            "created_date": "21-01-2025",
            "created_time": "11:32",
            "user_updated": "Desman Siboro, SH",
            "updated_date": "12-02-2025",
            "updated_time": "16:30",
            "is_locked": 0
        },
        {
            "id_sub_bl": 59584,
            "id_daerah": 473,
            "tahun": 2026,
            "id_unit": 995,
            "id_skpd": 995,
            "created_user": 258576,
            "kode_skpd": "3.27.0.00.0.00.02.0000",
            "nama_skpd": "Dinas Perkebunan",
            "id_urusan": 13,
            "kode_urusan": "3",
            "nama_urusan": "URUSAN PEMERINTAHAN PILIHAN",
            "id_bidang_urusan": 227,
            "kode_bidang_urusan": "3.27",
            "nama_bidang_urusan": "URUSAN PEMERINTAHAN BIDANG PERTANIAN",
            "id_sub_skpd": 995,
            "kode_sub_skpd": "3.27.0.00.0.00.02.0000",
            "nama_sub_skpd": "Dinas Perkebunan",
            "set_pagu_user": 258576,
            "set_pagu_at": "Sun, 23 Mar 2025 18:11:20 GMT",
            "id_program": 4451,
            "kode_program": "3.27.01",
            "nama_program": "PROGRAM PENUNJANG URUSAN PEMERINTAHAN DAERAH KABUPATEN/KOTA",
            "id_giat": 18379,
            "kode_giat": "3.27.01.2.09",
            "nama_giat": "Pemeliharaan Barang Milik Daerah Penunjang Urusan Pemerintahan Daerah",
            "pagu_giat": 364485000.0,
            "rinci_giat": null,
            "id_sub_giat": 60662,
            "kode_sub_giat": "3.27.01.2.09.0002",
            "nama_sub_giat": "Penyediaan Jasa Pemeliharaan, Biaya Pemeliharaan, Pajak dan Perizinan Kendaraan Dinas Operasional atau Lapangan",
            "pagu": 112000000.0,
            "pagu_indikatif": 112000000.0,
            "rincian": null,
            "kode_bl": "995.995.4451.18379",
            "kode_sbl": "995.995.4451.18379.60662",
            "kunci_bl": 1,
            "kunci_bl_rinci": 1,
            "user_created": "Desman Siboro, SH",
            "created_date": "21-01-2025",
            "created_time": "11:34",
            "user_updated": "Desman Siboro, SH",
            "updated_date": "12-02-2025",
            "updated_time": "16:30",
            "is_locked": 0
        },
        {
            "id_sub_bl": 66013,
            "id_daerah": 473,
            "tahun": 2026,
            "id_unit": 995,
            "id_skpd": 995,
            "created_user": 258576,
            "kode_skpd": "3.27.0.00.0.00.02.0000",
            "nama_skpd": "Dinas Perkebunan",
            "id_urusan": 13,
            "kode_urusan": "3",
            "nama_urusan": "URUSAN PEMERINTAHAN PILIHAN",
            "id_bidang_urusan": 227,
            "kode_bidang_urusan": "3.27",
            "nama_bidang_urusan": "URUSAN PEMERINTAHAN BIDANG PERTANIAN",
            "id_sub_skpd": 995,
            "kode_sub_skpd": "3.27.0.00.0.00.02.0000",
            "nama_sub_skpd": "Dinas Perkebunan",
            "set_pagu_user": 0,
            "set_pagu_at": null,
            "id_program": 4451,
            "kode_program": "3.27.01",
            "nama_program": "PROGRAM PENUNJANG URUSAN PEMERINTAHAN DAERAH KABUPATEN/KOTA",
            "id_giat": 18379,
            "kode_giat": "3.27.01.2.09",
            "nama_giat": "Pemeliharaan Barang Milik Daerah Penunjang Urusan Pemerintahan Daerah",
            "pagu_giat": 364485000.0,
            "rinci_giat": null,
            "id_sub_giat": 60666,
            "kode_sub_giat": "3.27.01.2.09.0006",
            "nama_sub_giat": "Pemeliharaan Peralatan dan Mesin Lainnya",
            "pagu": 8000000.0,
            "pagu_indikatif": 8000000.0,
            "rincian": null,
            "kode_bl": "995.995.4451.18379",
            "kode_sbl": "995.995.4451.18379.60666",
            "kunci_bl": 1,
            "kunci_bl_rinci": 1,
            "user_created": "Desman Siboro, SH",
            "created_date": "12-02-2025",
            "created_time": "16:33",
            "user_updated": "Desman Siboro, SH",
            "updated_date": "27-03-2025",
            "updated_time": "05:59",
            "is_locked": 0
        },
        {
            "id_sub_bl": 59587,
            "id_daerah": 473,
            "tahun": 2026,
            "id_unit": 995,
            "id_skpd": 995,
            "created_user": 258576,
            "kode_skpd": "3.27.0.00.0.00.02.0000",
            "nama_skpd": "Dinas Perkebunan",
            "id_urusan": 13,
            "kode_urusan": "3",
            "nama_urusan": "URUSAN PEMERINTAHAN PILIHAN",
            "id_bidang_urusan": 227,
            "kode_bidang_urusan": "3.27",
            "nama_bidang_urusan": "URUSAN PEMERINTAHAN BIDANG PERTANIAN",
            "id_sub_skpd": 995,
            "kode_sub_skpd": "3.27.0.00.0.00.02.0000",
            "nama_sub_skpd": "Dinas Perkebunan",
            "set_pagu_user": 0,
            "set_pagu_at": null,
            "id_program": 4451,
            "kode_program": "3.27.01",
            "nama_program": "PROGRAM PENUNJANG URUSAN PEMERINTAHAN DAERAH KABUPATEN/KOTA",
            "id_giat": 18379,
            "kode_giat": "3.27.01.2.09",
            "nama_giat": "Pemeliharaan Barang Milik Daerah Penunjang Urusan Pemerintahan Daerah",
            "pagu_giat": 364485000.0,
            "rinci_giat": null,
            "id_sub_giat": 60669,
            "kode_sub_giat": "3.27.01.2.09.0009",
            "nama_sub_giat": "Pemeliharaan/Rehabilitasi Gedung Kantor dan Bangunan Lainnya",
            "pagu": 244485000.0,
            "pagu_indikatif": 244485000.0,
            "rincian": null,
            "kode_bl": "995.995.4451.18379",
            "kode_sbl": "995.995.4451.18379.60669",
            "kunci_bl": 1,
            "kunci_bl_rinci": 1,
            "user_created": "Desman Siboro, SH",
            "created_date": "21-01-2025",
            "created_time": "11:38",
            "user_updated": "Desman Siboro, SH",
            "updated_date": "27-03-2025",
            "updated_time": "05:59",
            "is_locked": 0
        }
    ]