[
        {
            "id_sub_bl": 59805,
            "id_daerah": 473,
            "tahun": 2026,
            "id_unit": 697,
            "id_skpd": 697,
            "created_user": 1562,
            "kode_skpd": "3.30.3.31.0.00.02.0000",
            "nama_skpd": "Dinas Perdagangan",
            "id_urusan": 13,
            "kode_urusan": "3",
            "nama_urusan": "URUSAN PEMERINTAHAN PILIHAN",
            "id_bidang_urusan": 230,
            "kode_bidang_urusan": "3.30",
            "nama_bidang_urusan": "URUSAN PEMERINTAHAN BIDANG PERDAGANGAN",
            "id_sub_skpd": 697,
            "kode_sub_skpd": "3.30.3.31.0.00.02.0000",
            "nama_sub_skpd": "Dinas Perdagangan",
            "set_pagu_user": 0,
            "set_pagu_at": null,
            "id_program": 4311,
            "kode_program": "3.30.03",
            "nama_program": "PROGRAM PENINGKATAN SARANA DISTRIBUSI PERDAGANGAN",
            "id_giat": 18040,
            "kode_giat": "3.30.03.2.01",
            "nama_giat": "Pembangunan dan Pengelolaan Sarana Distribusi Perdagangan",
            "pagu_giat": 430286500.0,
            "rinci_giat": null,
            "id_sub_giat": 58656,
            "kode_sub_giat": "3.30.03.2.01.0001",
            "nama_sub_giat": "Penyediaan Sarana Distribusi Perdagangan",
            "pagu": 404000000.0,
            "pagu_indikatif": 404000000.0,
            "rincian": null,
            "kode_bl": "697.697.4311.18040",
            "kode_sbl": "697.697.4311.18040.58656",
            "kunci_bl": 1,
            "kunci_bl_rinci": 1,
            "user_created": "Ir. Siti Qoriah Rosydiana",
            "created_date": "22-01-2025",
            "created_time": "09:39",
            "user_updated": "Ir. Siti Qoriah Rosydiana",
            "updated_date": "02-07-2025",
            "updated_time": "21:34",
            "is_locked": 0
        },
        {
            "id_sub_bl": 59807,
            "id_daerah": 473,
            "tahun": 2026,
            "id_unit": 697,
            "id_skpd": 697,
            "created_user": 1562,
            "kode_skpd": "3.30.3.31.0.00.02.0000",
            "nama_skpd": "Dinas Perdagangan",
            "id_urusan": 13,
            "kode_urusan": "3",
            "nama_urusan": "URUSAN PEMERINTAHAN PILIHAN",
            "id_bidang_urusan": 230,
            "kode_bidang_urusan": "3.30",
            "nama_bidang_urusan": "URUSAN PEMERINTAHAN BIDANG PERDAGANGAN",
            "id_sub_skpd": 697,
            "kode_sub_skpd": "3.30.3.31.0.00.02.0000",
            "nama_sub_skpd": "Dinas Perdagangan",
            "set_pagu_user": 0,
            "set_pagu_at": null,
            "id_program": 4311,
            "kode_program": "3.30.03",
            "nama_program": "PROGRAM PENINGKATAN SARANA DISTRIBUSI PERDAGANGAN",
            "id_giat": 18040,
            "kode_giat": "3.30.03.2.01",
            "nama_giat": "Pembangunan dan Pengelolaan Sarana Distribusi Perdagangan",
            "pagu_giat": 430286500.0,
            "rinci_giat": null,
            "id_sub_giat": 58657,
            "kode_sub_giat": "3.30.03.2.01.0002",
            "nama_sub_giat": "Fasilitasi Pengelolaan Sarana Distribusi Perdagangan",
            "pagu": 26286500.0,
            "pagu_indikatif": 26286500.0,
            "rincian": null,
            "kode_bl": "697.697.4311.18040",
            "kode_sbl": "697.697.4311.18040.58657",
            "kunci_bl": 1,
            "kunci_bl_rinci": 1,
            "user_created": "Ir. Siti Qoriah Rosydiana",
            "created_date": "22-01-2025",
            "created_time": "09:43",
            "user_updated": "Ir. Siti Qoriah Rosydiana",
            "updated_date": "02-07-2025",
            "updated_time": "21:37",
            "is_locked": 0
        },
        {
            "id_sub_bl": 59814,
            "id_daerah": 473,
            "tahun": 2026,
            "id_unit": 697,
            "id_skpd": 697,
            "created_user": 1562,
            "kode_skpd": "3.30.3.31.0.00.02.0000",
            "nama_skpd": "Dinas Perdagangan",
            "id_urusan": 13,
            "kode_urusan": "3",
            "nama_urusan": "URUSAN PEMERINTAHAN PILIHAN",
            "id_bidang_urusan": 230,
            "kode_bidang_urusan": "3.30",
            "nama_bidang_urusan": "URUSAN PEMERINTAHAN BIDANG PERDAGANGAN",
            "id_sub_skpd": 697,
            "kode_sub_skpd": "3.30.3.31.0.00.02.0000",
            "nama_sub_skpd": "Dinas Perdagangan",
            "set_pagu_user": 0,
            "set_pagu_at": null,
            "id_program": 4325,
            "kode_program": "3.30.04",
            "nama_program": "PROGRAM STABILISASI HARGA BARANG KEBUTUHAN POKOK DAN BARANG PENTING",
            "id_giat": 18058,
            "kode_giat": "3.30.04.2.02",
            "nama_giat": "Pengendalian Harga, dan Stok Barang Kebutuhan Pokok dan Barang Penting di Tingkat Pasar Kabupaten/Kota",
            "pagu_giat": 103800000.0,
            "rinci_giat": null,
            "id_sub_giat": 58689,
            "kode_sub_giat": "3.30.04.2.02.0001",
            "nama_sub_giat": "Pemantauan Harga dan Stok Barang Kebutuhan Pokok dan Barang Penting pada Pelaku Usaha Distribusi Barang dalam 1 (Satu) Kabupaten/Kota ",
            "pagu": 53800000.0,
            "pagu_indikatif": 53800000.0,
            "rincian": null,
            "kode_bl": "697.697.4325.18058",
            "kode_sbl": "697.697.4325.18058.58689",
            "kunci_bl": 1,
            "kunci_bl_rinci": 1,
            "user_created": "Ir. Siti Qoriah Rosydiana",
            "created_date": "22-01-2025",
            "created_time": "09:48",
            "user_updated": "Ir. Siti Qoriah Rosydiana",
            "updated_date": "02-07-2025",
            "updated_time": "21:35",
            "is_locked": 0
        },
        {
            "id_sub_bl": 76463,
            "id_daerah": 473,
            "tahun": 2026,
            "id_unit": 697,
            "id_skpd": 697,
            "created_user": 1562,
            "kode_skpd": "3.30.3.31.0.00.02.0000",
            "nama_skpd": "Dinas Perdagangan",
            "id_urusan": 13,
            "kode_urusan": "3",
            "nama_urusan": "URUSAN PEMERINTAHAN PILIHAN",
            "id_bidang_urusan": 230,
            "kode_bidang_urusan": "3.30",
            "nama_bidang_urusan": "URUSAN PEMERINTAHAN BIDANG PERDAGANGAN",
            "id_sub_skpd": 697,
            "kode_sub_skpd": "3.30.3.31.0.00.02.0000",
            "nama_sub_skpd": "Dinas Perdagangan",
            "set_pagu_user": 0,
            "set_pagu_at": null,
            "id_program": 4325,
            "kode_program": "3.30.04",
            "nama_program": "PROGRAM STABILISASI HARGA BARANG KEBUTUHAN POKOK DAN BARANG PENTING",
            "id_giat": 18058,
            "kode_giat": "3.30.04.2.02",
            "nama_giat": "Pengendalian Harga, dan Stok Barang Kebutuhan Pokok dan Barang Penting di Tingkat Pasar Kabupaten/Kota",
            "pagu_giat": 103800000.0,
            "rinci_giat": null,
            "id_sub_giat": 58691,
            "kode_sub_giat": "3.30.04.2.02.0003",
            "nama_sub_giat": "Pelaksanaan Operasi Pasar Reguler dan Pasar Khusus yang Berdampak dalam 1 (Satu) Kabupaten/Kota",
            "pagu": 50000000.0,
            "pagu_indikatif": 50000000.0,
            "rincian": null,
            "kode_bl": "697.697.4325.18058",
            "kode_sbl": "697.697.4325.18058.58691",
            "kunci_bl": 1,
            "kunci_bl_rinci": 1,
            "user_created": "Ir. Siti Qoriah Rosydiana",
            "created_date": "21-06-2025",
            "created_time": "22:23",
            "user_updated": "Ir. Siti Qoriah Rosydiana",
            "updated_date": "02-07-2025",
            "updated_time": "21:35",
            "is_locked": 0
        },
        {
            "id_sub_bl": 59816,
            "id_daerah": 473,
            "tahun": 2026,
            "id_unit": 697,
            "id_skpd": 697,
            "created_user": 1562,
            "kode_skpd": "3.30.3.31.0.00.02.0000",
            "nama_skpd": "Dinas Perdagangan",
            "id_urusan": 13,
            "kode_urusan": "3",
            "nama_urusan": "URUSAN PEMERINTAHAN PILIHAN",
            "id_bidang_urusan": 230,
            "kode_bidang_urusan": "3.30",
            "nama_bidang_urusan": "URUSAN PEMERINTAHAN BIDANG PERDAGANGAN",
            "id_sub_skpd": 697,
            "kode_sub_skpd": "3.30.3.31.0.00.02.0000",
            "nama_sub_skpd": "Dinas Perdagangan",
            "set_pagu_user": 0,
            "set_pagu_at": null,
            "id_program": 4333,
            "kode_program": "3.30.05",
            "nama_program": "PROGRAM PENGEMBANGAN EKSPOR",
            "id_giat": 18067,
            "kode_giat": "3.30.05.2.01",
            "nama_giat": "Penyelenggaraan Promosi Dagang Melalui Pameran Dagang dan Misi Dagang bagi Produk Ekspor Unggulan yang Terdapat pada 1 (Satu) Daerah Kabupaten/Kota",
            "pagu_giat": 62383560.0,
            "rinci_giat": null,
            "id_sub_giat": 58711,
            "kode_sub_giat": "3.30.05.2.01.0002",
            "nama_sub_giat": "Pameran Dagang Nasional",
            "pagu": 62383560.0,
            "pagu_indikatif": 62383560.0,
            "rincian": null,
            "kode_bl": "697.697.4333.18067",
            "kode_sbl": "697.697.4333.18067.58711",
            "kunci_bl": 1,
            "kunci_bl_rinci": 1,
            "user_created": "Ir. Siti Qoriah Rosydiana",
            "created_date": "22-01-2025",
            "created_time": "09:49",
            "user_updated": "Ir. Siti Qoriah Rosydiana",
            "updated_date": "02-07-2025",
            "updated_time": "21:36",
            "is_locked": 0
        },
        {
            "id_sub_bl": 76072,
            "id_daerah": 473,
            "tahun": 2026,
            "id_unit": 697,
            "id_skpd": 697,
            "created_user": 1562,
            "kode_skpd": "3.30.3.31.0.00.02.0000",
            "nama_skpd": "Dinas Perdagangan",
            "id_urusan": 13,
            "kode_urusan": "3",
            "nama_urusan": "URUSAN PEMERINTAHAN PILIHAN",
            "id_bidang_urusan": 230,
            "kode_bidang_urusan": "3.30",
            "nama_bidang_urusan": "URUSAN PEMERINTAHAN BIDANG PERDAGANGAN",
            "id_sub_skpd": 697,
            "kode_sub_skpd": "3.30.3.31.0.00.02.0000",
            "nama_sub_skpd": "Dinas Perdagangan",
            "set_pagu_user": 0,
            "set_pagu_at": null,
            "id_program": 4335,
            "kode_program": "3.30.06",
            "nama_program": "PROGRAM STANDARDISASI DAN PERLINDUNGAN KONSUMEN",
            "id_giat": 18071,
            "kode_giat": "3.30.06.2.01",
            "nama_giat": "Pelaksanaan Metrologi Legal, Berupa Tera, Tera Ulang, dan Pengawasan",
            "pagu_giat": 84800000.0,
            "rinci_giat": null,
            "id_sub_giat": 58724,
            "kode_sub_giat": "3.30.06.2.01.0001",
            "nama_sub_giat": "Pelaksanaan Metrologi Legal, Berupa Tera, Tera Ulang",
            "pagu": 49800000.0,
            "pagu_indikatif": 49800000.0,
            "rincian": null,
            "kode_bl": "697.697.4335.18071",
            "kode_sbl": "697.697.4335.18071.58724",
            "kunci_bl": 1,
            "kunci_bl_rinci": 1,
            "user_created": "Ir. Siti Qoriah Rosydiana",
            "created_date": "19-06-2025",
            "created_time": "15:27",
            "user_updated": "Ir. Siti Qoriah Rosydiana",
            "updated_date": "02-07-2025",
            "updated_time": "21:33",
            "is_locked": 0
        },
        {
            "id_sub_bl": 59818,
            "id_daerah": 473,
            "tahun": 2026,
            "id_unit": 697,
            "id_skpd": 697,
            "created_user": 1562,
            "kode_skpd": "3.30.3.31.0.00.02.0000",
            "nama_skpd": "Dinas Perdagangan",
            "id_urusan": 13,
            "kode_urusan": "3",
            "nama_urusan": "URUSAN PEMERINTAHAN PILIHAN",
            "id_bidang_urusan": 230,
            "kode_bidang_urusan": "3.30",
            "nama_bidang_urusan": "URUSAN PEMERINTAHAN BIDANG PERDAGANGAN",
            "id_sub_skpd": 697,
            "kode_sub_skpd": "3.30.3.31.0.00.02.0000",
            "nama_sub_skpd": "Dinas Perdagangan",
            "set_pagu_user": 0,
            "set_pagu_at": null,
            "id_program": 4335,
            "kode_program": "3.30.06",
            "nama_program": "PROGRAM STANDARDISASI DAN PERLINDUNGAN KONSUMEN",
            "id_giat": 18071,
            "kode_giat": "3.30.06.2.01",
            "nama_giat": "Pelaksanaan Metrologi Legal, Berupa Tera, Tera Ulang, dan Pengawasan",
            "pagu_giat": 84800000.0,
            "rinci_giat": null,
            "id_sub_giat": 58725,
            "kode_sub_giat": "3.30.06.2.01.0002",
            "nama_sub_giat": "Pengawasan/Penyuluhan Metrologi Legal ",
            "pagu": 35000000.0,
            "pagu_indikatif": 35000000.0,
            "rincian": null,
            "kode_bl": "697.697.4335.18071",
            "kode_sbl": "697.697.4335.18071.58725",
            "kunci_bl": 1,
            "kunci_bl_rinci": 1,
            "user_created": "Ir. Siti Qoriah Rosydiana",
            "created_date": "22-01-2025",
            "created_time": "09:53",
            "user_updated": "Ir. Siti Qoriah Rosydiana",
            "updated_date": "02-07-2025",
            "updated_time": "21:38",
            "is_locked": 0
        },
        {
            "id_sub_bl": 59820,
            "id_daerah": 473,
            "tahun": 2026,
            "id_unit": 697,
            "id_skpd": 697,
            "created_user": 1562,
            "kode_skpd": "3.30.3.31.0.00.02.0000",
            "nama_skpd": "Dinas Perdagangan",
            "id_urusan": 13,
            "kode_urusan": "3",
            "nama_urusan": "URUSAN PEMERINTAHAN PILIHAN",
            "id_bidang_urusan": 230,
            "kode_bidang_urusan": "3.30",
            "nama_bidang_urusan": "URUSAN PEMERINTAHAN BIDANG PERDAGANGAN",
            "id_sub_skpd": 697,
            "kode_sub_skpd": "3.30.3.31.0.00.02.0000",
            "nama_sub_skpd": "Dinas Perdagangan",
            "set_pagu_user": 0,
            "set_pagu_at": null,
            "id_program": 4337,
            "kode_program": "3.30.07",
            "nama_program": "PROGRAM PENGGUNAAN DAN PEMASARAN PRODUK DALAM NEGERI",
            "id_giat": 18075,
            "kode_giat": "3.30.07.2.01",
            "nama_giat": "Pelaksanaan Promosi, Pemasaran dan Peningkatan Penggunaan Produk Dalam Negeri",
            "pagu_giat": 100000000.0,
            "rinci_giat": null,
            "id_sub_giat": 58733,
            "kode_sub_giat": "3.30.07.2.01.0005",
            "nama_sub_giat": "Pelaksanaan Promosi Penggunaan Produk Dalam Negeri di Tingkat Kabupaten/Kota",
            "pagu": 100000000.0,
            "pagu_indikatif": 100000000.0,
            "rincian": null,
            "kode_bl": "697.697.4337.18075",
            "kode_sbl": "697.697.4337.18075.58733",
            "kunci_bl": 1,
            "kunci_bl_rinci": 1,
            "user_created": "Ir. Siti Qoriah Rosydiana",
            "created_date": "22-01-2025",
            "created_time": "09:54",
            "user_updated": "Ir. Siti Qoriah Rosydiana",
            "updated_date": "02-07-2025",
            "updated_time": "21:40",
            "is_locked": 0
        },
        {
            "id_sub_bl": 59430,
            "id_daerah": 473,
            "tahun": 2026,
            "id_unit": 697,
            "id_skpd": 697,
            "created_user": 1562,
            "kode_skpd": "3.30.3.31.0.00.02.0000",
            "nama_skpd": "Dinas Perdagangan",
            "id_urusan": 13,
            "kode_urusan": "3",
            "nama_urusan": "URUSAN PEMERINTAHAN PILIHAN",
            "id_bidang_urusan": 230,
            "kode_bidang_urusan": "3.30",
            "nama_bidang_urusan": "URUSAN PEMERINTAHAN BIDANG PERDAGANGAN",
            "id_sub_skpd": 697,
            "kode_sub_skpd": "3.30.3.31.0.00.02.0000",
            "nama_sub_skpd": "Dinas Perdagangan",
            "set_pagu_user": 0,
            "set_pagu_at": null,
            "id_program": 4451,
            "kode_program": "3.30.01",
            "nama_program": "PROGRAM PENUNJANG URUSAN PEMERINTAHAN DAERAH KABUPATEN/KOTA",
            "id_giat": 18371,
            "kode_giat": "3.30.01.2.01",
            "nama_giat": "Perencanaan, Penganggaran, dan Evaluasi Kinerja Perangkat Daerah",
            "pagu_giat": 58700000.0,
            "rinci_giat": null,
            "id_sub_giat": 60589,
            "kode_sub_giat": "3.30.01.2.01.0001",
            "nama_sub_giat": "Penyusunan Dokumen Perencanaan Perangkat Daerah",
            "pagu": 20000000.0,
            "pagu_indikatif": 20000000.0,
            "rincian": null,
            "kode_bl": "697.697.4451.18371",
            "kode_sbl": "697.697.4451.18371.60589",
            "kunci_bl": 1,
            "kunci_bl_rinci": 1,
            "user_created": "Ir. Siti Qoriah Rosydiana",
            "created_date": "21-01-2025",
            "created_time": "09:29",
            "user_updated": "Ir. Siti Qoriah Rosydiana",
            "updated_date": "03-07-2025",
            "updated_time": "11:30",
            "is_locked": 0
        },
        {
            "id_sub_bl": 59436,
            "id_daerah": 473,
            "tahun": 2026,
            "id_unit": 697,
            "id_skpd": 697,
            "created_user": 1562,
            "kode_skpd": "3.30.3.31.0.00.02.0000",
            "nama_skpd": "Dinas Perdagangan",
            "id_urusan": 13,
            "kode_urusan": "3",
            "nama_urusan": "URUSAN PEMERINTAHAN PILIHAN",
            "id_bidang_urusan": 230,
            "kode_bidang_urusan": "3.30",
            "nama_bidang_urusan": "URUSAN PEMERINTAHAN BIDANG PERDAGANGAN",
            "id_sub_skpd": 697,
            "kode_sub_skpd": "3.30.3.31.0.00.02.0000",
            "nama_sub_skpd": "Dinas Perdagangan",
            "set_pagu_user": 0,
            "set_pagu_at": null,
            "id_program": 4451,
            "kode_program": "3.30.01",
            "nama_program": "PROGRAM PENUNJANG URUSAN PEMERINTAHAN DAERAH KABUPATEN/KOTA",
            "id_giat": 18371,
            "kode_giat": "3.30.01.2.01",
            "nama_giat": "Perencanaan, Penganggaran, dan Evaluasi Kinerja Perangkat Daerah",
            "pagu_giat": 58700000.0,
            "rinci_giat": null,
            "id_sub_giat": 60590,
            "kode_sub_giat": "3.30.01.2.01.0002",
            "nama_sub_giat": "Koordinasi dan Penyusunan Dokumen RKA-SKPD",
            "pagu": 10000000.0,
            "pagu_indikatif": 10000000.0,
            "rincian": null,
            "kode_bl": "697.697.4451.18371",
            "kode_sbl": "697.697.4451.18371.60590",
            "kunci_bl": 1,
            "kunci_bl_rinci": 1,
            "user_created": "Ir. Siti Qoriah Rosydiana",
            "created_date": "21-01-2025",
            "created_time": "09:31",
            "user_updated": "Ir. Siti Qoriah Rosydiana",
            "updated_date": "03-07-2025",
            "updated_time": "11:32",
            "is_locked": 0
        },
        {
            "id_sub_bl": 59442,
            "id_daerah": 473,
            "tahun": 2026,
            "id_unit": 697,
            "id_skpd": 697,
            "created_user": 1562,
            "kode_skpd": "3.30.3.31.0.00.02.0000",
            "nama_skpd": "Dinas Perdagangan",
            "id_urusan": 13,
            "kode_urusan": "3",
            "nama_urusan": "URUSAN PEMERINTAHAN PILIHAN",
            "id_bidang_urusan": 230,
            "kode_bidang_urusan": "3.30",
            "nama_bidang_urusan": "URUSAN PEMERINTAHAN BIDANG PERDAGANGAN",
            "id_sub_skpd": 697,
            "kode_sub_skpd": "3.30.3.31.0.00.02.0000",
            "nama_sub_skpd": "Dinas Perdagangan",
            "set_pagu_user": 0,
            "set_pagu_at": null,
            "id_program": 4451,
            "kode_program": "3.30.01",
            "nama_program": "PROGRAM PENUNJANG URUSAN PEMERINTAHAN DAERAH KABUPATEN/KOTA",
            "id_giat": 18371,
            "kode_giat": "3.30.01.2.01",
            "nama_giat": "Perencanaan, Penganggaran, dan Evaluasi Kinerja Perangkat Daerah",
            "pagu_giat": 58700000.0,
            "rinci_giat": null,
            "id_sub_giat": 60591,
            "kode_sub_giat": "3.30.01.2.01.0003",
            "nama_sub_giat": "Koordinasi dan Penyusunan Dokumen Perubahan RKA-SKPD",
            "pagu": 5000000.0,
            "pagu_indikatif": 5000000.0,
            "rincian": null,
            "kode_bl": "697.697.4451.18371",
            "kode_sbl": "697.697.4451.18371.60591",
            "kunci_bl": 1,
            "kunci_bl_rinci": 1,
            "user_created": "Ir. Siti Qoriah Rosydiana",
            "created_date": "21-01-2025",
            "created_time": "09:33",
            "user_updated": "Ir. Siti Qoriah Rosydiana",
            "updated_date": "03-07-2025",
            "updated_time": "12:09",
            "is_locked": 0
        },
        {
            "id_sub_bl": 59446,
            "id_daerah": 473,
            "tahun": 2026,
            "id_unit": 697,
            "id_skpd": 697,
            "created_user": 1562,
            "kode_skpd": "3.30.3.31.0.00.02.0000",
            "nama_skpd": "Dinas Perdagangan",
            "id_urusan": 13,
            "kode_urusan": "3",
            "nama_urusan": "URUSAN PEMERINTAHAN PILIHAN",
            "id_bidang_urusan": 230,
            "kode_bidang_urusan": "3.30",
            "nama_bidang_urusan": "URUSAN PEMERINTAHAN BIDANG PERDAGANGAN",
            "id_sub_skpd": 697,
            "kode_sub_skpd": "3.30.3.31.0.00.02.0000",
            "nama_sub_skpd": "Dinas Perdagangan",
            "set_pagu_user": 0,
            "set_pagu_at": null,
            "id_program": 4451,
            "kode_program": "3.30.01",
            "nama_program": "PROGRAM PENUNJANG URUSAN PEMERINTAHAN DAERAH KABUPATEN/KOTA",
            "id_giat": 18371,
            "kode_giat": "3.30.01.2.01",
            "nama_giat": "Perencanaan, Penganggaran, dan Evaluasi Kinerja Perangkat Daerah",
            "pagu_giat": 58700000.0,
            "rinci_giat": null,
            "id_sub_giat": 60592,
            "kode_sub_giat": "3.30.01.2.01.0004",
            "nama_sub_giat": "Koordinasi dan Penyusunan DPA-SKPD",
            "pagu": 10000000.0,
            "pagu_indikatif": 10000000.0,
            "rincian": null,
            "kode_bl": "697.697.4451.18371",
            "kode_sbl": "697.697.4451.18371.60592",
            "kunci_bl": 1,
            "kunci_bl_rinci": 1,
            "user_created": "Ir. Siti Qoriah Rosydiana",
            "created_date": "21-01-2025",
            "created_time": "09:35",
            "user_updated": "Ir. Siti Qoriah Rosydiana",
            "updated_date": "03-07-2025",
            "updated_time": "12:09",
            "is_locked": 0
        },
        {
            "id_sub_bl": 59447,
            "id_daerah": 473,
            "tahun": 2026,
            "id_unit": 697,
            "id_skpd": 697,
            "created_user": 1562,
            "kode_skpd": "3.30.3.31.0.00.02.0000",
            "nama_skpd": "Dinas Perdagangan",
            "id_urusan": 13,
            "kode_urusan": "3",
            "nama_urusan": "URUSAN PEMERINTAHAN PILIHAN",
            "id_bidang_urusan": 230,
            "kode_bidang_urusan": "3.30",
            "nama_bidang_urusan": "URUSAN PEMERINTAHAN BIDANG PERDAGANGAN",
            "id_sub_skpd": 697,
            "kode_sub_skpd": "3.30.3.31.0.00.02.0000",
            "nama_sub_skpd": "Dinas Perdagangan",
            "set_pagu_user": 0,
            "set_pagu_at": null,
            "id_program": 4451,
            "kode_program": "3.30.01",
            "nama_program": "PROGRAM PENUNJANG URUSAN PEMERINTAHAN DAERAH KABUPATEN/KOTA",
            "id_giat": 18371,
            "kode_giat": "3.30.01.2.01",
            "nama_giat": "Perencanaan, Penganggaran, dan Evaluasi Kinerja Perangkat Daerah",
            "pagu_giat": 58700000.0,
            "rinci_giat": null,
            "id_sub_giat": 60593,
            "kode_sub_giat": "3.30.01.2.01.0005",
            "nama_sub_giat": "Koordinasi dan Penyusunan Perubahan DPA- SKPD",
            "pagu": 5000000.0,
            "pagu_indikatif": 5000000.0,
            "rincian": null,
            "kode_bl": "697.697.4451.18371",
            "kode_sbl": "697.697.4451.18371.60593",
            "kunci_bl": 1,
            "kunci_bl_rinci": 1,
            "user_created": "Ir. Siti Qoriah Rosydiana",
            "created_date": "21-01-2025",
            "created_time": "09:37",
            "user_updated": "Ir. Siti Qoriah Rosydiana",
            "updated_date": "03-07-2025",
            "updated_time": "12:10",
            "is_locked": 0
        },
        {
            "id_sub_bl": 59448,
            "id_daerah": 473,
            "tahun": 2026,
            "id_unit": 697,
            "id_skpd": 697,
            "created_user": 1562,
            "kode_skpd": "3.30.3.31.0.00.02.0000",
            "nama_skpd": "Dinas Perdagangan",
            "id_urusan": 13,
            "kode_urusan": "3",
            "nama_urusan": "URUSAN PEMERINTAHAN PILIHAN",
            "id_bidang_urusan": 230,
            "kode_bidang_urusan": "3.30",
            "nama_bidang_urusan": "URUSAN PEMERINTAHAN BIDANG PERDAGANGAN",
            "id_sub_skpd": 697,
            "kode_sub_skpd": "3.30.3.31.0.00.02.0000",
            "nama_sub_skpd": "Dinas Perdagangan",
            "set_pagu_user": 0,
            "set_pagu_at": null,
            "id_program": 4451,
            "kode_program": "3.30.01",
            "nama_program": "PROGRAM PENUNJANG URUSAN PEMERINTAHAN DAERAH KABUPATEN/KOTA",
            "id_giat": 18371,
            "kode_giat": "3.30.01.2.01",
            "nama_giat": "Perencanaan, Penganggaran, dan Evaluasi Kinerja Perangkat Daerah",
            "pagu_giat": 58700000.0,
            "rinci_giat": null,
            "id_sub_giat": 60594,
            "kode_sub_giat": "3.30.01.2.01.0006",
            "nama_sub_giat": "Koordinasi dan Penyusunan Laporan Capaian Kinerja dan Ikhtisar Realisasi Kinerja SKPD",
            "pagu": 8700000.0,
            "pagu_indikatif": 8700000.0,
            "rincian": null,
            "kode_bl": "697.697.4451.18371",
            "kode_sbl": "697.697.4451.18371.60594",
            "kunci_bl": 1,
            "kunci_bl_rinci": 1,
            "user_created": "Ir. Siti Qoriah Rosydiana",
            "created_date": "21-01-2025",
            "created_time": "09:40",
            "user_updated": "Ir. Siti Qoriah Rosydiana",
            "updated_date": "03-07-2025",
            "updated_time": "12:11",
            "is_locked": 0
        },
        {
            "id_sub_bl": 59520,
            "id_daerah": 473,
            "tahun": 2026,
            "id_unit": 697,
            "id_skpd": 697,
            "created_user": 1562,
            "kode_skpd": "3.30.3.31.0.00.02.0000",
            "nama_skpd": "Dinas Perdagangan",
            "id_urusan": 13,
            "kode_urusan": "3",
            "nama_urusan": "URUSAN PEMERINTAHAN PILIHAN",
            "id_bidang_urusan": 230,
            "kode_bidang_urusan": "3.30",
            "nama_bidang_urusan": "URUSAN PEMERINTAHAN BIDANG PERDAGANGAN",
            "id_sub_skpd": 697,
            "kode_sub_skpd": "3.30.3.31.0.00.02.0000",
            "nama_sub_skpd": "Dinas Perdagangan",
            "set_pagu_user": 0,
            "set_pagu_at": null,
            "id_program": 4451,
            "kode_program": "3.30.01",
            "nama_program": "PROGRAM PENUNJANG URUSAN PEMERINTAHAN DAERAH KABUPATEN/KOTA",
            "id_giat": 18372,
            "kode_giat": "3.30.01.2.02",
            "nama_giat": "Administrasi Keuangan Perangkat Daerah",
            "pagu_giat": 3174447904.0,
            "rinci_giat": null,
            "id_sub_giat": 60602,
            "kode_sub_giat": "3.30.01.2.02.0001",
            "nama_sub_giat": "Penyediaan Gaji dan Tunjangan ASN",
            "pagu": 3053627904.0,
            "pagu_indikatif": 3053627904.0,
            "rincian": null,
            "kode_bl": "697.697.4451.18372",
            "kode_sbl": "697.697.4451.18372.60602",
            "kunci_bl": 1,
            "kunci_bl_rinci": 1,
            "user_created": "Ir. Siti Qoriah Rosydiana",
            "created_date": "21-01-2025",
            "created_time": "10:11",
            "user_updated": "Ir. Siti Qoriah Rosydiana",
            "updated_date": "03-07-2025",
            "updated_time": "12:11",
            "is_locked": 0
        },
        {
            "id_sub_bl": 59523,
            "id_daerah": 473,
            "tahun": 2026,
            "id_unit": 697,
            "id_skpd": 697,
            "created_user": 1562,
            "kode_skpd": "3.30.3.31.0.00.02.0000",
            "nama_skpd": "Dinas Perdagangan",
            "id_urusan": 13,
            "kode_urusan": "3",
            "nama_urusan": "URUSAN PEMERINTAHAN PILIHAN",
            "id_bidang_urusan": 230,
            "kode_bidang_urusan": "3.30",
            "nama_bidang_urusan": "URUSAN PEMERINTAHAN BIDANG PERDAGANGAN",
            "id_sub_skpd": 697,
            "kode_sub_skpd": "3.30.3.31.0.00.02.0000",
            "nama_sub_skpd": "Dinas Perdagangan",
            "set_pagu_user": 0,
            "set_pagu_at": null,
            "id_program": 4451,
            "kode_program": "3.30.01",
            "nama_program": "PROGRAM PENUNJANG URUSAN PEMERINTAHAN DAERAH KABUPATEN/KOTA",
            "id_giat": 18372,
            "kode_giat": "3.30.01.2.02",
            "nama_giat": "Administrasi Keuangan Perangkat Daerah",
            "pagu_giat": 3174447904.0,
            "rinci_giat": null,
            "id_sub_giat": 60604,
            "kode_sub_giat": "3.30.01.2.02.0003",
            "nama_sub_giat": "Pelaksanaan Penatausahaan dan\r\n\nPengujian/Verifikasi Keuangan SKPD",
            "pagu": 120820000.0,
            "pagu_indikatif": 120820000.0,
            "rincian": null,
            "kode_bl": "697.697.4451.18372",
            "kode_sbl": "697.697.4451.18372.60604",
            "kunci_bl": 1,
            "kunci_bl_rinci": 1,
            "user_created": "Ir. Siti Qoriah Rosydiana",
            "created_date": "21-01-2025",
            "created_time": "10:15",
            "user_updated": "Ir. Siti Qoriah Rosydiana",
            "updated_date": "03-07-2025",
            "updated_time": "12:12",
            "is_locked": 0
        },
        {
            "id_sub_bl": 59769,
            "id_daerah": 473,
            "tahun": 2026,
            "id_unit": 697,
            "id_skpd": 697,
            "created_user": 1562,
            "kode_skpd": "3.30.3.31.0.00.02.0000",
            "nama_skpd": "Dinas Perdagangan",
            "id_urusan": 13,
            "kode_urusan": "3",
            "nama_urusan": "URUSAN PEMERINTAHAN PILIHAN",
            "id_bidang_urusan": 230,
            "kode_bidang_urusan": "3.30",
            "nama_bidang_urusan": "URUSAN PEMERINTAHAN BIDANG PERDAGANGAN",
            "id_sub_skpd": 697,
            "kode_sub_skpd": "3.30.3.31.0.00.02.0000",
            "nama_sub_skpd": "Dinas Perdagangan",
            "set_pagu_user": 0,
            "set_pagu_at": null,
            "id_program": 4451,
            "kode_program": "3.30.01",
            "nama_program": "PROGRAM PENUNJANG URUSAN PEMERINTAHAN DAERAH KABUPATEN/KOTA",
            "id_giat": 18373,
            "kode_giat": "3.30.01.2.03",
            "nama_giat": "Administrasi Barang Milik Daerah pada Perangkat Daerah",
            "pagu_giat": 43900000.0,
            "rinci_giat": null,
            "id_sub_giat": 60615,
            "kode_sub_giat": "3.30.01.2.03.0006",
            "nama_sub_giat": "Penatausahaan Barang Milik Daerah pada SKPD",
            "pagu": 43900000.0,
            "pagu_indikatif": 43900000.0,
            "rincian": null,
            "kode_bl": "697.697.4451.18373",
            "kode_sbl": "697.697.4451.18373.60615",
            "kunci_bl": 1,
            "kunci_bl_rinci": 1,
            "user_created": "Ir. Siti Qoriah Rosydiana",
            "created_date": "22-01-2025",
            "created_time": "09:03",
            "user_updated": "Ir. Siti Qoriah Rosydiana",
            "updated_date": "03-07-2025",
            "updated_time": "12:14",
            "is_locked": 0
        },
        {
            "id_sub_bl": 59772,
            "id_daerah": 473,
            "tahun": 2026,
            "id_unit": 697,
            "id_skpd": 697,
            "created_user": 1562,
            "kode_skpd": "3.30.3.31.0.00.02.0000",
            "nama_skpd": "Dinas Perdagangan",
            "id_urusan": 13,
            "kode_urusan": "3",
            "nama_urusan": "URUSAN PEMERINTAHAN PILIHAN",
            "id_bidang_urusan": 230,
            "kode_bidang_urusan": "3.30",
            "nama_bidang_urusan": "URUSAN PEMERINTAHAN BIDANG PERDAGANGAN",
            "id_sub_skpd": 697,
            "kode_sub_skpd": "3.30.3.31.0.00.02.0000",
            "nama_sub_skpd": "Dinas Perdagangan",
            "set_pagu_user": 0,
            "set_pagu_at": null,
            "id_program": 4451,
            "kode_program": "3.30.01",
            "nama_program": "PROGRAM PENUNJANG URUSAN PEMERINTAHAN DAERAH KABUPATEN/KOTA",
            "id_giat": 18375,
            "kode_giat": "3.30.01.2.05",
            "nama_giat": "Administrasi Kepegawaian Perangkat Daerah",
            "pagu_giat": 20000000.0,
            "rinci_giat": null,
            "id_sub_giat": 60632,
            "kode_sub_giat": "3.30.01.2.05.0009",
            "nama_sub_giat": "Pendidikan dan Pelatihan Pegawai Berdasarkan Tugas dan Fungsi",
            "pagu": 20000000.0,
            "pagu_indikatif": 20000000.0,
            "rincian": null,
            "kode_bl": "697.697.4451.18375",
            "kode_sbl": "697.697.4451.18375.60632",
            "kunci_bl": 1,
            "kunci_bl_rinci": 1,
            "user_created": "Ir. Siti Qoriah Rosydiana",
            "created_date": "22-01-2025",
            "created_time": "09:04",
            "user_updated": "Ir. Siti Qoriah Rosydiana",
            "updated_date": "03-07-2025",
            "updated_time": "12:15",
            "is_locked": 0
        },
        {
            "id_sub_bl": 59780,
            "id_daerah": 473,
            "tahun": 2026,
            "id_unit": 697,
            "id_skpd": 697,
            "created_user": 1562,
            "kode_skpd": "3.30.3.31.0.00.02.0000",
            "nama_skpd": "Dinas Perdagangan",
            "id_urusan": 13,
            "kode_urusan": "3",
            "nama_urusan": "URUSAN PEMERINTAHAN PILIHAN",
            "id_bidang_urusan": 230,
            "kode_bidang_urusan": "3.30",
            "nama_bidang_urusan": "URUSAN PEMERINTAHAN BIDANG PERDAGANGAN",
            "id_sub_skpd": 697,
            "kode_sub_skpd": "3.30.3.31.0.00.02.0000",
            "nama_sub_skpd": "Dinas Perdagangan",
            "set_pagu_user": 0,
            "set_pagu_at": null,
            "id_program": 4451,
            "kode_program": "3.30.01",
            "nama_program": "PROGRAM PENUNJANG URUSAN PEMERINTAHAN DAERAH KABUPATEN/KOTA",
            "id_giat": 18376,
            "kode_giat": "3.30.01.2.06",
            "nama_giat": "Administrasi Umum Perangkat Daerah",
            "pagu_giat": 121400000.0,
            "rinci_giat": null,
            "id_sub_giat": 60635,
            "kode_sub_giat": "3.30.01.2.06.0001",
            "nama_sub_giat": "Penyediaan Komponen Instalasi\r\n\nListrik/Penerangan Bangunan Kantor",
            "pagu": 2400000.0,
            "pagu_indikatif": 2400000.0,
            "rincian": null,
            "kode_bl": "697.697.4451.18376",
            "kode_sbl": "697.697.4451.18376.60635",
            "kunci_bl": 1,
            "kunci_bl_rinci": 1,
            "user_created": "Ir. Siti Qoriah Rosydiana",
            "created_date": "22-01-2025",
            "created_time": "09:16",
            "user_updated": "Ir. Siti Qoriah Rosydiana",
            "updated_date": "03-07-2025",
            "updated_time": "12:17",
            "is_locked": 0
        },
        {
            "id_sub_bl": 59782,
            "id_daerah": 473,
            "tahun": 2026,
            "id_unit": 697,
            "id_skpd": 697,
            "created_user": 1562,
            "kode_skpd": "3.30.3.31.0.00.02.0000",
            "nama_skpd": "Dinas Perdagangan",
            "id_urusan": 13,
            "kode_urusan": "3",
            "nama_urusan": "URUSAN PEMERINTAHAN PILIHAN",
            "id_bidang_urusan": 230,
            "kode_bidang_urusan": "3.30",
            "nama_bidang_urusan": "URUSAN PEMERINTAHAN BIDANG PERDAGANGAN",
            "id_sub_skpd": 697,
            "kode_sub_skpd": "3.30.3.31.0.00.02.0000",
            "nama_sub_skpd": "Dinas Perdagangan",
            "set_pagu_user": 0,
            "set_pagu_at": null,
            "id_program": 4451,
            "kode_program": "3.30.01",
            "nama_program": "PROGRAM PENUNJANG URUSAN PEMERINTAHAN DAERAH KABUPATEN/KOTA",
            "id_giat": 18376,
            "kode_giat": "3.30.01.2.06",
            "nama_giat": "Administrasi Umum Perangkat Daerah",
            "pagu_giat": 121400000.0,
            "rinci_giat": null,
            "id_sub_giat": 60637,
            "kode_sub_giat": "3.30.01.2.06.0003",
            "nama_sub_giat": "Penyediaan Peralatan Rumah Tangga",
            "pagu": 7000000.0,
            "pagu_indikatif": 7000000.0,
            "rincian": null,
            "kode_bl": "697.697.4451.18376",
            "kode_sbl": "697.697.4451.18376.60637",
            "kunci_bl": 1,
            "kunci_bl_rinci": 1,
            "user_created": "Ir. Siti Qoriah Rosydiana",
            "created_date": "22-01-2025",
            "created_time": "09:17",
            "user_updated": "Ir. Siti Qoriah Rosydiana",
            "updated_date": "03-07-2025",
            "updated_time": "12:17",
            "is_locked": 0
        },
        {
            "id_sub_bl": 59784,
            "id_daerah": 473,
            "tahun": 2026,
            "id_unit": 697,
            "id_skpd": 697,
            "created_user": 1562,
            "kode_skpd": "3.30.3.31.0.00.02.0000",
            "nama_skpd": "Dinas Perdagangan",
            "id_urusan": 13,
            "kode_urusan": "3",
            "nama_urusan": "URUSAN PEMERINTAHAN PILIHAN",
            "id_bidang_urusan": 230,
            "kode_bidang_urusan": "3.30",
            "nama_bidang_urusan": "URUSAN PEMERINTAHAN BIDANG PERDAGANGAN",
            "id_sub_skpd": 697,
            "kode_sub_skpd": "3.30.3.31.0.00.02.0000",
            "nama_sub_skpd": "Dinas Perdagangan",
            "set_pagu_user": 0,
            "set_pagu_at": null,
            "id_program": 4451,
            "kode_program": "3.30.01",
            "nama_program": "PROGRAM PENUNJANG URUSAN PEMERINTAHAN DAERAH KABUPATEN/KOTA",
            "id_giat": 18376,
            "kode_giat": "3.30.01.2.06",
            "nama_giat": "Administrasi Umum Perangkat Daerah",
            "pagu_giat": 121400000.0,
            "rinci_giat": null,
            "id_sub_giat": 60638,
            "kode_sub_giat": "3.30.01.2.06.0004",
            "nama_sub_giat": "Penyediaan Bahan Logistik Kantor",
            "pagu": 39000000.0,
            "pagu_indikatif": 39000000.0,
            "rincian": null,
            "kode_bl": "697.697.4451.18376",
            "kode_sbl": "697.697.4451.18376.60638",
            "kunci_bl": 1,
            "kunci_bl_rinci": 1,
            "user_created": "Ir. Siti Qoriah Rosydiana",
            "created_date": "22-01-2025",
            "created_time": "09:19",
            "user_updated": "Ir. Siti Qoriah Rosydiana",
            "updated_date": "03-07-2025",
            "updated_time": "12:17",
            "is_locked": 0
        },
        {
            "id_sub_bl": 59785,
            "id_daerah": 473,
            "tahun": 2026,
            "id_unit": 697,
            "id_skpd": 697,
            "created_user": 1562,
            "kode_skpd": "3.30.3.31.0.00.02.0000",
            "nama_skpd": "Dinas Perdagangan",
            "id_urusan": 13,
            "kode_urusan": "3",
            "nama_urusan": "URUSAN PEMERINTAHAN PILIHAN",
            "id_bidang_urusan": 230,
            "kode_bidang_urusan": "3.30",
            "nama_bidang_urusan": "URUSAN PEMERINTAHAN BIDANG PERDAGANGAN",
            "id_sub_skpd": 697,
            "kode_sub_skpd": "3.30.3.31.0.00.02.0000",
            "nama_sub_skpd": "Dinas Perdagangan",
            "set_pagu_user": 0,
            "set_pagu_at": null,
            "id_program": 4451,
            "kode_program": "3.30.01",
            "nama_program": "PROGRAM PENUNJANG URUSAN PEMERINTAHAN DAERAH KABUPATEN/KOTA",
            "id_giat": 18376,
            "kode_giat": "3.30.01.2.06",
            "nama_giat": "Administrasi Umum Perangkat Daerah",
            "pagu_giat": 121400000.0,
            "rinci_giat": null,
            "id_sub_giat": 60639,
            "kode_sub_giat": "3.30.01.2.06.0005",
            "nama_sub_giat": "Penyediaan Barang Cetakan dan Penggandaan",
            "pagu": 15000000.0,
            "pagu_indikatif": 15000000.0,
            "rincian": null,
            "kode_bl": "697.697.4451.18376",
            "kode_sbl": "697.697.4451.18376.60639",
            "kunci_bl": 1,
            "kunci_bl_rinci": 1,
            "user_created": "Ir. Siti Qoriah Rosydiana",
            "created_date": "22-01-2025",
            "created_time": "09:20",
            "user_updated": "Ir. Siti Qoriah Rosydiana",
            "updated_date": "03-07-2025",
            "updated_time": "12:18",
            "is_locked": 0
        },
        {
            "id_sub_bl": 59787,
            "id_daerah": 473,
            "tahun": 2026,
            "id_unit": 697,
            "id_skpd": 697,
            "created_user": 1562,
            "kode_skpd": "3.30.3.31.0.00.02.0000",
            "nama_skpd": "Dinas Perdagangan",
            "id_urusan": 13,
            "kode_urusan": "3",
            "nama_urusan": "URUSAN PEMERINTAHAN PILIHAN",
            "id_bidang_urusan": 230,
            "kode_bidang_urusan": "3.30",
            "nama_bidang_urusan": "URUSAN PEMERINTAHAN BIDANG PERDAGANGAN",
            "id_sub_skpd": 697,
            "kode_sub_skpd": "3.30.3.31.0.00.02.0000",
            "nama_sub_skpd": "Dinas Perdagangan",
            "set_pagu_user": 0,
            "set_pagu_at": null,
            "id_program": 4451,
            "kode_program": "3.30.01",
            "nama_program": "PROGRAM PENUNJANG URUSAN PEMERINTAHAN DAERAH KABUPATEN/KOTA",
            "id_giat": 18376,
            "kode_giat": "3.30.01.2.06",
            "nama_giat": "Administrasi Umum Perangkat Daerah",
            "pagu_giat": 121400000.0,
            "rinci_giat": null,
            "id_sub_giat": 60640,
            "kode_sub_giat": "3.30.01.2.06.0006",
            "nama_sub_giat": "Penyediaan Bahan Bacaan dan Peraturan Perundang-undangan",
            "pagu": 8000000.0,
            "pagu_indikatif": 8000000.0,
            "rincian": null,
            "kode_bl": "697.697.4451.18376",
            "kode_sbl": "697.697.4451.18376.60640",
            "kunci_bl": 1,
            "kunci_bl_rinci": 1,
            "user_created": "Ir. Siti Qoriah Rosydiana",
            "created_date": "22-01-2025",
            "created_time": "09:22",
            "user_updated": "Ir. Siti Qoriah Rosydiana",
            "updated_date": "03-07-2025",
            "updated_time": "12:19",
            "is_locked": 0
        },
        {
            "id_sub_bl": 59789,
            "id_daerah": 473,
            "tahun": 2026,
            "id_unit": 697,
            "id_skpd": 697,
            "created_user": 1562,
            "kode_skpd": "3.30.3.31.0.00.02.0000",
            "nama_skpd": "Dinas Perdagangan",
            "id_urusan": 13,
            "kode_urusan": "3",
            "nama_urusan": "URUSAN PEMERINTAHAN PILIHAN",
            "id_bidang_urusan": 230,
            "kode_bidang_urusan": "3.30",
            "nama_bidang_urusan": "URUSAN PEMERINTAHAN BIDANG PERDAGANGAN",
            "id_sub_skpd": 697,
            "kode_sub_skpd": "3.30.3.31.0.00.02.0000",
            "nama_sub_skpd": "Dinas Perdagangan",
            "set_pagu_user": 0,
            "set_pagu_at": null,
            "id_program": 4451,
            "kode_program": "3.30.01",
            "nama_program": "PROGRAM PENUNJANG URUSAN PEMERINTAHAN DAERAH KABUPATEN/KOTA",
            "id_giat": 18376,
            "kode_giat": "3.30.01.2.06",
            "nama_giat": "Administrasi Umum Perangkat Daerah",
            "pagu_giat": 121400000.0,
            "rinci_giat": null,
            "id_sub_giat": 60643,
            "kode_sub_giat": "3.30.01.2.06.0009",
            "nama_sub_giat": "Penyelenggaraan Rapat Koordinasi dan Konsultasi SKPD",
            "pagu": 50000000.0,
            "pagu_indikatif": 50000000.0,
            "rincian": null,
            "kode_bl": "697.697.4451.18376",
            "kode_sbl": "697.697.4451.18376.60643",
            "kunci_bl": 1,
            "kunci_bl_rinci": 1,
            "user_created": "Ir. Siti Qoriah Rosydiana",
            "created_date": "22-01-2025",
            "created_time": "09:26",
            "user_updated": "Ir. Siti Qoriah Rosydiana",
            "updated_date": "03-07-2025",
            "updated_time": "12:19",
            "is_locked": 0
        },
        {
            "id_sub_bl": 59790,
            "id_daerah": 473,
            "tahun": 2026,
            "id_unit": 697,
            "id_skpd": 697,
            "created_user": 1562,
            "kode_skpd": "3.30.3.31.0.00.02.0000",
            "nama_skpd": "Dinas Perdagangan",
            "id_urusan": 13,
            "kode_urusan": "3",
            "nama_urusan": "URUSAN PEMERINTAHAN PILIHAN",
            "id_bidang_urusan": 230,
            "kode_bidang_urusan": "3.30",
            "nama_bidang_urusan": "URUSAN PEMERINTAHAN BIDANG PERDAGANGAN",
            "id_sub_skpd": 697,
            "kode_sub_skpd": "3.30.3.31.0.00.02.0000",
            "nama_sub_skpd": "Dinas Perdagangan",
            "set_pagu_user": 0,
            "set_pagu_at": null,
            "id_program": 4451,
            "kode_program": "3.30.01",
            "nama_program": "PROGRAM PENUNJANG URUSAN PEMERINTAHAN DAERAH KABUPATEN/KOTA",
            "id_giat": 18377,
            "kode_giat": "3.30.01.2.07",
            "nama_giat": "Pengadaan Barang Milik Daerah Penunjang Urusan Pemerintah Daerah",
            "pagu_giat": 54694000.0,
            "rinci_giat": null,
            "id_sub_giat": 60651,
            "kode_sub_giat": "3.30.01.2.07.0006",
            "nama_sub_giat": "Pengadaan Peralatan dan Mesin Lainnya",
            "pagu": 54694000.0,
            "pagu_indikatif": 54694000.0,
            "rincian": null,
            "kode_bl": "697.697.4451.18377",
            "kode_sbl": "697.697.4451.18377.60651",
            "kunci_bl": 1,
            "kunci_bl_rinci": 1,
            "user_created": "Ir. Siti Qoriah Rosydiana",
            "created_date": "22-01-2025",
            "created_time": "09:28",
            "user_updated": "Ir. Siti Qoriah Rosydiana",
            "updated_date": "03-07-2025",
            "updated_time": "12:20",
            "is_locked": 0
        },
        {
            "id_sub_bl": 59795,
            "id_daerah": 473,
            "tahun": 2026,
            "id_unit": 697,
            "id_skpd": 697,
            "created_user": 1562,
            "kode_skpd": "3.30.3.31.0.00.02.0000",
            "nama_skpd": "Dinas Perdagangan",
            "id_urusan": 13,
            "kode_urusan": "3",
            "nama_urusan": "URUSAN PEMERINTAHAN PILIHAN",
            "id_bidang_urusan": 230,
            "kode_bidang_urusan": "3.30",
            "nama_bidang_urusan": "URUSAN PEMERINTAHAN BIDANG PERDAGANGAN",
            "id_sub_skpd": 697,
            "kode_sub_skpd": "3.30.3.31.0.00.02.0000",
            "nama_sub_skpd": "Dinas Perdagangan",
            "set_pagu_user": 0,
            "set_pagu_at": null,
            "id_program": 4451,
            "kode_program": "3.30.01",
            "nama_program": "PROGRAM PENUNJANG URUSAN PEMERINTAHAN DAERAH KABUPATEN/KOTA",
            "id_giat": 18378,
            "kode_giat": "3.30.01.2.08",
            "nama_giat": "Penyediaan Jasa Penunjang Urusan Pemerintahan Daerah",
            "pagu_giat": 189204425.0,
            "rinci_giat": null,
            "id_sub_giat": 60658,
            "kode_sub_giat": "3.30.01.2.08.0002",
            "nama_sub_giat": "Penyediaan Jasa Komunikasi, Sumber Daya Air dan Listrik",
            "pagu": 30804425.0,
            "pagu_indikatif": 30804425.0,
            "rincian": null,
            "kode_bl": "697.697.4451.18378",
            "kode_sbl": "697.697.4451.18378.60658",
            "kunci_bl": 1,
            "kunci_bl_rinci": 1,
            "user_created": "Ir. Siti Qoriah Rosydiana",
            "created_date": "22-01-2025",
            "created_time": "09:29",
            "user_updated": "Ir. Siti Qoriah Rosydiana",
            "updated_date": "03-07-2025",
            "updated_time": "12:20",
            "is_locked": 0
        },
        {
            "id_sub_bl": 59797,
            "id_daerah": 473,
            "tahun": 2026,
            "id_unit": 697,
            "id_skpd": 697,
            "created_user": 1562,
            "kode_skpd": "3.30.3.31.0.00.02.0000",
            "nama_skpd": "Dinas Perdagangan",
            "id_urusan": 13,
            "kode_urusan": "3",
            "nama_urusan": "URUSAN PEMERINTAHAN PILIHAN",
            "id_bidang_urusan": 230,
            "kode_bidang_urusan": "3.30",
            "nama_bidang_urusan": "URUSAN PEMERINTAHAN BIDANG PERDAGANGAN",
            "id_sub_skpd": 697,
            "kode_sub_skpd": "3.30.3.31.0.00.02.0000",
            "nama_sub_skpd": "Dinas Perdagangan",
            "set_pagu_user": 0,
            "set_pagu_at": null,
            "id_program": 4451,
            "kode_program": "3.30.01",
            "nama_program": "PROGRAM PENUNJANG URUSAN PEMERINTAHAN DAERAH KABUPATEN/KOTA",
            "id_giat": 18378,
            "kode_giat": "3.30.01.2.08",
            "nama_giat": "Penyediaan Jasa Penunjang Urusan Pemerintahan Daerah",
            "pagu_giat": 189204425.0,
            "rinci_giat": null,
            "id_sub_giat": 60660,
            "kode_sub_giat": "3.30.01.2.08.0004",
            "nama_sub_giat": "Penyediaan Jasa Pelayanan Umum Kantor",
            "pagu": 158400000.0,
            "pagu_indikatif": 158400000.0,
            "rincian": null,
            "kode_bl": "697.697.4451.18378",
            "kode_sbl": "697.697.4451.18378.60660",
            "kunci_bl": 1,
            "kunci_bl_rinci": 1,
            "user_created": "Ir. Siti Qoriah Rosydiana",
            "created_date": "22-01-2025",
            "created_time": "09:31",
            "user_updated": "Ir. Siti Qoriah Rosydiana",
            "updated_date": "03-07-2025",
            "updated_time": "12:21",
            "is_locked": 0
        },
        {
            "id_sub_bl": 59799,
            "id_daerah": 473,
            "tahun": 2026,
            "id_unit": 697,
            "id_skpd": 697,
            "created_user": 1562,
            "kode_skpd": "3.30.3.31.0.00.02.0000",
            "nama_skpd": "Dinas Perdagangan",
            "id_urusan": 13,
            "kode_urusan": "3",
            "nama_urusan": "URUSAN PEMERINTAHAN PILIHAN",
            "id_bidang_urusan": 230,
            "kode_bidang_urusan": "3.30",
            "nama_bidang_urusan": "URUSAN PEMERINTAHAN BIDANG PERDAGANGAN",
            "id_sub_skpd": 697,
            "kode_sub_skpd": "3.30.3.31.0.00.02.0000",
            "nama_sub_skpd": "Dinas Perdagangan",
            "set_pagu_user": 0,
            "set_pagu_at": null,
            "id_program": 4451,
            "kode_program": "3.30.01",
            "nama_program": "PROGRAM PENUNJANG URUSAN PEMERINTAHAN DAERAH KABUPATEN/KOTA",
            "id_giat": 18379,
            "kode_giat": "3.30.01.2.09",
            "nama_giat": "Pemeliharaan Barang Milik Daerah Penunjang Urusan Pemerintahan Daerah",
            "pagu_giat": 279138000.0,
            "rinci_giat": null,
            "id_sub_giat": 60661,
            "kode_sub_giat": "3.30.01.2.09.0001",
            "nama_sub_giat": "Penyediaan Jasa Pemeliharaan, Biaya Pemeliharaan, dan Pajak Kendaraan Perorangan Dinas atau Kendaraan Dinas Jabatan",
            "pagu": 20000000.0,
            "pagu_indikatif": 24000000.0,
            "rincian": null,
            "kode_bl": "697.697.4451.18379",
            "kode_sbl": "697.697.4451.18379.60661",
            "kunci_bl": 1,
            "kunci_bl_rinci": 1,
            "user_created": "Ir. Siti Qoriah Rosydiana",
            "created_date": "22-01-2025",
            "created_time": "09:33",
            "user_updated": "Ir. Siti Qoriah Rosydiana",
            "updated_date": "03-07-2025",
            "updated_time": "12:22",
            "is_locked": 0
        },
        {
            "id_sub_bl": 77174,
            "id_daerah": 473,
            "tahun": 2026,
            "id_unit": 697,
            "id_skpd": 697,
            "created_user": 1562,
            "kode_skpd": "3.30.3.31.0.00.02.0000",
            "nama_skpd": "Dinas Perdagangan",
            "id_urusan": 13,
            "kode_urusan": "3",
            "nama_urusan": "URUSAN PEMERINTAHAN PILIHAN",
            "id_bidang_urusan": 230,
            "kode_bidang_urusan": "3.30",
            "nama_bidang_urusan": "URUSAN PEMERINTAHAN BIDANG PERDAGANGAN",
            "id_sub_skpd": 697,
            "kode_sub_skpd": "3.30.3.31.0.00.02.0000",
            "nama_sub_skpd": "Dinas Perdagangan",
            "set_pagu_user": 0,
            "set_pagu_at": null,
            "id_program": 4451,
            "kode_program": "3.30.01",
            "nama_program": "PROGRAM PENUNJANG URUSAN PEMERINTAHAN DAERAH KABUPATEN/KOTA",
            "id_giat": 18379,
            "kode_giat": "3.30.01.2.09",
            "nama_giat": "Pemeliharaan Barang Milik Daerah Penunjang Urusan Pemerintahan Daerah",
            "pagu_giat": 279138000.0,
            "rinci_giat": null,
            "id_sub_giat": 60662,
            "kode_sub_giat": "3.30.01.2.09.0002",
            "nama_sub_giat": "Penyediaan Jasa Pemeliharaan, Biaya Pemeliharaan, Pajak dan Perizinan Kendaraan Dinas Operasional atau Lapangan",
            "pagu": 4000000.0,
            "pagu_indikatif": 0.0,
            "rincian": null,
            "kode_bl": "697.697.4451.18379",
            "kode_sbl": "697.697.4451.18379.60662",
            "kunci_bl": 1,
            "kunci_bl_rinci": 1,
            "user_created": "Ir. Siti Qoriah Rosydiana",
            "created_date": "26-06-2025",
            "created_time": "11:14",
            "user_updated": "Ir. Siti Qoriah Rosydiana",
            "updated_date": "03-07-2025",
            "updated_time": "12:23",
            "is_locked": 0
        },
        {
            "id_sub_bl": 59801,
            "id_daerah": 473,
            "tahun": 2026,
            "id_unit": 697,
            "id_skpd": 697,
            "created_user": 1562,
            "kode_skpd": "3.30.3.31.0.00.02.0000",
            "nama_skpd": "Dinas Perdagangan",
            "id_urusan": 13,
            "kode_urusan": "3",
            "nama_urusan": "URUSAN PEMERINTAHAN PILIHAN",
            "id_bidang_urusan": 230,
            "kode_bidang_urusan": "3.30",
            "nama_bidang_urusan": "URUSAN PEMERINTAHAN BIDANG PERDAGANGAN",
            "id_sub_skpd": 697,
            "kode_sub_skpd": "3.30.3.31.0.00.02.0000",
            "nama_sub_skpd": "Dinas Perdagangan",
            "set_pagu_user": 0,
            "set_pagu_at": null,
            "id_program": 4451,
            "kode_program": "3.30.01",
            "nama_program": "PROGRAM PENUNJANG URUSAN PEMERINTAHAN DAERAH KABUPATEN/KOTA",
            "id_giat": 18379,
            "kode_giat": "3.30.01.2.09",
            "nama_giat": "Pemeliharaan Barang Milik Daerah Penunjang Urusan Pemerintahan Daerah",
            "pagu_giat": 279138000.0,
            "rinci_giat": null,
            "id_sub_giat": 60666,
            "kode_sub_giat": "3.30.01.2.09.0006",
            "nama_sub_giat": "Pemeliharaan Peralatan dan Mesin Lainnya",
            "pagu": 5138000.0,
            "pagu_indikatif": 5138000.0,
            "rincian": null,
            "kode_bl": "697.697.4451.18379",
            "kode_sbl": "697.697.4451.18379.60666",
            "kunci_bl": 1,
            "kunci_bl_rinci": 1,
            "user_created": "Ir. Siti Qoriah Rosydiana",
            "created_date": "22-01-2025",
            "created_time": "09:35",
            "user_updated": "Ir. Siti Qoriah Rosydiana",
            "updated_date": "03-07-2025",
            "updated_time": "12:23",
            "is_locked": 0
        },
        {
            "id_sub_bl": 59802,
            "id_daerah": 473,
            "tahun": 2026,
            "id_unit": 697,
            "id_skpd": 697,
            "created_user": 1562,
            "kode_skpd": "3.30.3.31.0.00.02.0000",
            "nama_skpd": "Dinas Perdagangan",
            "id_urusan": 13,
            "kode_urusan": "3",
            "nama_urusan": "URUSAN PEMERINTAHAN PILIHAN",
            "id_bidang_urusan": 230,
            "kode_bidang_urusan": "3.30",
            "nama_bidang_urusan": "URUSAN PEMERINTAHAN BIDANG PERDAGANGAN",
            "id_sub_skpd": 697,
            "kode_sub_skpd": "3.30.3.31.0.00.02.0000",
            "nama_sub_skpd": "Dinas Perdagangan",
            "set_pagu_user": 0,
            "set_pagu_at": null,
            "id_program": 4451,
            "kode_program": "3.30.01",
            "nama_program": "PROGRAM PENUNJANG URUSAN PEMERINTAHAN DAERAH KABUPATEN/KOTA",
            "id_giat": 18379,
            "kode_giat": "3.30.01.2.09",
            "nama_giat": "Pemeliharaan Barang Milik Daerah Penunjang Urusan Pemerintahan Daerah",
            "pagu_giat": 279138000.0,
            "rinci_giat": null,
            "id_sub_giat": 60669,
            "kode_sub_giat": "3.30.01.2.09.0009",
            "nama_sub_giat": "Pemeliharaan/Rehabilitasi Gedung Kantor dan Bangunan Lainnya",
            "pagu": 250000000.0,
            "pagu_indikatif": 250000000.0,
            "rincian": null,
            "kode_bl": "697.697.4451.18379",
            "kode_sbl": "697.697.4451.18379.60669",
            "kunci_bl": 1,
            "kunci_bl_rinci": 1,
            "user_created": "Ir. Siti Qoriah Rosydiana",
            "created_date": "22-01-2025",
            "created_time": "09:37",
            "user_updated": "Ir. Siti Qoriah Rosydiana",
            "updated_date": "03-07-2025",
            "updated_time": "12:24",
            "is_locked": 0
        },
        {
            "id_sub_bl": 76512,
            "id_daerah": 473,
            "tahun": 2026,
            "id_unit": 697,
            "id_skpd": 697,
            "created_user": 1562,
            "kode_skpd": "3.30.3.31.0.00.02.0000",
            "nama_skpd": "Dinas Perdagangan",
            "id_urusan": 13,
            "kode_urusan": "3",
            "nama_urusan": "URUSAN PEMERINTAHAN PILIHAN",
            "id_bidang_urusan": 231,
            "kode_bidang_urusan": "3.31",
            "nama_bidang_urusan": "URUSAN PEMERINTAHAN BIDANG PERINDUSTRIAN",
            "id_sub_skpd": 697,
            "kode_sub_skpd": "3.30.3.31.0.00.02.0000",
            "nama_sub_skpd": "Dinas Perdagangan",
            "set_pagu_user": 0,
            "set_pagu_at": null,
            "id_program": 4339,
            "kode_program": "3.31.02",
            "nama_program": "PROGRAM PERENCANAAN DAN PEMBANGUNAN INDUSTRI",
            "id_giat": 18077,
            "kode_giat": "3.31.02.2.01",
            "nama_giat": "Penyusunan dan Evaluasi Rencana Pembangunan Industri Kabupaten/Kota",
            "pagu_giat": 580405000.0,
            "rinci_giat": null,
            "id_sub_giat": 58747,
            "kode_sub_giat": "3.31.02.2.01.0003",
            "nama_sub_giat": "Koordinasi, Sinkronisasi, dan Pelaksanaan Pembangunan Sumber Daya Industri",
            "pagu": 80405000.0,
            "pagu_indikatif": 0.0,
            "rincian": null,
            "kode_bl": "697.697.4339.18077",
            "kode_sbl": "697.697.4339.18077.58747",
            "kunci_bl": 1,
            "kunci_bl_rinci": 1,
            "user_created": "Ir. Siti Qoriah Rosydiana",
            "created_date": "21-06-2025",
            "created_time": "23:09",
            "user_updated": "Ir. Siti Qoriah Rosydiana",
            "updated_date": "02-07-2025",
            "updated_time": "21:52",
            "is_locked": 0
        },
        {
            "id_sub_bl": 59822,
            "id_daerah": 473,
            "tahun": 2026,
            "id_unit": 697,
            "id_skpd": 697,
            "created_user": 1562,
            "kode_skpd": "3.30.3.31.0.00.02.0000",
            "nama_skpd": "Dinas Perdagangan",
            "id_urusan": 13,
            "kode_urusan": "3",
            "nama_urusan": "URUSAN PEMERINTAHAN PILIHAN",
            "id_bidang_urusan": 231,
            "kode_bidang_urusan": "3.31",
            "nama_bidang_urusan": "URUSAN PEMERINTAHAN BIDANG PERINDUSTRIAN",
            "id_sub_skpd": 697,
            "kode_sub_skpd": "3.30.3.31.0.00.02.0000",
            "nama_sub_skpd": "Dinas Perdagangan",
            "set_pagu_user": 0,
            "set_pagu_at": null,
            "id_program": 4339,
            "kode_program": "3.31.02",
            "nama_program": "PROGRAM PERENCANAAN DAN PEMBANGUNAN INDUSTRI",
            "id_giat": 18077,
            "kode_giat": "3.31.02.2.01",
            "nama_giat": "Penyusunan dan Evaluasi Rencana Pembangunan Industri Kabupaten/Kota",
            "pagu_giat": 580405000.0,
            "rinci_giat": null,
            "id_sub_giat": 58748,
            "kode_sub_giat": "3.31.02.2.01.0004",
            "nama_sub_giat": "Koordinasi, Sinkronisasi, dan Pelaksanaan Pembangunan Sarana dan Prasarana Industri",
            "pagu": 400000000.0,
            "pagu_indikatif": 480405000.0,
            "rincian": null,
            "kode_bl": "697.697.4339.18077",
            "kode_sbl": "697.697.4339.18077.58748",
            "kunci_bl": 1,
            "kunci_bl_rinci": 1,
            "user_created": "Ir. Siti Qoriah Rosydiana",
            "created_date": "22-01-2025",
            "created_time": "09:55",
            "user_updated": "Ir. Siti Qoriah Rosydiana",
            "updated_date": "02-07-2025",
            "updated_time": "21:52",
            "is_locked": 0
        },
        {
            "id_sub_bl": 59823,
            "id_daerah": 473,
            "tahun": 2026,
            "id_unit": 697,
            "id_skpd": 697,
            "created_user": 1562,
            "kode_skpd": "3.30.3.31.0.00.02.0000",
            "nama_skpd": "Dinas Perdagangan",
            "id_urusan": 13,
            "kode_urusan": "3",
            "nama_urusan": "URUSAN PEMERINTAHAN PILIHAN",
            "id_bidang_urusan": 231,
            "kode_bidang_urusan": "3.31",
            "nama_bidang_urusan": "URUSAN PEMERINTAHAN BIDANG PERINDUSTRIAN",
            "id_sub_skpd": 697,
            "kode_sub_skpd": "3.30.3.31.0.00.02.0000",
            "nama_sub_skpd": "Dinas Perdagangan",
            "set_pagu_user": 0,
            "set_pagu_at": null,
            "id_program": 4339,
            "kode_program": "3.31.02",
            "nama_program": "PROGRAM PERENCANAAN DAN PEMBANGUNAN INDUSTRI",
            "id_giat": 18077,
            "kode_giat": "3.31.02.2.01",
            "nama_giat": "Penyusunan dan Evaluasi Rencana Pembangunan Industri Kabupaten/Kota",
            "pagu_giat": 580405000.0,
            "rinci_giat": null,
            "id_sub_giat": 58749,
            "kode_sub_giat": "3.31.02.2.01.0005",
            "nama_sub_giat": "Koordinasi, Sinkronisasi, dan Pelaksanaan Pemberdayaan Industri dan Peran Serta Masyarakat",
            "pagu": 100000000.0,
            "pagu_indikatif": 100000000.0,
            "rincian": null,
            "kode_bl": "697.697.4339.18077",
            "kode_sbl": "697.697.4339.18077.58749",
            "kunci_bl": 1,
            "kunci_bl_rinci": 1,
            "user_created": "Ir. Siti Qoriah Rosydiana",
            "created_date": "22-01-2025",
            "created_time": "09:56",
            "user_updated": "Ir. Siti Qoriah Rosydiana",
            "updated_date": "02-07-2025",
            "updated_time": "21:53",
            "is_locked": 0
        },
        {
            "id_sub_bl": 59810,
            "id_daerah": 473,
            "tahun": 2026,
            "id_unit": 697,
            "id_skpd": 697,
            "created_user": 1562,
            "kode_skpd": "3.30.3.31.0.00.02.0000",
            "nama_skpd": "Dinas Perdagangan",
            "id_urusan": 13,
            "kode_urusan": "3",
            "nama_urusan": "URUSAN PEMERINTAHAN PILIHAN",
            "id_bidang_urusan": 230,
            "kode_bidang_urusan": "3.30",
            "nama_bidang_urusan": "URUSAN PEMERINTAHAN BIDANG PERDAGANGAN",
            "id_sub_skpd": 1017,
            "kode_sub_skpd": "3.30.3.31.0.00.02.0001",
            "nama_sub_skpd": "UPTD PASAR PURWODADI  KELAS A",
            "set_pagu_user": 0,
            "set_pagu_at": null,
            "id_program": 4311,
            "kode_program": "3.30.03",
            "nama_program": "PROGRAM PENINGKATAN SARANA DISTRIBUSI PERDAGANGAN",
            "id_giat": 18041,
            "kode_giat": "3.30.03.2.02",
            "nama_giat": "Pembinaan Terhadap Pengelola Sarana Distribusi Perdagangan Masyarakat di Wilayah Kerjanya",
            "pagu_giat": 1060061440.0,
            "rinci_giat": null,
            "id_sub_giat": 58660,
            "kode_sub_giat": "3.30.03.2.02.0001",
            "nama_sub_giat": "Pembinaan dan Pengendalian Pengelola Sarana Distribusi Perdagangan",
            "pagu": 1060061440.0,
            "pagu_indikatif": 1060061440.0,
            "rincian": null,
            "kode_bl": "697.1017.4311.18041",
            "kode_sbl": "697.1017.4311.18041.58660",
            "kunci_bl": 1,
            "kunci_bl_rinci": 1,
            "user_created": "Ir. Siti Qoriah Rosydiana",
            "created_date": "22-01-2025",
            "created_time": "09:45",
            "user_updated": "Ir. Siti Qoriah Rosydiana",
            "updated_date": "02-07-2025",
            "updated_time": "12:01",
            "is_locked": 0
        },
        {
            "id_sub_bl": 59813,
            "id_daerah": 473,
            "tahun": 2026,
            "id_unit": 697,
            "id_skpd": 697,
            "created_user": 1562,
            "kode_skpd": "3.30.3.31.0.00.02.0000",
            "nama_skpd": "Dinas Perdagangan",
            "id_urusan": 13,
            "kode_urusan": "3",
            "nama_urusan": "URUSAN PEMERINTAHAN PILIHAN",
            "id_bidang_urusan": 230,
            "kode_bidang_urusan": "3.30",
            "nama_bidang_urusan": "URUSAN PEMERINTAHAN BIDANG PERDAGANGAN",
            "id_sub_skpd": 1019,
            "kode_sub_skpd": "3.30.3.31.0.00.02.0002",
            "nama_sub_skpd": "UPTD PASAR KETAHUN KELAS A",
            "set_pagu_user": 0,
            "set_pagu_at": null,
            "id_program": 4311,
            "kode_program": "3.30.03",
            "nama_program": "PROGRAM PENINGKATAN SARANA DISTRIBUSI PERDAGANGAN",
            "id_giat": 18041,
            "kode_giat": "3.30.03.2.02",
            "nama_giat": "Pembinaan Terhadap Pengelola Sarana Distribusi Perdagangan Masyarakat di Wilayah Kerjanya",
            "pagu_giat": 50000000.0,
            "rinci_giat": null,
            "id_sub_giat": 58660,
            "kode_sub_giat": "3.30.03.2.02.0001",
            "nama_sub_giat": "Pembinaan dan Pengendalian Pengelola Sarana Distribusi Perdagangan",
            "pagu": 50000000.0,
            "pagu_indikatif": 50000000.0,
            "rincian": null,
            "kode_bl": "697.1019.4311.18041",
            "kode_sbl": "697.1019.4311.18041.58660",
            "kunci_bl": 1,
            "kunci_bl_rinci": 1,
            "user_created": "Ir. Siti Qoriah Rosydiana",
            "created_date": "22-01-2025",
            "created_time": "09:47",
            "user_updated": "Ir. Siti Qoriah Rosydiana",
            "updated_date": "02-07-2025",
            "updated_time": "21:53",
            "is_locked": 0
        },
        {
            "id_sub_bl": 59825,
            "id_daerah": 473,
            "tahun": 2026,
            "id_unit": 697,
            "id_skpd": 697,
            "created_user": 1562,
            "kode_skpd": "3.30.3.31.0.00.02.0000",
            "nama_skpd": "Dinas Perdagangan",
            "id_urusan": 13,
            "kode_urusan": "3",
            "nama_urusan": "URUSAN PEMERINTAHAN PILIHAN",
            "id_bidang_urusan": 231,
            "kode_bidang_urusan": "3.31",
            "nama_bidang_urusan": "URUSAN PEMERINTAHAN BIDANG PERINDUSTRIAN",
            "id_sub_skpd": 1021,
            "kode_sub_skpd": "3.30.3.31.0.00.02.0003",
            "nama_sub_skpd": "UPTD INDUSTRI KECIL DAN MENENGAH KELAS A",
            "set_pagu_user": 0,
            "set_pagu_at": null,
            "id_program": 4355,
            "kode_program": "3.31.04",
            "nama_program": "PROGRAM PENGELOLAAN SISTEM INFORMASI INDUSTRI NASIONAL",
            "id_giat": 18093,
            "kode_giat": "3.31.04.2.01",
            "nama_giat": "Penyediaan Informasi Industri untuk Informasi Industri untuk IUI, IPUI, IUKI dan IPKI Kewenangan Kabupaten/Kota",
            "pagu_giat": 55000000.0,
            "rinci_giat": null,
            "id_sub_giat": 58816,
            "kode_sub_giat": "3.31.04.2.01.0001",
            "nama_sub_giat": "Fasilitasi Pengumpulan, Pengolahan dan Analisis Data Industri, Data Kawasan Industri serta Data Lain Lingkup Kabupaten/Kota Melalui Sistem Informasi Industri Nasional (SIINas)",
            "pagu": 5000000.0,
            "pagu_indikatif": 5000000.0,
            "rincian": null,
            "kode_bl": "697.1021.4355.18093",
            "kode_sbl": "697.1021.4355.18093.58816",
            "kunci_bl": 1,
            "kunci_bl_rinci": 1,
            "user_created": "Ir. Siti Qoriah Rosydiana",
            "created_date": "22-01-2025",
            "created_time": "09:58",
            "user_updated": "Ir. Siti Qoriah Rosydiana",
            "updated_date": "02-07-2025",
            "updated_time": "21:54",
            "is_locked": 0
        },
        {
            "id_sub_bl": 59826,
            "id_daerah": 473,
            "tahun": 2026,
            "id_unit": 697,
            "id_skpd": 697,
            "created_user": 1562,
            "kode_skpd": "3.30.3.31.0.00.02.0000",
            "nama_skpd": "Dinas Perdagangan",
            "id_urusan": 13,
            "kode_urusan": "3",
            "nama_urusan": "URUSAN PEMERINTAHAN PILIHAN",
            "id_bidang_urusan": 231,
            "kode_bidang_urusan": "3.31",
            "nama_bidang_urusan": "URUSAN PEMERINTAHAN BIDANG PERINDUSTRIAN",
            "id_sub_skpd": 1021,
            "kode_sub_skpd": "3.30.3.31.0.00.02.0003",
            "nama_sub_skpd": "UPTD INDUSTRI KECIL DAN MENENGAH KELAS A",
            "set_pagu_user": 0,
            "set_pagu_at": null,
            "id_program": 4355,
            "kode_program": "3.31.04",
            "nama_program": "PROGRAM PENGELOLAAN SISTEM INFORMASI INDUSTRI NASIONAL",
            "id_giat": 18093,
            "kode_giat": "3.31.04.2.01",
            "nama_giat": "Penyediaan Informasi Industri untuk Informasi Industri untuk IUI, IPUI, IUKI dan IPKI Kewenangan Kabupaten/Kota",
            "pagu_giat": 55000000.0,
            "rinci_giat": null,
            "id_sub_giat": 58817,
            "kode_sub_giat": "3.31.04.2.01.0002",
            "nama_sub_giat": "Diseminasi, Publikasi Data Informasi dan Analisa Industri Kabupaten/Kota Melalui SIINas",
            "pagu": 30000000.0,
            "pagu_indikatif": 30000000.0,
            "rincian": null,
            "kode_bl": "697.1021.4355.18093",
            "kode_sbl": "697.1021.4355.18093.58817",
            "kunci_bl": 1,
            "kunci_bl_rinci": 1,
            "user_created": "Ir. Siti Qoriah Rosydiana",
            "created_date": "22-01-2025",
            "created_time": "09:59",
            "user_updated": "Ir. Siti Qoriah Rosydiana",
            "updated_date": "02-07-2025",
            "updated_time": "21:55",
            "is_locked": 0
        },
        {
            "id_sub_bl": 59828,
            "id_daerah": 473,
            "tahun": 2026,
            "id_unit": 697,
            "id_skpd": 697,
            "created_user": 1562,
            "kode_skpd": "3.30.3.31.0.00.02.0000",
            "nama_skpd": "Dinas Perdagangan",
            "id_urusan": 13,
            "kode_urusan": "3",
            "nama_urusan": "URUSAN PEMERINTAHAN PILIHAN",
            "id_bidang_urusan": 231,
            "kode_bidang_urusan": "3.31",
            "nama_bidang_urusan": "URUSAN PEMERINTAHAN BIDANG PERINDUSTRIAN",
            "id_sub_skpd": 1021,
            "kode_sub_skpd": "3.30.3.31.0.00.02.0003",
            "nama_sub_skpd": "UPTD INDUSTRI KECIL DAN MENENGAH KELAS A",
            "set_pagu_user": 0,
            "set_pagu_at": null,
            "id_program": 4355,
            "kode_program": "3.31.04",
            "nama_program": "PROGRAM PENGELOLAAN SISTEM INFORMASI INDUSTRI NASIONAL",
            "id_giat": 18093,
            "kode_giat": "3.31.04.2.01",
            "nama_giat": "Penyediaan Informasi Industri untuk Informasi Industri untuk IUI, IPUI, IUKI dan IPKI Kewenangan Kabupaten/Kota",
            "pagu_giat": 55000000.0,
            "rinci_giat": null,
            "id_sub_giat": 58818,
            "kode_sub_giat": "3.31.04.2.01.0003",
            "nama_sub_giat": "Pemantauan dan Evaluasi Kepatuhan Perusahaan Industri dan Perusahaan Kawasan Industri Lingkup Kabupaten/Kota dalam Penyampaian Data ke SIINas",
            "pagu": 20000000.0,
            "pagu_indikatif": 20000000.0,
            "rincian": null,
            "kode_bl": "697.1021.4355.18093",
            "kode_sbl": "697.1021.4355.18093.58818",
            "kunci_bl": 1,
            "kunci_bl_rinci": 1,
            "user_created": "Ir. Siti Qoriah Rosydiana",
            "created_date": "22-01-2025",
            "created_time": "10:00",
            "user_updated": "Ir. Siti Qoriah Rosydiana",
            "updated_date": "02-07-2025",
            "updated_time": "21:55",
            "is_locked": 0
        }
    ]