[
        {
            "id_sub_bl": 73410,
            "id_daerah": 473,
            "tahun": 2026,
            "id_unit": 646,
            "id_skpd": 646,
            "created_user": 1557,
            "kode_skpd": "5.02.0.00.0.00.02.0000",
            "nama_skpd": "Badan Pendapatan Daerah",
            "id_urusan": 15,
            "kode_urusan": "5",
            "nama_urusan": "UNSUR PENUNJANG URUSAN PEMERINTAHAN",
            "id_bidang_urusan": 236,
            "kode_bidang_urusan": "5.02",
            "nama_bidang_urusan": "KEUANGAN",
            "id_sub_skpd": 646,
            "kode_sub_skpd": "5.02.0.00.0.00.02.0000",
            "nama_sub_skpd": "Badan Pendapatan Daerah",
            "set_pagu_user": 1557,
            "set_pagu_at": "Fri, 20 Jun 2025 11:22:58 GMT",
            "id_program": 4397,
            "kode_program": "5.02.04",
            "nama_program": "PROGRAM PENGELOLAAN PENDAPATAN DAERAH",
            "id_giat": 18217,
            "kode_giat": "5.02.04.2.01",
            "nama_giat": "Kegiatan Pengelolaan Pendapatan Daerah",
            "pagu_giat": 661782000.0,
            "rinci_giat": null,
            "id_sub_giat": 59515,
            "kode_sub_giat": "5.02.04.2.01.0001",
            "nama_sub_giat": "Perencanaan Pengelolaan Pajak Daerah",
            "pagu": 0.0,
            "pagu_indikatif": 0.0,
            "rincian": null,
            "kode_bl": "646.646.4397.18217",
            "kode_sbl": "646.646.4397.18217.59515",
            "kunci_bl": 1,
            "kunci_bl_rinci": 1,
            "user_created": "Markisman, S.Pi",
            "created_date": "27-03-2025",
            "created_time": "15:07",
            "user_updated": null,
            "updated_date": null,
            "updated_time": null,
            "is_locked": 0
        },
        {
            "id_sub_bl": 62855,
            "id_daerah": 473,
            "tahun": 2026,
            "id_unit": 646,
            "id_skpd": 646,
            "created_user": 1557,
            "kode_skpd": "5.02.0.00.0.00.02.0000",
            "nama_skpd": "Badan Pendapatan Daerah",
            "id_urusan": 15,
            "kode_urusan": "5",
            "nama_urusan": "UNSUR PENUNJANG URUSAN PEMERINTAHAN",
            "id_bidang_urusan": 236,
            "kode_bidang_urusan": "5.02",
            "nama_bidang_urusan": "KEUANGAN",
            "id_sub_skpd": 646,
            "kode_sub_skpd": "5.02.0.00.0.00.02.0000",
            "nama_sub_skpd": "Badan Pendapatan Daerah",
            "set_pagu_user": 1557,
            "set_pagu_at": "Fri, 20 Jun 2025 11:22:58 GMT",
            "id_program": 4397,
            "kode_program": "5.02.04",
            "nama_program": "PROGRAM PENGELOLAAN PENDAPATAN DAERAH",
            "id_giat": 18217,
            "kode_giat": "5.02.04.2.01",
            "nama_giat": "Kegiatan Pengelolaan Pendapatan Daerah",
            "pagu_giat": 661782000.0,
            "rinci_giat": null,
            "id_sub_giat": 59516,
            "kode_sub_giat": "5.02.04.2.01.0002",
            "nama_sub_giat": "Analisa dan Pengembangan Pajak Daerah, serta Penyusunan Kebijakan Pajak Daerah",
            "pagu": 57740000.0,
            "pagu_indikatif": 57740000.0,
            "rincian": null,
            "kode_bl": "646.646.4397.18217",
            "kode_sbl": "646.646.4397.18217.59516",
            "kunci_bl": 1,
            "kunci_bl_rinci": 1,
            "user_created": "Markisman, S.Pi",
            "created_date": "31-01-2025",
            "created_time": "17:30",
            "user_updated": "Markisman, S.Pi",
            "updated_date": "27-03-2025",
            "updated_time": "15:08",
            "is_locked": 0
        },
        {
            "id_sub_bl": 61393,
            "id_daerah": 473,
            "tahun": 2026,
            "id_unit": 646,
            "id_skpd": 646,
            "created_user": 1557,
            "kode_skpd": "5.02.0.00.0.00.02.0000",
            "nama_skpd": "Badan Pendapatan Daerah",
            "id_urusan": 15,
            "kode_urusan": "5",
            "nama_urusan": "UNSUR PENUNJANG URUSAN PEMERINTAHAN",
            "id_bidang_urusan": 236,
            "kode_bidang_urusan": "5.02",
            "nama_bidang_urusan": "KEUANGAN",
            "id_sub_skpd": 646,
            "kode_sub_skpd": "5.02.0.00.0.00.02.0000",
            "nama_sub_skpd": "Badan Pendapatan Daerah",
            "set_pagu_user": 1557,
            "set_pagu_at": "Fri, 20 Jun 2025 11:22:58 GMT",
            "id_program": 4397,
            "kode_program": "5.02.04",
            "nama_program": "PROGRAM PENGELOLAAN PENDAPATAN DAERAH",
            "id_giat": 18217,
            "kode_giat": "5.02.04.2.01",
            "nama_giat": "Kegiatan Pengelolaan Pendapatan Daerah",
            "pagu_giat": 661782000.0,
            "rinci_giat": null,
            "id_sub_giat": 59517,
            "kode_sub_giat": "5.02.04.2.01.0003",
            "nama_sub_giat": "Penyuluhan dan Penyebarluasan Kebijakan Pajak Daerah",
            "pagu": 60000000.0,
            "pagu_indikatif": 60000000.0,
            "rincian": null,
            "kode_bl": "646.646.4397.18217",
            "kode_sbl": "646.646.4397.18217.59517",
            "kunci_bl": 1,
            "kunci_bl_rinci": 1,
            "user_created": "Markisman, S.Pi",
            "created_date": "30-01-2025",
            "created_time": "10:35",
            "user_updated": "Markisman, S.Pi",
            "updated_date": "27-03-2025",
            "updated_time": "15:08",
            "is_locked": 0
        },
        {
            "id_sub_bl": 61398,
            "id_daerah": 473,
            "tahun": 2026,
            "id_unit": 646,
            "id_skpd": 646,
            "created_user": 1557,
            "kode_skpd": "5.02.0.00.0.00.02.0000",
            "nama_skpd": "Badan Pendapatan Daerah",
            "id_urusan": 15,
            "kode_urusan": "5",
            "nama_urusan": "UNSUR PENUNJANG URUSAN PEMERINTAHAN",
            "id_bidang_urusan": 236,
            "kode_bidang_urusan": "5.02",
            "nama_bidang_urusan": "KEUANGAN",
            "id_sub_skpd": 646,
            "kode_sub_skpd": "5.02.0.00.0.00.02.0000",
            "nama_sub_skpd": "Badan Pendapatan Daerah",
            "set_pagu_user": 1557,
            "set_pagu_at": "Fri, 20 Jun 2025 11:22:58 GMT",
            "id_program": 4397,
            "kode_program": "5.02.04",
            "nama_program": "PROGRAM PENGELOLAAN PENDAPATAN DAERAH",
            "id_giat": 18217,
            "kode_giat": "5.02.04.2.01",
            "nama_giat": "Kegiatan Pengelolaan Pendapatan Daerah",
            "pagu_giat": 661782000.0,
            "rinci_giat": null,
            "id_sub_giat": 59518,
            "kode_sub_giat": "5.02.04.2.01.0004",
            "nama_sub_giat": "Penyediaan Sarana dan Prasarana Pengelolaan Pajak Daerah",
            "pagu": 9507000.0,
            "pagu_indikatif": 9507000.0,
            "rincian": null,
            "kode_bl": "646.646.4397.18217",
            "kode_sbl": "646.646.4397.18217.59518",
            "kunci_bl": 1,
            "kunci_bl_rinci": 1,
            "user_created": "Markisman, S.Pi",
            "created_date": "30-01-2025",
            "created_time": "10:36",
            "user_updated": "Markisman, S.Pi",
            "updated_date": "27-03-2025",
            "updated_time": "11:48",
            "is_locked": 0
        },
        {
            "id_sub_bl": 61399,
            "id_daerah": 473,
            "tahun": 2026,
            "id_unit": 646,
            "id_skpd": 646,
            "created_user": 1557,
            "kode_skpd": "5.02.0.00.0.00.02.0000",
            "nama_skpd": "Badan Pendapatan Daerah",
            "id_urusan": 15,
            "kode_urusan": "5",
            "nama_urusan": "UNSUR PENUNJANG URUSAN PEMERINTAHAN",
            "id_bidang_urusan": 236,
            "kode_bidang_urusan": "5.02",
            "nama_bidang_urusan": "KEUANGAN",
            "id_sub_skpd": 646,
            "kode_sub_skpd": "5.02.0.00.0.00.02.0000",
            "nama_sub_skpd": "Badan Pendapatan Daerah",
            "set_pagu_user": 1557,
            "set_pagu_at": "Fri, 20 Jun 2025 11:22:58 GMT",
            "id_program": 4397,
            "kode_program": "5.02.04",
            "nama_program": "PROGRAM PENGELOLAAN PENDAPATAN DAERAH",
            "id_giat": 18217,
            "kode_giat": "5.02.04.2.01",
            "nama_giat": "Kegiatan Pengelolaan Pendapatan Daerah",
            "pagu_giat": 661782000.0,
            "rinci_giat": null,
            "id_sub_giat": 59519,
            "kode_sub_giat": "5.02.04.2.01.0005",
            "nama_sub_giat": "Pendataan dan Pendaftaran Objek Pajak Daerah",
            "pagu": 83380000.0,
            "pagu_indikatif": 83380000.0,
            "rincian": null,
            "kode_bl": "646.646.4397.18217",
            "kode_sbl": "646.646.4397.18217.59519",
            "kunci_bl": 1,
            "kunci_bl_rinci": 1,
            "user_created": "Markisman, S.Pi",
            "created_date": "30-01-2025",
            "created_time": "10:37",
            "user_updated": "Markisman, S.Pi",
            "updated_date": "27-03-2025",
            "updated_time": "11:35",
            "is_locked": 0
        },
        {
            "id_sub_bl": 73411,
            "id_daerah": 473,
            "tahun": 2026,
            "id_unit": 646,
            "id_skpd": 646,
            "created_user": 1557,
            "kode_skpd": "5.02.0.00.0.00.02.0000",
            "nama_skpd": "Badan Pendapatan Daerah",
            "id_urusan": 15,
            "kode_urusan": "5",
            "nama_urusan": "UNSUR PENUNJANG URUSAN PEMERINTAHAN",
            "id_bidang_urusan": 236,
            "kode_bidang_urusan": "5.02",
            "nama_bidang_urusan": "KEUANGAN",
            "id_sub_skpd": 646,
            "kode_sub_skpd": "5.02.0.00.0.00.02.0000",
            "nama_sub_skpd": "Badan Pendapatan Daerah",
            "set_pagu_user": 1557,
            "set_pagu_at": "Fri, 20 Jun 2025 11:22:58 GMT",
            "id_program": 4397,
            "kode_program": "5.02.04",
            "nama_program": "PROGRAM PENGELOLAAN PENDAPATAN DAERAH",
            "id_giat": 18217,
            "kode_giat": "5.02.04.2.01",
            "nama_giat": "Kegiatan Pengelolaan Pendapatan Daerah",
            "pagu_giat": 661782000.0,
            "rinci_giat": null,
            "id_sub_giat": 59520,
            "kode_sub_giat": "5.02.04.2.01.0006",
            "nama_sub_giat": "Pengolahan, Pemeliharaan, dan Pelaporan Basis Data Pajak Daerah",
            "pagu": 0.0,
            "pagu_indikatif": 0.0,
            "rincian": null,
            "kode_bl": "646.646.4397.18217",
            "kode_sbl": "646.646.4397.18217.59520",
            "kunci_bl": 1,
            "kunci_bl_rinci": 1,
            "user_created": "Markisman, S.Pi",
            "created_date": "27-03-2025",
            "created_time": "15:11",
            "user_updated": null,
            "updated_date": null,
            "updated_time": null,
            "is_locked": 0
        },
        {
            "id_sub_bl": 61402,
            "id_daerah": 473,
            "tahun": 2026,
            "id_unit": 646,
            "id_skpd": 646,
            "created_user": 1557,
            "kode_skpd": "5.02.0.00.0.00.02.0000",
            "nama_skpd": "Badan Pendapatan Daerah",
            "id_urusan": 15,
            "kode_urusan": "5",
            "nama_urusan": "UNSUR PENUNJANG URUSAN PEMERINTAHAN",
            "id_bidang_urusan": 236,
            "kode_bidang_urusan": "5.02",
            "nama_bidang_urusan": "KEUANGAN",
            "id_sub_skpd": 646,
            "kode_sub_skpd": "5.02.0.00.0.00.02.0000",
            "nama_sub_skpd": "Badan Pendapatan Daerah",
            "set_pagu_user": 1557,
            "set_pagu_at": "Fri, 20 Jun 2025 11:22:58 GMT",
            "id_program": 4397,
            "kode_program": "5.02.04",
            "nama_program": "PROGRAM PENGELOLAAN PENDAPATAN DAERAH",
            "id_giat": 18217,
            "kode_giat": "5.02.04.2.01",
            "nama_giat": "Kegiatan Pengelolaan Pendapatan Daerah",
            "pagu_giat": 661782000.0,
            "rinci_giat": null,
            "id_sub_giat": 59521,
            "kode_sub_giat": "5.02.04.2.01.0007",
            "nama_sub_giat": "Penilaian Pajak Bumi dan Bangunan Perdesaan dan Perkotaan (PBBP2) serta Bea Perolehan Hak atas Tanah dan Bangunan (BPHTB)",
            "pagu": 20000000.0,
            "pagu_indikatif": 20000000.0,
            "rincian": null,
            "kode_bl": "646.646.4397.18217",
            "kode_sbl": "646.646.4397.18217.59521",
            "kunci_bl": 1,
            "kunci_bl_rinci": 1,
            "user_created": "Markisman, S.Pi",
            "created_date": "30-01-2025",
            "created_time": "10:38",
            "user_updated": "Markisman, S.Pi",
            "updated_date": "27-03-2025",
            "updated_time": "11:57",
            "is_locked": 0
        },
        {
            "id_sub_bl": 61404,
            "id_daerah": 473,
            "tahun": 2026,
            "id_unit": 646,
            "id_skpd": 646,
            "created_user": 1557,
            "kode_skpd": "5.02.0.00.0.00.02.0000",
            "nama_skpd": "Badan Pendapatan Daerah",
            "id_urusan": 15,
            "kode_urusan": "5",
            "nama_urusan": "UNSUR PENUNJANG URUSAN PEMERINTAHAN",
            "id_bidang_urusan": 236,
            "kode_bidang_urusan": "5.02",
            "nama_bidang_urusan": "KEUANGAN",
            "id_sub_skpd": 646,
            "kode_sub_skpd": "5.02.0.00.0.00.02.0000",
            "nama_sub_skpd": "Badan Pendapatan Daerah",
            "set_pagu_user": 1557,
            "set_pagu_at": "Fri, 20 Jun 2025 11:22:58 GMT",
            "id_program": 4397,
            "kode_program": "5.02.04",
            "nama_program": "PROGRAM PENGELOLAAN PENDAPATAN DAERAH",
            "id_giat": 18217,
            "kode_giat": "5.02.04.2.01",
            "nama_giat": "Kegiatan Pengelolaan Pendapatan Daerah",
            "pagu_giat": 661782000.0,
            "rinci_giat": null,
            "id_sub_giat": 59522,
            "kode_sub_giat": "5.02.04.2.01.0008",
            "nama_sub_giat": "Penetapan Wajib Pajak Daerah",
            "pagu": 62415000.0,
            "pagu_indikatif": 62415000.0,
            "rincian": null,
            "kode_bl": "646.646.4397.18217",
            "kode_sbl": "646.646.4397.18217.59522",
            "kunci_bl": 1,
            "kunci_bl_rinci": 1,
            "user_created": "Markisman, S.Pi",
            "created_date": "30-01-2025",
            "created_time": "10:39",
            "user_updated": "Markisman, S.Pi",
            "updated_date": "27-03-2025",
            "updated_time": "12:02",
            "is_locked": 0
        },
        {
            "id_sub_bl": 73412,
            "id_daerah": 473,
            "tahun": 2026,
            "id_unit": 646,
            "id_skpd": 646,
            "created_user": 1557,
            "kode_skpd": "5.02.0.00.0.00.02.0000",
            "nama_skpd": "Badan Pendapatan Daerah",
            "id_urusan": 15,
            "kode_urusan": "5",
            "nama_urusan": "UNSUR PENUNJANG URUSAN PEMERINTAHAN",
            "id_bidang_urusan": 236,
            "kode_bidang_urusan": "5.02",
            "nama_bidang_urusan": "KEUANGAN",
            "id_sub_skpd": 646,
            "kode_sub_skpd": "5.02.0.00.0.00.02.0000",
            "nama_sub_skpd": "Badan Pendapatan Daerah",
            "set_pagu_user": 1557,
            "set_pagu_at": "Fri, 20 Jun 2025 11:22:58 GMT",
            "id_program": 4397,
            "kode_program": "5.02.04",
            "nama_program": "PROGRAM PENGELOLAAN PENDAPATAN DAERAH",
            "id_giat": 18217,
            "kode_giat": "5.02.04.2.01",
            "nama_giat": "Kegiatan Pengelolaan Pendapatan Daerah",
            "pagu_giat": 661782000.0,
            "rinci_giat": null,
            "id_sub_giat": 59523,
            "kode_sub_giat": "5.02.04.2.01.0009",
            "nama_sub_giat": "Pelayanan dan Konsultasi Pajak Daerah",
            "pagu": 0.0,
            "pagu_indikatif": 0.0,
            "rincian": null,
            "kode_bl": "646.646.4397.18217",
            "kode_sbl": "646.646.4397.18217.59523",
            "kunci_bl": 1,
            "kunci_bl_rinci": 1,
            "user_created": "Markisman, S.Pi",
            "created_date": "27-03-2025",
            "created_time": "15:12",
            "user_updated": null,
            "updated_date": null,
            "updated_time": null,
            "is_locked": 0
        },
        {
            "id_sub_bl": 73413,
            "id_daerah": 473,
            "tahun": 2026,
            "id_unit": 646,
            "id_skpd": 646,
            "created_user": 1557,
            "kode_skpd": "5.02.0.00.0.00.02.0000",
            "nama_skpd": "Badan Pendapatan Daerah",
            "id_urusan": 15,
            "kode_urusan": "5",
            "nama_urusan": "UNSUR PENUNJANG URUSAN PEMERINTAHAN",
            "id_bidang_urusan": 236,
            "kode_bidang_urusan": "5.02",
            "nama_bidang_urusan": "KEUANGAN",
            "id_sub_skpd": 646,
            "kode_sub_skpd": "5.02.0.00.0.00.02.0000",
            "nama_sub_skpd": "Badan Pendapatan Daerah",
            "set_pagu_user": 1557,
            "set_pagu_at": "Fri, 20 Jun 2025 11:22:58 GMT",
            "id_program": 4397,
            "kode_program": "5.02.04",
            "nama_program": "PROGRAM PENGELOLAAN PENDAPATAN DAERAH",
            "id_giat": 18217,
            "kode_giat": "5.02.04.2.01",
            "nama_giat": "Kegiatan Pengelolaan Pendapatan Daerah",
            "pagu_giat": 661782000.0,
            "rinci_giat": null,
            "id_sub_giat": 59524,
            "kode_sub_giat": "5.02.04.2.01.0010",
            "nama_sub_giat": "Penelitian dan Verifikasi Data Pelaporan Pajak Daerah",
            "pagu": 0.0,
            "pagu_indikatif": 0.0,
            "rincian": null,
            "kode_bl": "646.646.4397.18217",
            "kode_sbl": "646.646.4397.18217.59524",
            "kunci_bl": 1,
            "kunci_bl_rinci": 1,
            "user_created": "Markisman, S.Pi",
            "created_date": "27-03-2025",
            "created_time": "15:14",
            "user_updated": null,
            "updated_date": null,
            "updated_time": null,
            "is_locked": 0
        },
        {
            "id_sub_bl": 61406,
            "id_daerah": 473,
            "tahun": 2026,
            "id_unit": 646,
            "id_skpd": 646,
            "created_user": 1557,
            "kode_skpd": "5.02.0.00.0.00.02.0000",
            "nama_skpd": "Badan Pendapatan Daerah",
            "id_urusan": 15,
            "kode_urusan": "5",
            "nama_urusan": "UNSUR PENUNJANG URUSAN PEMERINTAHAN",
            "id_bidang_urusan": 236,
            "kode_bidang_urusan": "5.02",
            "nama_bidang_urusan": "KEUANGAN",
            "id_sub_skpd": 646,
            "kode_sub_skpd": "5.02.0.00.0.00.02.0000",
            "nama_sub_skpd": "Badan Pendapatan Daerah",
            "set_pagu_user": 1557,
            "set_pagu_at": "Fri, 20 Jun 2025 11:22:58 GMT",
            "id_program": 4397,
            "kode_program": "5.02.04",
            "nama_program": "PROGRAM PENGELOLAAN PENDAPATAN DAERAH",
            "id_giat": 18217,
            "kode_giat": "5.02.04.2.01",
            "nama_giat": "Kegiatan Pengelolaan Pendapatan Daerah",
            "pagu_giat": 661782000.0,
            "rinci_giat": null,
            "id_sub_giat": 59525,
            "kode_sub_giat": "5.02.04.2.01.0011",
            "nama_sub_giat": "Penagihan Pajak Daerah",
            "pagu": 285000000.0,
            "pagu_indikatif": 285000000.0,
            "rincian": null,
            "kode_bl": "646.646.4397.18217",
            "kode_sbl": "646.646.4397.18217.59525",
            "kunci_bl": 1,
            "kunci_bl_rinci": 1,
            "user_created": "Markisman, S.Pi",
            "created_date": "30-01-2025",
            "created_time": "10:40",
            "user_updated": "Markisman, S.Pi",
            "updated_date": "27-03-2025",
            "updated_time": "12:07",
            "is_locked": 0
        },
        {
            "id_sub_bl": 73414,
            "id_daerah": 473,
            "tahun": 2026,
            "id_unit": 646,
            "id_skpd": 646,
            "created_user": 1557,
            "kode_skpd": "5.02.0.00.0.00.02.0000",
            "nama_skpd": "Badan Pendapatan Daerah",
            "id_urusan": 15,
            "kode_urusan": "5",
            "nama_urusan": "UNSUR PENUNJANG URUSAN PEMERINTAHAN",
            "id_bidang_urusan": 236,
            "kode_bidang_urusan": "5.02",
            "nama_bidang_urusan": "KEUANGAN",
            "id_sub_skpd": 646,
            "kode_sub_skpd": "5.02.0.00.0.00.02.0000",
            "nama_sub_skpd": "Badan Pendapatan Daerah",
            "set_pagu_user": 1557,
            "set_pagu_at": "Fri, 20 Jun 2025 11:22:58 GMT",
            "id_program": 4397,
            "kode_program": "5.02.04",
            "nama_program": "PROGRAM PENGELOLAAN PENDAPATAN DAERAH",
            "id_giat": 18217,
            "kode_giat": "5.02.04.2.01",
            "nama_giat": "Kegiatan Pengelolaan Pendapatan Daerah",
            "pagu_giat": 661782000.0,
            "rinci_giat": null,
            "id_sub_giat": 59526,
            "kode_sub_giat": "5.02.04.2.01.0012",
            "nama_sub_giat": "Penyelesaian Keberatan Pajak Daerah",
            "pagu": 0.0,
            "pagu_indikatif": 0.0,
            "rincian": null,
            "kode_bl": "646.646.4397.18217",
            "kode_sbl": "646.646.4397.18217.59526",
            "kunci_bl": 1,
            "kunci_bl_rinci": 1,
            "user_created": "Markisman, S.Pi",
            "created_date": "27-03-2025",
            "created_time": "15:15",
            "user_updated": null,
            "updated_date": null,
            "updated_time": null,
            "is_locked": 0
        },
        {
            "id_sub_bl": 73415,
            "id_daerah": 473,
            "tahun": 2026,
            "id_unit": 646,
            "id_skpd": 646,
            "created_user": 1557,
            "kode_skpd": "5.02.0.00.0.00.02.0000",
            "nama_skpd": "Badan Pendapatan Daerah",
            "id_urusan": 15,
            "kode_urusan": "5",
            "nama_urusan": "UNSUR PENUNJANG URUSAN PEMERINTAHAN",
            "id_bidang_urusan": 236,
            "kode_bidang_urusan": "5.02",
            "nama_bidang_urusan": "KEUANGAN",
            "id_sub_skpd": 646,
            "kode_sub_skpd": "5.02.0.00.0.00.02.0000",
            "nama_sub_skpd": "Badan Pendapatan Daerah",
            "set_pagu_user": 1557,
            "set_pagu_at": "Fri, 20 Jun 2025 11:22:58 GMT",
            "id_program": 4397,
            "kode_program": "5.02.04",
            "nama_program": "PROGRAM PENGELOLAAN PENDAPATAN DAERAH",
            "id_giat": 18217,
            "kode_giat": "5.02.04.2.01",
            "nama_giat": "Kegiatan Pengelolaan Pendapatan Daerah",
            "pagu_giat": 661782000.0,
            "rinci_giat": null,
            "id_sub_giat": 59527,
            "kode_sub_giat": "5.02.04.2.01.0013",
            "nama_sub_giat": "Pengendalian, Pemeriksaan dan Pengawasan Pajak Daerah",
            "pagu": 0.0,
            "pagu_indikatif": 0.0,
            "rincian": null,
            "kode_bl": "646.646.4397.18217",
            "kode_sbl": "646.646.4397.18217.59527",
            "kunci_bl": 1,
            "kunci_bl_rinci": 1,
            "user_created": "Markisman, S.Pi",
            "created_date": "27-03-2025",
            "created_time": "15:16",
            "user_updated": null,
            "updated_date": null,
            "updated_time": null,
            "is_locked": 0
        },
        {
            "id_sub_bl": 73416,
            "id_daerah": 473,
            "tahun": 2026,
            "id_unit": 646,
            "id_skpd": 646,
            "created_user": 1557,
            "kode_skpd": "5.02.0.00.0.00.02.0000",
            "nama_skpd": "Badan Pendapatan Daerah",
            "id_urusan": 15,
            "kode_urusan": "5",
            "nama_urusan": "UNSUR PENUNJANG URUSAN PEMERINTAHAN",
            "id_bidang_urusan": 236,
            "kode_bidang_urusan": "5.02",
            "nama_bidang_urusan": "KEUANGAN",
            "id_sub_skpd": 646,
            "kode_sub_skpd": "5.02.0.00.0.00.02.0000",
            "nama_sub_skpd": "Badan Pendapatan Daerah",
            "set_pagu_user": 1557,
            "set_pagu_at": "Fri, 20 Jun 2025 11:22:58 GMT",
            "id_program": 4397,
            "kode_program": "5.02.04",
            "nama_program": "PROGRAM PENGELOLAAN PENDAPATAN DAERAH",
            "id_giat": 18217,
            "kode_giat": "5.02.04.2.01",
            "nama_giat": "Kegiatan Pengelolaan Pendapatan Daerah",
            "pagu_giat": 661782000.0,
            "rinci_giat": null,
            "id_sub_giat": 59528,
            "kode_sub_giat": "5.02.04.2.01.0014",
            "nama_sub_giat": "Pembinaan dan Pengawasan Pengelolaan Pajak Daerah dan Retribusi Daerah",
            "pagu": 0.0,
            "pagu_indikatif": 0.0,
            "rincian": null,
            "kode_bl": "646.646.4397.18217",
            "kode_sbl": "646.646.4397.18217.59528",
            "kunci_bl": 1,
            "kunci_bl_rinci": 1,
            "user_created": "Markisman, S.Pi",
            "created_date": "27-03-2025",
            "created_time": "15:17",
            "user_updated": null,
            "updated_date": null,
            "updated_time": null,
            "is_locked": 0
        },
        {
            "id_sub_bl": 61407,
            "id_daerah": 473,
            "tahun": 2026,
            "id_unit": 646,
            "id_skpd": 646,
            "created_user": 1557,
            "kode_skpd": "5.02.0.00.0.00.02.0000",
            "nama_skpd": "Badan Pendapatan Daerah",
            "id_urusan": 15,
            "kode_urusan": "5",
            "nama_urusan": "UNSUR PENUNJANG URUSAN PEMERINTAHAN",
            "id_bidang_urusan": 236,
            "kode_bidang_urusan": "5.02",
            "nama_bidang_urusan": "KEUANGAN",
            "id_sub_skpd": 646,
            "kode_sub_skpd": "5.02.0.00.0.00.02.0000",
            "nama_sub_skpd": "Badan Pendapatan Daerah",
            "set_pagu_user": 1557,
            "set_pagu_at": "Fri, 20 Jun 2025 11:22:58 GMT",
            "id_program": 4397,
            "kode_program": "5.02.04",
            "nama_program": "PROGRAM PENGELOLAAN PENDAPATAN DAERAH",
            "id_giat": 18217,
            "kode_giat": "5.02.04.2.01",
            "nama_giat": "Kegiatan Pengelolaan Pendapatan Daerah",
            "pagu_giat": 661782000.0,
            "rinci_giat": null,
            "id_sub_giat": 59529,
            "kode_sub_giat": "5.02.04.2.01.0015",
            "nama_sub_giat": "Elektronifikasi Transaksi Pemerintah Daerah",
            "pagu": 26000000.0,
            "pagu_indikatif": 26000000.0,
            "rincian": null,
            "kode_bl": "646.646.4397.18217",
            "kode_sbl": "646.646.4397.18217.59529",
            "kunci_bl": 1,
            "kunci_bl_rinci": 1,
            "user_created": "Markisman, S.Pi",
            "created_date": "30-01-2025",
            "created_time": "10:41",
            "user_updated": "Markisman, S.Pi",
            "updated_date": "27-03-2025",
            "updated_time": "12:14",
            "is_locked": 0
        },
        {
            "id_sub_bl": 61259,
            "id_daerah": 473,
            "tahun": 2026,
            "id_unit": 646,
            "id_skpd": 646,
            "created_user": 1557,
            "kode_skpd": "5.02.0.00.0.00.02.0000",
            "nama_skpd": "Badan Pendapatan Daerah",
            "id_urusan": 15,
            "kode_urusan": "5",
            "nama_urusan": "UNSUR PENUNJANG URUSAN PEMERINTAHAN",
            "id_bidang_urusan": 236,
            "kode_bidang_urusan": "5.02",
            "nama_bidang_urusan": "KEUANGAN",
            "id_sub_skpd": 646,
            "kode_sub_skpd": "5.02.0.00.0.00.02.0000",
            "nama_sub_skpd": "Badan Pendapatan Daerah",
            "set_pagu_user": 1557,
            "set_pagu_at": "Fri, 20 Jun 2025 11:22:58 GMT",
            "id_program": 4451,
            "kode_program": "5.02.01",
            "nama_program": "PROGRAM PENUNJANG URUSAN PEMERINTAHAN DAERAH KABUPATEN/KOTA",
            "id_giat": 18371,
            "kode_giat": "5.02.01.2.01",
            "nama_giat": "Perencanaan, Penganggaran, dan Evaluasi Kinerja Perangkat Daerah",
            "pagu_giat": 142000000.0,
            "rinci_giat": null,
            "id_sub_giat": 60589,
            "kode_sub_giat": "5.02.01.2.01.0001",
            "nama_sub_giat": "Penyusunan Dokumen Perencanaan Perangkat Daerah",
            "pagu": 36000000.0,
            "pagu_indikatif": 36000000.0,
            "rincian": null,
            "kode_bl": "646.646.4451.18371",
            "kode_sbl": "646.646.4451.18371.60589",
            "kunci_bl": 1,
            "kunci_bl_rinci": 1,
            "user_created": "Markisman, S.Pi",
            "created_date": "30-01-2025",
            "created_time": "09:46",
            "user_updated": "Markisman, S.Pi",
            "updated_date": "27-03-2025",
            "updated_time": "12:42",
            "is_locked": 0
        },
        {
            "id_sub_bl": 61270,
            "id_daerah": 473,
            "tahun": 2026,
            "id_unit": 646,
            "id_skpd": 646,
            "created_user": 1557,
            "kode_skpd": "5.02.0.00.0.00.02.0000",
            "nama_skpd": "Badan Pendapatan Daerah",
            "id_urusan": 15,
            "kode_urusan": "5",
            "nama_urusan": "UNSUR PENUNJANG URUSAN PEMERINTAHAN",
            "id_bidang_urusan": 236,
            "kode_bidang_urusan": "5.02",
            "nama_bidang_urusan": "KEUANGAN",
            "id_sub_skpd": 646,
            "kode_sub_skpd": "5.02.0.00.0.00.02.0000",
            "nama_sub_skpd": "Badan Pendapatan Daerah",
            "set_pagu_user": 1557,
            "set_pagu_at": "Fri, 20 Jun 2025 11:22:58 GMT",
            "id_program": 4451,
            "kode_program": "5.02.01",
            "nama_program": "PROGRAM PENUNJANG URUSAN PEMERINTAHAN DAERAH KABUPATEN/KOTA",
            "id_giat": 18371,
            "kode_giat": "5.02.01.2.01",
            "nama_giat": "Perencanaan, Penganggaran, dan Evaluasi Kinerja Perangkat Daerah",
            "pagu_giat": 142000000.0,
            "rinci_giat": null,
            "id_sub_giat": 60590,
            "kode_sub_giat": "5.02.01.2.01.0002",
            "nama_sub_giat": "Koordinasi dan Penyusunan Dokumen RKA-SKPD",
            "pagu": 10000000.0,
            "pagu_indikatif": 10000000.0,
            "rincian": null,
            "kode_bl": "646.646.4451.18371",
            "kode_sbl": "646.646.4451.18371.60590",
            "kunci_bl": 1,
            "kunci_bl_rinci": 1,
            "user_created": "Markisman, S.Pi",
            "created_date": "30-01-2025",
            "created_time": "09:50",
            "user_updated": "Markisman, S.Pi",
            "updated_date": "27-03-2025",
            "updated_time": "12:45",
            "is_locked": 0
        },
        {
            "id_sub_bl": 61282,
            "id_daerah": 473,
            "tahun": 2026,
            "id_unit": 646,
            "id_skpd": 646,
            "created_user": 1557,
            "kode_skpd": "5.02.0.00.0.00.02.0000",
            "nama_skpd": "Badan Pendapatan Daerah",
            "id_urusan": 15,
            "kode_urusan": "5",
            "nama_urusan": "UNSUR PENUNJANG URUSAN PEMERINTAHAN",
            "id_bidang_urusan": 236,
            "kode_bidang_urusan": "5.02",
            "nama_bidang_urusan": "KEUANGAN",
            "id_sub_skpd": 646,
            "kode_sub_skpd": "5.02.0.00.0.00.02.0000",
            "nama_sub_skpd": "Badan Pendapatan Daerah",
            "set_pagu_user": 1557,
            "set_pagu_at": "Fri, 20 Jun 2025 11:22:58 GMT",
            "id_program": 4451,
            "kode_program": "5.02.01",
            "nama_program": "PROGRAM PENUNJANG URUSAN PEMERINTAHAN DAERAH KABUPATEN/KOTA",
            "id_giat": 18371,
            "kode_giat": "5.02.01.2.01",
            "nama_giat": "Perencanaan, Penganggaran, dan Evaluasi Kinerja Perangkat Daerah",
            "pagu_giat": 142000000.0,
            "rinci_giat": null,
            "id_sub_giat": 60591,
            "kode_sub_giat": "5.02.01.2.01.0003",
            "nama_sub_giat": "Koordinasi dan Penyusunan Dokumen Perubahan RKA-SKPD",
            "pagu": 10000000.0,
            "pagu_indikatif": 10000000.0,
            "rincian": null,
            "kode_bl": "646.646.4451.18371",
            "kode_sbl": "646.646.4451.18371.60591",
            "kunci_bl": 1,
            "kunci_bl_rinci": 1,
            "user_created": "Markisman, S.Pi",
            "created_date": "30-01-2025",
            "created_time": "09:57",
            "user_updated": "Markisman, S.Pi",
            "updated_date": "27-03-2025",
            "updated_time": "12:55",
            "is_locked": 0
        },
        {
            "id_sub_bl": 61287,
            "id_daerah": 473,
            "tahun": 2026,
            "id_unit": 646,
            "id_skpd": 646,
            "created_user": 1557,
            "kode_skpd": "5.02.0.00.0.00.02.0000",
            "nama_skpd": "Badan Pendapatan Daerah",
            "id_urusan": 15,
            "kode_urusan": "5",
            "nama_urusan": "UNSUR PENUNJANG URUSAN PEMERINTAHAN",
            "id_bidang_urusan": 236,
            "kode_bidang_urusan": "5.02",
            "nama_bidang_urusan": "KEUANGAN",
            "id_sub_skpd": 646,
            "kode_sub_skpd": "5.02.0.00.0.00.02.0000",
            "nama_sub_skpd": "Badan Pendapatan Daerah",
            "set_pagu_user": 1557,
            "set_pagu_at": "Fri, 20 Jun 2025 11:22:58 GMT",
            "id_program": 4451,
            "kode_program": "5.02.01",
            "nama_program": "PROGRAM PENUNJANG URUSAN PEMERINTAHAN DAERAH KABUPATEN/KOTA",
            "id_giat": 18371,
            "kode_giat": "5.02.01.2.01",
            "nama_giat": "Perencanaan, Penganggaran, dan Evaluasi Kinerja Perangkat Daerah",
            "pagu_giat": 142000000.0,
            "rinci_giat": null,
            "id_sub_giat": 60592,
            "kode_sub_giat": "5.02.01.2.01.0004",
            "nama_sub_giat": "Koordinasi dan Penyusunan DPA-SKPD",
            "pagu": 10000000.0,
            "pagu_indikatif": 10000000.0,
            "rincian": null,
            "kode_bl": "646.646.4451.18371",
            "kode_sbl": "646.646.4451.18371.60592",
            "kunci_bl": 1,
            "kunci_bl_rinci": 1,
            "user_created": "Markisman, S.Pi",
            "created_date": "30-01-2025",
            "created_time": "09:59",
            "user_updated": "Markisman, S.Pi",
            "updated_date": "27-03-2025",
            "updated_time": "12:57",
            "is_locked": 0
        },
        {
            "id_sub_bl": 61296,
            "id_daerah": 473,
            "tahun": 2026,
            "id_unit": 646,
            "id_skpd": 646,
            "created_user": 1557,
            "kode_skpd": "5.02.0.00.0.00.02.0000",
            "nama_skpd": "Badan Pendapatan Daerah",
            "id_urusan": 15,
            "kode_urusan": "5",
            "nama_urusan": "UNSUR PENUNJANG URUSAN PEMERINTAHAN",
            "id_bidang_urusan": 236,
            "kode_bidang_urusan": "5.02",
            "nama_bidang_urusan": "KEUANGAN",
            "id_sub_skpd": 646,
            "kode_sub_skpd": "5.02.0.00.0.00.02.0000",
            "nama_sub_skpd": "Badan Pendapatan Daerah",
            "set_pagu_user": 1557,
            "set_pagu_at": "Fri, 20 Jun 2025 11:22:58 GMT",
            "id_program": 4451,
            "kode_program": "5.02.01",
            "nama_program": "PROGRAM PENUNJANG URUSAN PEMERINTAHAN DAERAH KABUPATEN/KOTA",
            "id_giat": 18371,
            "kode_giat": "5.02.01.2.01",
            "nama_giat": "Perencanaan, Penganggaran, dan Evaluasi Kinerja Perangkat Daerah",
            "pagu_giat": 142000000.0,
            "rinci_giat": null,
            "id_sub_giat": 60593,
            "kode_sub_giat": "5.02.01.2.01.0005",
            "nama_sub_giat": "Koordinasi dan Penyusunan Perubahan DPA- SKPD",
            "pagu": 10000000.0,
            "pagu_indikatif": 10000000.0,
            "rincian": null,
            "kode_bl": "646.646.4451.18371",
            "kode_sbl": "646.646.4451.18371.60593",
            "kunci_bl": 1,
            "kunci_bl_rinci": 1,
            "user_created": "Markisman, S.Pi",
            "created_date": "30-01-2025",
            "created_time": "10:02",
            "user_updated": "Markisman, S.Pi",
            "updated_date": "27-03-2025",
            "updated_time": "12:59",
            "is_locked": 0
        },
        {
            "id_sub_bl": 61300,
            "id_daerah": 473,
            "tahun": 2026,
            "id_unit": 646,
            "id_skpd": 646,
            "created_user": 1557,
            "kode_skpd": "5.02.0.00.0.00.02.0000",
            "nama_skpd": "Badan Pendapatan Daerah",
            "id_urusan": 15,
            "kode_urusan": "5",
            "nama_urusan": "UNSUR PENUNJANG URUSAN PEMERINTAHAN",
            "id_bidang_urusan": 236,
            "kode_bidang_urusan": "5.02",
            "nama_bidang_urusan": "KEUANGAN",
            "id_sub_skpd": 646,
            "kode_sub_skpd": "5.02.0.00.0.00.02.0000",
            "nama_sub_skpd": "Badan Pendapatan Daerah",
            "set_pagu_user": 1557,
            "set_pagu_at": "Fri, 20 Jun 2025 11:22:58 GMT",
            "id_program": 4451,
            "kode_program": "5.02.01",
            "nama_program": "PROGRAM PENUNJANG URUSAN PEMERINTAHAN DAERAH KABUPATEN/KOTA",
            "id_giat": 18371,
            "kode_giat": "5.02.01.2.01",
            "nama_giat": "Perencanaan, Penganggaran, dan Evaluasi Kinerja Perangkat Daerah",
            "pagu_giat": 142000000.0,
            "rinci_giat": null,
            "id_sub_giat": 60594,
            "kode_sub_giat": "5.02.01.2.01.0006",
            "nama_sub_giat": "Koordinasi dan Penyusunan Laporan Capaian Kinerja dan Ikhtisar Realisasi Kinerja SKPD",
            "pagu": 20000000.0,
            "pagu_indikatif": 20000000.0,
            "rincian": null,
            "kode_bl": "646.646.4451.18371",
            "kode_sbl": "646.646.4451.18371.60594",
            "kunci_bl": 1,
            "kunci_bl_rinci": 1,
            "user_created": "Markisman, S.Pi",
            "created_date": "30-01-2025",
            "created_time": "10:04",
            "user_updated": "Markisman, S.Pi",
            "updated_date": "27-03-2025",
            "updated_time": "13:00",
            "is_locked": 0
        },
        {
            "id_sub_bl": 61307,
            "id_daerah": 473,
            "tahun": 2026,
            "id_unit": 646,
            "id_skpd": 646,
            "created_user": 1557,
            "kode_skpd": "5.02.0.00.0.00.02.0000",
            "nama_skpd": "Badan Pendapatan Daerah",
            "id_urusan": 15,
            "kode_urusan": "5",
            "nama_urusan": "UNSUR PENUNJANG URUSAN PEMERINTAHAN",
            "id_bidang_urusan": 236,
            "kode_bidang_urusan": "5.02",
            "nama_bidang_urusan": "KEUANGAN",
            "id_sub_skpd": 646,
            "kode_sub_skpd": "5.02.0.00.0.00.02.0000",
            "nama_sub_skpd": "Badan Pendapatan Daerah",
            "set_pagu_user": 1557,
            "set_pagu_at": "Fri, 20 Jun 2025 11:22:58 GMT",
            "id_program": 4451,
            "kode_program": "5.02.01",
            "nama_program": "PROGRAM PENUNJANG URUSAN PEMERINTAHAN DAERAH KABUPATEN/KOTA",
            "id_giat": 18372,
            "kode_giat": "5.02.01.2.02",
            "nama_giat": "Administrasi Keuangan Perangkat Daerah",
            "pagu_giat": 5476207599.0,
            "rinci_giat": null,
            "id_sub_giat": 60602,
            "kode_sub_giat": "5.02.01.2.02.0001",
            "nama_sub_giat": "Penyediaan Gaji dan Tunjangan ASN",
            "pagu": 5374407599.0,
            "pagu_indikatif": 5374407599.0,
            "rincian": null,
            "kode_bl": "646.646.4451.18372",
            "kode_sbl": "646.646.4451.18372.60602",
            "kunci_bl": 1,
            "kunci_bl_rinci": 1,
            "user_created": "Markisman, S.Pi",
            "created_date": "30-01-2025",
            "created_time": "10:06",
            "user_updated": "Markisman, S.Pi",
            "updated_date": "20-06-2025",
            "updated_time": "11:18",
            "is_locked": 0
        },
        {
            "id_sub_bl": 61315,
            "id_daerah": 473,
            "tahun": 2026,
            "id_unit": 646,
            "id_skpd": 646,
            "created_user": 1557,
            "kode_skpd": "5.02.0.00.0.00.02.0000",
            "nama_skpd": "Badan Pendapatan Daerah",
            "id_urusan": 15,
            "kode_urusan": "5",
            "nama_urusan": "UNSUR PENUNJANG URUSAN PEMERINTAHAN",
            "id_bidang_urusan": 236,
            "kode_bidang_urusan": "5.02",
            "nama_bidang_urusan": "KEUANGAN",
            "id_sub_skpd": 646,
            "kode_sub_skpd": "5.02.0.00.0.00.02.0000",
            "nama_sub_skpd": "Badan Pendapatan Daerah",
            "set_pagu_user": 1557,
            "set_pagu_at": "Fri, 20 Jun 2025 11:22:58 GMT",
            "id_program": 4451,
            "kode_program": "5.02.01",
            "nama_program": "PROGRAM PENUNJANG URUSAN PEMERINTAHAN DAERAH KABUPATEN/KOTA",
            "id_giat": 18372,
            "kode_giat": "5.02.01.2.02",
            "nama_giat": "Administrasi Keuangan Perangkat Daerah",
            "pagu_giat": 5476207599.0,
            "rinci_giat": null,
            "id_sub_giat": 60604,
            "kode_sub_giat": "5.02.01.2.02.0003",
            "nama_sub_giat": "Pelaksanaan Penatausahaan dan\r\n\nPengujian/Verifikasi Keuangan SKPD",
            "pagu": 86800000.0,
            "pagu_indikatif": 86800000.0,
            "rincian": null,
            "kode_bl": "646.646.4451.18372",
            "kode_sbl": "646.646.4451.18372.60604",
            "kunci_bl": 1,
            "kunci_bl_rinci": 1,
            "user_created": "Markisman, S.Pi",
            "created_date": "30-01-2025",
            "created_time": "10:08",
            "user_updated": "Markisman, S.Pi",
            "updated_date": "27-03-2025",
            "updated_time": "13:03",
            "is_locked": 0
        },
        {
            "id_sub_bl": 61322,
            "id_daerah": 473,
            "tahun": 2026,
            "id_unit": 646,
            "id_skpd": 646,
            "created_user": 1557,
            "kode_skpd": "5.02.0.00.0.00.02.0000",
            "nama_skpd": "Badan Pendapatan Daerah",
            "id_urusan": 15,
            "kode_urusan": "5",
            "nama_urusan": "UNSUR PENUNJANG URUSAN PEMERINTAHAN",
            "id_bidang_urusan": 236,
            "kode_bidang_urusan": "5.02",
            "nama_bidang_urusan": "KEUANGAN",
            "id_sub_skpd": 646,
            "kode_sub_skpd": "5.02.0.00.0.00.02.0000",
            "nama_sub_skpd": "Badan Pendapatan Daerah",
            "set_pagu_user": 1557,
            "set_pagu_at": "Fri, 20 Jun 2025 11:22:58 GMT",
            "id_program": 4451,
            "kode_program": "5.02.01",
            "nama_program": "PROGRAM PENUNJANG URUSAN PEMERINTAHAN DAERAH KABUPATEN/KOTA",
            "id_giat": 18372,
            "kode_giat": "5.02.01.2.02",
            "nama_giat": "Administrasi Keuangan Perangkat Daerah",
            "pagu_giat": 5476207599.0,
            "rinci_giat": null,
            "id_sub_giat": 60606,
            "kode_sub_giat": "5.02.01.2.02.0005",
            "nama_sub_giat": "Koordinasi dan Penyusunan Laporan Keuangan Akhir Tahun SKPD",
            "pagu": 15000000.0,
            "pagu_indikatif": 15000000.0,
            "rincian": null,
            "kode_bl": "646.646.4451.18372",
            "kode_sbl": "646.646.4451.18372.60606",
            "kunci_bl": 1,
            "kunci_bl_rinci": 1,
            "user_created": "Markisman, S.Pi",
            "created_date": "30-01-2025",
            "created_time": "10:10",
            "user_updated": "Markisman, S.Pi",
            "updated_date": "27-03-2025",
            "updated_time": "13:04",
            "is_locked": 0
        },
        {
            "id_sub_bl": 61328,
            "id_daerah": 473,
            "tahun": 2026,
            "id_unit": 646,
            "id_skpd": 646,
            "created_user": 1557,
            "kode_skpd": "5.02.0.00.0.00.02.0000",
            "nama_skpd": "Badan Pendapatan Daerah",
            "id_urusan": 15,
            "kode_urusan": "5",
            "nama_urusan": "UNSUR PENUNJANG URUSAN PEMERINTAHAN",
            "id_bidang_urusan": 236,
            "kode_bidang_urusan": "5.02",
            "nama_bidang_urusan": "KEUANGAN",
            "id_sub_skpd": 646,
            "kode_sub_skpd": "5.02.0.00.0.00.02.0000",
            "nama_sub_skpd": "Badan Pendapatan Daerah",
            "set_pagu_user": 1557,
            "set_pagu_at": "Fri, 20 Jun 2025 11:22:58 GMT",
            "id_program": 4451,
            "kode_program": "5.02.01",
            "nama_program": "PROGRAM PENUNJANG URUSAN PEMERINTAHAN DAERAH KABUPATEN/KOTA",
            "id_giat": 18373,
            "kode_giat": "5.02.01.2.03",
            "nama_giat": "Administrasi Barang Milik Daerah pada Perangkat Daerah",
            "pagu_giat": 37000000.0,
            "rinci_giat": null,
            "id_sub_giat": 60615,
            "kode_sub_giat": "5.02.01.2.03.0006",
            "nama_sub_giat": "Penatausahaan Barang Milik Daerah pada SKPD",
            "pagu": 37000000.0,
            "pagu_indikatif": 37000000.0,
            "rincian": null,
            "kode_bl": "646.646.4451.18373",
            "kode_sbl": "646.646.4451.18373.60615",
            "kunci_bl": 1,
            "kunci_bl_rinci": 1,
            "user_created": "Markisman, S.Pi",
            "created_date": "30-01-2025",
            "created_time": "10:11",
            "user_updated": "Markisman, S.Pi",
            "updated_date": "27-03-2025",
            "updated_time": "13:04",
            "is_locked": 0
        },
        {
            "id_sub_bl": 73417,
            "id_daerah": 473,
            "tahun": 2026,
            "id_unit": 646,
            "id_skpd": 646,
            "created_user": 1557,
            "kode_skpd": "5.02.0.00.0.00.02.0000",
            "nama_skpd": "Badan Pendapatan Daerah",
            "id_urusan": 15,
            "kode_urusan": "5",
            "nama_urusan": "UNSUR PENUNJANG URUSAN PEMERINTAHAN",
            "id_bidang_urusan": 236,
            "kode_bidang_urusan": "5.02",
            "nama_bidang_urusan": "KEUANGAN",
            "id_sub_skpd": 646,
            "kode_sub_skpd": "5.02.0.00.0.00.02.0000",
            "nama_sub_skpd": "Badan Pendapatan Daerah",
            "set_pagu_user": 1557,
            "set_pagu_at": "Fri, 20 Jun 2025 11:22:58 GMT",
            "id_program": 4451,
            "kode_program": "5.02.01",
            "nama_program": "PROGRAM PENUNJANG URUSAN PEMERINTAHAN DAERAH KABUPATEN/KOTA",
            "id_giat": 18375,
            "kode_giat": "5.02.01.2.05",
            "nama_giat": "Administrasi Kepegawaian Perangkat Daerah",
            "pagu_giat": 30000000.0,
            "rinci_giat": null,
            "id_sub_giat": 60625,
            "kode_sub_giat": "5.02.01.2.05.0002",
            "nama_sub_giat": "Pengadaan Pakaian Dinas beserta Atribut Kelengkapannya",
            "pagu": 5000000.0,
            "pagu_indikatif": 5000000.0,
            "rincian": null,
            "kode_bl": "646.646.4451.18375",
            "kode_sbl": "646.646.4451.18375.60625",
            "kunci_bl": 1,
            "kunci_bl_rinci": 1,
            "user_created": "Markisman, S.Pi",
            "created_date": "27-03-2025",
            "created_time": "15:20",
            "user_updated": "Markisman, S.Pi",
            "updated_date": "19-06-2025",
            "updated_time": "12:29",
            "is_locked": 0
        },
        {
            "id_sub_bl": 73418,
            "id_daerah": 473,
            "tahun": 2026,
            "id_unit": 646,
            "id_skpd": 646,
            "created_user": 1557,
            "kode_skpd": "5.02.0.00.0.00.02.0000",
            "nama_skpd": "Badan Pendapatan Daerah",
            "id_urusan": 15,
            "kode_urusan": "5",
            "nama_urusan": "UNSUR PENUNJANG URUSAN PEMERINTAHAN",
            "id_bidang_urusan": 236,
            "kode_bidang_urusan": "5.02",
            "nama_bidang_urusan": "KEUANGAN",
            "id_sub_skpd": 646,
            "kode_sub_skpd": "5.02.0.00.0.00.02.0000",
            "nama_sub_skpd": "Badan Pendapatan Daerah",
            "set_pagu_user": 1557,
            "set_pagu_at": "Fri, 20 Jun 2025 11:22:58 GMT",
            "id_program": 4451,
            "kode_program": "5.02.01",
            "nama_program": "PROGRAM PENUNJANG URUSAN PEMERINTAHAN DAERAH KABUPATEN/KOTA",
            "id_giat": 18375,
            "kode_giat": "5.02.01.2.05",
            "nama_giat": "Administrasi Kepegawaian Perangkat Daerah",
            "pagu_giat": 30000000.0,
            "rinci_giat": null,
            "id_sub_giat": 60632,
            "kode_sub_giat": "5.02.01.2.05.0009",
            "nama_sub_giat": "Pendidikan dan Pelatihan Pegawai Berdasarkan Tugas dan Fungsi",
            "pagu": 25000000.0,
            "pagu_indikatif": 25000000.0,
            "rincian": null,
            "kode_bl": "646.646.4451.18375",
            "kode_sbl": "646.646.4451.18375.60632",
            "kunci_bl": 1,
            "kunci_bl_rinci": 1,
            "user_created": "Markisman, S.Pi",
            "created_date": "27-03-2025",
            "created_time": "15:21",
            "user_updated": "Markisman, S.Pi",
            "updated_date": "19-06-2025",
            "updated_time": "12:30",
            "is_locked": 0
        },
        {
            "id_sub_bl": 61333,
            "id_daerah": 473,
            "tahun": 2026,
            "id_unit": 646,
            "id_skpd": 646,
            "created_user": 1557,
            "kode_skpd": "5.02.0.00.0.00.02.0000",
            "nama_skpd": "Badan Pendapatan Daerah",
            "id_urusan": 15,
            "kode_urusan": "5",
            "nama_urusan": "UNSUR PENUNJANG URUSAN PEMERINTAHAN",
            "id_bidang_urusan": 236,
            "kode_bidang_urusan": "5.02",
            "nama_bidang_urusan": "KEUANGAN",
            "id_sub_skpd": 646,
            "kode_sub_skpd": "5.02.0.00.0.00.02.0000",
            "nama_sub_skpd": "Badan Pendapatan Daerah",
            "set_pagu_user": 1557,
            "set_pagu_at": "Fri, 20 Jun 2025 11:22:58 GMT",
            "id_program": 4451,
            "kode_program": "5.02.01",
            "nama_program": "PROGRAM PENUNJANG URUSAN PEMERINTAHAN DAERAH KABUPATEN/KOTA",
            "id_giat": 18376,
            "kode_giat": "5.02.01.2.06",
            "nama_giat": "Administrasi Umum Perangkat Daerah",
            "pagu_giat": 542703000.0,
            "rinci_giat": null,
            "id_sub_giat": 60635,
            "kode_sub_giat": "5.02.01.2.06.0001",
            "nama_sub_giat": "Penyediaan Komponen Instalasi\r\n\nListrik/Penerangan Bangunan Kantor",
            "pagu": 4000000.0,
            "pagu_indikatif": 4000000.0,
            "rincian": null,
            "kode_bl": "646.646.4451.18376",
            "kode_sbl": "646.646.4451.18376.60635",
            "kunci_bl": 1,
            "kunci_bl_rinci": 1,
            "user_created": "Markisman, S.Pi",
            "created_date": "30-01-2025",
            "created_time": "10:12",
            "user_updated": "Markisman, S.Pi",
            "updated_date": "27-03-2025",
            "updated_time": "13:07",
            "is_locked": 0
        },
        {
            "id_sub_bl": 61340,
            "id_daerah": 473,
            "tahun": 2026,
            "id_unit": 646,
            "id_skpd": 646,
            "created_user": 1557,
            "kode_skpd": "5.02.0.00.0.00.02.0000",
            "nama_skpd": "Badan Pendapatan Daerah",
            "id_urusan": 15,
            "kode_urusan": "5",
            "nama_urusan": "UNSUR PENUNJANG URUSAN PEMERINTAHAN",
            "id_bidang_urusan": 236,
            "kode_bidang_urusan": "5.02",
            "nama_bidang_urusan": "KEUANGAN",
            "id_sub_skpd": 646,
            "kode_sub_skpd": "5.02.0.00.0.00.02.0000",
            "nama_sub_skpd": "Badan Pendapatan Daerah",
            "set_pagu_user": 1557,
            "set_pagu_at": "Fri, 20 Jun 2025 11:22:58 GMT",
            "id_program": 4451,
            "kode_program": "5.02.01",
            "nama_program": "PROGRAM PENUNJANG URUSAN PEMERINTAHAN DAERAH KABUPATEN/KOTA",
            "id_giat": 18376,
            "kode_giat": "5.02.01.2.06",
            "nama_giat": "Administrasi Umum Perangkat Daerah",
            "pagu_giat": 542703000.0,
            "rinci_giat": null,
            "id_sub_giat": 60636,
            "kode_sub_giat": "5.02.01.2.06.0002",
            "nama_sub_giat": "Penyediaan Peralatan dan Perlengkapan Kantor",
            "pagu": 118600000.0,
            "pagu_indikatif": 118600000.0,
            "rincian": null,
            "kode_bl": "646.646.4451.18376",
            "kode_sbl": "646.646.4451.18376.60636",
            "kunci_bl": 1,
            "kunci_bl_rinci": 1,
            "user_created": "Markisman, S.Pi",
            "created_date": "30-01-2025",
            "created_time": "10:14",
            "user_updated": "Markisman, S.Pi",
            "updated_date": "27-03-2025",
            "updated_time": "13:25",
            "is_locked": 0
        },
        {
            "id_sub_bl": 61345,
            "id_daerah": 473,
            "tahun": 2026,
            "id_unit": 646,
            "id_skpd": 646,
            "created_user": 1557,
            "kode_skpd": "5.02.0.00.0.00.02.0000",
            "nama_skpd": "Badan Pendapatan Daerah",
            "id_urusan": 15,
            "kode_urusan": "5",
            "nama_urusan": "UNSUR PENUNJANG URUSAN PEMERINTAHAN",
            "id_bidang_urusan": 236,
            "kode_bidang_urusan": "5.02",
            "nama_bidang_urusan": "KEUANGAN",
            "id_sub_skpd": 646,
            "kode_sub_skpd": "5.02.0.00.0.00.02.0000",
            "nama_sub_skpd": "Badan Pendapatan Daerah",
            "set_pagu_user": 1557,
            "set_pagu_at": "Fri, 20 Jun 2025 11:22:58 GMT",
            "id_program": 4451,
            "kode_program": "5.02.01",
            "nama_program": "PROGRAM PENUNJANG URUSAN PEMERINTAHAN DAERAH KABUPATEN/KOTA",
            "id_giat": 18376,
            "kode_giat": "5.02.01.2.06",
            "nama_giat": "Administrasi Umum Perangkat Daerah",
            "pagu_giat": 542703000.0,
            "rinci_giat": null,
            "id_sub_giat": 60638,
            "kode_sub_giat": "5.02.01.2.06.0004",
            "nama_sub_giat": "Penyediaan Bahan Logistik Kantor",
            "pagu": 149310000.0,
            "pagu_indikatif": 149310000.0,
            "rincian": null,
            "kode_bl": "646.646.4451.18376",
            "kode_sbl": "646.646.4451.18376.60638",
            "kunci_bl": 1,
            "kunci_bl_rinci": 1,
            "user_created": "Markisman, S.Pi",
            "created_date": "30-01-2025",
            "created_time": "10:16",
            "user_updated": "Markisman, S.Pi",
            "updated_date": "27-03-2025",
            "updated_time": "13:32",
            "is_locked": 0
        },
        {
            "id_sub_bl": 61353,
            "id_daerah": 473,
            "tahun": 2026,
            "id_unit": 646,
            "id_skpd": 646,
            "created_user": 1557,
            "kode_skpd": "5.02.0.00.0.00.02.0000",
            "nama_skpd": "Badan Pendapatan Daerah",
            "id_urusan": 15,
            "kode_urusan": "5",
            "nama_urusan": "UNSUR PENUNJANG URUSAN PEMERINTAHAN",
            "id_bidang_urusan": 236,
            "kode_bidang_urusan": "5.02",
            "nama_bidang_urusan": "KEUANGAN",
            "id_sub_skpd": 646,
            "kode_sub_skpd": "5.02.0.00.0.00.02.0000",
            "nama_sub_skpd": "Badan Pendapatan Daerah",
            "set_pagu_user": 1557,
            "set_pagu_at": "Fri, 20 Jun 2025 11:22:58 GMT",
            "id_program": 4451,
            "kode_program": "5.02.01",
            "nama_program": "PROGRAM PENUNJANG URUSAN PEMERINTAHAN DAERAH KABUPATEN/KOTA",
            "id_giat": 18376,
            "kode_giat": "5.02.01.2.06",
            "nama_giat": "Administrasi Umum Perangkat Daerah",
            "pagu_giat": 542703000.0,
            "rinci_giat": null,
            "id_sub_giat": 60639,
            "kode_sub_giat": "5.02.01.2.06.0005",
            "nama_sub_giat": "Penyediaan Barang Cetakan dan Penggandaan",
            "pagu": 163000000.0,
            "pagu_indikatif": 163000000.0,
            "rincian": null,
            "kode_bl": "646.646.4451.18376",
            "kode_sbl": "646.646.4451.18376.60639",
            "kunci_bl": 1,
            "kunci_bl_rinci": 1,
            "user_created": "Markisman, S.Pi",
            "created_date": "30-01-2025",
            "created_time": "10:21",
            "user_updated": "Markisman, S.Pi",
            "updated_date": "27-03-2025",
            "updated_time": "13:36",
            "is_locked": 0
        },
        {
            "id_sub_bl": 61357,
            "id_daerah": 473,
            "tahun": 2026,
            "id_unit": 646,
            "id_skpd": 646,
            "created_user": 1557,
            "kode_skpd": "5.02.0.00.0.00.02.0000",
            "nama_skpd": "Badan Pendapatan Daerah",
            "id_urusan": 15,
            "kode_urusan": "5",
            "nama_urusan": "UNSUR PENUNJANG URUSAN PEMERINTAHAN",
            "id_bidang_urusan": 236,
            "kode_bidang_urusan": "5.02",
            "nama_bidang_urusan": "KEUANGAN",
            "id_sub_skpd": 646,
            "kode_sub_skpd": "5.02.0.00.0.00.02.0000",
            "nama_sub_skpd": "Badan Pendapatan Daerah",
            "set_pagu_user": 1557,
            "set_pagu_at": "Fri, 20 Jun 2025 11:22:58 GMT",
            "id_program": 4451,
            "kode_program": "5.02.01",
            "nama_program": "PROGRAM PENUNJANG URUSAN PEMERINTAHAN DAERAH KABUPATEN/KOTA",
            "id_giat": 18376,
            "kode_giat": "5.02.01.2.06",
            "nama_giat": "Administrasi Umum Perangkat Daerah",
            "pagu_giat": 542703000.0,
            "rinci_giat": null,
            "id_sub_giat": 60640,
            "kode_sub_giat": "5.02.01.2.06.0006",
            "nama_sub_giat": "Penyediaan Bahan Bacaan dan Peraturan Perundang-undangan",
            "pagu": 9000000.0,
            "pagu_indikatif": 9000000.0,
            "rincian": null,
            "kode_bl": "646.646.4451.18376",
            "kode_sbl": "646.646.4451.18376.60640",
            "kunci_bl": 1,
            "kunci_bl_rinci": 1,
            "user_created": "Markisman, S.Pi",
            "created_date": "30-01-2025",
            "created_time": "10:22",
            "user_updated": "Markisman, S.Pi",
            "updated_date": "27-03-2025",
            "updated_time": "15:22",
            "is_locked": 0
        },
        {
            "id_sub_bl": 61361,
            "id_daerah": 473,
            "tahun": 2026,
            "id_unit": 646,
            "id_skpd": 646,
            "created_user": 1557,
            "kode_skpd": "5.02.0.00.0.00.02.0000",
            "nama_skpd": "Badan Pendapatan Daerah",
            "id_urusan": 15,
            "kode_urusan": "5",
            "nama_urusan": "UNSUR PENUNJANG URUSAN PEMERINTAHAN",
            "id_bidang_urusan": 236,
            "kode_bidang_urusan": "5.02",
            "nama_bidang_urusan": "KEUANGAN",
            "id_sub_skpd": 646,
            "kode_sub_skpd": "5.02.0.00.0.00.02.0000",
            "nama_sub_skpd": "Badan Pendapatan Daerah",
            "set_pagu_user": 1557,
            "set_pagu_at": "Fri, 20 Jun 2025 11:22:58 GMT",
            "id_program": 4451,
            "kode_program": "5.02.01",
            "nama_program": "PROGRAM PENUNJANG URUSAN PEMERINTAHAN DAERAH KABUPATEN/KOTA",
            "id_giat": 18376,
            "kode_giat": "5.02.01.2.06",
            "nama_giat": "Administrasi Umum Perangkat Daerah",
            "pagu_giat": 542703000.0,
            "rinci_giat": null,
            "id_sub_giat": 60643,
            "kode_sub_giat": "5.02.01.2.06.0009",
            "nama_sub_giat": "Penyelenggaraan Rapat Koordinasi dan Konsultasi SKPD",
            "pagu": 98793000.0,
            "pagu_indikatif": 98793000.0,
            "rincian": null,
            "kode_bl": "646.646.4451.18376",
            "kode_sbl": "646.646.4451.18376.60643",
            "kunci_bl": 1,
            "kunci_bl_rinci": 1,
            "user_created": "Markisman, S.Pi",
            "created_date": "30-01-2025",
            "created_time": "10:24",
            "user_updated": "Markisman, S.Pi",
            "updated_date": "27-03-2025",
            "updated_time": "15:22",
            "is_locked": 0
        },
        {
            "id_sub_bl": 73419,
            "id_daerah": 473,
            "tahun": 2026,
            "id_unit": 646,
            "id_skpd": 646,
            "created_user": 1557,
            "kode_skpd": "5.02.0.00.0.00.02.0000",
            "nama_skpd": "Badan Pendapatan Daerah",
            "id_urusan": 15,
            "kode_urusan": "5",
            "nama_urusan": "UNSUR PENUNJANG URUSAN PEMERINTAHAN",
            "id_bidang_urusan": 236,
            "kode_bidang_urusan": "5.02",
            "nama_bidang_urusan": "KEUANGAN",
            "id_sub_skpd": 646,
            "kode_sub_skpd": "5.02.0.00.0.00.02.0000",
            "nama_sub_skpd": "Badan Pendapatan Daerah",
            "set_pagu_user": 1557,
            "set_pagu_at": "Fri, 20 Jun 2025 11:22:58 GMT",
            "id_program": 4451,
            "kode_program": "5.02.01",
            "nama_program": "PROGRAM PENUNJANG URUSAN PEMERINTAHAN DAERAH KABUPATEN/KOTA",
            "id_giat": 18377,
            "kode_giat": "5.02.01.2.07",
            "nama_giat": "Pengadaan Barang Milik Daerah Penunjang Urusan Pemerintah Daerah",
            "pagu_giat": 2432300000.0,
            "rinci_giat": null,
            "id_sub_giat": 60647,
            "kode_sub_giat": "5.02.01.2.07.0002",
            "nama_sub_giat": "Pengadaan Kendaraan Dinas Operasional atau Lapangan",
            "pagu": 0.0,
            "pagu_indikatif": 0.0,
            "rincian": null,
            "kode_bl": "646.646.4451.18377",
            "kode_sbl": "646.646.4451.18377.60647",
            "kunci_bl": 1,
            "kunci_bl_rinci": 1,
            "user_created": "Markisman, S.Pi",
            "created_date": "27-03-2025",
            "created_time": "15:26",
            "user_updated": null,
            "updated_date": null,
            "updated_time": null,
            "is_locked": 0
        },
        {
            "id_sub_bl": 67000,
            "id_daerah": 473,
            "tahun": 2026,
            "id_unit": 646,
            "id_skpd": 646,
            "created_user": 1557,
            "kode_skpd": "5.02.0.00.0.00.02.0000",
            "nama_skpd": "Badan Pendapatan Daerah",
            "id_urusan": 15,
            "kode_urusan": "5",
            "nama_urusan": "UNSUR PENUNJANG URUSAN PEMERINTAHAN",
            "id_bidang_urusan": 236,
            "kode_bidang_urusan": "5.02",
            "nama_bidang_urusan": "KEUANGAN",
            "id_sub_skpd": 646,
            "kode_sub_skpd": "5.02.0.00.0.00.02.0000",
            "nama_sub_skpd": "Badan Pendapatan Daerah",
            "set_pagu_user": 1557,
            "set_pagu_at": "Fri, 20 Jun 2025 11:22:58 GMT",
            "id_program": 4451,
            "kode_program": "5.02.01",
            "nama_program": "PROGRAM PENUNJANG URUSAN PEMERINTAHAN DAERAH KABUPATEN/KOTA",
            "id_giat": 18377,
            "kode_giat": "5.02.01.2.07",
            "nama_giat": "Pengadaan Barang Milik Daerah Penunjang Urusan Pemerintah Daerah",
            "pagu_giat": 2432300000.0,
            "rinci_giat": null,
            "id_sub_giat": 60654,
            "kode_sub_giat": "5.02.01.2.07.0009",
            "nama_sub_giat": "Pengadaan Gedung Kantor atau Bangunan Lainnya",
            "pagu": 339440000.0,
            "pagu_indikatif": 339440000.0,
            "rincian": null,
            "kode_bl": "646.646.4451.18377",
            "kode_sbl": "646.646.4451.18377.60654",
            "kunci_bl": 1,
            "kunci_bl_rinci": 1,
            "user_created": "Markisman, S.Pi",
            "created_date": "17-02-2025",
            "created_time": "10:37",
            "user_updated": "Markisman, S.Pi",
            "updated_date": "19-06-2025",
            "updated_time": "12:21",
            "is_locked": 0
        },
        {
            "id_sub_bl": 73420,
            "id_daerah": 473,
            "tahun": 2026,
            "id_unit": 646,
            "id_skpd": 646,
            "created_user": 1557,
            "kode_skpd": "5.02.0.00.0.00.02.0000",
            "nama_skpd": "Badan Pendapatan Daerah",
            "id_urusan": 15,
            "kode_urusan": "5",
            "nama_urusan": "UNSUR PENUNJANG URUSAN PEMERINTAHAN",
            "id_bidang_urusan": 236,
            "kode_bidang_urusan": "5.02",
            "nama_bidang_urusan": "KEUANGAN",
            "id_sub_skpd": 646,
            "kode_sub_skpd": "5.02.0.00.0.00.02.0000",
            "nama_sub_skpd": "Badan Pendapatan Daerah",
            "set_pagu_user": 1557,
            "set_pagu_at": "Fri, 20 Jun 2025 11:22:58 GMT",
            "id_program": 4451,
            "kode_program": "5.02.01",
            "nama_program": "PROGRAM PENUNJANG URUSAN PEMERINTAHAN DAERAH KABUPATEN/KOTA",
            "id_giat": 18377,
            "kode_giat": "5.02.01.2.07",
            "nama_giat": "Pengadaan Barang Milik Daerah Penunjang Urusan Pemerintah Daerah",
            "pagu_giat": 2432300000.0,
            "rinci_giat": null,
            "id_sub_giat": 60655,
            "kode_sub_giat": "5.02.01.2.07.0010",
            "nama_sub_giat": "Pengadaan Sarana dan Prasarana Gedung Kantor atau Bangunan Lainnya",
            "pagu": 0.0,
            "pagu_indikatif": 0.0,
            "rincian": null,
            "kode_bl": "646.646.4451.18377",
            "kode_sbl": "646.646.4451.18377.60655",
            "kunci_bl": 1,
            "kunci_bl_rinci": 1,
            "user_created": "Markisman, S.Pi",
            "created_date": "27-03-2025",
            "created_time": "15:27",
            "user_updated": null,
            "updated_date": null,
            "updated_time": null,
            "is_locked": 0
        },
        {
            "id_sub_bl": 61363,
            "id_daerah": 473,
            "tahun": 2026,
            "id_unit": 646,
            "id_skpd": 646,
            "created_user": 1557,
            "kode_skpd": "5.02.0.00.0.00.02.0000",
            "nama_skpd": "Badan Pendapatan Daerah",
            "id_urusan": 15,
            "kode_urusan": "5",
            "nama_urusan": "UNSUR PENUNJANG URUSAN PEMERINTAHAN",
            "id_bidang_urusan": 236,
            "kode_bidang_urusan": "5.02",
            "nama_bidang_urusan": "KEUANGAN",
            "id_sub_skpd": 646,
            "kode_sub_skpd": "5.02.0.00.0.00.02.0000",
            "nama_sub_skpd": "Badan Pendapatan Daerah",
            "set_pagu_user": 1557,
            "set_pagu_at": "Fri, 20 Jun 2025 11:22:58 GMT",
            "id_program": 4451,
            "kode_program": "5.02.01",
            "nama_program": "PROGRAM PENUNJANG URUSAN PEMERINTAHAN DAERAH KABUPATEN/KOTA",
            "id_giat": 18378,
            "kode_giat": "5.02.01.2.08",
            "nama_giat": "Penyediaan Jasa Penunjang Urusan Pemerintahan Daerah",
            "pagu_giat": 505100000.0,
            "rinci_giat": null,
            "id_sub_giat": 60657,
            "kode_sub_giat": "5.02.01.2.08.0001",
            "nama_sub_giat": "Penyediaan Jasa Surat Menyurat",
            "pagu": 500000.0,
            "pagu_indikatif": 500000.0,
            "rincian": null,
            "kode_bl": "646.646.4451.18378",
            "kode_sbl": "646.646.4451.18378.60657",
            "kunci_bl": 1,
            "kunci_bl_rinci": 1,
            "user_created": "Markisman, S.Pi",
            "created_date": "30-01-2025",
            "created_time": "10:24",
            "user_updated": "Markisman, S.Pi",
            "updated_date": "27-03-2025",
            "updated_time": "15:28",
            "is_locked": 0
        },
        {
            "id_sub_bl": 61374,
            "id_daerah": 473,
            "tahun": 2026,
            "id_unit": 646,
            "id_skpd": 646,
            "created_user": 1557,
            "kode_skpd": "5.02.0.00.0.00.02.0000",
            "nama_skpd": "Badan Pendapatan Daerah",
            "id_urusan": 15,
            "kode_urusan": "5",
            "nama_urusan": "UNSUR PENUNJANG URUSAN PEMERINTAHAN",
            "id_bidang_urusan": 236,
            "kode_bidang_urusan": "5.02",
            "nama_bidang_urusan": "KEUANGAN",
            "id_sub_skpd": 646,
            "kode_sub_skpd": "5.02.0.00.0.00.02.0000",
            "nama_sub_skpd": "Badan Pendapatan Daerah",
            "set_pagu_user": 1557,
            "set_pagu_at": "Fri, 20 Jun 2025 11:22:58 GMT",
            "id_program": 4451,
            "kode_program": "5.02.01",
            "nama_program": "PROGRAM PENUNJANG URUSAN PEMERINTAHAN DAERAH KABUPATEN/KOTA",
            "id_giat": 18378,
            "kode_giat": "5.02.01.2.08",
            "nama_giat": "Penyediaan Jasa Penunjang Urusan Pemerintahan Daerah",
            "pagu_giat": 505100000.0,
            "rinci_giat": null,
            "id_sub_giat": 60658,
            "kode_sub_giat": "5.02.01.2.08.0002",
            "nama_sub_giat": "Penyediaan Jasa Komunikasi, Sumber Daya Air dan Listrik",
            "pagu": 120000000.0,
            "pagu_indikatif": 120000000.0,
            "rincian": null,
            "kode_bl": "646.646.4451.18378",
            "kode_sbl": "646.646.4451.18378.60658",
            "kunci_bl": 1,
            "kunci_bl_rinci": 1,
            "user_created": "Markisman, S.Pi",
            "created_date": "30-01-2025",
            "created_time": "10:28",
            "user_updated": "Markisman, S.Pi",
            "updated_date": "27-03-2025",
            "updated_time": "15:28",
            "is_locked": 0
        },
        {
            "id_sub_bl": 61378,
            "id_daerah": 473,
            "tahun": 2026,
            "id_unit": 646,
            "id_skpd": 646,
            "created_user": 1557,
            "kode_skpd": "5.02.0.00.0.00.02.0000",
            "nama_skpd": "Badan Pendapatan Daerah",
            "id_urusan": 15,
            "kode_urusan": "5",
            "nama_urusan": "UNSUR PENUNJANG URUSAN PEMERINTAHAN",
            "id_bidang_urusan": 236,
            "kode_bidang_urusan": "5.02",
            "nama_bidang_urusan": "KEUANGAN",
            "id_sub_skpd": 646,
            "kode_sub_skpd": "5.02.0.00.0.00.02.0000",
            "nama_sub_skpd": "Badan Pendapatan Daerah",
            "set_pagu_user": 1557,
            "set_pagu_at": "Fri, 20 Jun 2025 11:22:58 GMT",
            "id_program": 4451,
            "kode_program": "5.02.01",
            "nama_program": "PROGRAM PENUNJANG URUSAN PEMERINTAHAN DAERAH KABUPATEN/KOTA",
            "id_giat": 18378,
            "kode_giat": "5.02.01.2.08",
            "nama_giat": "Penyediaan Jasa Penunjang Urusan Pemerintahan Daerah",
            "pagu_giat": 505100000.0,
            "rinci_giat": null,
            "id_sub_giat": 60659,
            "kode_sub_giat": "5.02.01.2.08.0003",
            "nama_sub_giat": "Penyediaan Jasa Peralatan dan Perlengkapan Kantor",
            "pagu": 145000000.0,
            "pagu_indikatif": 145000000.0,
            "rincian": null,
            "kode_bl": "646.646.4451.18378",
            "kode_sbl": "646.646.4451.18378.60659",
            "kunci_bl": 1,
            "kunci_bl_rinci": 1,
            "user_created": "Markisman, S.Pi",
            "created_date": "30-01-2025",
            "created_time": "10:29",
            "user_updated": "Markisman, S.Pi",
            "updated_date": "27-03-2025",
            "updated_time": "15:29",
            "is_locked": 0
        },
        {
            "id_sub_bl": 61380,
            "id_daerah": 473,
            "tahun": 2026,
            "id_unit": 646,
            "id_skpd": 646,
            "created_user": 1557,
            "kode_skpd": "5.02.0.00.0.00.02.0000",
            "nama_skpd": "Badan Pendapatan Daerah",
            "id_urusan": 15,
            "kode_urusan": "5",
            "nama_urusan": "UNSUR PENUNJANG URUSAN PEMERINTAHAN",
            "id_bidang_urusan": 236,
            "kode_bidang_urusan": "5.02",
            "nama_bidang_urusan": "KEUANGAN",
            "id_sub_skpd": 646,
            "kode_sub_skpd": "5.02.0.00.0.00.02.0000",
            "nama_sub_skpd": "Badan Pendapatan Daerah",
            "set_pagu_user": 1557,
            "set_pagu_at": "Fri, 20 Jun 2025 11:22:58 GMT",
            "id_program": 4451,
            "kode_program": "5.02.01",
            "nama_program": "PROGRAM PENUNJANG URUSAN PEMERINTAHAN DAERAH KABUPATEN/KOTA",
            "id_giat": 18378,
            "kode_giat": "5.02.01.2.08",
            "nama_giat": "Penyediaan Jasa Penunjang Urusan Pemerintahan Daerah",
            "pagu_giat": 505100000.0,
            "rinci_giat": null,
            "id_sub_giat": 60660,
            "kode_sub_giat": "5.02.01.2.08.0004",
            "nama_sub_giat": "Penyediaan Jasa Pelayanan Umum Kantor",
            "pagu": 239600000.0,
            "pagu_indikatif": 239600000.0,
            "rincian": null,
            "kode_bl": "646.646.4451.18378",
            "kode_sbl": "646.646.4451.18378.60660",
            "kunci_bl": 1,
            "kunci_bl_rinci": 1,
            "user_created": "Markisman, S.Pi",
            "created_date": "30-01-2025",
            "created_time": "10:30",
            "user_updated": "Markisman, S.Pi",
            "updated_date": "27-03-2025",
            "updated_time": "15:29",
            "is_locked": 0
        },
        {
            "id_sub_bl": 61383,
            "id_daerah": 473,
            "tahun": 2026,
            "id_unit": 646,
            "id_skpd": 646,
            "created_user": 1557,
            "kode_skpd": "5.02.0.00.0.00.02.0000",
            "nama_skpd": "Badan Pendapatan Daerah",
            "id_urusan": 15,
            "kode_urusan": "5",
            "nama_urusan": "UNSUR PENUNJANG URUSAN PEMERINTAHAN",
            "id_bidang_urusan": 236,
            "kode_bidang_urusan": "5.02",
            "nama_bidang_urusan": "KEUANGAN",
            "id_sub_skpd": 646,
            "kode_sub_skpd": "5.02.0.00.0.00.02.0000",
            "nama_sub_skpd": "Badan Pendapatan Daerah",
            "set_pagu_user": 1557,
            "set_pagu_at": "Fri, 20 Jun 2025 11:22:58 GMT",
            "id_program": 4451,
            "kode_program": "5.02.01",
            "nama_program": "PROGRAM PENUNJANG URUSAN PEMERINTAHAN DAERAH KABUPATEN/KOTA",
            "id_giat": 18379,
            "kode_giat": "5.02.01.2.09",
            "nama_giat": "Pemeliharaan Barang Milik Daerah Penunjang Urusan Pemerintahan Daerah",
            "pagu_giat": 725354000.0,
            "rinci_giat": null,
            "id_sub_giat": 60662,
            "kode_sub_giat": "5.02.01.2.09.0002",
            "nama_sub_giat": "Penyediaan Jasa Pemeliharaan, Biaya Pemeliharaan, Pajak dan Perizinan Kendaraan Dinas Operasional atau Lapangan",
            "pagu": 267354000.0,
            "pagu_indikatif": 267354000.0,
            "rincian": null,
            "kode_bl": "646.646.4451.18379",
            "kode_sbl": "646.646.4451.18379.60662",
            "kunci_bl": 1,
            "kunci_bl_rinci": 1,
            "user_created": "Markisman, S.Pi",
            "created_date": "30-01-2025",
            "created_time": "10:31",
            "user_updated": "Markisman, S.Pi",
            "updated_date": "27-03-2025",
            "updated_time": "15:30",
            "is_locked": 0
        },
        {
            "id_sub_bl": 73421,
            "id_daerah": 473,
            "tahun": 2026,
            "id_unit": 646,
            "id_skpd": 646,
            "created_user": 1557,
            "kode_skpd": "5.02.0.00.0.00.02.0000",
            "nama_skpd": "Badan Pendapatan Daerah",
            "id_urusan": 15,
            "kode_urusan": "5",
            "nama_urusan": "UNSUR PENUNJANG URUSAN PEMERINTAHAN",
            "id_bidang_urusan": 236,
            "kode_bidang_urusan": "5.02",
            "nama_bidang_urusan": "KEUANGAN",
            "id_sub_skpd": 646,
            "kode_sub_skpd": "5.02.0.00.0.00.02.0000",
            "nama_sub_skpd": "Badan Pendapatan Daerah",
            "set_pagu_user": 1557,
            "set_pagu_at": "Fri, 20 Jun 2025 11:22:58 GMT",
            "id_program": 4451,
            "kode_program": "5.02.01",
            "nama_program": "PROGRAM PENUNJANG URUSAN PEMERINTAHAN DAERAH KABUPATEN/KOTA",
            "id_giat": 18379,
            "kode_giat": "5.02.01.2.09",
            "nama_giat": "Pemeliharaan Barang Milik Daerah Penunjang Urusan Pemerintahan Daerah",
            "pagu_giat": 725354000.0,
            "rinci_giat": null,
            "id_sub_giat": 60669,
            "kode_sub_giat": "5.02.01.2.09.0009",
            "nama_sub_giat": "Pemeliharaan/Rehabilitasi Gedung Kantor dan Bangunan Lainnya",
            "pagu": 0.0,
            "pagu_indikatif": 0.0,
            "rincian": null,
            "kode_bl": "646.646.4451.18379",
            "kode_sbl": "646.646.4451.18379.60669",
            "kunci_bl": 1,
            "kunci_bl_rinci": 1,
            "user_created": "Markisman, S.Pi",
            "created_date": "27-03-2025",
            "created_time": "15:31",
            "user_updated": null,
            "updated_date": null,
            "updated_time": null,
            "is_locked": 0
        },
        {
            "id_sub_bl": 73422,
            "id_daerah": 473,
            "tahun": 2026,
            "id_unit": 646,
            "id_skpd": 646,
            "created_user": 1557,
            "kode_skpd": "5.02.0.00.0.00.02.0000",
            "nama_skpd": "Badan Pendapatan Daerah",
            "id_urusan": 15,
            "kode_urusan": "5",
            "nama_urusan": "UNSUR PENUNJANG URUSAN PEMERINTAHAN",
            "id_bidang_urusan": 236,
            "kode_bidang_urusan": "5.02",
            "nama_bidang_urusan": "KEUANGAN",
            "id_sub_skpd": 646,
            "kode_sub_skpd": "5.02.0.00.0.00.02.0000",
            "nama_sub_skpd": "Badan Pendapatan Daerah",
            "set_pagu_user": 1557,
            "set_pagu_at": "Fri, 20 Jun 2025 11:22:58 GMT",
            "id_program": 4451,
            "kode_program": "5.02.01",
            "nama_program": "PROGRAM PENUNJANG URUSAN PEMERINTAHAN DAERAH KABUPATEN/KOTA",
            "id_giat": 18379,
            "kode_giat": "5.02.01.2.09",
            "nama_giat": "Pemeliharaan Barang Milik Daerah Penunjang Urusan Pemerintahan Daerah",
            "pagu_giat": 725354000.0,
            "rinci_giat": null,
            "id_sub_giat": 60670,
            "kode_sub_giat": "5.02.01.2.09.0010",
            "nama_sub_giat": "Pemeliharaan/Rehabilitasi Sarana dan Prasarana Gedung Kantor atau Bangunan Lainnya",
            "pagu": 0.0,
            "pagu_indikatif": 0.0,
            "rincian": null,
            "kode_bl": "646.646.4451.18379",
            "kode_sbl": "646.646.4451.18379.60670",
            "kunci_bl": 1,
            "kunci_bl_rinci": 1,
            "user_created": "Markisman, S.Pi",
            "created_date": "27-03-2025",
            "created_time": "15:33",
            "user_updated": null,
            "updated_date": null,
            "updated_time": null,
            "is_locked": 0
        }
    ]