[
        {
            "id_sub_bl": 61654,
            "id_daerah": 473,
            "tahun": 2026,
            "id_unit": 54,
            "id_skpd": 54,
            "created_user": 6551,
            "kode_skpd": "5.02.0.00.0.00.01.0000",
            "nama_skpd": "Badan Keuangan dan Aset Daerah",
            "id_urusan": 15,
            "kode_urusan": "5",
            "nama_urusan": "UNSUR PENUNJANG URUSAN PEMERINTAHAN",
            "id_bidang_urusan": 236,
            "kode_bidang_urusan": "5.02",
            "nama_bidang_urusan": "KEUANGAN",
            "id_sub_skpd": 54,
            "kode_sub_skpd": "5.02.0.00.0.00.01.0000",
            "nama_sub_skpd": "Badan Keuangan dan Aset Daerah",
            "set_pagu_user": 0,
            "set_pagu_at": null,
            "id_program": 4393,
            "kode_program": "5.02.02",
            "nama_program": "PROGRAM PENGELOLAAN KEUANGAN DAERAH",
            "id_giat": 18209,
            "kode_giat": "5.02.02.2.01",
            "nama_giat": "Koordinasi dan Penyusunan Rencana Anggaran Daerah",
            "pagu_giat": 1935000000.0,
            "rinci_giat": null,
            "id_sub_giat": 59425,
            "kode_sub_giat": "5.02.02.2.01.0001",
            "nama_sub_giat": "Koordinasi dan Penyusunan KUA dan PPAS",
            "pagu": 110000000.0,
            "pagu_indikatif": 110000000.0,
            "rincian": null,
            "kode_bl": "54.54.4393.18209",
            "kode_sbl": "54.54.4393.18209.59425",
            "kunci_bl": 1,
            "kunci_bl_rinci": 1,
            "user_created": "Rodi Darmadi, SE.,M.Ak",
            "created_date": "30-01-2025",
            "created_time": "14:17",
            "user_updated": "Masrup, S.ST.Pi, M.M",
            "updated_date": "03-07-2025",
            "updated_time": "07:47",
            "is_locked": 0
        },
        {
            "id_sub_bl": 61658,
            "id_daerah": 473,
            "tahun": 2026,
            "id_unit": 54,
            "id_skpd": 54,
            "created_user": 6551,
            "kode_skpd": "5.02.0.00.0.00.01.0000",
            "nama_skpd": "Badan Keuangan dan Aset Daerah",
            "id_urusan": 15,
            "kode_urusan": "5",
            "nama_urusan": "UNSUR PENUNJANG URUSAN PEMERINTAHAN",
            "id_bidang_urusan": 236,
            "kode_bidang_urusan": "5.02",
            "nama_bidang_urusan": "KEUANGAN",
            "id_sub_skpd": 54,
            "kode_sub_skpd": "5.02.0.00.0.00.01.0000",
            "nama_sub_skpd": "Badan Keuangan dan Aset Daerah",
            "set_pagu_user": 0,
            "set_pagu_at": null,
            "id_program": 4393,
            "kode_program": "5.02.02",
            "nama_program": "PROGRAM PENGELOLAAN KEUANGAN DAERAH",
            "id_giat": 18209,
            "kode_giat": "5.02.02.2.01",
            "nama_giat": "Koordinasi dan Penyusunan Rencana Anggaran Daerah",
            "pagu_giat": 1935000000.0,
            "rinci_giat": null,
            "id_sub_giat": 59427,
            "kode_sub_giat": "5.02.02.2.01.0003",
            "nama_sub_giat": "Koordinasi, Penyusunan dan Verifikasi RKA-SKPD",
            "pagu": 75000000.0,
            "pagu_indikatif": 75000000.0,
            "rincian": null,
            "kode_bl": "54.54.4393.18209",
            "kode_sbl": "54.54.4393.18209.59427",
            "kunci_bl": 1,
            "kunci_bl_rinci": 1,
            "user_created": "Rodi Darmadi, SE.,M.Ak",
            "created_date": "30-01-2025",
            "created_time": "14:21",
            "user_updated": "Masrup, S.ST.Pi, M.M",
            "updated_date": "03-07-2025",
            "updated_time": "07:47",
            "is_locked": 0
        },
        {
            "id_sub_bl": 61663,
            "id_daerah": 473,
            "tahun": 2026,
            "id_unit": 54,
            "id_skpd": 54,
            "created_user": 6551,
            "kode_skpd": "5.02.0.00.0.00.01.0000",
            "nama_skpd": "Badan Keuangan dan Aset Daerah",
            "id_urusan": 15,
            "kode_urusan": "5",
            "nama_urusan": "UNSUR PENUNJANG URUSAN PEMERINTAHAN",
            "id_bidang_urusan": 236,
            "kode_bidang_urusan": "5.02",
            "nama_bidang_urusan": "KEUANGAN",
            "id_sub_skpd": 54,
            "kode_sub_skpd": "5.02.0.00.0.00.01.0000",
            "nama_sub_skpd": "Badan Keuangan dan Aset Daerah",
            "set_pagu_user": 0,
            "set_pagu_at": null,
            "id_program": 4393,
            "kode_program": "5.02.02",
            "nama_program": "PROGRAM PENGELOLAAN KEUANGAN DAERAH",
            "id_giat": 18209,
            "kode_giat": "5.02.02.2.01",
            "nama_giat": "Koordinasi dan Penyusunan Rencana Anggaran Daerah",
            "pagu_giat": 1935000000.0,
            "rinci_giat": null,
            "id_sub_giat": 59429,
            "kode_sub_giat": "5.02.02.2.01.0005",
            "nama_sub_giat": "Koordinasi, Penyusunan dan Verifikasi DPA-SKPD",
            "pagu": 75000000.0,
            "pagu_indikatif": 75000000.0,
            "rincian": null,
            "kode_bl": "54.54.4393.18209",
            "kode_sbl": "54.54.4393.18209.59429",
            "kunci_bl": 1,
            "kunci_bl_rinci": 1,
            "user_created": "Rodi Darmadi, SE.,M.Ak",
            "created_date": "30-01-2025",
            "created_time": "14:23",
            "user_updated": "Masrup, S.ST.Pi, M.M",
            "updated_date": "03-07-2025",
            "updated_time": "07:47",
            "is_locked": 0
        },
        {
            "id_sub_bl": 61671,
            "id_daerah": 473,
            "tahun": 2026,
            "id_unit": 54,
            "id_skpd": 54,
            "created_user": 6551,
            "kode_skpd": "5.02.0.00.0.00.01.0000",
            "nama_skpd": "Badan Keuangan dan Aset Daerah",
            "id_urusan": 15,
            "kode_urusan": "5",
            "nama_urusan": "UNSUR PENUNJANG URUSAN PEMERINTAHAN",
            "id_bidang_urusan": 236,
            "kode_bidang_urusan": "5.02",
            "nama_bidang_urusan": "KEUANGAN",
            "id_sub_skpd": 54,
            "kode_sub_skpd": "5.02.0.00.0.00.01.0000",
            "nama_sub_skpd": "Badan Keuangan dan Aset Daerah",
            "set_pagu_user": 262068,
            "set_pagu_at": "Fri, 20 Jun 2025 16:04:31 GMT",
            "id_program": 4393,
            "kode_program": "5.02.02",
            "nama_program": "PROGRAM PENGELOLAAN KEUANGAN DAERAH",
            "id_giat": 18209,
            "kode_giat": "5.02.02.2.01",
            "nama_giat": "Koordinasi dan Penyusunan Rencana Anggaran Daerah",
            "pagu_giat": 1935000000.0,
            "rinci_giat": null,
            "id_sub_giat": 59431,
            "kode_sub_giat": "5.02.02.2.01.0007",
            "nama_sub_giat": "Koordinasi dan Penyusunan Peraturan Daerah tentang APBD dan Peraturan Kepala Daerah tentang Penjabaran APBD",
            "pagu": 1445000000.0,
            "pagu_indikatif": 1445000000.0,
            "rincian": null,
            "kode_bl": "54.54.4393.18209",
            "kode_sbl": "54.54.4393.18209.59431",
            "kunci_bl": 1,
            "kunci_bl_rinci": 1,
            "user_created": "Rodi Darmadi, SE.,M.Ak",
            "created_date": "30-01-2025",
            "created_time": "14:27",
            "user_updated": "Rodi Darmadi, SE.,M.Ak",
            "updated_date": "27-03-2025",
            "updated_time": "21:50",
            "is_locked": 0
        },
        {
            "id_sub_bl": 61676,
            "id_daerah": 473,
            "tahun": 2026,
            "id_unit": 54,
            "id_skpd": 54,
            "created_user": 6551,
            "kode_skpd": "5.02.0.00.0.00.01.0000",
            "nama_skpd": "Badan Keuangan dan Aset Daerah",
            "id_urusan": 15,
            "kode_urusan": "5",
            "nama_urusan": "UNSUR PENUNJANG URUSAN PEMERINTAHAN",
            "id_bidang_urusan": 236,
            "kode_bidang_urusan": "5.02",
            "nama_bidang_urusan": "KEUANGAN",
            "id_sub_skpd": 54,
            "kode_sub_skpd": "5.02.0.00.0.00.01.0000",
            "nama_sub_skpd": "Badan Keuangan dan Aset Daerah",
            "set_pagu_user": 262068,
            "set_pagu_at": "Fri, 20 Jun 2025 16:04:31 GMT",
            "id_program": 4393,
            "kode_program": "5.02.02",
            "nama_program": "PROGRAM PENGELOLAAN KEUANGAN DAERAH",
            "id_giat": 18209,
            "kode_giat": "5.02.02.2.01",
            "nama_giat": "Koordinasi dan Penyusunan Rencana Anggaran Daerah",
            "pagu_giat": 1935000000.0,
            "rinci_giat": null,
            "id_sub_giat": 59433,
            "kode_sub_giat": "5.02.02.2.01.0009",
            "nama_sub_giat": "Koordinasi dan Penyusunan Regulasi serta Kebijakan Bidang Anggaran",
            "pagu": 60000000.0,
            "pagu_indikatif": 60000000.0,
            "rincian": null,
            "kode_bl": "54.54.4393.18209",
            "kode_sbl": "54.54.4393.18209.59433",
            "kunci_bl": 1,
            "kunci_bl_rinci": 1,
            "user_created": "Rodi Darmadi, SE.,M.Ak",
            "created_date": "30-01-2025",
            "created_time": "14:31",
            "user_updated": "Rodi Darmadi, SE.,M.Ak",
            "updated_date": "27-03-2025",
            "updated_time": "21:51",
            "is_locked": 0
        },
        {
            "id_sub_bl": 61682,
            "id_daerah": 473,
            "tahun": 2026,
            "id_unit": 54,
            "id_skpd": 54,
            "created_user": 6551,
            "kode_skpd": "5.02.0.00.0.00.01.0000",
            "nama_skpd": "Badan Keuangan dan Aset Daerah",
            "id_urusan": 15,
            "kode_urusan": "5",
            "nama_urusan": "UNSUR PENUNJANG URUSAN PEMERINTAHAN",
            "id_bidang_urusan": 236,
            "kode_bidang_urusan": "5.02",
            "nama_bidang_urusan": "KEUANGAN",
            "id_sub_skpd": 54,
            "kode_sub_skpd": "5.02.0.00.0.00.01.0000",
            "nama_sub_skpd": "Badan Keuangan dan Aset Daerah",
            "set_pagu_user": 262068,
            "set_pagu_at": "Fri, 20 Jun 2025 16:04:31 GMT",
            "id_program": 4393,
            "kode_program": "5.02.02",
            "nama_program": "PROGRAM PENGELOLAAN KEUANGAN DAERAH",
            "id_giat": 18209,
            "kode_giat": "5.02.02.2.01",
            "nama_giat": "Koordinasi dan Penyusunan Rencana Anggaran Daerah",
            "pagu_giat": 1935000000.0,
            "rinci_giat": null,
            "id_sub_giat": 59435,
            "kode_sub_giat": "5.02.02.2.01.0011",
            "nama_sub_giat": "Koordinasi Perencanaan Anggaran Belanja Daerah",
            "pagu": 170000000.0,
            "pagu_indikatif": 170000000.0,
            "rincian": null,
            "kode_bl": "54.54.4393.18209",
            "kode_sbl": "54.54.4393.18209.59435",
            "kunci_bl": 1,
            "kunci_bl_rinci": 1,
            "user_created": "Rodi Darmadi, SE.,M.Ak",
            "created_date": "30-01-2025",
            "created_time": "14:34",
            "user_updated": "Rodi Darmadi, SE.,M.Ak",
            "updated_date": "27-03-2025",
            "updated_time": "21:51",
            "is_locked": 0
        },
        {
            "id_sub_bl": 61687,
            "id_daerah": 473,
            "tahun": 2026,
            "id_unit": 54,
            "id_skpd": 54,
            "created_user": 6551,
            "kode_skpd": "5.02.0.00.0.00.01.0000",
            "nama_skpd": "Badan Keuangan dan Aset Daerah",
            "id_urusan": 15,
            "kode_urusan": "5",
            "nama_urusan": "UNSUR PENUNJANG URUSAN PEMERINTAHAN",
            "id_bidang_urusan": 236,
            "kode_bidang_urusan": "5.02",
            "nama_bidang_urusan": "KEUANGAN",
            "id_sub_skpd": 54,
            "kode_sub_skpd": "5.02.0.00.0.00.01.0000",
            "nama_sub_skpd": "Badan Keuangan dan Aset Daerah",
            "set_pagu_user": 262068,
            "set_pagu_at": "Fri, 20 Jun 2025 16:04:31 GMT",
            "id_program": 4393,
            "kode_program": "5.02.02",
            "nama_program": "PROGRAM PENGELOLAAN KEUANGAN DAERAH",
            "id_giat": 18210,
            "kode_giat": "5.02.02.2.02",
            "nama_giat": "Koordinasi dan Pengelolaan Perbendaharaan Daerah",
            "pagu_giat": 855000000.0,
            "rinci_giat": null,
            "id_sub_giat": 59438,
            "kode_sub_giat": "5.02.02.2.02.0001",
            "nama_sub_giat": "Koordinasi dan Pengelolaan Kas Daerah",
            "pagu": 195000000.0,
            "pagu_indikatif": 195000000.0,
            "rincian": null,
            "kode_bl": "54.54.4393.18210",
            "kode_sbl": "54.54.4393.18210.59438",
            "kunci_bl": 1,
            "kunci_bl_rinci": 1,
            "user_created": "Rodi Darmadi, SE.,M.Ak",
            "created_date": "30-01-2025",
            "created_time": "14:36",
            "user_updated": "Rodi Darmadi, SE.,M.Ak",
            "updated_date": "27-03-2025",
            "updated_time": "21:54",
            "is_locked": 0
        },
        {
            "id_sub_bl": 61690,
            "id_daerah": 473,
            "tahun": 2026,
            "id_unit": 54,
            "id_skpd": 54,
            "created_user": 6551,
            "kode_skpd": "5.02.0.00.0.00.01.0000",
            "nama_skpd": "Badan Keuangan dan Aset Daerah",
            "id_urusan": 15,
            "kode_urusan": "5",
            "nama_urusan": "UNSUR PENUNJANG URUSAN PEMERINTAHAN",
            "id_bidang_urusan": 236,
            "kode_bidang_urusan": "5.02",
            "nama_bidang_urusan": "KEUANGAN",
            "id_sub_skpd": 54,
            "kode_sub_skpd": "5.02.0.00.0.00.01.0000",
            "nama_sub_skpd": "Badan Keuangan dan Aset Daerah",
            "set_pagu_user": 262068,
            "set_pagu_at": "Fri, 20 Jun 2025 16:04:31 GMT",
            "id_program": 4393,
            "kode_program": "5.02.02",
            "nama_program": "PROGRAM PENGELOLAAN KEUANGAN DAERAH",
            "id_giat": 18210,
            "kode_giat": "5.02.02.2.02",
            "nama_giat": "Koordinasi dan Pengelolaan Perbendaharaan Daerah",
            "pagu_giat": 855000000.0,
            "rinci_giat": null,
            "id_sub_giat": 59442,
            "kode_sub_giat": "5.02.02.2.02.0005",
            "nama_sub_giat": "Koordinasi, Fasilitasi, Asistensi, Sinkronisasi, Supervisi, Monitoring dan Evaluasi Pengelolaan Dana Perimbangan dan Dana Transfer Lainnya",
            "pagu": 420000000.0,
            "pagu_indikatif": 420000000.0,
            "rincian": null,
            "kode_bl": "54.54.4393.18210",
            "kode_sbl": "54.54.4393.18210.59442",
            "kunci_bl": 1,
            "kunci_bl_rinci": 1,
            "user_created": "Rodi Darmadi, SE.,M.Ak",
            "created_date": "30-01-2025",
            "created_time": "14:37",
            "user_updated": "Rodi Darmadi, SE.,M.Ak",
            "updated_date": "27-03-2025",
            "updated_time": "21:54",
            "is_locked": 0
        },
        {
            "id_sub_bl": 61692,
            "id_daerah": 473,
            "tahun": 2026,
            "id_unit": 54,
            "id_skpd": 54,
            "created_user": 6551,
            "kode_skpd": "5.02.0.00.0.00.01.0000",
            "nama_skpd": "Badan Keuangan dan Aset Daerah",
            "id_urusan": 15,
            "kode_urusan": "5",
            "nama_urusan": "UNSUR PENUNJANG URUSAN PEMERINTAHAN",
            "id_bidang_urusan": 236,
            "kode_bidang_urusan": "5.02",
            "nama_bidang_urusan": "KEUANGAN",
            "id_sub_skpd": 54,
            "kode_sub_skpd": "5.02.0.00.0.00.01.0000",
            "nama_sub_skpd": "Badan Keuangan dan Aset Daerah",
            "set_pagu_user": 262068,
            "set_pagu_at": "Fri, 20 Jun 2025 16:04:31 GMT",
            "id_program": 4393,
            "kode_program": "5.02.02",
            "nama_program": "PROGRAM PENGELOLAAN KEUANGAN DAERAH",
            "id_giat": 18210,
            "kode_giat": "5.02.02.2.02",
            "nama_giat": "Koordinasi dan Pengelolaan Perbendaharaan Daerah",
            "pagu_giat": 855000000.0,
            "rinci_giat": null,
            "id_sub_giat": 59444,
            "kode_sub_giat": "5.02.02.2.02.0007",
            "nama_sub_giat": "Koordinasi dan Penyusunan Laporan Realisasi Penerimaan dan Pengeluaran Kas Daerah, Laporan Aliran Kas, dan Pelaksanaan Pemungutan/ Pemotongan dan Penyetoran Perhitungan Fihak Ketiga (PFK)",
            "pagu": 60000000.0,
            "pagu_indikatif": 60000000.0,
            "rincian": null,
            "kode_bl": "54.54.4393.18210",
            "kode_sbl": "54.54.4393.18210.59444",
            "kunci_bl": 1,
            "kunci_bl_rinci": 1,
            "user_created": "Rodi Darmadi, SE.,M.Ak",
            "created_date": "30-01-2025",
            "created_time": "14:38",
            "user_updated": "Rodi Darmadi, SE.,M.Ak",
            "updated_date": "27-03-2025",
            "updated_time": "21:55",
            "is_locked": 0
        },
        {
            "id_sub_bl": 61694,
            "id_daerah": 473,
            "tahun": 2026,
            "id_unit": 54,
            "id_skpd": 54,
            "created_user": 6551,
            "kode_skpd": "5.02.0.00.0.00.01.0000",
            "nama_skpd": "Badan Keuangan dan Aset Daerah",
            "id_urusan": 15,
            "kode_urusan": "5",
            "nama_urusan": "UNSUR PENUNJANG URUSAN PEMERINTAHAN",
            "id_bidang_urusan": 236,
            "kode_bidang_urusan": "5.02",
            "nama_bidang_urusan": "KEUANGAN",
            "id_sub_skpd": 54,
            "kode_sub_skpd": "5.02.0.00.0.00.01.0000",
            "nama_sub_skpd": "Badan Keuangan dan Aset Daerah",
            "set_pagu_user": 262068,
            "set_pagu_at": "Fri, 20 Jun 2025 16:04:31 GMT",
            "id_program": 4393,
            "kode_program": "5.02.02",
            "nama_program": "PROGRAM PENGELOLAAN KEUANGAN DAERAH",
            "id_giat": 18210,
            "kode_giat": "5.02.02.2.02",
            "nama_giat": "Koordinasi dan Pengelolaan Perbendaharaan Daerah",
            "pagu_giat": 855000000.0,
            "rinci_giat": null,
            "id_sub_giat": 59446,
            "kode_sub_giat": "5.02.02.2.02.0009",
            "nama_sub_giat": "Rekonsiliasi Data Penerimaan dan Pengeluaran Kas serta Pemungutan dan Pemotongan atas SP2D dengan Instansi Terkait",
            "pagu": 140000000.0,
            "pagu_indikatif": 140000000.0,
            "rincian": null,
            "kode_bl": "54.54.4393.18210",
            "kode_sbl": "54.54.4393.18210.59446",
            "kunci_bl": 1,
            "kunci_bl_rinci": 1,
            "user_created": "Rodi Darmadi, SE.,M.Ak",
            "created_date": "30-01-2025",
            "created_time": "14:39",
            "user_updated": "Rodi Darmadi, SE.,M.Ak",
            "updated_date": "27-03-2025",
            "updated_time": "21:55",
            "is_locked": 0
        },
        {
            "id_sub_bl": 61696,
            "id_daerah": 473,
            "tahun": 2026,
            "id_unit": 54,
            "id_skpd": 54,
            "created_user": 6551,
            "kode_skpd": "5.02.0.00.0.00.01.0000",
            "nama_skpd": "Badan Keuangan dan Aset Daerah",
            "id_urusan": 15,
            "kode_urusan": "5",
            "nama_urusan": "UNSUR PENUNJANG URUSAN PEMERINTAHAN",
            "id_bidang_urusan": 236,
            "kode_bidang_urusan": "5.02",
            "nama_bidang_urusan": "KEUANGAN",
            "id_sub_skpd": 54,
            "kode_sub_skpd": "5.02.0.00.0.00.01.0000",
            "nama_sub_skpd": "Badan Keuangan dan Aset Daerah",
            "set_pagu_user": 262068,
            "set_pagu_at": "Fri, 20 Jun 2025 16:04:31 GMT",
            "id_program": 4393,
            "kode_program": "5.02.02",
            "nama_program": "PROGRAM PENGELOLAAN KEUANGAN DAERAH",
            "id_giat": 18210,
            "kode_giat": "5.02.02.2.02",
            "nama_giat": "Koordinasi dan Pengelolaan Perbendaharaan Daerah",
            "pagu_giat": 855000000.0,
            "rinci_giat": null,
            "id_sub_giat": 59447,
            "kode_sub_giat": "5.02.02.2.02.0010",
            "nama_sub_giat": "Penyusunan Petunjuk Teknis Administrasi Keuangan yang Berkaitan dengan Penerimaan dan Pengeluaran Kas serta Penatausahaan dan Pertanggungjawaban Sub Kegiatan",
            "pagu": 40000000.0,
            "pagu_indikatif": 40000000.0,
            "rincian": null,
            "kode_bl": "54.54.4393.18210",
            "kode_sbl": "54.54.4393.18210.59447",
            "kunci_bl": 1,
            "kunci_bl_rinci": 1,
            "user_created": "Rodi Darmadi, SE.,M.Ak",
            "created_date": "30-01-2025",
            "created_time": "14:41",
            "user_updated": "Rodi Darmadi, SE.,M.Ak",
            "updated_date": "27-03-2025",
            "updated_time": "21:56",
            "is_locked": 0
        },
        {
            "id_sub_bl": 61704,
            "id_daerah": 473,
            "tahun": 2026,
            "id_unit": 54,
            "id_skpd": 54,
            "created_user": 6551,
            "kode_skpd": "5.02.0.00.0.00.01.0000",
            "nama_skpd": "Badan Keuangan dan Aset Daerah",
            "id_urusan": 15,
            "kode_urusan": "5",
            "nama_urusan": "UNSUR PENUNJANG URUSAN PEMERINTAHAN",
            "id_bidang_urusan": 236,
            "kode_bidang_urusan": "5.02",
            "nama_bidang_urusan": "KEUANGAN",
            "id_sub_skpd": 54,
            "kode_sub_skpd": "5.02.0.00.0.00.01.0000",
            "nama_sub_skpd": "Badan Keuangan dan Aset Daerah",
            "set_pagu_user": 262068,
            "set_pagu_at": "Fri, 20 Jun 2025 16:04:31 GMT",
            "id_program": 4393,
            "kode_program": "5.02.02",
            "nama_program": "PROGRAM PENGELOLAAN KEUANGAN DAERAH",
            "id_giat": 18211,
            "kode_giat": "5.02.02.2.03",
            "nama_giat": "Koordinasi dan Pelaksanaan Akuntansi dan Pelaporan Keuangan Daerah",
            "pagu_giat": 864200000.0,
            "rinci_giat": null,
            "id_sub_giat": 59449,
            "kode_sub_giat": "5.02.02.2.03.0001",
            "nama_sub_giat": "Koordinasi Pelaksanaan Akuntansi Penerimaan dan Pengeluaran Kas Daerah",
            "pagu": 117483600.0,
            "pagu_indikatif": 117483600.0,
            "rincian": null,
            "kode_bl": "54.54.4393.18211",
            "kode_sbl": "54.54.4393.18211.59449",
            "kunci_bl": 1,
            "kunci_bl_rinci": 1,
            "user_created": "Rodi Darmadi, SE.,M.Ak",
            "created_date": "30-01-2025",
            "created_time": "14:45",
            "user_updated": "Rodi Darmadi, SE.,M.Ak",
            "updated_date": "27-03-2025",
            "updated_time": "21:56",
            "is_locked": 0
        },
        {
            "id_sub_bl": 61710,
            "id_daerah": 473,
            "tahun": 2026,
            "id_unit": 54,
            "id_skpd": 54,
            "created_user": 6551,
            "kode_skpd": "5.02.0.00.0.00.01.0000",
            "nama_skpd": "Badan Keuangan dan Aset Daerah",
            "id_urusan": 15,
            "kode_urusan": "5",
            "nama_urusan": "UNSUR PENUNJANG URUSAN PEMERINTAHAN",
            "id_bidang_urusan": 236,
            "kode_bidang_urusan": "5.02",
            "nama_bidang_urusan": "KEUANGAN",
            "id_sub_skpd": 54,
            "kode_sub_skpd": "5.02.0.00.0.00.01.0000",
            "nama_sub_skpd": "Badan Keuangan dan Aset Daerah",
            "set_pagu_user": 262068,
            "set_pagu_at": "Fri, 20 Jun 2025 16:04:31 GMT",
            "id_program": 4393,
            "kode_program": "5.02.02",
            "nama_program": "PROGRAM PENGELOLAAN KEUANGAN DAERAH",
            "id_giat": 18211,
            "kode_giat": "5.02.02.2.03",
            "nama_giat": "Koordinasi dan Pelaksanaan Akuntansi dan Pelaporan Keuangan Daerah",
            "pagu_giat": 864200000.0,
            "rinci_giat": null,
            "id_sub_giat": 59450,
            "kode_sub_giat": "5.02.02.2.03.0002",
            "nama_sub_giat": "Rekonsiliasi dan Verifikasi Aset, Kewajiban, Ekuitas, Pendapatan, Belanja, Pembiayaan, Pendapatan-LO dan Beban",
            "pagu": 148109000.0,
            "pagu_indikatif": 148109000.0,
            "rincian": null,
            "kode_bl": "54.54.4393.18211",
            "kode_sbl": "54.54.4393.18211.59450",
            "kunci_bl": 1,
            "kunci_bl_rinci": 1,
            "user_created": "Rodi Darmadi, SE.,M.Ak",
            "created_date": "30-01-2025",
            "created_time": "14:50",
            "user_updated": "Rodi Darmadi, SE.,M.Ak",
            "updated_date": "27-03-2025",
            "updated_time": "21:57",
            "is_locked": 0
        },
        {
            "id_sub_bl": 61714,
            "id_daerah": 473,
            "tahun": 2026,
            "id_unit": 54,
            "id_skpd": 54,
            "created_user": 6551,
            "kode_skpd": "5.02.0.00.0.00.01.0000",
            "nama_skpd": "Badan Keuangan dan Aset Daerah",
            "id_urusan": 15,
            "kode_urusan": "5",
            "nama_urusan": "UNSUR PENUNJANG URUSAN PEMERINTAHAN",
            "id_bidang_urusan": 236,
            "kode_bidang_urusan": "5.02",
            "nama_bidang_urusan": "KEUANGAN",
            "id_sub_skpd": 54,
            "kode_sub_skpd": "5.02.0.00.0.00.01.0000",
            "nama_sub_skpd": "Badan Keuangan dan Aset Daerah",
            "set_pagu_user": 262068,
            "set_pagu_at": "Fri, 20 Jun 2025 16:04:31 GMT",
            "id_program": 4393,
            "kode_program": "5.02.02",
            "nama_program": "PROGRAM PENGELOLAAN KEUANGAN DAERAH",
            "id_giat": 18211,
            "kode_giat": "5.02.02.2.03",
            "nama_giat": "Koordinasi dan Pelaksanaan Akuntansi dan Pelaporan Keuangan Daerah",
            "pagu_giat": 864200000.0,
            "rinci_giat": null,
            "id_sub_giat": 59451,
            "kode_sub_giat": "5.02.02.2.03.0003",
            "nama_sub_giat": "Koordinasi Penyusunan Laporan Pertanggungjawaban Pelaksanaan APBD Bulanan, Triwulanan dan Semesteran",
            "pagu": 80895000.0,
            "pagu_indikatif": 80895000.0,
            "rincian": null,
            "kode_bl": "54.54.4393.18211",
            "kode_sbl": "54.54.4393.18211.59451",
            "kunci_bl": 1,
            "kunci_bl_rinci": 1,
            "user_created": "Rodi Darmadi, SE.,M.Ak",
            "created_date": "30-01-2025",
            "created_time": "14:51",
            "user_updated": "Rodi Darmadi, SE.,M.Ak",
            "updated_date": "27-03-2025",
            "updated_time": "21:57",
            "is_locked": 0
        },
        {
            "id_sub_bl": 61715,
            "id_daerah": 473,
            "tahun": 2026,
            "id_unit": 54,
            "id_skpd": 54,
            "created_user": 6551,
            "kode_skpd": "5.02.0.00.0.00.01.0000",
            "nama_skpd": "Badan Keuangan dan Aset Daerah",
            "id_urusan": 15,
            "kode_urusan": "5",
            "nama_urusan": "UNSUR PENUNJANG URUSAN PEMERINTAHAN",
            "id_bidang_urusan": 236,
            "kode_bidang_urusan": "5.02",
            "nama_bidang_urusan": "KEUANGAN",
            "id_sub_skpd": 54,
            "kode_sub_skpd": "5.02.0.00.0.00.01.0000",
            "nama_sub_skpd": "Badan Keuangan dan Aset Daerah",
            "set_pagu_user": 262068,
            "set_pagu_at": "Fri, 20 Jun 2025 16:04:31 GMT",
            "id_program": 4393,
            "kode_program": "5.02.02",
            "nama_program": "PROGRAM PENGELOLAAN KEUANGAN DAERAH",
            "id_giat": 18211,
            "kode_giat": "5.02.02.2.03",
            "nama_giat": "Koordinasi dan Pelaksanaan Akuntansi dan Pelaporan Keuangan Daerah",
            "pagu_giat": 864200000.0,
            "rinci_giat": null,
            "id_sub_giat": 59452,
            "kode_sub_giat": "5.02.02.2.03.0004",
            "nama_sub_giat": "Konsolidasi Laporan Keuangan SKPD, BLUD dan Laporan Keuangan Pemerintah Daerah",
            "pagu": 326407700.0,
            "pagu_indikatif": 326407700.0,
            "rincian": null,
            "kode_bl": "54.54.4393.18211",
            "kode_sbl": "54.54.4393.18211.59452",
            "kunci_bl": 1,
            "kunci_bl_rinci": 1,
            "user_created": "Rodi Darmadi, SE.,M.Ak",
            "created_date": "30-01-2025",
            "created_time": "14:52",
            "user_updated": "Rodi Darmadi, SE.,M.Ak",
            "updated_date": "27-03-2025",
            "updated_time": "21:57",
            "is_locked": 0
        },
        {
            "id_sub_bl": 61719,
            "id_daerah": 473,
            "tahun": 2026,
            "id_unit": 54,
            "id_skpd": 54,
            "created_user": 6551,
            "kode_skpd": "5.02.0.00.0.00.01.0000",
            "nama_skpd": "Badan Keuangan dan Aset Daerah",
            "id_urusan": 15,
            "kode_urusan": "5",
            "nama_urusan": "UNSUR PENUNJANG URUSAN PEMERINTAHAN",
            "id_bidang_urusan": 236,
            "kode_bidang_urusan": "5.02",
            "nama_bidang_urusan": "KEUANGAN",
            "id_sub_skpd": 54,
            "kode_sub_skpd": "5.02.0.00.0.00.01.0000",
            "nama_sub_skpd": "Badan Keuangan dan Aset Daerah",
            "set_pagu_user": 262068,
            "set_pagu_at": "Fri, 20 Jun 2025 16:04:31 GMT",
            "id_program": 4393,
            "kode_program": "5.02.02",
            "nama_program": "PROGRAM PENGELOLAAN KEUANGAN DAERAH",
            "id_giat": 18211,
            "kode_giat": "5.02.02.2.03",
            "nama_giat": "Koordinasi dan Pelaksanaan Akuntansi dan Pelaporan Keuangan Daerah",
            "pagu_giat": 864200000.0,
            "rinci_giat": null,
            "id_sub_giat": 59453,
            "kode_sub_giat": "5.02.02.2.03.0005",
            "nama_sub_giat": "Koordinasi dan Penyusunan Rancangan Peraturan Daerah tentang Pertanggungjawaban Pelaksanaan APBD Kabupaten/Kota dan Rancangan Peraturan Kepala Daerah tentang Penjabaran Pertanggungjawaban Pelaksanaan APBD Kabupaten/Kota",
            "pagu": 99593500.0,
            "pagu_indikatif": 99593500.0,
            "rincian": null,
            "kode_bl": "54.54.4393.18211",
            "kode_sbl": "54.54.4393.18211.59453",
            "kunci_bl": 1,
            "kunci_bl_rinci": 1,
            "user_created": "Rodi Darmadi, SE.,M.Ak",
            "created_date": "30-01-2025",
            "created_time": "14:54",
            "user_updated": "Rodi Darmadi, SE.,M.Ak",
            "updated_date": "27-03-2025",
            "updated_time": "21:58",
            "is_locked": 0
        },
        {
            "id_sub_bl": 61720,
            "id_daerah": 473,
            "tahun": 2026,
            "id_unit": 54,
            "id_skpd": 54,
            "created_user": 6551,
            "kode_skpd": "5.02.0.00.0.00.01.0000",
            "nama_skpd": "Badan Keuangan dan Aset Daerah",
            "id_urusan": 15,
            "kode_urusan": "5",
            "nama_urusan": "UNSUR PENUNJANG URUSAN PEMERINTAHAN",
            "id_bidang_urusan": 236,
            "kode_bidang_urusan": "5.02",
            "nama_bidang_urusan": "KEUANGAN",
            "id_sub_skpd": 54,
            "kode_sub_skpd": "5.02.0.00.0.00.01.0000",
            "nama_sub_skpd": "Badan Keuangan dan Aset Daerah",
            "set_pagu_user": 262068,
            "set_pagu_at": "Fri, 20 Jun 2025 16:04:31 GMT",
            "id_program": 4393,
            "kode_program": "5.02.02",
            "nama_program": "PROGRAM PENGELOLAAN KEUANGAN DAERAH",
            "id_giat": 18211,
            "kode_giat": "5.02.02.2.03",
            "nama_giat": "Koordinasi dan Pelaksanaan Akuntansi dan Pelaporan Keuangan Daerah",
            "pagu_giat": 864200000.0,
            "rinci_giat": null,
            "id_sub_giat": 59458,
            "kode_sub_giat": "5.02.02.2.03.0010",
            "nama_sub_giat": "Penyusunan Sistem dan Prosedur Akuntansi dan Pelaporan Keuangan Pemerintah Daerah",
            "pagu": 91711200.0,
            "pagu_indikatif": 91711200.0,
            "rincian": null,
            "kode_bl": "54.54.4393.18211",
            "kode_sbl": "54.54.4393.18211.59458",
            "kunci_bl": 1,
            "kunci_bl_rinci": 1,
            "user_created": "Rodi Darmadi, SE.,M.Ak",
            "created_date": "30-01-2025",
            "created_time": "14:55",
            "user_updated": "Rodi Darmadi, SE.,M.Ak",
            "updated_date": "27-03-2025",
            "updated_time": "21:58",
            "is_locked": 0
        },
        {
            "id_sub_bl": 61727,
            "id_daerah": 473,
            "tahun": 2026,
            "id_unit": 54,
            "id_skpd": 54,
            "created_user": 6551,
            "kode_skpd": "5.02.0.00.0.00.01.0000",
            "nama_skpd": "Badan Keuangan dan Aset Daerah",
            "id_urusan": 15,
            "kode_urusan": "5",
            "nama_urusan": "UNSUR PENUNJANG URUSAN PEMERINTAHAN",
            "id_bidang_urusan": 236,
            "kode_bidang_urusan": "5.02",
            "nama_bidang_urusan": "KEUANGAN",
            "id_sub_skpd": 54,
            "kode_sub_skpd": "5.02.0.00.0.00.01.0000",
            "nama_sub_skpd": "Badan Keuangan dan Aset Daerah",
            "set_pagu_user": 262068,
            "set_pagu_at": "Fri, 20 Jun 2025 16:04:31 GMT",
            "id_program": 4393,
            "kode_program": "5.02.02",
            "nama_program": "PROGRAM PENGELOLAAN KEUANGAN DAERAH",
            "id_giat": 18212,
            "kode_giat": "5.02.02.2.04",
            "nama_giat": "Penunjang Urusan Kewenangan Pengelolaan Keuangan Daerah",
            "pagu_giat": 278028995750.0,
            "rinci_giat": null,
            "id_sub_giat": 59469,
            "kode_sub_giat": "5.02.02.2.04.0008",
            "nama_sub_giat": "Analisis Perencanaan dan Penyaluran Bantuan Keuangan",
            "pagu": 246829351910.0,
            "pagu_indikatif": 246829351910.0,
            "rincian": null,
            "kode_bl": "54.54.4393.18212",
            "kode_sbl": "54.54.4393.18212.59469",
            "kunci_bl": 1,
            "kunci_bl_rinci": 1,
            "user_created": "Rodi Darmadi, SE.,M.Ak",
            "created_date": "30-01-2025",
            "created_time": "14:58",
            "user_updated": "Rodi Darmadi, SE.,M.Ak",
            "updated_date": "27-03-2025",
            "updated_time": "21:59",
            "is_locked": 0
        },
        {
            "id_sub_bl": 61730,
            "id_daerah": 473,
            "tahun": 2026,
            "id_unit": 54,
            "id_skpd": 54,
            "created_user": 6551,
            "kode_skpd": "5.02.0.00.0.00.01.0000",
            "nama_skpd": "Badan Keuangan dan Aset Daerah",
            "id_urusan": 15,
            "kode_urusan": "5",
            "nama_urusan": "UNSUR PENUNJANG URUSAN PEMERINTAHAN",
            "id_bidang_urusan": 236,
            "kode_bidang_urusan": "5.02",
            "nama_bidang_urusan": "KEUANGAN",
            "id_sub_skpd": 54,
            "kode_sub_skpd": "5.02.0.00.0.00.01.0000",
            "nama_sub_skpd": "Badan Keuangan dan Aset Daerah",
            "set_pagu_user": 262068,
            "set_pagu_at": "Fri, 20 Jun 2025 16:04:31 GMT",
            "id_program": 4393,
            "kode_program": "5.02.02",
            "nama_program": "PROGRAM PENGELOLAAN KEUANGAN DAERAH",
            "id_giat": 18212,
            "kode_giat": "5.02.02.2.04",
            "nama_giat": "Penunjang Urusan Kewenangan Pengelolaan Keuangan Daerah",
            "pagu_giat": 278028995750.0,
            "rinci_giat": null,
            "id_sub_giat": 59470,
            "kode_sub_giat": "5.02.02.2.04.0009",
            "nama_sub_giat": "Pengelolaan Dana Darurat dan Mendesak",
            "pagu": 30000000000.0,
            "pagu_indikatif": 30000000000.0,
            "rincian": null,
            "kode_bl": "54.54.4393.18212",
            "kode_sbl": "54.54.4393.18212.59470",
            "kunci_bl": 1,
            "kunci_bl_rinci": 1,
            "user_created": "Rodi Darmadi, SE.,M.Ak",
            "created_date": "30-01-2025",
            "created_time": "14:59",
            "user_updated": "Rodi Darmadi, SE.,M.Ak",
            "updated_date": "27-03-2025",
            "updated_time": "21:59",
            "is_locked": 0
        },
        {
            "id_sub_bl": 61739,
            "id_daerah": 473,
            "tahun": 2026,
            "id_unit": 54,
            "id_skpd": 54,
            "created_user": 6551,
            "kode_skpd": "5.02.0.00.0.00.01.0000",
            "nama_skpd": "Badan Keuangan dan Aset Daerah",
            "id_urusan": 15,
            "kode_urusan": "5",
            "nama_urusan": "UNSUR PENUNJANG URUSAN PEMERINTAHAN",
            "id_bidang_urusan": 236,
            "kode_bidang_urusan": "5.02",
            "nama_bidang_urusan": "KEUANGAN",
            "id_sub_skpd": 54,
            "kode_sub_skpd": "5.02.0.00.0.00.01.0000",
            "nama_sub_skpd": "Badan Keuangan dan Aset Daerah",
            "set_pagu_user": 262068,
            "set_pagu_at": "Fri, 20 Jun 2025 16:04:31 GMT",
            "id_program": 4393,
            "kode_program": "5.02.02",
            "nama_program": "PROGRAM PENGELOLAAN KEUANGAN DAERAH",
            "id_giat": 18212,
            "kode_giat": "5.02.02.2.04",
            "nama_giat": "Penunjang Urusan Kewenangan Pengelolaan Keuangan Daerah",
            "pagu_giat": 278028995750.0,
            "rinci_giat": null,
            "id_sub_giat": 59471,
            "kode_sub_giat": "5.02.02.2.04.0010",
            "nama_sub_giat": "Pengelolaan Dana bagi Hasil Kabupaten/Kota",
            "pagu": 1199643840.0,
            "pagu_indikatif": 1199643840.0,
            "rincian": null,
            "kode_bl": "54.54.4393.18212",
            "kode_sbl": "54.54.4393.18212.59471",
            "kunci_bl": 1,
            "kunci_bl_rinci": 1,
            "user_created": "Rodi Darmadi, SE.,M.Ak",
            "created_date": "30-01-2025",
            "created_time": "15:03",
            "user_updated": "Rodi Darmadi, SE.,M.Ak",
            "updated_date": "27-03-2025",
            "updated_time": "22:00",
            "is_locked": 0
        },
        {
            "id_sub_bl": 61741,
            "id_daerah": 473,
            "tahun": 2026,
            "id_unit": 54,
            "id_skpd": 54,
            "created_user": 6551,
            "kode_skpd": "5.02.0.00.0.00.01.0000",
            "nama_skpd": "Badan Keuangan dan Aset Daerah",
            "id_urusan": 15,
            "kode_urusan": "5",
            "nama_urusan": "UNSUR PENUNJANG URUSAN PEMERINTAHAN",
            "id_bidang_urusan": 236,
            "kode_bidang_urusan": "5.02",
            "nama_bidang_urusan": "KEUANGAN",
            "id_sub_skpd": 54,
            "kode_sub_skpd": "5.02.0.00.0.00.01.0000",
            "nama_sub_skpd": "Badan Keuangan dan Aset Daerah",
            "set_pagu_user": 262068,
            "set_pagu_at": "Fri, 20 Jun 2025 16:04:31 GMT",
            "id_program": 4395,
            "kode_program": "5.02.03",
            "nama_program": "PROGRAM PENGELOLAAN BARANG MILIK DAERAH",
            "id_giat": 18215,
            "kode_giat": "5.02.03.2.01",
            "nama_giat": "Pengelolaan Barang Milik Daerah",
            "pagu_giat": 1050000000.0,
            "rinci_giat": null,
            "id_sub_giat": 59490,
            "kode_sub_giat": "5.02.03.2.01.0003",
            "nama_sub_giat": "Penyusunan Perencanaan Kebutuhan Barang Milik Daerah",
            "pagu": 240000000.0,
            "pagu_indikatif": 240000000.0,
            "rincian": null,
            "kode_bl": "54.54.4395.18215",
            "kode_sbl": "54.54.4395.18215.59490",
            "kunci_bl": 1,
            "kunci_bl_rinci": 1,
            "user_created": "Rodi Darmadi, SE.,M.Ak",
            "created_date": "30-01-2025",
            "created_time": "15:05",
            "user_updated": "Rodi Darmadi, SE.,M.Ak",
            "updated_date": "27-03-2025",
            "updated_time": "22:01",
            "is_locked": 0
        },
        {
            "id_sub_bl": 61744,
            "id_daerah": 473,
            "tahun": 2026,
            "id_unit": 54,
            "id_skpd": 54,
            "created_user": 6551,
            "kode_skpd": "5.02.0.00.0.00.01.0000",
            "nama_skpd": "Badan Keuangan dan Aset Daerah",
            "id_urusan": 15,
            "kode_urusan": "5",
            "nama_urusan": "UNSUR PENUNJANG URUSAN PEMERINTAHAN",
            "id_bidang_urusan": 236,
            "kode_bidang_urusan": "5.02",
            "nama_bidang_urusan": "KEUANGAN",
            "id_sub_skpd": 54,
            "kode_sub_skpd": "5.02.0.00.0.00.01.0000",
            "nama_sub_skpd": "Badan Keuangan dan Aset Daerah",
            "set_pagu_user": 262068,
            "set_pagu_at": "Fri, 20 Jun 2025 16:04:31 GMT",
            "id_program": 4395,
            "kode_program": "5.02.03",
            "nama_program": "PROGRAM PENGELOLAAN BARANG MILIK DAERAH",
            "id_giat": 18215,
            "kode_giat": "5.02.03.2.01",
            "nama_giat": "Pengelolaan Barang Milik Daerah",
            "pagu_giat": 1050000000.0,
            "rinci_giat": null,
            "id_sub_giat": 59492,
            "kode_sub_giat": "5.02.03.2.01.0005",
            "nama_sub_giat": "Penatausahaan Barang Milik Daerah",
            "pagu": 345000000.0,
            "pagu_indikatif": 345000000.0,
            "rincian": null,
            "kode_bl": "54.54.4395.18215",
            "kode_sbl": "54.54.4395.18215.59492",
            "kunci_bl": 1,
            "kunci_bl_rinci": 1,
            "user_created": "Rodi Darmadi, SE.,M.Ak",
            "created_date": "30-01-2025",
            "created_time": "15:06",
            "user_updated": "Rodi Darmadi, SE.,M.Ak",
            "updated_date": "27-03-2025",
            "updated_time": "22:01",
            "is_locked": 0
        },
        {
            "id_sub_bl": 61745,
            "id_daerah": 473,
            "tahun": 2026,
            "id_unit": 54,
            "id_skpd": 54,
            "created_user": 6551,
            "kode_skpd": "5.02.0.00.0.00.01.0000",
            "nama_skpd": "Badan Keuangan dan Aset Daerah",
            "id_urusan": 15,
            "kode_urusan": "5",
            "nama_urusan": "UNSUR PENUNJANG URUSAN PEMERINTAHAN",
            "id_bidang_urusan": 236,
            "kode_bidang_urusan": "5.02",
            "nama_bidang_urusan": "KEUANGAN",
            "id_sub_skpd": 54,
            "kode_sub_skpd": "5.02.0.00.0.00.01.0000",
            "nama_sub_skpd": "Badan Keuangan dan Aset Daerah",
            "set_pagu_user": 262068,
            "set_pagu_at": "Fri, 20 Jun 2025 16:04:31 GMT",
            "id_program": 4395,
            "kode_program": "5.02.03",
            "nama_program": "PROGRAM PENGELOLAAN BARANG MILIK DAERAH",
            "id_giat": 18215,
            "kode_giat": "5.02.03.2.01",
            "nama_giat": "Pengelolaan Barang Milik Daerah",
            "pagu_giat": 1050000000.0,
            "rinci_giat": null,
            "id_sub_giat": 59493,
            "kode_sub_giat": "5.02.03.2.01.0006",
            "nama_sub_giat": "Inventarisasi Barang Milik Daerah",
            "pagu": 150000000.0,
            "pagu_indikatif": 150000000.0,
            "rincian": null,
            "kode_bl": "54.54.4395.18215",
            "kode_sbl": "54.54.4395.18215.59493",
            "kunci_bl": 1,
            "kunci_bl_rinci": 1,
            "user_created": "Rodi Darmadi, SE.,M.Ak",
            "created_date": "30-01-2025",
            "created_time": "15:07",
            "user_updated": "Rodi Darmadi, SE.,M.Ak",
            "updated_date": "27-03-2025",
            "updated_time": "22:02",
            "is_locked": 0
        },
        {
            "id_sub_bl": 61750,
            "id_daerah": 473,
            "tahun": 2026,
            "id_unit": 54,
            "id_skpd": 54,
            "created_user": 6551,
            "kode_skpd": "5.02.0.00.0.00.01.0000",
            "nama_skpd": "Badan Keuangan dan Aset Daerah",
            "id_urusan": 15,
            "kode_urusan": "5",
            "nama_urusan": "UNSUR PENUNJANG URUSAN PEMERINTAHAN",
            "id_bidang_urusan": 236,
            "kode_bidang_urusan": "5.02",
            "nama_bidang_urusan": "KEUANGAN",
            "id_sub_skpd": 54,
            "kode_sub_skpd": "5.02.0.00.0.00.01.0000",
            "nama_sub_skpd": "Badan Keuangan dan Aset Daerah",
            "set_pagu_user": 262068,
            "set_pagu_at": "Fri, 20 Jun 2025 16:04:31 GMT",
            "id_program": 4395,
            "kode_program": "5.02.03",
            "nama_program": "PROGRAM PENGELOLAAN BARANG MILIK DAERAH",
            "id_giat": 18215,
            "kode_giat": "5.02.03.2.01",
            "nama_giat": "Pengelolaan Barang Milik Daerah",
            "pagu_giat": 1050000000.0,
            "rinci_giat": null,
            "id_sub_giat": 59494,
            "kode_sub_giat": "5.02.03.2.01.0007",
            "nama_sub_giat": "Pengamanan Barang Milik Daerah",
            "pagu": 85000000.0,
            "pagu_indikatif": 85000000.0,
            "rincian": null,
            "kode_bl": "54.54.4395.18215",
            "kode_sbl": "54.54.4395.18215.59494",
            "kunci_bl": 1,
            "kunci_bl_rinci": 1,
            "user_created": "Rodi Darmadi, SE.,M.Ak",
            "created_date": "30-01-2025",
            "created_time": "15:08",
            "user_updated": "Rodi Darmadi, SE.,M.Ak",
            "updated_date": "27-03-2025",
            "updated_time": "22:02",
            "is_locked": 0
        },
        {
            "id_sub_bl": 61753,
            "id_daerah": 473,
            "tahun": 2026,
            "id_unit": 54,
            "id_skpd": 54,
            "created_user": 6551,
            "kode_skpd": "5.02.0.00.0.00.01.0000",
            "nama_skpd": "Badan Keuangan dan Aset Daerah",
            "id_urusan": 15,
            "kode_urusan": "5",
            "nama_urusan": "UNSUR PENUNJANG URUSAN PEMERINTAHAN",
            "id_bidang_urusan": 236,
            "kode_bidang_urusan": "5.02",
            "nama_bidang_urusan": "KEUANGAN",
            "id_sub_skpd": 54,
            "kode_sub_skpd": "5.02.0.00.0.00.01.0000",
            "nama_sub_skpd": "Badan Keuangan dan Aset Daerah",
            "set_pagu_user": 262068,
            "set_pagu_at": "Fri, 20 Jun 2025 16:04:31 GMT",
            "id_program": 4395,
            "kode_program": "5.02.03",
            "nama_program": "PROGRAM PENGELOLAAN BARANG MILIK DAERAH",
            "id_giat": 18215,
            "kode_giat": "5.02.03.2.01",
            "nama_giat": "Pengelolaan Barang Milik Daerah",
            "pagu_giat": 1050000000.0,
            "rinci_giat": null,
            "id_sub_giat": 59498,
            "kode_sub_giat": "5.02.03.2.01.0011",
            "nama_sub_giat": "Rekonsiliasi dalam rangka Penyusunan Laporan Barang Milik Daerah",
            "pagu": 230000000.0,
            "pagu_indikatif": 230000000.0,
            "rincian": null,
            "kode_bl": "54.54.4395.18215",
            "kode_sbl": "54.54.4395.18215.59498",
            "kunci_bl": 1,
            "kunci_bl_rinci": 1,
            "user_created": "Rodi Darmadi, SE.,M.Ak",
            "created_date": "30-01-2025",
            "created_time": "15:10",
            "user_updated": "Rodi Darmadi, SE.,M.Ak",
            "updated_date": "27-03-2025",
            "updated_time": "22:03",
            "is_locked": 0
        },
        {
            "id_sub_bl": 61882,
            "id_daerah": 473,
            "tahun": 2026,
            "id_unit": 54,
            "id_skpd": 54,
            "created_user": 6551,
            "kode_skpd": "5.02.0.00.0.00.01.0000",
            "nama_skpd": "Badan Keuangan dan Aset Daerah",
            "id_urusan": 15,
            "kode_urusan": "5",
            "nama_urusan": "UNSUR PENUNJANG URUSAN PEMERINTAHAN",
            "id_bidang_urusan": 236,
            "kode_bidang_urusan": "5.02",
            "nama_bidang_urusan": "KEUANGAN",
            "id_sub_skpd": 54,
            "kode_sub_skpd": "5.02.0.00.0.00.01.0000",
            "nama_sub_skpd": "Badan Keuangan dan Aset Daerah",
            "set_pagu_user": 262068,
            "set_pagu_at": "Fri, 20 Jun 2025 16:04:31 GMT",
            "id_program": 4451,
            "kode_program": "5.02.01",
            "nama_program": "PROGRAM PENUNJANG URUSAN PEMERINTAHAN DAERAH KABUPATEN/KOTA",
            "id_giat": 18371,
            "kode_giat": "5.02.01.2.01",
            "nama_giat": "Perencanaan, Penganggaran, dan Evaluasi Kinerja Perangkat Daerah",
            "pagu_giat": 200000000.0,
            "rinci_giat": null,
            "id_sub_giat": 60589,
            "kode_sub_giat": "5.02.01.2.01.0001",
            "nama_sub_giat": "Penyusunan Dokumen Perencanaan Perangkat Daerah",
            "pagu": 80000000.0,
            "pagu_indikatif": 80000000.0,
            "rincian": null,
            "kode_bl": "54.54.4451.18371",
            "kode_sbl": "54.54.4451.18371.60589",
            "kunci_bl": 1,
            "kunci_bl_rinci": 1,
            "user_created": "Rodi Darmadi, SE.,M.Ak",
            "created_date": "30-01-2025",
            "created_time": "19:34",
            "user_updated": "Masrup, S.ST.Pi, M.M",
            "updated_date": "20-06-2025",
            "updated_time": "15:39",
            "is_locked": 0
        },
        {
            "id_sub_bl": 61883,
            "id_daerah": 473,
            "tahun": 2026,
            "id_unit": 54,
            "id_skpd": 54,
            "created_user": 6551,
            "kode_skpd": "5.02.0.00.0.00.01.0000",
            "nama_skpd": "Badan Keuangan dan Aset Daerah",
            "id_urusan": 15,
            "kode_urusan": "5",
            "nama_urusan": "UNSUR PENUNJANG URUSAN PEMERINTAHAN",
            "id_bidang_urusan": 236,
            "kode_bidang_urusan": "5.02",
            "nama_bidang_urusan": "KEUANGAN",
            "id_sub_skpd": 54,
            "kode_sub_skpd": "5.02.0.00.0.00.01.0000",
            "nama_sub_skpd": "Badan Keuangan dan Aset Daerah",
            "set_pagu_user": 262068,
            "set_pagu_at": "Fri, 20 Jun 2025 16:04:31 GMT",
            "id_program": 4451,
            "kode_program": "5.02.01",
            "nama_program": "PROGRAM PENUNJANG URUSAN PEMERINTAHAN DAERAH KABUPATEN/KOTA",
            "id_giat": 18371,
            "kode_giat": "5.02.01.2.01",
            "nama_giat": "Perencanaan, Penganggaran, dan Evaluasi Kinerja Perangkat Daerah",
            "pagu_giat": 200000000.0,
            "rinci_giat": null,
            "id_sub_giat": 60590,
            "kode_sub_giat": "5.02.01.2.01.0002",
            "nama_sub_giat": "Koordinasi dan Penyusunan Dokumen RKA-SKPD",
            "pagu": 36000000.0,
            "pagu_indikatif": 36000000.0,
            "rincian": null,
            "kode_bl": "54.54.4451.18371",
            "kode_sbl": "54.54.4451.18371.60590",
            "kunci_bl": 1,
            "kunci_bl_rinci": 1,
            "user_created": "Rodi Darmadi, SE.,M.Ak",
            "created_date": "30-01-2025",
            "created_time": "19:35",
            "user_updated": "Rodi Darmadi, SE.,M.Ak",
            "updated_date": "27-03-2025",
            "updated_time": "22:04",
            "is_locked": 0
        },
        {
            "id_sub_bl": 61884,
            "id_daerah": 473,
            "tahun": 2026,
            "id_unit": 54,
            "id_skpd": 54,
            "created_user": 6551,
            "kode_skpd": "5.02.0.00.0.00.01.0000",
            "nama_skpd": "Badan Keuangan dan Aset Daerah",
            "id_urusan": 15,
            "kode_urusan": "5",
            "nama_urusan": "UNSUR PENUNJANG URUSAN PEMERINTAHAN",
            "id_bidang_urusan": 236,
            "kode_bidang_urusan": "5.02",
            "nama_bidang_urusan": "KEUANGAN",
            "id_sub_skpd": 54,
            "kode_sub_skpd": "5.02.0.00.0.00.01.0000",
            "nama_sub_skpd": "Badan Keuangan dan Aset Daerah",
            "set_pagu_user": 262068,
            "set_pagu_at": "Fri, 20 Jun 2025 16:04:31 GMT",
            "id_program": 4451,
            "kode_program": "5.02.01",
            "nama_program": "PROGRAM PENUNJANG URUSAN PEMERINTAHAN DAERAH KABUPATEN/KOTA",
            "id_giat": 18371,
            "kode_giat": "5.02.01.2.01",
            "nama_giat": "Perencanaan, Penganggaran, dan Evaluasi Kinerja Perangkat Daerah",
            "pagu_giat": 200000000.0,
            "rinci_giat": null,
            "id_sub_giat": 60592,
            "kode_sub_giat": "5.02.01.2.01.0004",
            "nama_sub_giat": "Koordinasi dan Penyusunan DPA-SKPD",
            "pagu": 7000000.0,
            "pagu_indikatif": 7000000.0,
            "rincian": null,
            "kode_bl": "54.54.4451.18371",
            "kode_sbl": "54.54.4451.18371.60592",
            "kunci_bl": 1,
            "kunci_bl_rinci": 1,
            "user_created": "Rodi Darmadi, SE.,M.Ak",
            "created_date": "30-01-2025",
            "created_time": "19:37",
            "user_updated": "Rodi Darmadi, SE.,M.Ak",
            "updated_date": "27-03-2025",
            "updated_time": "22:05",
            "is_locked": 0
        },
        {
            "id_sub_bl": 61885,
            "id_daerah": 473,
            "tahun": 2026,
            "id_unit": 54,
            "id_skpd": 54,
            "created_user": 6551,
            "kode_skpd": "5.02.0.00.0.00.01.0000",
            "nama_skpd": "Badan Keuangan dan Aset Daerah",
            "id_urusan": 15,
            "kode_urusan": "5",
            "nama_urusan": "UNSUR PENUNJANG URUSAN PEMERINTAHAN",
            "id_bidang_urusan": 236,
            "kode_bidang_urusan": "5.02",
            "nama_bidang_urusan": "KEUANGAN",
            "id_sub_skpd": 54,
            "kode_sub_skpd": "5.02.0.00.0.00.01.0000",
            "nama_sub_skpd": "Badan Keuangan dan Aset Daerah",
            "set_pagu_user": 262068,
            "set_pagu_at": "Fri, 20 Jun 2025 16:04:31 GMT",
            "id_program": 4451,
            "kode_program": "5.02.01",
            "nama_program": "PROGRAM PENUNJANG URUSAN PEMERINTAHAN DAERAH KABUPATEN/KOTA",
            "id_giat": 18371,
            "kode_giat": "5.02.01.2.01",
            "nama_giat": "Perencanaan, Penganggaran, dan Evaluasi Kinerja Perangkat Daerah",
            "pagu_giat": 200000000.0,
            "rinci_giat": null,
            "id_sub_giat": 60593,
            "kode_sub_giat": "5.02.01.2.01.0005",
            "nama_sub_giat": "Koordinasi dan Penyusunan Perubahan DPA- SKPD",
            "pagu": 35000000.0,
            "pagu_indikatif": 35000000.0,
            "rincian": null,
            "kode_bl": "54.54.4451.18371",
            "kode_sbl": "54.54.4451.18371.60593",
            "kunci_bl": 1,
            "kunci_bl_rinci": 1,
            "user_created": "Rodi Darmadi, SE.,M.Ak",
            "created_date": "30-01-2025",
            "created_time": "19:39",
            "user_updated": "Rodi Darmadi, SE.,M.Ak",
            "updated_date": "27-03-2025",
            "updated_time": "22:05",
            "is_locked": 0
        },
        {
            "id_sub_bl": 61886,
            "id_daerah": 473,
            "tahun": 2026,
            "id_unit": 54,
            "id_skpd": 54,
            "created_user": 6551,
            "kode_skpd": "5.02.0.00.0.00.01.0000",
            "nama_skpd": "Badan Keuangan dan Aset Daerah",
            "id_urusan": 15,
            "kode_urusan": "5",
            "nama_urusan": "UNSUR PENUNJANG URUSAN PEMERINTAHAN",
            "id_bidang_urusan": 236,
            "kode_bidang_urusan": "5.02",
            "nama_bidang_urusan": "KEUANGAN",
            "id_sub_skpd": 54,
            "kode_sub_skpd": "5.02.0.00.0.00.01.0000",
            "nama_sub_skpd": "Badan Keuangan dan Aset Daerah",
            "set_pagu_user": 262068,
            "set_pagu_at": "Fri, 20 Jun 2025 16:04:31 GMT",
            "id_program": 4451,
            "kode_program": "5.02.01",
            "nama_program": "PROGRAM PENUNJANG URUSAN PEMERINTAHAN DAERAH KABUPATEN/KOTA",
            "id_giat": 18371,
            "kode_giat": "5.02.01.2.01",
            "nama_giat": "Perencanaan, Penganggaran, dan Evaluasi Kinerja Perangkat Daerah",
            "pagu_giat": 200000000.0,
            "rinci_giat": null,
            "id_sub_giat": 60594,
            "kode_sub_giat": "5.02.01.2.01.0006",
            "nama_sub_giat": "Koordinasi dan Penyusunan Laporan Capaian Kinerja dan Ikhtisar Realisasi Kinerja SKPD",
            "pagu": 42000000.0,
            "pagu_indikatif": 42000000.0,
            "rincian": null,
            "kode_bl": "54.54.4451.18371",
            "kode_sbl": "54.54.4451.18371.60594",
            "kunci_bl": 1,
            "kunci_bl_rinci": 1,
            "user_created": "Rodi Darmadi, SE.,M.Ak",
            "created_date": "30-01-2025",
            "created_time": "19:40",
            "user_updated": "Rodi Darmadi, SE.,M.Ak",
            "updated_date": "27-03-2025",
            "updated_time": "22:06",
            "is_locked": 0
        },
        {
            "id_sub_bl": 61887,
            "id_daerah": 473,
            "tahun": 2026,
            "id_unit": 54,
            "id_skpd": 54,
            "created_user": 6551,
            "kode_skpd": "5.02.0.00.0.00.01.0000",
            "nama_skpd": "Badan Keuangan dan Aset Daerah",
            "id_urusan": 15,
            "kode_urusan": "5",
            "nama_urusan": "UNSUR PENUNJANG URUSAN PEMERINTAHAN",
            "id_bidang_urusan": 236,
            "kode_bidang_urusan": "5.02",
            "nama_bidang_urusan": "KEUANGAN",
            "id_sub_skpd": 54,
            "kode_sub_skpd": "5.02.0.00.0.00.01.0000",
            "nama_sub_skpd": "Badan Keuangan dan Aset Daerah",
            "set_pagu_user": 262068,
            "set_pagu_at": "Fri, 20 Jun 2025 16:04:31 GMT",
            "id_program": 4451,
            "kode_program": "5.02.01",
            "nama_program": "PROGRAM PENUNJANG URUSAN PEMERINTAHAN DAERAH KABUPATEN/KOTA",
            "id_giat": 18372,
            "kode_giat": "5.02.01.2.02",
            "nama_giat": "Administrasi Keuangan Perangkat Daerah",
            "pagu_giat": 113076296130.0,
            "rinci_giat": null,
            "id_sub_giat": 60602,
            "kode_sub_giat": "5.02.01.2.02.0001",
            "nama_sub_giat": "Penyediaan Gaji dan Tunjangan ASN",
            "pagu": 112270296130.0,
            "pagu_indikatif": 112270296130.0,
            "rincian": null,
            "kode_bl": "54.54.4451.18372",
            "kode_sbl": "54.54.4451.18372.60602",
            "kunci_bl": 1,
            "kunci_bl_rinci": 1,
            "user_created": "Rodi Darmadi, SE.,M.Ak",
            "created_date": "30-01-2025",
            "created_time": "19:42",
            "user_updated": "Rodi Darmadi, SE.,M.Ak",
            "updated_date": "27-03-2025",
            "updated_time": "22:07",
            "is_locked": 0
        },
        {
            "id_sub_bl": 61888,
            "id_daerah": 473,
            "tahun": 2026,
            "id_unit": 54,
            "id_skpd": 54,
            "created_user": 6551,
            "kode_skpd": "5.02.0.00.0.00.01.0000",
            "nama_skpd": "Badan Keuangan dan Aset Daerah",
            "id_urusan": 15,
            "kode_urusan": "5",
            "nama_urusan": "UNSUR PENUNJANG URUSAN PEMERINTAHAN",
            "id_bidang_urusan": 236,
            "kode_bidang_urusan": "5.02",
            "nama_bidang_urusan": "KEUANGAN",
            "id_sub_skpd": 54,
            "kode_sub_skpd": "5.02.0.00.0.00.01.0000",
            "nama_sub_skpd": "Badan Keuangan dan Aset Daerah",
            "set_pagu_user": 262068,
            "set_pagu_at": "Fri, 20 Jun 2025 16:04:31 GMT",
            "id_program": 4451,
            "kode_program": "5.02.01",
            "nama_program": "PROGRAM PENUNJANG URUSAN PEMERINTAHAN DAERAH KABUPATEN/KOTA",
            "id_giat": 18372,
            "kode_giat": "5.02.01.2.02",
            "nama_giat": "Administrasi Keuangan Perangkat Daerah",
            "pagu_giat": 113076296130.0,
            "rinci_giat": null,
            "id_sub_giat": 60604,
            "kode_sub_giat": "5.02.01.2.02.0003",
            "nama_sub_giat": "Pelaksanaan Penatausahaan dan\r\n\nPengujian/Verifikasi Keuangan SKPD",
            "pagu": 720000000.0,
            "pagu_indikatif": 720000000.0,
            "rincian": null,
            "kode_bl": "54.54.4451.18372",
            "kode_sbl": "54.54.4451.18372.60604",
            "kunci_bl": 1,
            "kunci_bl_rinci": 1,
            "user_created": "Rodi Darmadi, SE.,M.Ak",
            "created_date": "30-01-2025",
            "created_time": "19:44",
            "user_updated": "Rodi Darmadi, SE.,M.Ak",
            "updated_date": "27-03-2025",
            "updated_time": "22:08",
            "is_locked": 0
        },
        {
            "id_sub_bl": 61889,
            "id_daerah": 473,
            "tahun": 2026,
            "id_unit": 54,
            "id_skpd": 54,
            "created_user": 6551,
            "kode_skpd": "5.02.0.00.0.00.01.0000",
            "nama_skpd": "Badan Keuangan dan Aset Daerah",
            "id_urusan": 15,
            "kode_urusan": "5",
            "nama_urusan": "UNSUR PENUNJANG URUSAN PEMERINTAHAN",
            "id_bidang_urusan": 236,
            "kode_bidang_urusan": "5.02",
            "nama_bidang_urusan": "KEUANGAN",
            "id_sub_skpd": 54,
            "kode_sub_skpd": "5.02.0.00.0.00.01.0000",
            "nama_sub_skpd": "Badan Keuangan dan Aset Daerah",
            "set_pagu_user": 262068,
            "set_pagu_at": "Fri, 20 Jun 2025 16:04:31 GMT",
            "id_program": 4451,
            "kode_program": "5.02.01",
            "nama_program": "PROGRAM PENUNJANG URUSAN PEMERINTAHAN DAERAH KABUPATEN/KOTA",
            "id_giat": 18372,
            "kode_giat": "5.02.01.2.02",
            "nama_giat": "Administrasi Keuangan Perangkat Daerah",
            "pagu_giat": 113076296130.0,
            "rinci_giat": null,
            "id_sub_giat": 60608,
            "kode_sub_giat": "5.02.01.2.02.0007",
            "nama_sub_giat": "Koordinasi dan Penyusunan Laporan Keuangan Bulanan/ Triwulanan/ Semesteran SKPD",
            "pagu": 86000000.0,
            "pagu_indikatif": 86000000.0,
            "rincian": null,
            "kode_bl": "54.54.4451.18372",
            "kode_sbl": "54.54.4451.18372.60608",
            "kunci_bl": 1,
            "kunci_bl_rinci": 1,
            "user_created": "Rodi Darmadi, SE.,M.Ak",
            "created_date": "30-01-2025",
            "created_time": "19:46",
            "user_updated": "Rodi Darmadi, SE.,M.Ak",
            "updated_date": "27-03-2025",
            "updated_time": "22:08",
            "is_locked": 0
        },
        {
            "id_sub_bl": 61890,
            "id_daerah": 473,
            "tahun": 2026,
            "id_unit": 54,
            "id_skpd": 54,
            "created_user": 6551,
            "kode_skpd": "5.02.0.00.0.00.01.0000",
            "nama_skpd": "Badan Keuangan dan Aset Daerah",
            "id_urusan": 15,
            "kode_urusan": "5",
            "nama_urusan": "UNSUR PENUNJANG URUSAN PEMERINTAHAN",
            "id_bidang_urusan": 236,
            "kode_bidang_urusan": "5.02",
            "nama_bidang_urusan": "KEUANGAN",
            "id_sub_skpd": 54,
            "kode_sub_skpd": "5.02.0.00.0.00.01.0000",
            "nama_sub_skpd": "Badan Keuangan dan Aset Daerah",
            "set_pagu_user": 262068,
            "set_pagu_at": "Fri, 20 Jun 2025 16:04:31 GMT",
            "id_program": 4451,
            "kode_program": "5.02.01",
            "nama_program": "PROGRAM PENUNJANG URUSAN PEMERINTAHAN DAERAH KABUPATEN/KOTA",
            "id_giat": 18373,
            "kode_giat": "5.02.01.2.03",
            "nama_giat": "Administrasi Barang Milik Daerah pada Perangkat Daerah",
            "pagu_giat": 191110000.0,
            "rinci_giat": null,
            "id_sub_giat": 60615,
            "kode_sub_giat": "5.02.01.2.03.0006",
            "nama_sub_giat": "Penatausahaan Barang Milik Daerah pada SKPD",
            "pagu": 191110000.0,
            "pagu_indikatif": 191110000.0,
            "rincian": null,
            "kode_bl": "54.54.4451.18373",
            "kode_sbl": "54.54.4451.18373.60615",
            "kunci_bl": 1,
            "kunci_bl_rinci": 1,
            "user_created": "Rodi Darmadi, SE.,M.Ak",
            "created_date": "30-01-2025",
            "created_time": "19:51",
            "user_updated": "Rodi Darmadi, SE.,M.Ak",
            "updated_date": "27-03-2025",
            "updated_time": "22:09",
            "is_locked": 0
        },
        {
            "id_sub_bl": 61891,
            "id_daerah": 473,
            "tahun": 2026,
            "id_unit": 54,
            "id_skpd": 54,
            "created_user": 6551,
            "kode_skpd": "5.02.0.00.0.00.01.0000",
            "nama_skpd": "Badan Keuangan dan Aset Daerah",
            "id_urusan": 15,
            "kode_urusan": "5",
            "nama_urusan": "UNSUR PENUNJANG URUSAN PEMERINTAHAN",
            "id_bidang_urusan": 236,
            "kode_bidang_urusan": "5.02",
            "nama_bidang_urusan": "KEUANGAN",
            "id_sub_skpd": 54,
            "kode_sub_skpd": "5.02.0.00.0.00.01.0000",
            "nama_sub_skpd": "Badan Keuangan dan Aset Daerah",
            "set_pagu_user": 262068,
            "set_pagu_at": "Fri, 20 Jun 2025 16:04:31 GMT",
            "id_program": 4451,
            "kode_program": "5.02.01",
            "nama_program": "PROGRAM PENUNJANG URUSAN PEMERINTAHAN DAERAH KABUPATEN/KOTA",
            "id_giat": 18375,
            "kode_giat": "5.02.01.2.05",
            "nama_giat": "Administrasi Kepegawaian Perangkat Daerah",
            "pagu_giat": 75000000.0,
            "rinci_giat": null,
            "id_sub_giat": 60632,
            "kode_sub_giat": "5.02.01.2.05.0009",
            "nama_sub_giat": "Pendidikan dan Pelatihan Pegawai Berdasarkan Tugas dan Fungsi",
            "pagu": 75000000.0,
            "pagu_indikatif": 75000000.0,
            "rincian": null,
            "kode_bl": "54.54.4451.18375",
            "kode_sbl": "54.54.4451.18375.60632",
            "kunci_bl": 1,
            "kunci_bl_rinci": 1,
            "user_created": "Rodi Darmadi, SE.,M.Ak",
            "created_date": "30-01-2025",
            "created_time": "19:52",
            "user_updated": "Rodi Darmadi, SE.,M.Ak",
            "updated_date": "27-03-2025",
            "updated_time": "22:10",
            "is_locked": 0
        },
        {
            "id_sub_bl": 61892,
            "id_daerah": 473,
            "tahun": 2026,
            "id_unit": 54,
            "id_skpd": 54,
            "created_user": 6551,
            "kode_skpd": "5.02.0.00.0.00.01.0000",
            "nama_skpd": "Badan Keuangan dan Aset Daerah",
            "id_urusan": 15,
            "kode_urusan": "5",
            "nama_urusan": "UNSUR PENUNJANG URUSAN PEMERINTAHAN",
            "id_bidang_urusan": 236,
            "kode_bidang_urusan": "5.02",
            "nama_bidang_urusan": "KEUANGAN",
            "id_sub_skpd": 54,
            "kode_sub_skpd": "5.02.0.00.0.00.01.0000",
            "nama_sub_skpd": "Badan Keuangan dan Aset Daerah",
            "set_pagu_user": 262068,
            "set_pagu_at": "Fri, 20 Jun 2025 16:04:31 GMT",
            "id_program": 4451,
            "kode_program": "5.02.01",
            "nama_program": "PROGRAM PENUNJANG URUSAN PEMERINTAHAN DAERAH KABUPATEN/KOTA",
            "id_giat": 18376,
            "kode_giat": "5.02.01.2.06",
            "nama_giat": "Administrasi Umum Perangkat Daerah",
            "pagu_giat": 1033740790.0,
            "rinci_giat": null,
            "id_sub_giat": 60635,
            "kode_sub_giat": "5.02.01.2.06.0001",
            "nama_sub_giat": "Penyediaan Komponen Instalasi\r\n\nListrik/Penerangan Bangunan Kantor",
            "pagu": 55000000.0,
            "pagu_indikatif": 55000000.0,
            "rincian": null,
            "kode_bl": "54.54.4451.18376",
            "kode_sbl": "54.54.4451.18376.60635",
            "kunci_bl": 1,
            "kunci_bl_rinci": 1,
            "user_created": "Rodi Darmadi, SE.,M.Ak",
            "created_date": "30-01-2025",
            "created_time": "19:53",
            "user_updated": "Masrup, S.ST.Pi, M.M",
            "updated_date": "20-06-2025",
            "updated_time": "16:01",
            "is_locked": 0
        },
        {
            "id_sub_bl": 61893,
            "id_daerah": 473,
            "tahun": 2026,
            "id_unit": 54,
            "id_skpd": 54,
            "created_user": 6551,
            "kode_skpd": "5.02.0.00.0.00.01.0000",
            "nama_skpd": "Badan Keuangan dan Aset Daerah",
            "id_urusan": 15,
            "kode_urusan": "5",
            "nama_urusan": "UNSUR PENUNJANG URUSAN PEMERINTAHAN",
            "id_bidang_urusan": 236,
            "kode_bidang_urusan": "5.02",
            "nama_bidang_urusan": "KEUANGAN",
            "id_sub_skpd": 54,
            "kode_sub_skpd": "5.02.0.00.0.00.01.0000",
            "nama_sub_skpd": "Badan Keuangan dan Aset Daerah",
            "set_pagu_user": 262068,
            "set_pagu_at": "Fri, 20 Jun 2025 16:04:31 GMT",
            "id_program": 4451,
            "kode_program": "5.02.01",
            "nama_program": "PROGRAM PENUNJANG URUSAN PEMERINTAHAN DAERAH KABUPATEN/KOTA",
            "id_giat": 18376,
            "kode_giat": "5.02.01.2.06",
            "nama_giat": "Administrasi Umum Perangkat Daerah",
            "pagu_giat": 1033740790.0,
            "rinci_giat": null,
            "id_sub_giat": 60637,
            "kode_sub_giat": "5.02.01.2.06.0003",
            "nama_sub_giat": "Penyediaan Peralatan Rumah Tangga",
            "pagu": 45000000.0,
            "pagu_indikatif": 45000000.0,
            "rincian": null,
            "kode_bl": "54.54.4451.18376",
            "kode_sbl": "54.54.4451.18376.60637",
            "kunci_bl": 1,
            "kunci_bl_rinci": 1,
            "user_created": "Rodi Darmadi, SE.,M.Ak",
            "created_date": "30-01-2025",
            "created_time": "19:54",
            "user_updated": "Masrup, S.ST.Pi, M.M",
            "updated_date": "20-06-2025",
            "updated_time": "16:02",
            "is_locked": 0
        },
        {
            "id_sub_bl": 61894,
            "id_daerah": 473,
            "tahun": 2026,
            "id_unit": 54,
            "id_skpd": 54,
            "created_user": 6551,
            "kode_skpd": "5.02.0.00.0.00.01.0000",
            "nama_skpd": "Badan Keuangan dan Aset Daerah",
            "id_urusan": 15,
            "kode_urusan": "5",
            "nama_urusan": "UNSUR PENUNJANG URUSAN PEMERINTAHAN",
            "id_bidang_urusan": 236,
            "kode_bidang_urusan": "5.02",
            "nama_bidang_urusan": "KEUANGAN",
            "id_sub_skpd": 54,
            "kode_sub_skpd": "5.02.0.00.0.00.01.0000",
            "nama_sub_skpd": "Badan Keuangan dan Aset Daerah",
            "set_pagu_user": 262068,
            "set_pagu_at": "Fri, 20 Jun 2025 16:04:31 GMT",
            "id_program": 4451,
            "kode_program": "5.02.01",
            "nama_program": "PROGRAM PENUNJANG URUSAN PEMERINTAHAN DAERAH KABUPATEN/KOTA",
            "id_giat": 18376,
            "kode_giat": "5.02.01.2.06",
            "nama_giat": "Administrasi Umum Perangkat Daerah",
            "pagu_giat": 1033740790.0,
            "rinci_giat": null,
            "id_sub_giat": 60638,
            "kode_sub_giat": "5.02.01.2.06.0004",
            "nama_sub_giat": "Penyediaan Bahan Logistik Kantor",
            "pagu": 509950000.0,
            "pagu_indikatif": 509950000.0,
            "rincian": null,
            "kode_bl": "54.54.4451.18376",
            "kode_sbl": "54.54.4451.18376.60638",
            "kunci_bl": 1,
            "kunci_bl_rinci": 1,
            "user_created": "Rodi Darmadi, SE.,M.Ak",
            "created_date": "30-01-2025",
            "created_time": "19:56",
            "user_updated": "Rodi Darmadi, SE.,M.Ak",
            "updated_date": "27-03-2025",
            "updated_time": "22:14",
            "is_locked": 0
        },
        {
            "id_sub_bl": 61895,
            "id_daerah": 473,
            "tahun": 2026,
            "id_unit": 54,
            "id_skpd": 54,
            "created_user": 6551,
            "kode_skpd": "5.02.0.00.0.00.01.0000",
            "nama_skpd": "Badan Keuangan dan Aset Daerah",
            "id_urusan": 15,
            "kode_urusan": "5",
            "nama_urusan": "UNSUR PENUNJANG URUSAN PEMERINTAHAN",
            "id_bidang_urusan": 236,
            "kode_bidang_urusan": "5.02",
            "nama_bidang_urusan": "KEUANGAN",
            "id_sub_skpd": 54,
            "kode_sub_skpd": "5.02.0.00.0.00.01.0000",
            "nama_sub_skpd": "Badan Keuangan dan Aset Daerah",
            "set_pagu_user": 262068,
            "set_pagu_at": "Fri, 20 Jun 2025 16:04:31 GMT",
            "id_program": 4451,
            "kode_program": "5.02.01",
            "nama_program": "PROGRAM PENUNJANG URUSAN PEMERINTAHAN DAERAH KABUPATEN/KOTA",
            "id_giat": 18376,
            "kode_giat": "5.02.01.2.06",
            "nama_giat": "Administrasi Umum Perangkat Daerah",
            "pagu_giat": 1033740790.0,
            "rinci_giat": null,
            "id_sub_giat": 60639,
            "kode_sub_giat": "5.02.01.2.06.0005",
            "nama_sub_giat": "Penyediaan Barang Cetakan dan Penggandaan",
            "pagu": 75000000.0,
            "pagu_indikatif": 75000000.0,
            "rincian": null,
            "kode_bl": "54.54.4451.18376",
            "kode_sbl": "54.54.4451.18376.60639",
            "kunci_bl": 1,
            "kunci_bl_rinci": 1,
            "user_created": "Rodi Darmadi, SE.,M.Ak",
            "created_date": "30-01-2025",
            "created_time": "19:57",
            "user_updated": "Rodi Darmadi, SE.,M.Ak",
            "updated_date": "27-03-2025",
            "updated_time": "22:15",
            "is_locked": 0
        },
        {
            "id_sub_bl": 61896,
            "id_daerah": 473,
            "tahun": 2026,
            "id_unit": 54,
            "id_skpd": 54,
            "created_user": 6551,
            "kode_skpd": "5.02.0.00.0.00.01.0000",
            "nama_skpd": "Badan Keuangan dan Aset Daerah",
            "id_urusan": 15,
            "kode_urusan": "5",
            "nama_urusan": "UNSUR PENUNJANG URUSAN PEMERINTAHAN",
            "id_bidang_urusan": 236,
            "kode_bidang_urusan": "5.02",
            "nama_bidang_urusan": "KEUANGAN",
            "id_sub_skpd": 54,
            "kode_sub_skpd": "5.02.0.00.0.00.01.0000",
            "nama_sub_skpd": "Badan Keuangan dan Aset Daerah",
            "set_pagu_user": 262068,
            "set_pagu_at": "Fri, 20 Jun 2025 16:04:31 GMT",
            "id_program": 4451,
            "kode_program": "5.02.01",
            "nama_program": "PROGRAM PENUNJANG URUSAN PEMERINTAHAN DAERAH KABUPATEN/KOTA",
            "id_giat": 18376,
            "kode_giat": "5.02.01.2.06",
            "nama_giat": "Administrasi Umum Perangkat Daerah",
            "pagu_giat": 1033740790.0,
            "rinci_giat": null,
            "id_sub_giat": 60640,
            "kode_sub_giat": "5.02.01.2.06.0006",
            "nama_sub_giat": "Penyediaan Bahan Bacaan dan Peraturan Perundang-undangan",
            "pagu": 35000000.0,
            "pagu_indikatif": 35000000.0,
            "rincian": null,
            "kode_bl": "54.54.4451.18376",
            "kode_sbl": "54.54.4451.18376.60640",
            "kunci_bl": 1,
            "kunci_bl_rinci": 1,
            "user_created": "Rodi Darmadi, SE.,M.Ak",
            "created_date": "30-01-2025",
            "created_time": "19:58",
            "user_updated": "Rodi Darmadi, SE.,M.Ak",
            "updated_date": "27-03-2025",
            "updated_time": "22:15",
            "is_locked": 0
        },
        {
            "id_sub_bl": 61898,
            "id_daerah": 473,
            "tahun": 2026,
            "id_unit": 54,
            "id_skpd": 54,
            "created_user": 6551,
            "kode_skpd": "5.02.0.00.0.00.01.0000",
            "nama_skpd": "Badan Keuangan dan Aset Daerah",
            "id_urusan": 15,
            "kode_urusan": "5",
            "nama_urusan": "UNSUR PENUNJANG URUSAN PEMERINTAHAN",
            "id_bidang_urusan": 236,
            "kode_bidang_urusan": "5.02",
            "nama_bidang_urusan": "KEUANGAN",
            "id_sub_skpd": 54,
            "kode_sub_skpd": "5.02.0.00.0.00.01.0000",
            "nama_sub_skpd": "Badan Keuangan dan Aset Daerah",
            "set_pagu_user": 262068,
            "set_pagu_at": "Fri, 20 Jun 2025 16:04:31 GMT",
            "id_program": 4451,
            "kode_program": "5.02.01",
            "nama_program": "PROGRAM PENUNJANG URUSAN PEMERINTAHAN DAERAH KABUPATEN/KOTA",
            "id_giat": 18376,
            "kode_giat": "5.02.01.2.06",
            "nama_giat": "Administrasi Umum Perangkat Daerah",
            "pagu_giat": 1033740790.0,
            "rinci_giat": null,
            "id_sub_giat": 60641,
            "kode_sub_giat": "5.02.01.2.06.0007",
            "nama_sub_giat": "Penyediaan Bahan/Material",
            "pagu": 63790000.0,
            "pagu_indikatif": 63790000.0,
            "rincian": null,
            "kode_bl": "54.54.4451.18376",
            "kode_sbl": "54.54.4451.18376.60641",
            "kunci_bl": 1,
            "kunci_bl_rinci": 1,
            "user_created": "Rodi Darmadi, SE.,M.Ak",
            "created_date": "30-01-2025",
            "created_time": "20:01",
            "user_updated": "Rodi Darmadi, SE.,M.Ak",
            "updated_date": "27-03-2025",
            "updated_time": "22:16",
            "is_locked": 0
        },
        {
            "id_sub_bl": 61900,
            "id_daerah": 473,
            "tahun": 2026,
            "id_unit": 54,
            "id_skpd": 54,
            "created_user": 6551,
            "kode_skpd": "5.02.0.00.0.00.01.0000",
            "nama_skpd": "Badan Keuangan dan Aset Daerah",
            "id_urusan": 15,
            "kode_urusan": "5",
            "nama_urusan": "UNSUR PENUNJANG URUSAN PEMERINTAHAN",
            "id_bidang_urusan": 236,
            "kode_bidang_urusan": "5.02",
            "nama_bidang_urusan": "KEUANGAN",
            "id_sub_skpd": 54,
            "kode_sub_skpd": "5.02.0.00.0.00.01.0000",
            "nama_sub_skpd": "Badan Keuangan dan Aset Daerah",
            "set_pagu_user": 262068,
            "set_pagu_at": "Fri, 20 Jun 2025 16:04:31 GMT",
            "id_program": 4451,
            "kode_program": "5.02.01",
            "nama_program": "PROGRAM PENUNJANG URUSAN PEMERINTAHAN DAERAH KABUPATEN/KOTA",
            "id_giat": 18376,
            "kode_giat": "5.02.01.2.06",
            "nama_giat": "Administrasi Umum Perangkat Daerah",
            "pagu_giat": 1033740790.0,
            "rinci_giat": null,
            "id_sub_giat": 60643,
            "kode_sub_giat": "5.02.01.2.06.0009",
            "nama_sub_giat": "Penyelenggaraan Rapat Koordinasi dan Konsultasi SKPD",
            "pagu": 250000790.0,
            "pagu_indikatif": 250000790.0,
            "rincian": null,
            "kode_bl": "54.54.4451.18376",
            "kode_sbl": "54.54.4451.18376.60643",
            "kunci_bl": 1,
            "kunci_bl_rinci": 1,
            "user_created": "Rodi Darmadi, SE.,M.Ak",
            "created_date": "30-01-2025",
            "created_time": "20:04",
            "user_updated": "Masrup, S.ST.Pi, M.M",
            "updated_date": "20-06-2025",
            "updated_time": "16:02",
            "is_locked": 0
        },
        {
            "id_sub_bl": 61903,
            "id_daerah": 473,
            "tahun": 2026,
            "id_unit": 54,
            "id_skpd": 54,
            "created_user": 6551,
            "kode_skpd": "5.02.0.00.0.00.01.0000",
            "nama_skpd": "Badan Keuangan dan Aset Daerah",
            "id_urusan": 15,
            "kode_urusan": "5",
            "nama_urusan": "UNSUR PENUNJANG URUSAN PEMERINTAHAN",
            "id_bidang_urusan": 236,
            "kode_bidang_urusan": "5.02",
            "nama_bidang_urusan": "KEUANGAN",
            "id_sub_skpd": 54,
            "kode_sub_skpd": "5.02.0.00.0.00.01.0000",
            "nama_sub_skpd": "Badan Keuangan dan Aset Daerah",
            "set_pagu_user": 262068,
            "set_pagu_at": "Fri, 20 Jun 2025 16:04:31 GMT",
            "id_program": 4451,
            "kode_program": "5.02.01",
            "nama_program": "PROGRAM PENUNJANG URUSAN PEMERINTAHAN DAERAH KABUPATEN/KOTA",
            "id_giat": 18377,
            "kode_giat": "5.02.01.2.07",
            "nama_giat": "Pengadaan Barang Milik Daerah Penunjang Urusan Pemerintah Daerah",
            "pagu_giat": 2687931800.0,
            "rinci_giat": null,
            "id_sub_giat": 60647,
            "kode_sub_giat": "5.02.01.2.07.0002",
            "nama_sub_giat": "Pengadaan Kendaraan Dinas Operasional atau Lapangan",
            "pagu": 2424380800.0,
            "pagu_indikatif": 2424380800.0,
            "rincian": null,
            "kode_bl": "54.54.4451.18377",
            "kode_sbl": "54.54.4451.18377.60647",
            "kunci_bl": 1,
            "kunci_bl_rinci": 1,
            "user_created": "Rodi Darmadi, SE.,M.Ak",
            "created_date": "30-01-2025",
            "created_time": "20:05",
            "user_updated": "Rodi Darmadi, SE.,M.Ak",
            "updated_date": "27-03-2025",
            "updated_time": "22:17",
            "is_locked": 0
        },
        {
            "id_sub_bl": 61905,
            "id_daerah": 473,
            "tahun": 2026,
            "id_unit": 54,
            "id_skpd": 54,
            "created_user": 6551,
            "kode_skpd": "5.02.0.00.0.00.01.0000",
            "nama_skpd": "Badan Keuangan dan Aset Daerah",
            "id_urusan": 15,
            "kode_urusan": "5",
            "nama_urusan": "UNSUR PENUNJANG URUSAN PEMERINTAHAN",
            "id_bidang_urusan": 236,
            "kode_bidang_urusan": "5.02",
            "nama_bidang_urusan": "KEUANGAN",
            "id_sub_skpd": 54,
            "kode_sub_skpd": "5.02.0.00.0.00.01.0000",
            "nama_sub_skpd": "Badan Keuangan dan Aset Daerah",
            "set_pagu_user": 262068,
            "set_pagu_at": "Fri, 20 Jun 2025 16:04:31 GMT",
            "id_program": 4451,
            "kode_program": "5.02.01",
            "nama_program": "PROGRAM PENUNJANG URUSAN PEMERINTAHAN DAERAH KABUPATEN/KOTA",
            "id_giat": 18377,
            "kode_giat": "5.02.01.2.07",
            "nama_giat": "Pengadaan Barang Milik Daerah Penunjang Urusan Pemerintah Daerah",
            "pagu_giat": 2687931800.0,
            "rinci_giat": null,
            "id_sub_giat": 60651,
            "kode_sub_giat": "5.02.01.2.07.0006",
            "nama_sub_giat": "Pengadaan Peralatan dan Mesin Lainnya",
            "pagu": 263551000.0,
            "pagu_indikatif": 263551000.0,
            "rincian": null,
            "kode_bl": "54.54.4451.18377",
            "kode_sbl": "54.54.4451.18377.60651",
            "kunci_bl": 1,
            "kunci_bl_rinci": 1,
            "user_created": "Rodi Darmadi, SE.,M.Ak",
            "created_date": "30-01-2025",
            "created_time": "20:07",
            "user_updated": "Rodi Darmadi, SE.,M.Ak",
            "updated_date": "27-03-2025",
            "updated_time": "22:18",
            "is_locked": 0
        },
        {
            "id_sub_bl": 61906,
            "id_daerah": 473,
            "tahun": 2026,
            "id_unit": 54,
            "id_skpd": 54,
            "created_user": 6551,
            "kode_skpd": "5.02.0.00.0.00.01.0000",
            "nama_skpd": "Badan Keuangan dan Aset Daerah",
            "id_urusan": 15,
            "kode_urusan": "5",
            "nama_urusan": "UNSUR PENUNJANG URUSAN PEMERINTAHAN",
            "id_bidang_urusan": 236,
            "kode_bidang_urusan": "5.02",
            "nama_bidang_urusan": "KEUANGAN",
            "id_sub_skpd": 54,
            "kode_sub_skpd": "5.02.0.00.0.00.01.0000",
            "nama_sub_skpd": "Badan Keuangan dan Aset Daerah",
            "set_pagu_user": 262068,
            "set_pagu_at": "Fri, 20 Jun 2025 16:04:31 GMT",
            "id_program": 4451,
            "kode_program": "5.02.01",
            "nama_program": "PROGRAM PENUNJANG URUSAN PEMERINTAHAN DAERAH KABUPATEN/KOTA",
            "id_giat": 18378,
            "kode_giat": "5.02.01.2.08",
            "nama_giat": "Penyediaan Jasa Penunjang Urusan Pemerintahan Daerah",
            "pagu_giat": 1139131800.0,
            "rinci_giat": null,
            "id_sub_giat": 60658,
            "kode_sub_giat": "5.02.01.2.08.0002",
            "nama_sub_giat": "Penyediaan Jasa Komunikasi, Sumber Daya Air dan Listrik",
            "pagu": 280000000.0,
            "pagu_indikatif": 280000000.0,
            "rincian": null,
            "kode_bl": "54.54.4451.18378",
            "kode_sbl": "54.54.4451.18378.60658",
            "kunci_bl": 1,
            "kunci_bl_rinci": 1,
            "user_created": "Rodi Darmadi, SE.,M.Ak",
            "created_date": "30-01-2025",
            "created_time": "20:08",
            "user_updated": "Masrup, S.ST.Pi, M.M",
            "updated_date": "20-06-2025",
            "updated_time": "16:03",
            "is_locked": 0
        },
        {
            "id_sub_bl": 61907,
            "id_daerah": 473,
            "tahun": 2026,
            "id_unit": 54,
            "id_skpd": 54,
            "created_user": 6551,
            "kode_skpd": "5.02.0.00.0.00.01.0000",
            "nama_skpd": "Badan Keuangan dan Aset Daerah",
            "id_urusan": 15,
            "kode_urusan": "5",
            "nama_urusan": "UNSUR PENUNJANG URUSAN PEMERINTAHAN",
            "id_bidang_urusan": 236,
            "kode_bidang_urusan": "5.02",
            "nama_bidang_urusan": "KEUANGAN",
            "id_sub_skpd": 54,
            "kode_sub_skpd": "5.02.0.00.0.00.01.0000",
            "nama_sub_skpd": "Badan Keuangan dan Aset Daerah",
            "set_pagu_user": 262068,
            "set_pagu_at": "Fri, 20 Jun 2025 16:04:31 GMT",
            "id_program": 4451,
            "kode_program": "5.02.01",
            "nama_program": "PROGRAM PENUNJANG URUSAN PEMERINTAHAN DAERAH KABUPATEN/KOTA",
            "id_giat": 18378,
            "kode_giat": "5.02.01.2.08",
            "nama_giat": "Penyediaan Jasa Penunjang Urusan Pemerintahan Daerah",
            "pagu_giat": 1139131800.0,
            "rinci_giat": null,
            "id_sub_giat": 60660,
            "kode_sub_giat": "5.02.01.2.08.0004",
            "nama_sub_giat": "Penyediaan Jasa Pelayanan Umum Kantor",
            "pagu": 859131800.0,
            "pagu_indikatif": 859131800.0,
            "rincian": null,
            "kode_bl": "54.54.4451.18378",
            "kode_sbl": "54.54.4451.18378.60660",
            "kunci_bl": 1,
            "kunci_bl_rinci": 1,
            "user_created": "Rodi Darmadi, SE.,M.Ak",
            "created_date": "30-01-2025",
            "created_time": "20:09",
            "user_updated": "Masrup, S.ST.Pi, M.M",
            "updated_date": "20-06-2025",
            "updated_time": "16:03",
            "is_locked": 0
        },
        {
            "id_sub_bl": 61908,
            "id_daerah": 473,
            "tahun": 2026,
            "id_unit": 54,
            "id_skpd": 54,
            "created_user": 6551,
            "kode_skpd": "5.02.0.00.0.00.01.0000",
            "nama_skpd": "Badan Keuangan dan Aset Daerah",
            "id_urusan": 15,
            "kode_urusan": "5",
            "nama_urusan": "UNSUR PENUNJANG URUSAN PEMERINTAHAN",
            "id_bidang_urusan": 236,
            "kode_bidang_urusan": "5.02",
            "nama_bidang_urusan": "KEUANGAN",
            "id_sub_skpd": 54,
            "kode_sub_skpd": "5.02.0.00.0.00.01.0000",
            "nama_sub_skpd": "Badan Keuangan dan Aset Daerah",
            "set_pagu_user": 262068,
            "set_pagu_at": "Fri, 20 Jun 2025 16:04:31 GMT",
            "id_program": 4451,
            "kode_program": "5.02.01",
            "nama_program": "PROGRAM PENUNJANG URUSAN PEMERINTAHAN DAERAH KABUPATEN/KOTA",
            "id_giat": 18379,
            "kode_giat": "5.02.01.2.09",
            "nama_giat": "Pemeliharaan Barang Milik Daerah Penunjang Urusan Pemerintahan Daerah",
            "pagu_giat": 578894200.0,
            "rinci_giat": null,
            "id_sub_giat": 60662,
            "kode_sub_giat": "5.02.01.2.09.0002",
            "nama_sub_giat": "Penyediaan Jasa Pemeliharaan, Biaya Pemeliharaan, Pajak dan Perizinan Kendaraan Dinas Operasional atau Lapangan",
            "pagu": 235600000.0,
            "pagu_indikatif": 235600000.0,
            "rincian": null,
            "kode_bl": "54.54.4451.18379",
            "kode_sbl": "54.54.4451.18379.60662",
            "kunci_bl": 1,
            "kunci_bl_rinci": 1,
            "user_created": "Rodi Darmadi, SE.,M.Ak",
            "created_date": "30-01-2025",
            "created_time": "20:11",
            "user_updated": "Rodi Darmadi, SE.,M.Ak",
            "updated_date": "27-03-2025",
            "updated_time": "22:20",
            "is_locked": 0
        },
        {
            "id_sub_bl": 61909,
            "id_daerah": 473,
            "tahun": 2026,
            "id_unit": 54,
            "id_skpd": 54,
            "created_user": 6551,
            "kode_skpd": "5.02.0.00.0.00.01.0000",
            "nama_skpd": "Badan Keuangan dan Aset Daerah",
            "id_urusan": 15,
            "kode_urusan": "5",
            "nama_urusan": "UNSUR PENUNJANG URUSAN PEMERINTAHAN",
            "id_bidang_urusan": 236,
            "kode_bidang_urusan": "5.02",
            "nama_bidang_urusan": "KEUANGAN",
            "id_sub_skpd": 54,
            "kode_sub_skpd": "5.02.0.00.0.00.01.0000",
            "nama_sub_skpd": "Badan Keuangan dan Aset Daerah",
            "set_pagu_user": 262068,
            "set_pagu_at": "Fri, 20 Jun 2025 16:04:31 GMT",
            "id_program": 4451,
            "kode_program": "5.02.01",
            "nama_program": "PROGRAM PENUNJANG URUSAN PEMERINTAHAN DAERAH KABUPATEN/KOTA",
            "id_giat": 18379,
            "kode_giat": "5.02.01.2.09",
            "nama_giat": "Pemeliharaan Barang Milik Daerah Penunjang Urusan Pemerintahan Daerah",
            "pagu_giat": 578894200.0,
            "rinci_giat": null,
            "id_sub_giat": 60669,
            "kode_sub_giat": "5.02.01.2.09.0009",
            "nama_sub_giat": "Pemeliharaan/Rehabilitasi Gedung Kantor dan Bangunan Lainnya",
            "pagu": 199000000.0,
            "pagu_indikatif": 199000000.0,
            "rincian": null,
            "kode_bl": "54.54.4451.18379",
            "kode_sbl": "54.54.4451.18379.60669",
            "kunci_bl": 1,
            "kunci_bl_rinci": 1,
            "user_created": "Rodi Darmadi, SE.,M.Ak",
            "created_date": "30-01-2025",
            "created_time": "20:12",
            "user_updated": "Rodi Darmadi, SE.,M.Ak",
            "updated_date": "27-03-2025",
            "updated_time": "22:20",
            "is_locked": 0
        },
        {
            "id_sub_bl": 61910,
            "id_daerah": 473,
            "tahun": 2026,
            "id_unit": 54,
            "id_skpd": 54,
            "created_user": 6551,
            "kode_skpd": "5.02.0.00.0.00.01.0000",
            "nama_skpd": "Badan Keuangan dan Aset Daerah",
            "id_urusan": 15,
            "kode_urusan": "5",
            "nama_urusan": "UNSUR PENUNJANG URUSAN PEMERINTAHAN",
            "id_bidang_urusan": 236,
            "kode_bidang_urusan": "5.02",
            "nama_bidang_urusan": "KEUANGAN",
            "id_sub_skpd": 54,
            "kode_sub_skpd": "5.02.0.00.0.00.01.0000",
            "nama_sub_skpd": "Badan Keuangan dan Aset Daerah",
            "set_pagu_user": 262068,
            "set_pagu_at": "Fri, 20 Jun 2025 16:04:31 GMT",
            "id_program": 4451,
            "kode_program": "5.02.01",
            "nama_program": "PROGRAM PENUNJANG URUSAN PEMERINTAHAN DAERAH KABUPATEN/KOTA",
            "id_giat": 18379,
            "kode_giat": "5.02.01.2.09",
            "nama_giat": "Pemeliharaan Barang Milik Daerah Penunjang Urusan Pemerintahan Daerah",
            "pagu_giat": 578894200.0,
            "rinci_giat": null,
            "id_sub_giat": 60671,
            "kode_sub_giat": "5.02.01.2.09.0011",
            "nama_sub_giat": "Pemeliharaan/Rehabilitasi Sarana dan Prasarana Pendukung Gedung Kantor atau Bangunan Lainnya",
            "pagu": 144294200.0,
            "pagu_indikatif": 144294200.0,
            "rincian": null,
            "kode_bl": "54.54.4451.18379",
            "kode_sbl": "54.54.4451.18379.60671",
            "kunci_bl": 1,
            "kunci_bl_rinci": 1,
            "user_created": "Rodi Darmadi, SE.,M.Ak",
            "created_date": "30-01-2025",
            "created_time": "20:14",
            "user_updated": "Masrup, S.ST.Pi, M.M",
            "updated_date": "20-06-2025",
            "updated_time": "16:03",
            "is_locked": 0
        }
    ]