[
        {
            "id_sub_bl": 58844,
            "id_daerah": 473,
            "tahun": 2026,
            "id_unit": 676,
            "id_skpd": 676,
            "created_user": 399749,
            "kode_skpd": "5.03.5.04.0.00.01.0000",
            "nama_skpd": "Badan Kepegawaian dan Pengembangan Sumber Daya Manusia",
            "id_urusan": 15,
            "kode_urusan": "5",
            "nama_urusan": "UNSUR PENUNJANG URUSAN PEMERINTAHAN",
            "id_bidang_urusan": 237,
            "kode_bidang_urusan": "5.03",
            "nama_bidang_urusan": "KEPEGAWAIAN",
            "id_sub_skpd": 676,
            "kode_sub_skpd": "5.03.5.04.0.00.01.0000",
            "nama_sub_skpd": "Badan Kepegawaian dan Pengembangan Sumber Daya Manusia",
            "set_pagu_user": 0,
            "set_pagu_at": null,
            "id_program": 4399,
            "kode_program": "5.03.02",
            "nama_program": "PROGRAM KEPEGAWAIAN DAERAH",
            "id_giat": 18222,
            "kode_giat": "5.03.02.2.01",
            "nama_giat": "Pengadaan, Pemberhentian dan Informasi Kepegawaian ASN",
            "pagu_giat": 179700000.0,
            "rinci_giat": null,
            "id_sub_giat": 59571,
            "kode_sub_giat": "5.03.02.2.01.0002",
            "nama_sub_giat": "Penyusunan Rencana Kebutuhan, Jenis dan Jumlah Jabatan untuk Pelaksanaan Pengadaan ASN",
            "pagu": 9900000.0,
            "pagu_indikatif": 9900000.0,
            "rincian": null,
            "kode_bl": "676.676.4399.18222",
            "kode_sbl": "676.676.4399.18222.59571",
            "kunci_bl": 1,
            "kunci_bl_rinci": 1,
            "user_created": "Syarifah Inayati,SE",
            "created_date": "20-01-2025",
            "created_time": "09:46",
            "user_updated": "Syarifah Inayati,SE",
            "updated_date": "03-07-2025",
            "updated_time": "09:02",
            "is_locked": 0
        },
        {
            "id_sub_bl": 58848,
            "id_daerah": 473,
            "tahun": 2026,
            "id_unit": 676,
            "id_skpd": 676,
            "created_user": 399749,
            "kode_skpd": "5.03.5.04.0.00.01.0000",
            "nama_skpd": "Badan Kepegawaian dan Pengembangan Sumber Daya Manusia",
            "id_urusan": 15,
            "kode_urusan": "5",
            "nama_urusan": "UNSUR PENUNJANG URUSAN PEMERINTAHAN",
            "id_bidang_urusan": 237,
            "kode_bidang_urusan": "5.03",
            "nama_bidang_urusan": "KEPEGAWAIAN",
            "id_sub_skpd": 676,
            "kode_sub_skpd": "5.03.5.04.0.00.01.0000",
            "nama_sub_skpd": "Badan Kepegawaian dan Pengembangan Sumber Daya Manusia",
            "set_pagu_user": 0,
            "set_pagu_at": null,
            "id_program": 4399,
            "kode_program": "5.03.02",
            "nama_program": "PROGRAM KEPEGAWAIAN DAERAH",
            "id_giat": 18222,
            "kode_giat": "5.03.02.2.01",
            "nama_giat": "Pengadaan, Pemberhentian dan Informasi Kepegawaian ASN",
            "pagu_giat": 179700000.0,
            "rinci_giat": null,
            "id_sub_giat": 59572,
            "kode_sub_giat": "5.03.02.2.01.0003",
            "nama_sub_giat": "Koordinasi dan Fasilitasi Pengadaan PNS dan PPPK",
            "pagu": 150000000.0,
            "pagu_indikatif": 150000000.0,
            "rincian": null,
            "kode_bl": "676.676.4399.18222",
            "kode_sbl": "676.676.4399.18222.59572",
            "kunci_bl": 1,
            "kunci_bl_rinci": 1,
            "user_created": "Syarifah Inayati,SE",
            "created_date": "20-01-2025",
            "created_time": "09:48",
            "user_updated": "Syarifah Inayati,SE",
            "updated_date": "03-07-2025",
            "updated_time": "09:03",
            "is_locked": 0
        },
        {
            "id_sub_bl": 73318,
            "id_daerah": 473,
            "tahun": 2026,
            "id_unit": 676,
            "id_skpd": 676,
            "created_user": 399749,
            "kode_skpd": "5.03.5.04.0.00.01.0000",
            "nama_skpd": "Badan Kepegawaian dan Pengembangan Sumber Daya Manusia",
            "id_urusan": 15,
            "kode_urusan": "5",
            "nama_urusan": "UNSUR PENUNJANG URUSAN PEMERINTAHAN",
            "id_bidang_urusan": 237,
            "kode_bidang_urusan": "5.03",
            "nama_bidang_urusan": "KEPEGAWAIAN",
            "id_sub_skpd": 676,
            "kode_sub_skpd": "5.03.5.04.0.00.01.0000",
            "nama_sub_skpd": "Badan Kepegawaian dan Pengembangan Sumber Daya Manusia",
            "set_pagu_user": 0,
            "set_pagu_at": null,
            "id_program": 4399,
            "kode_program": "5.03.02",
            "nama_program": "PROGRAM KEPEGAWAIAN DAERAH",
            "id_giat": 18222,
            "kode_giat": "5.03.02.2.01",
            "nama_giat": "Pengadaan, Pemberhentian dan Informasi Kepegawaian ASN",
            "pagu_giat": 179700000.0,
            "rinci_giat": null,
            "id_sub_giat": 59577,
            "kode_sub_giat": "5.03.02.2.01.0008",
            "nama_sub_giat": "Fasilitasi Lembaga Profesi ASN",
            "pagu": 0.0,
            "pagu_indikatif": 0.0,
            "rincian": null,
            "kode_bl": "676.676.4399.18222",
            "kode_sbl": "676.676.4399.18222.59577",
            "kunci_bl": 1,
            "kunci_bl_rinci": 1,
            "user_created": "Syarifah Inayati,SE",
            "created_date": "26-03-2025",
            "created_time": "08:26",
            "user_updated": "Syarifah Inayati,SE",
            "updated_date": "03-07-2025",
            "updated_time": "09:06",
            "is_locked": 0
        },
        {
            "id_sub_bl": 58851,
            "id_daerah": 473,
            "tahun": 2026,
            "id_unit": 676,
            "id_skpd": 676,
            "created_user": 399749,
            "kode_skpd": "5.03.5.04.0.00.01.0000",
            "nama_skpd": "Badan Kepegawaian dan Pengembangan Sumber Daya Manusia",
            "id_urusan": 15,
            "kode_urusan": "5",
            "nama_urusan": "UNSUR PENUNJANG URUSAN PEMERINTAHAN",
            "id_bidang_urusan": 237,
            "kode_bidang_urusan": "5.03",
            "nama_bidang_urusan": "KEPEGAWAIAN",
            "id_sub_skpd": 676,
            "kode_sub_skpd": "5.03.5.04.0.00.01.0000",
            "nama_sub_skpd": "Badan Kepegawaian dan Pengembangan Sumber Daya Manusia",
            "set_pagu_user": 0,
            "set_pagu_at": null,
            "id_program": 4399,
            "kode_program": "5.03.02",
            "nama_program": "PROGRAM KEPEGAWAIAN DAERAH",
            "id_giat": 18222,
            "kode_giat": "5.03.02.2.01",
            "nama_giat": "Pengadaan, Pemberhentian dan Informasi Kepegawaian ASN",
            "pagu_giat": 179700000.0,
            "rinci_giat": null,
            "id_sub_giat": 59579,
            "kode_sub_giat": "5.03.02.2.01.0010",
            "nama_sub_giat": "Pengelolaan Sistem Informasi Kepegawaian",
            "pagu": 9900000.0,
            "pagu_indikatif": 9900000.0,
            "rincian": null,
            "kode_bl": "676.676.4399.18222",
            "kode_sbl": "676.676.4399.18222.59579",
            "kunci_bl": 1,
            "kunci_bl_rinci": 1,
            "user_created": "Syarifah Inayati,SE",
            "created_date": "20-01-2025",
            "created_time": "09:48",
            "user_updated": "Syarifah Inayati,SE",
            "updated_date": "03-07-2025",
            "updated_time": "09:24",
            "is_locked": 0
        },
        {
            "id_sub_bl": 58852,
            "id_daerah": 473,
            "tahun": 2026,
            "id_unit": 676,
            "id_skpd": 676,
            "created_user": 399749,
            "kode_skpd": "5.03.5.04.0.00.01.0000",
            "nama_skpd": "Badan Kepegawaian dan Pengembangan Sumber Daya Manusia",
            "id_urusan": 15,
            "kode_urusan": "5",
            "nama_urusan": "UNSUR PENUNJANG URUSAN PEMERINTAHAN",
            "id_bidang_urusan": 237,
            "kode_bidang_urusan": "5.03",
            "nama_bidang_urusan": "KEPEGAWAIAN",
            "id_sub_skpd": 676,
            "kode_sub_skpd": "5.03.5.04.0.00.01.0000",
            "nama_sub_skpd": "Badan Kepegawaian dan Pengembangan Sumber Daya Manusia",
            "set_pagu_user": 0,
            "set_pagu_at": null,
            "id_program": 4399,
            "kode_program": "5.03.02",
            "nama_program": "PROGRAM KEPEGAWAIAN DAERAH",
            "id_giat": 18222,
            "kode_giat": "5.03.02.2.01",
            "nama_giat": "Pengadaan, Pemberhentian dan Informasi Kepegawaian ASN",
            "pagu_giat": 179700000.0,
            "rinci_giat": null,
            "id_sub_giat": 59580,
            "kode_sub_giat": "5.03.02.2.01.0011",
            "nama_sub_giat": "Pengelolaan Data Kepegawaian",
            "pagu": 9900000.0,
            "pagu_indikatif": 9900000.0,
            "rincian": null,
            "kode_bl": "676.676.4399.18222",
            "kode_sbl": "676.676.4399.18222.59580",
            "kunci_bl": 1,
            "kunci_bl_rinci": 1,
            "user_created": "Syarifah Inayati,SE",
            "created_date": "20-01-2025",
            "created_time": "09:49",
            "user_updated": "Syarifah Inayati,SE",
            "updated_date": "03-07-2025",
            "updated_time": "09:14",
            "is_locked": 0
        },
        {
            "id_sub_bl": 58855,
            "id_daerah": 473,
            "tahun": 2026,
            "id_unit": 676,
            "id_skpd": 676,
            "created_user": 399749,
            "kode_skpd": "5.03.5.04.0.00.01.0000",
            "nama_skpd": "Badan Kepegawaian dan Pengembangan Sumber Daya Manusia",
            "id_urusan": 15,
            "kode_urusan": "5",
            "nama_urusan": "UNSUR PENUNJANG URUSAN PEMERINTAHAN",
            "id_bidang_urusan": 237,
            "kode_bidang_urusan": "5.03",
            "nama_bidang_urusan": "KEPEGAWAIAN",
            "id_sub_skpd": 676,
            "kode_sub_skpd": "5.03.5.04.0.00.01.0000",
            "nama_sub_skpd": "Badan Kepegawaian dan Pengembangan Sumber Daya Manusia",
            "set_pagu_user": 0,
            "set_pagu_at": null,
            "id_program": 4399,
            "kode_program": "5.03.02",
            "nama_program": "PROGRAM KEPEGAWAIAN DAERAH",
            "id_giat": 18223,
            "kode_giat": "5.03.02.2.02",
            "nama_giat": "Mutasi dan Promosi ASN",
            "pagu_giat": 147880000.0,
            "rinci_giat": null,
            "id_sub_giat": 59582,
            "kode_sub_giat": "5.03.02.2.02.0001",
            "nama_sub_giat": "Pengelolaan Mutasi ASN",
            "pagu": 57880000.0,
            "pagu_indikatif": 57880000.0,
            "rincian": null,
            "kode_bl": "676.676.4399.18223",
            "kode_sbl": "676.676.4399.18223.59582",
            "kunci_bl": 1,
            "kunci_bl_rinci": 1,
            "user_created": "Syarifah Inayati,SE",
            "created_date": "20-01-2025",
            "created_time": "09:50",
            "user_updated": "Syarifah Inayati,SE",
            "updated_date": "03-07-2025",
            "updated_time": "09:30",
            "is_locked": 0
        },
        {
            "id_sub_bl": 58857,
            "id_daerah": 473,
            "tahun": 2026,
            "id_unit": 676,
            "id_skpd": 676,
            "created_user": 399749,
            "kode_skpd": "5.03.5.04.0.00.01.0000",
            "nama_skpd": "Badan Kepegawaian dan Pengembangan Sumber Daya Manusia",
            "id_urusan": 15,
            "kode_urusan": "5",
            "nama_urusan": "UNSUR PENUNJANG URUSAN PEMERINTAHAN",
            "id_bidang_urusan": 237,
            "kode_bidang_urusan": "5.03",
            "nama_bidang_urusan": "KEPEGAWAIAN",
            "id_sub_skpd": 676,
            "kode_sub_skpd": "5.03.5.04.0.00.01.0000",
            "nama_sub_skpd": "Badan Kepegawaian dan Pengembangan Sumber Daya Manusia",
            "set_pagu_user": 0,
            "set_pagu_at": null,
            "id_program": 4399,
            "kode_program": "5.03.02",
            "nama_program": "PROGRAM KEPEGAWAIAN DAERAH",
            "id_giat": 18223,
            "kode_giat": "5.03.02.2.02",
            "nama_giat": "Mutasi dan Promosi ASN",
            "pagu_giat": 147880000.0,
            "rinci_giat": null,
            "id_sub_giat": 59583,
            "kode_sub_giat": "5.03.02.2.02.0002",
            "nama_sub_giat": "Pengelolaan Kenaikan Pangkat ASN",
            "pagu": 40000000.0,
            "pagu_indikatif": 40000000.0,
            "rincian": null,
            "kode_bl": "676.676.4399.18223",
            "kode_sbl": "676.676.4399.18223.59583",
            "kunci_bl": 1,
            "kunci_bl_rinci": 1,
            "user_created": "Syarifah Inayati,SE",
            "created_date": "20-01-2025",
            "created_time": "09:50",
            "user_updated": "Syarifah Inayati,SE",
            "updated_date": "03-07-2025",
            "updated_time": "09:35",
            "is_locked": 0
        },
        {
            "id_sub_bl": 58860,
            "id_daerah": 473,
            "tahun": 2026,
            "id_unit": 676,
            "id_skpd": 676,
            "created_user": 399749,
            "kode_skpd": "5.03.5.04.0.00.01.0000",
            "nama_skpd": "Badan Kepegawaian dan Pengembangan Sumber Daya Manusia",
            "id_urusan": 15,
            "kode_urusan": "5",
            "nama_urusan": "UNSUR PENUNJANG URUSAN PEMERINTAHAN",
            "id_bidang_urusan": 237,
            "kode_bidang_urusan": "5.03",
            "nama_bidang_urusan": "KEPEGAWAIAN",
            "id_sub_skpd": 676,
            "kode_sub_skpd": "5.03.5.04.0.00.01.0000",
            "nama_sub_skpd": "Badan Kepegawaian dan Pengembangan Sumber Daya Manusia",
            "set_pagu_user": 0,
            "set_pagu_at": null,
            "id_program": 4399,
            "kode_program": "5.03.02",
            "nama_program": "PROGRAM KEPEGAWAIAN DAERAH",
            "id_giat": 18223,
            "kode_giat": "5.03.02.2.02",
            "nama_giat": "Mutasi dan Promosi ASN",
            "pagu_giat": 147880000.0,
            "rinci_giat": null,
            "id_sub_giat": 59584,
            "kode_sub_giat": "5.03.02.2.02.0003",
            "nama_sub_giat": "Pengelolaan Promosi ASN",
            "pagu": 50000000.0,
            "pagu_indikatif": 50000000.0,
            "rincian": null,
            "kode_bl": "676.676.4399.18223",
            "kode_sbl": "676.676.4399.18223.59584",
            "kunci_bl": 1,
            "kunci_bl_rinci": 1,
            "user_created": "Syarifah Inayati,SE",
            "created_date": "20-01-2025",
            "created_time": "09:51",
            "user_updated": "Syarifah Inayati,SE",
            "updated_date": "03-07-2025",
            "updated_time": "09:37",
            "is_locked": 0
        },
        {
            "id_sub_bl": 58862,
            "id_daerah": 473,
            "tahun": 2026,
            "id_unit": 676,
            "id_skpd": 676,
            "created_user": 399749,
            "kode_skpd": "5.03.5.04.0.00.01.0000",
            "nama_skpd": "Badan Kepegawaian dan Pengembangan Sumber Daya Manusia",
            "id_urusan": 15,
            "kode_urusan": "5",
            "nama_urusan": "UNSUR PENUNJANG URUSAN PEMERINTAHAN",
            "id_bidang_urusan": 237,
            "kode_bidang_urusan": "5.03",
            "nama_bidang_urusan": "KEPEGAWAIAN",
            "id_sub_skpd": 676,
            "kode_sub_skpd": "5.03.5.04.0.00.01.0000",
            "nama_sub_skpd": "Badan Kepegawaian dan Pengembangan Sumber Daya Manusia",
            "set_pagu_user": 0,
            "set_pagu_at": null,
            "id_program": 4399,
            "kode_program": "5.03.02",
            "nama_program": "PROGRAM KEPEGAWAIAN DAERAH",
            "id_giat": 18224,
            "kode_giat": "5.03.02.2.03",
            "nama_giat": "Pengembangan Kompetensi ASN",
            "pagu_giat": 19800000.0,
            "rinci_giat": null,
            "id_sub_giat": 59585,
            "kode_sub_giat": "5.03.02.2.03.0001",
            "nama_sub_giat": "Peningkatan Kapasitas Kinerja ASN",
            "pagu": 9900000.0,
            "pagu_indikatif": 9900000.0,
            "rincian": null,
            "kode_bl": "676.676.4399.18224",
            "kode_sbl": "676.676.4399.18224.59585",
            "kunci_bl": 1,
            "kunci_bl_rinci": 1,
            "user_created": "Syarifah Inayati,SE",
            "created_date": "20-01-2025",
            "created_time": "09:52",
            "user_updated": "Syarifah Inayati,SE",
            "updated_date": "03-07-2025",
            "updated_time": "09:38",
            "is_locked": 0
        },
        {
            "id_sub_bl": 58863,
            "id_daerah": 473,
            "tahun": 2026,
            "id_unit": 676,
            "id_skpd": 676,
            "created_user": 399749,
            "kode_skpd": "5.03.5.04.0.00.01.0000",
            "nama_skpd": "Badan Kepegawaian dan Pengembangan Sumber Daya Manusia",
            "id_urusan": 15,
            "kode_urusan": "5",
            "nama_urusan": "UNSUR PENUNJANG URUSAN PEMERINTAHAN",
            "id_bidang_urusan": 237,
            "kode_bidang_urusan": "5.03",
            "nama_bidang_urusan": "KEPEGAWAIAN",
            "id_sub_skpd": 676,
            "kode_sub_skpd": "5.03.5.04.0.00.01.0000",
            "nama_sub_skpd": "Badan Kepegawaian dan Pengembangan Sumber Daya Manusia",
            "set_pagu_user": 0,
            "set_pagu_at": null,
            "id_program": 4399,
            "kode_program": "5.03.02",
            "nama_program": "PROGRAM KEPEGAWAIAN DAERAH",
            "id_giat": 18224,
            "kode_giat": "5.03.02.2.03",
            "nama_giat": "Pengembangan Kompetensi ASN",
            "pagu_giat": 19800000.0,
            "rinci_giat": null,
            "id_sub_giat": 59598,
            "kode_sub_giat": "5.03.02.2.03.0014",
            "nama_sub_giat": "Fasilitasi Pengembangan Karir dalam Jabatan Fungsional",
            "pagu": 9900000.0,
            "pagu_indikatif": 9900000.0,
            "rincian": null,
            "kode_bl": "676.676.4399.18224",
            "kode_sbl": "676.676.4399.18224.59598",
            "kunci_bl": 1,
            "kunci_bl_rinci": 1,
            "user_created": "Syarifah Inayati,SE",
            "created_date": "20-01-2025",
            "created_time": "09:53",
            "user_updated": "Syarifah Inayati,SE",
            "updated_date": "03-07-2025",
            "updated_time": "09:38",
            "is_locked": 0
        },
        {
            "id_sub_bl": 58868,
            "id_daerah": 473,
            "tahun": 2026,
            "id_unit": 676,
            "id_skpd": 676,
            "created_user": 399749,
            "kode_skpd": "5.03.5.04.0.00.01.0000",
            "nama_skpd": "Badan Kepegawaian dan Pengembangan Sumber Daya Manusia",
            "id_urusan": 15,
            "kode_urusan": "5",
            "nama_urusan": "UNSUR PENUNJANG URUSAN PEMERINTAHAN",
            "id_bidang_urusan": 237,
            "kode_bidang_urusan": "5.03",
            "nama_bidang_urusan": "KEPEGAWAIAN",
            "id_sub_skpd": 676,
            "kode_sub_skpd": "5.03.5.04.0.00.01.0000",
            "nama_sub_skpd": "Badan Kepegawaian dan Pengembangan Sumber Daya Manusia",
            "set_pagu_user": 0,
            "set_pagu_at": null,
            "id_program": 4399,
            "kode_program": "5.03.02",
            "nama_program": "PROGRAM KEPEGAWAIAN DAERAH",
            "id_giat": 18225,
            "kode_giat": "5.03.02.2.04",
            "nama_giat": "Penilaian dan Evaluasi Kinerja Aparatur",
            "pagu_giat": 99600000.0,
            "rinci_giat": null,
            "id_sub_giat": 59601,
            "kode_sub_giat": "5.03.02.2.04.0002",
            "nama_sub_giat": "Pelaksanaan Penilaian dan Evaluasi Kinerja Aparatur",
            "pagu": 25000000.0,
            "pagu_indikatif": 25000000.0,
            "rincian": null,
            "kode_bl": "676.676.4399.18225",
            "kode_sbl": "676.676.4399.18225.59601",
            "kunci_bl": 1,
            "kunci_bl_rinci": 1,
            "user_created": "Syarifah Inayati,SE",
            "created_date": "20-01-2025",
            "created_time": "09:56",
            "user_updated": "Syarifah Inayati,SE",
            "updated_date": "03-07-2025",
            "updated_time": "09:39",
            "is_locked": 0
        },
        {
            "id_sub_bl": 58869,
            "id_daerah": 473,
            "tahun": 2026,
            "id_unit": 676,
            "id_skpd": 676,
            "created_user": 399749,
            "kode_skpd": "5.03.5.04.0.00.01.0000",
            "nama_skpd": "Badan Kepegawaian dan Pengembangan Sumber Daya Manusia",
            "id_urusan": 15,
            "kode_urusan": "5",
            "nama_urusan": "UNSUR PENUNJANG URUSAN PEMERINTAHAN",
            "id_bidang_urusan": 237,
            "kode_bidang_urusan": "5.03",
            "nama_bidang_urusan": "KEPEGAWAIAN",
            "id_sub_skpd": 676,
            "kode_sub_skpd": "5.03.5.04.0.00.01.0000",
            "nama_sub_skpd": "Badan Kepegawaian dan Pengembangan Sumber Daya Manusia",
            "set_pagu_user": 0,
            "set_pagu_at": null,
            "id_program": 4399,
            "kode_program": "5.03.02",
            "nama_program": "PROGRAM KEPEGAWAIAN DAERAH",
            "id_giat": 18225,
            "kode_giat": "5.03.02.2.04",
            "nama_giat": "Penilaian dan Evaluasi Kinerja Aparatur",
            "pagu_giat": 99600000.0,
            "rinci_giat": null,
            "id_sub_giat": 59603,
            "kode_sub_giat": "5.03.02.2.04.0004",
            "nama_sub_giat": "Pengelolaan Pemberian Penghargaan bagi Pegawai",
            "pagu": 34800000.0,
            "pagu_indikatif": 34800000.0,
            "rincian": null,
            "kode_bl": "676.676.4399.18225",
            "kode_sbl": "676.676.4399.18225.59603",
            "kunci_bl": 1,
            "kunci_bl_rinci": 1,
            "user_created": "Syarifah Inayati,SE",
            "created_date": "20-01-2025",
            "created_time": "09:56",
            "user_updated": "Syarifah Inayati,SE",
            "updated_date": "03-07-2025",
            "updated_time": "09:40",
            "is_locked": 0
        },
        {
            "id_sub_bl": 58873,
            "id_daerah": 473,
            "tahun": 2026,
            "id_unit": 676,
            "id_skpd": 676,
            "created_user": 399749,
            "kode_skpd": "5.03.5.04.0.00.01.0000",
            "nama_skpd": "Badan Kepegawaian dan Pengembangan Sumber Daya Manusia",
            "id_urusan": 15,
            "kode_urusan": "5",
            "nama_urusan": "UNSUR PENUNJANG URUSAN PEMERINTAHAN",
            "id_bidang_urusan": 237,
            "kode_bidang_urusan": "5.03",
            "nama_bidang_urusan": "KEPEGAWAIAN",
            "id_sub_skpd": 676,
            "kode_sub_skpd": "5.03.5.04.0.00.01.0000",
            "nama_sub_skpd": "Badan Kepegawaian dan Pengembangan Sumber Daya Manusia",
            "set_pagu_user": 0,
            "set_pagu_at": null,
            "id_program": 4399,
            "kode_program": "5.03.02",
            "nama_program": "PROGRAM KEPEGAWAIAN DAERAH",
            "id_giat": 18225,
            "kode_giat": "5.03.02.2.04",
            "nama_giat": "Penilaian dan Evaluasi Kinerja Aparatur",
            "pagu_giat": 99600000.0,
            "rinci_giat": null,
            "id_sub_giat": 59606,
            "kode_sub_giat": "5.03.02.2.04.0007",
            "nama_sub_giat": "Pembinaan Disiplin ASN",
            "pagu": 29900000.0,
            "pagu_indikatif": 29900000.0,
            "rincian": null,
            "kode_bl": "676.676.4399.18225",
            "kode_sbl": "676.676.4399.18225.59606",
            "kunci_bl": 1,
            "kunci_bl_rinci": 1,
            "user_created": "Syarifah Inayati,SE",
            "created_date": "20-01-2025",
            "created_time": "09:57",
            "user_updated": "Syarifah Inayati,SE",
            "updated_date": "03-07-2025",
            "updated_time": "09:43",
            "is_locked": 0
        },
        {
            "id_sub_bl": 58875,
            "id_daerah": 473,
            "tahun": 2026,
            "id_unit": 676,
            "id_skpd": 676,
            "created_user": 399749,
            "kode_skpd": "5.03.5.04.0.00.01.0000",
            "nama_skpd": "Badan Kepegawaian dan Pengembangan Sumber Daya Manusia",
            "id_urusan": 15,
            "kode_urusan": "5",
            "nama_urusan": "UNSUR PENUNJANG URUSAN PEMERINTAHAN",
            "id_bidang_urusan": 237,
            "kode_bidang_urusan": "5.03",
            "nama_bidang_urusan": "KEPEGAWAIAN",
            "id_sub_skpd": 676,
            "kode_sub_skpd": "5.03.5.04.0.00.01.0000",
            "nama_sub_skpd": "Badan Kepegawaian dan Pengembangan Sumber Daya Manusia",
            "set_pagu_user": 399749,
            "set_pagu_at": "Wed, 25 Jun 2025 16:44:17 GMT",
            "id_program": 4399,
            "kode_program": "5.03.02",
            "nama_program": "PROGRAM KEPEGAWAIAN DAERAH",
            "id_giat": 18225,
            "kode_giat": "5.03.02.2.04",
            "nama_giat": "Penilaian dan Evaluasi Kinerja Aparatur",
            "pagu_giat": 99600000.0,
            "rinci_giat": null,
            "id_sub_giat": 59607,
            "kode_sub_giat": "5.03.02.2.04.0008",
            "nama_sub_giat": "Pengelolaan Penyelesaian Pelanggaran Disiplin ASN",
            "pagu": 9900000.0,
            "pagu_indikatif": 9900000.0,
            "rincian": null,
            "kode_bl": "676.676.4399.18225",
            "kode_sbl": "676.676.4399.18225.59607",
            "kunci_bl": 1,
            "kunci_bl_rinci": 1,
            "user_created": "Syarifah Inayati,SE",
            "created_date": "20-01-2025",
            "created_time": "09:58",
            "user_updated": "Syarifah Inayati,SE",
            "updated_date": "25-03-2025",
            "updated_time": "14:52",
            "is_locked": 0
        },
        {
            "id_sub_bl": 58752,
            "id_daerah": 473,
            "tahun": 2026,
            "id_unit": 676,
            "id_skpd": 676,
            "created_user": 399749,
            "kode_skpd": "5.03.5.04.0.00.01.0000",
            "nama_skpd": "Badan Kepegawaian dan Pengembangan Sumber Daya Manusia",
            "id_urusan": 15,
            "kode_urusan": "5",
            "nama_urusan": "UNSUR PENUNJANG URUSAN PEMERINTAHAN",
            "id_bidang_urusan": 237,
            "kode_bidang_urusan": "5.03",
            "nama_bidang_urusan": "KEPEGAWAIAN",
            "id_sub_skpd": 676,
            "kode_sub_skpd": "5.03.5.04.0.00.01.0000",
            "nama_sub_skpd": "Badan Kepegawaian dan Pengembangan Sumber Daya Manusia",
            "set_pagu_user": 0,
            "set_pagu_at": null,
            "id_program": 4451,
            "kode_program": "5.03.01",
            "nama_program": "PROGRAM PENUNJANG URUSAN PEMERINTAHAN DAERAH KABUPATEN/KOTA",
            "id_giat": 18371,
            "kode_giat": "5.03.01.2.01",
            "nama_giat": "Perencanaan, Penganggaran, dan Evaluasi Kinerja Perangkat Daerah",
            "pagu_giat": 64500000.0,
            "rinci_giat": null,
            "id_sub_giat": 60589,
            "kode_sub_giat": "5.03.01.2.01.0001",
            "nama_sub_giat": "Penyusunan Dokumen Perencanaan Perangkat Daerah",
            "pagu": 24900000.0,
            "pagu_indikatif": 24900000.0,
            "rincian": null,
            "kode_bl": "676.676.4451.18371",
            "kode_sbl": "676.676.4451.18371.60589",
            "kunci_bl": 1,
            "kunci_bl_rinci": 1,
            "user_created": "Syarifah Inayati,SE",
            "created_date": "20-01-2025",
            "created_time": "08:40",
            "user_updated": "Syarifah Inayati,SE",
            "updated_date": "03-07-2025",
            "updated_time": "13:20",
            "is_locked": 0
        },
        {
            "id_sub_bl": 58756,
            "id_daerah": 473,
            "tahun": 2026,
            "id_unit": 676,
            "id_skpd": 676,
            "created_user": 399749,
            "kode_skpd": "5.03.5.04.0.00.01.0000",
            "nama_skpd": "Badan Kepegawaian dan Pengembangan Sumber Daya Manusia",
            "id_urusan": 15,
            "kode_urusan": "5",
            "nama_urusan": "UNSUR PENUNJANG URUSAN PEMERINTAHAN",
            "id_bidang_urusan": 237,
            "kode_bidang_urusan": "5.03",
            "nama_bidang_urusan": "KEPEGAWAIAN",
            "id_sub_skpd": 676,
            "kode_sub_skpd": "5.03.5.04.0.00.01.0000",
            "nama_sub_skpd": "Badan Kepegawaian dan Pengembangan Sumber Daya Manusia",
            "set_pagu_user": 0,
            "set_pagu_at": null,
            "id_program": 4451,
            "kode_program": "5.03.01",
            "nama_program": "PROGRAM PENUNJANG URUSAN PEMERINTAHAN DAERAH KABUPATEN/KOTA",
            "id_giat": 18371,
            "kode_giat": "5.03.01.2.01",
            "nama_giat": "Perencanaan, Penganggaran, dan Evaluasi Kinerja Perangkat Daerah",
            "pagu_giat": 64500000.0,
            "rinci_giat": null,
            "id_sub_giat": 60590,
            "kode_sub_giat": "5.03.01.2.01.0002",
            "nama_sub_giat": "Koordinasi dan Penyusunan Dokumen RKA-SKPD",
            "pagu": 9900000.0,
            "pagu_indikatif": 9900000.0,
            "rincian": null,
            "kode_bl": "676.676.4451.18371",
            "kode_sbl": "676.676.4451.18371.60590",
            "kunci_bl": 1,
            "kunci_bl_rinci": 1,
            "user_created": "Syarifah Inayati,SE",
            "created_date": "20-01-2025",
            "created_time": "08:42",
            "user_updated": "Syarifah Inayati,SE",
            "updated_date": "03-07-2025",
            "updated_time": "13:20",
            "is_locked": 0
        },
        {
            "id_sub_bl": 58758,
            "id_daerah": 473,
            "tahun": 2026,
            "id_unit": 676,
            "id_skpd": 676,
            "created_user": 399749,
            "kode_skpd": "5.03.5.04.0.00.01.0000",
            "nama_skpd": "Badan Kepegawaian dan Pengembangan Sumber Daya Manusia",
            "id_urusan": 15,
            "kode_urusan": "5",
            "nama_urusan": "UNSUR PENUNJANG URUSAN PEMERINTAHAN",
            "id_bidang_urusan": 237,
            "kode_bidang_urusan": "5.03",
            "nama_bidang_urusan": "KEPEGAWAIAN",
            "id_sub_skpd": 676,
            "kode_sub_skpd": "5.03.5.04.0.00.01.0000",
            "nama_sub_skpd": "Badan Kepegawaian dan Pengembangan Sumber Daya Manusia",
            "set_pagu_user": 0,
            "set_pagu_at": null,
            "id_program": 4451,
            "kode_program": "5.03.01",
            "nama_program": "PROGRAM PENUNJANG URUSAN PEMERINTAHAN DAERAH KABUPATEN/KOTA",
            "id_giat": 18371,
            "kode_giat": "5.03.01.2.01",
            "nama_giat": "Perencanaan, Penganggaran, dan Evaluasi Kinerja Perangkat Daerah",
            "pagu_giat": 64500000.0,
            "rinci_giat": null,
            "id_sub_giat": 60592,
            "kode_sub_giat": "5.03.01.2.01.0004",
            "nama_sub_giat": "Koordinasi dan Penyusunan DPA-SKPD",
            "pagu": 9900000.0,
            "pagu_indikatif": 9900000.0,
            "rincian": null,
            "kode_bl": "676.676.4451.18371",
            "kode_sbl": "676.676.4451.18371.60592",
            "kunci_bl": 1,
            "kunci_bl_rinci": 1,
            "user_created": "Syarifah Inayati,SE",
            "created_date": "20-01-2025",
            "created_time": "08:44",
            "user_updated": "Syarifah Inayati,SE",
            "updated_date": "03-07-2025",
            "updated_time": "13:21",
            "is_locked": 0
        },
        {
            "id_sub_bl": 58761,
            "id_daerah": 473,
            "tahun": 2026,
            "id_unit": 676,
            "id_skpd": 676,
            "created_user": 399749,
            "kode_skpd": "5.03.5.04.0.00.01.0000",
            "nama_skpd": "Badan Kepegawaian dan Pengembangan Sumber Daya Manusia",
            "id_urusan": 15,
            "kode_urusan": "5",
            "nama_urusan": "UNSUR PENUNJANG URUSAN PEMERINTAHAN",
            "id_bidang_urusan": 237,
            "kode_bidang_urusan": "5.03",
            "nama_bidang_urusan": "KEPEGAWAIAN",
            "id_sub_skpd": 676,
            "kode_sub_skpd": "5.03.5.04.0.00.01.0000",
            "nama_sub_skpd": "Badan Kepegawaian dan Pengembangan Sumber Daya Manusia",
            "set_pagu_user": 0,
            "set_pagu_at": null,
            "id_program": 4451,
            "kode_program": "5.03.01",
            "nama_program": "PROGRAM PENUNJANG URUSAN PEMERINTAHAN DAERAH KABUPATEN/KOTA",
            "id_giat": 18371,
            "kode_giat": "5.03.01.2.01",
            "nama_giat": "Perencanaan, Penganggaran, dan Evaluasi Kinerja Perangkat Daerah",
            "pagu_giat": 64500000.0,
            "rinci_giat": null,
            "id_sub_giat": 60594,
            "kode_sub_giat": "5.03.01.2.01.0006",
            "nama_sub_giat": "Koordinasi dan Penyusunan Laporan Capaian Kinerja dan Ikhtisar Realisasi Kinerja SKPD",
            "pagu": 9900000.0,
            "pagu_indikatif": 9900000.0,
            "rincian": null,
            "kode_bl": "676.676.4451.18371",
            "kode_sbl": "676.676.4451.18371.60594",
            "kunci_bl": 1,
            "kunci_bl_rinci": 1,
            "user_created": "Syarifah Inayati,SE",
            "created_date": "20-01-2025",
            "created_time": "08:50",
            "user_updated": "Syarifah Inayati,SE",
            "updated_date": "03-07-2025",
            "updated_time": "13:21",
            "is_locked": 0
        },
        {
            "id_sub_bl": 58766,
            "id_daerah": 473,
            "tahun": 2026,
            "id_unit": 676,
            "id_skpd": 676,
            "created_user": 399749,
            "kode_skpd": "5.03.5.04.0.00.01.0000",
            "nama_skpd": "Badan Kepegawaian dan Pengembangan Sumber Daya Manusia",
            "id_urusan": 15,
            "kode_urusan": "5",
            "nama_urusan": "UNSUR PENUNJANG URUSAN PEMERINTAHAN",
            "id_bidang_urusan": 237,
            "kode_bidang_urusan": "5.03",
            "nama_bidang_urusan": "KEPEGAWAIAN",
            "id_sub_skpd": 676,
            "kode_sub_skpd": "5.03.5.04.0.00.01.0000",
            "nama_sub_skpd": "Badan Kepegawaian dan Pengembangan Sumber Daya Manusia",
            "set_pagu_user": 0,
            "set_pagu_at": null,
            "id_program": 4451,
            "kode_program": "5.03.01",
            "nama_program": "PROGRAM PENUNJANG URUSAN PEMERINTAHAN DAERAH KABUPATEN/KOTA",
            "id_giat": 18371,
            "kode_giat": "5.03.01.2.01",
            "nama_giat": "Perencanaan, Penganggaran, dan Evaluasi Kinerja Perangkat Daerah",
            "pagu_giat": 64500000.0,
            "rinci_giat": null,
            "id_sub_giat": 60595,
            "kode_sub_giat": "5.03.01.2.01.0007",
            "nama_sub_giat": "Evaluasi Kinerja Perangkat Daerah",
            "pagu": 9900000.0,
            "pagu_indikatif": 9900000.0,
            "rincian": null,
            "kode_bl": "676.676.4451.18371",
            "kode_sbl": "676.676.4451.18371.60595",
            "kunci_bl": 1,
            "kunci_bl_rinci": 1,
            "user_created": "Syarifah Inayati,SE",
            "created_date": "20-01-2025",
            "created_time": "08:59",
            "user_updated": "Syarifah Inayati,SE",
            "updated_date": "03-07-2025",
            "updated_time": "13:21",
            "is_locked": 0
        },
        {
            "id_sub_bl": 58772,
            "id_daerah": 473,
            "tahun": 2026,
            "id_unit": 676,
            "id_skpd": 676,
            "created_user": 399749,
            "kode_skpd": "5.03.5.04.0.00.01.0000",
            "nama_skpd": "Badan Kepegawaian dan Pengembangan Sumber Daya Manusia",
            "id_urusan": 15,
            "kode_urusan": "5",
            "nama_urusan": "UNSUR PENUNJANG URUSAN PEMERINTAHAN",
            "id_bidang_urusan": 237,
            "kode_bidang_urusan": "5.03",
            "nama_bidang_urusan": "KEPEGAWAIAN",
            "id_sub_skpd": 676,
            "kode_sub_skpd": "5.03.5.04.0.00.01.0000",
            "nama_sub_skpd": "Badan Kepegawaian dan Pengembangan Sumber Daya Manusia",
            "set_pagu_user": 0,
            "set_pagu_at": null,
            "id_program": 4451,
            "kode_program": "5.03.01",
            "nama_program": "PROGRAM PENUNJANG URUSAN PEMERINTAHAN DAERAH KABUPATEN/KOTA",
            "id_giat": 18372,
            "kode_giat": "5.03.01.2.02",
            "nama_giat": "Administrasi Keuangan Perangkat Daerah",
            "pagu_giat": 2913268080.0,
            "rinci_giat": null,
            "id_sub_giat": 60602,
            "kode_sub_giat": "5.03.01.2.02.0001",
            "nama_sub_giat": "Penyediaan Gaji dan Tunjangan ASN",
            "pagu": 2834285080.0,
            "pagu_indikatif": 2834285080.0,
            "rincian": null,
            "kode_bl": "676.676.4451.18372",
            "kode_sbl": "676.676.4451.18372.60602",
            "kunci_bl": 1,
            "kunci_bl_rinci": 1,
            "user_created": "Syarifah Inayati,SE",
            "created_date": "20-01-2025",
            "created_time": "09:02",
            "user_updated": "Syarifah Inayati,SE",
            "updated_date": "03-07-2025",
            "updated_time": "13:22",
            "is_locked": 0
        },
        {
            "id_sub_bl": 58775,
            "id_daerah": 473,
            "tahun": 2026,
            "id_unit": 676,
            "id_skpd": 676,
            "created_user": 399749,
            "kode_skpd": "5.03.5.04.0.00.01.0000",
            "nama_skpd": "Badan Kepegawaian dan Pengembangan Sumber Daya Manusia",
            "id_urusan": 15,
            "kode_urusan": "5",
            "nama_urusan": "UNSUR PENUNJANG URUSAN PEMERINTAHAN",
            "id_bidang_urusan": 237,
            "kode_bidang_urusan": "5.03",
            "nama_bidang_urusan": "KEPEGAWAIAN",
            "id_sub_skpd": 676,
            "kode_sub_skpd": "5.03.5.04.0.00.01.0000",
            "nama_sub_skpd": "Badan Kepegawaian dan Pengembangan Sumber Daya Manusia",
            "set_pagu_user": 0,
            "set_pagu_at": null,
            "id_program": 4451,
            "kode_program": "5.03.01",
            "nama_program": "PROGRAM PENUNJANG URUSAN PEMERINTAHAN DAERAH KABUPATEN/KOTA",
            "id_giat": 18372,
            "kode_giat": "5.03.01.2.02",
            "nama_giat": "Administrasi Keuangan Perangkat Daerah",
            "pagu_giat": 2913268080.0,
            "rinci_giat": null,
            "id_sub_giat": 60604,
            "kode_sub_giat": "5.03.01.2.02.0003",
            "nama_sub_giat": "Pelaksanaan Penatausahaan dan\r\n\nPengujian/Verifikasi Keuangan SKPD",
            "pagu": 59183000.0,
            "pagu_indikatif": 59183000.0,
            "rincian": null,
            "kode_bl": "676.676.4451.18372",
            "kode_sbl": "676.676.4451.18372.60604",
            "kunci_bl": 1,
            "kunci_bl_rinci": 1,
            "user_created": "Syarifah Inayati,SE",
            "created_date": "20-01-2025",
            "created_time": "09:04",
            "user_updated": "Syarifah Inayati,SE",
            "updated_date": "03-07-2025",
            "updated_time": "13:22",
            "is_locked": 0
        },
        {
            "id_sub_bl": 58778,
            "id_daerah": 473,
            "tahun": 2026,
            "id_unit": 676,
            "id_skpd": 676,
            "created_user": 399749,
            "kode_skpd": "5.03.5.04.0.00.01.0000",
            "nama_skpd": "Badan Kepegawaian dan Pengembangan Sumber Daya Manusia",
            "id_urusan": 15,
            "kode_urusan": "5",
            "nama_urusan": "UNSUR PENUNJANG URUSAN PEMERINTAHAN",
            "id_bidang_urusan": 237,
            "kode_bidang_urusan": "5.03",
            "nama_bidang_urusan": "KEPEGAWAIAN",
            "id_sub_skpd": 676,
            "kode_sub_skpd": "5.03.5.04.0.00.01.0000",
            "nama_sub_skpd": "Badan Kepegawaian dan Pengembangan Sumber Daya Manusia",
            "set_pagu_user": 0,
            "set_pagu_at": null,
            "id_program": 4451,
            "kode_program": "5.03.01",
            "nama_program": "PROGRAM PENUNJANG URUSAN PEMERINTAHAN DAERAH KABUPATEN/KOTA",
            "id_giat": 18372,
            "kode_giat": "5.03.01.2.02",
            "nama_giat": "Administrasi Keuangan Perangkat Daerah",
            "pagu_giat": 2913268080.0,
            "rinci_giat": null,
            "id_sub_giat": 60606,
            "kode_sub_giat": "5.03.01.2.02.0005",
            "nama_sub_giat": "Koordinasi dan Penyusunan Laporan Keuangan Akhir Tahun SKPD",
            "pagu": 9900000.0,
            "pagu_indikatif": 9900000.0,
            "rincian": null,
            "kode_bl": "676.676.4451.18372",
            "kode_sbl": "676.676.4451.18372.60606",
            "kunci_bl": 1,
            "kunci_bl_rinci": 1,
            "user_created": "Syarifah Inayati,SE",
            "created_date": "20-01-2025",
            "created_time": "09:06",
            "user_updated": "Syarifah Inayati,SE",
            "updated_date": "03-07-2025",
            "updated_time": "13:23",
            "is_locked": 0
        },
        {
            "id_sub_bl": 58780,
            "id_daerah": 473,
            "tahun": 2026,
            "id_unit": 676,
            "id_skpd": 676,
            "created_user": 399749,
            "kode_skpd": "5.03.5.04.0.00.01.0000",
            "nama_skpd": "Badan Kepegawaian dan Pengembangan Sumber Daya Manusia",
            "id_urusan": 15,
            "kode_urusan": "5",
            "nama_urusan": "UNSUR PENUNJANG URUSAN PEMERINTAHAN",
            "id_bidang_urusan": 237,
            "kode_bidang_urusan": "5.03",
            "nama_bidang_urusan": "KEPEGAWAIAN",
            "id_sub_skpd": 676,
            "kode_sub_skpd": "5.03.5.04.0.00.01.0000",
            "nama_sub_skpd": "Badan Kepegawaian dan Pengembangan Sumber Daya Manusia",
            "set_pagu_user": 0,
            "set_pagu_at": null,
            "id_program": 4451,
            "kode_program": "5.03.01",
            "nama_program": "PROGRAM PENUNJANG URUSAN PEMERINTAHAN DAERAH KABUPATEN/KOTA",
            "id_giat": 18372,
            "kode_giat": "5.03.01.2.02",
            "nama_giat": "Administrasi Keuangan Perangkat Daerah",
            "pagu_giat": 2913268080.0,
            "rinci_giat": null,
            "id_sub_giat": 60608,
            "kode_sub_giat": "5.03.01.2.02.0007",
            "nama_sub_giat": "Koordinasi dan Penyusunan Laporan Keuangan Bulanan/ Triwulanan/ Semesteran SKPD",
            "pagu": 9900000.0,
            "pagu_indikatif": 9900000.0,
            "rincian": null,
            "kode_bl": "676.676.4451.18372",
            "kode_sbl": "676.676.4451.18372.60608",
            "kunci_bl": 1,
            "kunci_bl_rinci": 1,
            "user_created": "Syarifah Inayati,SE",
            "created_date": "20-01-2025",
            "created_time": "09:08",
            "user_updated": "Syarifah Inayati,SE",
            "updated_date": "03-07-2025",
            "updated_time": "13:23",
            "is_locked": 0
        },
        {
            "id_sub_bl": 58785,
            "id_daerah": 473,
            "tahun": 2026,
            "id_unit": 676,
            "id_skpd": 676,
            "created_user": 399749,
            "kode_skpd": "5.03.5.04.0.00.01.0000",
            "nama_skpd": "Badan Kepegawaian dan Pengembangan Sumber Daya Manusia",
            "id_urusan": 15,
            "kode_urusan": "5",
            "nama_urusan": "UNSUR PENUNJANG URUSAN PEMERINTAHAN",
            "id_bidang_urusan": 237,
            "kode_bidang_urusan": "5.03",
            "nama_bidang_urusan": "KEPEGAWAIAN",
            "id_sub_skpd": 676,
            "kode_sub_skpd": "5.03.5.04.0.00.01.0000",
            "nama_sub_skpd": "Badan Kepegawaian dan Pengembangan Sumber Daya Manusia",
            "set_pagu_user": 0,
            "set_pagu_at": null,
            "id_program": 4451,
            "kode_program": "5.03.01",
            "nama_program": "PROGRAM PENUNJANG URUSAN PEMERINTAHAN DAERAH KABUPATEN/KOTA",
            "id_giat": 18373,
            "kode_giat": "5.03.01.2.03",
            "nama_giat": "Administrasi Barang Milik Daerah pada Perangkat Daerah",
            "pagu_giat": 35000000.0,
            "rinci_giat": null,
            "id_sub_giat": 60615,
            "kode_sub_giat": "5.03.01.2.03.0006",
            "nama_sub_giat": "Penatausahaan Barang Milik Daerah pada SKPD",
            "pagu": 35000000.0,
            "pagu_indikatif": 35000000.0,
            "rincian": null,
            "kode_bl": "676.676.4451.18373",
            "kode_sbl": "676.676.4451.18373.60615",
            "kunci_bl": 1,
            "kunci_bl_rinci": 1,
            "user_created": "Syarifah Inayati,SE",
            "created_date": "20-01-2025",
            "created_time": "09:11",
            "user_updated": "Syarifah Inayati,SE",
            "updated_date": "03-07-2025",
            "updated_time": "13:23",
            "is_locked": 0
        },
        {
            "id_sub_bl": 73259,
            "id_daerah": 473,
            "tahun": 2026,
            "id_unit": 676,
            "id_skpd": 676,
            "created_user": 399749,
            "kode_skpd": "5.03.5.04.0.00.01.0000",
            "nama_skpd": "Badan Kepegawaian dan Pengembangan Sumber Daya Manusia",
            "id_urusan": 15,
            "kode_urusan": "5",
            "nama_urusan": "UNSUR PENUNJANG URUSAN PEMERINTAHAN",
            "id_bidang_urusan": 237,
            "kode_bidang_urusan": "5.03",
            "nama_bidang_urusan": "KEPEGAWAIAN",
            "id_sub_skpd": 676,
            "kode_sub_skpd": "5.03.5.04.0.00.01.0000",
            "nama_sub_skpd": "Badan Kepegawaian dan Pengembangan Sumber Daya Manusia",
            "set_pagu_user": 0,
            "set_pagu_at": null,
            "id_program": 4451,
            "kode_program": "5.03.01",
            "nama_program": "PROGRAM PENUNJANG URUSAN PEMERINTAHAN DAERAH KABUPATEN/KOTA",
            "id_giat": 18375,
            "kode_giat": "5.03.01.2.05",
            "nama_giat": "Administrasi Kepegawaian Perangkat Daerah",
            "pagu_giat": 341099000.0,
            "rinci_giat": null,
            "id_sub_giat": 60625,
            "kode_sub_giat": "5.03.01.2.05.0002",
            "nama_sub_giat": "Pengadaan Pakaian Dinas beserta Atribut Kelengkapannya",
            "pagu": 30000000.0,
            "pagu_indikatif": 30000000.0,
            "rincian": null,
            "kode_bl": "676.676.4451.18375",
            "kode_sbl": "676.676.4451.18375.60625",
            "kunci_bl": 1,
            "kunci_bl_rinci": 1,
            "user_created": "Syarifah Inayati,SE",
            "created_date": "25-03-2025",
            "created_time": "14:43",
            "user_updated": "Syarifah Inayati,SE",
            "updated_date": "03-07-2025",
            "updated_time": "13:24",
            "is_locked": 0
        },
        {
            "id_sub_bl": 58788,
            "id_daerah": 473,
            "tahun": 2026,
            "id_unit": 676,
            "id_skpd": 676,
            "created_user": 399749,
            "kode_skpd": "5.03.5.04.0.00.01.0000",
            "nama_skpd": "Badan Kepegawaian dan Pengembangan Sumber Daya Manusia",
            "id_urusan": 15,
            "kode_urusan": "5",
            "nama_urusan": "UNSUR PENUNJANG URUSAN PEMERINTAHAN",
            "id_bidang_urusan": 237,
            "kode_bidang_urusan": "5.03",
            "nama_bidang_urusan": "KEPEGAWAIAN",
            "id_sub_skpd": 676,
            "kode_sub_skpd": "5.03.5.04.0.00.01.0000",
            "nama_sub_skpd": "Badan Kepegawaian dan Pengembangan Sumber Daya Manusia",
            "set_pagu_user": 0,
            "set_pagu_at": null,
            "id_program": 4451,
            "kode_program": "5.03.01",
            "nama_program": "PROGRAM PENUNJANG URUSAN PEMERINTAHAN DAERAH KABUPATEN/KOTA",
            "id_giat": 18375,
            "kode_giat": "5.03.01.2.05",
            "nama_giat": "Administrasi Kepegawaian Perangkat Daerah",
            "pagu_giat": 341099000.0,
            "rinci_giat": null,
            "id_sub_giat": 60626,
            "kode_sub_giat": "5.03.01.2.05.0003",
            "nama_sub_giat": "Pendataan dan Pengolahan Administrasi Kepegawaian",
            "pagu": 159900000.0,
            "pagu_indikatif": 19900000.0,
            "rincian": null,
            "kode_bl": "676.676.4451.18375",
            "kode_sbl": "676.676.4451.18375.60626",
            "kunci_bl": 1,
            "kunci_bl_rinci": 1,
            "user_created": "Syarifah Inayati,SE",
            "created_date": "20-01-2025",
            "created_time": "09:13",
            "user_updated": "Syarifah Inayati,SE",
            "updated_date": "03-07-2025",
            "updated_time": "13:24",
            "is_locked": 0
        },
        {
            "id_sub_bl": 58795,
            "id_daerah": 473,
            "tahun": 2026,
            "id_unit": 676,
            "id_skpd": 676,
            "created_user": 399749,
            "kode_skpd": "5.03.5.04.0.00.01.0000",
            "nama_skpd": "Badan Kepegawaian dan Pengembangan Sumber Daya Manusia",
            "id_urusan": 15,
            "kode_urusan": "5",
            "nama_urusan": "UNSUR PENUNJANG URUSAN PEMERINTAHAN",
            "id_bidang_urusan": 237,
            "kode_bidang_urusan": "5.03",
            "nama_bidang_urusan": "KEPEGAWAIAN",
            "id_sub_skpd": 676,
            "kode_sub_skpd": "5.03.5.04.0.00.01.0000",
            "nama_sub_skpd": "Badan Kepegawaian dan Pengembangan Sumber Daya Manusia",
            "set_pagu_user": 0,
            "set_pagu_at": null,
            "id_program": 4451,
            "kode_program": "5.03.01",
            "nama_program": "PROGRAM PENUNJANG URUSAN PEMERINTAHAN DAERAH KABUPATEN/KOTA",
            "id_giat": 18375,
            "kode_giat": "5.03.01.2.05",
            "nama_giat": "Administrasi Kepegawaian Perangkat Daerah",
            "pagu_giat": 341099000.0,
            "rinci_giat": null,
            "id_sub_giat": 60627,
            "kode_sub_giat": "5.03.01.2.05.0004",
            "nama_sub_giat": "Koordinasi dan Pelaksanaan Sistem Informasi Kepegawaian",
            "pagu": 20000000.0,
            "pagu_indikatif": 20000000.0,
            "rincian": null,
            "kode_bl": "676.676.4451.18375",
            "kode_sbl": "676.676.4451.18375.60627",
            "kunci_bl": 1,
            "kunci_bl_rinci": 1,
            "user_created": "Syarifah Inayati,SE",
            "created_date": "20-01-2025",
            "created_time": "09:16",
            "user_updated": "Syarifah Inayati,SE",
            "updated_date": "03-07-2025",
            "updated_time": "13:24",
            "is_locked": 0
        },
        {
            "id_sub_bl": 58798,
            "id_daerah": 473,
            "tahun": 2026,
            "id_unit": 676,
            "id_skpd": 676,
            "created_user": 399749,
            "kode_skpd": "5.03.5.04.0.00.01.0000",
            "nama_skpd": "Badan Kepegawaian dan Pengembangan Sumber Daya Manusia",
            "id_urusan": 15,
            "kode_urusan": "5",
            "nama_urusan": "UNSUR PENUNJANG URUSAN PEMERINTAHAN",
            "id_bidang_urusan": 237,
            "kode_bidang_urusan": "5.03",
            "nama_bidang_urusan": "KEPEGAWAIAN",
            "id_sub_skpd": 676,
            "kode_sub_skpd": "5.03.5.04.0.00.01.0000",
            "nama_sub_skpd": "Badan Kepegawaian dan Pengembangan Sumber Daya Manusia",
            "set_pagu_user": 0,
            "set_pagu_at": null,
            "id_program": 4451,
            "kode_program": "5.03.01",
            "nama_program": "PROGRAM PENUNJANG URUSAN PEMERINTAHAN DAERAH KABUPATEN/KOTA",
            "id_giat": 18375,
            "kode_giat": "5.03.01.2.05",
            "nama_giat": "Administrasi Kepegawaian Perangkat Daerah",
            "pagu_giat": 341099000.0,
            "rinci_giat": null,
            "id_sub_giat": 60628,
            "kode_sub_giat": "5.03.01.2.05.0005",
            "nama_sub_giat": "Monitoring, Evaluasi, dan Penilaian Kinerja Pegawai",
            "pagu": 79900000.0,
            "pagu_indikatif": 79900000.0,
            "rincian": null,
            "kode_bl": "676.676.4451.18375",
            "kode_sbl": "676.676.4451.18375.60628",
            "kunci_bl": 1,
            "kunci_bl_rinci": 1,
            "user_created": "Syarifah Inayati,SE",
            "created_date": "20-01-2025",
            "created_time": "09:17",
            "user_updated": "Syarifah Inayati,SE",
            "updated_date": "03-07-2025",
            "updated_time": "13:25",
            "is_locked": 0
        },
        {
            "id_sub_bl": 58800,
            "id_daerah": 473,
            "tahun": 2026,
            "id_unit": 676,
            "id_skpd": 676,
            "created_user": 399749,
            "kode_skpd": "5.03.5.04.0.00.01.0000",
            "nama_skpd": "Badan Kepegawaian dan Pengembangan Sumber Daya Manusia",
            "id_urusan": 15,
            "kode_urusan": "5",
            "nama_urusan": "UNSUR PENUNJANG URUSAN PEMERINTAHAN",
            "id_bidang_urusan": 237,
            "kode_bidang_urusan": "5.03",
            "nama_bidang_urusan": "KEPEGAWAIAN",
            "id_sub_skpd": 676,
            "kode_sub_skpd": "5.03.5.04.0.00.01.0000",
            "nama_sub_skpd": "Badan Kepegawaian dan Pengembangan Sumber Daya Manusia",
            "set_pagu_user": 0,
            "set_pagu_at": null,
            "id_program": 4451,
            "kode_program": "5.03.01",
            "nama_program": "PROGRAM PENUNJANG URUSAN PEMERINTAHAN DAERAH KABUPATEN/KOTA",
            "id_giat": 18375,
            "kode_giat": "5.03.01.2.05",
            "nama_giat": "Administrasi Kepegawaian Perangkat Daerah",
            "pagu_giat": 341099000.0,
            "rinci_giat": null,
            "id_sub_giat": 60629,
            "kode_sub_giat": "5.03.01.2.05.0006",
            "nama_sub_giat": "Pemulangan Pegawai yang Pensiun",
            "pagu": 19999000.0,
            "pagu_indikatif": 19999000.0,
            "rincian": null,
            "kode_bl": "676.676.4451.18375",
            "kode_sbl": "676.676.4451.18375.60629",
            "kunci_bl": 1,
            "kunci_bl_rinci": 1,
            "user_created": "Syarifah Inayati,SE",
            "created_date": "20-01-2025",
            "created_time": "09:19",
            "user_updated": "Syarifah Inayati,SE",
            "updated_date": "03-07-2025",
            "updated_time": "13:25",
            "is_locked": 0
        },
        {
            "id_sub_bl": 58805,
            "id_daerah": 473,
            "tahun": 2026,
            "id_unit": 676,
            "id_skpd": 676,
            "created_user": 399749,
            "kode_skpd": "5.03.5.04.0.00.01.0000",
            "nama_skpd": "Badan Kepegawaian dan Pengembangan Sumber Daya Manusia",
            "id_urusan": 15,
            "kode_urusan": "5",
            "nama_urusan": "UNSUR PENUNJANG URUSAN PEMERINTAHAN",
            "id_bidang_urusan": 237,
            "kode_bidang_urusan": "5.03",
            "nama_bidang_urusan": "KEPEGAWAIAN",
            "id_sub_skpd": 676,
            "kode_sub_skpd": "5.03.5.04.0.00.01.0000",
            "nama_sub_skpd": "Badan Kepegawaian dan Pengembangan Sumber Daya Manusia",
            "set_pagu_user": 0,
            "set_pagu_at": null,
            "id_program": 4451,
            "kode_program": "5.03.01",
            "nama_program": "PROGRAM PENUNJANG URUSAN PEMERINTAHAN DAERAH KABUPATEN/KOTA",
            "id_giat": 18375,
            "kode_giat": "5.03.01.2.05",
            "nama_giat": "Administrasi Kepegawaian Perangkat Daerah",
            "pagu_giat": 341099000.0,
            "rinci_giat": null,
            "id_sub_giat": 60632,
            "kode_sub_giat": "5.03.01.2.05.0009",
            "nama_sub_giat": "Pendidikan dan Pelatihan Pegawai Berdasarkan Tugas dan Fungsi",
            "pagu": 31300000.0,
            "pagu_indikatif": 31300000.0,
            "rincian": null,
            "kode_bl": "676.676.4451.18375",
            "kode_sbl": "676.676.4451.18375.60632",
            "kunci_bl": 1,
            "kunci_bl_rinci": 1,
            "user_created": "Syarifah Inayati,SE",
            "created_date": "20-01-2025",
            "created_time": "09:21",
            "user_updated": "Syarifah Inayati,SE",
            "updated_date": "03-07-2025",
            "updated_time": "13:19",
            "is_locked": 0
        },
        {
            "id_sub_bl": 58808,
            "id_daerah": 473,
            "tahun": 2026,
            "id_unit": 676,
            "id_skpd": 676,
            "created_user": 399749,
            "kode_skpd": "5.03.5.04.0.00.01.0000",
            "nama_skpd": "Badan Kepegawaian dan Pengembangan Sumber Daya Manusia",
            "id_urusan": 15,
            "kode_urusan": "5",
            "nama_urusan": "UNSUR PENUNJANG URUSAN PEMERINTAHAN",
            "id_bidang_urusan": 237,
            "kode_bidang_urusan": "5.03",
            "nama_bidang_urusan": "KEPEGAWAIAN",
            "id_sub_skpd": 676,
            "kode_sub_skpd": "5.03.5.04.0.00.01.0000",
            "nama_sub_skpd": "Badan Kepegawaian dan Pengembangan Sumber Daya Manusia",
            "set_pagu_user": 0,
            "set_pagu_at": null,
            "id_program": 4451,
            "kode_program": "5.03.01",
            "nama_program": "PROGRAM PENUNJANG URUSAN PEMERINTAHAN DAERAH KABUPATEN/KOTA",
            "id_giat": 18376,
            "kode_giat": "5.03.01.2.06",
            "nama_giat": "Administrasi Umum Perangkat Daerah",
            "pagu_giat": 219100000.0,
            "rinci_giat": null,
            "id_sub_giat": 60635,
            "kode_sub_giat": "5.03.01.2.06.0001",
            "nama_sub_giat": "Penyediaan Komponen Instalasi\r\n\nListrik/Penerangan Bangunan Kantor",
            "pagu": 15000000.0,
            "pagu_indikatif": 15000000.0,
            "rincian": null,
            "kode_bl": "676.676.4451.18376",
            "kode_sbl": "676.676.4451.18376.60635",
            "kunci_bl": 1,
            "kunci_bl_rinci": 1,
            "user_created": "Syarifah Inayati,SE",
            "created_date": "20-01-2025",
            "created_time": "09:23",
            "user_updated": "Syarifah Inayati,SE",
            "updated_date": "03-07-2025",
            "updated_time": "13:17",
            "is_locked": 0
        },
        {
            "id_sub_bl": 58810,
            "id_daerah": 473,
            "tahun": 2026,
            "id_unit": 676,
            "id_skpd": 676,
            "created_user": 399749,
            "kode_skpd": "5.03.5.04.0.00.01.0000",
            "nama_skpd": "Badan Kepegawaian dan Pengembangan Sumber Daya Manusia",
            "id_urusan": 15,
            "kode_urusan": "5",
            "nama_urusan": "UNSUR PENUNJANG URUSAN PEMERINTAHAN",
            "id_bidang_urusan": 237,
            "kode_bidang_urusan": "5.03",
            "nama_bidang_urusan": "KEPEGAWAIAN",
            "id_sub_skpd": 676,
            "kode_sub_skpd": "5.03.5.04.0.00.01.0000",
            "nama_sub_skpd": "Badan Kepegawaian dan Pengembangan Sumber Daya Manusia",
            "set_pagu_user": 0,
            "set_pagu_at": null,
            "id_program": 4451,
            "kode_program": "5.03.01",
            "nama_program": "PROGRAM PENUNJANG URUSAN PEMERINTAHAN DAERAH KABUPATEN/KOTA",
            "id_giat": 18376,
            "kode_giat": "5.03.01.2.06",
            "nama_giat": "Administrasi Umum Perangkat Daerah",
            "pagu_giat": 219100000.0,
            "rinci_giat": null,
            "id_sub_giat": 60636,
            "kode_sub_giat": "5.03.01.2.06.0002",
            "nama_sub_giat": "Penyediaan Peralatan dan Perlengkapan Kantor",
            "pagu": 2500000.0,
            "pagu_indikatif": 2500000.0,
            "rincian": null,
            "kode_bl": "676.676.4451.18376",
            "kode_sbl": "676.676.4451.18376.60636",
            "kunci_bl": 1,
            "kunci_bl_rinci": 1,
            "user_created": "Syarifah Inayati,SE",
            "created_date": "20-01-2025",
            "created_time": "09:24",
            "user_updated": "Syarifah Inayati,SE",
            "updated_date": "03-07-2025",
            "updated_time": "13:17",
            "is_locked": 0
        },
        {
            "id_sub_bl": 58813,
            "id_daerah": 473,
            "tahun": 2026,
            "id_unit": 676,
            "id_skpd": 676,
            "created_user": 399749,
            "kode_skpd": "5.03.5.04.0.00.01.0000",
            "nama_skpd": "Badan Kepegawaian dan Pengembangan Sumber Daya Manusia",
            "id_urusan": 15,
            "kode_urusan": "5",
            "nama_urusan": "UNSUR PENUNJANG URUSAN PEMERINTAHAN",
            "id_bidang_urusan": 237,
            "kode_bidang_urusan": "5.03",
            "nama_bidang_urusan": "KEPEGAWAIAN",
            "id_sub_skpd": 676,
            "kode_sub_skpd": "5.03.5.04.0.00.01.0000",
            "nama_sub_skpd": "Badan Kepegawaian dan Pengembangan Sumber Daya Manusia",
            "set_pagu_user": 0,
            "set_pagu_at": null,
            "id_program": 4451,
            "kode_program": "5.03.01",
            "nama_program": "PROGRAM PENUNJANG URUSAN PEMERINTAHAN DAERAH KABUPATEN/KOTA",
            "id_giat": 18376,
            "kode_giat": "5.03.01.2.06",
            "nama_giat": "Administrasi Umum Perangkat Daerah",
            "pagu_giat": 219100000.0,
            "rinci_giat": null,
            "id_sub_giat": 60637,
            "kode_sub_giat": "5.03.01.2.06.0003",
            "nama_sub_giat": "Penyediaan Peralatan Rumah Tangga",
            "pagu": 7300000.0,
            "pagu_indikatif": 7300000.0,
            "rincian": null,
            "kode_bl": "676.676.4451.18376",
            "kode_sbl": "676.676.4451.18376.60637",
            "kunci_bl": 1,
            "kunci_bl_rinci": 1,
            "user_created": "Syarifah Inayati,SE",
            "created_date": "20-01-2025",
            "created_time": "09:27",
            "user_updated": "Syarifah Inayati,SE",
            "updated_date": "03-07-2025",
            "updated_time": "13:17",
            "is_locked": 0
        },
        {
            "id_sub_bl": 58816,
            "id_daerah": 473,
            "tahun": 2026,
            "id_unit": 676,
            "id_skpd": 676,
            "created_user": 399749,
            "kode_skpd": "5.03.5.04.0.00.01.0000",
            "nama_skpd": "Badan Kepegawaian dan Pengembangan Sumber Daya Manusia",
            "id_urusan": 15,
            "kode_urusan": "5",
            "nama_urusan": "UNSUR PENUNJANG URUSAN PEMERINTAHAN",
            "id_bidang_urusan": 237,
            "kode_bidang_urusan": "5.03",
            "nama_bidang_urusan": "KEPEGAWAIAN",
            "id_sub_skpd": 676,
            "kode_sub_skpd": "5.03.5.04.0.00.01.0000",
            "nama_sub_skpd": "Badan Kepegawaian dan Pengembangan Sumber Daya Manusia",
            "set_pagu_user": 0,
            "set_pagu_at": null,
            "id_program": 4451,
            "kode_program": "5.03.01",
            "nama_program": "PROGRAM PENUNJANG URUSAN PEMERINTAHAN DAERAH KABUPATEN/KOTA",
            "id_giat": 18376,
            "kode_giat": "5.03.01.2.06",
            "nama_giat": "Administrasi Umum Perangkat Daerah",
            "pagu_giat": 219100000.0,
            "rinci_giat": null,
            "id_sub_giat": 60638,
            "kode_sub_giat": "5.03.01.2.06.0004",
            "nama_sub_giat": "Penyediaan Bahan Logistik Kantor",
            "pagu": 45000000.0,
            "pagu_indikatif": 45000000.0,
            "rincian": null,
            "kode_bl": "676.676.4451.18376",
            "kode_sbl": "676.676.4451.18376.60638",
            "kunci_bl": 1,
            "kunci_bl_rinci": 1,
            "user_created": "Syarifah Inayati,SE",
            "created_date": "20-01-2025",
            "created_time": "09:28",
            "user_updated": "Syarifah Inayati,SE",
            "updated_date": "03-07-2025",
            "updated_time": "13:16",
            "is_locked": 0
        },
        {
            "id_sub_bl": 58818,
            "id_daerah": 473,
            "tahun": 2026,
            "id_unit": 676,
            "id_skpd": 676,
            "created_user": 399749,
            "kode_skpd": "5.03.5.04.0.00.01.0000",
            "nama_skpd": "Badan Kepegawaian dan Pengembangan Sumber Daya Manusia",
            "id_urusan": 15,
            "kode_urusan": "5",
            "nama_urusan": "UNSUR PENUNJANG URUSAN PEMERINTAHAN",
            "id_bidang_urusan": 237,
            "kode_bidang_urusan": "5.03",
            "nama_bidang_urusan": "KEPEGAWAIAN",
            "id_sub_skpd": 676,
            "kode_sub_skpd": "5.03.5.04.0.00.01.0000",
            "nama_sub_skpd": "Badan Kepegawaian dan Pengembangan Sumber Daya Manusia",
            "set_pagu_user": 0,
            "set_pagu_at": null,
            "id_program": 4451,
            "kode_program": "5.03.01",
            "nama_program": "PROGRAM PENUNJANG URUSAN PEMERINTAHAN DAERAH KABUPATEN/KOTA",
            "id_giat": 18376,
            "kode_giat": "5.03.01.2.06",
            "nama_giat": "Administrasi Umum Perangkat Daerah",
            "pagu_giat": 219100000.0,
            "rinci_giat": null,
            "id_sub_giat": 60639,
            "kode_sub_giat": "5.03.01.2.06.0005",
            "nama_sub_giat": "Penyediaan Barang Cetakan dan Penggandaan",
            "pagu": 19700000.0,
            "pagu_indikatif": 19700000.0,
            "rincian": null,
            "kode_bl": "676.676.4451.18376",
            "kode_sbl": "676.676.4451.18376.60639",
            "kunci_bl": 1,
            "kunci_bl_rinci": 1,
            "user_created": "Syarifah Inayati,SE",
            "created_date": "20-01-2025",
            "created_time": "09:29",
            "user_updated": "Syarifah Inayati,SE",
            "updated_date": "03-07-2025",
            "updated_time": "13:16",
            "is_locked": 0
        },
        {
            "id_sub_bl": 58822,
            "id_daerah": 473,
            "tahun": 2026,
            "id_unit": 676,
            "id_skpd": 676,
            "created_user": 399749,
            "kode_skpd": "5.03.5.04.0.00.01.0000",
            "nama_skpd": "Badan Kepegawaian dan Pengembangan Sumber Daya Manusia",
            "id_urusan": 15,
            "kode_urusan": "5",
            "nama_urusan": "UNSUR PENUNJANG URUSAN PEMERINTAHAN",
            "id_bidang_urusan": 237,
            "kode_bidang_urusan": "5.03",
            "nama_bidang_urusan": "KEPEGAWAIAN",
            "id_sub_skpd": 676,
            "kode_sub_skpd": "5.03.5.04.0.00.01.0000",
            "nama_sub_skpd": "Badan Kepegawaian dan Pengembangan Sumber Daya Manusia",
            "set_pagu_user": 0,
            "set_pagu_at": null,
            "id_program": 4451,
            "kode_program": "5.03.01",
            "nama_program": "PROGRAM PENUNJANG URUSAN PEMERINTAHAN DAERAH KABUPATEN/KOTA",
            "id_giat": 18376,
            "kode_giat": "5.03.01.2.06",
            "nama_giat": "Administrasi Umum Perangkat Daerah",
            "pagu_giat": 219100000.0,
            "rinci_giat": null,
            "id_sub_giat": 60640,
            "kode_sub_giat": "5.03.01.2.06.0006",
            "nama_sub_giat": "Penyediaan Bahan Bacaan dan Peraturan Perundang-undangan",
            "pagu": 14600000.0,
            "pagu_indikatif": 14600000.0,
            "rincian": null,
            "kode_bl": "676.676.4451.18376",
            "kode_sbl": "676.676.4451.18376.60640",
            "kunci_bl": 1,
            "kunci_bl_rinci": 1,
            "user_created": "Syarifah Inayati,SE",
            "created_date": "20-01-2025",
            "created_time": "09:32",
            "user_updated": "Syarifah Inayati,SE",
            "updated_date": "03-07-2025",
            "updated_time": "13:15",
            "is_locked": 0
        },
        {
            "id_sub_bl": 58831,
            "id_daerah": 473,
            "tahun": 2026,
            "id_unit": 676,
            "id_skpd": 676,
            "created_user": 399749,
            "kode_skpd": "5.03.5.04.0.00.01.0000",
            "nama_skpd": "Badan Kepegawaian dan Pengembangan Sumber Daya Manusia",
            "id_urusan": 15,
            "kode_urusan": "5",
            "nama_urusan": "UNSUR PENUNJANG URUSAN PEMERINTAHAN",
            "id_bidang_urusan": 237,
            "kode_bidang_urusan": "5.03",
            "nama_bidang_urusan": "KEPEGAWAIAN",
            "id_sub_skpd": 676,
            "kode_sub_skpd": "5.03.5.04.0.00.01.0000",
            "nama_sub_skpd": "Badan Kepegawaian dan Pengembangan Sumber Daya Manusia",
            "set_pagu_user": 0,
            "set_pagu_at": null,
            "id_program": 4451,
            "kode_program": "5.03.01",
            "nama_program": "PROGRAM PENUNJANG URUSAN PEMERINTAHAN DAERAH KABUPATEN/KOTA",
            "id_giat": 18376,
            "kode_giat": "5.03.01.2.06",
            "nama_giat": "Administrasi Umum Perangkat Daerah",
            "pagu_giat": 219100000.0,
            "rinci_giat": null,
            "id_sub_giat": 60643,
            "kode_sub_giat": "5.03.01.2.06.0009",
            "nama_sub_giat": "Penyelenggaraan Rapat Koordinasi dan Konsultasi SKPD",
            "pagu": 115000000.0,
            "pagu_indikatif": 115000000.0,
            "rincian": null,
            "kode_bl": "676.676.4451.18376",
            "kode_sbl": "676.676.4451.18376.60643",
            "kunci_bl": 1,
            "kunci_bl_rinci": 1,
            "user_created": "Syarifah Inayati,SE",
            "created_date": "20-01-2025",
            "created_time": "09:37",
            "user_updated": "Syarifah Inayati,SE",
            "updated_date": "03-07-2025",
            "updated_time": "13:15",
            "is_locked": 0
        },
        {
            "id_sub_bl": 73319,
            "id_daerah": 473,
            "tahun": 2026,
            "id_unit": 676,
            "id_skpd": 676,
            "created_user": 399749,
            "kode_skpd": "5.03.5.04.0.00.01.0000",
            "nama_skpd": "Badan Kepegawaian dan Pengembangan Sumber Daya Manusia",
            "id_urusan": 15,
            "kode_urusan": "5",
            "nama_urusan": "UNSUR PENUNJANG URUSAN PEMERINTAHAN",
            "id_bidang_urusan": 237,
            "kode_bidang_urusan": "5.03",
            "nama_bidang_urusan": "KEPEGAWAIAN",
            "id_sub_skpd": 676,
            "kode_sub_skpd": "5.03.5.04.0.00.01.0000",
            "nama_sub_skpd": "Badan Kepegawaian dan Pengembangan Sumber Daya Manusia",
            "set_pagu_user": 0,
            "set_pagu_at": null,
            "id_program": 4451,
            "kode_program": "5.03.01",
            "nama_program": "PROGRAM PENUNJANG URUSAN PEMERINTAHAN DAERAH KABUPATEN/KOTA",
            "id_giat": 18377,
            "kode_giat": "5.03.01.2.07",
            "nama_giat": "Pengadaan Barang Milik Daerah Penunjang Urusan Pemerintah Daerah",
            "pagu_giat": 96500000.0,
            "rinci_giat": null,
            "id_sub_giat": 60647,
            "kode_sub_giat": "5.03.01.2.07.0002",
            "nama_sub_giat": "Pengadaan Kendaraan Dinas Operasional atau Lapangan",
            "pagu": 0.0,
            "pagu_indikatif": 0.0,
            "rincian": null,
            "kode_bl": "676.676.4451.18377",
            "kode_sbl": "676.676.4451.18377.60647",
            "kunci_bl": 1,
            "kunci_bl_rinci": 1,
            "user_created": "Syarifah Inayati,SE",
            "created_date": "26-03-2025",
            "created_time": "08:35",
            "user_updated": "Syarifah Inayati,SE",
            "updated_date": "03-07-2025",
            "updated_time": "13:14",
            "is_locked": 0
        },
        {
            "id_sub_bl": 58835,
            "id_daerah": 473,
            "tahun": 2026,
            "id_unit": 676,
            "id_skpd": 676,
            "created_user": 399749,
            "kode_skpd": "5.03.5.04.0.00.01.0000",
            "nama_skpd": "Badan Kepegawaian dan Pengembangan Sumber Daya Manusia",
            "id_urusan": 15,
            "kode_urusan": "5",
            "nama_urusan": "UNSUR PENUNJANG URUSAN PEMERINTAHAN",
            "id_bidang_urusan": 237,
            "kode_bidang_urusan": "5.03",
            "nama_bidang_urusan": "KEPEGAWAIAN",
            "id_sub_skpd": 676,
            "kode_sub_skpd": "5.03.5.04.0.00.01.0000",
            "nama_sub_skpd": "Badan Kepegawaian dan Pengembangan Sumber Daya Manusia",
            "set_pagu_user": 0,
            "set_pagu_at": null,
            "id_program": 4451,
            "kode_program": "5.03.01",
            "nama_program": "PROGRAM PENUNJANG URUSAN PEMERINTAHAN DAERAH KABUPATEN/KOTA",
            "id_giat": 18377,
            "kode_giat": "5.03.01.2.07",
            "nama_giat": "Pengadaan Barang Milik Daerah Penunjang Urusan Pemerintah Daerah",
            "pagu_giat": 96500000.0,
            "rinci_giat": null,
            "id_sub_giat": 60651,
            "kode_sub_giat": "5.03.01.2.07.0006",
            "nama_sub_giat": "Pengadaan Peralatan dan Mesin Lainnya",
            "pagu": 96500000.0,
            "pagu_indikatif": 186500000.0,
            "rincian": null,
            "kode_bl": "676.676.4451.18377",
            "kode_sbl": "676.676.4451.18377.60651",
            "kunci_bl": 1,
            "kunci_bl_rinci": 1,
            "user_created": "Syarifah Inayati,SE",
            "created_date": "20-01-2025",
            "created_time": "09:40",
            "user_updated": "Syarifah Inayati,SE",
            "updated_date": "03-07-2025",
            "updated_time": "13:13",
            "is_locked": 0
        },
        {
            "id_sub_bl": 58836,
            "id_daerah": 473,
            "tahun": 2026,
            "id_unit": 676,
            "id_skpd": 676,
            "created_user": 399749,
            "kode_skpd": "5.03.5.04.0.00.01.0000",
            "nama_skpd": "Badan Kepegawaian dan Pengembangan Sumber Daya Manusia",
            "id_urusan": 15,
            "kode_urusan": "5",
            "nama_urusan": "UNSUR PENUNJANG URUSAN PEMERINTAHAN",
            "id_bidang_urusan": 237,
            "kode_bidang_urusan": "5.03",
            "nama_bidang_urusan": "KEPEGAWAIAN",
            "id_sub_skpd": 676,
            "kode_sub_skpd": "5.03.5.04.0.00.01.0000",
            "nama_sub_skpd": "Badan Kepegawaian dan Pengembangan Sumber Daya Manusia",
            "set_pagu_user": 0,
            "set_pagu_at": null,
            "id_program": 4451,
            "kode_program": "5.03.01",
            "nama_program": "PROGRAM PENUNJANG URUSAN PEMERINTAHAN DAERAH KABUPATEN/KOTA",
            "id_giat": 18378,
            "kode_giat": "5.03.01.2.08",
            "nama_giat": "Penyediaan Jasa Penunjang Urusan Pemerintahan Daerah",
            "pagu_giat": 163227105.0,
            "rinci_giat": null,
            "id_sub_giat": 60658,
            "kode_sub_giat": "5.03.01.2.08.0002",
            "nama_sub_giat": "Penyediaan Jasa Komunikasi, Sumber Daya Air dan Listrik",
            "pagu": 50574105.0,
            "pagu_indikatif": 50574105.0,
            "rincian": null,
            "kode_bl": "676.676.4451.18378",
            "kode_sbl": "676.676.4451.18378.60658",
            "kunci_bl": 1,
            "kunci_bl_rinci": 1,
            "user_created": "Syarifah Inayati,SE",
            "created_date": "20-01-2025",
            "created_time": "09:41",
            "user_updated": "Syarifah Inayati,SE",
            "updated_date": "03-07-2025",
            "updated_time": "13:13",
            "is_locked": 0
        },
        {
            "id_sub_bl": 58838,
            "id_daerah": 473,
            "tahun": 2026,
            "id_unit": 676,
            "id_skpd": 676,
            "created_user": 399749,
            "kode_skpd": "5.03.5.04.0.00.01.0000",
            "nama_skpd": "Badan Kepegawaian dan Pengembangan Sumber Daya Manusia",
            "id_urusan": 15,
            "kode_urusan": "5",
            "nama_urusan": "UNSUR PENUNJANG URUSAN PEMERINTAHAN",
            "id_bidang_urusan": 237,
            "kode_bidang_urusan": "5.03",
            "nama_bidang_urusan": "KEPEGAWAIAN",
            "id_sub_skpd": 676,
            "kode_sub_skpd": "5.03.5.04.0.00.01.0000",
            "nama_sub_skpd": "Badan Kepegawaian dan Pengembangan Sumber Daya Manusia",
            "set_pagu_user": 0,
            "set_pagu_at": null,
            "id_program": 4451,
            "kode_program": "5.03.01",
            "nama_program": "PROGRAM PENUNJANG URUSAN PEMERINTAHAN DAERAH KABUPATEN/KOTA",
            "id_giat": 18378,
            "kode_giat": "5.03.01.2.08",
            "nama_giat": "Penyediaan Jasa Penunjang Urusan Pemerintahan Daerah",
            "pagu_giat": 163227105.0,
            "rinci_giat": null,
            "id_sub_giat": 60660,
            "kode_sub_giat": "5.03.01.2.08.0004",
            "nama_sub_giat": "Penyediaan Jasa Pelayanan Umum Kantor",
            "pagu": 112653000.0,
            "pagu_indikatif": 112653000.0,
            "rincian": null,
            "kode_bl": "676.676.4451.18378",
            "kode_sbl": "676.676.4451.18378.60660",
            "kunci_bl": 1,
            "kunci_bl_rinci": 1,
            "user_created": "Syarifah Inayati,SE",
            "created_date": "20-01-2025",
            "created_time": "09:42",
            "user_updated": "Syarifah Inayati,SE",
            "updated_date": "03-07-2025",
            "updated_time": "13:12",
            "is_locked": 0
        },
        {
            "id_sub_bl": 58840,
            "id_daerah": 473,
            "tahun": 2026,
            "id_unit": 676,
            "id_skpd": 676,
            "created_user": 399749,
            "kode_skpd": "5.03.5.04.0.00.01.0000",
            "nama_skpd": "Badan Kepegawaian dan Pengembangan Sumber Daya Manusia",
            "id_urusan": 15,
            "kode_urusan": "5",
            "nama_urusan": "UNSUR PENUNJANG URUSAN PEMERINTAHAN",
            "id_bidang_urusan": 237,
            "kode_bidang_urusan": "5.03",
            "nama_bidang_urusan": "KEPEGAWAIAN",
            "id_sub_skpd": 676,
            "kode_sub_skpd": "5.03.5.04.0.00.01.0000",
            "nama_sub_skpd": "Badan Kepegawaian dan Pengembangan Sumber Daya Manusia",
            "set_pagu_user": 0,
            "set_pagu_at": null,
            "id_program": 4451,
            "kode_program": "5.03.01",
            "nama_program": "PROGRAM PENUNJANG URUSAN PEMERINTAHAN DAERAH KABUPATEN/KOTA",
            "id_giat": 18379,
            "kode_giat": "5.03.01.2.09",
            "nama_giat": "Pemeliharaan Barang Milik Daerah Penunjang Urusan Pemerintahan Daerah",
            "pagu_giat": 133747000.0,
            "rinci_giat": null,
            "id_sub_giat": 60662,
            "kode_sub_giat": "5.03.01.2.09.0002",
            "nama_sub_giat": "Penyediaan Jasa Pemeliharaan, Biaya Pemeliharaan, Pajak dan Perizinan Kendaraan Dinas Operasional atau Lapangan",
            "pagu": 63447000.0,
            "pagu_indikatif": 63447000.0,
            "rincian": null,
            "kode_bl": "676.676.4451.18379",
            "kode_sbl": "676.676.4451.18379.60662",
            "kunci_bl": 1,
            "kunci_bl_rinci": 1,
            "user_created": "Syarifah Inayati,SE",
            "created_date": "20-01-2025",
            "created_time": "09:44",
            "user_updated": "Syarifah Inayati,SE",
            "updated_date": "03-07-2025",
            "updated_time": "13:12",
            "is_locked": 0
        },
        {
            "id_sub_bl": 73317,
            "id_daerah": 473,
            "tahun": 2026,
            "id_unit": 676,
            "id_skpd": 676,
            "created_user": 399749,
            "kode_skpd": "5.03.5.04.0.00.01.0000",
            "nama_skpd": "Badan Kepegawaian dan Pengembangan Sumber Daya Manusia",
            "id_urusan": 15,
            "kode_urusan": "5",
            "nama_urusan": "UNSUR PENUNJANG URUSAN PEMERINTAHAN",
            "id_bidang_urusan": 237,
            "kode_bidang_urusan": "5.03",
            "nama_bidang_urusan": "KEPEGAWAIAN",
            "id_sub_skpd": 676,
            "kode_sub_skpd": "5.03.5.04.0.00.01.0000",
            "nama_sub_skpd": "Badan Kepegawaian dan Pengembangan Sumber Daya Manusia",
            "set_pagu_user": 0,
            "set_pagu_at": null,
            "id_program": 4451,
            "kode_program": "5.03.01",
            "nama_program": "PROGRAM PENUNJANG URUSAN PEMERINTAHAN DAERAH KABUPATEN/KOTA",
            "id_giat": 18379,
            "kode_giat": "5.03.01.2.09",
            "nama_giat": "Pemeliharaan Barang Milik Daerah Penunjang Urusan Pemerintahan Daerah",
            "pagu_giat": 133747000.0,
            "rinci_giat": null,
            "id_sub_giat": 60666,
            "kode_sub_giat": "5.03.01.2.09.0006",
            "nama_sub_giat": "Pemeliharaan Peralatan dan Mesin Lainnya",
            "pagu": 0.0,
            "pagu_indikatif": 0.0,
            "rincian": null,
            "kode_bl": "676.676.4451.18379",
            "kode_sbl": "676.676.4451.18379.60666",
            "kunci_bl": 1,
            "kunci_bl_rinci": 1,
            "user_created": "Syarifah Inayati,SE",
            "created_date": "26-03-2025",
            "created_time": "08:25",
            "user_updated": "Syarifah Inayati,SE",
            "updated_date": "03-07-2025",
            "updated_time": "13:12",
            "is_locked": 0
        },
        {
            "id_sub_bl": 58842,
            "id_daerah": 473,
            "tahun": 2026,
            "id_unit": 676,
            "id_skpd": 676,
            "created_user": 399749,
            "kode_skpd": "5.03.5.04.0.00.01.0000",
            "nama_skpd": "Badan Kepegawaian dan Pengembangan Sumber Daya Manusia",
            "id_urusan": 15,
            "kode_urusan": "5",
            "nama_urusan": "UNSUR PENUNJANG URUSAN PEMERINTAHAN",
            "id_bidang_urusan": 237,
            "kode_bidang_urusan": "5.03",
            "nama_bidang_urusan": "KEPEGAWAIAN",
            "id_sub_skpd": 676,
            "kode_sub_skpd": "5.03.5.04.0.00.01.0000",
            "nama_sub_skpd": "Badan Kepegawaian dan Pengembangan Sumber Daya Manusia",
            "set_pagu_user": 0,
            "set_pagu_at": null,
            "id_program": 4451,
            "kode_program": "5.03.01",
            "nama_program": "PROGRAM PENUNJANG URUSAN PEMERINTAHAN DAERAH KABUPATEN/KOTA",
            "id_giat": 18379,
            "kode_giat": "5.03.01.2.09",
            "nama_giat": "Pemeliharaan Barang Milik Daerah Penunjang Urusan Pemerintahan Daerah",
            "pagu_giat": 133747000.0,
            "rinci_giat": null,
            "id_sub_giat": 60669,
            "kode_sub_giat": "5.03.01.2.09.0009",
            "nama_sub_giat": "Pemeliharaan/Rehabilitasi Gedung Kantor dan Bangunan Lainnya",
            "pagu": 70300000.0,
            "pagu_indikatif": 70300000.0,
            "rincian": null,
            "kode_bl": "676.676.4451.18379",
            "kode_sbl": "676.676.4451.18379.60669",
            "kunci_bl": 1,
            "kunci_bl_rinci": 1,
            "user_created": "Syarifah Inayati,SE",
            "created_date": "20-01-2025",
            "created_time": "09:45",
            "user_updated": "Syarifah Inayati,SE",
            "updated_date": "03-07-2025",
            "updated_time": "13:11",
            "is_locked": 0
        },
        {
            "id_sub_bl": 58877,
            "id_daerah": 473,
            "tahun": 2026,
            "id_unit": 676,
            "id_skpd": 676,
            "created_user": 399749,
            "kode_skpd": "5.03.5.04.0.00.01.0000",
            "nama_skpd": "Badan Kepegawaian dan Pengembangan Sumber Daya Manusia",
            "id_urusan": 15,
            "kode_urusan": "5",
            "nama_urusan": "UNSUR PENUNJANG URUSAN PEMERINTAHAN",
            "id_bidang_urusan": 238,
            "kode_bidang_urusan": "5.04",
            "nama_bidang_urusan": "PENDIDIKAN DAN PELATIHAN",
            "id_sub_skpd": 676,
            "kode_sub_skpd": "5.03.5.04.0.00.01.0000",
            "nama_sub_skpd": "Badan Kepegawaian dan Pengembangan Sumber Daya Manusia",
            "set_pagu_user": 0,
            "set_pagu_at": null,
            "id_program": 4401,
            "kode_program": "5.04.02",
            "nama_program": "PROGRAM PENGEMBANGAN SUMBER DAYA MANUSIA",
            "id_giat": 18230,
            "kode_giat": "5.04.02.2.02",
            "nama_giat": "Sertifikasi, Kelembagaan, Pengembangan Kompetensi Manajerial dan Fungsional",
            "pagu_giat": 396132000.0,
            "rinci_giat": null,
            "id_sub_giat": 59637,
            "kode_sub_giat": "5.04.02.2.02.0007",
            "nama_sub_giat": "Penyelenggaraan Pengembangan Kompetensi bagi Pimpinan Daerah, Jabatan Pimpinan Tinggi, Jabatan Fungsional, Kepemimpinan, dan Prajabatan",
            "pagu": 371232000.0,
            "pagu_indikatif": 371232000.0,
            "rincian": null,
            "kode_bl": "676.676.4401.18230",
            "kode_sbl": "676.676.4401.18230.59637",
            "kunci_bl": 1,
            "kunci_bl_rinci": 1,
            "user_created": "Syarifah Inayati,SE",
            "created_date": "20-01-2025",
            "created_time": "09:59",
            "user_updated": "Syarifah Inayati,SE",
            "updated_date": "03-07-2025",
            "updated_time": "13:11",
            "is_locked": 0
        },
        {
            "id_sub_bl": 58881,
            "id_daerah": 473,
            "tahun": 2026,
            "id_unit": 676,
            "id_skpd": 676,
            "created_user": 399749,
            "kode_skpd": "5.03.5.04.0.00.01.0000",
            "nama_skpd": "Badan Kepegawaian dan Pengembangan Sumber Daya Manusia",
            "id_urusan": 15,
            "kode_urusan": "5",
            "nama_urusan": "UNSUR PENUNJANG URUSAN PEMERINTAHAN",
            "id_bidang_urusan": 238,
            "kode_bidang_urusan": "5.04",
            "nama_bidang_urusan": "PENDIDIKAN DAN PELATIHAN",
            "id_sub_skpd": 676,
            "kode_sub_skpd": "5.03.5.04.0.00.01.0000",
            "nama_sub_skpd": "Badan Kepegawaian dan Pengembangan Sumber Daya Manusia",
            "set_pagu_user": 0,
            "set_pagu_at": null,
            "id_program": 4401,
            "kode_program": "5.04.02",
            "nama_program": "PROGRAM PENGEMBANGAN SUMBER DAYA MANUSIA",
            "id_giat": 18230,
            "kode_giat": "5.04.02.2.02",
            "nama_giat": "Sertifikasi, Kelembagaan, Pengembangan Kompetensi Manajerial dan Fungsional",
            "pagu_giat": 396132000.0,
            "rinci_giat": null,
            "id_sub_giat": 59638,
            "kode_sub_giat": "5.04.02.2.02.0008",
            "nama_sub_giat": "Pembinaan, Pengoordinasian, Fasilitasi, Pemantauan, Evaluasi, dan Pelaporan Pelaksanaan Sertifikasi, Pengelolaan Kelembagaan dan Tenaga Pengembang Kompetensi, Pengelolaan Sumber Belajar, dan Kerja Sama, serta Pengembangan Kompetensi Pimpinan Daerah, Jabatan Pimpinan Tinggi, Kepemimpinan, dan Prajabatan",
            "pagu": 24900000.0,
            "pagu_indikatif": 74900000.0,
            "rincian": null,
            "kode_bl": "676.676.4401.18230",
            "kode_sbl": "676.676.4401.18230.59638",
            "kunci_bl": 1,
            "kunci_bl_rinci": 1,
            "user_created": "Syarifah Inayati,SE",
            "created_date": "20-01-2025",
            "created_time": "10:00",
            "user_updated": "Syarifah Inayati,SE",
            "updated_date": "03-07-2025",
            "updated_time": "13:10",
            "is_locked": 0
        }
    ]