[
        {
            "id_sub_bl": 64138,
            "id_daerah": 473,
            "tahun": 2026,
            "id_unit": 103,
            "id_skpd": 103,
            "created_user": 23446,
            "kode_skpd": "6.01.0.00.0.00.01.0000",
            "nama_skpd": "Inspektorat",
            "id_urusan": 16,
            "kode_urusan": "6",
            "nama_urusan": "UNSUR PENGAWASAN URUSAN PEMERINTAHAN",
            "id_bidang_urusan": 242,
            "kode_bidang_urusan": "6.01",
            "nama_bidang_urusan": "INSPEKTORAT DAERAH",
            "id_sub_skpd": 103,
            "kode_sub_skpd": "6.01.0.00.0.00.01.0000",
            "nama_sub_skpd": "Inspektorat",
            "set_pagu_user": 22904,
            "set_pagu_at": "Wed, 02 Jul 2025 15:45:30 GMT",
            "id_program": 4413,
            "kode_program": "6.01.02",
            "nama_program": "PROGRAM PENYELENGGARAAN PENGAWASAN",
            "id_giat": 18264,
            "kode_giat": "6.01.02.2.01",
            "nama_giat": "Penyelenggaraan Pengawasan Internal",
            "pagu_giat": 1522891509.0,
            "rinci_giat": null,
            "id_sub_giat": 59856,
            "kode_sub_giat": "6.01.02.2.01.0002",
            "nama_sub_giat": "Pengawasan Keuangan Pemerintah Daerah",
            "pagu": 679553530.0,
            "pagu_indikatif": 679553530.0,
            "rincian": null,
            "kode_bl": "103.103.4413.18264",
            "kode_sbl": "103.103.4413.18264.59856",
            "kunci_bl": 1,
            "kunci_bl_rinci": 1,
            "user_created": "Muhadi Gunawan, S.Pt",
            "created_date": "03-02-2025",
            "created_time": "17:43",
            "user_updated": "Nopri Anto Silaban, S.E., M.Si",
            "updated_date": "02-07-2025",
            "updated_time": "15:01",
            "is_locked": 0
        },
        {
            "id_sub_bl": 64137,
            "id_daerah": 473,
            "tahun": 2026,
            "id_unit": 103,
            "id_skpd": 103,
            "created_user": 23446,
            "kode_skpd": "6.01.0.00.0.00.01.0000",
            "nama_skpd": "Inspektorat",
            "id_urusan": 16,
            "kode_urusan": "6",
            "nama_urusan": "UNSUR PENGAWASAN URUSAN PEMERINTAHAN",
            "id_bidang_urusan": 242,
            "kode_bidang_urusan": "6.01",
            "nama_bidang_urusan": "INSPEKTORAT DAERAH",
            "id_sub_skpd": 103,
            "kode_sub_skpd": "6.01.0.00.0.00.01.0000",
            "nama_sub_skpd": "Inspektorat",
            "set_pagu_user": 22904,
            "set_pagu_at": "Wed, 02 Jul 2025 15:45:30 GMT",
            "id_program": 4413,
            "kode_program": "6.01.02",
            "nama_program": "PROGRAM PENYELENGGARAAN PENGAWASAN",
            "id_giat": 18264,
            "kode_giat": "6.01.02.2.01",
            "nama_giat": "Penyelenggaraan Pengawasan Internal",
            "pagu_giat": 1522891509.0,
            "rinci_giat": null,
            "id_sub_giat": 59858,
            "kode_sub_giat": "6.01.02.2.01.0004",
            "nama_sub_giat": "Reviu Laporan Keuangan",
            "pagu": 209337979.0,
            "pagu_indikatif": 209337979.0,
            "rincian": null,
            "kode_bl": "103.103.4413.18264",
            "kode_sbl": "103.103.4413.18264.59858",
            "kunci_bl": 1,
            "kunci_bl_rinci": 1,
            "user_created": "Muhadi Gunawan, S.Pt",
            "created_date": "03-02-2025",
            "created_time": "17:41",
            "user_updated": "Nopri Anto Silaban, S.E., M.Si",
            "updated_date": "02-07-2025",
            "updated_time": "15:05",
            "is_locked": 0
        },
        {
            "id_sub_bl": 64135,
            "id_daerah": 473,
            "tahun": 2026,
            "id_unit": 103,
            "id_skpd": 103,
            "created_user": 23446,
            "kode_skpd": "6.01.0.00.0.00.01.0000",
            "nama_skpd": "Inspektorat",
            "id_urusan": 16,
            "kode_urusan": "6",
            "nama_urusan": "UNSUR PENGAWASAN URUSAN PEMERINTAHAN",
            "id_bidang_urusan": 242,
            "kode_bidang_urusan": "6.01",
            "nama_bidang_urusan": "INSPEKTORAT DAERAH",
            "id_sub_skpd": 103,
            "kode_sub_skpd": "6.01.0.00.0.00.01.0000",
            "nama_sub_skpd": "Inspektorat",
            "set_pagu_user": 22904,
            "set_pagu_at": "Wed, 02 Jul 2025 15:45:30 GMT",
            "id_program": 4413,
            "kode_program": "6.01.02",
            "nama_program": "PROGRAM PENYELENGGARAAN PENGAWASAN",
            "id_giat": 18264,
            "kode_giat": "6.01.02.2.01",
            "nama_giat": "Penyelenggaraan Pengawasan Internal",
            "pagu_giat": 1522891509.0,
            "rinci_giat": null,
            "id_sub_giat": 59859,
            "kode_sub_giat": "6.01.02.2.01.0005",
            "nama_sub_giat": "Pengawasan Desa",
            "pagu": 434000000.0,
            "pagu_indikatif": 434000000.0,
            "rincian": null,
            "kode_bl": "103.103.4413.18264",
            "kode_sbl": "103.103.4413.18264.59859",
            "kunci_bl": 1,
            "kunci_bl_rinci": 1,
            "user_created": "Muhadi Gunawan, S.Pt",
            "created_date": "03-02-2025",
            "created_time": "17:39",
            "user_updated": "Nopri Anto Silaban, S.E., M.Si",
            "updated_date": "02-07-2025",
            "updated_time": "15:12",
            "is_locked": 0
        },
        {
            "id_sub_bl": 64134,
            "id_daerah": 473,
            "tahun": 2026,
            "id_unit": 103,
            "id_skpd": 103,
            "created_user": 23446,
            "kode_skpd": "6.01.0.00.0.00.01.0000",
            "nama_skpd": "Inspektorat",
            "id_urusan": 16,
            "kode_urusan": "6",
            "nama_urusan": "UNSUR PENGAWASAN URUSAN PEMERINTAHAN",
            "id_bidang_urusan": 242,
            "kode_bidang_urusan": "6.01",
            "nama_bidang_urusan": "INSPEKTORAT DAERAH",
            "id_sub_skpd": 103,
            "kode_sub_skpd": "6.01.0.00.0.00.01.0000",
            "nama_sub_skpd": "Inspektorat",
            "set_pagu_user": 22904,
            "set_pagu_at": "Wed, 02 Jul 2025 15:45:30 GMT",
            "id_program": 4413,
            "kode_program": "6.01.02",
            "nama_program": "PROGRAM PENYELENGGARAAN PENGAWASAN",
            "id_giat": 18264,
            "kode_giat": "6.01.02.2.01",
            "nama_giat": "Penyelenggaraan Pengawasan Internal",
            "pagu_giat": 1522891509.0,
            "rinci_giat": null,
            "id_sub_giat": 59861,
            "kode_sub_giat": "6.01.02.2.01.0007",
            "nama_sub_giat": "Monitoring dan Evaluasi Tindak Lanjut Hasil Pemeriksaan BPK RI dan Tindak Lanjut Hasil Pemeriksaan APIP",
            "pagu": 200000000.0,
            "pagu_indikatif": 200000000.0,
            "rincian": null,
            "kode_bl": "103.103.4413.18264",
            "kode_sbl": "103.103.4413.18264.59861",
            "kunci_bl": 1,
            "kunci_bl_rinci": 1,
            "user_created": "Muhadi Gunawan, S.Pt",
            "created_date": "03-02-2025",
            "created_time": "17:37",
            "user_updated": "Nopri Anto Silaban, S.E., M.Si",
            "updated_date": "02-07-2025",
            "updated_time": "15:14",
            "is_locked": 0
        },
        {
            "id_sub_bl": 64152,
            "id_daerah": 473,
            "tahun": 2026,
            "id_unit": 103,
            "id_skpd": 103,
            "created_user": 23446,
            "kode_skpd": "6.01.0.00.0.00.01.0000",
            "nama_skpd": "Inspektorat",
            "id_urusan": 16,
            "kode_urusan": "6",
            "nama_urusan": "UNSUR PENGAWASAN URUSAN PEMERINTAHAN",
            "id_bidang_urusan": 242,
            "kode_bidang_urusan": "6.01",
            "nama_bidang_urusan": "INSPEKTORAT DAERAH",
            "id_sub_skpd": 103,
            "kode_sub_skpd": "6.01.0.00.0.00.01.0000",
            "nama_sub_skpd": "Inspektorat",
            "set_pagu_user": 22904,
            "set_pagu_at": "Wed, 02 Jul 2025 15:45:30 GMT",
            "id_program": 4413,
            "kode_program": "6.01.02",
            "nama_program": "PROGRAM PENYELENGGARAAN PENGAWASAN",
            "id_giat": 18265,
            "kode_giat": "6.01.02.2.02",
            "nama_giat": "Penyelenggaraan Pengawasan dengan Tujuan Tertentu",
            "pagu_giat": 575000000.0,
            "rinci_giat": null,
            "id_sub_giat": 59862,
            "kode_sub_giat": "6.01.02.2.02.0001",
            "nama_sub_giat": "Penanganan Penyelesaian Kerugian\r\n\nNegara/Daerah",
            "pagu": 200000000.0,
            "pagu_indikatif": 200000000.0,
            "rincian": null,
            "kode_bl": "103.103.4413.18265",
            "kode_sbl": "103.103.4413.18265.59862",
            "kunci_bl": 1,
            "kunci_bl_rinci": 1,
            "user_created": "Muhadi Gunawan, S.Pt",
            "created_date": "03-02-2025",
            "created_time": "18:15",
            "user_updated": "Nopri Anto Silaban, S.E., M.Si",
            "updated_date": "02-07-2025",
            "updated_time": "15:25",
            "is_locked": 0
        },
        {
            "id_sub_bl": 64151,
            "id_daerah": 473,
            "tahun": 2026,
            "id_unit": 103,
            "id_skpd": 103,
            "created_user": 23446,
            "kode_skpd": "6.01.0.00.0.00.01.0000",
            "nama_skpd": "Inspektorat",
            "id_urusan": 16,
            "kode_urusan": "6",
            "nama_urusan": "UNSUR PENGAWASAN URUSAN PEMERINTAHAN",
            "id_bidang_urusan": 242,
            "kode_bidang_urusan": "6.01",
            "nama_bidang_urusan": "INSPEKTORAT DAERAH",
            "id_sub_skpd": 103,
            "kode_sub_skpd": "6.01.0.00.0.00.01.0000",
            "nama_sub_skpd": "Inspektorat",
            "set_pagu_user": 22904,
            "set_pagu_at": "Wed, 02 Jul 2025 15:45:30 GMT",
            "id_program": 4413,
            "kode_program": "6.01.02",
            "nama_program": "PROGRAM PENYELENGGARAAN PENGAWASAN",
            "id_giat": 18265,
            "kode_giat": "6.01.02.2.02",
            "nama_giat": "Penyelenggaraan Pengawasan dengan Tujuan Tertentu",
            "pagu_giat": 575000000.0,
            "rinci_giat": null,
            "id_sub_giat": 59863,
            "kode_sub_giat": "6.01.02.2.02.0002",
            "nama_sub_giat": "Pengawasan dengan Tujuan Tertentu",
            "pagu": 375000000.0,
            "pagu_indikatif": 375000000.0,
            "rincian": null,
            "kode_bl": "103.103.4413.18265",
            "kode_sbl": "103.103.4413.18265.59863",
            "kunci_bl": 1,
            "kunci_bl_rinci": 1,
            "user_created": "Muhadi Gunawan, S.Pt",
            "created_date": "03-02-2025",
            "created_time": "18:13",
            "user_updated": "Nopri Anto Silaban, S.E., M.Si",
            "updated_date": "02-07-2025",
            "updated_time": "15:26",
            "is_locked": 0
        },
        {
            "id_sub_bl": 64150,
            "id_daerah": 473,
            "tahun": 2026,
            "id_unit": 103,
            "id_skpd": 103,
            "created_user": 23446,
            "kode_skpd": "6.01.0.00.0.00.01.0000",
            "nama_skpd": "Inspektorat",
            "id_urusan": 16,
            "kode_urusan": "6",
            "nama_urusan": "UNSUR PENGAWASAN URUSAN PEMERINTAHAN",
            "id_bidang_urusan": 242,
            "kode_bidang_urusan": "6.01",
            "nama_bidang_urusan": "INSPEKTORAT DAERAH",
            "id_sub_skpd": 103,
            "kode_sub_skpd": "6.01.0.00.0.00.01.0000",
            "nama_sub_skpd": "Inspektorat",
            "set_pagu_user": 22904,
            "set_pagu_at": "Wed, 02 Jul 2025 15:45:30 GMT",
            "id_program": 4415,
            "kode_program": "6.01.03",
            "nama_program": "PROGRAM PERUMUSAN KEBIJAKAN, PENDAMPINGAN DAN ASISTENSI",
            "id_giat": 18269,
            "kode_giat": "6.01.03.2.02",
            "nama_giat": "Pendampingan dan Asistensi",
            "pagu_giat": 1329117369.0,
            "rinci_giat": null,
            "id_sub_giat": 59872,
            "kode_sub_giat": "6.01.03.2.02.0001",
            "nama_sub_giat": "Pendampingan dan Asistensi Urusan Pemerintahan Daerah",
            "pagu": 785475499.0,
            "pagu_indikatif": 785475499.0,
            "rincian": null,
            "kode_bl": "103.103.4415.18269",
            "kode_sbl": "103.103.4415.18269.59872",
            "kunci_bl": 1,
            "kunci_bl_rinci": 1,
            "user_created": "Muhadi Gunawan, S.Pt",
            "created_date": "03-02-2025",
            "created_time": "18:11",
            "user_updated": "Nopri Anto Silaban, S.E., M.Si",
            "updated_date": "02-07-2025",
            "updated_time": "15:26",
            "is_locked": 0
        },
        {
            "id_sub_bl": 64149,
            "id_daerah": 473,
            "tahun": 2026,
            "id_unit": 103,
            "id_skpd": 103,
            "created_user": 23446,
            "kode_skpd": "6.01.0.00.0.00.01.0000",
            "nama_skpd": "Inspektorat",
            "id_urusan": 16,
            "kode_urusan": "6",
            "nama_urusan": "UNSUR PENGAWASAN URUSAN PEMERINTAHAN",
            "id_bidang_urusan": 242,
            "kode_bidang_urusan": "6.01",
            "nama_bidang_urusan": "INSPEKTORAT DAERAH",
            "id_sub_skpd": 103,
            "kode_sub_skpd": "6.01.0.00.0.00.01.0000",
            "nama_sub_skpd": "Inspektorat",
            "set_pagu_user": 22904,
            "set_pagu_at": "Wed, 02 Jul 2025 15:45:30 GMT",
            "id_program": 4415,
            "kode_program": "6.01.03",
            "nama_program": "PROGRAM PERUMUSAN KEBIJAKAN, PENDAMPINGAN DAN ASISTENSI",
            "id_giat": 18269,
            "kode_giat": "6.01.03.2.02",
            "nama_giat": "Pendampingan dan Asistensi",
            "pagu_giat": 1329117369.0,
            "rinci_giat": null,
            "id_sub_giat": 59873,
            "kode_sub_giat": "6.01.03.2.02.0002",
            "nama_sub_giat": "Pendampingan, Asistensi, Verifikasi, dan Penilaian Reformasi Birokrasi",
            "pagu": 293641870.0,
            "pagu_indikatif": 293641870.0,
            "rincian": null,
            "kode_bl": "103.103.4415.18269",
            "kode_sbl": "103.103.4415.18269.59873",
            "kunci_bl": 1,
            "kunci_bl_rinci": 1,
            "user_created": "Muhadi Gunawan, S.Pt",
            "created_date": "03-02-2025",
            "created_time": "18:08",
            "user_updated": "Nopri Anto Silaban, S.E., M.Si",
            "updated_date": "02-07-2025",
            "updated_time": "15:27",
            "is_locked": 0
        },
        {
            "id_sub_bl": 64148,
            "id_daerah": 473,
            "tahun": 2026,
            "id_unit": 103,
            "id_skpd": 103,
            "created_user": 23446,
            "kode_skpd": "6.01.0.00.0.00.01.0000",
            "nama_skpd": "Inspektorat",
            "id_urusan": 16,
            "kode_urusan": "6",
            "nama_urusan": "UNSUR PENGAWASAN URUSAN PEMERINTAHAN",
            "id_bidang_urusan": 242,
            "kode_bidang_urusan": "6.01",
            "nama_bidang_urusan": "INSPEKTORAT DAERAH",
            "id_sub_skpd": 103,
            "kode_sub_skpd": "6.01.0.00.0.00.01.0000",
            "nama_sub_skpd": "Inspektorat",
            "set_pagu_user": 22904,
            "set_pagu_at": "Wed, 02 Jul 2025 15:45:30 GMT",
            "id_program": 4415,
            "kode_program": "6.01.03",
            "nama_program": "PROGRAM PERUMUSAN KEBIJAKAN, PENDAMPINGAN DAN ASISTENSI",
            "id_giat": 18269,
            "kode_giat": "6.01.03.2.02",
            "nama_giat": "Pendampingan dan Asistensi",
            "pagu_giat": 1329117369.0,
            "rinci_giat": null,
            "id_sub_giat": 59874,
            "kode_sub_giat": "6.01.03.2.02.0003",
            "nama_sub_giat": "Koordinasi, Monitoring dan Evaluasi serta Verifikasi Pencegahan dan Pemberantasan Korupsi",
            "pagu": 250000000.0,
            "pagu_indikatif": 250000000.0,
            "rincian": null,
            "kode_bl": "103.103.4415.18269",
            "kode_sbl": "103.103.4415.18269.59874",
            "kunci_bl": 1,
            "kunci_bl_rinci": 1,
            "user_created": "Muhadi Gunawan, S.Pt",
            "created_date": "03-02-2025",
            "created_time": "18:06",
            "user_updated": "Nopri Anto Silaban, S.E., M.Si",
            "updated_date": "02-07-2025",
            "updated_time": "15:28",
            "is_locked": 0
        },
        {
            "id_sub_bl": 64147,
            "id_daerah": 473,
            "tahun": 2026,
            "id_unit": 103,
            "id_skpd": 103,
            "created_user": 23446,
            "kode_skpd": "6.01.0.00.0.00.01.0000",
            "nama_skpd": "Inspektorat",
            "id_urusan": 16,
            "kode_urusan": "6",
            "nama_urusan": "UNSUR PENGAWASAN URUSAN PEMERINTAHAN",
            "id_bidang_urusan": 242,
            "kode_bidang_urusan": "6.01",
            "nama_bidang_urusan": "INSPEKTORAT DAERAH",
            "id_sub_skpd": 103,
            "kode_sub_skpd": "6.01.0.00.0.00.01.0000",
            "nama_sub_skpd": "Inspektorat",
            "set_pagu_user": 22904,
            "set_pagu_at": "Wed, 02 Jul 2025 15:45:30 GMT",
            "id_program": 4451,
            "kode_program": "6.01.01",
            "nama_program": "PROGRAM PENUNJANG URUSAN PEMERINTAHAN DAERAH KABUPATEN/KOTA",
            "id_giat": 18371,
            "kode_giat": "6.01.01.2.01",
            "nama_giat": "Perencanaan, Penganggaran, dan Evaluasi Kinerja Perangkat Daerah",
            "pagu_giat": 123906122.0,
            "rinci_giat": null,
            "id_sub_giat": 60589,
            "kode_sub_giat": "6.01.01.2.01.0001",
            "nama_sub_giat": "Penyusunan Dokumen Perencanaan Perangkat Daerah",
            "pagu": 15230313.0,
            "pagu_indikatif": 15230313.0,
            "rincian": null,
            "kode_bl": "103.103.4451.18371",
            "kode_sbl": "103.103.4451.18371.60589",
            "kunci_bl": 1,
            "kunci_bl_rinci": 1,
            "user_created": "Muhadi Gunawan, S.Pt",
            "created_date": "03-02-2025",
            "created_time": "18:03",
            "user_updated": "Nopri Anto Silaban, S.E., M.Si",
            "updated_date": "02-07-2025",
            "updated_time": "15:28",
            "is_locked": 0
        },
        {
            "id_sub_bl": 64143,
            "id_daerah": 473,
            "tahun": 2026,
            "id_unit": 103,
            "id_skpd": 103,
            "created_user": 23446,
            "kode_skpd": "6.01.0.00.0.00.01.0000",
            "nama_skpd": "Inspektorat",
            "id_urusan": 16,
            "kode_urusan": "6",
            "nama_urusan": "UNSUR PENGAWASAN URUSAN PEMERINTAHAN",
            "id_bidang_urusan": 242,
            "kode_bidang_urusan": "6.01",
            "nama_bidang_urusan": "INSPEKTORAT DAERAH",
            "id_sub_skpd": 103,
            "kode_sub_skpd": "6.01.0.00.0.00.01.0000",
            "nama_sub_skpd": "Inspektorat",
            "set_pagu_user": 22904,
            "set_pagu_at": "Wed, 02 Jul 2025 15:45:30 GMT",
            "id_program": 4451,
            "kode_program": "6.01.01",
            "nama_program": "PROGRAM PENUNJANG URUSAN PEMERINTAHAN DAERAH KABUPATEN/KOTA",
            "id_giat": 18371,
            "kode_giat": "6.01.01.2.01",
            "nama_giat": "Perencanaan, Penganggaran, dan Evaluasi Kinerja Perangkat Daerah",
            "pagu_giat": 123906122.0,
            "rinci_giat": null,
            "id_sub_giat": 60590,
            "kode_sub_giat": "6.01.01.2.01.0002",
            "nama_sub_giat": "Koordinasi dan Penyusunan Dokumen RKA-SKPD",
            "pagu": 20772500.0,
            "pagu_indikatif": 20772500.0,
            "rincian": null,
            "kode_bl": "103.103.4451.18371",
            "kode_sbl": "103.103.4451.18371.60590",
            "kunci_bl": 1,
            "kunci_bl_rinci": 1,
            "user_created": "Muhadi Gunawan, S.Pt",
            "created_date": "03-02-2025",
            "created_time": "17:53",
            "user_updated": "Nopri Anto Silaban, S.E., M.Si",
            "updated_date": "02-07-2025",
            "updated_time": "15:29",
            "is_locked": 0
        },
        {
            "id_sub_bl": 64184,
            "id_daerah": 473,
            "tahun": 2026,
            "id_unit": 103,
            "id_skpd": 103,
            "created_user": 23446,
            "kode_skpd": "6.01.0.00.0.00.01.0000",
            "nama_skpd": "Inspektorat",
            "id_urusan": 16,
            "kode_urusan": "6",
            "nama_urusan": "UNSUR PENGAWASAN URUSAN PEMERINTAHAN",
            "id_bidang_urusan": 242,
            "kode_bidang_urusan": "6.01",
            "nama_bidang_urusan": "INSPEKTORAT DAERAH",
            "id_sub_skpd": 103,
            "kode_sub_skpd": "6.01.0.00.0.00.01.0000",
            "nama_sub_skpd": "Inspektorat",
            "set_pagu_user": 22904,
            "set_pagu_at": "Wed, 02 Jul 2025 15:45:30 GMT",
            "id_program": 4451,
            "kode_program": "6.01.01",
            "nama_program": "PROGRAM PENUNJANG URUSAN PEMERINTAHAN DAERAH KABUPATEN/KOTA",
            "id_giat": 18371,
            "kode_giat": "6.01.01.2.01",
            "nama_giat": "Perencanaan, Penganggaran, dan Evaluasi Kinerja Perangkat Daerah",
            "pagu_giat": 123906122.0,
            "rinci_giat": null,
            "id_sub_giat": 60592,
            "kode_sub_giat": "6.01.01.2.01.0004",
            "nama_sub_giat": "Koordinasi dan Penyusunan DPA-SKPD",
            "pagu": 18172500.0,
            "pagu_indikatif": 18172500.0,
            "rincian": null,
            "kode_bl": "103.103.4451.18371",
            "kode_sbl": "103.103.4451.18371.60592",
            "kunci_bl": 1,
            "kunci_bl_rinci": 1,
            "user_created": "Muhadi Gunawan, S.Pt",
            "created_date": "03-02-2025",
            "created_time": "19:01",
            "user_updated": "Nopri Anto Silaban, S.E., M.Si",
            "updated_date": "02-07-2025",
            "updated_time": "15:30",
            "is_locked": 0
        },
        {
            "id_sub_bl": 64181,
            "id_daerah": 473,
            "tahun": 2026,
            "id_unit": 103,
            "id_skpd": 103,
            "created_user": 23446,
            "kode_skpd": "6.01.0.00.0.00.01.0000",
            "nama_skpd": "Inspektorat",
            "id_urusan": 16,
            "kode_urusan": "6",
            "nama_urusan": "UNSUR PENGAWASAN URUSAN PEMERINTAHAN",
            "id_bidang_urusan": 242,
            "kode_bidang_urusan": "6.01",
            "nama_bidang_urusan": "INSPEKTORAT DAERAH",
            "id_sub_skpd": 103,
            "kode_sub_skpd": "6.01.0.00.0.00.01.0000",
            "nama_sub_skpd": "Inspektorat",
            "set_pagu_user": 22904,
            "set_pagu_at": "Wed, 02 Jul 2025 15:45:30 GMT",
            "id_program": 4451,
            "kode_program": "6.01.01",
            "nama_program": "PROGRAM PENUNJANG URUSAN PEMERINTAHAN DAERAH KABUPATEN/KOTA",
            "id_giat": 18371,
            "kode_giat": "6.01.01.2.01",
            "nama_giat": "Perencanaan, Penganggaran, dan Evaluasi Kinerja Perangkat Daerah",
            "pagu_giat": 123906122.0,
            "rinci_giat": null,
            "id_sub_giat": 60593,
            "kode_sub_giat": "6.01.01.2.01.0005",
            "nama_sub_giat": "Koordinasi dan Penyusunan Perubahan DPA- SKPD",
            "pagu": 17785809.0,
            "pagu_indikatif": 17785809.0,
            "rincian": null,
            "kode_bl": "103.103.4451.18371",
            "kode_sbl": "103.103.4451.18371.60593",
            "kunci_bl": 1,
            "kunci_bl_rinci": 1,
            "user_created": "Muhadi Gunawan, S.Pt",
            "created_date": "03-02-2025",
            "created_time": "18:59",
            "user_updated": "Nopri Anto Silaban, S.E., M.Si",
            "updated_date": "02-07-2025",
            "updated_time": "15:30",
            "is_locked": 0
        },
        {
            "id_sub_bl": 64180,
            "id_daerah": 473,
            "tahun": 2026,
            "id_unit": 103,
            "id_skpd": 103,
            "created_user": 23446,
            "kode_skpd": "6.01.0.00.0.00.01.0000",
            "nama_skpd": "Inspektorat",
            "id_urusan": 16,
            "kode_urusan": "6",
            "nama_urusan": "UNSUR PENGAWASAN URUSAN PEMERINTAHAN",
            "id_bidang_urusan": 242,
            "kode_bidang_urusan": "6.01",
            "nama_bidang_urusan": "INSPEKTORAT DAERAH",
            "id_sub_skpd": 103,
            "kode_sub_skpd": "6.01.0.00.0.00.01.0000",
            "nama_sub_skpd": "Inspektorat",
            "set_pagu_user": 22904,
            "set_pagu_at": "Wed, 02 Jul 2025 15:45:30 GMT",
            "id_program": 4451,
            "kode_program": "6.01.01",
            "nama_program": "PROGRAM PENUNJANG URUSAN PEMERINTAHAN DAERAH KABUPATEN/KOTA",
            "id_giat": 18371,
            "kode_giat": "6.01.01.2.01",
            "nama_giat": "Perencanaan, Penganggaran, dan Evaluasi Kinerja Perangkat Daerah",
            "pagu_giat": 123906122.0,
            "rinci_giat": null,
            "id_sub_giat": 60594,
            "kode_sub_giat": "6.01.01.2.01.0006",
            "nama_sub_giat": "Koordinasi dan Penyusunan Laporan Capaian Kinerja dan Ikhtisar Realisasi Kinerja SKPD",
            "pagu": 37172500.0,
            "pagu_indikatif": 37172500.0,
            "rincian": null,
            "kode_bl": "103.103.4451.18371",
            "kode_sbl": "103.103.4451.18371.60594",
            "kunci_bl": 1,
            "kunci_bl_rinci": 1,
            "user_created": "Muhadi Gunawan, S.Pt",
            "created_date": "03-02-2025",
            "created_time": "18:57",
            "user_updated": "Nopri Anto Silaban, S.E., M.Si",
            "updated_date": "02-07-2025",
            "updated_time": "15:31",
            "is_locked": 0
        },
        {
            "id_sub_bl": 64179,
            "id_daerah": 473,
            "tahun": 2026,
            "id_unit": 103,
            "id_skpd": 103,
            "created_user": 23446,
            "kode_skpd": "6.01.0.00.0.00.01.0000",
            "nama_skpd": "Inspektorat",
            "id_urusan": 16,
            "kode_urusan": "6",
            "nama_urusan": "UNSUR PENGAWASAN URUSAN PEMERINTAHAN",
            "id_bidang_urusan": 242,
            "kode_bidang_urusan": "6.01",
            "nama_bidang_urusan": "INSPEKTORAT DAERAH",
            "id_sub_skpd": 103,
            "kode_sub_skpd": "6.01.0.00.0.00.01.0000",
            "nama_sub_skpd": "Inspektorat",
            "set_pagu_user": 22904,
            "set_pagu_at": "Wed, 02 Jul 2025 15:45:30 GMT",
            "id_program": 4451,
            "kode_program": "6.01.01",
            "nama_program": "PROGRAM PENUNJANG URUSAN PEMERINTAHAN DAERAH KABUPATEN/KOTA",
            "id_giat": 18371,
            "kode_giat": "6.01.01.2.01",
            "nama_giat": "Perencanaan, Penganggaran, dan Evaluasi Kinerja Perangkat Daerah",
            "pagu_giat": 123906122.0,
            "rinci_giat": null,
            "id_sub_giat": 60595,
            "kode_sub_giat": "6.01.01.2.01.0007",
            "nama_sub_giat": "Evaluasi Kinerja Perangkat Daerah",
            "pagu": 14772500.0,
            "pagu_indikatif": 14772500.0,
            "rincian": null,
            "kode_bl": "103.103.4451.18371",
            "kode_sbl": "103.103.4451.18371.60595",
            "kunci_bl": 1,
            "kunci_bl_rinci": 1,
            "user_created": "Muhadi Gunawan, S.Pt",
            "created_date": "03-02-2025",
            "created_time": "18:55",
            "user_updated": "Nopri Anto Silaban, S.E., M.Si",
            "updated_date": "02-07-2025",
            "updated_time": "15:31",
            "is_locked": 0
        },
        {
            "id_sub_bl": 64177,
            "id_daerah": 473,
            "tahun": 2026,
            "id_unit": 103,
            "id_skpd": 103,
            "created_user": 23446,
            "kode_skpd": "6.01.0.00.0.00.01.0000",
            "nama_skpd": "Inspektorat",
            "id_urusan": 16,
            "kode_urusan": "6",
            "nama_urusan": "UNSUR PENGAWASAN URUSAN PEMERINTAHAN",
            "id_bidang_urusan": 242,
            "kode_bidang_urusan": "6.01",
            "nama_bidang_urusan": "INSPEKTORAT DAERAH",
            "id_sub_skpd": 103,
            "kode_sub_skpd": "6.01.0.00.0.00.01.0000",
            "nama_sub_skpd": "Inspektorat",
            "set_pagu_user": 22904,
            "set_pagu_at": "Wed, 02 Jul 2025 15:45:30 GMT",
            "id_program": 4451,
            "kode_program": "6.01.01",
            "nama_program": "PROGRAM PENUNJANG URUSAN PEMERINTAHAN DAERAH KABUPATEN/KOTA",
            "id_giat": 18372,
            "kode_giat": "6.01.01.2.02",
            "nama_giat": "Administrasi Keuangan Perangkat Daerah",
            "pagu_giat": 3988123602.0,
            "rinci_giat": null,
            "id_sub_giat": 60602,
            "kode_sub_giat": "6.01.01.2.02.0001",
            "nama_sub_giat": "Penyediaan Gaji dan Tunjangan ASN",
            "pagu": 3903123602.0,
            "pagu_indikatif": 3903123602.0,
            "rincian": null,
            "kode_bl": "103.103.4451.18372",
            "kode_sbl": "103.103.4451.18372.60602",
            "kunci_bl": 1,
            "kunci_bl_rinci": 1,
            "user_created": "Muhadi Gunawan, S.Pt",
            "created_date": "03-02-2025",
            "created_time": "18:53",
            "user_updated": "Nopri Anto Silaban, S.E., M.Si",
            "updated_date": "02-07-2025",
            "updated_time": "15:32",
            "is_locked": 0
        },
        {
            "id_sub_bl": 64175,
            "id_daerah": 473,
            "tahun": 2026,
            "id_unit": 103,
            "id_skpd": 103,
            "created_user": 23446,
            "kode_skpd": "6.01.0.00.0.00.01.0000",
            "nama_skpd": "Inspektorat",
            "id_urusan": 16,
            "kode_urusan": "6",
            "nama_urusan": "UNSUR PENGAWASAN URUSAN PEMERINTAHAN",
            "id_bidang_urusan": 242,
            "kode_bidang_urusan": "6.01",
            "nama_bidang_urusan": "INSPEKTORAT DAERAH",
            "id_sub_skpd": 103,
            "kode_sub_skpd": "6.01.0.00.0.00.01.0000",
            "nama_sub_skpd": "Inspektorat",
            "set_pagu_user": 22904,
            "set_pagu_at": "Wed, 02 Jul 2025 15:45:30 GMT",
            "id_program": 4451,
            "kode_program": "6.01.01",
            "nama_program": "PROGRAM PENUNJANG URUSAN PEMERINTAHAN DAERAH KABUPATEN/KOTA",
            "id_giat": 18372,
            "kode_giat": "6.01.01.2.02",
            "nama_giat": "Administrasi Keuangan Perangkat Daerah",
            "pagu_giat": 3988123602.0,
            "rinci_giat": null,
            "id_sub_giat": 60604,
            "kode_sub_giat": "6.01.01.2.02.0003",
            "nama_sub_giat": "Pelaksanaan Penatausahaan dan\r\n\nPengujian/Verifikasi Keuangan SKPD",
            "pagu": 75000000.0,
            "pagu_indikatif": 75000000.0,
            "rincian": null,
            "kode_bl": "103.103.4451.18372",
            "kode_sbl": "103.103.4451.18372.60604",
            "kunci_bl": 1,
            "kunci_bl_rinci": 1,
            "user_created": "Muhadi Gunawan, S.Pt",
            "created_date": "03-02-2025",
            "created_time": "18:52",
            "user_updated": "Nopri Anto Silaban, S.E., M.Si",
            "updated_date": "02-07-2025",
            "updated_time": "15:32",
            "is_locked": 0
        },
        {
            "id_sub_bl": 64173,
            "id_daerah": 473,
            "tahun": 2026,
            "id_unit": 103,
            "id_skpd": 103,
            "created_user": 23446,
            "kode_skpd": "6.01.0.00.0.00.01.0000",
            "nama_skpd": "Inspektorat",
            "id_urusan": 16,
            "kode_urusan": "6",
            "nama_urusan": "UNSUR PENGAWASAN URUSAN PEMERINTAHAN",
            "id_bidang_urusan": 242,
            "kode_bidang_urusan": "6.01",
            "nama_bidang_urusan": "INSPEKTORAT DAERAH",
            "id_sub_skpd": 103,
            "kode_sub_skpd": "6.01.0.00.0.00.01.0000",
            "nama_sub_skpd": "Inspektorat",
            "set_pagu_user": 22904,
            "set_pagu_at": "Wed, 02 Jul 2025 15:45:30 GMT",
            "id_program": 4451,
            "kode_program": "6.01.01",
            "nama_program": "PROGRAM PENUNJANG URUSAN PEMERINTAHAN DAERAH KABUPATEN/KOTA",
            "id_giat": 18372,
            "kode_giat": "6.01.01.2.02",
            "nama_giat": "Administrasi Keuangan Perangkat Daerah",
            "pagu_giat": 3988123602.0,
            "rinci_giat": null,
            "id_sub_giat": 60606,
            "kode_sub_giat": "6.01.01.2.02.0005",
            "nama_sub_giat": "Koordinasi dan Penyusunan Laporan Keuangan Akhir Tahun SKPD",
            "pagu": 5000000.0,
            "pagu_indikatif": 5000000.0,
            "rincian": null,
            "kode_bl": "103.103.4451.18372",
            "kode_sbl": "103.103.4451.18372.60606",
            "kunci_bl": 1,
            "kunci_bl_rinci": 1,
            "user_created": "Muhadi Gunawan, S.Pt",
            "created_date": "03-02-2025",
            "created_time": "18:50",
            "user_updated": "Nopri Anto Silaban, S.E., M.Si",
            "updated_date": "02-07-2025",
            "updated_time": "15:33",
            "is_locked": 0
        },
        {
            "id_sub_bl": 64171,
            "id_daerah": 473,
            "tahun": 2026,
            "id_unit": 103,
            "id_skpd": 103,
            "created_user": 23446,
            "kode_skpd": "6.01.0.00.0.00.01.0000",
            "nama_skpd": "Inspektorat",
            "id_urusan": 16,
            "kode_urusan": "6",
            "nama_urusan": "UNSUR PENGAWASAN URUSAN PEMERINTAHAN",
            "id_bidang_urusan": 242,
            "kode_bidang_urusan": "6.01",
            "nama_bidang_urusan": "INSPEKTORAT DAERAH",
            "id_sub_skpd": 103,
            "kode_sub_skpd": "6.01.0.00.0.00.01.0000",
            "nama_sub_skpd": "Inspektorat",
            "set_pagu_user": 22904,
            "set_pagu_at": "Wed, 02 Jul 2025 15:45:30 GMT",
            "id_program": 4451,
            "kode_program": "6.01.01",
            "nama_program": "PROGRAM PENUNJANG URUSAN PEMERINTAHAN DAERAH KABUPATEN/KOTA",
            "id_giat": 18372,
            "kode_giat": "6.01.01.2.02",
            "nama_giat": "Administrasi Keuangan Perangkat Daerah",
            "pagu_giat": 3988123602.0,
            "rinci_giat": null,
            "id_sub_giat": 60608,
            "kode_sub_giat": "6.01.01.2.02.0007",
            "nama_sub_giat": "Koordinasi dan Penyusunan Laporan Keuangan Bulanan/ Triwulanan/ Semesteran SKPD",
            "pagu": 5000000.0,
            "pagu_indikatif": 5000000.0,
            "rincian": null,
            "kode_bl": "103.103.4451.18372",
            "kode_sbl": "103.103.4451.18372.60608",
            "kunci_bl": 1,
            "kunci_bl_rinci": 1,
            "user_created": "Muhadi Gunawan, S.Pt",
            "created_date": "03-02-2025",
            "created_time": "18:48",
            "user_updated": "Nopri Anto Silaban, S.E., M.Si",
            "updated_date": "02-07-2025",
            "updated_time": "15:33",
            "is_locked": 0
        },
        {
            "id_sub_bl": 73359,
            "id_daerah": 473,
            "tahun": 2026,
            "id_unit": 103,
            "id_skpd": 103,
            "created_user": 23446,
            "kode_skpd": "6.01.0.00.0.00.01.0000",
            "nama_skpd": "Inspektorat",
            "id_urusan": 16,
            "kode_urusan": "6",
            "nama_urusan": "UNSUR PENGAWASAN URUSAN PEMERINTAHAN",
            "id_bidang_urusan": 242,
            "kode_bidang_urusan": "6.01",
            "nama_bidang_urusan": "INSPEKTORAT DAERAH",
            "id_sub_skpd": 103,
            "kode_sub_skpd": "6.01.0.00.0.00.01.0000",
            "nama_sub_skpd": "Inspektorat",
            "set_pagu_user": 22904,
            "set_pagu_at": "Wed, 02 Jul 2025 15:45:30 GMT",
            "id_program": 4451,
            "kode_program": "6.01.01",
            "nama_program": "PROGRAM PENUNJANG URUSAN PEMERINTAHAN DAERAH KABUPATEN/KOTA",
            "id_giat": 18373,
            "kode_giat": "6.01.01.2.03",
            "nama_giat": "Administrasi Barang Milik Daerah pada Perangkat Daerah",
            "pagu_giat": 163252015.0,
            "rinci_giat": null,
            "id_sub_giat": 60611,
            "kode_sub_giat": "6.01.01.2.03.0002",
            "nama_sub_giat": "Pengamanan Barang Milik Daerah SKPD",
            "pagu": 98252015.0,
            "pagu_indikatif": 98252015.0,
            "rincian": null,
            "kode_bl": "103.103.4451.18373",
            "kode_sbl": "103.103.4451.18373.60611",
            "kunci_bl": 1,
            "kunci_bl_rinci": 1,
            "user_created": "Muhadi Gunawan, S.Pt",
            "created_date": "26-03-2025",
            "created_time": "13:11",
            "user_updated": "Nopri Anto Silaban, S.E., M.Si",
            "updated_date": "02-07-2025",
            "updated_time": "15:34",
            "is_locked": 0
        },
        {
            "id_sub_bl": 64216,
            "id_daerah": 473,
            "tahun": 2026,
            "id_unit": 103,
            "id_skpd": 103,
            "created_user": 23446,
            "kode_skpd": "6.01.0.00.0.00.01.0000",
            "nama_skpd": "Inspektorat",
            "id_urusan": 16,
            "kode_urusan": "6",
            "nama_urusan": "UNSUR PENGAWASAN URUSAN PEMERINTAHAN",
            "id_bidang_urusan": 242,
            "kode_bidang_urusan": "6.01",
            "nama_bidang_urusan": "INSPEKTORAT DAERAH",
            "id_sub_skpd": 103,
            "kode_sub_skpd": "6.01.0.00.0.00.01.0000",
            "nama_sub_skpd": "Inspektorat",
            "set_pagu_user": 22904,
            "set_pagu_at": "Wed, 02 Jul 2025 15:45:30 GMT",
            "id_program": 4451,
            "kode_program": "6.01.01",
            "nama_program": "PROGRAM PENUNJANG URUSAN PEMERINTAHAN DAERAH KABUPATEN/KOTA",
            "id_giat": 18373,
            "kode_giat": "6.01.01.2.03",
            "nama_giat": "Administrasi Barang Milik Daerah pada Perangkat Daerah",
            "pagu_giat": 163252015.0,
            "rinci_giat": null,
            "id_sub_giat": 60615,
            "kode_sub_giat": "6.01.01.2.03.0006",
            "nama_sub_giat": "Penatausahaan Barang Milik Daerah pada SKPD",
            "pagu": 65000000.0,
            "pagu_indikatif": 65000000.0,
            "rincian": null,
            "kode_bl": "103.103.4451.18373",
            "kode_sbl": "103.103.4451.18373.60615",
            "kunci_bl": 1,
            "kunci_bl_rinci": 1,
            "user_created": "Muhadi Gunawan, S.Pt",
            "created_date": "03-02-2025",
            "created_time": "19:35",
            "user_updated": "Nopri Anto Silaban, S.E., M.Si",
            "updated_date": "02-07-2025",
            "updated_time": "15:34",
            "is_locked": 0
        },
        {
            "id_sub_bl": 64213,
            "id_daerah": 473,
            "tahun": 2026,
            "id_unit": 103,
            "id_skpd": 103,
            "created_user": 23446,
            "kode_skpd": "6.01.0.00.0.00.01.0000",
            "nama_skpd": "Inspektorat",
            "id_urusan": 16,
            "kode_urusan": "6",
            "nama_urusan": "UNSUR PENGAWASAN URUSAN PEMERINTAHAN",
            "id_bidang_urusan": 242,
            "kode_bidang_urusan": "6.01",
            "nama_bidang_urusan": "INSPEKTORAT DAERAH",
            "id_sub_skpd": 103,
            "kode_sub_skpd": "6.01.0.00.0.00.01.0000",
            "nama_sub_skpd": "Inspektorat",
            "set_pagu_user": 22904,
            "set_pagu_at": "Wed, 02 Jul 2025 15:45:30 GMT",
            "id_program": 4451,
            "kode_program": "6.01.01",
            "nama_program": "PROGRAM PENUNJANG URUSAN PEMERINTAHAN DAERAH KABUPATEN/KOTA",
            "id_giat": 18375,
            "kode_giat": "6.01.01.2.05",
            "nama_giat": "Administrasi Kepegawaian Perangkat Daerah",
            "pagu_giat": 457305000.0,
            "rinci_giat": null,
            "id_sub_giat": 60632,
            "kode_sub_giat": "6.01.01.2.05.0009",
            "nama_sub_giat": "Pendidikan dan Pelatihan Pegawai Berdasarkan Tugas dan Fungsi",
            "pagu": 362355000.0,
            "pagu_indikatif": 362355000.0,
            "rincian": null,
            "kode_bl": "103.103.4451.18375",
            "kode_sbl": "103.103.4451.18375.60632",
            "kunci_bl": 1,
            "kunci_bl_rinci": 1,
            "user_created": "Muhadi Gunawan, S.Pt",
            "created_date": "03-02-2025",
            "created_time": "19:34",
            "user_updated": "Nopri Anto Silaban, S.E., M.Si",
            "updated_date": "02-07-2025",
            "updated_time": "15:35",
            "is_locked": 0
        },
        {
            "id_sub_bl": 64211,
            "id_daerah": 473,
            "tahun": 2026,
            "id_unit": 103,
            "id_skpd": 103,
            "created_user": 23446,
            "kode_skpd": "6.01.0.00.0.00.01.0000",
            "nama_skpd": "Inspektorat",
            "id_urusan": 16,
            "kode_urusan": "6",
            "nama_urusan": "UNSUR PENGAWASAN URUSAN PEMERINTAHAN",
            "id_bidang_urusan": 242,
            "kode_bidang_urusan": "6.01",
            "nama_bidang_urusan": "INSPEKTORAT DAERAH",
            "id_sub_skpd": 103,
            "kode_sub_skpd": "6.01.0.00.0.00.01.0000",
            "nama_sub_skpd": "Inspektorat",
            "set_pagu_user": 22904,
            "set_pagu_at": "Wed, 02 Jul 2025 15:45:30 GMT",
            "id_program": 4451,
            "kode_program": "6.01.01",
            "nama_program": "PROGRAM PENUNJANG URUSAN PEMERINTAHAN DAERAH KABUPATEN/KOTA",
            "id_giat": 18375,
            "kode_giat": "6.01.01.2.05",
            "nama_giat": "Administrasi Kepegawaian Perangkat Daerah",
            "pagu_giat": 457305000.0,
            "rinci_giat": null,
            "id_sub_giat": 60633,
            "kode_sub_giat": "6.01.01.2.05.0010",
            "nama_sub_giat": "Sosialisasi Peraturan Perundang-Undangan",
            "pagu": 19950000.0,
            "pagu_indikatif": 19950000.0,
            "rincian": null,
            "kode_bl": "103.103.4451.18375",
            "kode_sbl": "103.103.4451.18375.60633",
            "kunci_bl": 1,
            "kunci_bl_rinci": 1,
            "user_created": "Muhadi Gunawan, S.Pt",
            "created_date": "03-02-2025",
            "created_time": "19:32",
            "user_updated": "Nopri Anto Silaban, S.E., M.Si",
            "updated_date": "02-07-2025",
            "updated_time": "15:35",
            "is_locked": 0
        },
        {
            "id_sub_bl": 64209,
            "id_daerah": 473,
            "tahun": 2026,
            "id_unit": 103,
            "id_skpd": 103,
            "created_user": 23446,
            "kode_skpd": "6.01.0.00.0.00.01.0000",
            "nama_skpd": "Inspektorat",
            "id_urusan": 16,
            "kode_urusan": "6",
            "nama_urusan": "UNSUR PENGAWASAN URUSAN PEMERINTAHAN",
            "id_bidang_urusan": 242,
            "kode_bidang_urusan": "6.01",
            "nama_bidang_urusan": "INSPEKTORAT DAERAH",
            "id_sub_skpd": 103,
            "kode_sub_skpd": "6.01.0.00.0.00.01.0000",
            "nama_sub_skpd": "Inspektorat",
            "set_pagu_user": 22904,
            "set_pagu_at": "Wed, 02 Jul 2025 15:45:30 GMT",
            "id_program": 4451,
            "kode_program": "6.01.01",
            "nama_program": "PROGRAM PENUNJANG URUSAN PEMERINTAHAN DAERAH KABUPATEN/KOTA",
            "id_giat": 18375,
            "kode_giat": "6.01.01.2.05",
            "nama_giat": "Administrasi Kepegawaian Perangkat Daerah",
            "pagu_giat": 457305000.0,
            "rinci_giat": null,
            "id_sub_giat": 60634,
            "kode_sub_giat": "6.01.01.2.05.0011",
            "nama_sub_giat": "Bimbingan Teknis Implementasi Peraturan Perundang-Undangan",
            "pagu": 75000000.0,
            "pagu_indikatif": 75000000.0,
            "rincian": null,
            "kode_bl": "103.103.4451.18375",
            "kode_sbl": "103.103.4451.18375.60634",
            "kunci_bl": 1,
            "kunci_bl_rinci": 1,
            "user_created": "Muhadi Gunawan, S.Pt",
            "created_date": "03-02-2025",
            "created_time": "19:31",
            "user_updated": "Nopri Anto Silaban, S.E., M.Si",
            "updated_date": "02-07-2025",
            "updated_time": "15:36",
            "is_locked": 0
        },
        {
            "id_sub_bl": 64206,
            "id_daerah": 473,
            "tahun": 2026,
            "id_unit": 103,
            "id_skpd": 103,
            "created_user": 23446,
            "kode_skpd": "6.01.0.00.0.00.01.0000",
            "nama_skpd": "Inspektorat",
            "id_urusan": 16,
            "kode_urusan": "6",
            "nama_urusan": "UNSUR PENGAWASAN URUSAN PEMERINTAHAN",
            "id_bidang_urusan": 242,
            "kode_bidang_urusan": "6.01",
            "nama_bidang_urusan": "INSPEKTORAT DAERAH",
            "id_sub_skpd": 103,
            "kode_sub_skpd": "6.01.0.00.0.00.01.0000",
            "nama_sub_skpd": "Inspektorat",
            "set_pagu_user": 22904,
            "set_pagu_at": "Wed, 02 Jul 2025 15:45:30 GMT",
            "id_program": 4451,
            "kode_program": "6.01.01",
            "nama_program": "PROGRAM PENUNJANG URUSAN PEMERINTAHAN DAERAH KABUPATEN/KOTA",
            "id_giat": 18376,
            "kode_giat": "6.01.01.2.06",
            "nama_giat": "Administrasi Umum Perangkat Daerah",
            "pagu_giat": 822000000.0,
            "rinci_giat": null,
            "id_sub_giat": 60635,
            "kode_sub_giat": "6.01.01.2.06.0001",
            "nama_sub_giat": "Penyediaan Komponen Instalasi\r\n\nListrik/Penerangan Bangunan Kantor",
            "pagu": 12500000.0,
            "pagu_indikatif": 12500000.0,
            "rincian": null,
            "kode_bl": "103.103.4451.18376",
            "kode_sbl": "103.103.4451.18376.60635",
            "kunci_bl": 1,
            "kunci_bl_rinci": 1,
            "user_created": "Muhadi Gunawan, S.Pt",
            "created_date": "03-02-2025",
            "created_time": "19:30",
            "user_updated": "Nopri Anto Silaban, S.E., M.Si",
            "updated_date": "02-07-2025",
            "updated_time": "15:36",
            "is_locked": 0
        },
        {
            "id_sub_bl": 64204,
            "id_daerah": 473,
            "tahun": 2026,
            "id_unit": 103,
            "id_skpd": 103,
            "created_user": 23446,
            "kode_skpd": "6.01.0.00.0.00.01.0000",
            "nama_skpd": "Inspektorat",
            "id_urusan": 16,
            "kode_urusan": "6",
            "nama_urusan": "UNSUR PENGAWASAN URUSAN PEMERINTAHAN",
            "id_bidang_urusan": 242,
            "kode_bidang_urusan": "6.01",
            "nama_bidang_urusan": "INSPEKTORAT DAERAH",
            "id_sub_skpd": 103,
            "kode_sub_skpd": "6.01.0.00.0.00.01.0000",
            "nama_sub_skpd": "Inspektorat",
            "set_pagu_user": 22904,
            "set_pagu_at": "Wed, 02 Jul 2025 15:45:30 GMT",
            "id_program": 4451,
            "kode_program": "6.01.01",
            "nama_program": "PROGRAM PENUNJANG URUSAN PEMERINTAHAN DAERAH KABUPATEN/KOTA",
            "id_giat": 18376,
            "kode_giat": "6.01.01.2.06",
            "nama_giat": "Administrasi Umum Perangkat Daerah",
            "pagu_giat": 822000000.0,
            "rinci_giat": null,
            "id_sub_giat": 60637,
            "kode_sub_giat": "6.01.01.2.06.0003",
            "nama_sub_giat": "Penyediaan Peralatan Rumah Tangga",
            "pagu": 12500000.0,
            "pagu_indikatif": 12500000.0,
            "rincian": null,
            "kode_bl": "103.103.4451.18376",
            "kode_sbl": "103.103.4451.18376.60637",
            "kunci_bl": 1,
            "kunci_bl_rinci": 1,
            "user_created": "Muhadi Gunawan, S.Pt",
            "created_date": "03-02-2025",
            "created_time": "19:28",
            "user_updated": "Nopri Anto Silaban, S.E., M.Si",
            "updated_date": "02-07-2025",
            "updated_time": "15:37",
            "is_locked": 0
        },
        {
            "id_sub_bl": 64202,
            "id_daerah": 473,
            "tahun": 2026,
            "id_unit": 103,
            "id_skpd": 103,
            "created_user": 23446,
            "kode_skpd": "6.01.0.00.0.00.01.0000",
            "nama_skpd": "Inspektorat",
            "id_urusan": 16,
            "kode_urusan": "6",
            "nama_urusan": "UNSUR PENGAWASAN URUSAN PEMERINTAHAN",
            "id_bidang_urusan": 242,
            "kode_bidang_urusan": "6.01",
            "nama_bidang_urusan": "INSPEKTORAT DAERAH",
            "id_sub_skpd": 103,
            "kode_sub_skpd": "6.01.0.00.0.00.01.0000",
            "nama_sub_skpd": "Inspektorat",
            "set_pagu_user": 22904,
            "set_pagu_at": "Wed, 02 Jul 2025 15:45:30 GMT",
            "id_program": 4451,
            "kode_program": "6.01.01",
            "nama_program": "PROGRAM PENUNJANG URUSAN PEMERINTAHAN DAERAH KABUPATEN/KOTA",
            "id_giat": 18376,
            "kode_giat": "6.01.01.2.06",
            "nama_giat": "Administrasi Umum Perangkat Daerah",
            "pagu_giat": 822000000.0,
            "rinci_giat": null,
            "id_sub_giat": 60638,
            "kode_sub_giat": "6.01.01.2.06.0004",
            "nama_sub_giat": "Penyediaan Bahan Logistik Kantor",
            "pagu": 372000000.0,
            "pagu_indikatif": 372000000.0,
            "rincian": null,
            "kode_bl": "103.103.4451.18376",
            "kode_sbl": "103.103.4451.18376.60638",
            "kunci_bl": 1,
            "kunci_bl_rinci": 1,
            "user_created": "Muhadi Gunawan, S.Pt",
            "created_date": "03-02-2025",
            "created_time": "19:27",
            "user_updated": "Nopri Anto Silaban, S.E., M.Si",
            "updated_date": "02-07-2025",
            "updated_time": "15:37",
            "is_locked": 0
        },
        {
            "id_sub_bl": 64198,
            "id_daerah": 473,
            "tahun": 2026,
            "id_unit": 103,
            "id_skpd": 103,
            "created_user": 23446,
            "kode_skpd": "6.01.0.00.0.00.01.0000",
            "nama_skpd": "Inspektorat",
            "id_urusan": 16,
            "kode_urusan": "6",
            "nama_urusan": "UNSUR PENGAWASAN URUSAN PEMERINTAHAN",
            "id_bidang_urusan": 242,
            "kode_bidang_urusan": "6.01",
            "nama_bidang_urusan": "INSPEKTORAT DAERAH",
            "id_sub_skpd": 103,
            "kode_sub_skpd": "6.01.0.00.0.00.01.0000",
            "nama_sub_skpd": "Inspektorat",
            "set_pagu_user": 22904,
            "set_pagu_at": "Wed, 02 Jul 2025 15:45:30 GMT",
            "id_program": 4451,
            "kode_program": "6.01.01",
            "nama_program": "PROGRAM PENUNJANG URUSAN PEMERINTAHAN DAERAH KABUPATEN/KOTA",
            "id_giat": 18376,
            "kode_giat": "6.01.01.2.06",
            "nama_giat": "Administrasi Umum Perangkat Daerah",
            "pagu_giat": 822000000.0,
            "rinci_giat": null,
            "id_sub_giat": 60639,
            "kode_sub_giat": "6.01.01.2.06.0005",
            "nama_sub_giat": "Penyediaan Barang Cetakan dan Penggandaan",
            "pagu": 65000000.0,
            "pagu_indikatif": 65000000.0,
            "rincian": null,
            "kode_bl": "103.103.4451.18376",
            "kode_sbl": "103.103.4451.18376.60639",
            "kunci_bl": 1,
            "kunci_bl_rinci": 1,
            "user_created": "Muhadi Gunawan, S.Pt",
            "created_date": "03-02-2025",
            "created_time": "19:22",
            "user_updated": "Nopri Anto Silaban, S.E., M.Si",
            "updated_date": "02-07-2025",
            "updated_time": "15:38",
            "is_locked": 0
        },
        {
            "id_sub_bl": 64195,
            "id_daerah": 473,
            "tahun": 2026,
            "id_unit": 103,
            "id_skpd": 103,
            "created_user": 23446,
            "kode_skpd": "6.01.0.00.0.00.01.0000",
            "nama_skpd": "Inspektorat",
            "id_urusan": 16,
            "kode_urusan": "6",
            "nama_urusan": "UNSUR PENGAWASAN URUSAN PEMERINTAHAN",
            "id_bidang_urusan": 242,
            "kode_bidang_urusan": "6.01",
            "nama_bidang_urusan": "INSPEKTORAT DAERAH",
            "id_sub_skpd": 103,
            "kode_sub_skpd": "6.01.0.00.0.00.01.0000",
            "nama_sub_skpd": "Inspektorat",
            "set_pagu_user": 22904,
            "set_pagu_at": "Wed, 02 Jul 2025 15:45:30 GMT",
            "id_program": 4451,
            "kode_program": "6.01.01",
            "nama_program": "PROGRAM PENUNJANG URUSAN PEMERINTAHAN DAERAH KABUPATEN/KOTA",
            "id_giat": 18376,
            "kode_giat": "6.01.01.2.06",
            "nama_giat": "Administrasi Umum Perangkat Daerah",
            "pagu_giat": 822000000.0,
            "rinci_giat": null,
            "id_sub_giat": 60640,
            "kode_sub_giat": "6.01.01.2.06.0006",
            "nama_sub_giat": "Penyediaan Bahan Bacaan dan Peraturan Perundang-undangan",
            "pagu": 35000000.0,
            "pagu_indikatif": 35000000.0,
            "rincian": null,
            "kode_bl": "103.103.4451.18376",
            "kode_sbl": "103.103.4451.18376.60640",
            "kunci_bl": 1,
            "kunci_bl_rinci": 1,
            "user_created": "Muhadi Gunawan, S.Pt",
            "created_date": "03-02-2025",
            "created_time": "19:20",
            "user_updated": "Nopri Anto Silaban, S.E., M.Si",
            "updated_date": "02-07-2025",
            "updated_time": "15:38",
            "is_locked": 0
        },
        {
            "id_sub_bl": 64194,
            "id_daerah": 473,
            "tahun": 2026,
            "id_unit": 103,
            "id_skpd": 103,
            "created_user": 23446,
            "kode_skpd": "6.01.0.00.0.00.01.0000",
            "nama_skpd": "Inspektorat",
            "id_urusan": 16,
            "kode_urusan": "6",
            "nama_urusan": "UNSUR PENGAWASAN URUSAN PEMERINTAHAN",
            "id_bidang_urusan": 242,
            "kode_bidang_urusan": "6.01",
            "nama_bidang_urusan": "INSPEKTORAT DAERAH",
            "id_sub_skpd": 103,
            "kode_sub_skpd": "6.01.0.00.0.00.01.0000",
            "nama_sub_skpd": "Inspektorat",
            "set_pagu_user": 22904,
            "set_pagu_at": "Wed, 02 Jul 2025 15:45:30 GMT",
            "id_program": 4451,
            "kode_program": "6.01.01",
            "nama_program": "PROGRAM PENUNJANG URUSAN PEMERINTAHAN DAERAH KABUPATEN/KOTA",
            "id_giat": 18376,
            "kode_giat": "6.01.01.2.06",
            "nama_giat": "Administrasi Umum Perangkat Daerah",
            "pagu_giat": 822000000.0,
            "rinci_giat": null,
            "id_sub_giat": 60643,
            "kode_sub_giat": "6.01.01.2.06.0009",
            "nama_sub_giat": "Penyelenggaraan Rapat Koordinasi dan Konsultasi SKPD",
            "pagu": 310000000.0,
            "pagu_indikatif": 310000000.0,
            "rincian": null,
            "kode_bl": "103.103.4451.18376",
            "kode_sbl": "103.103.4451.18376.60643",
            "kunci_bl": 1,
            "kunci_bl_rinci": 1,
            "user_created": "Muhadi Gunawan, S.Pt",
            "created_date": "03-02-2025",
            "created_time": "19:18",
            "user_updated": "Nopri Anto Silaban, S.E., M.Si",
            "updated_date": "02-07-2025",
            "updated_time": "15:39",
            "is_locked": 0
        },
        {
            "id_sub_bl": 64193,
            "id_daerah": 473,
            "tahun": 2026,
            "id_unit": 103,
            "id_skpd": 103,
            "created_user": 23446,
            "kode_skpd": "6.01.0.00.0.00.01.0000",
            "nama_skpd": "Inspektorat",
            "id_urusan": 16,
            "kode_urusan": "6",
            "nama_urusan": "UNSUR PENGAWASAN URUSAN PEMERINTAHAN",
            "id_bidang_urusan": 242,
            "kode_bidang_urusan": "6.01",
            "nama_bidang_urusan": "INSPEKTORAT DAERAH",
            "id_sub_skpd": 103,
            "kode_sub_skpd": "6.01.0.00.0.00.01.0000",
            "nama_sub_skpd": "Inspektorat",
            "set_pagu_user": 22904,
            "set_pagu_at": "Wed, 02 Jul 2025 15:45:30 GMT",
            "id_program": 4451,
            "kode_program": "6.01.01",
            "nama_program": "PROGRAM PENUNJANG URUSAN PEMERINTAHAN DAERAH KABUPATEN/KOTA",
            "id_giat": 18376,
            "kode_giat": "6.01.01.2.06",
            "nama_giat": "Administrasi Umum Perangkat Daerah",
            "pagu_giat": 822000000.0,
            "rinci_giat": null,
            "id_sub_giat": 60644,
            "kode_sub_giat": "6.01.01.2.06.0010",
            "nama_sub_giat": "Penatausahaan Arsip Dinamis pada SKPD",
            "pagu": 15000000.0,
            "pagu_indikatif": 15000000.0,
            "rincian": null,
            "kode_bl": "103.103.4451.18376",
            "kode_sbl": "103.103.4451.18376.60644",
            "kunci_bl": 1,
            "kunci_bl_rinci": 1,
            "user_created": "Muhadi Gunawan, S.Pt",
            "created_date": "03-02-2025",
            "created_time": "19:17",
            "user_updated": "Nopri Anto Silaban, S.E., M.Si",
            "updated_date": "02-07-2025",
            "updated_time": "15:39",
            "is_locked": 0
        },
        {
            "id_sub_bl": 64264,
            "id_daerah": 473,
            "tahun": 2026,
            "id_unit": 103,
            "id_skpd": 103,
            "created_user": 23446,
            "kode_skpd": "6.01.0.00.0.00.01.0000",
            "nama_skpd": "Inspektorat",
            "id_urusan": 16,
            "kode_urusan": "6",
            "nama_urusan": "UNSUR PENGAWASAN URUSAN PEMERINTAHAN",
            "id_bidang_urusan": 242,
            "kode_bidang_urusan": "6.01",
            "nama_bidang_urusan": "INSPEKTORAT DAERAH",
            "id_sub_skpd": 103,
            "kode_sub_skpd": "6.01.0.00.0.00.01.0000",
            "nama_sub_skpd": "Inspektorat",
            "set_pagu_user": 22904,
            "set_pagu_at": "Wed, 02 Jul 2025 15:45:30 GMT",
            "id_program": 4451,
            "kode_program": "6.01.01",
            "nama_program": "PROGRAM PENUNJANG URUSAN PEMERINTAHAN DAERAH KABUPATEN/KOTA",
            "id_giat": 18377,
            "kode_giat": "6.01.01.2.07",
            "nama_giat": "Pengadaan Barang Milik Daerah Penunjang Urusan Pemerintah Daerah",
            "pagu_giat": 4250000000.0,
            "rinci_giat": null,
            "id_sub_giat": 60647,
            "kode_sub_giat": "6.01.01.2.07.0002",
            "nama_sub_giat": "Pengadaan Kendaraan Dinas Operasional atau Lapangan",
            "pagu": 2000000000.0,
            "pagu_indikatif": 2000000000.0,
            "rincian": null,
            "kode_bl": "103.103.4451.18377",
            "kode_sbl": "103.103.4451.18377.60647",
            "kunci_bl": 1,
            "kunci_bl_rinci": 1,
            "user_created": "Muhadi Gunawan, S.Pt",
            "created_date": "03-02-2025",
            "created_time": "19:58",
            "user_updated": "Nopri Anto Silaban, S.E., M.Si",
            "updated_date": "02-07-2025",
            "updated_time": "15:40",
            "is_locked": 0
        },
        {
            "id_sub_bl": 64191,
            "id_daerah": 473,
            "tahun": 2026,
            "id_unit": 103,
            "id_skpd": 103,
            "created_user": 23446,
            "kode_skpd": "6.01.0.00.0.00.01.0000",
            "nama_skpd": "Inspektorat",
            "id_urusan": 16,
            "kode_urusan": "6",
            "nama_urusan": "UNSUR PENGAWASAN URUSAN PEMERINTAHAN",
            "id_bidang_urusan": 242,
            "kode_bidang_urusan": "6.01",
            "nama_bidang_urusan": "INSPEKTORAT DAERAH",
            "id_sub_skpd": 103,
            "kode_sub_skpd": "6.01.0.00.0.00.01.0000",
            "nama_sub_skpd": "Inspektorat",
            "set_pagu_user": 22904,
            "set_pagu_at": "Wed, 02 Jul 2025 15:45:30 GMT",
            "id_program": 4451,
            "kode_program": "6.01.01",
            "nama_program": "PROGRAM PENUNJANG URUSAN PEMERINTAHAN DAERAH KABUPATEN/KOTA",
            "id_giat": 18377,
            "kode_giat": "6.01.01.2.07",
            "nama_giat": "Pengadaan Barang Milik Daerah Penunjang Urusan Pemerintah Daerah",
            "pagu_giat": 4250000000.0,
            "rinci_giat": null,
            "id_sub_giat": 60650,
            "kode_sub_giat": "6.01.01.2.07.0005",
            "nama_sub_giat": "Pengadaan Mebel",
            "pagu": 40000000.0,
            "pagu_indikatif": 40000000.0,
            "rincian": null,
            "kode_bl": "103.103.4451.18377",
            "kode_sbl": "103.103.4451.18377.60650",
            "kunci_bl": 1,
            "kunci_bl_rinci": 1,
            "user_created": "Muhadi Gunawan, S.Pt",
            "created_date": "03-02-2025",
            "created_time": "19:12",
            "user_updated": "Nopri Anto Silaban, S.E., M.Si",
            "updated_date": "02-07-2025",
            "updated_time": "15:40",
            "is_locked": 0
        },
        {
            "id_sub_bl": 64190,
            "id_daerah": 473,
            "tahun": 2026,
            "id_unit": 103,
            "id_skpd": 103,
            "created_user": 23446,
            "kode_skpd": "6.01.0.00.0.00.01.0000",
            "nama_skpd": "Inspektorat",
            "id_urusan": 16,
            "kode_urusan": "6",
            "nama_urusan": "UNSUR PENGAWASAN URUSAN PEMERINTAHAN",
            "id_bidang_urusan": 242,
            "kode_bidang_urusan": "6.01",
            "nama_bidang_urusan": "INSPEKTORAT DAERAH",
            "id_sub_skpd": 103,
            "kode_sub_skpd": "6.01.0.00.0.00.01.0000",
            "nama_sub_skpd": "Inspektorat",
            "set_pagu_user": 22904,
            "set_pagu_at": "Wed, 02 Jul 2025 15:45:30 GMT",
            "id_program": 4451,
            "kode_program": "6.01.01",
            "nama_program": "PROGRAM PENUNJANG URUSAN PEMERINTAHAN DAERAH KABUPATEN/KOTA",
            "id_giat": 18377,
            "kode_giat": "6.01.01.2.07",
            "nama_giat": "Pengadaan Barang Milik Daerah Penunjang Urusan Pemerintah Daerah",
            "pagu_giat": 4250000000.0,
            "rinci_giat": null,
            "id_sub_giat": 60651,
            "kode_sub_giat": "6.01.01.2.07.0006",
            "nama_sub_giat": "Pengadaan Peralatan dan Mesin Lainnya",
            "pagu": 175000000.0,
            "pagu_indikatif": 175000000.0,
            "rincian": null,
            "kode_bl": "103.103.4451.18377",
            "kode_sbl": "103.103.4451.18377.60651",
            "kunci_bl": 1,
            "kunci_bl_rinci": 1,
            "user_created": "Muhadi Gunawan, S.Pt",
            "created_date": "03-02-2025",
            "created_time": "19:11",
            "user_updated": "Nopri Anto Silaban, S.E., M.Si",
            "updated_date": "02-07-2025",
            "updated_time": "15:40",
            "is_locked": 0
        },
        {
            "id_sub_bl": 64189,
            "id_daerah": 473,
            "tahun": 2026,
            "id_unit": 103,
            "id_skpd": 103,
            "created_user": 23446,
            "kode_skpd": "6.01.0.00.0.00.01.0000",
            "nama_skpd": "Inspektorat",
            "id_urusan": 16,
            "kode_urusan": "6",
            "nama_urusan": "UNSUR PENGAWASAN URUSAN PEMERINTAHAN",
            "id_bidang_urusan": 242,
            "kode_bidang_urusan": "6.01",
            "nama_bidang_urusan": "INSPEKTORAT DAERAH",
            "id_sub_skpd": 103,
            "kode_sub_skpd": "6.01.0.00.0.00.01.0000",
            "nama_sub_skpd": "Inspektorat",
            "set_pagu_user": 22904,
            "set_pagu_at": "Wed, 02 Jul 2025 15:45:30 GMT",
            "id_program": 4451,
            "kode_program": "6.01.01",
            "nama_program": "PROGRAM PENUNJANG URUSAN PEMERINTAHAN DAERAH KABUPATEN/KOTA",
            "id_giat": 18377,
            "kode_giat": "6.01.01.2.07",
            "nama_giat": "Pengadaan Barang Milik Daerah Penunjang Urusan Pemerintah Daerah",
            "pagu_giat": 4250000000.0,
            "rinci_giat": null,
            "id_sub_giat": 60656,
            "kode_sub_giat": "6.01.01.2.07.0011",
            "nama_sub_giat": "Pengadaan Sarana dan Prasarana Pendukung Gedung Kantor atau Bangunan Lainnya",
            "pagu": 35000000.0,
            "pagu_indikatif": 35000000.0,
            "rincian": null,
            "kode_bl": "103.103.4451.18377",
            "kode_sbl": "103.103.4451.18377.60656",
            "kunci_bl": 1,
            "kunci_bl_rinci": 1,
            "user_created": "Muhadi Gunawan, S.Pt",
            "created_date": "03-02-2025",
            "created_time": "19:09",
            "user_updated": "Nopri Anto Silaban, S.E., M.Si",
            "updated_date": "02-07-2025",
            "updated_time": "15:41",
            "is_locked": 0
        },
        {
            "id_sub_bl": 64256,
            "id_daerah": 473,
            "tahun": 2026,
            "id_unit": 103,
            "id_skpd": 103,
            "created_user": 23446,
            "kode_skpd": "6.01.0.00.0.00.01.0000",
            "nama_skpd": "Inspektorat",
            "id_urusan": 16,
            "kode_urusan": "6",
            "nama_urusan": "UNSUR PENGAWASAN URUSAN PEMERINTAHAN",
            "id_bidang_urusan": 242,
            "kode_bidang_urusan": "6.01",
            "nama_bidang_urusan": "INSPEKTORAT DAERAH",
            "id_sub_skpd": 103,
            "kode_sub_skpd": "6.01.0.00.0.00.01.0000",
            "nama_sub_skpd": "Inspektorat",
            "set_pagu_user": 22904,
            "set_pagu_at": "Wed, 02 Jul 2025 15:45:30 GMT",
            "id_program": 4451,
            "kode_program": "6.01.01",
            "nama_program": "PROGRAM PENUNJANG URUSAN PEMERINTAHAN DAERAH KABUPATEN/KOTA",
            "id_giat": 18378,
            "kode_giat": "6.01.01.2.08",
            "nama_giat": "Penyediaan Jasa Penunjang Urusan Pemerintahan Daerah",
            "pagu_giat": 314780000.0,
            "rinci_giat": null,
            "id_sub_giat": 60657,
            "kode_sub_giat": "6.01.01.2.08.0001",
            "nama_sub_giat": "Penyediaan Jasa Surat Menyurat",
            "pagu": 10000000.0,
            "pagu_indikatif": 10000000.0,
            "rincian": null,
            "kode_bl": "103.103.4451.18378",
            "kode_sbl": "103.103.4451.18378.60657",
            "kunci_bl": 1,
            "kunci_bl_rinci": 1,
            "user_created": "Muhadi Gunawan, S.Pt",
            "created_date": "03-02-2025",
            "created_time": "19:54",
            "user_updated": "Nopri Anto Silaban, S.E., M.Si",
            "updated_date": "02-07-2025",
            "updated_time": "15:41",
            "is_locked": 0
        },
        {
            "id_sub_bl": 64253,
            "id_daerah": 473,
            "tahun": 2026,
            "id_unit": 103,
            "id_skpd": 103,
            "created_user": 23446,
            "kode_skpd": "6.01.0.00.0.00.01.0000",
            "nama_skpd": "Inspektorat",
            "id_urusan": 16,
            "kode_urusan": "6",
            "nama_urusan": "UNSUR PENGAWASAN URUSAN PEMERINTAHAN",
            "id_bidang_urusan": 242,
            "kode_bidang_urusan": "6.01",
            "nama_bidang_urusan": "INSPEKTORAT DAERAH",
            "id_sub_skpd": 103,
            "kode_sub_skpd": "6.01.0.00.0.00.01.0000",
            "nama_sub_skpd": "Inspektorat",
            "set_pagu_user": 22904,
            "set_pagu_at": "Wed, 02 Jul 2025 15:45:30 GMT",
            "id_program": 4451,
            "kode_program": "6.01.01",
            "nama_program": "PROGRAM PENUNJANG URUSAN PEMERINTAHAN DAERAH KABUPATEN/KOTA",
            "id_giat": 18378,
            "kode_giat": "6.01.01.2.08",
            "nama_giat": "Penyediaan Jasa Penunjang Urusan Pemerintahan Daerah",
            "pagu_giat": 314780000.0,
            "rinci_giat": null,
            "id_sub_giat": 60658,
            "kode_sub_giat": "6.01.01.2.08.0002",
            "nama_sub_giat": "Penyediaan Jasa Komunikasi, Sumber Daya Air dan Listrik",
            "pagu": 100000000.0,
            "pagu_indikatif": 100000000.0,
            "rincian": null,
            "kode_bl": "103.103.4451.18378",
            "kode_sbl": "103.103.4451.18378.60658",
            "kunci_bl": 1,
            "kunci_bl_rinci": 1,
            "user_created": "Muhadi Gunawan, S.Pt",
            "created_date": "03-02-2025",
            "created_time": "19:53",
            "user_updated": "Nopri Anto Silaban, S.E., M.Si",
            "updated_date": "02-07-2025",
            "updated_time": "15:42",
            "is_locked": 0
        },
        {
            "id_sub_bl": 64248,
            "id_daerah": 473,
            "tahun": 2026,
            "id_unit": 103,
            "id_skpd": 103,
            "created_user": 23446,
            "kode_skpd": "6.01.0.00.0.00.01.0000",
            "nama_skpd": "Inspektorat",
            "id_urusan": 16,
            "kode_urusan": "6",
            "nama_urusan": "UNSUR PENGAWASAN URUSAN PEMERINTAHAN",
            "id_bidang_urusan": 242,
            "kode_bidang_urusan": "6.01",
            "nama_bidang_urusan": "INSPEKTORAT DAERAH",
            "id_sub_skpd": 103,
            "kode_sub_skpd": "6.01.0.00.0.00.01.0000",
            "nama_sub_skpd": "Inspektorat",
            "set_pagu_user": 22904,
            "set_pagu_at": "Wed, 02 Jul 2025 15:45:30 GMT",
            "id_program": 4451,
            "kode_program": "6.01.01",
            "nama_program": "PROGRAM PENUNJANG URUSAN PEMERINTAHAN DAERAH KABUPATEN/KOTA",
            "id_giat": 18378,
            "kode_giat": "6.01.01.2.08",
            "nama_giat": "Penyediaan Jasa Penunjang Urusan Pemerintahan Daerah",
            "pagu_giat": 314780000.0,
            "rinci_giat": null,
            "id_sub_giat": 60660,
            "kode_sub_giat": "6.01.01.2.08.0004",
            "nama_sub_giat": "Penyediaan Jasa Pelayanan Umum Kantor",
            "pagu": 204780000.0,
            "pagu_indikatif": 204780000.0,
            "rincian": null,
            "kode_bl": "103.103.4451.18378",
            "kode_sbl": "103.103.4451.18378.60660",
            "kunci_bl": 1,
            "kunci_bl_rinci": 1,
            "user_created": "Muhadi Gunawan, S.Pt",
            "created_date": "03-02-2025",
            "created_time": "19:51",
            "user_updated": "Nopri Anto Silaban, S.E., M.Si",
            "updated_date": "02-07-2025",
            "updated_time": "15:42",
            "is_locked": 0
        },
        {
            "id_sub_bl": 64244,
            "id_daerah": 473,
            "tahun": 2026,
            "id_unit": 103,
            "id_skpd": 103,
            "created_user": 23446,
            "kode_skpd": "6.01.0.00.0.00.01.0000",
            "nama_skpd": "Inspektorat",
            "id_urusan": 16,
            "kode_urusan": "6",
            "nama_urusan": "UNSUR PENGAWASAN URUSAN PEMERINTAHAN",
            "id_bidang_urusan": 242,
            "kode_bidang_urusan": "6.01",
            "nama_bidang_urusan": "INSPEKTORAT DAERAH",
            "id_sub_skpd": 103,
            "kode_sub_skpd": "6.01.0.00.0.00.01.0000",
            "nama_sub_skpd": "Inspektorat",
            "set_pagu_user": 22904,
            "set_pagu_at": "Wed, 02 Jul 2025 15:45:30 GMT",
            "id_program": 4451,
            "kode_program": "6.01.01",
            "nama_program": "PROGRAM PENUNJANG URUSAN PEMERINTAHAN DAERAH KABUPATEN/KOTA",
            "id_giat": 18379,
            "kode_giat": "6.01.01.2.09",
            "nama_giat": "Pemeliharaan Barang Milik Daerah Penunjang Urusan Pemerintahan Daerah",
            "pagu_giat": 920000000.0,
            "rinci_giat": null,
            "id_sub_giat": 60662,
            "kode_sub_giat": "6.01.01.2.09.0002",
            "nama_sub_giat": "Penyediaan Jasa Pemeliharaan, Biaya Pemeliharaan, Pajak dan Perizinan Kendaraan Dinas Operasional atau Lapangan",
            "pagu": 350000000.0,
            "pagu_indikatif": 350000000.0,
            "rincian": null,
            "kode_bl": "103.103.4451.18379",
            "kode_sbl": "103.103.4451.18379.60662",
            "kunci_bl": 1,
            "kunci_bl_rinci": 1,
            "user_created": "Muhadi Gunawan, S.Pt",
            "created_date": "03-02-2025",
            "created_time": "19:49",
            "user_updated": "Nopri Anto Silaban, S.E., M.Si",
            "updated_date": "02-07-2025",
            "updated_time": "15:43",
            "is_locked": 0
        },
        {
            "id_sub_bl": 64238,
            "id_daerah": 473,
            "tahun": 2026,
            "id_unit": 103,
            "id_skpd": 103,
            "created_user": 23446,
            "kode_skpd": "6.01.0.00.0.00.01.0000",
            "nama_skpd": "Inspektorat",
            "id_urusan": 16,
            "kode_urusan": "6",
            "nama_urusan": "UNSUR PENGAWASAN URUSAN PEMERINTAHAN",
            "id_bidang_urusan": 242,
            "kode_bidang_urusan": "6.01",
            "nama_bidang_urusan": "INSPEKTORAT DAERAH",
            "id_sub_skpd": 103,
            "kode_sub_skpd": "6.01.0.00.0.00.01.0000",
            "nama_sub_skpd": "Inspektorat",
            "set_pagu_user": 22904,
            "set_pagu_at": "Wed, 02 Jul 2025 15:45:30 GMT",
            "id_program": 4451,
            "kode_program": "6.01.01",
            "nama_program": "PROGRAM PENUNJANG URUSAN PEMERINTAHAN DAERAH KABUPATEN/KOTA",
            "id_giat": 18379,
            "kode_giat": "6.01.01.2.09",
            "nama_giat": "Pemeliharaan Barang Milik Daerah Penunjang Urusan Pemerintahan Daerah",
            "pagu_giat": 920000000.0,
            "rinci_giat": null,
            "id_sub_giat": 60666,
            "kode_sub_giat": "6.01.01.2.09.0006",
            "nama_sub_giat": "Pemeliharaan Peralatan dan Mesin Lainnya",
            "pagu": 35000000.0,
            "pagu_indikatif": 35000000.0,
            "rincian": null,
            "kode_bl": "103.103.4451.18379",
            "kode_sbl": "103.103.4451.18379.60666",
            "kunci_bl": 1,
            "kunci_bl_rinci": 1,
            "user_created": "Muhadi Gunawan, S.Pt",
            "created_date": "03-02-2025",
            "created_time": "19:48",
            "user_updated": "Nopri Anto Silaban, S.E., M.Si",
            "updated_date": "02-07-2025",
            "updated_time": "15:43",
            "is_locked": 0
        },
        {
            "id_sub_bl": 64234,
            "id_daerah": 473,
            "tahun": 2026,
            "id_unit": 103,
            "id_skpd": 103,
            "created_user": 23446,
            "kode_skpd": "6.01.0.00.0.00.01.0000",
            "nama_skpd": "Inspektorat",
            "id_urusan": 16,
            "kode_urusan": "6",
            "nama_urusan": "UNSUR PENGAWASAN URUSAN PEMERINTAHAN",
            "id_bidang_urusan": 242,
            "kode_bidang_urusan": "6.01",
            "nama_bidang_urusan": "INSPEKTORAT DAERAH",
            "id_sub_skpd": 103,
            "kode_sub_skpd": "6.01.0.00.0.00.01.0000",
            "nama_sub_skpd": "Inspektorat",
            "set_pagu_user": 22904,
            "set_pagu_at": "Wed, 02 Jul 2025 15:45:30 GMT",
            "id_program": 4451,
            "kode_program": "6.01.01",
            "nama_program": "PROGRAM PENUNJANG URUSAN PEMERINTAHAN DAERAH KABUPATEN/KOTA",
            "id_giat": 18379,
            "kode_giat": "6.01.01.2.09",
            "nama_giat": "Pemeliharaan Barang Milik Daerah Penunjang Urusan Pemerintahan Daerah",
            "pagu_giat": 920000000.0,
            "rinci_giat": null,
            "id_sub_giat": 60669,
            "kode_sub_giat": "6.01.01.2.09.0009",
            "nama_sub_giat": "Pemeliharaan/Rehabilitasi Gedung Kantor dan Bangunan Lainnya",
            "pagu": 410000000.0,
            "pagu_indikatif": 410000000.0,
            "rincian": null,
            "kode_bl": "103.103.4451.18379",
            "kode_sbl": "103.103.4451.18379.60669",
            "kunci_bl": 1,
            "kunci_bl_rinci": 1,
            "user_created": "Muhadi Gunawan, S.Pt",
            "created_date": "03-02-2025",
            "created_time": "19:46",
            "user_updated": "Nopri Anto Silaban, S.E., M.Si",
            "updated_date": "02-07-2025",
            "updated_time": "15:43",
            "is_locked": 0
        },
        {
            "id_sub_bl": 64231,
            "id_daerah": 473,
            "tahun": 2026,
            "id_unit": 103,
            "id_skpd": 103,
            "created_user": 23446,
            "kode_skpd": "6.01.0.00.0.00.01.0000",
            "nama_skpd": "Inspektorat",
            "id_urusan": 16,
            "kode_urusan": "6",
            "nama_urusan": "UNSUR PENGAWASAN URUSAN PEMERINTAHAN",
            "id_bidang_urusan": 242,
            "kode_bidang_urusan": "6.01",
            "nama_bidang_urusan": "INSPEKTORAT DAERAH",
            "id_sub_skpd": 103,
            "kode_sub_skpd": "6.01.0.00.0.00.01.0000",
            "nama_sub_skpd": "Inspektorat",
            "set_pagu_user": 22904,
            "set_pagu_at": "Wed, 02 Jul 2025 15:45:30 GMT",
            "id_program": 4451,
            "kode_program": "6.01.01",
            "nama_program": "PROGRAM PENUNJANG URUSAN PEMERINTAHAN DAERAH KABUPATEN/KOTA",
            "id_giat": 18379,
            "kode_giat": "6.01.01.2.09",
            "nama_giat": "Pemeliharaan Barang Milik Daerah Penunjang Urusan Pemerintahan Daerah",
            "pagu_giat": 920000000.0,
            "rinci_giat": null,
            "id_sub_giat": 60670,
            "kode_sub_giat": "6.01.01.2.09.0010",
            "nama_sub_giat": "Pemeliharaan/Rehabilitasi Sarana dan Prasarana Gedung Kantor atau Bangunan Lainnya",
            "pagu": 50000000.0,
            "pagu_indikatif": 50000000.0,
            "rincian": null,
            "kode_bl": "103.103.4451.18379",
            "kode_sbl": "103.103.4451.18379.60670",
            "kunci_bl": 1,
            "kunci_bl_rinci": 1,
            "user_created": "Muhadi Gunawan, S.Pt",
            "created_date": "03-02-2025",
            "created_time": "19:44",
            "user_updated": "Nopri Anto Silaban, S.E., M.Si",
            "updated_date": "02-07-2025",
            "updated_time": "15:44",
            "is_locked": 0
        },
        {
            "id_sub_bl": 64274,
            "id_daerah": 473,
            "tahun": 2026,
            "id_unit": 103,
            "id_skpd": 103,
            "created_user": 23446,
            "kode_skpd": "6.01.0.00.0.00.01.0000",
            "nama_skpd": "Inspektorat",
            "id_urusan": 16,
            "kode_urusan": "6",
            "nama_urusan": "UNSUR PENGAWASAN URUSAN PEMERINTAHAN",
            "id_bidang_urusan": 242,
            "kode_bidang_urusan": "6.01",
            "nama_bidang_urusan": "INSPEKTORAT DAERAH",
            "id_sub_skpd": 103,
            "kode_sub_skpd": "6.01.0.00.0.00.01.0000",
            "nama_sub_skpd": "Inspektorat",
            "set_pagu_user": 22904,
            "set_pagu_at": "Wed, 02 Jul 2025 15:45:30 GMT",
            "id_program": 4451,
            "kode_program": "6.01.01",
            "nama_program": "PROGRAM PENUNJANG URUSAN PEMERINTAHAN DAERAH KABUPATEN/KOTA",
            "id_giat": 18379,
            "kode_giat": "6.01.01.2.09",
            "nama_giat": "Pemeliharaan Barang Milik Daerah Penunjang Urusan Pemerintahan Daerah",
            "pagu_giat": 920000000.0,
            "rinci_giat": null,
            "id_sub_giat": 60671,
            "kode_sub_giat": "6.01.01.2.09.0011",
            "nama_sub_giat": "Pemeliharaan/Rehabilitasi Sarana dan Prasarana Pendukung Gedung Kantor atau Bangunan Lainnya",
            "pagu": 75000000.0,
            "pagu_indikatif": 75000000.0,
            "rincian": null,
            "kode_bl": "103.103.4451.18379",
            "kode_sbl": "103.103.4451.18379.60671",
            "kunci_bl": 1,
            "kunci_bl_rinci": 1,
            "user_created": "Muhadi Gunawan, S.Pt",
            "created_date": "03-02-2025",
            "created_time": "20:06",
            "user_updated": "Nopri Anto Silaban, S.E., M.Si",
            "updated_date": "02-07-2025",
            "updated_time": "15:44",
            "is_locked": 0
        }
    ]