[
        {
            "id_sub_bl": 58651,
            "id_daerah": 473,
            "tahun": 2026,
            "id_unit": 703,
            "id_skpd": 703,
            "created_user": 320869,
            "kode_skpd": "7.01.0.00.0.00.17.0000",
            "nama_skpd": "Kecamatan Putri Hijau",
            "id_urusan": 17,
            "kode_urusan": "7",
            "nama_urusan": "UNSUR KEWILAYAHAN",
            "id_bidang_urusan": 243,
            "kode_bidang_urusan": "7.01",
            "nama_bidang_urusan": "KECAMATAN",
            "id_sub_skpd": 703,
            "kode_sub_skpd": "7.01.0.00.0.00.17.0000",
            "nama_sub_skpd": "Kecamatan Putri Hijau",
            "set_pagu_user": 320869,
            "set_pagu_at": "Mon, 24 Mar 2025 19:03:35 GMT",
            "id_program": 4418,
            "kode_program": "7.01.03",
            "nama_program": "PROGRAM PEMBERDAYAAN MASYARAKAT DESA DAN KELURAHAN",
            "id_giat": 18279,
            "kode_giat": "7.01.03.2.01",
            "nama_giat": "Koordinasi Kegiatan Pemberdayaan Desa",
            "pagu_giat": 20000000.0,
            "rinci_giat": null,
            "id_sub_giat": 59913,
            "kode_sub_giat": "7.01.03.2.01.0001",
            "nama_sub_giat": "Peningkatan Partisipasi Masyarakat dalam Forum Musyawarah Perencanaan Pembangunan di Desa",
            "pagu": 20000000.0,
            "pagu_indikatif": 20000000.0,
            "rincian": null,
            "kode_bl": "703.703.4418.18279",
            "kode_sbl": "703.703.4418.18279.59913",
            "kunci_bl": 1,
            "kunci_bl_rinci": 1,
            "user_created": "Ahmadi, S.Pd",
            "created_date": "18-01-2025",
            "created_time": "06:50",
            "user_updated": "Ahmadi, S.Pd",
            "updated_date": "24-03-2025",
            "updated_time": "18:10",
            "is_locked": 0
        },
        {
            "id_sub_bl": 58652,
            "id_daerah": 473,
            "tahun": 2026,
            "id_unit": 703,
            "id_skpd": 703,
            "created_user": 320869,
            "kode_skpd": "7.01.0.00.0.00.17.0000",
            "nama_skpd": "Kecamatan Putri Hijau",
            "id_urusan": 17,
            "kode_urusan": "7",
            "nama_urusan": "UNSUR KEWILAYAHAN",
            "id_bidang_urusan": 243,
            "kode_bidang_urusan": "7.01",
            "nama_bidang_urusan": "KECAMATAN",
            "id_sub_skpd": 703,
            "kode_sub_skpd": "7.01.0.00.0.00.17.0000",
            "nama_sub_skpd": "Kecamatan Putri Hijau",
            "set_pagu_user": 320869,
            "set_pagu_at": "Mon, 24 Mar 2025 19:03:35 GMT",
            "id_program": 4423,
            "kode_program": "7.01.06",
            "nama_program": "PROGRAM PEMBINAAN DAN PENGAWASAN PEMERINTAHAN DESA",
            "id_giat": 18290,
            "kode_giat": "7.01.06.2.01",
            "nama_giat": "Fasilitasi, Rekomendasi dan Koordinasi\n\nPembinaan dan Pengawasan Pemerintahan Desa",
            "pagu_giat": 80685600.0,
            "rinci_giat": null,
            "id_sub_giat": 59975,
            "kode_sub_giat": "7.01.06.2.01.0016",
            "nama_sub_giat": "Fasilitasi Penyusunan Program dan Pelaksanaan Pemberdayaan Masyarakat Desa",
            "pagu": 80685600.0,
            "pagu_indikatif": 80685600.0,
            "rincian": null,
            "kode_bl": "703.703.4423.18290",
            "kode_sbl": "703.703.4423.18290.59975",
            "kunci_bl": 1,
            "kunci_bl_rinci": 1,
            "user_created": "Ahmadi, S.Pd",
            "created_date": "18-01-2025",
            "created_time": "06:52",
            "user_updated": "Ahmadi, S.Pd",
            "updated_date": "24-03-2025",
            "updated_time": "18:10",
            "is_locked": 0
        },
        {
            "id_sub_bl": 58575,
            "id_daerah": 473,
            "tahun": 2026,
            "id_unit": 703,
            "id_skpd": 703,
            "created_user": 320869,
            "kode_skpd": "7.01.0.00.0.00.17.0000",
            "nama_skpd": "Kecamatan Putri Hijau",
            "id_urusan": 17,
            "kode_urusan": "7",
            "nama_urusan": "UNSUR KEWILAYAHAN",
            "id_bidang_urusan": 243,
            "kode_bidang_urusan": "7.01",
            "nama_bidang_urusan": "KECAMATAN",
            "id_sub_skpd": 703,
            "kode_sub_skpd": "7.01.0.00.0.00.17.0000",
            "nama_sub_skpd": "Kecamatan Putri Hijau",
            "set_pagu_user": 320869,
            "set_pagu_at": "Mon, 24 Mar 2025 19:03:35 GMT",
            "id_program": 4451,
            "kode_program": "7.01.01",
            "nama_program": "PROGRAM PENUNJANG URUSAN PEMERINTAHAN DAERAH KABUPATEN/KOTA",
            "id_giat": 18371,
            "kode_giat": "7.01.01.2.01",
            "nama_giat": "Perencanaan, Penganggaran, dan Evaluasi Kinerja Perangkat Daerah",
            "pagu_giat": 52219200.0,
            "rinci_giat": null,
            "id_sub_giat": 60589,
            "kode_sub_giat": "7.01.01.2.01.0001",
            "nama_sub_giat": "Penyusunan Dokumen Perencanaan Perangkat Daerah",
            "pagu": 20444000.0,
            "pagu_indikatif": 20444000.0,
            "rincian": null,
            "kode_bl": "703.703.4451.18371",
            "kode_sbl": "703.703.4451.18371.60589",
            "kunci_bl": 1,
            "kunci_bl_rinci": 1,
            "user_created": "Ahmadi, S.Pd",
            "created_date": "17-01-2025",
            "created_time": "19:20",
            "user_updated": "Ahmadi, S.Pd",
            "updated_date": "24-03-2025",
            "updated_time": "18:10",
            "is_locked": 0
        },
        {
            "id_sub_bl": 58576,
            "id_daerah": 473,
            "tahun": 2026,
            "id_unit": 703,
            "id_skpd": 703,
            "created_user": 320869,
            "kode_skpd": "7.01.0.00.0.00.17.0000",
            "nama_skpd": "Kecamatan Putri Hijau",
            "id_urusan": 17,
            "kode_urusan": "7",
            "nama_urusan": "UNSUR KEWILAYAHAN",
            "id_bidang_urusan": 243,
            "kode_bidang_urusan": "7.01",
            "nama_bidang_urusan": "KECAMATAN",
            "id_sub_skpd": 703,
            "kode_sub_skpd": "7.01.0.00.0.00.17.0000",
            "nama_sub_skpd": "Kecamatan Putri Hijau",
            "set_pagu_user": 320869,
            "set_pagu_at": "Mon, 24 Mar 2025 19:03:35 GMT",
            "id_program": 4451,
            "kode_program": "7.01.01",
            "nama_program": "PROGRAM PENUNJANG URUSAN PEMERINTAHAN DAERAH KABUPATEN/KOTA",
            "id_giat": 18371,
            "kode_giat": "7.01.01.2.01",
            "nama_giat": "Perencanaan, Penganggaran, dan Evaluasi Kinerja Perangkat Daerah",
            "pagu_giat": 52219200.0,
            "rinci_giat": null,
            "id_sub_giat": 60590,
            "kode_sub_giat": "7.01.01.2.01.0002",
            "nama_sub_giat": "Koordinasi dan Penyusunan Dokumen RKA-SKPD",
            "pagu": 10251200.0,
            "pagu_indikatif": 10251200.0,
            "rincian": null,
            "kode_bl": "703.703.4451.18371",
            "kode_sbl": "703.703.4451.18371.60590",
            "kunci_bl": 1,
            "kunci_bl_rinci": 1,
            "user_created": "Ahmadi, S.Pd",
            "created_date": "17-01-2025",
            "created_time": "19:24",
            "user_updated": "Ahmadi, S.Pd",
            "updated_date": "24-03-2025",
            "updated_time": "17:33",
            "is_locked": 0
        },
        {
            "id_sub_bl": 58577,
            "id_daerah": 473,
            "tahun": 2026,
            "id_unit": 703,
            "id_skpd": 703,
            "created_user": 320869,
            "kode_skpd": "7.01.0.00.0.00.17.0000",
            "nama_skpd": "Kecamatan Putri Hijau",
            "id_urusan": 17,
            "kode_urusan": "7",
            "nama_urusan": "UNSUR KEWILAYAHAN",
            "id_bidang_urusan": 243,
            "kode_bidang_urusan": "7.01",
            "nama_bidang_urusan": "KECAMATAN",
            "id_sub_skpd": 703,
            "kode_sub_skpd": "7.01.0.00.0.00.17.0000",
            "nama_sub_skpd": "Kecamatan Putri Hijau",
            "set_pagu_user": 320869,
            "set_pagu_at": "Mon, 24 Mar 2025 19:03:35 GMT",
            "id_program": 4451,
            "kode_program": "7.01.01",
            "nama_program": "PROGRAM PENUNJANG URUSAN PEMERINTAHAN DAERAH KABUPATEN/KOTA",
            "id_giat": 18371,
            "kode_giat": "7.01.01.2.01",
            "nama_giat": "Perencanaan, Penganggaran, dan Evaluasi Kinerja Perangkat Daerah",
            "pagu_giat": 52219200.0,
            "rinci_giat": null,
            "id_sub_giat": 60592,
            "kode_sub_giat": "7.01.01.2.01.0004",
            "nama_sub_giat": "Koordinasi dan Penyusunan DPA-SKPD",
            "pagu": 10504800.0,
            "pagu_indikatif": 10504800.0,
            "rincian": null,
            "kode_bl": "703.703.4451.18371",
            "kode_sbl": "703.703.4451.18371.60592",
            "kunci_bl": 1,
            "kunci_bl_rinci": 1,
            "user_created": "Ahmadi, S.Pd",
            "created_date": "17-01-2025",
            "created_time": "19:30",
            "user_updated": "Ahmadi, S.Pd",
            "updated_date": "24-03-2025",
            "updated_time": "17:33",
            "is_locked": 0
        },
        {
            "id_sub_bl": 58578,
            "id_daerah": 473,
            "tahun": 2026,
            "id_unit": 703,
            "id_skpd": 703,
            "created_user": 320869,
            "kode_skpd": "7.01.0.00.0.00.17.0000",
            "nama_skpd": "Kecamatan Putri Hijau",
            "id_urusan": 17,
            "kode_urusan": "7",
            "nama_urusan": "UNSUR KEWILAYAHAN",
            "id_bidang_urusan": 243,
            "kode_bidang_urusan": "7.01",
            "nama_bidang_urusan": "KECAMATAN",
            "id_sub_skpd": 703,
            "kode_sub_skpd": "7.01.0.00.0.00.17.0000",
            "nama_sub_skpd": "Kecamatan Putri Hijau",
            "set_pagu_user": 320869,
            "set_pagu_at": "Mon, 24 Mar 2025 19:03:35 GMT",
            "id_program": 4451,
            "kode_program": "7.01.01",
            "nama_program": "PROGRAM PENUNJANG URUSAN PEMERINTAHAN DAERAH KABUPATEN/KOTA",
            "id_giat": 18371,
            "kode_giat": "7.01.01.2.01",
            "nama_giat": "Perencanaan, Penganggaran, dan Evaluasi Kinerja Perangkat Daerah",
            "pagu_giat": 52219200.0,
            "rinci_giat": null,
            "id_sub_giat": 60594,
            "kode_sub_giat": "7.01.01.2.01.0006",
            "nama_sub_giat": "Koordinasi dan Penyusunan Laporan Capaian Kinerja dan Ikhtisar Realisasi Kinerja SKPD",
            "pagu": 5571200.0,
            "pagu_indikatif": 5571200.0,
            "rincian": null,
            "kode_bl": "703.703.4451.18371",
            "kode_sbl": "703.703.4451.18371.60594",
            "kunci_bl": 1,
            "kunci_bl_rinci": 1,
            "user_created": "Ahmadi, S.Pd",
            "created_date": "17-01-2025",
            "created_time": "19:32",
            "user_updated": "Ahmadi, S.Pd",
            "updated_date": "24-03-2025",
            "updated_time": "18:05",
            "is_locked": 0
        },
        {
            "id_sub_bl": 58579,
            "id_daerah": 473,
            "tahun": 2026,
            "id_unit": 703,
            "id_skpd": 703,
            "created_user": 320869,
            "kode_skpd": "7.01.0.00.0.00.17.0000",
            "nama_skpd": "Kecamatan Putri Hijau",
            "id_urusan": 17,
            "kode_urusan": "7",
            "nama_urusan": "UNSUR KEWILAYAHAN",
            "id_bidang_urusan": 243,
            "kode_bidang_urusan": "7.01",
            "nama_bidang_urusan": "KECAMATAN",
            "id_sub_skpd": 703,
            "kode_sub_skpd": "7.01.0.00.0.00.17.0000",
            "nama_sub_skpd": "Kecamatan Putri Hijau",
            "set_pagu_user": 320869,
            "set_pagu_at": "Mon, 24 Mar 2025 19:03:35 GMT",
            "id_program": 4451,
            "kode_program": "7.01.01",
            "nama_program": "PROGRAM PENUNJANG URUSAN PEMERINTAHAN DAERAH KABUPATEN/KOTA",
            "id_giat": 18371,
            "kode_giat": "7.01.01.2.01",
            "nama_giat": "Perencanaan, Penganggaran, dan Evaluasi Kinerja Perangkat Daerah",
            "pagu_giat": 52219200.0,
            "rinci_giat": null,
            "id_sub_giat": 60595,
            "kode_sub_giat": "7.01.01.2.01.0007",
            "nama_sub_giat": "Evaluasi Kinerja Perangkat Daerah",
            "pagu": 5448000.0,
            "pagu_indikatif": 5448000.0,
            "rincian": null,
            "kode_bl": "703.703.4451.18371",
            "kode_sbl": "703.703.4451.18371.60595",
            "kunci_bl": 1,
            "kunci_bl_rinci": 1,
            "user_created": "Ahmadi, S.Pd",
            "created_date": "17-01-2025",
            "created_time": "19:33",
            "user_updated": "Ahmadi, S.Pd",
            "updated_date": "24-03-2025",
            "updated_time": "18:05",
            "is_locked": 0
        },
        {
            "id_sub_bl": 58580,
            "id_daerah": 473,
            "tahun": 2026,
            "id_unit": 703,
            "id_skpd": 703,
            "created_user": 320869,
            "kode_skpd": "7.01.0.00.0.00.17.0000",
            "nama_skpd": "Kecamatan Putri Hijau",
            "id_urusan": 17,
            "kode_urusan": "7",
            "nama_urusan": "UNSUR KEWILAYAHAN",
            "id_bidang_urusan": 243,
            "kode_bidang_urusan": "7.01",
            "nama_bidang_urusan": "KECAMATAN",
            "id_sub_skpd": 703,
            "kode_sub_skpd": "7.01.0.00.0.00.17.0000",
            "nama_sub_skpd": "Kecamatan Putri Hijau",
            "set_pagu_user": 320869,
            "set_pagu_at": "Mon, 24 Mar 2025 19:03:35 GMT",
            "id_program": 4451,
            "kode_program": "7.01.01",
            "nama_program": "PROGRAM PENUNJANG URUSAN PEMERINTAHAN DAERAH KABUPATEN/KOTA",
            "id_giat": 18372,
            "kode_giat": "7.01.01.2.02",
            "nama_giat": "Administrasi Keuangan Perangkat Daerah",
            "pagu_giat": 1425778331.0,
            "rinci_giat": null,
            "id_sub_giat": 60602,
            "kode_sub_giat": "7.01.01.2.02.0001",
            "nama_sub_giat": "Penyediaan Gaji dan Tunjangan ASN",
            "pagu": 1369124731.0,
            "pagu_indikatif": 1369124731.0,
            "rincian": null,
            "kode_bl": "703.703.4451.18372",
            "kode_sbl": "703.703.4451.18372.60602",
            "kunci_bl": 1,
            "kunci_bl_rinci": 1,
            "user_created": "Ahmadi, S.Pd",
            "created_date": "17-01-2025",
            "created_time": "19:37",
            "user_updated": "Ahmadi, S.Pd",
            "updated_date": "24-03-2025",
            "updated_time": "17:35",
            "is_locked": 0
        },
        {
            "id_sub_bl": 58631,
            "id_daerah": 473,
            "tahun": 2026,
            "id_unit": 703,
            "id_skpd": 703,
            "created_user": 320869,
            "kode_skpd": "7.01.0.00.0.00.17.0000",
            "nama_skpd": "Kecamatan Putri Hijau",
            "id_urusan": 17,
            "kode_urusan": "7",
            "nama_urusan": "UNSUR KEWILAYAHAN",
            "id_bidang_urusan": 243,
            "kode_bidang_urusan": "7.01",
            "nama_bidang_urusan": "KECAMATAN",
            "id_sub_skpd": 703,
            "kode_sub_skpd": "7.01.0.00.0.00.17.0000",
            "nama_sub_skpd": "Kecamatan Putri Hijau",
            "set_pagu_user": 320869,
            "set_pagu_at": "Mon, 24 Mar 2025 19:03:35 GMT",
            "id_program": 4451,
            "kode_program": "7.01.01",
            "nama_program": "PROGRAM PENUNJANG URUSAN PEMERINTAHAN DAERAH KABUPATEN/KOTA",
            "id_giat": 18372,
            "kode_giat": "7.01.01.2.02",
            "nama_giat": "Administrasi Keuangan Perangkat Daerah",
            "pagu_giat": 1425778331.0,
            "rinci_giat": null,
            "id_sub_giat": 60604,
            "kode_sub_giat": "7.01.01.2.02.0003",
            "nama_sub_giat": "Pelaksanaan Penatausahaan dan\r\n\nPengujian/Verifikasi Keuangan SKPD",
            "pagu": 44000000.0,
            "pagu_indikatif": 44000000.0,
            "rincian": null,
            "kode_bl": "703.703.4451.18372",
            "kode_sbl": "703.703.4451.18372.60604",
            "kunci_bl": 1,
            "kunci_bl_rinci": 1,
            "user_created": "Ahmadi, S.Pd",
            "created_date": "18-01-2025",
            "created_time": "06:07",
            "user_updated": "Ahmadi, S.Pd",
            "updated_date": "24-03-2025",
            "updated_time": "17:36",
            "is_locked": 0
        },
        {
            "id_sub_bl": 58632,
            "id_daerah": 473,
            "tahun": 2026,
            "id_unit": 703,
            "id_skpd": 703,
            "created_user": 320869,
            "kode_skpd": "7.01.0.00.0.00.17.0000",
            "nama_skpd": "Kecamatan Putri Hijau",
            "id_urusan": 17,
            "kode_urusan": "7",
            "nama_urusan": "UNSUR KEWILAYAHAN",
            "id_bidang_urusan": 243,
            "kode_bidang_urusan": "7.01",
            "nama_bidang_urusan": "KECAMATAN",
            "id_sub_skpd": 703,
            "kode_sub_skpd": "7.01.0.00.0.00.17.0000",
            "nama_sub_skpd": "Kecamatan Putri Hijau",
            "set_pagu_user": 320869,
            "set_pagu_at": "Mon, 24 Mar 2025 19:03:35 GMT",
            "id_program": 4451,
            "kode_program": "7.01.01",
            "nama_program": "PROGRAM PENUNJANG URUSAN PEMERINTAHAN DAERAH KABUPATEN/KOTA",
            "id_giat": 18372,
            "kode_giat": "7.01.01.2.02",
            "nama_giat": "Administrasi Keuangan Perangkat Daerah",
            "pagu_giat": 1425778331.0,
            "rinci_giat": null,
            "id_sub_giat": 60606,
            "kode_sub_giat": "7.01.01.2.02.0005",
            "nama_sub_giat": "Koordinasi dan Penyusunan Laporan Keuangan Akhir Tahun SKPD",
            "pagu": 6091200.0,
            "pagu_indikatif": 6091200.0,
            "rincian": null,
            "kode_bl": "703.703.4451.18372",
            "kode_sbl": "703.703.4451.18372.60606",
            "kunci_bl": 1,
            "kunci_bl_rinci": 1,
            "user_created": "Ahmadi, S.Pd",
            "created_date": "18-01-2025",
            "created_time": "06:13",
            "user_updated": "Ahmadi, S.Pd",
            "updated_date": "24-03-2025",
            "updated_time": "17:37",
            "is_locked": 0
        },
        {
            "id_sub_bl": 58633,
            "id_daerah": 473,
            "tahun": 2026,
            "id_unit": 703,
            "id_skpd": 703,
            "created_user": 320869,
            "kode_skpd": "7.01.0.00.0.00.17.0000",
            "nama_skpd": "Kecamatan Putri Hijau",
            "id_urusan": 17,
            "kode_urusan": "7",
            "nama_urusan": "UNSUR KEWILAYAHAN",
            "id_bidang_urusan": 243,
            "kode_bidang_urusan": "7.01",
            "nama_bidang_urusan": "KECAMATAN",
            "id_sub_skpd": 703,
            "kode_sub_skpd": "7.01.0.00.0.00.17.0000",
            "nama_sub_skpd": "Kecamatan Putri Hijau",
            "set_pagu_user": 320869,
            "set_pagu_at": "Mon, 24 Mar 2025 19:03:35 GMT",
            "id_program": 4451,
            "kode_program": "7.01.01",
            "nama_program": "PROGRAM PENUNJANG URUSAN PEMERINTAHAN DAERAH KABUPATEN/KOTA",
            "id_giat": 18372,
            "kode_giat": "7.01.01.2.02",
            "nama_giat": "Administrasi Keuangan Perangkat Daerah",
            "pagu_giat": 1425778331.0,
            "rinci_giat": null,
            "id_sub_giat": 60608,
            "kode_sub_giat": "7.01.01.2.02.0007",
            "nama_sub_giat": "Koordinasi dan Penyusunan Laporan Keuangan Bulanan/ Triwulanan/ Semesteran SKPD",
            "pagu": 6562400.0,
            "pagu_indikatif": 6562400.0,
            "rincian": null,
            "kode_bl": "703.703.4451.18372",
            "kode_sbl": "703.703.4451.18372.60608",
            "kunci_bl": 1,
            "kunci_bl_rinci": 1,
            "user_created": "Ahmadi, S.Pd",
            "created_date": "18-01-2025",
            "created_time": "06:15",
            "user_updated": "Ahmadi, S.Pd",
            "updated_date": "24-03-2025",
            "updated_time": "17:38",
            "is_locked": 0
        },
        {
            "id_sub_bl": 58634,
            "id_daerah": 473,
            "tahun": 2026,
            "id_unit": 703,
            "id_skpd": 703,
            "created_user": 320869,
            "kode_skpd": "7.01.0.00.0.00.17.0000",
            "nama_skpd": "Kecamatan Putri Hijau",
            "id_urusan": 17,
            "kode_urusan": "7",
            "nama_urusan": "UNSUR KEWILAYAHAN",
            "id_bidang_urusan": 243,
            "kode_bidang_urusan": "7.01",
            "nama_bidang_urusan": "KECAMATAN",
            "id_sub_skpd": 703,
            "kode_sub_skpd": "7.01.0.00.0.00.17.0000",
            "nama_sub_skpd": "Kecamatan Putri Hijau",
            "set_pagu_user": 320869,
            "set_pagu_at": "Mon, 24 Mar 2025 19:03:35 GMT",
            "id_program": 4451,
            "kode_program": "7.01.01",
            "nama_program": "PROGRAM PENUNJANG URUSAN PEMERINTAHAN DAERAH KABUPATEN/KOTA",
            "id_giat": 18373,
            "kode_giat": "7.01.01.2.03",
            "nama_giat": "Administrasi Barang Milik Daerah pada Perangkat Daerah",
            "pagu_giat": 24750000.0,
            "rinci_giat": null,
            "id_sub_giat": 60615,
            "kode_sub_giat": "7.01.01.2.03.0006",
            "nama_sub_giat": "Penatausahaan Barang Milik Daerah pada SKPD",
            "pagu": 24750000.0,
            "pagu_indikatif": 24750000.0,
            "rincian": null,
            "kode_bl": "703.703.4451.18373",
            "kode_sbl": "703.703.4451.18373.60615",
            "kunci_bl": 1,
            "kunci_bl_rinci": 1,
            "user_created": "Ahmadi, S.Pd",
            "created_date": "18-01-2025",
            "created_time": "06:18",
            "user_updated": "Ahmadi, S.Pd",
            "updated_date": "24-03-2025",
            "updated_time": "17:39",
            "is_locked": 0
        },
        {
            "id_sub_bl": 73215,
            "id_daerah": 473,
            "tahun": 2026,
            "id_unit": 703,
            "id_skpd": 703,
            "created_user": 320869,
            "kode_skpd": "7.01.0.00.0.00.17.0000",
            "nama_skpd": "Kecamatan Putri Hijau",
            "id_urusan": 17,
            "kode_urusan": "7",
            "nama_urusan": "UNSUR KEWILAYAHAN",
            "id_bidang_urusan": 243,
            "kode_bidang_urusan": "7.01",
            "nama_bidang_urusan": "KECAMATAN",
            "id_sub_skpd": 703,
            "kode_sub_skpd": "7.01.0.00.0.00.17.0000",
            "nama_sub_skpd": "Kecamatan Putri Hijau",
            "set_pagu_user": 320869,
            "set_pagu_at": "Mon, 24 Mar 2025 19:03:35 GMT",
            "id_program": 4451,
            "kode_program": "7.01.01",
            "nama_program": "PROGRAM PENUNJANG URUSAN PEMERINTAHAN DAERAH KABUPATEN/KOTA",
            "id_giat": 18375,
            "kode_giat": "7.01.01.2.05",
            "nama_giat": "Administrasi Kepegawaian Perangkat Daerah",
            "pagu_giat": 37150000.0,
            "rinci_giat": null,
            "id_sub_giat": 60625,
            "kode_sub_giat": "7.01.01.2.05.0002",
            "nama_sub_giat": "Pengadaan Pakaian Dinas beserta Atribut Kelengkapannya",
            "pagu": 15000000.0,
            "pagu_indikatif": 15000000.0,
            "rincian": null,
            "kode_bl": "703.703.4451.18375",
            "kode_sbl": "703.703.4451.18375.60625",
            "kunci_bl": 1,
            "kunci_bl_rinci": 1,
            "user_created": "Ahmadi, S.Pd",
            "created_date": "24-03-2025",
            "created_time": "17:43",
            "user_updated": "Ahmadi, S.Pd",
            "updated_date": "24-03-2025",
            "updated_time": "18:13",
            "is_locked": 0
        },
        {
            "id_sub_bl": 73216,
            "id_daerah": 473,
            "tahun": 2026,
            "id_unit": 703,
            "id_skpd": 703,
            "created_user": 320869,
            "kode_skpd": "7.01.0.00.0.00.17.0000",
            "nama_skpd": "Kecamatan Putri Hijau",
            "id_urusan": 17,
            "kode_urusan": "7",
            "nama_urusan": "UNSUR KEWILAYAHAN",
            "id_bidang_urusan": 243,
            "kode_bidang_urusan": "7.01",
            "nama_bidang_urusan": "KECAMATAN",
            "id_sub_skpd": 703,
            "kode_sub_skpd": "7.01.0.00.0.00.17.0000",
            "nama_sub_skpd": "Kecamatan Putri Hijau",
            "set_pagu_user": 320869,
            "set_pagu_at": "Mon, 24 Mar 2025 19:03:35 GMT",
            "id_program": 4451,
            "kode_program": "7.01.01",
            "nama_program": "PROGRAM PENUNJANG URUSAN PEMERINTAHAN DAERAH KABUPATEN/KOTA",
            "id_giat": 18375,
            "kode_giat": "7.01.01.2.05",
            "nama_giat": "Administrasi Kepegawaian Perangkat Daerah",
            "pagu_giat": 37150000.0,
            "rinci_giat": null,
            "id_sub_giat": 60632,
            "kode_sub_giat": "7.01.01.2.05.0009",
            "nama_sub_giat": "Pendidikan dan Pelatihan Pegawai Berdasarkan Tugas dan Fungsi",
            "pagu": 22150000.0,
            "pagu_indikatif": 22150000.0,
            "rincian": null,
            "kode_bl": "703.703.4451.18375",
            "kode_sbl": "703.703.4451.18375.60632",
            "kunci_bl": 1,
            "kunci_bl_rinci": 1,
            "user_created": "Ahmadi, S.Pd",
            "created_date": "24-03-2025",
            "created_time": "17:45",
            "user_updated": null,
            "updated_date": null,
            "updated_time": null,
            "is_locked": 0
        },
        {
            "id_sub_bl": 73218,
            "id_daerah": 473,
            "tahun": 2026,
            "id_unit": 703,
            "id_skpd": 703,
            "created_user": 320869,
            "kode_skpd": "7.01.0.00.0.00.17.0000",
            "nama_skpd": "Kecamatan Putri Hijau",
            "id_urusan": 17,
            "kode_urusan": "7",
            "nama_urusan": "UNSUR KEWILAYAHAN",
            "id_bidang_urusan": 243,
            "kode_bidang_urusan": "7.01",
            "nama_bidang_urusan": "KECAMATAN",
            "id_sub_skpd": 703,
            "kode_sub_skpd": "7.01.0.00.0.00.17.0000",
            "nama_sub_skpd": "Kecamatan Putri Hijau",
            "set_pagu_user": 320869,
            "set_pagu_at": "Mon, 24 Mar 2025 19:03:35 GMT",
            "id_program": 4451,
            "kode_program": "7.01.01",
            "nama_program": "PROGRAM PENUNJANG URUSAN PEMERINTAHAN DAERAH KABUPATEN/KOTA",
            "id_giat": 18376,
            "kode_giat": "7.01.01.2.06",
            "nama_giat": "Administrasi Umum Perangkat Daerah",
            "pagu_giat": 170843600.0,
            "rinci_giat": null,
            "id_sub_giat": 60635,
            "kode_sub_giat": "7.01.01.2.06.0001",
            "nama_sub_giat": "Penyediaan Komponen Instalasi\r\n\nListrik/Penerangan Bangunan Kantor",
            "pagu": 5000000.0,
            "pagu_indikatif": 5000000.0,
            "rincian": null,
            "kode_bl": "703.703.4451.18376",
            "kode_sbl": "703.703.4451.18376.60635",
            "kunci_bl": 1,
            "kunci_bl_rinci": 1,
            "user_created": "Ahmadi, S.Pd",
            "created_date": "24-03-2025",
            "created_time": "17:47",
            "user_updated": null,
            "updated_date": null,
            "updated_time": null,
            "is_locked": 0
        },
        {
            "id_sub_bl": 58639,
            "id_daerah": 473,
            "tahun": 2026,
            "id_unit": 703,
            "id_skpd": 703,
            "created_user": 320869,
            "kode_skpd": "7.01.0.00.0.00.17.0000",
            "nama_skpd": "Kecamatan Putri Hijau",
            "id_urusan": 17,
            "kode_urusan": "7",
            "nama_urusan": "UNSUR KEWILAYAHAN",
            "id_bidang_urusan": 243,
            "kode_bidang_urusan": "7.01",
            "nama_bidang_urusan": "KECAMATAN",
            "id_sub_skpd": 703,
            "kode_sub_skpd": "7.01.0.00.0.00.17.0000",
            "nama_sub_skpd": "Kecamatan Putri Hijau",
            "set_pagu_user": 320869,
            "set_pagu_at": "Mon, 24 Mar 2025 19:03:35 GMT",
            "id_program": 4451,
            "kode_program": "7.01.01",
            "nama_program": "PROGRAM PENUNJANG URUSAN PEMERINTAHAN DAERAH KABUPATEN/KOTA",
            "id_giat": 18376,
            "kode_giat": "7.01.01.2.06",
            "nama_giat": "Administrasi Umum Perangkat Daerah",
            "pagu_giat": 170843600.0,
            "rinci_giat": null,
            "id_sub_giat": 60638,
            "kode_sub_giat": "7.01.01.2.06.0004",
            "nama_sub_giat": "Penyediaan Bahan Logistik Kantor",
            "pagu": 69999800.0,
            "pagu_indikatif": 69999800.0,
            "rincian": null,
            "kode_bl": "703.703.4451.18376",
            "kode_sbl": "703.703.4451.18376.60638",
            "kunci_bl": 1,
            "kunci_bl_rinci": 1,
            "user_created": "Ahmadi, S.Pd",
            "created_date": "18-01-2025",
            "created_time": "06:25",
            "user_updated": "Ahmadi, S.Pd",
            "updated_date": "24-03-2025",
            "updated_time": "18:46",
            "is_locked": 0
        },
        {
            "id_sub_bl": 58640,
            "id_daerah": 473,
            "tahun": 2026,
            "id_unit": 703,
            "id_skpd": 703,
            "created_user": 320869,
            "kode_skpd": "7.01.0.00.0.00.17.0000",
            "nama_skpd": "Kecamatan Putri Hijau",
            "id_urusan": 17,
            "kode_urusan": "7",
            "nama_urusan": "UNSUR KEWILAYAHAN",
            "id_bidang_urusan": 243,
            "kode_bidang_urusan": "7.01",
            "nama_bidang_urusan": "KECAMATAN",
            "id_sub_skpd": 703,
            "kode_sub_skpd": "7.01.0.00.0.00.17.0000",
            "nama_sub_skpd": "Kecamatan Putri Hijau",
            "set_pagu_user": 320869,
            "set_pagu_at": "Mon, 24 Mar 2025 19:03:35 GMT",
            "id_program": 4451,
            "kode_program": "7.01.01",
            "nama_program": "PROGRAM PENUNJANG URUSAN PEMERINTAHAN DAERAH KABUPATEN/KOTA",
            "id_giat": 18376,
            "kode_giat": "7.01.01.2.06",
            "nama_giat": "Administrasi Umum Perangkat Daerah",
            "pagu_giat": 170843600.0,
            "rinci_giat": null,
            "id_sub_giat": 60639,
            "kode_sub_giat": "7.01.01.2.06.0005",
            "nama_sub_giat": "Penyediaan Barang Cetakan dan Penggandaan",
            "pagu": 7344000.0,
            "pagu_indikatif": 7344000.0,
            "rincian": null,
            "kode_bl": "703.703.4451.18376",
            "kode_sbl": "703.703.4451.18376.60639",
            "kunci_bl": 1,
            "kunci_bl_rinci": 1,
            "user_created": "Ahmadi, S.Pd",
            "created_date": "18-01-2025",
            "created_time": "06:26",
            "user_updated": "Ahmadi, S.Pd",
            "updated_date": "24-03-2025",
            "updated_time": "18:47",
            "is_locked": 0
        },
        {
            "id_sub_bl": 58641,
            "id_daerah": 473,
            "tahun": 2026,
            "id_unit": 703,
            "id_skpd": 703,
            "created_user": 320869,
            "kode_skpd": "7.01.0.00.0.00.17.0000",
            "nama_skpd": "Kecamatan Putri Hijau",
            "id_urusan": 17,
            "kode_urusan": "7",
            "nama_urusan": "UNSUR KEWILAYAHAN",
            "id_bidang_urusan": 243,
            "kode_bidang_urusan": "7.01",
            "nama_bidang_urusan": "KECAMATAN",
            "id_sub_skpd": 703,
            "kode_sub_skpd": "7.01.0.00.0.00.17.0000",
            "nama_sub_skpd": "Kecamatan Putri Hijau",
            "set_pagu_user": 320869,
            "set_pagu_at": "Mon, 24 Mar 2025 19:03:35 GMT",
            "id_program": 4451,
            "kode_program": "7.01.01",
            "nama_program": "PROGRAM PENUNJANG URUSAN PEMERINTAHAN DAERAH KABUPATEN/KOTA",
            "id_giat": 18376,
            "kode_giat": "7.01.01.2.06",
            "nama_giat": "Administrasi Umum Perangkat Daerah",
            "pagu_giat": 170843600.0,
            "rinci_giat": null,
            "id_sub_giat": 60640,
            "kode_sub_giat": "7.01.01.2.06.0006",
            "nama_sub_giat": "Penyediaan Bahan Bacaan dan Peraturan Perundang-undangan",
            "pagu": 8499800.0,
            "pagu_indikatif": 8499800.0,
            "rincian": null,
            "kode_bl": "703.703.4451.18376",
            "kode_sbl": "703.703.4451.18376.60640",
            "kunci_bl": 1,
            "kunci_bl_rinci": 1,
            "user_created": "Ahmadi, S.Pd",
            "created_date": "18-01-2025",
            "created_time": "06:28",
            "user_updated": "Ahmadi, S.Pd",
            "updated_date": "24-03-2025",
            "updated_time": "17:49",
            "is_locked": 0
        },
        {
            "id_sub_bl": 58642,
            "id_daerah": 473,
            "tahun": 2026,
            "id_unit": 703,
            "id_skpd": 703,
            "created_user": 320869,
            "kode_skpd": "7.01.0.00.0.00.17.0000",
            "nama_skpd": "Kecamatan Putri Hijau",
            "id_urusan": 17,
            "kode_urusan": "7",
            "nama_urusan": "UNSUR KEWILAYAHAN",
            "id_bidang_urusan": 243,
            "kode_bidang_urusan": "7.01",
            "nama_bidang_urusan": "KECAMATAN",
            "id_sub_skpd": 703,
            "kode_sub_skpd": "7.01.0.00.0.00.17.0000",
            "nama_sub_skpd": "Kecamatan Putri Hijau",
            "set_pagu_user": 320869,
            "set_pagu_at": "Mon, 24 Mar 2025 19:03:35 GMT",
            "id_program": 4451,
            "kode_program": "7.01.01",
            "nama_program": "PROGRAM PENUNJANG URUSAN PEMERINTAHAN DAERAH KABUPATEN/KOTA",
            "id_giat": 18376,
            "kode_giat": "7.01.01.2.06",
            "nama_giat": "Administrasi Umum Perangkat Daerah",
            "pagu_giat": 170843600.0,
            "rinci_giat": null,
            "id_sub_giat": 60643,
            "kode_sub_giat": "7.01.01.2.06.0009",
            "nama_sub_giat": "Penyelenggaraan Rapat Koordinasi dan Konsultasi SKPD",
            "pagu": 80000000.0,
            "pagu_indikatif": 80000000.0,
            "rincian": null,
            "kode_bl": "703.703.4451.18376",
            "kode_sbl": "703.703.4451.18376.60643",
            "kunci_bl": 1,
            "kunci_bl_rinci": 1,
            "user_created": "Ahmadi, S.Pd",
            "created_date": "18-01-2025",
            "created_time": "06:29",
            "user_updated": "Ahmadi, S.Pd",
            "updated_date": "24-03-2025",
            "updated_time": "18:13",
            "is_locked": 0
        },
        {
            "id_sub_bl": 73222,
            "id_daerah": 473,
            "tahun": 2026,
            "id_unit": 703,
            "id_skpd": 703,
            "created_user": 320869,
            "kode_skpd": "7.01.0.00.0.00.17.0000",
            "nama_skpd": "Kecamatan Putri Hijau",
            "id_urusan": 17,
            "kode_urusan": "7",
            "nama_urusan": "UNSUR KEWILAYAHAN",
            "id_bidang_urusan": 243,
            "kode_bidang_urusan": "7.01",
            "nama_bidang_urusan": "KECAMATAN",
            "id_sub_skpd": 703,
            "kode_sub_skpd": "7.01.0.00.0.00.17.0000",
            "nama_sub_skpd": "Kecamatan Putri Hijau",
            "set_pagu_user": 320869,
            "set_pagu_at": "Mon, 24 Mar 2025 19:03:35 GMT",
            "id_program": 4451,
            "kode_program": "7.01.01",
            "nama_program": "PROGRAM PENUNJANG URUSAN PEMERINTAHAN DAERAH KABUPATEN/KOTA",
            "id_giat": 18377,
            "kode_giat": "7.01.01.2.07",
            "nama_giat": "Pengadaan Barang Milik Daerah Penunjang Urusan Pemerintah Daerah",
            "pagu_giat": 65000000.0,
            "rinci_giat": null,
            "id_sub_giat": 60647,
            "kode_sub_giat": "7.01.01.2.07.0002",
            "nama_sub_giat": "Pengadaan Kendaraan Dinas Operasional atau Lapangan",
            "pagu": 35000000.0,
            "pagu_indikatif": 35000000.0,
            "rincian": null,
            "kode_bl": "703.703.4451.18377",
            "kode_sbl": "703.703.4451.18377.60647",
            "kunci_bl": 1,
            "kunci_bl_rinci": 1,
            "user_created": "Ahmadi, S.Pd",
            "created_date": "24-03-2025",
            "created_time": "17:59",
            "user_updated": null,
            "updated_date": null,
            "updated_time": null,
            "is_locked": 0
        },
        {
            "id_sub_bl": 58644,
            "id_daerah": 473,
            "tahun": 2026,
            "id_unit": 703,
            "id_skpd": 703,
            "created_user": 320869,
            "kode_skpd": "7.01.0.00.0.00.17.0000",
            "nama_skpd": "Kecamatan Putri Hijau",
            "id_urusan": 17,
            "kode_urusan": "7",
            "nama_urusan": "UNSUR KEWILAYAHAN",
            "id_bidang_urusan": 243,
            "kode_bidang_urusan": "7.01",
            "nama_bidang_urusan": "KECAMATAN",
            "id_sub_skpd": 703,
            "kode_sub_skpd": "7.01.0.00.0.00.17.0000",
            "nama_sub_skpd": "Kecamatan Putri Hijau",
            "set_pagu_user": 320869,
            "set_pagu_at": "Mon, 24 Mar 2025 19:03:35 GMT",
            "id_program": 4451,
            "kode_program": "7.01.01",
            "nama_program": "PROGRAM PENUNJANG URUSAN PEMERINTAHAN DAERAH KABUPATEN/KOTA",
            "id_giat": 18377,
            "kode_giat": "7.01.01.2.07",
            "nama_giat": "Pengadaan Barang Milik Daerah Penunjang Urusan Pemerintah Daerah",
            "pagu_giat": 65000000.0,
            "rinci_giat": null,
            "id_sub_giat": 60650,
            "kode_sub_giat": "7.01.01.2.07.0005",
            "nama_sub_giat": "Pengadaan Mebel",
            "pagu": 10000000.0,
            "pagu_indikatif": 10000000.0,
            "rincian": null,
            "kode_bl": "703.703.4451.18377",
            "kode_sbl": "703.703.4451.18377.60650",
            "kunci_bl": 1,
            "kunci_bl_rinci": 1,
            "user_created": "Ahmadi, S.Pd",
            "created_date": "18-01-2025",
            "created_time": "06:32",
            "user_updated": "Ahmadi, S.Pd",
            "updated_date": "24-03-2025",
            "updated_time": "18:47",
            "is_locked": 0
        },
        {
            "id_sub_bl": 58645,
            "id_daerah": 473,
            "tahun": 2026,
            "id_unit": 703,
            "id_skpd": 703,
            "created_user": 320869,
            "kode_skpd": "7.01.0.00.0.00.17.0000",
            "nama_skpd": "Kecamatan Putri Hijau",
            "id_urusan": 17,
            "kode_urusan": "7",
            "nama_urusan": "UNSUR KEWILAYAHAN",
            "id_bidang_urusan": 243,
            "kode_bidang_urusan": "7.01",
            "nama_bidang_urusan": "KECAMATAN",
            "id_sub_skpd": 703,
            "kode_sub_skpd": "7.01.0.00.0.00.17.0000",
            "nama_sub_skpd": "Kecamatan Putri Hijau",
            "set_pagu_user": 320869,
            "set_pagu_at": "Mon, 24 Mar 2025 19:03:35 GMT",
            "id_program": 4451,
            "kode_program": "7.01.01",
            "nama_program": "PROGRAM PENUNJANG URUSAN PEMERINTAHAN DAERAH KABUPATEN/KOTA",
            "id_giat": 18377,
            "kode_giat": "7.01.01.2.07",
            "nama_giat": "Pengadaan Barang Milik Daerah Penunjang Urusan Pemerintah Daerah",
            "pagu_giat": 65000000.0,
            "rinci_giat": null,
            "id_sub_giat": 60651,
            "kode_sub_giat": "7.01.01.2.07.0006",
            "nama_sub_giat": "Pengadaan Peralatan dan Mesin Lainnya",
            "pagu": 10000000.0,
            "pagu_indikatif": 10000000.0,
            "rincian": null,
            "kode_bl": "703.703.4451.18377",
            "kode_sbl": "703.703.4451.18377.60651",
            "kunci_bl": 1,
            "kunci_bl_rinci": 1,
            "user_created": "Ahmadi, S.Pd",
            "created_date": "18-01-2025",
            "created_time": "06:34",
            "user_updated": "Ahmadi, S.Pd",
            "updated_date": "24-03-2025",
            "updated_time": "18:06",
            "is_locked": 0
        },
        {
            "id_sub_bl": 58646,
            "id_daerah": 473,
            "tahun": 2026,
            "id_unit": 703,
            "id_skpd": 703,
            "created_user": 320869,
            "kode_skpd": "7.01.0.00.0.00.17.0000",
            "nama_skpd": "Kecamatan Putri Hijau",
            "id_urusan": 17,
            "kode_urusan": "7",
            "nama_urusan": "UNSUR KEWILAYAHAN",
            "id_bidang_urusan": 243,
            "kode_bidang_urusan": "7.01",
            "nama_bidang_urusan": "KECAMATAN",
            "id_sub_skpd": 703,
            "kode_sub_skpd": "7.01.0.00.0.00.17.0000",
            "nama_sub_skpd": "Kecamatan Putri Hijau",
            "set_pagu_user": 320869,
            "set_pagu_at": "Mon, 24 Mar 2025 19:03:35 GMT",
            "id_program": 4451,
            "kode_program": "7.01.01",
            "nama_program": "PROGRAM PENUNJANG URUSAN PEMERINTAHAN DAERAH KABUPATEN/KOTA",
            "id_giat": 18377,
            "kode_giat": "7.01.01.2.07",
            "nama_giat": "Pengadaan Barang Milik Daerah Penunjang Urusan Pemerintah Daerah",
            "pagu_giat": 65000000.0,
            "rinci_giat": null,
            "id_sub_giat": 60656,
            "kode_sub_giat": "7.01.01.2.07.0011",
            "nama_sub_giat": "Pengadaan Sarana dan Prasarana Pendukung Gedung Kantor atau Bangunan Lainnya",
            "pagu": 10000000.0,
            "pagu_indikatif": 10000000.0,
            "rincian": null,
            "kode_bl": "703.703.4451.18377",
            "kode_sbl": "703.703.4451.18377.60656",
            "kunci_bl": 1,
            "kunci_bl_rinci": 1,
            "user_created": "Ahmadi, S.Pd",
            "created_date": "18-01-2025",
            "created_time": "06:37",
            "user_updated": "Ahmadi, S.Pd",
            "updated_date": "24-03-2025",
            "updated_time": "17:56",
            "is_locked": 0
        },
        {
            "id_sub_bl": 58647,
            "id_daerah": 473,
            "tahun": 2026,
            "id_unit": 703,
            "id_skpd": 703,
            "created_user": 320869,
            "kode_skpd": "7.01.0.00.0.00.17.0000",
            "nama_skpd": "Kecamatan Putri Hijau",
            "id_urusan": 17,
            "kode_urusan": "7",
            "nama_urusan": "UNSUR KEWILAYAHAN",
            "id_bidang_urusan": 243,
            "kode_bidang_urusan": "7.01",
            "nama_bidang_urusan": "KECAMATAN",
            "id_sub_skpd": 703,
            "kode_sub_skpd": "7.01.0.00.0.00.17.0000",
            "nama_sub_skpd": "Kecamatan Putri Hijau",
            "set_pagu_user": 320869,
            "set_pagu_at": "Mon, 24 Mar 2025 19:03:35 GMT",
            "id_program": 4451,
            "kode_program": "7.01.01",
            "nama_program": "PROGRAM PENUNJANG URUSAN PEMERINTAHAN DAERAH KABUPATEN/KOTA",
            "id_giat": 18378,
            "kode_giat": "7.01.01.2.08",
            "nama_giat": "Penyediaan Jasa Penunjang Urusan Pemerintahan Daerah",
            "pagu_giat": 91787686.0,
            "rinci_giat": null,
            "id_sub_giat": 60658,
            "kode_sub_giat": "7.01.01.2.08.0002",
            "nama_sub_giat": "Penyediaan Jasa Komunikasi, Sumber Daya Air dan Listrik",
            "pagu": 31787686.0,
            "pagu_indikatif": 31787686.0,
            "rincian": null,
            "kode_bl": "703.703.4451.18378",
            "kode_sbl": "703.703.4451.18378.60658",
            "kunci_bl": 1,
            "kunci_bl_rinci": 1,
            "user_created": "Ahmadi, S.Pd",
            "created_date": "18-01-2025",
            "created_time": "06:39",
            "user_updated": "Ahmadi, S.Pd",
            "updated_date": "24-03-2025",
            "updated_time": "19:02",
            "is_locked": 0
        },
        {
            "id_sub_bl": 58648,
            "id_daerah": 473,
            "tahun": 2026,
            "id_unit": 703,
            "id_skpd": 703,
            "created_user": 320869,
            "kode_skpd": "7.01.0.00.0.00.17.0000",
            "nama_skpd": "Kecamatan Putri Hijau",
            "id_urusan": 17,
            "kode_urusan": "7",
            "nama_urusan": "UNSUR KEWILAYAHAN",
            "id_bidang_urusan": 243,
            "kode_bidang_urusan": "7.01",
            "nama_bidang_urusan": "KECAMATAN",
            "id_sub_skpd": 703,
            "kode_sub_skpd": "7.01.0.00.0.00.17.0000",
            "nama_sub_skpd": "Kecamatan Putri Hijau",
            "set_pagu_user": 320869,
            "set_pagu_at": "Mon, 24 Mar 2025 19:03:35 GMT",
            "id_program": 4451,
            "kode_program": "7.01.01",
            "nama_program": "PROGRAM PENUNJANG URUSAN PEMERINTAHAN DAERAH KABUPATEN/KOTA",
            "id_giat": 18378,
            "kode_giat": "7.01.01.2.08",
            "nama_giat": "Penyediaan Jasa Penunjang Urusan Pemerintahan Daerah",
            "pagu_giat": 91787686.0,
            "rinci_giat": null,
            "id_sub_giat": 60660,
            "kode_sub_giat": "7.01.01.2.08.0004",
            "nama_sub_giat": "Penyediaan Jasa Pelayanan Umum Kantor",
            "pagu": 60000000.0,
            "pagu_indikatif": 60000000.0,
            "rincian": null,
            "kode_bl": "703.703.4451.18378",
            "kode_sbl": "703.703.4451.18378.60660",
            "kunci_bl": 1,
            "kunci_bl_rinci": 1,
            "user_created": "Ahmadi, S.Pd",
            "created_date": "18-01-2025",
            "created_time": "06:42",
            "user_updated": "Ahmadi, S.Pd",
            "updated_date": "24-03-2025",
            "updated_time": "17:54",
            "is_locked": 0
        },
        {
            "id_sub_bl": 58649,
            "id_daerah": 473,
            "tahun": 2026,
            "id_unit": 703,
            "id_skpd": 703,
            "created_user": 320869,
            "kode_skpd": "7.01.0.00.0.00.17.0000",
            "nama_skpd": "Kecamatan Putri Hijau",
            "id_urusan": 17,
            "kode_urusan": "7",
            "nama_urusan": "UNSUR KEWILAYAHAN",
            "id_bidang_urusan": 243,
            "kode_bidang_urusan": "7.01",
            "nama_bidang_urusan": "KECAMATAN",
            "id_sub_skpd": 703,
            "kode_sub_skpd": "7.01.0.00.0.00.17.0000",
            "nama_sub_skpd": "Kecamatan Putri Hijau",
            "set_pagu_user": 320869,
            "set_pagu_at": "Mon, 24 Mar 2025 19:03:35 GMT",
            "id_program": 4451,
            "kode_program": "7.01.01",
            "nama_program": "PROGRAM PENUNJANG URUSAN PEMERINTAHAN DAERAH KABUPATEN/KOTA",
            "id_giat": 18379,
            "kode_giat": "7.01.01.2.09",
            "nama_giat": "Pemeliharaan Barang Milik Daerah Penunjang Urusan Pemerintahan Daerah",
            "pagu_giat": 45460000.0,
            "rinci_giat": null,
            "id_sub_giat": 60662,
            "kode_sub_giat": "7.01.01.2.09.0002",
            "nama_sub_giat": "Penyediaan Jasa Pemeliharaan, Biaya Pemeliharaan, Pajak dan Perizinan Kendaraan Dinas Operasional atau Lapangan",
            "pagu": 30460000.0,
            "pagu_indikatif": 30460000.0,
            "rincian": null,
            "kode_bl": "703.703.4451.18379",
            "kode_sbl": "703.703.4451.18379.60662",
            "kunci_bl": 1,
            "kunci_bl_rinci": 1,
            "user_created": "Ahmadi, S.Pd",
            "created_date": "18-01-2025",
            "created_time": "06:45",
            "user_updated": "Ahmadi, S.Pd",
            "updated_date": "24-03-2025",
            "updated_time": "19:02",
            "is_locked": 0
        },
        {
            "id_sub_bl": 73219,
            "id_daerah": 473,
            "tahun": 2026,
            "id_unit": 703,
            "id_skpd": 703,
            "created_user": 320869,
            "kode_skpd": "7.01.0.00.0.00.17.0000",
            "nama_skpd": "Kecamatan Putri Hijau",
            "id_urusan": 17,
            "kode_urusan": "7",
            "nama_urusan": "UNSUR KEWILAYAHAN",
            "id_bidang_urusan": 243,
            "kode_bidang_urusan": "7.01",
            "nama_bidang_urusan": "KECAMATAN",
            "id_sub_skpd": 703,
            "kode_sub_skpd": "7.01.0.00.0.00.17.0000",
            "nama_sub_skpd": "Kecamatan Putri Hijau",
            "set_pagu_user": 320869,
            "set_pagu_at": "Mon, 24 Mar 2025 19:03:35 GMT",
            "id_program": 4451,
            "kode_program": "7.01.01",
            "nama_program": "PROGRAM PENUNJANG URUSAN PEMERINTAHAN DAERAH KABUPATEN/KOTA",
            "id_giat": 18379,
            "kode_giat": "7.01.01.2.09",
            "nama_giat": "Pemeliharaan Barang Milik Daerah Penunjang Urusan Pemerintahan Daerah",
            "pagu_giat": 45460000.0,
            "rinci_giat": null,
            "id_sub_giat": 60666,
            "kode_sub_giat": "7.01.01.2.09.0006",
            "nama_sub_giat": "Pemeliharaan Peralatan dan Mesin Lainnya",
            "pagu": 5000000.0,
            "pagu_indikatif": 5000000.0,
            "rincian": null,
            "kode_bl": "703.703.4451.18379",
            "kode_sbl": "703.703.4451.18379.60666",
            "kunci_bl": 1,
            "kunci_bl_rinci": 1,
            "user_created": "Ahmadi, S.Pd",
            "created_date": "24-03-2025",
            "created_time": "17:53",
            "user_updated": "Ahmadi, S.Pd",
            "updated_date": "24-03-2025",
            "updated_time": "18:04",
            "is_locked": 0
        },
        {
            "id_sub_bl": 58650,
            "id_daerah": 473,
            "tahun": 2026,
            "id_unit": 703,
            "id_skpd": 703,
            "created_user": 320869,
            "kode_skpd": "7.01.0.00.0.00.17.0000",
            "nama_skpd": "Kecamatan Putri Hijau",
            "id_urusan": 17,
            "kode_urusan": "7",
            "nama_urusan": "UNSUR KEWILAYAHAN",
            "id_bidang_urusan": 243,
            "kode_bidang_urusan": "7.01",
            "nama_bidang_urusan": "KECAMATAN",
            "id_sub_skpd": 703,
            "kode_sub_skpd": "7.01.0.00.0.00.17.0000",
            "nama_sub_skpd": "Kecamatan Putri Hijau",
            "set_pagu_user": 320869,
            "set_pagu_at": "Mon, 24 Mar 2025 19:03:35 GMT",
            "id_program": 4451,
            "kode_program": "7.01.01",
            "nama_program": "PROGRAM PENUNJANG URUSAN PEMERINTAHAN DAERAH KABUPATEN/KOTA",
            "id_giat": 18379,
            "kode_giat": "7.01.01.2.09",
            "nama_giat": "Pemeliharaan Barang Milik Daerah Penunjang Urusan Pemerintahan Daerah",
            "pagu_giat": 45460000.0,
            "rinci_giat": null,
            "id_sub_giat": 60669,
            "kode_sub_giat": "7.01.01.2.09.0009",
            "nama_sub_giat": "Pemeliharaan/Rehabilitasi Gedung Kantor dan Bangunan Lainnya",
            "pagu": 10000000.0,
            "pagu_indikatif": 10000000.0,
            "rincian": null,
            "kode_bl": "703.703.4451.18379",
            "kode_sbl": "703.703.4451.18379.60669",
            "kunci_bl": 1,
            "kunci_bl_rinci": 1,
            "user_created": "Ahmadi, S.Pd",
            "created_date": "18-01-2025",
            "created_time": "06:48",
            "user_updated": "Ahmadi, S.Pd",
            "updated_date": "24-03-2025",
            "updated_time": "17:51",
            "is_locked": 0
        }
    ]