[
        {
            "id_sub_bl": 76969,
            "id_daerah": 473,
            "tahun": 2026,
            "id_unit": 974,
            "id_skpd": 974,
            "created_user": 17695,
            "kode_skpd": "7.01.0.00.0.00.02.0000",
            "nama_skpd": "Kecamatan Arma Jaya",
            "id_urusan": 17,
            "kode_urusan": "7",
            "nama_urusan": "UNSUR KEWILAYAHAN",
            "id_bidang_urusan": 243,
            "kode_bidang_urusan": "7.01",
            "nama_bidang_urusan": "KECAMATAN",
            "id_sub_skpd": 974,
            "kode_sub_skpd": "7.01.0.00.0.00.02.0000",
            "nama_sub_skpd": "Kecamatan Arma Jaya",
            "set_pagu_user": 17695,
            "set_pagu_at": "Tue, 24 Jun 2025 12:39:10 GMT",
            "id_program": 4416,
            "kode_program": "7.01.02",
            "nama_program": "PROGRAM PENYELENGGARAAN PEMERINTAHAN DAN PELAYANAN PUBLIK",
            "id_giat": 18270,
            "kode_giat": "7.01.02.2.01",
            "nama_giat": "Koordinasi Penyelenggaraan Kegiatan\n\nPemerintahan di Tingkat Kecamatan",
            "pagu_giat": 26408291.0,
            "rinci_giat": null,
            "id_sub_giat": 59876,
            "kode_sub_giat": "7.01.02.2.01.0001",
            "nama_sub_giat": "Koordinasi/Sinergi Perencanaan dan Pelaksanaan Kegiatan Pemerintahan dengan Perangkat Daerah dan Instansi Vertikal Terkait",
            "pagu": 26408291.0,
            "pagu_indikatif": 26408291.0,
            "rincian": null,
            "kode_bl": "974.974.4416.18270",
            "kode_sbl": "974.974.4416.18270.59876",
            "kunci_bl": 1,
            "kunci_bl_rinci": 1,
            "user_created": "EVRIYOGA PAFILES",
            "created_date": "24-06-2025",
            "created_time": "12:23",
            "user_updated": "EVRIYOGA PAFILES",
            "updated_date": "24-06-2025",
            "updated_time": "12:38",
            "is_locked": 0
        },
        {
            "id_sub_bl": 62966,
            "id_daerah": 473,
            "tahun": 2026,
            "id_unit": 974,
            "id_skpd": 974,
            "created_user": 17695,
            "kode_skpd": "7.01.0.00.0.00.02.0000",
            "nama_skpd": "Kecamatan Arma Jaya",
            "id_urusan": 17,
            "kode_urusan": "7",
            "nama_urusan": "UNSUR KEWILAYAHAN",
            "id_bidang_urusan": 243,
            "kode_bidang_urusan": "7.01",
            "nama_bidang_urusan": "KECAMATAN",
            "id_sub_skpd": 974,
            "kode_sub_skpd": "7.01.0.00.0.00.02.0000",
            "nama_sub_skpd": "Kecamatan Arma Jaya",
            "set_pagu_user": 17695,
            "set_pagu_at": "Tue, 24 Jun 2025 12:39:10 GMT",
            "id_program": 4418,
            "kode_program": "7.01.03",
            "nama_program": "PROGRAM PEMBERDAYAAN MASYARAKAT DESA DAN KELURAHAN",
            "id_giat": 18279,
            "kode_giat": "7.01.03.2.01",
            "nama_giat": "Koordinasi Kegiatan Pemberdayaan Desa",
            "pagu_giat": 30997000.0,
            "rinci_giat": null,
            "id_sub_giat": 59913,
            "kode_sub_giat": "7.01.03.2.01.0001",
            "nama_sub_giat": "Peningkatan Partisipasi Masyarakat dalam Forum Musyawarah Perencanaan Pembangunan di Desa",
            "pagu": 30997000.0,
            "pagu_indikatif": 30997000.0,
            "rincian": null,
            "kode_bl": "974.974.4418.18279",
            "kode_sbl": "974.974.4418.18279.59913",
            "kunci_bl": 1,
            "kunci_bl_rinci": 1,
            "user_created": "EVRIYOGA PAFILES",
            "created_date": "31-01-2025",
            "created_time": "20:53",
            "user_updated": "EVRIYOGA PAFILES",
            "updated_date": "27-03-2025",
            "updated_time": "15:34",
            "is_locked": 0
        },
        {
            "id_sub_bl": 62971,
            "id_daerah": 473,
            "tahun": 2026,
            "id_unit": 974,
            "id_skpd": 974,
            "created_user": 17695,
            "kode_skpd": "7.01.0.00.0.00.02.0000",
            "nama_skpd": "Kecamatan Arma Jaya",
            "id_urusan": 17,
            "kode_urusan": "7",
            "nama_urusan": "UNSUR KEWILAYAHAN",
            "id_bidang_urusan": 243,
            "kode_bidang_urusan": "7.01",
            "nama_bidang_urusan": "KECAMATAN",
            "id_sub_skpd": 974,
            "kode_sub_skpd": "7.01.0.00.0.00.02.0000",
            "nama_sub_skpd": "Kecamatan Arma Jaya",
            "set_pagu_user": 17695,
            "set_pagu_at": "Tue, 24 Jun 2025 12:39:10 GMT",
            "id_program": 4420,
            "kode_program": "7.01.04",
            "nama_program": "PROGRAM KOORDINASI KETENTRAMAN DAN KETERTIBAN UMUM",
            "id_giat": 18285,
            "kode_giat": "7.01.04.2.01",
            "nama_giat": "Koordinasi Upaya Penyelenggaraan Ketenteraman dan Ketertiban Umum",
            "pagu_giat": 41400000.0,
            "rinci_giat": null,
            "id_sub_giat": 59947,
            "kode_sub_giat": "7.01.04.2.01.0002",
            "nama_sub_giat": "Harmonisasi Hubungan dengan Tokoh Agama dan Tokoh Masyarakat",
            "pagu": 41400000.0,
            "pagu_indikatif": 41400000.0,
            "rincian": null,
            "kode_bl": "974.974.4420.18285",
            "kode_sbl": "974.974.4420.18285.59947",
            "kunci_bl": 1,
            "kunci_bl_rinci": 1,
            "user_created": "EVRIYOGA PAFILES",
            "created_date": "31-01-2025",
            "created_time": "20:57",
            "user_updated": "EVRIYOGA PAFILES",
            "updated_date": "24-03-2025",
            "updated_time": "09:55",
            "is_locked": 0
        },
        {
            "id_sub_bl": 62976,
            "id_daerah": 473,
            "tahun": 2026,
            "id_unit": 974,
            "id_skpd": 974,
            "created_user": 17695,
            "kode_skpd": "7.01.0.00.0.00.02.0000",
            "nama_skpd": "Kecamatan Arma Jaya",
            "id_urusan": 17,
            "kode_urusan": "7",
            "nama_urusan": "UNSUR KEWILAYAHAN",
            "id_bidang_urusan": 243,
            "kode_bidang_urusan": "7.01",
            "nama_bidang_urusan": "KECAMATAN",
            "id_sub_skpd": 974,
            "kode_sub_skpd": "7.01.0.00.0.00.02.0000",
            "nama_sub_skpd": "Kecamatan Arma Jaya",
            "set_pagu_user": 17695,
            "set_pagu_at": "Tue, 24 Jun 2025 12:39:10 GMT",
            "id_program": 4423,
            "kode_program": "7.01.06",
            "nama_program": "PROGRAM PEMBINAAN DAN PENGAWASAN PEMERINTAHAN DESA",
            "id_giat": 18290,
            "kode_giat": "7.01.06.2.01",
            "nama_giat": "Fasilitasi, Rekomendasi dan Koordinasi\n\nPembinaan dan Pengawasan Pemerintahan Desa",
            "pagu_giat": 95000000.0,
            "rinci_giat": null,
            "id_sub_giat": 59975,
            "kode_sub_giat": "7.01.06.2.01.0016",
            "nama_sub_giat": "Fasilitasi Penyusunan Program dan Pelaksanaan Pemberdayaan Masyarakat Desa",
            "pagu": 95000000.0,
            "pagu_indikatif": 95000000.0,
            "rincian": null,
            "kode_bl": "974.974.4423.18290",
            "kode_sbl": "974.974.4423.18290.59975",
            "kunci_bl": 1,
            "kunci_bl_rinci": 1,
            "user_created": "EVRIYOGA PAFILES",
            "created_date": "31-01-2025",
            "created_time": "21:05",
            "user_updated": "EVRIYOGA PAFILES",
            "updated_date": "24-06-2025",
            "updated_time": "12:31",
            "is_locked": 0
        },
        {
            "id_sub_bl": 62865,
            "id_daerah": 473,
            "tahun": 2026,
            "id_unit": 974,
            "id_skpd": 974,
            "created_user": 17695,
            "kode_skpd": "7.01.0.00.0.00.02.0000",
            "nama_skpd": "Kecamatan Arma Jaya",
            "id_urusan": 17,
            "kode_urusan": "7",
            "nama_urusan": "UNSUR KEWILAYAHAN",
            "id_bidang_urusan": 243,
            "kode_bidang_urusan": "7.01",
            "nama_bidang_urusan": "KECAMATAN",
            "id_sub_skpd": 974,
            "kode_sub_skpd": "7.01.0.00.0.00.02.0000",
            "nama_sub_skpd": "Kecamatan Arma Jaya",
            "set_pagu_user": 17695,
            "set_pagu_at": "Tue, 24 Jun 2025 12:39:10 GMT",
            "id_program": 4451,
            "kode_program": "7.01.01",
            "nama_program": "PROGRAM PENUNJANG URUSAN PEMERINTAHAN DAERAH KABUPATEN/KOTA",
            "id_giat": 18371,
            "kode_giat": "7.01.01.2.01",
            "nama_giat": "Perencanaan, Penganggaran, dan Evaluasi Kinerja Perangkat Daerah",
            "pagu_giat": 22500000.0,
            "rinci_giat": null,
            "id_sub_giat": 60589,
            "kode_sub_giat": "7.01.01.2.01.0001",
            "nama_sub_giat": "Penyusunan Dokumen Perencanaan Perangkat Daerah",
            "pagu": 10000000.0,
            "pagu_indikatif": 10000000.0,
            "rincian": null,
            "kode_bl": "974.974.4451.18371",
            "kode_sbl": "974.974.4451.18371.60589",
            "kunci_bl": 1,
            "kunci_bl_rinci": 1,
            "user_created": "EVRIYOGA PAFILES",
            "created_date": "31-01-2025",
            "created_time": "17:54",
            "user_updated": "EVRIYOGA PAFILES",
            "updated_date": "24-03-2025",
            "updated_time": "09:56",
            "is_locked": 0
        },
        {
            "id_sub_bl": 62872,
            "id_daerah": 473,
            "tahun": 2026,
            "id_unit": 974,
            "id_skpd": 974,
            "created_user": 17695,
            "kode_skpd": "7.01.0.00.0.00.02.0000",
            "nama_skpd": "Kecamatan Arma Jaya",
            "id_urusan": 17,
            "kode_urusan": "7",
            "nama_urusan": "UNSUR KEWILAYAHAN",
            "id_bidang_urusan": 243,
            "kode_bidang_urusan": "7.01",
            "nama_bidang_urusan": "KECAMATAN",
            "id_sub_skpd": 974,
            "kode_sub_skpd": "7.01.0.00.0.00.02.0000",
            "nama_sub_skpd": "Kecamatan Arma Jaya",
            "set_pagu_user": 17695,
            "set_pagu_at": "Tue, 24 Jun 2025 12:39:10 GMT",
            "id_program": 4451,
            "kode_program": "7.01.01",
            "nama_program": "PROGRAM PENUNJANG URUSAN PEMERINTAHAN DAERAH KABUPATEN/KOTA",
            "id_giat": 18371,
            "kode_giat": "7.01.01.2.01",
            "nama_giat": "Perencanaan, Penganggaran, dan Evaluasi Kinerja Perangkat Daerah",
            "pagu_giat": 22500000.0,
            "rinci_giat": null,
            "id_sub_giat": 60590,
            "kode_sub_giat": "7.01.01.2.01.0002",
            "nama_sub_giat": "Koordinasi dan Penyusunan Dokumen RKA-SKPD",
            "pagu": 2000000.0,
            "pagu_indikatif": 2000000.0,
            "rincian": null,
            "kode_bl": "974.974.4451.18371",
            "kode_sbl": "974.974.4451.18371.60590",
            "kunci_bl": 1,
            "kunci_bl_rinci": 1,
            "user_created": "EVRIYOGA PAFILES",
            "created_date": "31-01-2025",
            "created_time": "18:50",
            "user_updated": "EVRIYOGA PAFILES",
            "updated_date": "24-03-2025",
            "updated_time": "09:48",
            "is_locked": 0
        },
        {
            "id_sub_bl": 62912,
            "id_daerah": 473,
            "tahun": 2026,
            "id_unit": 974,
            "id_skpd": 974,
            "created_user": 17695,
            "kode_skpd": "7.01.0.00.0.00.02.0000",
            "nama_skpd": "Kecamatan Arma Jaya",
            "id_urusan": 17,
            "kode_urusan": "7",
            "nama_urusan": "UNSUR KEWILAYAHAN",
            "id_bidang_urusan": 243,
            "kode_bidang_urusan": "7.01",
            "nama_bidang_urusan": "KECAMATAN",
            "id_sub_skpd": 974,
            "kode_sub_skpd": "7.01.0.00.0.00.02.0000",
            "nama_sub_skpd": "Kecamatan Arma Jaya",
            "set_pagu_user": 17695,
            "set_pagu_at": "Tue, 24 Jun 2025 12:39:10 GMT",
            "id_program": 4451,
            "kode_program": "7.01.01",
            "nama_program": "PROGRAM PENUNJANG URUSAN PEMERINTAHAN DAERAH KABUPATEN/KOTA",
            "id_giat": 18371,
            "kode_giat": "7.01.01.2.01",
            "nama_giat": "Perencanaan, Penganggaran, dan Evaluasi Kinerja Perangkat Daerah",
            "pagu_giat": 22500000.0,
            "rinci_giat": null,
            "id_sub_giat": 60591,
            "kode_sub_giat": "7.01.01.2.01.0003",
            "nama_sub_giat": "Koordinasi dan Penyusunan Dokumen Perubahan RKA-SKPD",
            "pagu": 2500000.0,
            "pagu_indikatif": 2500000.0,
            "rincian": null,
            "kode_bl": "974.974.4451.18371",
            "kode_sbl": "974.974.4451.18371.60591",
            "kunci_bl": 1,
            "kunci_bl_rinci": 1,
            "user_created": "EVRIYOGA PAFILES",
            "created_date": "31-01-2025",
            "created_time": "19:49",
            "user_updated": "EVRIYOGA PAFILES",
            "updated_date": "27-03-2025",
            "updated_time": "15:36",
            "is_locked": 0
        },
        {
            "id_sub_bl": 62920,
            "id_daerah": 473,
            "tahun": 2026,
            "id_unit": 974,
            "id_skpd": 974,
            "created_user": 17695,
            "kode_skpd": "7.01.0.00.0.00.02.0000",
            "nama_skpd": "Kecamatan Arma Jaya",
            "id_urusan": 17,
            "kode_urusan": "7",
            "nama_urusan": "UNSUR KEWILAYAHAN",
            "id_bidang_urusan": 243,
            "kode_bidang_urusan": "7.01",
            "nama_bidang_urusan": "KECAMATAN",
            "id_sub_skpd": 974,
            "kode_sub_skpd": "7.01.0.00.0.00.02.0000",
            "nama_sub_skpd": "Kecamatan Arma Jaya",
            "set_pagu_user": 17695,
            "set_pagu_at": "Tue, 24 Jun 2025 12:39:10 GMT",
            "id_program": 4451,
            "kode_program": "7.01.01",
            "nama_program": "PROGRAM PENUNJANG URUSAN PEMERINTAHAN DAERAH KABUPATEN/KOTA",
            "id_giat": 18371,
            "kode_giat": "7.01.01.2.01",
            "nama_giat": "Perencanaan, Penganggaran, dan Evaluasi Kinerja Perangkat Daerah",
            "pagu_giat": 22500000.0,
            "rinci_giat": null,
            "id_sub_giat": 60592,
            "kode_sub_giat": "7.01.01.2.01.0004",
            "nama_sub_giat": "Koordinasi dan Penyusunan DPA-SKPD",
            "pagu": 2000000.0,
            "pagu_indikatif": 2000000.0,
            "rincian": null,
            "kode_bl": "974.974.4451.18371",
            "kode_sbl": "974.974.4451.18371.60592",
            "kunci_bl": 1,
            "kunci_bl_rinci": 1,
            "user_created": "EVRIYOGA PAFILES",
            "created_date": "31-01-2025",
            "created_time": "19:54",
            "user_updated": "EVRIYOGA PAFILES",
            "updated_date": "27-03-2025",
            "updated_time": "15:37",
            "is_locked": 0
        },
        {
            "id_sub_bl": 62952,
            "id_daerah": 473,
            "tahun": 2026,
            "id_unit": 974,
            "id_skpd": 974,
            "created_user": 17695,
            "kode_skpd": "7.01.0.00.0.00.02.0000",
            "nama_skpd": "Kecamatan Arma Jaya",
            "id_urusan": 17,
            "kode_urusan": "7",
            "nama_urusan": "UNSUR KEWILAYAHAN",
            "id_bidang_urusan": 243,
            "kode_bidang_urusan": "7.01",
            "nama_bidang_urusan": "KECAMATAN",
            "id_sub_skpd": 974,
            "kode_sub_skpd": "7.01.0.00.0.00.02.0000",
            "nama_sub_skpd": "Kecamatan Arma Jaya",
            "set_pagu_user": 17695,
            "set_pagu_at": "Tue, 24 Jun 2025 12:39:10 GMT",
            "id_program": 4451,
            "kode_program": "7.01.01",
            "nama_program": "PROGRAM PENUNJANG URUSAN PEMERINTAHAN DAERAH KABUPATEN/KOTA",
            "id_giat": 18371,
            "kode_giat": "7.01.01.2.01",
            "nama_giat": "Perencanaan, Penganggaran, dan Evaluasi Kinerja Perangkat Daerah",
            "pagu_giat": 22500000.0,
            "rinci_giat": null,
            "id_sub_giat": 60593,
            "kode_sub_giat": "7.01.01.2.01.0005",
            "nama_sub_giat": "Koordinasi dan Penyusunan Perubahan DPA- SKPD",
            "pagu": 2000000.0,
            "pagu_indikatif": 2000000.0,
            "rincian": null,
            "kode_bl": "974.974.4451.18371",
            "kode_sbl": "974.974.4451.18371.60593",
            "kunci_bl": 1,
            "kunci_bl_rinci": 1,
            "user_created": "EVRIYOGA PAFILES",
            "created_date": "31-01-2025",
            "created_time": "20:36",
            "user_updated": "EVRIYOGA PAFILES",
            "updated_date": "24-03-2025",
            "updated_time": "09:51",
            "is_locked": 0
        },
        {
            "id_sub_bl": 62925,
            "id_daerah": 473,
            "tahun": 2026,
            "id_unit": 974,
            "id_skpd": 974,
            "created_user": 17695,
            "kode_skpd": "7.01.0.00.0.00.02.0000",
            "nama_skpd": "Kecamatan Arma Jaya",
            "id_urusan": 17,
            "kode_urusan": "7",
            "nama_urusan": "UNSUR KEWILAYAHAN",
            "id_bidang_urusan": 243,
            "kode_bidang_urusan": "7.01",
            "nama_bidang_urusan": "KECAMATAN",
            "id_sub_skpd": 974,
            "kode_sub_skpd": "7.01.0.00.0.00.02.0000",
            "nama_sub_skpd": "Kecamatan Arma Jaya",
            "set_pagu_user": 17695,
            "set_pagu_at": "Tue, 24 Jun 2025 12:39:10 GMT",
            "id_program": 4451,
            "kode_program": "7.01.01",
            "nama_program": "PROGRAM PENUNJANG URUSAN PEMERINTAHAN DAERAH KABUPATEN/KOTA",
            "id_giat": 18371,
            "kode_giat": "7.01.01.2.01",
            "nama_giat": "Perencanaan, Penganggaran, dan Evaluasi Kinerja Perangkat Daerah",
            "pagu_giat": 22500000.0,
            "rinci_giat": null,
            "id_sub_giat": 60594,
            "kode_sub_giat": "7.01.01.2.01.0006",
            "nama_sub_giat": "Koordinasi dan Penyusunan Laporan Capaian Kinerja dan Ikhtisar Realisasi Kinerja SKPD",
            "pagu": 2000000.0,
            "pagu_indikatif": 2000000.0,
            "rincian": null,
            "kode_bl": "974.974.4451.18371",
            "kode_sbl": "974.974.4451.18371.60594",
            "kunci_bl": 1,
            "kunci_bl_rinci": 1,
            "user_created": "EVRIYOGA PAFILES",
            "created_date": "31-01-2025",
            "created_time": "20:04",
            "user_updated": "EVRIYOGA PAFILES",
            "updated_date": "24-03-2025",
            "updated_time": "09:51",
            "is_locked": 0
        },
        {
            "id_sub_bl": 62927,
            "id_daerah": 473,
            "tahun": 2026,
            "id_unit": 974,
            "id_skpd": 974,
            "created_user": 17695,
            "kode_skpd": "7.01.0.00.0.00.02.0000",
            "nama_skpd": "Kecamatan Arma Jaya",
            "id_urusan": 17,
            "kode_urusan": "7",
            "nama_urusan": "UNSUR KEWILAYAHAN",
            "id_bidang_urusan": 243,
            "kode_bidang_urusan": "7.01",
            "nama_bidang_urusan": "KECAMATAN",
            "id_sub_skpd": 974,
            "kode_sub_skpd": "7.01.0.00.0.00.02.0000",
            "nama_sub_skpd": "Kecamatan Arma Jaya",
            "set_pagu_user": 17695,
            "set_pagu_at": "Tue, 24 Jun 2025 12:39:10 GMT",
            "id_program": 4451,
            "kode_program": "7.01.01",
            "nama_program": "PROGRAM PENUNJANG URUSAN PEMERINTAHAN DAERAH KABUPATEN/KOTA",
            "id_giat": 18371,
            "kode_giat": "7.01.01.2.01",
            "nama_giat": "Perencanaan, Penganggaran, dan Evaluasi Kinerja Perangkat Daerah",
            "pagu_giat": 22500000.0,
            "rinci_giat": null,
            "id_sub_giat": 60595,
            "kode_sub_giat": "7.01.01.2.01.0007",
            "nama_sub_giat": "Evaluasi Kinerja Perangkat Daerah",
            "pagu": 2000000.0,
            "pagu_indikatif": 2000000.0,
            "rincian": null,
            "kode_bl": "974.974.4451.18371",
            "kode_sbl": "974.974.4451.18371.60595",
            "kunci_bl": 1,
            "kunci_bl_rinci": 1,
            "user_created": "EVRIYOGA PAFILES",
            "created_date": "31-01-2025",
            "created_time": "20:07",
            "user_updated": "EVRIYOGA PAFILES",
            "updated_date": "24-03-2025",
            "updated_time": "09:52",
            "is_locked": 0
        },
        {
            "id_sub_bl": 62856,
            "id_daerah": 473,
            "tahun": 2026,
            "id_unit": 974,
            "id_skpd": 974,
            "created_user": 17695,
            "kode_skpd": "7.01.0.00.0.00.02.0000",
            "nama_skpd": "Kecamatan Arma Jaya",
            "id_urusan": 17,
            "kode_urusan": "7",
            "nama_urusan": "UNSUR KEWILAYAHAN",
            "id_bidang_urusan": 243,
            "kode_bidang_urusan": "7.01",
            "nama_bidang_urusan": "KECAMATAN",
            "id_sub_skpd": 974,
            "kode_sub_skpd": "7.01.0.00.0.00.02.0000",
            "nama_sub_skpd": "Kecamatan Arma Jaya",
            "set_pagu_user": 17695,
            "set_pagu_at": "Tue, 24 Jun 2025 12:39:10 GMT",
            "id_program": 4451,
            "kode_program": "7.01.01",
            "nama_program": "PROGRAM PENUNJANG URUSAN PEMERINTAHAN DAERAH KABUPATEN/KOTA",
            "id_giat": 18372,
            "kode_giat": "7.01.01.2.02",
            "nama_giat": "Administrasi Keuangan Perangkat Daerah",
            "pagu_giat": 1750211546.0,
            "rinci_giat": null,
            "id_sub_giat": 60602,
            "kode_sub_giat": "7.01.01.2.02.0001",
            "nama_sub_giat": "Penyediaan Gaji dan Tunjangan ASN",
            "pagu": 1676211546.0,
            "pagu_indikatif": 1676211546.0,
            "rincian": null,
            "kode_bl": "974.974.4451.18372",
            "kode_sbl": "974.974.4451.18372.60602",
            "kunci_bl": 1,
            "kunci_bl_rinci": 1,
            "user_created": "EVRIYOGA PAFILES",
            "created_date": "31-01-2025",
            "created_time": "17:31",
            "user_updated": "EVRIYOGA PAFILES",
            "updated_date": "27-03-2025",
            "updated_time": "15:41",
            "is_locked": 0
        },
        {
            "id_sub_bl": 62905,
            "id_daerah": 473,
            "tahun": 2026,
            "id_unit": 974,
            "id_skpd": 974,
            "created_user": 17695,
            "kode_skpd": "7.01.0.00.0.00.02.0000",
            "nama_skpd": "Kecamatan Arma Jaya",
            "id_urusan": 17,
            "kode_urusan": "7",
            "nama_urusan": "UNSUR KEWILAYAHAN",
            "id_bidang_urusan": 243,
            "kode_bidang_urusan": "7.01",
            "nama_bidang_urusan": "KECAMATAN",
            "id_sub_skpd": 974,
            "kode_sub_skpd": "7.01.0.00.0.00.02.0000",
            "nama_sub_skpd": "Kecamatan Arma Jaya",
            "set_pagu_user": 17695,
            "set_pagu_at": "Tue, 24 Jun 2025 12:39:10 GMT",
            "id_program": 4451,
            "kode_program": "7.01.01",
            "nama_program": "PROGRAM PENUNJANG URUSAN PEMERINTAHAN DAERAH KABUPATEN/KOTA",
            "id_giat": 18372,
            "kode_giat": "7.01.01.2.02",
            "nama_giat": "Administrasi Keuangan Perangkat Daerah",
            "pagu_giat": 1750211546.0,
            "rinci_giat": null,
            "id_sub_giat": 60604,
            "kode_sub_giat": "7.01.01.2.02.0003",
            "nama_sub_giat": "Pelaksanaan Penatausahaan dan\r\n\nPengujian/Verifikasi Keuangan SKPD",
            "pagu": 70000000.0,
            "pagu_indikatif": 70000000.0,
            "rincian": null,
            "kode_bl": "974.974.4451.18372",
            "kode_sbl": "974.974.4451.18372.60604",
            "kunci_bl": 1,
            "kunci_bl_rinci": 1,
            "user_created": "EVRIYOGA PAFILES",
            "created_date": "31-01-2025",
            "created_time": "19:42",
            "user_updated": "EVRIYOGA PAFILES",
            "updated_date": "24-03-2025",
            "updated_time": "10:02",
            "is_locked": 0
        },
        {
            "id_sub_bl": 62863,
            "id_daerah": 473,
            "tahun": 2026,
            "id_unit": 974,
            "id_skpd": 974,
            "created_user": 17695,
            "kode_skpd": "7.01.0.00.0.00.02.0000",
            "nama_skpd": "Kecamatan Arma Jaya",
            "id_urusan": 17,
            "kode_urusan": "7",
            "nama_urusan": "UNSUR KEWILAYAHAN",
            "id_bidang_urusan": 243,
            "kode_bidang_urusan": "7.01",
            "nama_bidang_urusan": "KECAMATAN",
            "id_sub_skpd": 974,
            "kode_sub_skpd": "7.01.0.00.0.00.02.0000",
            "nama_sub_skpd": "Kecamatan Arma Jaya",
            "set_pagu_user": 17695,
            "set_pagu_at": "Tue, 24 Jun 2025 12:39:10 GMT",
            "id_program": 4451,
            "kode_program": "7.01.01",
            "nama_program": "PROGRAM PENUNJANG URUSAN PEMERINTAHAN DAERAH KABUPATEN/KOTA",
            "id_giat": 18372,
            "kode_giat": "7.01.01.2.02",
            "nama_giat": "Administrasi Keuangan Perangkat Daerah",
            "pagu_giat": 1750211546.0,
            "rinci_giat": null,
            "id_sub_giat": 60606,
            "kode_sub_giat": "7.01.01.2.02.0005",
            "nama_sub_giat": "Koordinasi dan Penyusunan Laporan Keuangan Akhir Tahun SKPD",
            "pagu": 2000000.0,
            "pagu_indikatif": 2000000.0,
            "rincian": null,
            "kode_bl": "974.974.4451.18372",
            "kode_sbl": "974.974.4451.18372.60606",
            "kunci_bl": 1,
            "kunci_bl_rinci": 1,
            "user_created": "EVRIYOGA PAFILES",
            "created_date": "31-01-2025",
            "created_time": "17:50",
            "user_updated": "EVRIYOGA PAFILES",
            "updated_date": "27-03-2025",
            "updated_time": "15:43",
            "is_locked": 0
        },
        {
            "id_sub_bl": 62981,
            "id_daerah": 473,
            "tahun": 2026,
            "id_unit": 974,
            "id_skpd": 974,
            "created_user": 17695,
            "kode_skpd": "7.01.0.00.0.00.02.0000",
            "nama_skpd": "Kecamatan Arma Jaya",
            "id_urusan": 17,
            "kode_urusan": "7",
            "nama_urusan": "UNSUR KEWILAYAHAN",
            "id_bidang_urusan": 243,
            "kode_bidang_urusan": "7.01",
            "nama_bidang_urusan": "KECAMATAN",
            "id_sub_skpd": 974,
            "kode_sub_skpd": "7.01.0.00.0.00.02.0000",
            "nama_sub_skpd": "Kecamatan Arma Jaya",
            "set_pagu_user": 17695,
            "set_pagu_at": "Tue, 24 Jun 2025 12:39:10 GMT",
            "id_program": 4451,
            "kode_program": "7.01.01",
            "nama_program": "PROGRAM PENUNJANG URUSAN PEMERINTAHAN DAERAH KABUPATEN/KOTA",
            "id_giat": 18372,
            "kode_giat": "7.01.01.2.02",
            "nama_giat": "Administrasi Keuangan Perangkat Daerah",
            "pagu_giat": 1750211546.0,
            "rinci_giat": null,
            "id_sub_giat": 60608,
            "kode_sub_giat": "7.01.01.2.02.0007",
            "nama_sub_giat": "Koordinasi dan Penyusunan Laporan Keuangan Bulanan/ Triwulanan/ Semesteran SKPD",
            "pagu": 2000000.0,
            "pagu_indikatif": 2000000.0,
            "rincian": null,
            "kode_bl": "974.974.4451.18372",
            "kode_sbl": "974.974.4451.18372.60608",
            "kunci_bl": 1,
            "kunci_bl_rinci": 1,
            "user_created": "EVRIYOGA PAFILES",
            "created_date": "31-01-2025",
            "created_time": "21:21",
            "user_updated": "EVRIYOGA PAFILES",
            "updated_date": "27-03-2025",
            "updated_time": "15:44",
            "is_locked": 0
        },
        {
            "id_sub_bl": 62993,
            "id_daerah": 473,
            "tahun": 2026,
            "id_unit": 974,
            "id_skpd": 974,
            "created_user": 17695,
            "kode_skpd": "7.01.0.00.0.00.02.0000",
            "nama_skpd": "Kecamatan Arma Jaya",
            "id_urusan": 17,
            "kode_urusan": "7",
            "nama_urusan": "UNSUR KEWILAYAHAN",
            "id_bidang_urusan": 243,
            "kode_bidang_urusan": "7.01",
            "nama_bidang_urusan": "KECAMATAN",
            "id_sub_skpd": 974,
            "kode_sub_skpd": "7.01.0.00.0.00.02.0000",
            "nama_sub_skpd": "Kecamatan Arma Jaya",
            "set_pagu_user": 17695,
            "set_pagu_at": "Tue, 24 Jun 2025 12:39:10 GMT",
            "id_program": 4451,
            "kode_program": "7.01.01",
            "nama_program": "PROGRAM PENUNJANG URUSAN PEMERINTAHAN DAERAH KABUPATEN/KOTA",
            "id_giat": 18373,
            "kode_giat": "7.01.01.2.03",
            "nama_giat": "Administrasi Barang Milik Daerah pada Perangkat Daerah",
            "pagu_giat": 23900000.0,
            "rinci_giat": null,
            "id_sub_giat": 60615,
            "kode_sub_giat": "7.01.01.2.03.0006",
            "nama_sub_giat": "Penatausahaan Barang Milik Daerah pada SKPD",
            "pagu": 23900000.0,
            "pagu_indikatif": 23900000.0,
            "rincian": null,
            "kode_bl": "974.974.4451.18373",
            "kode_sbl": "974.974.4451.18373.60615",
            "kunci_bl": 1,
            "kunci_bl_rinci": 1,
            "user_created": "EVRIYOGA PAFILES",
            "created_date": "31-01-2025",
            "created_time": "21:35",
            "user_updated": "EVRIYOGA PAFILES",
            "updated_date": "27-03-2025",
            "updated_time": "15:46",
            "is_locked": 0
        },
        {
            "id_sub_bl": 73423,
            "id_daerah": 473,
            "tahun": 2026,
            "id_unit": 974,
            "id_skpd": 974,
            "created_user": 17695,
            "kode_skpd": "7.01.0.00.0.00.02.0000",
            "nama_skpd": "Kecamatan Arma Jaya",
            "id_urusan": 17,
            "kode_urusan": "7",
            "nama_urusan": "UNSUR KEWILAYAHAN",
            "id_bidang_urusan": 243,
            "kode_bidang_urusan": "7.01",
            "nama_bidang_urusan": "KECAMATAN",
            "id_sub_skpd": 974,
            "kode_sub_skpd": "7.01.0.00.0.00.02.0000",
            "nama_sub_skpd": "Kecamatan Arma Jaya",
            "set_pagu_user": 17695,
            "set_pagu_at": "Tue, 24 Jun 2025 12:39:10 GMT",
            "id_program": 4451,
            "kode_program": "7.01.01",
            "nama_program": "PROGRAM PENUNJANG URUSAN PEMERINTAHAN DAERAH KABUPATEN/KOTA",
            "id_giat": 18375,
            "kode_giat": "7.01.01.2.05",
            "nama_giat": "Administrasi Kepegawaian Perangkat Daerah",
            "pagu_giat": 38000000.0,
            "rinci_giat": null,
            "id_sub_giat": 60625,
            "kode_sub_giat": "7.01.01.2.05.0002",
            "nama_sub_giat": "Pengadaan Pakaian Dinas beserta Atribut Kelengkapannya",
            "pagu": 8000000.0,
            "pagu_indikatif": 8000000.0,
            "rincian": null,
            "kode_bl": "974.974.4451.18375",
            "kode_sbl": "974.974.4451.18375.60625",
            "kunci_bl": 1,
            "kunci_bl_rinci": 1,
            "user_created": "EVRIYOGA PAFILES",
            "created_date": "27-03-2025",
            "created_time": "15:53",
            "user_updated": null,
            "updated_date": null,
            "updated_time": null,
            "is_locked": 0
        },
        {
            "id_sub_bl": 63137,
            "id_daerah": 473,
            "tahun": 2026,
            "id_unit": 974,
            "id_skpd": 974,
            "created_user": 17695,
            "kode_skpd": "7.01.0.00.0.00.02.0000",
            "nama_skpd": "Kecamatan Arma Jaya",
            "id_urusan": 17,
            "kode_urusan": "7",
            "nama_urusan": "UNSUR KEWILAYAHAN",
            "id_bidang_urusan": 243,
            "kode_bidang_urusan": "7.01",
            "nama_bidang_urusan": "KECAMATAN",
            "id_sub_skpd": 974,
            "kode_sub_skpd": "7.01.0.00.0.00.02.0000",
            "nama_sub_skpd": "Kecamatan Arma Jaya",
            "set_pagu_user": 17695,
            "set_pagu_at": "Tue, 24 Jun 2025 12:39:10 GMT",
            "id_program": 4451,
            "kode_program": "7.01.01",
            "nama_program": "PROGRAM PENUNJANG URUSAN PEMERINTAHAN DAERAH KABUPATEN/KOTA",
            "id_giat": 18375,
            "kode_giat": "7.01.01.2.05",
            "nama_giat": "Administrasi Kepegawaian Perangkat Daerah",
            "pagu_giat": 38000000.0,
            "rinci_giat": null,
            "id_sub_giat": 60632,
            "kode_sub_giat": "7.01.01.2.05.0009",
            "nama_sub_giat": "Pendidikan dan Pelatihan Pegawai Berdasarkan Tugas dan Fungsi",
            "pagu": 30000000.0,
            "pagu_indikatif": 30000000.0,
            "rincian": null,
            "kode_bl": "974.974.4451.18375",
            "kode_sbl": "974.974.4451.18375.60632",
            "kunci_bl": 1,
            "kunci_bl_rinci": 1,
            "user_created": "EVRIYOGA PAFILES",
            "created_date": "01-02-2025",
            "created_time": "15:04",
            "user_updated": "EVRIYOGA PAFILES",
            "updated_date": "27-03-2025",
            "updated_time": "15:54",
            "is_locked": 0
        },
        {
            "id_sub_bl": 62999,
            "id_daerah": 473,
            "tahun": 2026,
            "id_unit": 974,
            "id_skpd": 974,
            "created_user": 17695,
            "kode_skpd": "7.01.0.00.0.00.02.0000",
            "nama_skpd": "Kecamatan Arma Jaya",
            "id_urusan": 17,
            "kode_urusan": "7",
            "nama_urusan": "UNSUR KEWILAYAHAN",
            "id_bidang_urusan": 243,
            "kode_bidang_urusan": "7.01",
            "nama_bidang_urusan": "KECAMATAN",
            "id_sub_skpd": 974,
            "kode_sub_skpd": "7.01.0.00.0.00.02.0000",
            "nama_sub_skpd": "Kecamatan Arma Jaya",
            "set_pagu_user": 17695,
            "set_pagu_at": "Tue, 24 Jun 2025 12:39:10 GMT",
            "id_program": 4451,
            "kode_program": "7.01.01",
            "nama_program": "PROGRAM PENUNJANG URUSAN PEMERINTAHAN DAERAH KABUPATEN/KOTA",
            "id_giat": 18376,
            "kode_giat": "7.01.01.2.06",
            "nama_giat": "Administrasi Umum Perangkat Daerah",
            "pagu_giat": 103656000.0,
            "rinci_giat": null,
            "id_sub_giat": 60635,
            "kode_sub_giat": "7.01.01.2.06.0001",
            "nama_sub_giat": "Penyediaan Komponen Instalasi\r\n\nListrik/Penerangan Bangunan Kantor",
            "pagu": 3000000.0,
            "pagu_indikatif": 3000000.0,
            "rincian": null,
            "kode_bl": "974.974.4451.18376",
            "kode_sbl": "974.974.4451.18376.60635",
            "kunci_bl": 1,
            "kunci_bl_rinci": 1,
            "user_created": "EVRIYOGA PAFILES",
            "created_date": "31-01-2025",
            "created_time": "21:38",
            "user_updated": "EVRIYOGA PAFILES",
            "updated_date": "24-03-2025",
            "updated_time": "10:07",
            "is_locked": 0
        },
        {
            "id_sub_bl": 63004,
            "id_daerah": 473,
            "tahun": 2026,
            "id_unit": 974,
            "id_skpd": 974,
            "created_user": 17695,
            "kode_skpd": "7.01.0.00.0.00.02.0000",
            "nama_skpd": "Kecamatan Arma Jaya",
            "id_urusan": 17,
            "kode_urusan": "7",
            "nama_urusan": "UNSUR KEWILAYAHAN",
            "id_bidang_urusan": 243,
            "kode_bidang_urusan": "7.01",
            "nama_bidang_urusan": "KECAMATAN",
            "id_sub_skpd": 974,
            "kode_sub_skpd": "7.01.0.00.0.00.02.0000",
            "nama_sub_skpd": "Kecamatan Arma Jaya",
            "set_pagu_user": 17695,
            "set_pagu_at": "Tue, 24 Jun 2025 12:39:10 GMT",
            "id_program": 4451,
            "kode_program": "7.01.01",
            "nama_program": "PROGRAM PENUNJANG URUSAN PEMERINTAHAN DAERAH KABUPATEN/KOTA",
            "id_giat": 18376,
            "kode_giat": "7.01.01.2.06",
            "nama_giat": "Administrasi Umum Perangkat Daerah",
            "pagu_giat": 103656000.0,
            "rinci_giat": null,
            "id_sub_giat": 60637,
            "kode_sub_giat": "7.01.01.2.06.0003",
            "nama_sub_giat": "Penyediaan Peralatan Rumah Tangga",
            "pagu": 36156000.0,
            "pagu_indikatif": 36156000.0,
            "rincian": null,
            "kode_bl": "974.974.4451.18376",
            "kode_sbl": "974.974.4451.18376.60637",
            "kunci_bl": 1,
            "kunci_bl_rinci": 1,
            "user_created": "EVRIYOGA PAFILES",
            "created_date": "31-01-2025",
            "created_time": "21:42",
            "user_updated": "EVRIYOGA PAFILES",
            "updated_date": "27-03-2025",
            "updated_time": "16:02",
            "is_locked": 0
        },
        {
            "id_sub_bl": 63009,
            "id_daerah": 473,
            "tahun": 2026,
            "id_unit": 974,
            "id_skpd": 974,
            "created_user": 17695,
            "kode_skpd": "7.01.0.00.0.00.02.0000",
            "nama_skpd": "Kecamatan Arma Jaya",
            "id_urusan": 17,
            "kode_urusan": "7",
            "nama_urusan": "UNSUR KEWILAYAHAN",
            "id_bidang_urusan": 243,
            "kode_bidang_urusan": "7.01",
            "nama_bidang_urusan": "KECAMATAN",
            "id_sub_skpd": 974,
            "kode_sub_skpd": "7.01.0.00.0.00.02.0000",
            "nama_sub_skpd": "Kecamatan Arma Jaya",
            "set_pagu_user": 17695,
            "set_pagu_at": "Tue, 24 Jun 2025 12:39:10 GMT",
            "id_program": 4451,
            "kode_program": "7.01.01",
            "nama_program": "PROGRAM PENUNJANG URUSAN PEMERINTAHAN DAERAH KABUPATEN/KOTA",
            "id_giat": 18376,
            "kode_giat": "7.01.01.2.06",
            "nama_giat": "Administrasi Umum Perangkat Daerah",
            "pagu_giat": 103656000.0,
            "rinci_giat": null,
            "id_sub_giat": 60638,
            "kode_sub_giat": "7.01.01.2.06.0004",
            "nama_sub_giat": "Penyediaan Bahan Logistik Kantor",
            "pagu": 33000000.0,
            "pagu_indikatif": 33000000.0,
            "rincian": null,
            "kode_bl": "974.974.4451.18376",
            "kode_sbl": "974.974.4451.18376.60638",
            "kunci_bl": 1,
            "kunci_bl_rinci": 1,
            "user_created": "EVRIYOGA PAFILES",
            "created_date": "31-01-2025",
            "created_time": "21:45",
            "user_updated": "EVRIYOGA PAFILES",
            "updated_date": "24-03-2025",
            "updated_time": "10:09",
            "is_locked": 0
        },
        {
            "id_sub_bl": 63011,
            "id_daerah": 473,
            "tahun": 2026,
            "id_unit": 974,
            "id_skpd": 974,
            "created_user": 17695,
            "kode_skpd": "7.01.0.00.0.00.02.0000",
            "nama_skpd": "Kecamatan Arma Jaya",
            "id_urusan": 17,
            "kode_urusan": "7",
            "nama_urusan": "UNSUR KEWILAYAHAN",
            "id_bidang_urusan": 243,
            "kode_bidang_urusan": "7.01",
            "nama_bidang_urusan": "KECAMATAN",
            "id_sub_skpd": 974,
            "kode_sub_skpd": "7.01.0.00.0.00.02.0000",
            "nama_sub_skpd": "Kecamatan Arma Jaya",
            "set_pagu_user": 17695,
            "set_pagu_at": "Tue, 24 Jun 2025 12:39:10 GMT",
            "id_program": 4451,
            "kode_program": "7.01.01",
            "nama_program": "PROGRAM PENUNJANG URUSAN PEMERINTAHAN DAERAH KABUPATEN/KOTA",
            "id_giat": 18376,
            "kode_giat": "7.01.01.2.06",
            "nama_giat": "Administrasi Umum Perangkat Daerah",
            "pagu_giat": 103656000.0,
            "rinci_giat": null,
            "id_sub_giat": 60639,
            "kode_sub_giat": "7.01.01.2.06.0005",
            "nama_sub_giat": "Penyediaan Barang Cetakan dan Penggandaan",
            "pagu": 3500000.0,
            "pagu_indikatif": 3500000.0,
            "rincian": null,
            "kode_bl": "974.974.4451.18376",
            "kode_sbl": "974.974.4451.18376.60639",
            "kunci_bl": 1,
            "kunci_bl_rinci": 1,
            "user_created": "EVRIYOGA PAFILES",
            "created_date": "31-01-2025",
            "created_time": "21:48",
            "user_updated": "EVRIYOGA PAFILES",
            "updated_date": "24-03-2025",
            "updated_time": "10:10",
            "is_locked": 0
        },
        {
            "id_sub_bl": 63015,
            "id_daerah": 473,
            "tahun": 2026,
            "id_unit": 974,
            "id_skpd": 974,
            "created_user": 17695,
            "kode_skpd": "7.01.0.00.0.00.02.0000",
            "nama_skpd": "Kecamatan Arma Jaya",
            "id_urusan": 17,
            "kode_urusan": "7",
            "nama_urusan": "UNSUR KEWILAYAHAN",
            "id_bidang_urusan": 243,
            "kode_bidang_urusan": "7.01",
            "nama_bidang_urusan": "KECAMATAN",
            "id_sub_skpd": 974,
            "kode_sub_skpd": "7.01.0.00.0.00.02.0000",
            "nama_sub_skpd": "Kecamatan Arma Jaya",
            "set_pagu_user": 17695,
            "set_pagu_at": "Tue, 24 Jun 2025 12:39:10 GMT",
            "id_program": 4451,
            "kode_program": "7.01.01",
            "nama_program": "PROGRAM PENUNJANG URUSAN PEMERINTAHAN DAERAH KABUPATEN/KOTA",
            "id_giat": 18376,
            "kode_giat": "7.01.01.2.06",
            "nama_giat": "Administrasi Umum Perangkat Daerah",
            "pagu_giat": 103656000.0,
            "rinci_giat": null,
            "id_sub_giat": 60640,
            "kode_sub_giat": "7.01.01.2.06.0006",
            "nama_sub_giat": "Penyediaan Bahan Bacaan dan Peraturan Perundang-undangan",
            "pagu": 3000000.0,
            "pagu_indikatif": 3000000.0,
            "rincian": null,
            "kode_bl": "974.974.4451.18376",
            "kode_sbl": "974.974.4451.18376.60640",
            "kunci_bl": 1,
            "kunci_bl_rinci": 1,
            "user_created": "EVRIYOGA PAFILES",
            "created_date": "31-01-2025",
            "created_time": "21:51",
            "user_updated": "EVRIYOGA PAFILES",
            "updated_date": "24-03-2025",
            "updated_time": "10:12",
            "is_locked": 0
        },
        {
            "id_sub_bl": 63023,
            "id_daerah": 473,
            "tahun": 2026,
            "id_unit": 974,
            "id_skpd": 974,
            "created_user": 17695,
            "kode_skpd": "7.01.0.00.0.00.02.0000",
            "nama_skpd": "Kecamatan Arma Jaya",
            "id_urusan": 17,
            "kode_urusan": "7",
            "nama_urusan": "UNSUR KEWILAYAHAN",
            "id_bidang_urusan": 243,
            "kode_bidang_urusan": "7.01",
            "nama_bidang_urusan": "KECAMATAN",
            "id_sub_skpd": 974,
            "kode_sub_skpd": "7.01.0.00.0.00.02.0000",
            "nama_sub_skpd": "Kecamatan Arma Jaya",
            "set_pagu_user": 17695,
            "set_pagu_at": "Tue, 24 Jun 2025 12:39:10 GMT",
            "id_program": 4451,
            "kode_program": "7.01.01",
            "nama_program": "PROGRAM PENUNJANG URUSAN PEMERINTAHAN DAERAH KABUPATEN/KOTA",
            "id_giat": 18376,
            "kode_giat": "7.01.01.2.06",
            "nama_giat": "Administrasi Umum Perangkat Daerah",
            "pagu_giat": 103656000.0,
            "rinci_giat": null,
            "id_sub_giat": 60643,
            "kode_sub_giat": "7.01.01.2.06.0009",
            "nama_sub_giat": "Penyelenggaraan Rapat Koordinasi dan Konsultasi SKPD",
            "pagu": 25000000.0,
            "pagu_indikatif": 25000000.0,
            "rincian": null,
            "kode_bl": "974.974.4451.18376",
            "kode_sbl": "974.974.4451.18376.60643",
            "kunci_bl": 1,
            "kunci_bl_rinci": 1,
            "user_created": "EVRIYOGA PAFILES",
            "created_date": "31-01-2025",
            "created_time": "21:57",
            "user_updated": "EVRIYOGA PAFILES",
            "updated_date": "27-03-2025",
            "updated_time": "16:06",
            "is_locked": 0
        },
        {
            "id_sub_bl": 73425,
            "id_daerah": 473,
            "tahun": 2026,
            "id_unit": 974,
            "id_skpd": 974,
            "created_user": 17695,
            "kode_skpd": "7.01.0.00.0.00.02.0000",
            "nama_skpd": "Kecamatan Arma Jaya",
            "id_urusan": 17,
            "kode_urusan": "7",
            "nama_urusan": "UNSUR KEWILAYAHAN",
            "id_bidang_urusan": 243,
            "kode_bidang_urusan": "7.01",
            "nama_bidang_urusan": "KECAMATAN",
            "id_sub_skpd": 974,
            "kode_sub_skpd": "7.01.0.00.0.00.02.0000",
            "nama_sub_skpd": "Kecamatan Arma Jaya",
            "set_pagu_user": 17695,
            "set_pagu_at": "Tue, 24 Jun 2025 12:39:10 GMT",
            "id_program": 4451,
            "kode_program": "7.01.01",
            "nama_program": "PROGRAM PENUNJANG URUSAN PEMERINTAHAN DAERAH KABUPATEN/KOTA",
            "id_giat": 18377,
            "kode_giat": "7.01.01.2.07",
            "nama_giat": "Pengadaan Barang Milik Daerah Penunjang Urusan Pemerintah Daerah",
            "pagu_giat": 60000000.0,
            "rinci_giat": null,
            "id_sub_giat": 60650,
            "kode_sub_giat": "7.01.01.2.07.0005",
            "nama_sub_giat": "Pengadaan Mebel",
            "pagu": 20000000.0,
            "pagu_indikatif": 20000000.0,
            "rincian": null,
            "kode_bl": "974.974.4451.18377",
            "kode_sbl": "974.974.4451.18377.60650",
            "kunci_bl": 1,
            "kunci_bl_rinci": 1,
            "user_created": "EVRIYOGA PAFILES",
            "created_date": "27-03-2025",
            "created_time": "16:12",
            "user_updated": null,
            "updated_date": null,
            "updated_time": null,
            "is_locked": 0
        },
        {
            "id_sub_bl": 63036,
            "id_daerah": 473,
            "tahun": 2026,
            "id_unit": 974,
            "id_skpd": 974,
            "created_user": 17695,
            "kode_skpd": "7.01.0.00.0.00.02.0000",
            "nama_skpd": "Kecamatan Arma Jaya",
            "id_urusan": 17,
            "kode_urusan": "7",
            "nama_urusan": "UNSUR KEWILAYAHAN",
            "id_bidang_urusan": 243,
            "kode_bidang_urusan": "7.01",
            "nama_bidang_urusan": "KECAMATAN",
            "id_sub_skpd": 974,
            "kode_sub_skpd": "7.01.0.00.0.00.02.0000",
            "nama_sub_skpd": "Kecamatan Arma Jaya",
            "set_pagu_user": 17695,
            "set_pagu_at": "Tue, 24 Jun 2025 12:39:10 GMT",
            "id_program": 4451,
            "kode_program": "7.01.01",
            "nama_program": "PROGRAM PENUNJANG URUSAN PEMERINTAHAN DAERAH KABUPATEN/KOTA",
            "id_giat": 18377,
            "kode_giat": "7.01.01.2.07",
            "nama_giat": "Pengadaan Barang Milik Daerah Penunjang Urusan Pemerintah Daerah",
            "pagu_giat": 60000000.0,
            "rinci_giat": null,
            "id_sub_giat": 60651,
            "kode_sub_giat": "7.01.01.2.07.0006",
            "nama_sub_giat": "Pengadaan Peralatan dan Mesin Lainnya",
            "pagu": 15000000.0,
            "pagu_indikatif": 15000000.0,
            "rincian": null,
            "kode_bl": "974.974.4451.18377",
            "kode_sbl": "974.974.4451.18377.60651",
            "kunci_bl": 1,
            "kunci_bl_rinci": 1,
            "user_created": "EVRIYOGA PAFILES",
            "created_date": "31-01-2025",
            "created_time": "22:04",
            "user_updated": "EVRIYOGA PAFILES",
            "updated_date": "24-03-2025",
            "updated_time": "10:14",
            "is_locked": 0
        },
        {
            "id_sub_bl": 63049,
            "id_daerah": 473,
            "tahun": 2026,
            "id_unit": 974,
            "id_skpd": 974,
            "created_user": 17695,
            "kode_skpd": "7.01.0.00.0.00.02.0000",
            "nama_skpd": "Kecamatan Arma Jaya",
            "id_urusan": 17,
            "kode_urusan": "7",
            "nama_urusan": "UNSUR KEWILAYAHAN",
            "id_bidang_urusan": 243,
            "kode_bidang_urusan": "7.01",
            "nama_bidang_urusan": "KECAMATAN",
            "id_sub_skpd": 974,
            "kode_sub_skpd": "7.01.0.00.0.00.02.0000",
            "nama_sub_skpd": "Kecamatan Arma Jaya",
            "set_pagu_user": 17695,
            "set_pagu_at": "Tue, 24 Jun 2025 12:39:10 GMT",
            "id_program": 4451,
            "kode_program": "7.01.01",
            "nama_program": "PROGRAM PENUNJANG URUSAN PEMERINTAHAN DAERAH KABUPATEN/KOTA",
            "id_giat": 18378,
            "kode_giat": "7.01.01.2.08",
            "nama_giat": "Penyediaan Jasa Penunjang Urusan Pemerintahan Daerah",
            "pagu_giat": 74000000.0,
            "rinci_giat": null,
            "id_sub_giat": 60658,
            "kode_sub_giat": "7.01.01.2.08.0002",
            "nama_sub_giat": "Penyediaan Jasa Komunikasi, Sumber Daya Air dan Listrik",
            "pagu": 23000000.0,
            "pagu_indikatif": 23000000.0,
            "rincian": null,
            "kode_bl": "974.974.4451.18378",
            "kode_sbl": "974.974.4451.18378.60658",
            "kunci_bl": 1,
            "kunci_bl_rinci": 1,
            "user_created": "EVRIYOGA PAFILES",
            "created_date": "31-01-2025",
            "created_time": "22:15",
            "user_updated": "EVRIYOGA PAFILES",
            "updated_date": "24-03-2025",
            "updated_time": "10:18",
            "is_locked": 0
        },
        {
            "id_sub_bl": 63058,
            "id_daerah": 473,
            "tahun": 2026,
            "id_unit": 974,
            "id_skpd": 974,
            "created_user": 17695,
            "kode_skpd": "7.01.0.00.0.00.02.0000",
            "nama_skpd": "Kecamatan Arma Jaya",
            "id_urusan": 17,
            "kode_urusan": "7",
            "nama_urusan": "UNSUR KEWILAYAHAN",
            "id_bidang_urusan": 243,
            "kode_bidang_urusan": "7.01",
            "nama_bidang_urusan": "KECAMATAN",
            "id_sub_skpd": 974,
            "kode_sub_skpd": "7.01.0.00.0.00.02.0000",
            "nama_sub_skpd": "Kecamatan Arma Jaya",
            "set_pagu_user": 17695,
            "set_pagu_at": "Tue, 24 Jun 2025 12:39:10 GMT",
            "id_program": 4451,
            "kode_program": "7.01.01",
            "nama_program": "PROGRAM PENUNJANG URUSAN PEMERINTAHAN DAERAH KABUPATEN/KOTA",
            "id_giat": 18378,
            "kode_giat": "7.01.01.2.08",
            "nama_giat": "Penyediaan Jasa Penunjang Urusan Pemerintahan Daerah",
            "pagu_giat": 74000000.0,
            "rinci_giat": null,
            "id_sub_giat": 60660,
            "kode_sub_giat": "7.01.01.2.08.0004",
            "nama_sub_giat": "Penyediaan Jasa Pelayanan Umum Kantor",
            "pagu": 47000000.0,
            "pagu_indikatif": 47000000.0,
            "rincian": null,
            "kode_bl": "974.974.4451.18378",
            "kode_sbl": "974.974.4451.18378.60660",
            "kunci_bl": 1,
            "kunci_bl_rinci": 1,
            "user_created": "EVRIYOGA PAFILES",
            "created_date": "31-01-2025",
            "created_time": "22:21",
            "user_updated": "EVRIYOGA PAFILES",
            "updated_date": "27-03-2025",
            "updated_time": "16:17",
            "is_locked": 0
        },
        {
            "id_sub_bl": 63069,
            "id_daerah": 473,
            "tahun": 2026,
            "id_unit": 974,
            "id_skpd": 974,
            "created_user": 17695,
            "kode_skpd": "7.01.0.00.0.00.02.0000",
            "nama_skpd": "Kecamatan Arma Jaya",
            "id_urusan": 17,
            "kode_urusan": "7",
            "nama_urusan": "UNSUR KEWILAYAHAN",
            "id_bidang_urusan": 243,
            "kode_bidang_urusan": "7.01",
            "nama_bidang_urusan": "KECAMATAN",
            "id_sub_skpd": 974,
            "kode_sub_skpd": "7.01.0.00.0.00.02.0000",
            "nama_sub_skpd": "Kecamatan Arma Jaya",
            "set_pagu_user": 17695,
            "set_pagu_at": "Tue, 24 Jun 2025 12:39:10 GMT",
            "id_program": 4451,
            "kode_program": "7.01.01",
            "nama_program": "PROGRAM PENUNJANG URUSAN PEMERINTAHAN DAERAH KABUPATEN/KOTA",
            "id_giat": 18379,
            "kode_giat": "7.01.01.2.09",
            "nama_giat": "Pemeliharaan Barang Milik Daerah Penunjang Urusan Pemerintahan Daerah",
            "pagu_giat": 172500000.0,
            "rinci_giat": null,
            "id_sub_giat": 60662,
            "kode_sub_giat": "7.01.01.2.09.0002",
            "nama_sub_giat": "Penyediaan Jasa Pemeliharaan, Biaya Pemeliharaan, Pajak dan Perizinan Kendaraan Dinas Operasional atau Lapangan",
            "pagu": 50000000.0,
            "pagu_indikatif": 50000000.0,
            "rincian": null,
            "kode_bl": "974.974.4451.18379",
            "kode_sbl": "974.974.4451.18379.60662",
            "kunci_bl": 1,
            "kunci_bl_rinci": 1,
            "user_created": "EVRIYOGA PAFILES",
            "created_date": "31-01-2025",
            "created_time": "22:30",
            "user_updated": "EVRIYOGA PAFILES",
            "updated_date": "27-03-2025",
            "updated_time": "16:18",
            "is_locked": 0
        },
        {
            "id_sub_bl": 63095,
            "id_daerah": 473,
            "tahun": 2026,
            "id_unit": 974,
            "id_skpd": 974,
            "created_user": 17695,
            "kode_skpd": "7.01.0.00.0.00.02.0000",
            "nama_skpd": "Kecamatan Arma Jaya",
            "id_urusan": 17,
            "kode_urusan": "7",
            "nama_urusan": "UNSUR KEWILAYAHAN",
            "id_bidang_urusan": 243,
            "kode_bidang_urusan": "7.01",
            "nama_bidang_urusan": "KECAMATAN",
            "id_sub_skpd": 974,
            "kode_sub_skpd": "7.01.0.00.0.00.02.0000",
            "nama_sub_skpd": "Kecamatan Arma Jaya",
            "set_pagu_user": 17695,
            "set_pagu_at": "Tue, 24 Jun 2025 12:39:10 GMT",
            "id_program": 4451,
            "kode_program": "7.01.01",
            "nama_program": "PROGRAM PENUNJANG URUSAN PEMERINTAHAN DAERAH KABUPATEN/KOTA",
            "id_giat": 18379,
            "kode_giat": "7.01.01.2.09",
            "nama_giat": "Pemeliharaan Barang Milik Daerah Penunjang Urusan Pemerintahan Daerah",
            "pagu_giat": 172500000.0,
            "rinci_giat": null,
            "id_sub_giat": 60666,
            "kode_sub_giat": "7.01.01.2.09.0006",
            "nama_sub_giat": "Pemeliharaan Peralatan dan Mesin Lainnya",
            "pagu": 2500000.0,
            "pagu_indikatif": 2500000.0,
            "rincian": null,
            "kode_bl": "974.974.4451.18379",
            "kode_sbl": "974.974.4451.18379.60666",
            "kunci_bl": 1,
            "kunci_bl_rinci": 1,
            "user_created": "EVRIYOGA PAFILES",
            "created_date": "31-01-2025",
            "created_time": "22:59",
            "user_updated": "EVRIYOGA PAFILES",
            "updated_date": "24-03-2025",
            "updated_time": "10:22",
            "is_locked": 0
        },
        {
            "id_sub_bl": 63076,
            "id_daerah": 473,
            "tahun": 2026,
            "id_unit": 974,
            "id_skpd": 974,
            "created_user": 17695,
            "kode_skpd": "7.01.0.00.0.00.02.0000",
            "nama_skpd": "Kecamatan Arma Jaya",
            "id_urusan": 17,
            "kode_urusan": "7",
            "nama_urusan": "UNSUR KEWILAYAHAN",
            "id_bidang_urusan": 243,
            "kode_bidang_urusan": "7.01",
            "nama_bidang_urusan": "KECAMATAN",
            "id_sub_skpd": 974,
            "kode_sub_skpd": "7.01.0.00.0.00.02.0000",
            "nama_sub_skpd": "Kecamatan Arma Jaya",
            "set_pagu_user": 17695,
            "set_pagu_at": "Tue, 24 Jun 2025 12:39:10 GMT",
            "id_program": 4451,
            "kode_program": "7.01.01",
            "nama_program": "PROGRAM PENUNJANG URUSAN PEMERINTAHAN DAERAH KABUPATEN/KOTA",
            "id_giat": 18379,
            "kode_giat": "7.01.01.2.09",
            "nama_giat": "Pemeliharaan Barang Milik Daerah Penunjang Urusan Pemerintahan Daerah",
            "pagu_giat": 172500000.0,
            "rinci_giat": null,
            "id_sub_giat": 60671,
            "kode_sub_giat": "7.01.01.2.09.0011",
            "nama_sub_giat": "Pemeliharaan/Rehabilitasi Sarana dan Prasarana Pendukung Gedung Kantor atau Bangunan Lainnya",
            "pagu": 120000000.0,
            "pagu_indikatif": 120000000.0,
            "rincian": null,
            "kode_bl": "974.974.4451.18379",
            "kode_sbl": "974.974.4451.18379.60671",
            "kunci_bl": 1,
            "kunci_bl_rinci": 1,
            "user_created": "EVRIYOGA PAFILES",
            "created_date": "31-01-2025",
            "created_time": "22:36",
            "user_updated": "EVRIYOGA PAFILES",
            "updated_date": "27-03-2025",
            "updated_time": "16:20",
            "is_locked": 0
        },
        {
            "id_sub_bl": 63079,
            "id_daerah": 473,
            "tahun": 2026,
            "id_unit": 974,
            "id_skpd": 974,
            "created_user": 17695,
            "kode_skpd": "7.01.0.00.0.00.02.0000",
            "nama_skpd": "Kecamatan Arma Jaya",
            "id_urusan": 17,
            "kode_urusan": "7",
            "nama_urusan": "UNSUR KEWILAYAHAN",
            "id_bidang_urusan": 243,
            "kode_bidang_urusan": "7.01",
            "nama_bidang_urusan": "KECAMATAN",
            "id_sub_skpd": 1029,
            "kode_sub_skpd": "7.01.0.00.0.00.02.0001",
            "nama_sub_skpd": "Kelurahan Kemumu",
            "set_pagu_user": 0,
            "set_pagu_at": null,
            "id_program": 4418,
            "kode_program": "7.01.03",
            "nama_program": "PROGRAM PEMBERDAYAAN MASYARAKAT DESA DAN KELURAHAN",
            "id_giat": 18280,
            "kode_giat": "7.01.03.2.02",
            "nama_giat": "Kegiatan Pemberdayaan Kelurahan",
            "pagu_giat": 310000000.0,
            "rinci_giat": null,
            "id_sub_giat": 59916,
            "kode_sub_giat": "7.01.03.2.02.0001",
            "nama_sub_giat": "Peningkatan Partisipasi Masyarakat dalam Forum Musyawarah Perencanaan Pembangunan di Kelurahan",
            "pagu": 10000000.0,
            "pagu_indikatif": 10000000.0,
            "rincian": null,
            "kode_bl": "974.1029.4418.18280",
            "kode_sbl": "974.1029.4418.18280.59916",
            "kunci_bl": 1,
            "kunci_bl_rinci": 1,
            "user_created": "EVRIYOGA PAFILES",
            "created_date": "31-01-2025",
            "created_time": "22:38",
            "user_updated": "EVRIYOGA PAFILES",
            "updated_date": "25-06-2025",
            "updated_time": "11:49",
            "is_locked": 0
        },
        {
            "id_sub_bl": 66533,
            "id_daerah": 473,
            "tahun": 2026,
            "id_unit": 974,
            "id_skpd": 974,
            "created_user": 17695,
            "kode_skpd": "7.01.0.00.0.00.02.0000",
            "nama_skpd": "Kecamatan Arma Jaya",
            "id_urusan": 17,
            "kode_urusan": "7",
            "nama_urusan": "UNSUR KEWILAYAHAN",
            "id_bidang_urusan": 243,
            "kode_bidang_urusan": "7.01",
            "nama_bidang_urusan": "KECAMATAN",
            "id_sub_skpd": 1029,
            "kode_sub_skpd": "7.01.0.00.0.00.02.0001",
            "nama_sub_skpd": "Kelurahan Kemumu",
            "set_pagu_user": 0,
            "set_pagu_at": null,
            "id_program": 4418,
            "kode_program": "7.01.03",
            "nama_program": "PROGRAM PEMBERDAYAAN MASYARAKAT DESA DAN KELURAHAN",
            "id_giat": 18280,
            "kode_giat": "7.01.03.2.02",
            "nama_giat": "Kegiatan Pemberdayaan Kelurahan",
            "pagu_giat": 310000000.0,
            "rinci_giat": null,
            "id_sub_giat": 59917,
            "kode_sub_giat": "7.01.03.2.02.0002",
            "nama_sub_giat": "Pembangunan Sarana dan Prasarana Kelurahan",
            "pagu": 200000000.0,
            "pagu_indikatif": 200000000.0,
            "rincian": null,
            "kode_bl": "974.1029.4418.18280",
            "kode_sbl": "974.1029.4418.18280.59917",
            "kunci_bl": 1,
            "kunci_bl_rinci": 1,
            "user_created": "EVRIYOGA PAFILES",
            "created_date": "14-02-2025",
            "created_time": "19:31",
            "user_updated": "EVRIYOGA PAFILES",
            "updated_date": "25-06-2025",
            "updated_time": "11:50",
            "is_locked": 0
        },
        {
            "id_sub_bl": 63087,
            "id_daerah": 473,
            "tahun": 2026,
            "id_unit": 974,
            "id_skpd": 974,
            "created_user": 17695,
            "kode_skpd": "7.01.0.00.0.00.02.0000",
            "nama_skpd": "Kecamatan Arma Jaya",
            "id_urusan": 17,
            "kode_urusan": "7",
            "nama_urusan": "UNSUR KEWILAYAHAN",
            "id_bidang_urusan": 243,
            "kode_bidang_urusan": "7.01",
            "nama_bidang_urusan": "KECAMATAN",
            "id_sub_skpd": 1029,
            "kode_sub_skpd": "7.01.0.00.0.00.02.0001",
            "nama_sub_skpd": "Kelurahan Kemumu",
            "set_pagu_user": 0,
            "set_pagu_at": null,
            "id_program": 4418,
            "kode_program": "7.01.03",
            "nama_program": "PROGRAM PEMBERDAYAAN MASYARAKAT DESA DAN KELURAHAN",
            "id_giat": 18280,
            "kode_giat": "7.01.03.2.02",
            "nama_giat": "Kegiatan Pemberdayaan Kelurahan",
            "pagu_giat": 310000000.0,
            "rinci_giat": null,
            "id_sub_giat": 59918,
            "kode_sub_giat": "7.01.03.2.02.0003",
            "nama_sub_giat": "Pemberdayaan Masyarakat di Kelurahan",
            "pagu": 100000000.0,
            "pagu_indikatif": 100000000.0,
            "rincian": null,
            "kode_bl": "974.1029.4418.18280",
            "kode_sbl": "974.1029.4418.18280.59918",
            "kunci_bl": 1,
            "kunci_bl_rinci": 1,
            "user_created": "EVRIYOGA PAFILES",
            "created_date": "31-01-2025",
            "created_time": "22:44",
            "user_updated": "EVRIYOGA PAFILES",
            "updated_date": "25-06-2025",
            "updated_time": "11:51",
            "is_locked": 0
        }
    ]