[
        {
            "id_sub_bl": 60208,
            "id_daerah": 473,
            "tahun": 2026,
            "id_unit": 663,
            "id_skpd": 663,
            "created_user": 262924,
            "kode_skpd": "7.01.0.00.0.00.04.0000",
            "nama_skpd": "Kecamatan Air Napal",
            "id_urusan": 17,
            "kode_urusan": "7",
            "nama_urusan": "UNSUR KEWILAYAHAN",
            "id_bidang_urusan": 243,
            "kode_bidang_urusan": "7.01",
            "nama_bidang_urusan": "KECAMATAN",
            "id_sub_skpd": 663,
            "kode_sub_skpd": "7.01.0.00.0.00.04.0000",
            "nama_sub_skpd": "Kecamatan Air Napal",
            "set_pagu_user": 262924,
            "set_pagu_at": "Tue, 25 Mar 2025 15:21:38 GMT",
            "id_program": 4418,
            "kode_program": "7.01.03",
            "nama_program": "PROGRAM PEMBERDAYAAN MASYARAKAT DESA DAN KELURAHAN",
            "id_giat": 18279,
            "kode_giat": "7.01.03.2.01",
            "nama_giat": "Koordinasi Kegiatan Pemberdayaan Desa",
            "pagu_giat": 20000000.0,
            "rinci_giat": null,
            "id_sub_giat": 59913,
            "kode_sub_giat": "7.01.03.2.01.0001",
            "nama_sub_giat": "Peningkatan Partisipasi Masyarakat dalam Forum Musyawarah Perencanaan Pembangunan di Desa",
            "pagu": 20000000.0,
            "pagu_indikatif": 20000000.0,
            "rincian": null,
            "kode_bl": "663.663.4418.18279",
            "kode_sbl": "663.663.4418.18279.59913",
            "kunci_bl": 1,
            "kunci_bl_rinci": 1,
            "user_created": "Amir Makhmud, SE",
            "created_date": "23-01-2025",
            "created_time": "22:11",
            "user_updated": "Amir Makhmud, SE",
            "updated_date": "25-03-2025",
            "updated_time": "15:16",
            "is_locked": 0
        },
        {
            "id_sub_bl": 60207,
            "id_daerah": 473,
            "tahun": 2026,
            "id_unit": 663,
            "id_skpd": 663,
            "created_user": 262924,
            "kode_skpd": "7.01.0.00.0.00.04.0000",
            "nama_skpd": "Kecamatan Air Napal",
            "id_urusan": 17,
            "kode_urusan": "7",
            "nama_urusan": "UNSUR KEWILAYAHAN",
            "id_bidang_urusan": 243,
            "kode_bidang_urusan": "7.01",
            "nama_bidang_urusan": "KECAMATAN",
            "id_sub_skpd": 663,
            "kode_sub_skpd": "7.01.0.00.0.00.04.0000",
            "nama_sub_skpd": "Kecamatan Air Napal",
            "set_pagu_user": 262924,
            "set_pagu_at": "Tue, 25 Mar 2025 15:21:38 GMT",
            "id_program": 4423,
            "kode_program": "7.01.06",
            "nama_program": "PROGRAM PEMBINAAN DAN PENGAWASAN PEMERINTAHAN DESA",
            "id_giat": 18290,
            "kode_giat": "7.01.06.2.01",
            "nama_giat": "Fasilitasi, Rekomendasi dan Koordinasi\n\nPembinaan dan Pengawasan Pemerintahan Desa",
            "pagu_giat": 133000000.0,
            "rinci_giat": null,
            "id_sub_giat": 59975,
            "kode_sub_giat": "7.01.06.2.01.0016",
            "nama_sub_giat": "Fasilitasi Penyusunan Program dan Pelaksanaan Pemberdayaan Masyarakat Desa",
            "pagu": 133000000.0,
            "pagu_indikatif": 133000000.0,
            "rincian": null,
            "kode_bl": "663.663.4423.18290",
            "kode_sbl": "663.663.4423.18290.59975",
            "kunci_bl": 1,
            "kunci_bl_rinci": 1,
            "user_created": "Amir Makhmud, SE",
            "created_date": "23-01-2025",
            "created_time": "22:09",
            "user_updated": "Amir Makhmud, SE",
            "updated_date": "25-03-2025",
            "updated_time": "15:17",
            "is_locked": 0
        },
        {
            "id_sub_bl": 60211,
            "id_daerah": 473,
            "tahun": 2026,
            "id_unit": 663,
            "id_skpd": 663,
            "created_user": 262924,
            "kode_skpd": "7.01.0.00.0.00.04.0000",
            "nama_skpd": "Kecamatan Air Napal",
            "id_urusan": 17,
            "kode_urusan": "7",
            "nama_urusan": "UNSUR KEWILAYAHAN",
            "id_bidang_urusan": 243,
            "kode_bidang_urusan": "7.01",
            "nama_bidang_urusan": "KECAMATAN",
            "id_sub_skpd": 663,
            "kode_sub_skpd": "7.01.0.00.0.00.04.0000",
            "nama_sub_skpd": "Kecamatan Air Napal",
            "set_pagu_user": 262924,
            "set_pagu_at": "Tue, 25 Mar 2025 15:21:38 GMT",
            "id_program": 4451,
            "kode_program": "7.01.01",
            "nama_program": "PROGRAM PENUNJANG URUSAN PEMERINTAHAN DAERAH KABUPATEN/KOTA",
            "id_giat": 18371,
            "kode_giat": "7.01.01.2.01",
            "nama_giat": "Perencanaan, Penganggaran, dan Evaluasi Kinerja Perangkat Daerah",
            "pagu_giat": 19300000.0,
            "rinci_giat": null,
            "id_sub_giat": 60589,
            "kode_sub_giat": "7.01.01.2.01.0001",
            "nama_sub_giat": "Penyusunan Dokumen Perencanaan Perangkat Daerah",
            "pagu": 4500000.0,
            "pagu_indikatif": 4500000.0,
            "rincian": null,
            "kode_bl": "663.663.4451.18371",
            "kode_sbl": "663.663.4451.18371.60589",
            "kunci_bl": 1,
            "kunci_bl_rinci": 1,
            "user_created": "Amir Makhmud, SE",
            "created_date": "23-01-2025",
            "created_time": "22:37",
            "user_updated": "Amir Makhmud, SE",
            "updated_date": "25-03-2025",
            "updated_time": "15:01",
            "is_locked": 0
        },
        {
            "id_sub_bl": 60212,
            "id_daerah": 473,
            "tahun": 2026,
            "id_unit": 663,
            "id_skpd": 663,
            "created_user": 262924,
            "kode_skpd": "7.01.0.00.0.00.04.0000",
            "nama_skpd": "Kecamatan Air Napal",
            "id_urusan": 17,
            "kode_urusan": "7",
            "nama_urusan": "UNSUR KEWILAYAHAN",
            "id_bidang_urusan": 243,
            "kode_bidang_urusan": "7.01",
            "nama_bidang_urusan": "KECAMATAN",
            "id_sub_skpd": 663,
            "kode_sub_skpd": "7.01.0.00.0.00.04.0000",
            "nama_sub_skpd": "Kecamatan Air Napal",
            "set_pagu_user": 262924,
            "set_pagu_at": "Tue, 25 Mar 2025 15:21:38 GMT",
            "id_program": 4451,
            "kode_program": "7.01.01",
            "nama_program": "PROGRAM PENUNJANG URUSAN PEMERINTAHAN DAERAH KABUPATEN/KOTA",
            "id_giat": 18371,
            "kode_giat": "7.01.01.2.01",
            "nama_giat": "Perencanaan, Penganggaran, dan Evaluasi Kinerja Perangkat Daerah",
            "pagu_giat": 19300000.0,
            "rinci_giat": null,
            "id_sub_giat": 60590,
            "kode_sub_giat": "7.01.01.2.01.0002",
            "nama_sub_giat": "Koordinasi dan Penyusunan Dokumen RKA-SKPD",
            "pagu": 4700000.0,
            "pagu_indikatif": 4700000.0,
            "rincian": null,
            "kode_bl": "663.663.4451.18371",
            "kode_sbl": "663.663.4451.18371.60590",
            "kunci_bl": 1,
            "kunci_bl_rinci": 1,
            "user_created": "Amir Makhmud, SE",
            "created_date": "23-01-2025",
            "created_time": "22:40",
            "user_updated": "Amir Makhmud, SE",
            "updated_date": "25-03-2025",
            "updated_time": "15:01",
            "is_locked": 0
        },
        {
            "id_sub_bl": 60213,
            "id_daerah": 473,
            "tahun": 2026,
            "id_unit": 663,
            "id_skpd": 663,
            "created_user": 262924,
            "kode_skpd": "7.01.0.00.0.00.04.0000",
            "nama_skpd": "Kecamatan Air Napal",
            "id_urusan": 17,
            "kode_urusan": "7",
            "nama_urusan": "UNSUR KEWILAYAHAN",
            "id_bidang_urusan": 243,
            "kode_bidang_urusan": "7.01",
            "nama_bidang_urusan": "KECAMATAN",
            "id_sub_skpd": 663,
            "kode_sub_skpd": "7.01.0.00.0.00.04.0000",
            "nama_sub_skpd": "Kecamatan Air Napal",
            "set_pagu_user": 262924,
            "set_pagu_at": "Tue, 25 Mar 2025 15:21:38 GMT",
            "id_program": 4451,
            "kode_program": "7.01.01",
            "nama_program": "PROGRAM PENUNJANG URUSAN PEMERINTAHAN DAERAH KABUPATEN/KOTA",
            "id_giat": 18371,
            "kode_giat": "7.01.01.2.01",
            "nama_giat": "Perencanaan, Penganggaran, dan Evaluasi Kinerja Perangkat Daerah",
            "pagu_giat": 19300000.0,
            "rinci_giat": null,
            "id_sub_giat": 60592,
            "kode_sub_giat": "7.01.01.2.01.0004",
            "nama_sub_giat": "Koordinasi dan Penyusunan DPA-SKPD",
            "pagu": 4700000.0,
            "pagu_indikatif": 4700000.0,
            "rincian": null,
            "kode_bl": "663.663.4451.18371",
            "kode_sbl": "663.663.4451.18371.60592",
            "kunci_bl": 1,
            "kunci_bl_rinci": 1,
            "user_created": "Amir Makhmud, SE",
            "created_date": "23-01-2025",
            "created_time": "22:44",
            "user_updated": "Amir Makhmud, SE",
            "updated_date": "25-03-2025",
            "updated_time": "15:01",
            "is_locked": 0
        },
        {
            "id_sub_bl": 60214,
            "id_daerah": 473,
            "tahun": 2026,
            "id_unit": 663,
            "id_skpd": 663,
            "created_user": 262924,
            "kode_skpd": "7.01.0.00.0.00.04.0000",
            "nama_skpd": "Kecamatan Air Napal",
            "id_urusan": 17,
            "kode_urusan": "7",
            "nama_urusan": "UNSUR KEWILAYAHAN",
            "id_bidang_urusan": 243,
            "kode_bidang_urusan": "7.01",
            "nama_bidang_urusan": "KECAMATAN",
            "id_sub_skpd": 663,
            "kode_sub_skpd": "7.01.0.00.0.00.04.0000",
            "nama_sub_skpd": "Kecamatan Air Napal",
            "set_pagu_user": 262924,
            "set_pagu_at": "Tue, 25 Mar 2025 15:21:38 GMT",
            "id_program": 4451,
            "kode_program": "7.01.01",
            "nama_program": "PROGRAM PENUNJANG URUSAN PEMERINTAHAN DAERAH KABUPATEN/KOTA",
            "id_giat": 18371,
            "kode_giat": "7.01.01.2.01",
            "nama_giat": "Perencanaan, Penganggaran, dan Evaluasi Kinerja Perangkat Daerah",
            "pagu_giat": 19300000.0,
            "rinci_giat": null,
            "id_sub_giat": 60594,
            "kode_sub_giat": "7.01.01.2.01.0006",
            "nama_sub_giat": "Koordinasi dan Penyusunan Laporan Capaian Kinerja dan Ikhtisar Realisasi Kinerja SKPD",
            "pagu": 2700000.0,
            "pagu_indikatif": 2700000.0,
            "rincian": null,
            "kode_bl": "663.663.4451.18371",
            "kode_sbl": "663.663.4451.18371.60594",
            "kunci_bl": 1,
            "kunci_bl_rinci": 1,
            "user_created": "Amir Makhmud, SE",
            "created_date": "23-01-2025",
            "created_time": "22:46",
            "user_updated": "Amir Makhmud, SE",
            "updated_date": "25-03-2025",
            "updated_time": "15:00",
            "is_locked": 0
        },
        {
            "id_sub_bl": 60215,
            "id_daerah": 473,
            "tahun": 2026,
            "id_unit": 663,
            "id_skpd": 663,
            "created_user": 262924,
            "kode_skpd": "7.01.0.00.0.00.04.0000",
            "nama_skpd": "Kecamatan Air Napal",
            "id_urusan": 17,
            "kode_urusan": "7",
            "nama_urusan": "UNSUR KEWILAYAHAN",
            "id_bidang_urusan": 243,
            "kode_bidang_urusan": "7.01",
            "nama_bidang_urusan": "KECAMATAN",
            "id_sub_skpd": 663,
            "kode_sub_skpd": "7.01.0.00.0.00.04.0000",
            "nama_sub_skpd": "Kecamatan Air Napal",
            "set_pagu_user": 262924,
            "set_pagu_at": "Tue, 25 Mar 2025 15:21:38 GMT",
            "id_program": 4451,
            "kode_program": "7.01.01",
            "nama_program": "PROGRAM PENUNJANG URUSAN PEMERINTAHAN DAERAH KABUPATEN/KOTA",
            "id_giat": 18371,
            "kode_giat": "7.01.01.2.01",
            "nama_giat": "Perencanaan, Penganggaran, dan Evaluasi Kinerja Perangkat Daerah",
            "pagu_giat": 19300000.0,
            "rinci_giat": null,
            "id_sub_giat": 60595,
            "kode_sub_giat": "7.01.01.2.01.0007",
            "nama_sub_giat": "Evaluasi Kinerja Perangkat Daerah",
            "pagu": 2700000.0,
            "pagu_indikatif": 2700000.0,
            "rincian": null,
            "kode_bl": "663.663.4451.18371",
            "kode_sbl": "663.663.4451.18371.60595",
            "kunci_bl": 1,
            "kunci_bl_rinci": 1,
            "user_created": "Amir Makhmud, SE",
            "created_date": "23-01-2025",
            "created_time": "22:47",
            "user_updated": "Amir Makhmud, SE",
            "updated_date": "25-03-2025",
            "updated_time": "14:59",
            "is_locked": 0
        },
        {
            "id_sub_bl": 60216,
            "id_daerah": 473,
            "tahun": 2026,
            "id_unit": 663,
            "id_skpd": 663,
            "created_user": 262924,
            "kode_skpd": "7.01.0.00.0.00.04.0000",
            "nama_skpd": "Kecamatan Air Napal",
            "id_urusan": 17,
            "kode_urusan": "7",
            "nama_urusan": "UNSUR KEWILAYAHAN",
            "id_bidang_urusan": 243,
            "kode_bidang_urusan": "7.01",
            "nama_bidang_urusan": "KECAMATAN",
            "id_sub_skpd": 663,
            "kode_sub_skpd": "7.01.0.00.0.00.04.0000",
            "nama_sub_skpd": "Kecamatan Air Napal",
            "set_pagu_user": 262924,
            "set_pagu_at": "Tue, 25 Mar 2025 15:21:38 GMT",
            "id_program": 4451,
            "kode_program": "7.01.01",
            "nama_program": "PROGRAM PENUNJANG URUSAN PEMERINTAHAN DAERAH KABUPATEN/KOTA",
            "id_giat": 18372,
            "kode_giat": "7.01.01.2.02",
            "nama_giat": "Administrasi Keuangan Perangkat Daerah",
            "pagu_giat": 1697778775.0,
            "rinci_giat": null,
            "id_sub_giat": 60602,
            "kode_sub_giat": "7.01.01.2.02.0001",
            "nama_sub_giat": "Penyediaan Gaji dan Tunjangan ASN",
            "pagu": 1642778775.0,
            "pagu_indikatif": 1642778775.0,
            "rincian": null,
            "kode_bl": "663.663.4451.18372",
            "kode_sbl": "663.663.4451.18372.60602",
            "kunci_bl": 1,
            "kunci_bl_rinci": 1,
            "user_created": "Amir Makhmud, SE",
            "created_date": "23-01-2025",
            "created_time": "22:53",
            "user_updated": "Amir Makhmud, SE",
            "updated_date": "25-03-2025",
            "updated_time": "14:42",
            "is_locked": 0
        },
        {
            "id_sub_bl": 60217,
            "id_daerah": 473,
            "tahun": 2026,
            "id_unit": 663,
            "id_skpd": 663,
            "created_user": 262924,
            "kode_skpd": "7.01.0.00.0.00.04.0000",
            "nama_skpd": "Kecamatan Air Napal",
            "id_urusan": 17,
            "kode_urusan": "7",
            "nama_urusan": "UNSUR KEWILAYAHAN",
            "id_bidang_urusan": 243,
            "kode_bidang_urusan": "7.01",
            "nama_bidang_urusan": "KECAMATAN",
            "id_sub_skpd": 663,
            "kode_sub_skpd": "7.01.0.00.0.00.04.0000",
            "nama_sub_skpd": "Kecamatan Air Napal",
            "set_pagu_user": 262924,
            "set_pagu_at": "Tue, 25 Mar 2025 15:21:38 GMT",
            "id_program": 4451,
            "kode_program": "7.01.01",
            "nama_program": "PROGRAM PENUNJANG URUSAN PEMERINTAHAN DAERAH KABUPATEN/KOTA",
            "id_giat": 18372,
            "kode_giat": "7.01.01.2.02",
            "nama_giat": "Administrasi Keuangan Perangkat Daerah",
            "pagu_giat": 1697778775.0,
            "rinci_giat": null,
            "id_sub_giat": 60604,
            "kode_sub_giat": "7.01.01.2.02.0003",
            "nama_sub_giat": "Pelaksanaan Penatausahaan dan\r\n\nPengujian/Verifikasi Keuangan SKPD",
            "pagu": 45000000.0,
            "pagu_indikatif": 45000000.0,
            "rincian": null,
            "kode_bl": "663.663.4451.18372",
            "kode_sbl": "663.663.4451.18372.60604",
            "kunci_bl": 1,
            "kunci_bl_rinci": 1,
            "user_created": "Amir Makhmud, SE",
            "created_date": "23-01-2025",
            "created_time": "23:12",
            "user_updated": "Amir Makhmud, SE",
            "updated_date": "25-03-2025",
            "updated_time": "14:41",
            "is_locked": 0
        },
        {
            "id_sub_bl": 60218,
            "id_daerah": 473,
            "tahun": 2026,
            "id_unit": 663,
            "id_skpd": 663,
            "created_user": 262924,
            "kode_skpd": "7.01.0.00.0.00.04.0000",
            "nama_skpd": "Kecamatan Air Napal",
            "id_urusan": 17,
            "kode_urusan": "7",
            "nama_urusan": "UNSUR KEWILAYAHAN",
            "id_bidang_urusan": 243,
            "kode_bidang_urusan": "7.01",
            "nama_bidang_urusan": "KECAMATAN",
            "id_sub_skpd": 663,
            "kode_sub_skpd": "7.01.0.00.0.00.04.0000",
            "nama_sub_skpd": "Kecamatan Air Napal",
            "set_pagu_user": 262924,
            "set_pagu_at": "Tue, 25 Mar 2025 15:21:38 GMT",
            "id_program": 4451,
            "kode_program": "7.01.01",
            "nama_program": "PROGRAM PENUNJANG URUSAN PEMERINTAHAN DAERAH KABUPATEN/KOTA",
            "id_giat": 18372,
            "kode_giat": "7.01.01.2.02",
            "nama_giat": "Administrasi Keuangan Perangkat Daerah",
            "pagu_giat": 1697778775.0,
            "rinci_giat": null,
            "id_sub_giat": 60606,
            "kode_sub_giat": "7.01.01.2.02.0005",
            "nama_sub_giat": "Koordinasi dan Penyusunan Laporan Keuangan Akhir Tahun SKPD",
            "pagu": 3500000.0,
            "pagu_indikatif": 3500000.0,
            "rincian": null,
            "kode_bl": "663.663.4451.18372",
            "kode_sbl": "663.663.4451.18372.60606",
            "kunci_bl": 1,
            "kunci_bl_rinci": 1,
            "user_created": "Amir Makhmud, SE",
            "created_date": "23-01-2025",
            "created_time": "23:16",
            "user_updated": "Amir Makhmud, SE",
            "updated_date": "25-03-2025",
            "updated_time": "14:37",
            "is_locked": 0
        },
        {
            "id_sub_bl": 60219,
            "id_daerah": 473,
            "tahun": 2026,
            "id_unit": 663,
            "id_skpd": 663,
            "created_user": 262924,
            "kode_skpd": "7.01.0.00.0.00.04.0000",
            "nama_skpd": "Kecamatan Air Napal",
            "id_urusan": 17,
            "kode_urusan": "7",
            "nama_urusan": "UNSUR KEWILAYAHAN",
            "id_bidang_urusan": 243,
            "kode_bidang_urusan": "7.01",
            "nama_bidang_urusan": "KECAMATAN",
            "id_sub_skpd": 663,
            "kode_sub_skpd": "7.01.0.00.0.00.04.0000",
            "nama_sub_skpd": "Kecamatan Air Napal",
            "set_pagu_user": 262924,
            "set_pagu_at": "Tue, 25 Mar 2025 15:21:38 GMT",
            "id_program": 4451,
            "kode_program": "7.01.01",
            "nama_program": "PROGRAM PENUNJANG URUSAN PEMERINTAHAN DAERAH KABUPATEN/KOTA",
            "id_giat": 18372,
            "kode_giat": "7.01.01.2.02",
            "nama_giat": "Administrasi Keuangan Perangkat Daerah",
            "pagu_giat": 1697778775.0,
            "rinci_giat": null,
            "id_sub_giat": 60608,
            "kode_sub_giat": "7.01.01.2.02.0007",
            "nama_sub_giat": "Koordinasi dan Penyusunan Laporan Keuangan Bulanan/ Triwulanan/ Semesteran SKPD",
            "pagu": 6500000.0,
            "pagu_indikatif": 6500000.0,
            "rincian": null,
            "kode_bl": "663.663.4451.18372",
            "kode_sbl": "663.663.4451.18372.60608",
            "kunci_bl": 1,
            "kunci_bl_rinci": 1,
            "user_created": "Amir Makhmud, SE",
            "created_date": "23-01-2025",
            "created_time": "23:19",
            "user_updated": "Amir Makhmud, SE",
            "updated_date": "25-03-2025",
            "updated_time": "14:34",
            "is_locked": 0
        },
        {
            "id_sub_bl": 60220,
            "id_daerah": 473,
            "tahun": 2026,
            "id_unit": 663,
            "id_skpd": 663,
            "created_user": 262924,
            "kode_skpd": "7.01.0.00.0.00.04.0000",
            "nama_skpd": "Kecamatan Air Napal",
            "id_urusan": 17,
            "kode_urusan": "7",
            "nama_urusan": "UNSUR KEWILAYAHAN",
            "id_bidang_urusan": 243,
            "kode_bidang_urusan": "7.01",
            "nama_bidang_urusan": "KECAMATAN",
            "id_sub_skpd": 663,
            "kode_sub_skpd": "7.01.0.00.0.00.04.0000",
            "nama_sub_skpd": "Kecamatan Air Napal",
            "set_pagu_user": 262924,
            "set_pagu_at": "Tue, 25 Mar 2025 15:21:38 GMT",
            "id_program": 4451,
            "kode_program": "7.01.01",
            "nama_program": "PROGRAM PENUNJANG URUSAN PEMERINTAHAN DAERAH KABUPATEN/KOTA",
            "id_giat": 18373,
            "kode_giat": "7.01.01.2.03",
            "nama_giat": "Administrasi Barang Milik Daerah pada Perangkat Daerah",
            "pagu_giat": 25900000.0,
            "rinci_giat": null,
            "id_sub_giat": 60615,
            "kode_sub_giat": "7.01.01.2.03.0006",
            "nama_sub_giat": "Penatausahaan Barang Milik Daerah pada SKPD",
            "pagu": 25900000.0,
            "pagu_indikatif": 25900000.0,
            "rincian": null,
            "kode_bl": "663.663.4451.18373",
            "kode_sbl": "663.663.4451.18373.60615",
            "kunci_bl": 1,
            "kunci_bl_rinci": 1,
            "user_created": "Amir Makhmud, SE",
            "created_date": "23-01-2025",
            "created_time": "23:23",
            "user_updated": "Amir Makhmud, SE",
            "updated_date": "25-03-2025",
            "updated_time": "15:14",
            "is_locked": 0
        },
        {
            "id_sub_bl": 60221,
            "id_daerah": 473,
            "tahun": 2026,
            "id_unit": 663,
            "id_skpd": 663,
            "created_user": 262924,
            "kode_skpd": "7.01.0.00.0.00.04.0000",
            "nama_skpd": "Kecamatan Air Napal",
            "id_urusan": 17,
            "kode_urusan": "7",
            "nama_urusan": "UNSUR KEWILAYAHAN",
            "id_bidang_urusan": 243,
            "kode_bidang_urusan": "7.01",
            "nama_bidang_urusan": "KECAMATAN",
            "id_sub_skpd": 663,
            "kode_sub_skpd": "7.01.0.00.0.00.04.0000",
            "nama_sub_skpd": "Kecamatan Air Napal",
            "set_pagu_user": 262924,
            "set_pagu_at": "Tue, 25 Mar 2025 15:21:38 GMT",
            "id_program": 4451,
            "kode_program": "7.01.01",
            "nama_program": "PROGRAM PENUNJANG URUSAN PEMERINTAHAN DAERAH KABUPATEN/KOTA",
            "id_giat": 18376,
            "kode_giat": "7.01.01.2.06",
            "nama_giat": "Administrasi Umum Perangkat Daerah",
            "pagu_giat": 62400000.0,
            "rinci_giat": null,
            "id_sub_giat": 60638,
            "kode_sub_giat": "7.01.01.2.06.0004",
            "nama_sub_giat": "Penyediaan Bahan Logistik Kantor",
            "pagu": 28000000.0,
            "pagu_indikatif": 28000000.0,
            "rincian": null,
            "kode_bl": "663.663.4451.18376",
            "kode_sbl": "663.663.4451.18376.60638",
            "kunci_bl": 1,
            "kunci_bl_rinci": 1,
            "user_created": "Amir Makhmud, SE",
            "created_date": "23-01-2025",
            "created_time": "23:25",
            "user_updated": "Amir Makhmud, SE",
            "updated_date": "25-03-2025",
            "updated_time": "15:14",
            "is_locked": 0
        },
        {
            "id_sub_bl": 60222,
            "id_daerah": 473,
            "tahun": 2026,
            "id_unit": 663,
            "id_skpd": 663,
            "created_user": 262924,
            "kode_skpd": "7.01.0.00.0.00.04.0000",
            "nama_skpd": "Kecamatan Air Napal",
            "id_urusan": 17,
            "kode_urusan": "7",
            "nama_urusan": "UNSUR KEWILAYAHAN",
            "id_bidang_urusan": 243,
            "kode_bidang_urusan": "7.01",
            "nama_bidang_urusan": "KECAMATAN",
            "id_sub_skpd": 663,
            "kode_sub_skpd": "7.01.0.00.0.00.04.0000",
            "nama_sub_skpd": "Kecamatan Air Napal",
            "set_pagu_user": 262924,
            "set_pagu_at": "Tue, 25 Mar 2025 15:21:38 GMT",
            "id_program": 4451,
            "kode_program": "7.01.01",
            "nama_program": "PROGRAM PENUNJANG URUSAN PEMERINTAHAN DAERAH KABUPATEN/KOTA",
            "id_giat": 18376,
            "kode_giat": "7.01.01.2.06",
            "nama_giat": "Administrasi Umum Perangkat Daerah",
            "pagu_giat": 62400000.0,
            "rinci_giat": null,
            "id_sub_giat": 60639,
            "kode_sub_giat": "7.01.01.2.06.0005",
            "nama_sub_giat": "Penyediaan Barang Cetakan dan Penggandaan",
            "pagu": 2400000.0,
            "pagu_indikatif": 2400000.0,
            "rincian": null,
            "kode_bl": "663.663.4451.18376",
            "kode_sbl": "663.663.4451.18376.60639",
            "kunci_bl": 1,
            "kunci_bl_rinci": 1,
            "user_created": "Amir Makhmud, SE",
            "created_date": "23-01-2025",
            "created_time": "23:28",
            "user_updated": "Amir Makhmud, SE",
            "updated_date": "25-03-2025",
            "updated_time": "15:13",
            "is_locked": 0
        },
        {
            "id_sub_bl": 60223,
            "id_daerah": 473,
            "tahun": 2026,
            "id_unit": 663,
            "id_skpd": 663,
            "created_user": 262924,
            "kode_skpd": "7.01.0.00.0.00.04.0000",
            "nama_skpd": "Kecamatan Air Napal",
            "id_urusan": 17,
            "kode_urusan": "7",
            "nama_urusan": "UNSUR KEWILAYAHAN",
            "id_bidang_urusan": 243,
            "kode_bidang_urusan": "7.01",
            "nama_bidang_urusan": "KECAMATAN",
            "id_sub_skpd": 663,
            "kode_sub_skpd": "7.01.0.00.0.00.04.0000",
            "nama_sub_skpd": "Kecamatan Air Napal",
            "set_pagu_user": 262924,
            "set_pagu_at": "Tue, 25 Mar 2025 15:21:38 GMT",
            "id_program": 4451,
            "kode_program": "7.01.01",
            "nama_program": "PROGRAM PENUNJANG URUSAN PEMERINTAHAN DAERAH KABUPATEN/KOTA",
            "id_giat": 18376,
            "kode_giat": "7.01.01.2.06",
            "nama_giat": "Administrasi Umum Perangkat Daerah",
            "pagu_giat": 62400000.0,
            "rinci_giat": null,
            "id_sub_giat": 60640,
            "kode_sub_giat": "7.01.01.2.06.0006",
            "nama_sub_giat": "Penyediaan Bahan Bacaan dan Peraturan Perundang-undangan",
            "pagu": 2000000.0,
            "pagu_indikatif": 2000000.0,
            "rincian": null,
            "kode_bl": "663.663.4451.18376",
            "kode_sbl": "663.663.4451.18376.60640",
            "kunci_bl": 1,
            "kunci_bl_rinci": 1,
            "user_created": "Amir Makhmud, SE",
            "created_date": "23-01-2025",
            "created_time": "23:30",
            "user_updated": "Amir Makhmud, SE",
            "updated_date": "25-03-2025",
            "updated_time": "15:12",
            "is_locked": 0
        },
        {
            "id_sub_bl": 60224,
            "id_daerah": 473,
            "tahun": 2026,
            "id_unit": 663,
            "id_skpd": 663,
            "created_user": 262924,
            "kode_skpd": "7.01.0.00.0.00.04.0000",
            "nama_skpd": "Kecamatan Air Napal",
            "id_urusan": 17,
            "kode_urusan": "7",
            "nama_urusan": "UNSUR KEWILAYAHAN",
            "id_bidang_urusan": 243,
            "kode_bidang_urusan": "7.01",
            "nama_bidang_urusan": "KECAMATAN",
            "id_sub_skpd": 663,
            "kode_sub_skpd": "7.01.0.00.0.00.04.0000",
            "nama_sub_skpd": "Kecamatan Air Napal",
            "set_pagu_user": 262924,
            "set_pagu_at": "Tue, 25 Mar 2025 15:21:38 GMT",
            "id_program": 4451,
            "kode_program": "7.01.01",
            "nama_program": "PROGRAM PENUNJANG URUSAN PEMERINTAHAN DAERAH KABUPATEN/KOTA",
            "id_giat": 18376,
            "kode_giat": "7.01.01.2.06",
            "nama_giat": "Administrasi Umum Perangkat Daerah",
            "pagu_giat": 62400000.0,
            "rinci_giat": null,
            "id_sub_giat": 60643,
            "kode_sub_giat": "7.01.01.2.06.0009",
            "nama_sub_giat": "Penyelenggaraan Rapat Koordinasi dan Konsultasi SKPD",
            "pagu": 30000000.0,
            "pagu_indikatif": 30000000.0,
            "rincian": null,
            "kode_bl": "663.663.4451.18376",
            "kode_sbl": "663.663.4451.18376.60643",
            "kunci_bl": 1,
            "kunci_bl_rinci": 1,
            "user_created": "Amir Makhmud, SE",
            "created_date": "23-01-2025",
            "created_time": "23:34",
            "user_updated": "Amir Makhmud, SE",
            "updated_date": "25-03-2025",
            "updated_time": "15:12",
            "is_locked": 0
        },
        {
            "id_sub_bl": 60229,
            "id_daerah": 473,
            "tahun": 2026,
            "id_unit": 663,
            "id_skpd": 663,
            "created_user": 262924,
            "kode_skpd": "7.01.0.00.0.00.04.0000",
            "nama_skpd": "Kecamatan Air Napal",
            "id_urusan": 17,
            "kode_urusan": "7",
            "nama_urusan": "UNSUR KEWILAYAHAN",
            "id_bidang_urusan": 243,
            "kode_bidang_urusan": "7.01",
            "nama_bidang_urusan": "KECAMATAN",
            "id_sub_skpd": 663,
            "kode_sub_skpd": "7.01.0.00.0.00.04.0000",
            "nama_sub_skpd": "Kecamatan Air Napal",
            "set_pagu_user": 262924,
            "set_pagu_at": "Tue, 25 Mar 2025 15:21:38 GMT",
            "id_program": 4451,
            "kode_program": "7.01.01",
            "nama_program": "PROGRAM PENUNJANG URUSAN PEMERINTAHAN DAERAH KABUPATEN/KOTA",
            "id_giat": 18377,
            "kode_giat": "7.01.01.2.07",
            "nama_giat": "Pengadaan Barang Milik Daerah Penunjang Urusan Pemerintah Daerah",
            "pagu_giat": 85500000.0,
            "rinci_giat": null,
            "id_sub_giat": 60647,
            "kode_sub_giat": "7.01.01.2.07.0002",
            "nama_sub_giat": "Pengadaan Kendaraan Dinas Operasional atau Lapangan",
            "pagu": 40000000.0,
            "pagu_indikatif": 40000000.0,
            "rincian": null,
            "kode_bl": "663.663.4451.18377",
            "kode_sbl": "663.663.4451.18377.60647",
            "kunci_bl": 1,
            "kunci_bl_rinci": 1,
            "user_created": "Amir Makhmud, SE",
            "created_date": "23-01-2025",
            "created_time": "23:53",
            "user_updated": "Amir Makhmud, SE",
            "updated_date": "25-03-2025",
            "updated_time": "15:11",
            "is_locked": 0
        },
        {
            "id_sub_bl": 60225,
            "id_daerah": 473,
            "tahun": 2026,
            "id_unit": 663,
            "id_skpd": 663,
            "created_user": 262924,
            "kode_skpd": "7.01.0.00.0.00.04.0000",
            "nama_skpd": "Kecamatan Air Napal",
            "id_urusan": 17,
            "kode_urusan": "7",
            "nama_urusan": "UNSUR KEWILAYAHAN",
            "id_bidang_urusan": 243,
            "kode_bidang_urusan": "7.01",
            "nama_bidang_urusan": "KECAMATAN",
            "id_sub_skpd": 663,
            "kode_sub_skpd": "7.01.0.00.0.00.04.0000",
            "nama_sub_skpd": "Kecamatan Air Napal",
            "set_pagu_user": 262924,
            "set_pagu_at": "Tue, 25 Mar 2025 15:21:38 GMT",
            "id_program": 4451,
            "kode_program": "7.01.01",
            "nama_program": "PROGRAM PENUNJANG URUSAN PEMERINTAHAN DAERAH KABUPATEN/KOTA",
            "id_giat": 18377,
            "kode_giat": "7.01.01.2.07",
            "nama_giat": "Pengadaan Barang Milik Daerah Penunjang Urusan Pemerintah Daerah",
            "pagu_giat": 85500000.0,
            "rinci_giat": null,
            "id_sub_giat": 60650,
            "kode_sub_giat": "7.01.01.2.07.0005",
            "nama_sub_giat": "Pengadaan Mebel",
            "pagu": 20000000.0,
            "pagu_indikatif": 20000000.0,
            "rincian": null,
            "kode_bl": "663.663.4451.18377",
            "kode_sbl": "663.663.4451.18377.60650",
            "kunci_bl": 1,
            "kunci_bl_rinci": 1,
            "user_created": "Amir Makhmud, SE",
            "created_date": "23-01-2025",
            "created_time": "23:36",
            "user_updated": "Amir Makhmud, SE",
            "updated_date": "25-03-2025",
            "updated_time": "15:10",
            "is_locked": 0
        },
        {
            "id_sub_bl": 60226,
            "id_daerah": 473,
            "tahun": 2026,
            "id_unit": 663,
            "id_skpd": 663,
            "created_user": 262924,
            "kode_skpd": "7.01.0.00.0.00.04.0000",
            "nama_skpd": "Kecamatan Air Napal",
            "id_urusan": 17,
            "kode_urusan": "7",
            "nama_urusan": "UNSUR KEWILAYAHAN",
            "id_bidang_urusan": 243,
            "kode_bidang_urusan": "7.01",
            "nama_bidang_urusan": "KECAMATAN",
            "id_sub_skpd": 663,
            "kode_sub_skpd": "7.01.0.00.0.00.04.0000",
            "nama_sub_skpd": "Kecamatan Air Napal",
            "set_pagu_user": 262924,
            "set_pagu_at": "Tue, 25 Mar 2025 15:21:38 GMT",
            "id_program": 4451,
            "kode_program": "7.01.01",
            "nama_program": "PROGRAM PENUNJANG URUSAN PEMERINTAHAN DAERAH KABUPATEN/KOTA",
            "id_giat": 18377,
            "kode_giat": "7.01.01.2.07",
            "nama_giat": "Pengadaan Barang Milik Daerah Penunjang Urusan Pemerintah Daerah",
            "pagu_giat": 85500000.0,
            "rinci_giat": null,
            "id_sub_giat": 60651,
            "kode_sub_giat": "7.01.01.2.07.0006",
            "nama_sub_giat": "Pengadaan Peralatan dan Mesin Lainnya",
            "pagu": 25500000.0,
            "pagu_indikatif": 25500000.0,
            "rincian": null,
            "kode_bl": "663.663.4451.18377",
            "kode_sbl": "663.663.4451.18377.60651",
            "kunci_bl": 1,
            "kunci_bl_rinci": 1,
            "user_created": "Amir Makhmud, SE",
            "created_date": "23-01-2025",
            "created_time": "23:43",
            "user_updated": "Amir Makhmud, SE",
            "updated_date": "25-03-2025",
            "updated_time": "15:09",
            "is_locked": 0
        },
        {
            "id_sub_bl": 60227,
            "id_daerah": 473,
            "tahun": 2026,
            "id_unit": 663,
            "id_skpd": 663,
            "created_user": 262924,
            "kode_skpd": "7.01.0.00.0.00.04.0000",
            "nama_skpd": "Kecamatan Air Napal",
            "id_urusan": 17,
            "kode_urusan": "7",
            "nama_urusan": "UNSUR KEWILAYAHAN",
            "id_bidang_urusan": 243,
            "kode_bidang_urusan": "7.01",
            "nama_bidang_urusan": "KECAMATAN",
            "id_sub_skpd": 663,
            "kode_sub_skpd": "7.01.0.00.0.00.04.0000",
            "nama_sub_skpd": "Kecamatan Air Napal",
            "set_pagu_user": 262924,
            "set_pagu_at": "Tue, 25 Mar 2025 15:21:38 GMT",
            "id_program": 4451,
            "kode_program": "7.01.01",
            "nama_program": "PROGRAM PENUNJANG URUSAN PEMERINTAHAN DAERAH KABUPATEN/KOTA",
            "id_giat": 18378,
            "kode_giat": "7.01.01.2.08",
            "nama_giat": "Penyediaan Jasa Penunjang Urusan Pemerintahan Daerah",
            "pagu_giat": 98438259.0,
            "rinci_giat": null,
            "id_sub_giat": 60658,
            "kode_sub_giat": "7.01.01.2.08.0002",
            "nama_sub_giat": "Penyediaan Jasa Komunikasi, Sumber Daya Air dan Listrik",
            "pagu": 22438259.0,
            "pagu_indikatif": 22438259.0,
            "rincian": null,
            "kode_bl": "663.663.4451.18378",
            "kode_sbl": "663.663.4451.18378.60658",
            "kunci_bl": 1,
            "kunci_bl_rinci": 1,
            "user_created": "Amir Makhmud, SE",
            "created_date": "23-01-2025",
            "created_time": "23:47",
            "user_updated": "Amir Makhmud, SE",
            "updated_date": "25-03-2025",
            "updated_time": "15:08",
            "is_locked": 0
        },
        {
            "id_sub_bl": 60228,
            "id_daerah": 473,
            "tahun": 2026,
            "id_unit": 663,
            "id_skpd": 663,
            "created_user": 262924,
            "kode_skpd": "7.01.0.00.0.00.04.0000",
            "nama_skpd": "Kecamatan Air Napal",
            "id_urusan": 17,
            "kode_urusan": "7",
            "nama_urusan": "UNSUR KEWILAYAHAN",
            "id_bidang_urusan": 243,
            "kode_bidang_urusan": "7.01",
            "nama_bidang_urusan": "KECAMATAN",
            "id_sub_skpd": 663,
            "kode_sub_skpd": "7.01.0.00.0.00.04.0000",
            "nama_sub_skpd": "Kecamatan Air Napal",
            "set_pagu_user": 262924,
            "set_pagu_at": "Tue, 25 Mar 2025 15:21:38 GMT",
            "id_program": 4451,
            "kode_program": "7.01.01",
            "nama_program": "PROGRAM PENUNJANG URUSAN PEMERINTAHAN DAERAH KABUPATEN/KOTA",
            "id_giat": 18378,
            "kode_giat": "7.01.01.2.08",
            "nama_giat": "Penyediaan Jasa Penunjang Urusan Pemerintahan Daerah",
            "pagu_giat": 98438259.0,
            "rinci_giat": null,
            "id_sub_giat": 60660,
            "kode_sub_giat": "7.01.01.2.08.0004",
            "nama_sub_giat": "Penyediaan Jasa Pelayanan Umum Kantor",
            "pagu": 76000000.0,
            "pagu_indikatif": 76000000.0,
            "rincian": null,
            "kode_bl": "663.663.4451.18378",
            "kode_sbl": "663.663.4451.18378.60660",
            "kunci_bl": 1,
            "kunci_bl_rinci": 1,
            "user_created": "Amir Makhmud, SE",
            "created_date": "23-01-2025",
            "created_time": "23:50",
            "user_updated": "Amir Makhmud, SE",
            "updated_date": "25-03-2025",
            "updated_time": "15:07",
            "is_locked": 0
        },
        {
            "id_sub_bl": 60210,
            "id_daerah": 473,
            "tahun": 2026,
            "id_unit": 663,
            "id_skpd": 663,
            "created_user": 262924,
            "kode_skpd": "7.01.0.00.0.00.04.0000",
            "nama_skpd": "Kecamatan Air Napal",
            "id_urusan": 17,
            "kode_urusan": "7",
            "nama_urusan": "UNSUR KEWILAYAHAN",
            "id_bidang_urusan": 243,
            "kode_bidang_urusan": "7.01",
            "nama_bidang_urusan": "KECAMATAN",
            "id_sub_skpd": 663,
            "kode_sub_skpd": "7.01.0.00.0.00.04.0000",
            "nama_sub_skpd": "Kecamatan Air Napal",
            "set_pagu_user": 262924,
            "set_pagu_at": "Tue, 25 Mar 2025 15:21:38 GMT",
            "id_program": 4451,
            "kode_program": "7.01.01",
            "nama_program": "PROGRAM PENUNJANG URUSAN PEMERINTAHAN DAERAH KABUPATEN/KOTA",
            "id_giat": 18379,
            "kode_giat": "7.01.01.2.09",
            "nama_giat": "Pemeliharaan Barang Milik Daerah Penunjang Urusan Pemerintahan Daerah",
            "pagu_giat": 207000000.0,
            "rinci_giat": null,
            "id_sub_giat": 60662,
            "kode_sub_giat": "7.01.01.2.09.0002",
            "nama_sub_giat": "Penyediaan Jasa Pemeliharaan, Biaya Pemeliharaan, Pajak dan Perizinan Kendaraan Dinas Operasional atau Lapangan",
            "pagu": 22000000.0,
            "pagu_indikatif": 22000000.0,
            "rincian": null,
            "kode_bl": "663.663.4451.18379",
            "kode_sbl": "663.663.4451.18379.60662",
            "kunci_bl": 1,
            "kunci_bl_rinci": 1,
            "user_created": "Amir Makhmud, SE",
            "created_date": "23-01-2025",
            "created_time": "22:25",
            "user_updated": "Amir Makhmud, SE",
            "updated_date": "25-03-2025",
            "updated_time": "15:06",
            "is_locked": 0
        },
        {
            "id_sub_bl": 60230,
            "id_daerah": 473,
            "tahun": 2026,
            "id_unit": 663,
            "id_skpd": 663,
            "created_user": 262924,
            "kode_skpd": "7.01.0.00.0.00.04.0000",
            "nama_skpd": "Kecamatan Air Napal",
            "id_urusan": 17,
            "kode_urusan": "7",
            "nama_urusan": "UNSUR KEWILAYAHAN",
            "id_bidang_urusan": 243,
            "kode_bidang_urusan": "7.01",
            "nama_bidang_urusan": "KECAMATAN",
            "id_sub_skpd": 663,
            "kode_sub_skpd": "7.01.0.00.0.00.04.0000",
            "nama_sub_skpd": "Kecamatan Air Napal",
            "set_pagu_user": 262924,
            "set_pagu_at": "Tue, 25 Mar 2025 15:21:38 GMT",
            "id_program": 4451,
            "kode_program": "7.01.01",
            "nama_program": "PROGRAM PENUNJANG URUSAN PEMERINTAHAN DAERAH KABUPATEN/KOTA",
            "id_giat": 18379,
            "kode_giat": "7.01.01.2.09",
            "nama_giat": "Pemeliharaan Barang Milik Daerah Penunjang Urusan Pemerintahan Daerah",
            "pagu_giat": 207000000.0,
            "rinci_giat": null,
            "id_sub_giat": 60666,
            "kode_sub_giat": "7.01.01.2.09.0006",
            "nama_sub_giat": "Pemeliharaan Peralatan dan Mesin Lainnya",
            "pagu": 5000000.0,
            "pagu_indikatif": 5000000.0,
            "rincian": null,
            "kode_bl": "663.663.4451.18379",
            "kode_sbl": "663.663.4451.18379.60666",
            "kunci_bl": 1,
            "kunci_bl_rinci": 1,
            "user_created": "Amir Makhmud, SE",
            "created_date": "23-01-2025",
            "created_time": "23:57",
            "user_updated": "Amir Makhmud, SE",
            "updated_date": "25-03-2025",
            "updated_time": "15:05",
            "is_locked": 0
        },
        {
            "id_sub_bl": 60209,
            "id_daerah": 473,
            "tahun": 2026,
            "id_unit": 663,
            "id_skpd": 663,
            "created_user": 262924,
            "kode_skpd": "7.01.0.00.0.00.04.0000",
            "nama_skpd": "Kecamatan Air Napal",
            "id_urusan": 17,
            "kode_urusan": "7",
            "nama_urusan": "UNSUR KEWILAYAHAN",
            "id_bidang_urusan": 243,
            "kode_bidang_urusan": "7.01",
            "nama_bidang_urusan": "KECAMATAN",
            "id_sub_skpd": 663,
            "kode_sub_skpd": "7.01.0.00.0.00.04.0000",
            "nama_sub_skpd": "Kecamatan Air Napal",
            "set_pagu_user": 262924,
            "set_pagu_at": "Tue, 25 Mar 2025 15:21:38 GMT",
            "id_program": 4451,
            "kode_program": "7.01.01",
            "nama_program": "PROGRAM PENUNJANG URUSAN PEMERINTAHAN DAERAH KABUPATEN/KOTA",
            "id_giat": 18379,
            "kode_giat": "7.01.01.2.09",
            "nama_giat": "Pemeliharaan Barang Milik Daerah Penunjang Urusan Pemerintahan Daerah",
            "pagu_giat": 207000000.0,
            "rinci_giat": null,
            "id_sub_giat": 60669,
            "kode_sub_giat": "7.01.01.2.09.0009",
            "nama_sub_giat": "Pemeliharaan/Rehabilitasi Gedung Kantor dan Bangunan Lainnya",
            "pagu": 180000000.0,
            "pagu_indikatif": 180000000.0,
            "rincian": null,
            "kode_bl": "663.663.4451.18379",
            "kode_sbl": "663.663.4451.18379.60669",
            "kunci_bl": 1,
            "kunci_bl_rinci": 1,
            "user_created": "Amir Makhmud, SE",
            "created_date": "23-01-2025",
            "created_time": "22:19",
            "user_updated": "Amir Makhmud, SE",
            "updated_date": "25-03-2025",
            "updated_time": "15:04",
            "is_locked": 0
        }
    ]