[
        {
            "id_sub_bl": 76967,
            "id_daerah": 473,
            "tahun": 2026,
            "id_unit": 973,
            "id_skpd": 973,
            "created_user": 377452,
            "kode_skpd": "7.01.0.00.0.00.03.0000",
            "nama_skpd": "Kecamatan Air Besi",
            "id_urusan": 17,
            "kode_urusan": "7",
            "nama_urusan": "UNSUR KEWILAYAHAN",
            "id_bidang_urusan": 243,
            "kode_bidang_urusan": "7.01",
            "nama_bidang_urusan": "KECAMATAN",
            "id_sub_skpd": 973,
            "kode_sub_skpd": "7.01.0.00.0.00.03.0000",
            "nama_sub_skpd": "Kecamatan Air Besi",
            "set_pagu_user": 377452,
            "set_pagu_at": "Mon, 30 Jun 2025 11:06:54 GMT",
            "id_program": 4416,
            "kode_program": "7.01.02",
            "nama_program": "PROGRAM PENYELENGGARAAN PEMERINTAHAN DAN PELAYANAN PUBLIK",
            "id_giat": 18270,
            "kode_giat": "7.01.02.2.01",
            "nama_giat": "Koordinasi Penyelenggaraan Kegiatan\n\nPemerintahan di Tingkat Kecamatan",
            "pagu_giat": 52427482.0,
            "rinci_giat": null,
            "id_sub_giat": 59876,
            "kode_sub_giat": "7.01.02.2.01.0001",
            "nama_sub_giat": "Koordinasi/Sinergi Perencanaan dan Pelaksanaan Kegiatan Pemerintahan dengan Perangkat Daerah dan Instansi Vertikal Terkait",
            "pagu": 52427482.0,
            "pagu_indikatif": 52427482.0,
            "rincian": null,
            "kode_bl": "973.973.4416.18270",
            "kode_sbl": "973.973.4416.18270.59876",
            "kunci_bl": 1,
            "kunci_bl_rinci": 1,
            "user_created": "SYAHRU RAMADAN, S.IP",
            "created_date": "24-06-2025",
            "created_time": "11:02",
            "user_updated": "SYAHRU RAMADAN, S.IP",
            "updated_date": "24-06-2025",
            "updated_time": "12:26",
            "is_locked": 0
        },
        {
            "id_sub_bl": 60919,
            "id_daerah": 473,
            "tahun": 2026,
            "id_unit": 973,
            "id_skpd": 973,
            "created_user": 377452,
            "kode_skpd": "7.01.0.00.0.00.03.0000",
            "nama_skpd": "Kecamatan Air Besi",
            "id_urusan": 17,
            "kode_urusan": "7",
            "nama_urusan": "UNSUR KEWILAYAHAN",
            "id_bidang_urusan": 243,
            "kode_bidang_urusan": "7.01",
            "nama_bidang_urusan": "KECAMATAN",
            "id_sub_skpd": 973,
            "kode_sub_skpd": "7.01.0.00.0.00.03.0000",
            "nama_sub_skpd": "Kecamatan Air Besi",
            "set_pagu_user": 377452,
            "set_pagu_at": "Mon, 30 Jun 2025 11:06:54 GMT",
            "id_program": 4418,
            "kode_program": "7.01.03",
            "nama_program": "PROGRAM PEMBERDAYAAN MASYARAKAT DESA DAN KELURAHAN",
            "id_giat": 18279,
            "kode_giat": "7.01.03.2.01",
            "nama_giat": "Koordinasi Kegiatan Pemberdayaan Desa",
            "pagu_giat": 21916040.0,
            "rinci_giat": null,
            "id_sub_giat": 59913,
            "kode_sub_giat": "7.01.03.2.01.0001",
            "nama_sub_giat": "Peningkatan Partisipasi Masyarakat dalam Forum Musyawarah Perencanaan Pembangunan di Desa",
            "pagu": 21916040.0,
            "pagu_indikatif": 21916040.0,
            "rincian": null,
            "kode_bl": "973.973.4418.18279",
            "kode_sbl": "973.973.4418.18279.59913",
            "kunci_bl": 1,
            "kunci_bl_rinci": 1,
            "user_created": "SYAHRU RAMADAN, S.IP",
            "created_date": "29-01-2025",
            "created_time": "09:44",
            "user_updated": "SYAHRU RAMADAN, S.IP",
            "updated_date": "24-06-2025",
            "updated_time": "12:36",
            "is_locked": 0
        },
        {
            "id_sub_bl": 60921,
            "id_daerah": 473,
            "tahun": 2026,
            "id_unit": 973,
            "id_skpd": 973,
            "created_user": 377452,
            "kode_skpd": "7.01.0.00.0.00.03.0000",
            "nama_skpd": "Kecamatan Air Besi",
            "id_urusan": 17,
            "kode_urusan": "7",
            "nama_urusan": "UNSUR KEWILAYAHAN",
            "id_bidang_urusan": 243,
            "kode_bidang_urusan": "7.01",
            "nama_bidang_urusan": "KECAMATAN",
            "id_sub_skpd": 973,
            "kode_sub_skpd": "7.01.0.00.0.00.03.0000",
            "nama_sub_skpd": "Kecamatan Air Besi",
            "set_pagu_user": 377452,
            "set_pagu_at": "Mon, 30 Jun 2025 11:06:54 GMT",
            "id_program": 4423,
            "kode_program": "7.01.06",
            "nama_program": "PROGRAM PEMBINAAN DAN PENGAWASAN PEMERINTAHAN DESA",
            "id_giat": 18290,
            "kode_giat": "7.01.06.2.01",
            "nama_giat": "Fasilitasi, Rekomendasi dan Koordinasi\n\nPembinaan dan Pengawasan Pemerintahan Desa",
            "pagu_giat": 41710018.0,
            "rinci_giat": null,
            "id_sub_giat": 59975,
            "kode_sub_giat": "7.01.06.2.01.0016",
            "nama_sub_giat": "Fasilitasi Penyusunan Program dan Pelaksanaan Pemberdayaan Masyarakat Desa",
            "pagu": 41710018.0,
            "pagu_indikatif": 41710018.0,
            "rincian": null,
            "kode_bl": "973.973.4423.18290",
            "kode_sbl": "973.973.4423.18290.59975",
            "kunci_bl": 1,
            "kunci_bl_rinci": 1,
            "user_created": "SYAHRU RAMADAN, S.IP",
            "created_date": "29-01-2025",
            "created_time": "09:47",
            "user_updated": "SYAHRU RAMADAN, S.IP",
            "updated_date": "24-06-2025",
            "updated_time": "12:38",
            "is_locked": 0
        },
        {
            "id_sub_bl": 59867,
            "id_daerah": 473,
            "tahun": 2026,
            "id_unit": 973,
            "id_skpd": 973,
            "created_user": 377452,
            "kode_skpd": "7.01.0.00.0.00.03.0000",
            "nama_skpd": "Kecamatan Air Besi",
            "id_urusan": 17,
            "kode_urusan": "7",
            "nama_urusan": "UNSUR KEWILAYAHAN",
            "id_bidang_urusan": 243,
            "kode_bidang_urusan": "7.01",
            "nama_bidang_urusan": "KECAMATAN",
            "id_sub_skpd": 973,
            "kode_sub_skpd": "7.01.0.00.0.00.03.0000",
            "nama_sub_skpd": "Kecamatan Air Besi",
            "set_pagu_user": 377452,
            "set_pagu_at": "Mon, 30 Jun 2025 11:06:54 GMT",
            "id_program": 4451,
            "kode_program": "7.01.01",
            "nama_program": "PROGRAM PENUNJANG URUSAN PEMERINTAHAN DAERAH KABUPATEN/KOTA",
            "id_giat": 18371,
            "kode_giat": "7.01.01.2.01",
            "nama_giat": "Perencanaan, Penganggaran, dan Evaluasi Kinerja Perangkat Daerah",
            "pagu_giat": 16178641.0,
            "rinci_giat": null,
            "id_sub_giat": 60589,
            "kode_sub_giat": "7.01.01.2.01.0001",
            "nama_sub_giat": "Penyusunan Dokumen Perencanaan Perangkat Daerah",
            "pagu": 4493900.0,
            "pagu_indikatif": 4493900.0,
            "rincian": null,
            "kode_bl": "973.973.4451.18371",
            "kode_sbl": "973.973.4451.18371.60589",
            "kunci_bl": 1,
            "kunci_bl_rinci": 1,
            "user_created": "SYAHRU RAMADAN, S.IP",
            "created_date": "22-01-2025",
            "created_time": "10:52",
            "user_updated": "SYAHRU RAMADAN, S.IP",
            "updated_date": "14-02-2025",
            "updated_time": "12:28",
            "is_locked": 0
        },
        {
            "id_sub_bl": 59873,
            "id_daerah": 473,
            "tahun": 2026,
            "id_unit": 973,
            "id_skpd": 973,
            "created_user": 377452,
            "kode_skpd": "7.01.0.00.0.00.03.0000",
            "nama_skpd": "Kecamatan Air Besi",
            "id_urusan": 17,
            "kode_urusan": "7",
            "nama_urusan": "UNSUR KEWILAYAHAN",
            "id_bidang_urusan": 243,
            "kode_bidang_urusan": "7.01",
            "nama_bidang_urusan": "KECAMATAN",
            "id_sub_skpd": 973,
            "kode_sub_skpd": "7.01.0.00.0.00.03.0000",
            "nama_sub_skpd": "Kecamatan Air Besi",
            "set_pagu_user": 377452,
            "set_pagu_at": "Mon, 30 Jun 2025 11:06:54 GMT",
            "id_program": 4451,
            "kode_program": "7.01.01",
            "nama_program": "PROGRAM PENUNJANG URUSAN PEMERINTAHAN DAERAH KABUPATEN/KOTA",
            "id_giat": 18371,
            "kode_giat": "7.01.01.2.01",
            "nama_giat": "Perencanaan, Penganggaran, dan Evaluasi Kinerja Perangkat Daerah",
            "pagu_giat": 16178641.0,
            "rinci_giat": null,
            "id_sub_giat": 60590,
            "kode_sub_giat": "7.01.01.2.01.0002",
            "nama_sub_giat": "Koordinasi dan Penyusunan Dokumen RKA-SKPD",
            "pagu": 2040994.0,
            "pagu_indikatif": 2040994.0,
            "rincian": null,
            "kode_bl": "973.973.4451.18371",
            "kode_sbl": "973.973.4451.18371.60590",
            "kunci_bl": 1,
            "kunci_bl_rinci": 1,
            "user_created": "SYAHRU RAMADAN, S.IP",
            "created_date": "22-01-2025",
            "created_time": "10:55",
            "user_updated": "SYAHRU RAMADAN, S.IP",
            "updated_date": "24-06-2025",
            "updated_time": "13:13",
            "is_locked": 0
        },
        {
            "id_sub_bl": 76968,
            "id_daerah": 473,
            "tahun": 2026,
            "id_unit": 973,
            "id_skpd": 973,
            "created_user": 377452,
            "kode_skpd": "7.01.0.00.0.00.03.0000",
            "nama_skpd": "Kecamatan Air Besi",
            "id_urusan": 17,
            "kode_urusan": "7",
            "nama_urusan": "UNSUR KEWILAYAHAN",
            "id_bidang_urusan": 243,
            "kode_bidang_urusan": "7.01",
            "nama_bidang_urusan": "KECAMATAN",
            "id_sub_skpd": 973,
            "kode_sub_skpd": "7.01.0.00.0.00.03.0000",
            "nama_sub_skpd": "Kecamatan Air Besi",
            "set_pagu_user": 377452,
            "set_pagu_at": "Mon, 30 Jun 2025 11:06:54 GMT",
            "id_program": 4451,
            "kode_program": "7.01.01",
            "nama_program": "PROGRAM PENUNJANG URUSAN PEMERINTAHAN DAERAH KABUPATEN/KOTA",
            "id_giat": 18371,
            "kode_giat": "7.01.01.2.01",
            "nama_giat": "Perencanaan, Penganggaran, dan Evaluasi Kinerja Perangkat Daerah",
            "pagu_giat": 16178641.0,
            "rinci_giat": null,
            "id_sub_giat": 60591,
            "kode_sub_giat": "7.01.01.2.01.0003",
            "nama_sub_giat": "Koordinasi dan Penyusunan Dokumen Perubahan RKA-SKPD",
            "pagu": 2096258.0,
            "pagu_indikatif": 2096258.0,
            "rincian": null,
            "kode_bl": "973.973.4451.18371",
            "kode_sbl": "973.973.4451.18371.60591",
            "kunci_bl": 1,
            "kunci_bl_rinci": 1,
            "user_created": "SYAHRU RAMADAN, S.IP",
            "created_date": "24-06-2025",
            "created_time": "11:13",
            "user_updated": "SYAHRU RAMADAN, S.IP",
            "updated_date": "24-06-2025",
            "updated_time": "12:25",
            "is_locked": 0
        },
        {
            "id_sub_bl": 60111,
            "id_daerah": 473,
            "tahun": 2026,
            "id_unit": 973,
            "id_skpd": 973,
            "created_user": 377452,
            "kode_skpd": "7.01.0.00.0.00.03.0000",
            "nama_skpd": "Kecamatan Air Besi",
            "id_urusan": 17,
            "kode_urusan": "7",
            "nama_urusan": "UNSUR KEWILAYAHAN",
            "id_bidang_urusan": 243,
            "kode_bidang_urusan": "7.01",
            "nama_bidang_urusan": "KECAMATAN",
            "id_sub_skpd": 973,
            "kode_sub_skpd": "7.01.0.00.0.00.03.0000",
            "nama_sub_skpd": "Kecamatan Air Besi",
            "set_pagu_user": 377452,
            "set_pagu_at": "Mon, 30 Jun 2025 11:06:54 GMT",
            "id_program": 4451,
            "kode_program": "7.01.01",
            "nama_program": "PROGRAM PENUNJANG URUSAN PEMERINTAHAN DAERAH KABUPATEN/KOTA",
            "id_giat": 18371,
            "kode_giat": "7.01.01.2.01",
            "nama_giat": "Perencanaan, Penganggaran, dan Evaluasi Kinerja Perangkat Daerah",
            "pagu_giat": 16178641.0,
            "rinci_giat": null,
            "id_sub_giat": 60592,
            "kode_sub_giat": "7.01.01.2.01.0004",
            "nama_sub_giat": "Koordinasi dan Penyusunan DPA-SKPD",
            "pagu": 1639835.0,
            "pagu_indikatif": 1639835.0,
            "rincian": null,
            "kode_bl": "973.973.4451.18371",
            "kode_sbl": "973.973.4451.18371.60592",
            "kunci_bl": 1,
            "kunci_bl_rinci": 1,
            "user_created": "SYAHRU RAMADAN, S.IP",
            "created_date": "23-01-2025",
            "created_time": "11:54",
            "user_updated": "SYAHRU RAMADAN, S.IP",
            "updated_date": "24-06-2025",
            "updated_time": "13:14",
            "is_locked": 0
        },
        {
            "id_sub_bl": 60115,
            "id_daerah": 473,
            "tahun": 2026,
            "id_unit": 973,
            "id_skpd": 973,
            "created_user": 377452,
            "kode_skpd": "7.01.0.00.0.00.03.0000",
            "nama_skpd": "Kecamatan Air Besi",
            "id_urusan": 17,
            "kode_urusan": "7",
            "nama_urusan": "UNSUR KEWILAYAHAN",
            "id_bidang_urusan": 243,
            "kode_bidang_urusan": "7.01",
            "nama_bidang_urusan": "KECAMATAN",
            "id_sub_skpd": 973,
            "kode_sub_skpd": "7.01.0.00.0.00.03.0000",
            "nama_sub_skpd": "Kecamatan Air Besi",
            "set_pagu_user": 377452,
            "set_pagu_at": "Mon, 30 Jun 2025 11:06:54 GMT",
            "id_program": 4451,
            "kode_program": "7.01.01",
            "nama_program": "PROGRAM PENUNJANG URUSAN PEMERINTAHAN DAERAH KABUPATEN/KOTA",
            "id_giat": 18371,
            "kode_giat": "7.01.01.2.01",
            "nama_giat": "Perencanaan, Penganggaran, dan Evaluasi Kinerja Perangkat Daerah",
            "pagu_giat": 16178641.0,
            "rinci_giat": null,
            "id_sub_giat": 60593,
            "kode_sub_giat": "7.01.01.2.01.0005",
            "nama_sub_giat": "Koordinasi dan Penyusunan Perubahan DPA- SKPD",
            "pagu": 1794272.0,
            "pagu_indikatif": 1794272.0,
            "rincian": null,
            "kode_bl": "973.973.4451.18371",
            "kode_sbl": "973.973.4451.18371.60593",
            "kunci_bl": 1,
            "kunci_bl_rinci": 1,
            "user_created": "SYAHRU RAMADAN, S.IP",
            "created_date": "23-01-2025",
            "created_time": "11:57",
            "user_updated": "SYAHRU RAMADAN, S.IP",
            "updated_date": "24-06-2025",
            "updated_time": "13:15",
            "is_locked": 0
        },
        {
            "id_sub_bl": 60119,
            "id_daerah": 473,
            "tahun": 2026,
            "id_unit": 973,
            "id_skpd": 973,
            "created_user": 377452,
            "kode_skpd": "7.01.0.00.0.00.03.0000",
            "nama_skpd": "Kecamatan Air Besi",
            "id_urusan": 17,
            "kode_urusan": "7",
            "nama_urusan": "UNSUR KEWILAYAHAN",
            "id_bidang_urusan": 243,
            "kode_bidang_urusan": "7.01",
            "nama_bidang_urusan": "KECAMATAN",
            "id_sub_skpd": 973,
            "kode_sub_skpd": "7.01.0.00.0.00.03.0000",
            "nama_sub_skpd": "Kecamatan Air Besi",
            "set_pagu_user": 377452,
            "set_pagu_at": "Mon, 30 Jun 2025 11:06:54 GMT",
            "id_program": 4451,
            "kode_program": "7.01.01",
            "nama_program": "PROGRAM PENUNJANG URUSAN PEMERINTAHAN DAERAH KABUPATEN/KOTA",
            "id_giat": 18371,
            "kode_giat": "7.01.01.2.01",
            "nama_giat": "Perencanaan, Penganggaran, dan Evaluasi Kinerja Perangkat Daerah",
            "pagu_giat": 16178641.0,
            "rinci_giat": null,
            "id_sub_giat": 60594,
            "kode_sub_giat": "7.01.01.2.01.0006",
            "nama_sub_giat": "Koordinasi dan Penyusunan Laporan Capaian Kinerja dan Ikhtisar Realisasi Kinerja SKPD",
            "pagu": 2113382.0,
            "pagu_indikatif": 2113382.0,
            "rincian": null,
            "kode_bl": "973.973.4451.18371",
            "kode_sbl": "973.973.4451.18371.60594",
            "kunci_bl": 1,
            "kunci_bl_rinci": 1,
            "user_created": "SYAHRU RAMADAN, S.IP",
            "created_date": "23-01-2025",
            "created_time": "12:00",
            "user_updated": "SYAHRU RAMADAN, S.IP",
            "updated_date": "24-06-2025",
            "updated_time": "13:17",
            "is_locked": 0
        },
        {
            "id_sub_bl": 60121,
            "id_daerah": 473,
            "tahun": 2026,
            "id_unit": 973,
            "id_skpd": 973,
            "created_user": 377452,
            "kode_skpd": "7.01.0.00.0.00.03.0000",
            "nama_skpd": "Kecamatan Air Besi",
            "id_urusan": 17,
            "kode_urusan": "7",
            "nama_urusan": "UNSUR KEWILAYAHAN",
            "id_bidang_urusan": 243,
            "kode_bidang_urusan": "7.01",
            "nama_bidang_urusan": "KECAMATAN",
            "id_sub_skpd": 973,
            "kode_sub_skpd": "7.01.0.00.0.00.03.0000",
            "nama_sub_skpd": "Kecamatan Air Besi",
            "set_pagu_user": 377452,
            "set_pagu_at": "Mon, 30 Jun 2025 11:06:54 GMT",
            "id_program": 4451,
            "kode_program": "7.01.01",
            "nama_program": "PROGRAM PENUNJANG URUSAN PEMERINTAHAN DAERAH KABUPATEN/KOTA",
            "id_giat": 18371,
            "kode_giat": "7.01.01.2.01",
            "nama_giat": "Perencanaan, Penganggaran, dan Evaluasi Kinerja Perangkat Daerah",
            "pagu_giat": 16178641.0,
            "rinci_giat": null,
            "id_sub_giat": 60595,
            "kode_sub_giat": "7.01.01.2.01.0007",
            "nama_sub_giat": "Evaluasi Kinerja Perangkat Daerah",
            "pagu": 2000000.0,
            "pagu_indikatif": 2000000.0,
            "rincian": null,
            "kode_bl": "973.973.4451.18371",
            "kode_sbl": "973.973.4451.18371.60595",
            "kunci_bl": 1,
            "kunci_bl_rinci": 1,
            "user_created": "SYAHRU RAMADAN, S.IP",
            "created_date": "23-01-2025",
            "created_time": "12:03",
            "user_updated": "SYAHRU RAMADAN, S.IP",
            "updated_date": "14-02-2025",
            "updated_time": "12:31",
            "is_locked": 0
        },
        {
            "id_sub_bl": 60902,
            "id_daerah": 473,
            "tahun": 2026,
            "id_unit": 973,
            "id_skpd": 973,
            "created_user": 377452,
            "kode_skpd": "7.01.0.00.0.00.03.0000",
            "nama_skpd": "Kecamatan Air Besi",
            "id_urusan": 17,
            "kode_urusan": "7",
            "nama_urusan": "UNSUR KEWILAYAHAN",
            "id_bidang_urusan": 243,
            "kode_bidang_urusan": "7.01",
            "nama_bidang_urusan": "KECAMATAN",
            "id_sub_skpd": 973,
            "kode_sub_skpd": "7.01.0.00.0.00.03.0000",
            "nama_sub_skpd": "Kecamatan Air Besi",
            "set_pagu_user": 377452,
            "set_pagu_at": "Mon, 30 Jun 2025 11:06:54 GMT",
            "id_program": 4451,
            "kode_program": "7.01.01",
            "nama_program": "PROGRAM PENUNJANG URUSAN PEMERINTAHAN DAERAH KABUPATEN/KOTA",
            "id_giat": 18372,
            "kode_giat": "7.01.01.2.02",
            "nama_giat": "Administrasi Keuangan Perangkat Daerah",
            "pagu_giat": 1671646689.0,
            "rinci_giat": null,
            "id_sub_giat": 60602,
            "kode_sub_giat": "7.01.01.2.02.0001",
            "nama_sub_giat": "Penyediaan Gaji dan Tunjangan ASN",
            "pagu": 1636871361.0,
            "pagu_indikatif": 1636871361.0,
            "rincian": null,
            "kode_bl": "973.973.4451.18372",
            "kode_sbl": "973.973.4451.18372.60602",
            "kunci_bl": 1,
            "kunci_bl_rinci": 1,
            "user_created": "SYAHRU RAMADAN, S.IP",
            "created_date": "29-01-2025",
            "created_time": "09:18",
            "user_updated": "SYAHRU RAMADAN, S.IP",
            "updated_date": "24-06-2025",
            "updated_time": "13:52",
            "is_locked": 0
        },
        {
            "id_sub_bl": 60126,
            "id_daerah": 473,
            "tahun": 2026,
            "id_unit": 973,
            "id_skpd": 973,
            "created_user": 377452,
            "kode_skpd": "7.01.0.00.0.00.03.0000",
            "nama_skpd": "Kecamatan Air Besi",
            "id_urusan": 17,
            "kode_urusan": "7",
            "nama_urusan": "UNSUR KEWILAYAHAN",
            "id_bidang_urusan": 243,
            "kode_bidang_urusan": "7.01",
            "nama_bidang_urusan": "KECAMATAN",
            "id_sub_skpd": 973,
            "kode_sub_skpd": "7.01.0.00.0.00.03.0000",
            "nama_sub_skpd": "Kecamatan Air Besi",
            "set_pagu_user": 377452,
            "set_pagu_at": "Mon, 30 Jun 2025 11:06:54 GMT",
            "id_program": 4451,
            "kode_program": "7.01.01",
            "nama_program": "PROGRAM PENUNJANG URUSAN PEMERINTAHAN DAERAH KABUPATEN/KOTA",
            "id_giat": 18372,
            "kode_giat": "7.01.01.2.02",
            "nama_giat": "Administrasi Keuangan Perangkat Daerah",
            "pagu_giat": 1671646689.0,
            "rinci_giat": null,
            "id_sub_giat": 60604,
            "kode_sub_giat": "7.01.01.2.02.0003",
            "nama_sub_giat": "Pelaksanaan Penatausahaan dan\r\n\nPengujian/Verifikasi Keuangan SKPD",
            "pagu": 30600000.0,
            "pagu_indikatif": 30600000.0,
            "rincian": null,
            "kode_bl": "973.973.4451.18372",
            "kode_sbl": "973.973.4451.18372.60604",
            "kunci_bl": 1,
            "kunci_bl_rinci": 1,
            "user_created": "SYAHRU RAMADAN, S.IP",
            "created_date": "23-01-2025",
            "created_time": "12:09",
            "user_updated": "SYAHRU RAMADAN, S.IP",
            "updated_date": "24-06-2025",
            "updated_time": "13:18",
            "is_locked": 0
        },
        {
            "id_sub_bl": 60138,
            "id_daerah": 473,
            "tahun": 2026,
            "id_unit": 973,
            "id_skpd": 973,
            "created_user": 377452,
            "kode_skpd": "7.01.0.00.0.00.03.0000",
            "nama_skpd": "Kecamatan Air Besi",
            "id_urusan": 17,
            "kode_urusan": "7",
            "nama_urusan": "UNSUR KEWILAYAHAN",
            "id_bidang_urusan": 243,
            "kode_bidang_urusan": "7.01",
            "nama_bidang_urusan": "KECAMATAN",
            "id_sub_skpd": 973,
            "kode_sub_skpd": "7.01.0.00.0.00.03.0000",
            "nama_sub_skpd": "Kecamatan Air Besi",
            "set_pagu_user": 377452,
            "set_pagu_at": "Mon, 30 Jun 2025 11:06:54 GMT",
            "id_program": 4451,
            "kode_program": "7.01.01",
            "nama_program": "PROGRAM PENUNJANG URUSAN PEMERINTAHAN DAERAH KABUPATEN/KOTA",
            "id_giat": 18372,
            "kode_giat": "7.01.01.2.02",
            "nama_giat": "Administrasi Keuangan Perangkat Daerah",
            "pagu_giat": 1671646689.0,
            "rinci_giat": null,
            "id_sub_giat": 60606,
            "kode_sub_giat": "7.01.01.2.02.0005",
            "nama_sub_giat": "Koordinasi dan Penyusunan Laporan Keuangan Akhir Tahun SKPD",
            "pagu": 2104252.0,
            "pagu_indikatif": 2104252.0,
            "rincian": null,
            "kode_bl": "973.973.4451.18372",
            "kode_sbl": "973.973.4451.18372.60606",
            "kunci_bl": 1,
            "kunci_bl_rinci": 1,
            "user_created": "SYAHRU RAMADAN, S.IP",
            "created_date": "23-01-2025",
            "created_time": "12:24",
            "user_updated": "SYAHRU RAMADAN, S.IP",
            "updated_date": "24-06-2025",
            "updated_time": "13:20",
            "is_locked": 0
        },
        {
            "id_sub_bl": 60140,
            "id_daerah": 473,
            "tahun": 2026,
            "id_unit": 973,
            "id_skpd": 973,
            "created_user": 377452,
            "kode_skpd": "7.01.0.00.0.00.03.0000",
            "nama_skpd": "Kecamatan Air Besi",
            "id_urusan": 17,
            "kode_urusan": "7",
            "nama_urusan": "UNSUR KEWILAYAHAN",
            "id_bidang_urusan": 243,
            "kode_bidang_urusan": "7.01",
            "nama_bidang_urusan": "KECAMATAN",
            "id_sub_skpd": 973,
            "kode_sub_skpd": "7.01.0.00.0.00.03.0000",
            "nama_sub_skpd": "Kecamatan Air Besi",
            "set_pagu_user": 377452,
            "set_pagu_at": "Mon, 30 Jun 2025 11:06:54 GMT",
            "id_program": 4451,
            "kode_program": "7.01.01",
            "nama_program": "PROGRAM PENUNJANG URUSAN PEMERINTAHAN DAERAH KABUPATEN/KOTA",
            "id_giat": 18372,
            "kode_giat": "7.01.01.2.02",
            "nama_giat": "Administrasi Keuangan Perangkat Daerah",
            "pagu_giat": 1671646689.0,
            "rinci_giat": null,
            "id_sub_giat": 60608,
            "kode_sub_giat": "7.01.01.2.02.0007",
            "nama_sub_giat": "Koordinasi dan Penyusunan Laporan Keuangan Bulanan/ Triwulanan/ Semesteran SKPD",
            "pagu": 2071076.0,
            "pagu_indikatif": 2071076.0,
            "rincian": null,
            "kode_bl": "973.973.4451.18372",
            "kode_sbl": "973.973.4451.18372.60608",
            "kunci_bl": 1,
            "kunci_bl_rinci": 1,
            "user_created": "SYAHRU RAMADAN, S.IP",
            "created_date": "23-01-2025",
            "created_time": "12:26",
            "user_updated": "SYAHRU RAMADAN, S.IP",
            "updated_date": "14-02-2025",
            "updated_time": "12:35",
            "is_locked": 0
        },
        {
            "id_sub_bl": 60933,
            "id_daerah": 473,
            "tahun": 2026,
            "id_unit": 973,
            "id_skpd": 973,
            "created_user": 377452,
            "kode_skpd": "7.01.0.00.0.00.03.0000",
            "nama_skpd": "Kecamatan Air Besi",
            "id_urusan": 17,
            "kode_urusan": "7",
            "nama_urusan": "UNSUR KEWILAYAHAN",
            "id_bidang_urusan": 243,
            "kode_bidang_urusan": "7.01",
            "nama_bidang_urusan": "KECAMATAN",
            "id_sub_skpd": 973,
            "kode_sub_skpd": "7.01.0.00.0.00.03.0000",
            "nama_sub_skpd": "Kecamatan Air Besi",
            "set_pagu_user": 377452,
            "set_pagu_at": "Mon, 30 Jun 2025 11:06:54 GMT",
            "id_program": 4451,
            "kode_program": "7.01.01",
            "nama_program": "PROGRAM PENUNJANG URUSAN PEMERINTAHAN DAERAH KABUPATEN/KOTA",
            "id_giat": 18373,
            "kode_giat": "7.01.01.2.03",
            "nama_giat": "Administrasi Barang Milik Daerah pada Perangkat Daerah",
            "pagu_giat": 49852347.0,
            "rinci_giat": null,
            "id_sub_giat": 60615,
            "kode_sub_giat": "7.01.01.2.03.0006",
            "nama_sub_giat": "Penatausahaan Barang Milik Daerah pada SKPD",
            "pagu": 24500000.0,
            "pagu_indikatif": 24500000.0,
            "rincian": null,
            "kode_bl": "973.973.4451.18373",
            "kode_sbl": "973.973.4451.18373.60615",
            "kunci_bl": 1,
            "kunci_bl_rinci": 1,
            "user_created": "SYAHRU RAMADAN, S.IP",
            "created_date": "29-01-2025",
            "created_time": "10:53",
            "user_updated": "SYAHRU RAMADAN, S.IP",
            "updated_date": "24-06-2025",
            "updated_time": "13:45",
            "is_locked": 0
        },
        {
            "id_sub_bl": 60905,
            "id_daerah": 473,
            "tahun": 2026,
            "id_unit": 973,
            "id_skpd": 973,
            "created_user": 377452,
            "kode_skpd": "7.01.0.00.0.00.03.0000",
            "nama_skpd": "Kecamatan Air Besi",
            "id_urusan": 17,
            "kode_urusan": "7",
            "nama_urusan": "UNSUR KEWILAYAHAN",
            "id_bidang_urusan": 243,
            "kode_bidang_urusan": "7.01",
            "nama_bidang_urusan": "KECAMATAN",
            "id_sub_skpd": 973,
            "kode_sub_skpd": "7.01.0.00.0.00.03.0000",
            "nama_sub_skpd": "Kecamatan Air Besi",
            "set_pagu_user": 377452,
            "set_pagu_at": "Mon, 30 Jun 2025 11:06:54 GMT",
            "id_program": 4451,
            "kode_program": "7.01.01",
            "nama_program": "PROGRAM PENUNJANG URUSAN PEMERINTAHAN DAERAH KABUPATEN/KOTA",
            "id_giat": 18375,
            "kode_giat": "7.01.01.2.05",
            "nama_giat": "Administrasi Kepegawaian Perangkat Daerah",
            "pagu_giat": 15000000.0,
            "rinci_giat": null,
            "id_sub_giat": 60625,
            "kode_sub_giat": "7.01.01.2.05.0002",
            "nama_sub_giat": "Pengadaan Pakaian Dinas beserta Atribut Kelengkapannya",
            "pagu": 15000000.0,
            "pagu_indikatif": 15000000.0,
            "rincian": null,
            "kode_bl": "973.973.4451.18375",
            "kode_sbl": "973.973.4451.18375.60625",
            "kunci_bl": 1,
            "kunci_bl_rinci": 1,
            "user_created": "SYAHRU RAMADAN, S.IP",
            "created_date": "29-01-2025",
            "created_time": "09:25",
            "user_updated": "SYAHRU RAMADAN, S.IP",
            "updated_date": "14-02-2025",
            "updated_time": "12:38",
            "is_locked": 0
        },
        {
            "id_sub_bl": 60906,
            "id_daerah": 473,
            "tahun": 2026,
            "id_unit": 973,
            "id_skpd": 973,
            "created_user": 377452,
            "kode_skpd": "7.01.0.00.0.00.03.0000",
            "nama_skpd": "Kecamatan Air Besi",
            "id_urusan": 17,
            "kode_urusan": "7",
            "nama_urusan": "UNSUR KEWILAYAHAN",
            "id_bidang_urusan": 243,
            "kode_bidang_urusan": "7.01",
            "nama_bidang_urusan": "KECAMATAN",
            "id_sub_skpd": 973,
            "kode_sub_skpd": "7.01.0.00.0.00.03.0000",
            "nama_sub_skpd": "Kecamatan Air Besi",
            "set_pagu_user": 377452,
            "set_pagu_at": "Mon, 30 Jun 2025 11:06:54 GMT",
            "id_program": 4451,
            "kode_program": "7.01.01",
            "nama_program": "PROGRAM PENUNJANG URUSAN PEMERINTAHAN DAERAH KABUPATEN/KOTA",
            "id_giat": 18376,
            "kode_giat": "7.01.01.2.06",
            "nama_giat": "Administrasi Umum Perangkat Daerah",
            "pagu_giat": 68657625.0,
            "rinci_giat": null,
            "id_sub_giat": 60635,
            "kode_sub_giat": "7.01.01.2.06.0001",
            "nama_sub_giat": "Penyediaan Komponen Instalasi\r\n\nListrik/Penerangan Bangunan Kantor",
            "pagu": 973000.0,
            "pagu_indikatif": 973000.0,
            "rincian": null,
            "kode_bl": "973.973.4451.18376",
            "kode_sbl": "973.973.4451.18376.60635",
            "kunci_bl": 1,
            "kunci_bl_rinci": 1,
            "user_created": "SYAHRU RAMADAN, S.IP",
            "created_date": "29-01-2025",
            "created_time": "09:27",
            "user_updated": "SYAHRU RAMADAN, S.IP",
            "updated_date": "24-06-2025",
            "updated_time": "13:24",
            "is_locked": 0
        },
        {
            "id_sub_bl": 60908,
            "id_daerah": 473,
            "tahun": 2026,
            "id_unit": 973,
            "id_skpd": 973,
            "created_user": 377452,
            "kode_skpd": "7.01.0.00.0.00.03.0000",
            "nama_skpd": "Kecamatan Air Besi",
            "id_urusan": 17,
            "kode_urusan": "7",
            "nama_urusan": "UNSUR KEWILAYAHAN",
            "id_bidang_urusan": 243,
            "kode_bidang_urusan": "7.01",
            "nama_bidang_urusan": "KECAMATAN",
            "id_sub_skpd": 973,
            "kode_sub_skpd": "7.01.0.00.0.00.03.0000",
            "nama_sub_skpd": "Kecamatan Air Besi",
            "set_pagu_user": 377452,
            "set_pagu_at": "Mon, 30 Jun 2025 11:06:54 GMT",
            "id_program": 4451,
            "kode_program": "7.01.01",
            "nama_program": "PROGRAM PENUNJANG URUSAN PEMERINTAHAN DAERAH KABUPATEN/KOTA",
            "id_giat": 18376,
            "kode_giat": "7.01.01.2.06",
            "nama_giat": "Administrasi Umum Perangkat Daerah",
            "pagu_giat": 68657625.0,
            "rinci_giat": null,
            "id_sub_giat": 60638,
            "kode_sub_giat": "7.01.01.2.06.0004",
            "nama_sub_giat": "Penyediaan Bahan Logistik Kantor",
            "pagu": 18103261.0,
            "pagu_indikatif": 18103261.0,
            "rincian": null,
            "kode_bl": "973.973.4451.18376",
            "kode_sbl": "973.973.4451.18376.60638",
            "kunci_bl": 1,
            "kunci_bl_rinci": 1,
            "user_created": "SYAHRU RAMADAN, S.IP",
            "created_date": "29-01-2025",
            "created_time": "09:29",
            "user_updated": "SYAHRU RAMADAN, S.IP",
            "updated_date": "24-06-2025",
            "updated_time": "13:26",
            "is_locked": 0
        },
        {
            "id_sub_bl": 60909,
            "id_daerah": 473,
            "tahun": 2026,
            "id_unit": 973,
            "id_skpd": 973,
            "created_user": 377452,
            "kode_skpd": "7.01.0.00.0.00.03.0000",
            "nama_skpd": "Kecamatan Air Besi",
            "id_urusan": 17,
            "kode_urusan": "7",
            "nama_urusan": "UNSUR KEWILAYAHAN",
            "id_bidang_urusan": 243,
            "kode_bidang_urusan": "7.01",
            "nama_bidang_urusan": "KECAMATAN",
            "id_sub_skpd": 973,
            "kode_sub_skpd": "7.01.0.00.0.00.03.0000",
            "nama_sub_skpd": "Kecamatan Air Besi",
            "set_pagu_user": 377452,
            "set_pagu_at": "Mon, 30 Jun 2025 11:06:54 GMT",
            "id_program": 4451,
            "kode_program": "7.01.01",
            "nama_program": "PROGRAM PENUNJANG URUSAN PEMERINTAHAN DAERAH KABUPATEN/KOTA",
            "id_giat": 18376,
            "kode_giat": "7.01.01.2.06",
            "nama_giat": "Administrasi Umum Perangkat Daerah",
            "pagu_giat": 68657625.0,
            "rinci_giat": null,
            "id_sub_giat": 60639,
            "kode_sub_giat": "7.01.01.2.06.0005",
            "nama_sub_giat": "Penyediaan Barang Cetakan dan Penggandaan",
            "pagu": 1365000.0,
            "pagu_indikatif": 1365000.0,
            "rincian": null,
            "kode_bl": "973.973.4451.18376",
            "kode_sbl": "973.973.4451.18376.60639",
            "kunci_bl": 1,
            "kunci_bl_rinci": 1,
            "user_created": "SYAHRU RAMADAN, S.IP",
            "created_date": "29-01-2025",
            "created_time": "09:30",
            "user_updated": "SYAHRU RAMADAN, S.IP",
            "updated_date": "24-06-2025",
            "updated_time": "13:27",
            "is_locked": 0
        },
        {
            "id_sub_bl": 60911,
            "id_daerah": 473,
            "tahun": 2026,
            "id_unit": 973,
            "id_skpd": 973,
            "created_user": 377452,
            "kode_skpd": "7.01.0.00.0.00.03.0000",
            "nama_skpd": "Kecamatan Air Besi",
            "id_urusan": 17,
            "kode_urusan": "7",
            "nama_urusan": "UNSUR KEWILAYAHAN",
            "id_bidang_urusan": 243,
            "kode_bidang_urusan": "7.01",
            "nama_bidang_urusan": "KECAMATAN",
            "id_sub_skpd": 973,
            "kode_sub_skpd": "7.01.0.00.0.00.03.0000",
            "nama_sub_skpd": "Kecamatan Air Besi",
            "set_pagu_user": 377452,
            "set_pagu_at": "Mon, 30 Jun 2025 11:06:54 GMT",
            "id_program": 4451,
            "kode_program": "7.01.01",
            "nama_program": "PROGRAM PENUNJANG URUSAN PEMERINTAHAN DAERAH KABUPATEN/KOTA",
            "id_giat": 18376,
            "kode_giat": "7.01.01.2.06",
            "nama_giat": "Administrasi Umum Perangkat Daerah",
            "pagu_giat": 68657625.0,
            "rinci_giat": null,
            "id_sub_giat": 60640,
            "kode_sub_giat": "7.01.01.2.06.0006",
            "nama_sub_giat": "Penyediaan Bahan Bacaan dan Peraturan Perundang-undangan",
            "pagu": 18216364.0,
            "pagu_indikatif": 18216364.0,
            "rincian": null,
            "kode_bl": "973.973.4451.18376",
            "kode_sbl": "973.973.4451.18376.60640",
            "kunci_bl": 1,
            "kunci_bl_rinci": 1,
            "user_created": "SYAHRU RAMADAN, S.IP",
            "created_date": "29-01-2025",
            "created_time": "09:33",
            "user_updated": "SYAHRU RAMADAN, S.IP",
            "updated_date": "24-06-2025",
            "updated_time": "13:29",
            "is_locked": 0
        },
        {
            "id_sub_bl": 60912,
            "id_daerah": 473,
            "tahun": 2026,
            "id_unit": 973,
            "id_skpd": 973,
            "created_user": 377452,
            "kode_skpd": "7.01.0.00.0.00.03.0000",
            "nama_skpd": "Kecamatan Air Besi",
            "id_urusan": 17,
            "kode_urusan": "7",
            "nama_urusan": "UNSUR KEWILAYAHAN",
            "id_bidang_urusan": 243,
            "kode_bidang_urusan": "7.01",
            "nama_bidang_urusan": "KECAMATAN",
            "id_sub_skpd": 973,
            "kode_sub_skpd": "7.01.0.00.0.00.03.0000",
            "nama_sub_skpd": "Kecamatan Air Besi",
            "set_pagu_user": 377452,
            "set_pagu_at": "Mon, 30 Jun 2025 11:06:54 GMT",
            "id_program": 4451,
            "kode_program": "7.01.01",
            "nama_program": "PROGRAM PENUNJANG URUSAN PEMERINTAHAN DAERAH KABUPATEN/KOTA",
            "id_giat": 18376,
            "kode_giat": "7.01.01.2.06",
            "nama_giat": "Administrasi Umum Perangkat Daerah",
            "pagu_giat": 68657625.0,
            "rinci_giat": null,
            "id_sub_giat": 60643,
            "kode_sub_giat": "7.01.01.2.06.0009",
            "nama_sub_giat": "Penyelenggaraan Rapat Koordinasi dan Konsultasi SKPD",
            "pagu": 30000000.0,
            "pagu_indikatif": 30000000.0,
            "rincian": null,
            "kode_bl": "973.973.4451.18376",
            "kode_sbl": "973.973.4451.18376.60643",
            "kunci_bl": 1,
            "kunci_bl_rinci": 1,
            "user_created": "SYAHRU RAMADAN, S.IP",
            "created_date": "29-01-2025",
            "created_time": "09:36",
            "user_updated": "SYAHRU RAMADAN, S.IP",
            "updated_date": "14-02-2025",
            "updated_time": "12:43",
            "is_locked": 0
        },
        {
            "id_sub_bl": 60932,
            "id_daerah": 473,
            "tahun": 2026,
            "id_unit": 973,
            "id_skpd": 973,
            "created_user": 377452,
            "kode_skpd": "7.01.0.00.0.00.03.0000",
            "nama_skpd": "Kecamatan Air Besi",
            "id_urusan": 17,
            "kode_urusan": "7",
            "nama_urusan": "UNSUR KEWILAYAHAN",
            "id_bidang_urusan": 243,
            "kode_bidang_urusan": "7.01",
            "nama_bidang_urusan": "KECAMATAN",
            "id_sub_skpd": 973,
            "kode_sub_skpd": "7.01.0.00.0.00.03.0000",
            "nama_sub_skpd": "Kecamatan Air Besi",
            "set_pagu_user": 377452,
            "set_pagu_at": "Mon, 30 Jun 2025 11:06:54 GMT",
            "id_program": 4451,
            "kode_program": "7.01.01",
            "nama_program": "PROGRAM PENUNJANG URUSAN PEMERINTAHAN DAERAH KABUPATEN/KOTA",
            "id_giat": 18377,
            "kode_giat": "7.01.01.2.07",
            "nama_giat": "Pengadaan Barang Milik Daerah Penunjang Urusan Pemerintah Daerah",
            "pagu_giat": 83511000.0,
            "rinci_giat": null,
            "id_sub_giat": 60651,
            "kode_sub_giat": "7.01.01.2.07.0006",
            "nama_sub_giat": "Pengadaan Peralatan dan Mesin Lainnya",
            "pagu": 13511000.0,
            "pagu_indikatif": 13511000.0,
            "rincian": null,
            "kode_bl": "973.973.4451.18377",
            "kode_sbl": "973.973.4451.18377.60651",
            "kunci_bl": 1,
            "kunci_bl_rinci": 1,
            "user_created": "SYAHRU RAMADAN, S.IP",
            "created_date": "29-01-2025",
            "created_time": "10:43",
            "user_updated": "SYAHRU RAMADAN, S.IP",
            "updated_date": "24-06-2025",
            "updated_time": "13:30",
            "is_locked": 0
        },
        {
            "id_sub_bl": 60914,
            "id_daerah": 473,
            "tahun": 2026,
            "id_unit": 973,
            "id_skpd": 973,
            "created_user": 377452,
            "kode_skpd": "7.01.0.00.0.00.03.0000",
            "nama_skpd": "Kecamatan Air Besi",
            "id_urusan": 17,
            "kode_urusan": "7",
            "nama_urusan": "UNSUR KEWILAYAHAN",
            "id_bidang_urusan": 243,
            "kode_bidang_urusan": "7.01",
            "nama_bidang_urusan": "KECAMATAN",
            "id_sub_skpd": 973,
            "kode_sub_skpd": "7.01.0.00.0.00.03.0000",
            "nama_sub_skpd": "Kecamatan Air Besi",
            "set_pagu_user": 377452,
            "set_pagu_at": "Mon, 30 Jun 2025 11:06:54 GMT",
            "id_program": 4451,
            "kode_program": "7.01.01",
            "nama_program": "PROGRAM PENUNJANG URUSAN PEMERINTAHAN DAERAH KABUPATEN/KOTA",
            "id_giat": 18378,
            "kode_giat": "7.01.01.2.08",
            "nama_giat": "Penyediaan Jasa Penunjang Urusan Pemerintahan Daerah",
            "pagu_giat": 63291383.0,
            "rinci_giat": null,
            "id_sub_giat": 60658,
            "kode_sub_giat": "7.01.01.2.08.0002",
            "nama_sub_giat": "Penyediaan Jasa Komunikasi, Sumber Daya Air dan Listrik",
            "pagu": 27291383.0,
            "pagu_indikatif": 27291383.0,
            "rincian": null,
            "kode_bl": "973.973.4451.18378",
            "kode_sbl": "973.973.4451.18378.60658",
            "kunci_bl": 1,
            "kunci_bl_rinci": 1,
            "user_created": "SYAHRU RAMADAN, S.IP",
            "created_date": "29-01-2025",
            "created_time": "09:38",
            "user_updated": "SYAHRU RAMADAN, S.IP",
            "updated_date": "24-06-2025",
            "updated_time": "13:33",
            "is_locked": 0
        },
        {
            "id_sub_bl": 60915,
            "id_daerah": 473,
            "tahun": 2026,
            "id_unit": 973,
            "id_skpd": 973,
            "created_user": 377452,
            "kode_skpd": "7.01.0.00.0.00.03.0000",
            "nama_skpd": "Kecamatan Air Besi",
            "id_urusan": 17,
            "kode_urusan": "7",
            "nama_urusan": "UNSUR KEWILAYAHAN",
            "id_bidang_urusan": 243,
            "kode_bidang_urusan": "7.01",
            "nama_bidang_urusan": "KECAMATAN",
            "id_sub_skpd": 973,
            "kode_sub_skpd": "7.01.0.00.0.00.03.0000",
            "nama_sub_skpd": "Kecamatan Air Besi",
            "set_pagu_user": 377452,
            "set_pagu_at": "Mon, 30 Jun 2025 11:06:54 GMT",
            "id_program": 4451,
            "kode_program": "7.01.01",
            "nama_program": "PROGRAM PENUNJANG URUSAN PEMERINTAHAN DAERAH KABUPATEN/KOTA",
            "id_giat": 18378,
            "kode_giat": "7.01.01.2.08",
            "nama_giat": "Penyediaan Jasa Penunjang Urusan Pemerintahan Daerah",
            "pagu_giat": 63291383.0,
            "rinci_giat": null,
            "id_sub_giat": 60660,
            "kode_sub_giat": "7.01.01.2.08.0004",
            "nama_sub_giat": "Penyediaan Jasa Pelayanan Umum Kantor",
            "pagu": 36000000.0,
            "pagu_indikatif": 36000000.0,
            "rincian": null,
            "kode_bl": "973.973.4451.18378",
            "kode_sbl": "973.973.4451.18378.60660",
            "kunci_bl": 1,
            "kunci_bl_rinci": 1,
            "user_created": "SYAHRU RAMADAN, S.IP",
            "created_date": "29-01-2025",
            "created_time": "09:39",
            "user_updated": "SYAHRU RAMADAN, S.IP",
            "updated_date": "24-06-2025",
            "updated_time": "13:34",
            "is_locked": 0
        },
        {
            "id_sub_bl": 60917,
            "id_daerah": 473,
            "tahun": 2026,
            "id_unit": 973,
            "id_skpd": 973,
            "created_user": 377452,
            "kode_skpd": "7.01.0.00.0.00.03.0000",
            "nama_skpd": "Kecamatan Air Besi",
            "id_urusan": 17,
            "kode_urusan": "7",
            "nama_urusan": "UNSUR KEWILAYAHAN",
            "id_bidang_urusan": 243,
            "kode_bidang_urusan": "7.01",
            "nama_bidang_urusan": "KECAMATAN",
            "id_sub_skpd": 973,
            "kode_sub_skpd": "7.01.0.00.0.00.03.0000",
            "nama_sub_skpd": "Kecamatan Air Besi",
            "set_pagu_user": 377452,
            "set_pagu_at": "Mon, 30 Jun 2025 11:06:54 GMT",
            "id_program": 4451,
            "kode_program": "7.01.01",
            "nama_program": "PROGRAM PENUNJANG URUSAN PEMERINTAHAN DAERAH KABUPATEN/KOTA",
            "id_giat": 18379,
            "kode_giat": "7.01.01.2.09",
            "nama_giat": "Pemeliharaan Barang Milik Daerah Penunjang Urusan Pemerintahan Daerah",
            "pagu_giat": 69870000.0,
            "rinci_giat": null,
            "id_sub_giat": 60662,
            "kode_sub_giat": "7.01.01.2.09.0002",
            "nama_sub_giat": "Penyediaan Jasa Pemeliharaan, Biaya Pemeliharaan, Pajak dan Perizinan Kendaraan Dinas Operasional atau Lapangan",
            "pagu": 23620000.0,
            "pagu_indikatif": 23620000.0,
            "rincian": null,
            "kode_bl": "973.973.4451.18379",
            "kode_sbl": "973.973.4451.18379.60662",
            "kunci_bl": 1,
            "kunci_bl_rinci": 1,
            "user_created": "SYAHRU RAMADAN, S.IP",
            "created_date": "29-01-2025",
            "created_time": "09:41",
            "user_updated": "SYAHRU RAMADAN, S.IP",
            "updated_date": "24-06-2025",
            "updated_time": "13:36",
            "is_locked": 0
        },
        {
            "id_sub_bl": 76970,
            "id_daerah": 473,
            "tahun": 2026,
            "id_unit": 973,
            "id_skpd": 973,
            "created_user": 377452,
            "kode_skpd": "7.01.0.00.0.00.03.0000",
            "nama_skpd": "Kecamatan Air Besi",
            "id_urusan": 17,
            "kode_urusan": "7",
            "nama_urusan": "UNSUR KEWILAYAHAN",
            "id_bidang_urusan": 243,
            "kode_bidang_urusan": "7.01",
            "nama_bidang_urusan": "KECAMATAN",
            "id_sub_skpd": 973,
            "kode_sub_skpd": "7.01.0.00.0.00.03.0000",
            "nama_sub_skpd": "Kecamatan Air Besi",
            "set_pagu_user": 377452,
            "set_pagu_at": "Mon, 30 Jun 2025 11:06:54 GMT",
            "id_program": 4451,
            "kode_program": "7.01.01",
            "nama_program": "PROGRAM PENUNJANG URUSAN PEMERINTAHAN DAERAH KABUPATEN/KOTA",
            "id_giat": 18379,
            "kode_giat": "7.01.01.2.09",
            "nama_giat": "Pemeliharaan Barang Milik Daerah Penunjang Urusan Pemerintahan Daerah",
            "pagu_giat": 69870000.0,
            "rinci_giat": null,
            "id_sub_giat": 60666,
            "kode_sub_giat": "7.01.01.2.09.0006",
            "nama_sub_giat": "Pemeliharaan Peralatan dan Mesin Lainnya",
            "pagu": 1250000.0,
            "pagu_indikatif": 1250000.0,
            "rincian": null,
            "kode_bl": "973.973.4451.18379",
            "kode_sbl": "973.973.4451.18379.60666",
            "kunci_bl": 1,
            "kunci_bl_rinci": 1,
            "user_created": "SYAHRU RAMADAN, S.IP",
            "created_date": "24-06-2025",
            "created_time": "13:38",
            "user_updated": null,
            "updated_date": null,
            "updated_time": null,
            "is_locked": 0
        }
    ]