[
        {
            "id_sub_bl": 73396,
            "id_daerah": 473,
            "tahun": 2026,
            "id_unit": 673,
            "id_skpd": 673,
            "created_user": 22045,
            "kode_skpd": "7.01.0.00.0.00.01.0000",
            "nama_skpd": "Kecamatan Arga Makmur",
            "id_urusan": 17,
            "kode_urusan": "7",
            "nama_urusan": "UNSUR KEWILAYAHAN",
            "id_bidang_urusan": 243,
            "kode_bidang_urusan": "7.01",
            "nama_bidang_urusan": "KECAMATAN",
            "id_sub_skpd": 673,
            "kode_sub_skpd": "7.01.0.00.0.00.01.0000",
            "nama_sub_skpd": "Kecamatan Arga Makmur",
            "set_pagu_user": 22045,
            "set_pagu_at": "Wed, 26 Mar 2025 14:32:20 GMT",
            "id_program": 4416,
            "kode_program": "7.01.02",
            "nama_program": "PROGRAM PENYELENGGARAAN PEMERINTAHAN DAN PELAYANAN PUBLIK",
            "id_giat": 18270,
            "kode_giat": "7.01.02.2.01",
            "nama_giat": "Koordinasi Penyelenggaraan Kegiatan\n\nPemerintahan di Tingkat Kecamatan",
            "pagu_giat": 0.0,
            "rinci_giat": null,
            "id_sub_giat": 59876,
            "kode_sub_giat": "7.01.02.2.01.0001",
            "nama_sub_giat": "Koordinasi/Sinergi Perencanaan dan Pelaksanaan Kegiatan Pemerintahan dengan Perangkat Daerah dan Instansi Vertikal Terkait",
            "pagu": 0.0,
            "pagu_indikatif": 0.0,
            "rincian": null,
            "kode_bl": "673.673.4416.18270",
            "kode_sbl": "673.673.4416.18270.59876",
            "kunci_bl": 1,
            "kunci_bl_rinci": 1,
            "user_created": "SYAFARUDDIN, SST, M.SI",
            "created_date": "26-03-2025",
            "created_time": "14:09",
            "user_updated": null,
            "updated_date": null,
            "updated_time": null,
            "is_locked": 0
        },
        {
            "id_sub_bl": 58898,
            "id_daerah": 473,
            "tahun": 2026,
            "id_unit": 673,
            "id_skpd": 673,
            "created_user": 22045,
            "kode_skpd": "7.01.0.00.0.00.01.0000",
            "nama_skpd": "Kecamatan Arga Makmur",
            "id_urusan": 17,
            "kode_urusan": "7",
            "nama_urusan": "UNSUR KEWILAYAHAN",
            "id_bidang_urusan": 243,
            "kode_bidang_urusan": "7.01",
            "nama_bidang_urusan": "KECAMATAN",
            "id_sub_skpd": 673,
            "kode_sub_skpd": "7.01.0.00.0.00.01.0000",
            "nama_sub_skpd": "Kecamatan Arga Makmur",
            "set_pagu_user": 22045,
            "set_pagu_at": "Wed, 26 Mar 2025 14:32:20 GMT",
            "id_program": 4418,
            "kode_program": "7.01.03",
            "nama_program": "PROGRAM PEMBERDAYAAN MASYARAKAT DESA DAN KELURAHAN",
            "id_giat": 18279,
            "kode_giat": "7.01.03.2.01",
            "nama_giat": "Koordinasi Kegiatan Pemberdayaan Desa",
            "pagu_giat": 30000000.0,
            "rinci_giat": null,
            "id_sub_giat": 59913,
            "kode_sub_giat": "7.01.03.2.01.0001",
            "nama_sub_giat": "Peningkatan Partisipasi Masyarakat dalam Forum Musyawarah Perencanaan Pembangunan di Desa",
            "pagu": 30000000.0,
            "pagu_indikatif": 30000000.0,
            "rincian": null,
            "kode_bl": "673.673.4418.18279",
            "kode_sbl": "673.673.4418.18279.59913",
            "kunci_bl": 1,
            "kunci_bl_rinci": 1,
            "user_created": "SYAFARUDDIN, SST, M.SI",
            "created_date": "20-01-2025",
            "created_time": "10:08",
            "user_updated": "SYAFARUDDIN, SST, M.SI",
            "updated_date": "25-03-2025",
            "updated_time": "10:03",
            "is_locked": 0
        },
        {
            "id_sub_bl": 58919,
            "id_daerah": 473,
            "tahun": 2026,
            "id_unit": 673,
            "id_skpd": 673,
            "created_user": 22045,
            "kode_skpd": "7.01.0.00.0.00.01.0000",
            "nama_skpd": "Kecamatan Arga Makmur",
            "id_urusan": 17,
            "kode_urusan": "7",
            "nama_urusan": "UNSUR KEWILAYAHAN",
            "id_bidang_urusan": 243,
            "kode_bidang_urusan": "7.01",
            "nama_bidang_urusan": "KECAMATAN",
            "id_sub_skpd": 673,
            "kode_sub_skpd": "7.01.0.00.0.00.01.0000",
            "nama_sub_skpd": "Kecamatan Arga Makmur",
            "set_pagu_user": 22045,
            "set_pagu_at": "Wed, 26 Mar 2025 14:32:20 GMT",
            "id_program": 4420,
            "kode_program": "7.01.04",
            "nama_program": "PROGRAM KOORDINASI KETENTRAMAN DAN KETERTIBAN UMUM",
            "id_giat": 18285,
            "kode_giat": "7.01.04.2.01",
            "nama_giat": "Koordinasi Upaya Penyelenggaraan Ketenteraman dan Ketertiban Umum",
            "pagu_giat": 109200000.0,
            "rinci_giat": null,
            "id_sub_giat": 59947,
            "kode_sub_giat": "7.01.04.2.01.0002",
            "nama_sub_giat": "Harmonisasi Hubungan dengan Tokoh Agama dan Tokoh Masyarakat",
            "pagu": 109200000.0,
            "pagu_indikatif": 109200000.0,
            "rincian": null,
            "kode_bl": "673.673.4420.18285",
            "kode_sbl": "673.673.4420.18285.59947",
            "kunci_bl": 1,
            "kunci_bl_rinci": 1,
            "user_created": "SYAFARUDDIN, SST, M.SI",
            "created_date": "20-01-2025",
            "created_time": "10:26",
            "user_updated": "SYAFARUDDIN, SST, M.SI",
            "updated_date": "25-03-2025",
            "updated_time": "10:05",
            "is_locked": 0
        },
        {
            "id_sub_bl": 58920,
            "id_daerah": 473,
            "tahun": 2026,
            "id_unit": 673,
            "id_skpd": 673,
            "created_user": 22045,
            "kode_skpd": "7.01.0.00.0.00.01.0000",
            "nama_skpd": "Kecamatan Arga Makmur",
            "id_urusan": 17,
            "kode_urusan": "7",
            "nama_urusan": "UNSUR KEWILAYAHAN",
            "id_bidang_urusan": 243,
            "kode_bidang_urusan": "7.01",
            "nama_bidang_urusan": "KECAMATAN",
            "id_sub_skpd": 673,
            "kode_sub_skpd": "7.01.0.00.0.00.01.0000",
            "nama_sub_skpd": "Kecamatan Arga Makmur",
            "set_pagu_user": 22045,
            "set_pagu_at": "Wed, 26 Mar 2025 14:32:20 GMT",
            "id_program": 4423,
            "kode_program": "7.01.06",
            "nama_program": "PROGRAM PEMBINAAN DAN PENGAWASAN PEMERINTAHAN DESA",
            "id_giat": 18290,
            "kode_giat": "7.01.06.2.01",
            "nama_giat": "Fasilitasi, Rekomendasi dan Koordinasi\n\nPembinaan dan Pengawasan Pemerintahan Desa",
            "pagu_giat": 100000000.0,
            "rinci_giat": null,
            "id_sub_giat": 59975,
            "kode_sub_giat": "7.01.06.2.01.0016",
            "nama_sub_giat": "Fasilitasi Penyusunan Program dan Pelaksanaan Pemberdayaan Masyarakat Desa",
            "pagu": 100000000.0,
            "pagu_indikatif": 100000000.0,
            "rincian": null,
            "kode_bl": "673.673.4423.18290",
            "kode_sbl": "673.673.4423.18290.59975",
            "kunci_bl": 1,
            "kunci_bl_rinci": 1,
            "user_created": "SYAFARUDDIN, SST, M.SI",
            "created_date": "20-01-2025",
            "created_time": "10:27",
            "user_updated": "SYAFARUDDIN, SST, M.SI",
            "updated_date": "26-03-2025",
            "updated_time": "14:10",
            "is_locked": 0
        },
        {
            "id_sub_bl": 58724,
            "id_daerah": 473,
            "tahun": 2026,
            "id_unit": 673,
            "id_skpd": 673,
            "created_user": 22045,
            "kode_skpd": "7.01.0.00.0.00.01.0000",
            "nama_skpd": "Kecamatan Arga Makmur",
            "id_urusan": 17,
            "kode_urusan": "7",
            "nama_urusan": "UNSUR KEWILAYAHAN",
            "id_bidang_urusan": 243,
            "kode_bidang_urusan": "7.01",
            "nama_bidang_urusan": "KECAMATAN",
            "id_sub_skpd": 673,
            "kode_sub_skpd": "7.01.0.00.0.00.01.0000",
            "nama_sub_skpd": "Kecamatan Arga Makmur",
            "set_pagu_user": 22045,
            "set_pagu_at": "Wed, 26 Mar 2025 14:32:20 GMT",
            "id_program": 4451,
            "kode_program": "7.01.01",
            "nama_program": "PROGRAM PENUNJANG URUSAN PEMERINTAHAN DAERAH KABUPATEN/KOTA",
            "id_giat": 18371,
            "kode_giat": "7.01.01.2.01",
            "nama_giat": "Perencanaan, Penganggaran, dan Evaluasi Kinerja Perangkat Daerah",
            "pagu_giat": 30000000.0,
            "rinci_giat": null,
            "id_sub_giat": 60589,
            "kode_sub_giat": "7.01.01.2.01.0001",
            "nama_sub_giat": "Penyusunan Dokumen Perencanaan Perangkat Daerah",
            "pagu": 4000000.0,
            "pagu_indikatif": 4000000.0,
            "rincian": null,
            "kode_bl": "673.673.4451.18371",
            "kode_sbl": "673.673.4451.18371.60589",
            "kunci_bl": 1,
            "kunci_bl_rinci": 1,
            "user_created": "SYAFARUDDIN, SST, M.SI",
            "created_date": "20-01-2025",
            "created_time": "08:25",
            "user_updated": "SYAFARUDDIN, SST, M.SI",
            "updated_date": "25-03-2025",
            "updated_time": "10:10",
            "is_locked": 0
        },
        {
            "id_sub_bl": 58732,
            "id_daerah": 473,
            "tahun": 2026,
            "id_unit": 673,
            "id_skpd": 673,
            "created_user": 22045,
            "kode_skpd": "7.01.0.00.0.00.01.0000",
            "nama_skpd": "Kecamatan Arga Makmur",
            "id_urusan": 17,
            "kode_urusan": "7",
            "nama_urusan": "UNSUR KEWILAYAHAN",
            "id_bidang_urusan": 243,
            "kode_bidang_urusan": "7.01",
            "nama_bidang_urusan": "KECAMATAN",
            "id_sub_skpd": 673,
            "kode_sub_skpd": "7.01.0.00.0.00.01.0000",
            "nama_sub_skpd": "Kecamatan Arga Makmur",
            "set_pagu_user": 22045,
            "set_pagu_at": "Wed, 26 Mar 2025 14:32:20 GMT",
            "id_program": 4451,
            "kode_program": "7.01.01",
            "nama_program": "PROGRAM PENUNJANG URUSAN PEMERINTAHAN DAERAH KABUPATEN/KOTA",
            "id_giat": 18371,
            "kode_giat": "7.01.01.2.01",
            "nama_giat": "Perencanaan, Penganggaran, dan Evaluasi Kinerja Perangkat Daerah",
            "pagu_giat": 30000000.0,
            "rinci_giat": null,
            "id_sub_giat": 60590,
            "kode_sub_giat": "7.01.01.2.01.0002",
            "nama_sub_giat": "Koordinasi dan Penyusunan Dokumen RKA-SKPD",
            "pagu": 5000000.0,
            "pagu_indikatif": 5000000.0,
            "rincian": null,
            "kode_bl": "673.673.4451.18371",
            "kode_sbl": "673.673.4451.18371.60590",
            "kunci_bl": 1,
            "kunci_bl_rinci": 1,
            "user_created": "SYAFARUDDIN, SST, M.SI",
            "created_date": "20-01-2025",
            "created_time": "08:31",
            "user_updated": "SYAFARUDDIN, SST, M.SI",
            "updated_date": "25-03-2025",
            "updated_time": "10:11",
            "is_locked": 0
        },
        {
            "id_sub_bl": 58736,
            "id_daerah": 473,
            "tahun": 2026,
            "id_unit": 673,
            "id_skpd": 673,
            "created_user": 22045,
            "kode_skpd": "7.01.0.00.0.00.01.0000",
            "nama_skpd": "Kecamatan Arga Makmur",
            "id_urusan": 17,
            "kode_urusan": "7",
            "nama_urusan": "UNSUR KEWILAYAHAN",
            "id_bidang_urusan": 243,
            "kode_bidang_urusan": "7.01",
            "nama_bidang_urusan": "KECAMATAN",
            "id_sub_skpd": 673,
            "kode_sub_skpd": "7.01.0.00.0.00.01.0000",
            "nama_sub_skpd": "Kecamatan Arga Makmur",
            "set_pagu_user": 22045,
            "set_pagu_at": "Wed, 26 Mar 2025 14:32:20 GMT",
            "id_program": 4451,
            "kode_program": "7.01.01",
            "nama_program": "PROGRAM PENUNJANG URUSAN PEMERINTAHAN DAERAH KABUPATEN/KOTA",
            "id_giat": 18371,
            "kode_giat": "7.01.01.2.01",
            "nama_giat": "Perencanaan, Penganggaran, dan Evaluasi Kinerja Perangkat Daerah",
            "pagu_giat": 30000000.0,
            "rinci_giat": null,
            "id_sub_giat": 60591,
            "kode_sub_giat": "7.01.01.2.01.0003",
            "nama_sub_giat": "Koordinasi dan Penyusunan Dokumen Perubahan RKA-SKPD",
            "pagu": 4000000.0,
            "pagu_indikatif": 4000000.0,
            "rincian": null,
            "kode_bl": "673.673.4451.18371",
            "kode_sbl": "673.673.4451.18371.60591",
            "kunci_bl": 1,
            "kunci_bl_rinci": 1,
            "user_created": "SYAFARUDDIN, SST, M.SI",
            "created_date": "20-01-2025",
            "created_time": "08:34",
            "user_updated": "SYAFARUDDIN, SST, M.SI",
            "updated_date": "25-03-2025",
            "updated_time": "10:11",
            "is_locked": 0
        },
        {
            "id_sub_bl": 58741,
            "id_daerah": 473,
            "tahun": 2026,
            "id_unit": 673,
            "id_skpd": 673,
            "created_user": 22045,
            "kode_skpd": "7.01.0.00.0.00.01.0000",
            "nama_skpd": "Kecamatan Arga Makmur",
            "id_urusan": 17,
            "kode_urusan": "7",
            "nama_urusan": "UNSUR KEWILAYAHAN",
            "id_bidang_urusan": 243,
            "kode_bidang_urusan": "7.01",
            "nama_bidang_urusan": "KECAMATAN",
            "id_sub_skpd": 673,
            "kode_sub_skpd": "7.01.0.00.0.00.01.0000",
            "nama_sub_skpd": "Kecamatan Arga Makmur",
            "set_pagu_user": 22045,
            "set_pagu_at": "Wed, 26 Mar 2025 14:32:20 GMT",
            "id_program": 4451,
            "kode_program": "7.01.01",
            "nama_program": "PROGRAM PENUNJANG URUSAN PEMERINTAHAN DAERAH KABUPATEN/KOTA",
            "id_giat": 18371,
            "kode_giat": "7.01.01.2.01",
            "nama_giat": "Perencanaan, Penganggaran, dan Evaluasi Kinerja Perangkat Daerah",
            "pagu_giat": 30000000.0,
            "rinci_giat": null,
            "id_sub_giat": 60592,
            "kode_sub_giat": "7.01.01.2.01.0004",
            "nama_sub_giat": "Koordinasi dan Penyusunan DPA-SKPD",
            "pagu": 5000000.0,
            "pagu_indikatif": 5000000.0,
            "rincian": null,
            "kode_bl": "673.673.4451.18371",
            "kode_sbl": "673.673.4451.18371.60592",
            "kunci_bl": 1,
            "kunci_bl_rinci": 1,
            "user_created": "SYAFARUDDIN, SST, M.SI",
            "created_date": "20-01-2025",
            "created_time": "08:35",
            "user_updated": "SYAFARUDDIN, SST, M.SI",
            "updated_date": "25-03-2025",
            "updated_time": "10:11",
            "is_locked": 0
        },
        {
            "id_sub_bl": 58744,
            "id_daerah": 473,
            "tahun": 2026,
            "id_unit": 673,
            "id_skpd": 673,
            "created_user": 22045,
            "kode_skpd": "7.01.0.00.0.00.01.0000",
            "nama_skpd": "Kecamatan Arga Makmur",
            "id_urusan": 17,
            "kode_urusan": "7",
            "nama_urusan": "UNSUR KEWILAYAHAN",
            "id_bidang_urusan": 243,
            "kode_bidang_urusan": "7.01",
            "nama_bidang_urusan": "KECAMATAN",
            "id_sub_skpd": 673,
            "kode_sub_skpd": "7.01.0.00.0.00.01.0000",
            "nama_sub_skpd": "Kecamatan Arga Makmur",
            "set_pagu_user": 22045,
            "set_pagu_at": "Wed, 26 Mar 2025 14:32:20 GMT",
            "id_program": 4451,
            "kode_program": "7.01.01",
            "nama_program": "PROGRAM PENUNJANG URUSAN PEMERINTAHAN DAERAH KABUPATEN/KOTA",
            "id_giat": 18371,
            "kode_giat": "7.01.01.2.01",
            "nama_giat": "Perencanaan, Penganggaran, dan Evaluasi Kinerja Perangkat Daerah",
            "pagu_giat": 30000000.0,
            "rinci_giat": null,
            "id_sub_giat": 60593,
            "kode_sub_giat": "7.01.01.2.01.0005",
            "nama_sub_giat": "Koordinasi dan Penyusunan Perubahan DPA- SKPD",
            "pagu": 4000000.0,
            "pagu_indikatif": 4000000.0,
            "rincian": null,
            "kode_bl": "673.673.4451.18371",
            "kode_sbl": "673.673.4451.18371.60593",
            "kunci_bl": 1,
            "kunci_bl_rinci": 1,
            "user_created": "SYAFARUDDIN, SST, M.SI",
            "created_date": "20-01-2025",
            "created_time": "08:37",
            "user_updated": "SYAFARUDDIN, SST, M.SI",
            "updated_date": "25-03-2025",
            "updated_time": "10:12",
            "is_locked": 0
        },
        {
            "id_sub_bl": 58749,
            "id_daerah": 473,
            "tahun": 2026,
            "id_unit": 673,
            "id_skpd": 673,
            "created_user": 22045,
            "kode_skpd": "7.01.0.00.0.00.01.0000",
            "nama_skpd": "Kecamatan Arga Makmur",
            "id_urusan": 17,
            "kode_urusan": "7",
            "nama_urusan": "UNSUR KEWILAYAHAN",
            "id_bidang_urusan": 243,
            "kode_bidang_urusan": "7.01",
            "nama_bidang_urusan": "KECAMATAN",
            "id_sub_skpd": 673,
            "kode_sub_skpd": "7.01.0.00.0.00.01.0000",
            "nama_sub_skpd": "Kecamatan Arga Makmur",
            "set_pagu_user": 22045,
            "set_pagu_at": "Wed, 26 Mar 2025 14:32:20 GMT",
            "id_program": 4451,
            "kode_program": "7.01.01",
            "nama_program": "PROGRAM PENUNJANG URUSAN PEMERINTAHAN DAERAH KABUPATEN/KOTA",
            "id_giat": 18371,
            "kode_giat": "7.01.01.2.01",
            "nama_giat": "Perencanaan, Penganggaran, dan Evaluasi Kinerja Perangkat Daerah",
            "pagu_giat": 30000000.0,
            "rinci_giat": null,
            "id_sub_giat": 60594,
            "kode_sub_giat": "7.01.01.2.01.0006",
            "nama_sub_giat": "Koordinasi dan Penyusunan Laporan Capaian Kinerja dan Ikhtisar Realisasi Kinerja SKPD",
            "pagu": 4000000.0,
            "pagu_indikatif": 4000000.0,
            "rincian": null,
            "kode_bl": "673.673.4451.18371",
            "kode_sbl": "673.673.4451.18371.60594",
            "kunci_bl": 1,
            "kunci_bl_rinci": 1,
            "user_created": "SYAFARUDDIN, SST, M.SI",
            "created_date": "20-01-2025",
            "created_time": "08:39",
            "user_updated": "SYAFARUDDIN, SST, M.SI",
            "updated_date": "25-03-2025",
            "updated_time": "10:12",
            "is_locked": 0
        },
        {
            "id_sub_bl": 58754,
            "id_daerah": 473,
            "tahun": 2026,
            "id_unit": 673,
            "id_skpd": 673,
            "created_user": 22045,
            "kode_skpd": "7.01.0.00.0.00.01.0000",
            "nama_skpd": "Kecamatan Arga Makmur",
            "id_urusan": 17,
            "kode_urusan": "7",
            "nama_urusan": "UNSUR KEWILAYAHAN",
            "id_bidang_urusan": 243,
            "kode_bidang_urusan": "7.01",
            "nama_bidang_urusan": "KECAMATAN",
            "id_sub_skpd": 673,
            "kode_sub_skpd": "7.01.0.00.0.00.01.0000",
            "nama_sub_skpd": "Kecamatan Arga Makmur",
            "set_pagu_user": 22045,
            "set_pagu_at": "Wed, 26 Mar 2025 14:32:20 GMT",
            "id_program": 4451,
            "kode_program": "7.01.01",
            "nama_program": "PROGRAM PENUNJANG URUSAN PEMERINTAHAN DAERAH KABUPATEN/KOTA",
            "id_giat": 18371,
            "kode_giat": "7.01.01.2.01",
            "nama_giat": "Perencanaan, Penganggaran, dan Evaluasi Kinerja Perangkat Daerah",
            "pagu_giat": 30000000.0,
            "rinci_giat": null,
            "id_sub_giat": 60595,
            "kode_sub_giat": "7.01.01.2.01.0007",
            "nama_sub_giat": "Evaluasi Kinerja Perangkat Daerah",
            "pagu": 4000000.0,
            "pagu_indikatif": 4000000.0,
            "rincian": null,
            "kode_bl": "673.673.4451.18371",
            "kode_sbl": "673.673.4451.18371.60595",
            "kunci_bl": 1,
            "kunci_bl_rinci": 1,
            "user_created": "SYAFARUDDIN, SST, M.SI",
            "created_date": "20-01-2025",
            "created_time": "08:41",
            "user_updated": "SYAFARUDDIN, SST, M.SI",
            "updated_date": "25-03-2025",
            "updated_time": "10:12",
            "is_locked": 0
        },
        {
            "id_sub_bl": 58921,
            "id_daerah": 473,
            "tahun": 2026,
            "id_unit": 673,
            "id_skpd": 673,
            "created_user": 22045,
            "kode_skpd": "7.01.0.00.0.00.01.0000",
            "nama_skpd": "Kecamatan Arga Makmur",
            "id_urusan": 17,
            "kode_urusan": "7",
            "nama_urusan": "UNSUR KEWILAYAHAN",
            "id_bidang_urusan": 243,
            "kode_bidang_urusan": "7.01",
            "nama_bidang_urusan": "KECAMATAN",
            "id_sub_skpd": 673,
            "kode_sub_skpd": "7.01.0.00.0.00.01.0000",
            "nama_sub_skpd": "Kecamatan Arga Makmur",
            "set_pagu_user": 22045,
            "set_pagu_at": "Wed, 26 Mar 2025 14:32:20 GMT",
            "id_program": 4451,
            "kode_program": "7.01.01",
            "nama_program": "PROGRAM PENUNJANG URUSAN PEMERINTAHAN DAERAH KABUPATEN/KOTA",
            "id_giat": 18372,
            "kode_giat": "7.01.01.2.02",
            "nama_giat": "Administrasi Keuangan Perangkat Daerah",
            "pagu_giat": 3122063418.0,
            "rinci_giat": null,
            "id_sub_giat": 60602,
            "kode_sub_giat": "7.01.01.2.02.0001",
            "nama_sub_giat": "Penyediaan Gaji dan Tunjangan ASN",
            "pagu": 3023063418.0,
            "pagu_indikatif": 3023063418.0,
            "rincian": null,
            "kode_bl": "673.673.4451.18372",
            "kode_sbl": "673.673.4451.18372.60602",
            "kunci_bl": 1,
            "kunci_bl_rinci": 1,
            "user_created": "SYAFARUDDIN, SST, M.SI",
            "created_date": "20-01-2025",
            "created_time": "10:29",
            "user_updated": "SYAFARUDDIN, SST, M.SI",
            "updated_date": "26-03-2025",
            "updated_time": "14:12",
            "is_locked": 0
        },
        {
            "id_sub_bl": 58760,
            "id_daerah": 473,
            "tahun": 2026,
            "id_unit": 673,
            "id_skpd": 673,
            "created_user": 22045,
            "kode_skpd": "7.01.0.00.0.00.01.0000",
            "nama_skpd": "Kecamatan Arga Makmur",
            "id_urusan": 17,
            "kode_urusan": "7",
            "nama_urusan": "UNSUR KEWILAYAHAN",
            "id_bidang_urusan": 243,
            "kode_bidang_urusan": "7.01",
            "nama_bidang_urusan": "KECAMATAN",
            "id_sub_skpd": 673,
            "kode_sub_skpd": "7.01.0.00.0.00.01.0000",
            "nama_sub_skpd": "Kecamatan Arga Makmur",
            "set_pagu_user": 22045,
            "set_pagu_at": "Wed, 26 Mar 2025 14:32:20 GMT",
            "id_program": 4451,
            "kode_program": "7.01.01",
            "nama_program": "PROGRAM PENUNJANG URUSAN PEMERINTAHAN DAERAH KABUPATEN/KOTA",
            "id_giat": 18372,
            "kode_giat": "7.01.01.2.02",
            "nama_giat": "Administrasi Keuangan Perangkat Daerah",
            "pagu_giat": 3122063418.0,
            "rinci_giat": null,
            "id_sub_giat": 60604,
            "kode_sub_giat": "7.01.01.2.02.0003",
            "nama_sub_giat": "Pelaksanaan Penatausahaan dan\r\n\nPengujian/Verifikasi Keuangan SKPD",
            "pagu": 90000000.0,
            "pagu_indikatif": 90000000.0,
            "rincian": null,
            "kode_bl": "673.673.4451.18372",
            "kode_sbl": "673.673.4451.18372.60604",
            "kunci_bl": 1,
            "kunci_bl_rinci": 1,
            "user_created": "SYAFARUDDIN, SST, M.SI",
            "created_date": "20-01-2025",
            "created_time": "08:46",
            "user_updated": "SYAFARUDDIN, SST, M.SI",
            "updated_date": "26-03-2025",
            "updated_time": "14:12",
            "is_locked": 0
        },
        {
            "id_sub_bl": 58773,
            "id_daerah": 473,
            "tahun": 2026,
            "id_unit": 673,
            "id_skpd": 673,
            "created_user": 22045,
            "kode_skpd": "7.01.0.00.0.00.01.0000",
            "nama_skpd": "Kecamatan Arga Makmur",
            "id_urusan": 17,
            "kode_urusan": "7",
            "nama_urusan": "UNSUR KEWILAYAHAN",
            "id_bidang_urusan": 243,
            "kode_bidang_urusan": "7.01",
            "nama_bidang_urusan": "KECAMATAN",
            "id_sub_skpd": 673,
            "kode_sub_skpd": "7.01.0.00.0.00.01.0000",
            "nama_sub_skpd": "Kecamatan Arga Makmur",
            "set_pagu_user": 22045,
            "set_pagu_at": "Wed, 26 Mar 2025 14:32:20 GMT",
            "id_program": 4451,
            "kode_program": "7.01.01",
            "nama_program": "PROGRAM PENUNJANG URUSAN PEMERINTAHAN DAERAH KABUPATEN/KOTA",
            "id_giat": 18372,
            "kode_giat": "7.01.01.2.02",
            "nama_giat": "Administrasi Keuangan Perangkat Daerah",
            "pagu_giat": 3122063418.0,
            "rinci_giat": null,
            "id_sub_giat": 60606,
            "kode_sub_giat": "7.01.01.2.02.0005",
            "nama_sub_giat": "Koordinasi dan Penyusunan Laporan Keuangan Akhir Tahun SKPD",
            "pagu": 5000000.0,
            "pagu_indikatif": 5000000.0,
            "rincian": null,
            "kode_bl": "673.673.4451.18372",
            "kode_sbl": "673.673.4451.18372.60606",
            "kunci_bl": 1,
            "kunci_bl_rinci": 1,
            "user_created": "SYAFARUDDIN, SST, M.SI",
            "created_date": "20-01-2025",
            "created_time": "09:04",
            "user_updated": "SYAFARUDDIN, SST, M.SI",
            "updated_date": "25-03-2025",
            "updated_time": "10:13",
            "is_locked": 0
        },
        {
            "id_sub_bl": 58777,
            "id_daerah": 473,
            "tahun": 2026,
            "id_unit": 673,
            "id_skpd": 673,
            "created_user": 22045,
            "kode_skpd": "7.01.0.00.0.00.01.0000",
            "nama_skpd": "Kecamatan Arga Makmur",
            "id_urusan": 17,
            "kode_urusan": "7",
            "nama_urusan": "UNSUR KEWILAYAHAN",
            "id_bidang_urusan": 243,
            "kode_bidang_urusan": "7.01",
            "nama_bidang_urusan": "KECAMATAN",
            "id_sub_skpd": 673,
            "kode_sub_skpd": "7.01.0.00.0.00.01.0000",
            "nama_sub_skpd": "Kecamatan Arga Makmur",
            "set_pagu_user": 22045,
            "set_pagu_at": "Wed, 26 Mar 2025 14:32:20 GMT",
            "id_program": 4451,
            "kode_program": "7.01.01",
            "nama_program": "PROGRAM PENUNJANG URUSAN PEMERINTAHAN DAERAH KABUPATEN/KOTA",
            "id_giat": 18372,
            "kode_giat": "7.01.01.2.02",
            "nama_giat": "Administrasi Keuangan Perangkat Daerah",
            "pagu_giat": 3122063418.0,
            "rinci_giat": null,
            "id_sub_giat": 60608,
            "kode_sub_giat": "7.01.01.2.02.0007",
            "nama_sub_giat": "Koordinasi dan Penyusunan Laporan Keuangan Bulanan/ Triwulanan/ Semesteran SKPD",
            "pagu": 4000000.0,
            "pagu_indikatif": 4000000.0,
            "rincian": null,
            "kode_bl": "673.673.4451.18372",
            "kode_sbl": "673.673.4451.18372.60608",
            "kunci_bl": 1,
            "kunci_bl_rinci": 1,
            "user_created": "SYAFARUDDIN, SST, M.SI",
            "created_date": "20-01-2025",
            "created_time": "09:05",
            "user_updated": "SYAFARUDDIN, SST, M.SI",
            "updated_date": "25-03-2025",
            "updated_time": "10:14",
            "is_locked": 0
        },
        {
            "id_sub_bl": 58779,
            "id_daerah": 473,
            "tahun": 2026,
            "id_unit": 673,
            "id_skpd": 673,
            "created_user": 22045,
            "kode_skpd": "7.01.0.00.0.00.01.0000",
            "nama_skpd": "Kecamatan Arga Makmur",
            "id_urusan": 17,
            "kode_urusan": "7",
            "nama_urusan": "UNSUR KEWILAYAHAN",
            "id_bidang_urusan": 243,
            "kode_bidang_urusan": "7.01",
            "nama_bidang_urusan": "KECAMATAN",
            "id_sub_skpd": 673,
            "kode_sub_skpd": "7.01.0.00.0.00.01.0000",
            "nama_sub_skpd": "Kecamatan Arga Makmur",
            "set_pagu_user": 22045,
            "set_pagu_at": "Wed, 26 Mar 2025 14:32:20 GMT",
            "id_program": 4451,
            "kode_program": "7.01.01",
            "nama_program": "PROGRAM PENUNJANG URUSAN PEMERINTAHAN DAERAH KABUPATEN/KOTA",
            "id_giat": 18373,
            "kode_giat": "7.01.01.2.03",
            "nama_giat": "Administrasi Barang Milik Daerah pada Perangkat Daerah",
            "pagu_giat": 39000000.0,
            "rinci_giat": null,
            "id_sub_giat": 60610,
            "kode_sub_giat": "7.01.01.2.03.0001",
            "nama_sub_giat": "Penyusunan Perencanaan Kebutuhan Barang Milik Daerah SKPD",
            "pagu": 4000000.0,
            "pagu_indikatif": 4000000.0,
            "rincian": null,
            "kode_bl": "673.673.4451.18373",
            "kode_sbl": "673.673.4451.18373.60610",
            "kunci_bl": 1,
            "kunci_bl_rinci": 1,
            "user_created": "SYAFARUDDIN, SST, M.SI",
            "created_date": "20-01-2025",
            "created_time": "09:07",
            "user_updated": "SYAFARUDDIN, SST, M.SI",
            "updated_date": "14-02-2025",
            "updated_time": "16:27",
            "is_locked": 0
        },
        {
            "id_sub_bl": 58781,
            "id_daerah": 473,
            "tahun": 2026,
            "id_unit": 673,
            "id_skpd": 673,
            "created_user": 22045,
            "kode_skpd": "7.01.0.00.0.00.01.0000",
            "nama_skpd": "Kecamatan Arga Makmur",
            "id_urusan": 17,
            "kode_urusan": "7",
            "nama_urusan": "UNSUR KEWILAYAHAN",
            "id_bidang_urusan": 243,
            "kode_bidang_urusan": "7.01",
            "nama_bidang_urusan": "KECAMATAN",
            "id_sub_skpd": 673,
            "kode_sub_skpd": "7.01.0.00.0.00.01.0000",
            "nama_sub_skpd": "Kecamatan Arga Makmur",
            "set_pagu_user": 22045,
            "set_pagu_at": "Wed, 26 Mar 2025 14:32:20 GMT",
            "id_program": 4451,
            "kode_program": "7.01.01",
            "nama_program": "PROGRAM PENUNJANG URUSAN PEMERINTAHAN DAERAH KABUPATEN/KOTA",
            "id_giat": 18373,
            "kode_giat": "7.01.01.2.03",
            "nama_giat": "Administrasi Barang Milik Daerah pada Perangkat Daerah",
            "pagu_giat": 39000000.0,
            "rinci_giat": null,
            "id_sub_giat": 60615,
            "kode_sub_giat": "7.01.01.2.03.0006",
            "nama_sub_giat": "Penatausahaan Barang Milik Daerah pada SKPD",
            "pagu": 35000000.0,
            "pagu_indikatif": 35000000.0,
            "rincian": null,
            "kode_bl": "673.673.4451.18373",
            "kode_sbl": "673.673.4451.18373.60615",
            "kunci_bl": 1,
            "kunci_bl_rinci": 1,
            "user_created": "SYAFARUDDIN, SST, M.SI",
            "created_date": "20-01-2025",
            "created_time": "09:08",
            "user_updated": "SYAFARUDDIN, SST, M.SI",
            "updated_date": "25-03-2025",
            "updated_time": "10:14",
            "is_locked": 0
        },
        {
            "id_sub_bl": 73360,
            "id_daerah": 473,
            "tahun": 2026,
            "id_unit": 673,
            "id_skpd": 673,
            "created_user": 22045,
            "kode_skpd": "7.01.0.00.0.00.01.0000",
            "nama_skpd": "Kecamatan Arga Makmur",
            "id_urusan": 17,
            "kode_urusan": "7",
            "nama_urusan": "UNSUR KEWILAYAHAN",
            "id_bidang_urusan": 243,
            "kode_bidang_urusan": "7.01",
            "nama_bidang_urusan": "KECAMATAN",
            "id_sub_skpd": 673,
            "kode_sub_skpd": "7.01.0.00.0.00.01.0000",
            "nama_sub_skpd": "Kecamatan Arga Makmur",
            "set_pagu_user": 22045,
            "set_pagu_at": "Wed, 26 Mar 2025 14:32:20 GMT",
            "id_program": 4451,
            "kode_program": "7.01.01",
            "nama_program": "PROGRAM PENUNJANG URUSAN PEMERINTAHAN DAERAH KABUPATEN/KOTA",
            "id_giat": 18375,
            "kode_giat": "7.01.01.2.05",
            "nama_giat": "Administrasi Kepegawaian Perangkat Daerah",
            "pagu_giat": 0.0,
            "rinci_giat": null,
            "id_sub_giat": 60625,
            "kode_sub_giat": "7.01.01.2.05.0002",
            "nama_sub_giat": "Pengadaan Pakaian Dinas beserta Atribut Kelengkapannya",
            "pagu": 0.0,
            "pagu_indikatif": 0.0,
            "rincian": null,
            "kode_bl": "673.673.4451.18375",
            "kode_sbl": "673.673.4451.18375.60625",
            "kunci_bl": 1,
            "kunci_bl_rinci": 1,
            "user_created": "SYAFARUDDIN, SST, M.SI",
            "created_date": "26-03-2025",
            "created_time": "13:38",
            "user_updated": null,
            "updated_date": null,
            "updated_time": null,
            "is_locked": 0
        },
        {
            "id_sub_bl": 73361,
            "id_daerah": 473,
            "tahun": 2026,
            "id_unit": 673,
            "id_skpd": 673,
            "created_user": 22045,
            "kode_skpd": "7.01.0.00.0.00.01.0000",
            "nama_skpd": "Kecamatan Arga Makmur",
            "id_urusan": 17,
            "kode_urusan": "7",
            "nama_urusan": "UNSUR KEWILAYAHAN",
            "id_bidang_urusan": 243,
            "kode_bidang_urusan": "7.01",
            "nama_bidang_urusan": "KECAMATAN",
            "id_sub_skpd": 673,
            "kode_sub_skpd": "7.01.0.00.0.00.01.0000",
            "nama_sub_skpd": "Kecamatan Arga Makmur",
            "set_pagu_user": 22045,
            "set_pagu_at": "Wed, 26 Mar 2025 14:32:20 GMT",
            "id_program": 4451,
            "kode_program": "7.01.01",
            "nama_program": "PROGRAM PENUNJANG URUSAN PEMERINTAHAN DAERAH KABUPATEN/KOTA",
            "id_giat": 18375,
            "kode_giat": "7.01.01.2.05",
            "nama_giat": "Administrasi Kepegawaian Perangkat Daerah",
            "pagu_giat": 0.0,
            "rinci_giat": null,
            "id_sub_giat": 60632,
            "kode_sub_giat": "7.01.01.2.05.0009",
            "nama_sub_giat": "Pendidikan dan Pelatihan Pegawai Berdasarkan Tugas dan Fungsi",
            "pagu": 0.0,
            "pagu_indikatif": 0.0,
            "rincian": null,
            "kode_bl": "673.673.4451.18375",
            "kode_sbl": "673.673.4451.18375.60632",
            "kunci_bl": 1,
            "kunci_bl_rinci": 1,
            "user_created": "SYAFARUDDIN, SST, M.SI",
            "created_date": "26-03-2025",
            "created_time": "13:46",
            "user_updated": null,
            "updated_date": null,
            "updated_time": null,
            "is_locked": 0
        },
        {
            "id_sub_bl": 58784,
            "id_daerah": 473,
            "tahun": 2026,
            "id_unit": 673,
            "id_skpd": 673,
            "created_user": 22045,
            "kode_skpd": "7.01.0.00.0.00.01.0000",
            "nama_skpd": "Kecamatan Arga Makmur",
            "id_urusan": 17,
            "kode_urusan": "7",
            "nama_urusan": "UNSUR KEWILAYAHAN",
            "id_bidang_urusan": 243,
            "kode_bidang_urusan": "7.01",
            "nama_bidang_urusan": "KECAMATAN",
            "id_sub_skpd": 673,
            "kode_sub_skpd": "7.01.0.00.0.00.01.0000",
            "nama_sub_skpd": "Kecamatan Arga Makmur",
            "set_pagu_user": 22045,
            "set_pagu_at": "Wed, 26 Mar 2025 14:32:20 GMT",
            "id_program": 4451,
            "kode_program": "7.01.01",
            "nama_program": "PROGRAM PENUNJANG URUSAN PEMERINTAHAN DAERAH KABUPATEN/KOTA",
            "id_giat": 18376,
            "kode_giat": "7.01.01.2.06",
            "nama_giat": "Administrasi Umum Perangkat Daerah",
            "pagu_giat": 97000000.0,
            "rinci_giat": null,
            "id_sub_giat": 60635,
            "kode_sub_giat": "7.01.01.2.06.0001",
            "nama_sub_giat": "Penyediaan Komponen Instalasi\r\n\nListrik/Penerangan Bangunan Kantor",
            "pagu": 5000000.0,
            "pagu_indikatif": 5000000.0,
            "rincian": null,
            "kode_bl": "673.673.4451.18376",
            "kode_sbl": "673.673.4451.18376.60635",
            "kunci_bl": 1,
            "kunci_bl_rinci": 1,
            "user_created": "SYAFARUDDIN, SST, M.SI",
            "created_date": "20-01-2025",
            "created_time": "09:11",
            "user_updated": "SYAFARUDDIN, SST, M.SI",
            "updated_date": "25-03-2025",
            "updated_time": "09:11",
            "is_locked": 0
        },
        {
            "id_sub_bl": 58787,
            "id_daerah": 473,
            "tahun": 2026,
            "id_unit": 673,
            "id_skpd": 673,
            "created_user": 22045,
            "kode_skpd": "7.01.0.00.0.00.01.0000",
            "nama_skpd": "Kecamatan Arga Makmur",
            "id_urusan": 17,
            "kode_urusan": "7",
            "nama_urusan": "UNSUR KEWILAYAHAN",
            "id_bidang_urusan": 243,
            "kode_bidang_urusan": "7.01",
            "nama_bidang_urusan": "KECAMATAN",
            "id_sub_skpd": 673,
            "kode_sub_skpd": "7.01.0.00.0.00.01.0000",
            "nama_sub_skpd": "Kecamatan Arga Makmur",
            "set_pagu_user": 22045,
            "set_pagu_at": "Wed, 26 Mar 2025 14:32:20 GMT",
            "id_program": 4451,
            "kode_program": "7.01.01",
            "nama_program": "PROGRAM PENUNJANG URUSAN PEMERINTAHAN DAERAH KABUPATEN/KOTA",
            "id_giat": 18376,
            "kode_giat": "7.01.01.2.06",
            "nama_giat": "Administrasi Umum Perangkat Daerah",
            "pagu_giat": 97000000.0,
            "rinci_giat": null,
            "id_sub_giat": 60637,
            "kode_sub_giat": "7.01.01.2.06.0003",
            "nama_sub_giat": "Penyediaan Peralatan Rumah Tangga",
            "pagu": 0.0,
            "pagu_indikatif": 0.0,
            "rincian": null,
            "kode_bl": "673.673.4451.18376",
            "kode_sbl": "673.673.4451.18376.60637",
            "kunci_bl": 1,
            "kunci_bl_rinci": 1,
            "user_created": "SYAFARUDDIN, SST, M.SI",
            "created_date": "20-01-2025",
            "created_time": "09:12",
            "user_updated": "SYAFARUDDIN, SST, M.SI",
            "updated_date": "26-03-2025",
            "updated_time": "14:04",
            "is_locked": 0
        },
        {
            "id_sub_bl": 58790,
            "id_daerah": 473,
            "tahun": 2026,
            "id_unit": 673,
            "id_skpd": 673,
            "created_user": 22045,
            "kode_skpd": "7.01.0.00.0.00.01.0000",
            "nama_skpd": "Kecamatan Arga Makmur",
            "id_urusan": 17,
            "kode_urusan": "7",
            "nama_urusan": "UNSUR KEWILAYAHAN",
            "id_bidang_urusan": 243,
            "kode_bidang_urusan": "7.01",
            "nama_bidang_urusan": "KECAMATAN",
            "id_sub_skpd": 673,
            "kode_sub_skpd": "7.01.0.00.0.00.01.0000",
            "nama_sub_skpd": "Kecamatan Arga Makmur",
            "set_pagu_user": 22045,
            "set_pagu_at": "Wed, 26 Mar 2025 14:32:20 GMT",
            "id_program": 4451,
            "kode_program": "7.01.01",
            "nama_program": "PROGRAM PENUNJANG URUSAN PEMERINTAHAN DAERAH KABUPATEN/KOTA",
            "id_giat": 18376,
            "kode_giat": "7.01.01.2.06",
            "nama_giat": "Administrasi Umum Perangkat Daerah",
            "pagu_giat": 97000000.0,
            "rinci_giat": null,
            "id_sub_giat": 60638,
            "kode_sub_giat": "7.01.01.2.06.0004",
            "nama_sub_giat": "Penyediaan Bahan Logistik Kantor",
            "pagu": 40000000.0,
            "pagu_indikatif": 40000000.0,
            "rincian": null,
            "kode_bl": "673.673.4451.18376",
            "kode_sbl": "673.673.4451.18376.60638",
            "kunci_bl": 1,
            "kunci_bl_rinci": 1,
            "user_created": "SYAFARUDDIN, SST, M.SI",
            "created_date": "20-01-2025",
            "created_time": "09:14",
            "user_updated": "SYAFARUDDIN, SST, M.SI",
            "updated_date": "26-03-2025",
            "updated_time": "14:02",
            "is_locked": 0
        },
        {
            "id_sub_bl": 58792,
            "id_daerah": 473,
            "tahun": 2026,
            "id_unit": 673,
            "id_skpd": 673,
            "created_user": 22045,
            "kode_skpd": "7.01.0.00.0.00.01.0000",
            "nama_skpd": "Kecamatan Arga Makmur",
            "id_urusan": 17,
            "kode_urusan": "7",
            "nama_urusan": "UNSUR KEWILAYAHAN",
            "id_bidang_urusan": 243,
            "kode_bidang_urusan": "7.01",
            "nama_bidang_urusan": "KECAMATAN",
            "id_sub_skpd": 673,
            "kode_sub_skpd": "7.01.0.00.0.00.01.0000",
            "nama_sub_skpd": "Kecamatan Arga Makmur",
            "set_pagu_user": 22045,
            "set_pagu_at": "Wed, 26 Mar 2025 14:32:20 GMT",
            "id_program": 4451,
            "kode_program": "7.01.01",
            "nama_program": "PROGRAM PENUNJANG URUSAN PEMERINTAHAN DAERAH KABUPATEN/KOTA",
            "id_giat": 18376,
            "kode_giat": "7.01.01.2.06",
            "nama_giat": "Administrasi Umum Perangkat Daerah",
            "pagu_giat": 97000000.0,
            "rinci_giat": null,
            "id_sub_giat": 60639,
            "kode_sub_giat": "7.01.01.2.06.0005",
            "nama_sub_giat": "Penyediaan Barang Cetakan dan Penggandaan",
            "pagu": 10000000.0,
            "pagu_indikatif": 10000000.0,
            "rincian": null,
            "kode_bl": "673.673.4451.18376",
            "kode_sbl": "673.673.4451.18376.60639",
            "kunci_bl": 1,
            "kunci_bl_rinci": 1,
            "user_created": "SYAFARUDDIN, SST, M.SI",
            "created_date": "20-01-2025",
            "created_time": "09:15",
            "user_updated": "SYAFARUDDIN, SST, M.SI",
            "updated_date": "14-02-2025",
            "updated_time": "16:29",
            "is_locked": 0
        },
        {
            "id_sub_bl": 58796,
            "id_daerah": 473,
            "tahun": 2026,
            "id_unit": 673,
            "id_skpd": 673,
            "created_user": 22045,
            "kode_skpd": "7.01.0.00.0.00.01.0000",
            "nama_skpd": "Kecamatan Arga Makmur",
            "id_urusan": 17,
            "kode_urusan": "7",
            "nama_urusan": "UNSUR KEWILAYAHAN",
            "id_bidang_urusan": 243,
            "kode_bidang_urusan": "7.01",
            "nama_bidang_urusan": "KECAMATAN",
            "id_sub_skpd": 673,
            "kode_sub_skpd": "7.01.0.00.0.00.01.0000",
            "nama_sub_skpd": "Kecamatan Arga Makmur",
            "set_pagu_user": 22045,
            "set_pagu_at": "Wed, 26 Mar 2025 14:32:20 GMT",
            "id_program": 4451,
            "kode_program": "7.01.01",
            "nama_program": "PROGRAM PENUNJANG URUSAN PEMERINTAHAN DAERAH KABUPATEN/KOTA",
            "id_giat": 18376,
            "kode_giat": "7.01.01.2.06",
            "nama_giat": "Administrasi Umum Perangkat Daerah",
            "pagu_giat": 97000000.0,
            "rinci_giat": null,
            "id_sub_giat": 60640,
            "kode_sub_giat": "7.01.01.2.06.0006",
            "nama_sub_giat": "Penyediaan Bahan Bacaan dan Peraturan Perundang-undangan",
            "pagu": 12000000.0,
            "pagu_indikatif": 12000000.0,
            "rincian": null,
            "kode_bl": "673.673.4451.18376",
            "kode_sbl": "673.673.4451.18376.60640",
            "kunci_bl": 1,
            "kunci_bl_rinci": 1,
            "user_created": "SYAFARUDDIN, SST, M.SI",
            "created_date": "20-01-2025",
            "created_time": "09:17",
            "user_updated": "SYAFARUDDIN, SST, M.SI",
            "updated_date": "14-02-2025",
            "updated_time": "16:30",
            "is_locked": 0
        },
        {
            "id_sub_bl": 58799,
            "id_daerah": 473,
            "tahun": 2026,
            "id_unit": 673,
            "id_skpd": 673,
            "created_user": 22045,
            "kode_skpd": "7.01.0.00.0.00.01.0000",
            "nama_skpd": "Kecamatan Arga Makmur",
            "id_urusan": 17,
            "kode_urusan": "7",
            "nama_urusan": "UNSUR KEWILAYAHAN",
            "id_bidang_urusan": 243,
            "kode_bidang_urusan": "7.01",
            "nama_bidang_urusan": "KECAMATAN",
            "id_sub_skpd": 673,
            "kode_sub_skpd": "7.01.0.00.0.00.01.0000",
            "nama_sub_skpd": "Kecamatan Arga Makmur",
            "set_pagu_user": 22045,
            "set_pagu_at": "Wed, 26 Mar 2025 14:32:20 GMT",
            "id_program": 4451,
            "kode_program": "7.01.01",
            "nama_program": "PROGRAM PENUNJANG URUSAN PEMERINTAHAN DAERAH KABUPATEN/KOTA",
            "id_giat": 18376,
            "kode_giat": "7.01.01.2.06",
            "nama_giat": "Administrasi Umum Perangkat Daerah",
            "pagu_giat": 97000000.0,
            "rinci_giat": null,
            "id_sub_giat": 60643,
            "kode_sub_giat": "7.01.01.2.06.0009",
            "nama_sub_giat": "Penyelenggaraan Rapat Koordinasi dan Konsultasi SKPD",
            "pagu": 30000000.0,
            "pagu_indikatif": 30000000.0,
            "rincian": null,
            "kode_bl": "673.673.4451.18376",
            "kode_sbl": "673.673.4451.18376.60643",
            "kunci_bl": 1,
            "kunci_bl_rinci": 1,
            "user_created": "SYAFARUDDIN, SST, M.SI",
            "created_date": "20-01-2025",
            "created_time": "09:18",
            "user_updated": "SYAFARUDDIN, SST, M.SI",
            "updated_date": "26-03-2025",
            "updated_time": "14:15",
            "is_locked": 0
        },
        {
            "id_sub_bl": 73237,
            "id_daerah": 473,
            "tahun": 2026,
            "id_unit": 673,
            "id_skpd": 673,
            "created_user": 22045,
            "kode_skpd": "7.01.0.00.0.00.01.0000",
            "nama_skpd": "Kecamatan Arga Makmur",
            "id_urusan": 17,
            "kode_urusan": "7",
            "nama_urusan": "UNSUR KEWILAYAHAN",
            "id_bidang_urusan": 243,
            "kode_bidang_urusan": "7.01",
            "nama_bidang_urusan": "KECAMATAN",
            "id_sub_skpd": 673,
            "kode_sub_skpd": "7.01.0.00.0.00.01.0000",
            "nama_sub_skpd": "Kecamatan Arga Makmur",
            "set_pagu_user": 22045,
            "set_pagu_at": "Wed, 26 Mar 2025 14:32:20 GMT",
            "id_program": 4451,
            "kode_program": "7.01.01",
            "nama_program": "PROGRAM PENUNJANG URUSAN PEMERINTAHAN DAERAH KABUPATEN/KOTA",
            "id_giat": 18377,
            "kode_giat": "7.01.01.2.07",
            "nama_giat": "Pengadaan Barang Milik Daerah Penunjang Urusan Pemerintah Daerah",
            "pagu_giat": 30000000.0,
            "rinci_giat": null,
            "id_sub_giat": 60647,
            "kode_sub_giat": "7.01.01.2.07.0002",
            "nama_sub_giat": "Pengadaan Kendaraan Dinas Operasional atau Lapangan",
            "pagu": 0.0,
            "pagu_indikatif": 0.0,
            "rincian": null,
            "kode_bl": "673.673.4451.18377",
            "kode_sbl": "673.673.4451.18377.60647",
            "kunci_bl": 1,
            "kunci_bl_rinci": 1,
            "user_created": "SYAFARUDDIN, SST, M.SI",
            "created_date": "25-03-2025",
            "created_time": "09:09",
            "user_updated": null,
            "updated_date": null,
            "updated_time": null,
            "is_locked": 0
        },
        {
            "id_sub_bl": 73394,
            "id_daerah": 473,
            "tahun": 2026,
            "id_unit": 673,
            "id_skpd": 673,
            "created_user": 22045,
            "kode_skpd": "7.01.0.00.0.00.01.0000",
            "nama_skpd": "Kecamatan Arga Makmur",
            "id_urusan": 17,
            "kode_urusan": "7",
            "nama_urusan": "UNSUR KEWILAYAHAN",
            "id_bidang_urusan": 243,
            "kode_bidang_urusan": "7.01",
            "nama_bidang_urusan": "KECAMATAN",
            "id_sub_skpd": 673,
            "kode_sub_skpd": "7.01.0.00.0.00.01.0000",
            "nama_sub_skpd": "Kecamatan Arga Makmur",
            "set_pagu_user": 22045,
            "set_pagu_at": "Wed, 26 Mar 2025 14:32:20 GMT",
            "id_program": 4451,
            "kode_program": "7.01.01",
            "nama_program": "PROGRAM PENUNJANG URUSAN PEMERINTAHAN DAERAH KABUPATEN/KOTA",
            "id_giat": 18377,
            "kode_giat": "7.01.01.2.07",
            "nama_giat": "Pengadaan Barang Milik Daerah Penunjang Urusan Pemerintah Daerah",
            "pagu_giat": 30000000.0,
            "rinci_giat": null,
            "id_sub_giat": 60650,
            "kode_sub_giat": "7.01.01.2.07.0005",
            "nama_sub_giat": "Pengadaan Mebel",
            "pagu": 0.0,
            "pagu_indikatif": 0.0,
            "rincian": null,
            "kode_bl": "673.673.4451.18377",
            "kode_sbl": "673.673.4451.18377.60650",
            "kunci_bl": 1,
            "kunci_bl_rinci": 1,
            "user_created": "SYAFARUDDIN, SST, M.SI",
            "created_date": "26-03-2025",
            "created_time": "14:06",
            "user_updated": null,
            "updated_date": null,
            "updated_time": null,
            "is_locked": 0
        },
        {
            "id_sub_bl": 58809,
            "id_daerah": 473,
            "tahun": 2026,
            "id_unit": 673,
            "id_skpd": 673,
            "created_user": 22045,
            "kode_skpd": "7.01.0.00.0.00.01.0000",
            "nama_skpd": "Kecamatan Arga Makmur",
            "id_urusan": 17,
            "kode_urusan": "7",
            "nama_urusan": "UNSUR KEWILAYAHAN",
            "id_bidang_urusan": 243,
            "kode_bidang_urusan": "7.01",
            "nama_bidang_urusan": "KECAMATAN",
            "id_sub_skpd": 673,
            "kode_sub_skpd": "7.01.0.00.0.00.01.0000",
            "nama_sub_skpd": "Kecamatan Arga Makmur",
            "set_pagu_user": 22045,
            "set_pagu_at": "Wed, 26 Mar 2025 14:32:20 GMT",
            "id_program": 4451,
            "kode_program": "7.01.01",
            "nama_program": "PROGRAM PENUNJANG URUSAN PEMERINTAHAN DAERAH KABUPATEN/KOTA",
            "id_giat": 18377,
            "kode_giat": "7.01.01.2.07",
            "nama_giat": "Pengadaan Barang Milik Daerah Penunjang Urusan Pemerintah Daerah",
            "pagu_giat": 30000000.0,
            "rinci_giat": null,
            "id_sub_giat": 60651,
            "kode_sub_giat": "7.01.01.2.07.0006",
            "nama_sub_giat": "Pengadaan Peralatan dan Mesin Lainnya",
            "pagu": 30000000.0,
            "pagu_indikatif": 30000000.0,
            "rincian": null,
            "kode_bl": "673.673.4451.18377",
            "kode_sbl": "673.673.4451.18377.60651",
            "kunci_bl": 1,
            "kunci_bl_rinci": 1,
            "user_created": "SYAFARUDDIN, SST, M.SI",
            "created_date": "20-01-2025",
            "created_time": "09:24",
            "user_updated": "SYAFARUDDIN, SST, M.SI",
            "updated_date": "25-03-2025",
            "updated_time": "10:25",
            "is_locked": 0
        },
        {
            "id_sub_bl": 58812,
            "id_daerah": 473,
            "tahun": 2026,
            "id_unit": 673,
            "id_skpd": 673,
            "created_user": 22045,
            "kode_skpd": "7.01.0.00.0.00.01.0000",
            "nama_skpd": "Kecamatan Arga Makmur",
            "id_urusan": 17,
            "kode_urusan": "7",
            "nama_urusan": "UNSUR KEWILAYAHAN",
            "id_bidang_urusan": 243,
            "kode_bidang_urusan": "7.01",
            "nama_bidang_urusan": "KECAMATAN",
            "id_sub_skpd": 673,
            "kode_sub_skpd": "7.01.0.00.0.00.01.0000",
            "nama_sub_skpd": "Kecamatan Arga Makmur",
            "set_pagu_user": 22045,
            "set_pagu_at": "Wed, 26 Mar 2025 14:32:20 GMT",
            "id_program": 4451,
            "kode_program": "7.01.01",
            "nama_program": "PROGRAM PENUNJANG URUSAN PEMERINTAHAN DAERAH KABUPATEN/KOTA",
            "id_giat": 18377,
            "kode_giat": "7.01.01.2.07",
            "nama_giat": "Pengadaan Barang Milik Daerah Penunjang Urusan Pemerintah Daerah",
            "pagu_giat": 30000000.0,
            "rinci_giat": null,
            "id_sub_giat": 60654,
            "kode_sub_giat": "7.01.01.2.07.0009",
            "nama_sub_giat": "Pengadaan Gedung Kantor atau Bangunan Lainnya",
            "pagu": 0.0,
            "pagu_indikatif": 0.0,
            "rincian": null,
            "kode_bl": "673.673.4451.18377",
            "kode_sbl": "673.673.4451.18377.60654",
            "kunci_bl": 1,
            "kunci_bl_rinci": 1,
            "user_created": "SYAFARUDDIN, SST, M.SI",
            "created_date": "20-01-2025",
            "created_time": "09:26",
            "user_updated": "SYAFARUDDIN, SST, M.SI",
            "updated_date": "26-03-2025",
            "updated_time": "14:07",
            "is_locked": 0
        },
        {
            "id_sub_bl": 58843,
            "id_daerah": 473,
            "tahun": 2026,
            "id_unit": 673,
            "id_skpd": 673,
            "created_user": 22045,
            "kode_skpd": "7.01.0.00.0.00.01.0000",
            "nama_skpd": "Kecamatan Arga Makmur",
            "id_urusan": 17,
            "kode_urusan": "7",
            "nama_urusan": "UNSUR KEWILAYAHAN",
            "id_bidang_urusan": 243,
            "kode_bidang_urusan": "7.01",
            "nama_bidang_urusan": "KECAMATAN",
            "id_sub_skpd": 673,
            "kode_sub_skpd": "7.01.0.00.0.00.01.0000",
            "nama_sub_skpd": "Kecamatan Arga Makmur",
            "set_pagu_user": 22045,
            "set_pagu_at": "Wed, 26 Mar 2025 14:32:20 GMT",
            "id_program": 4451,
            "kode_program": "7.01.01",
            "nama_program": "PROGRAM PENUNJANG URUSAN PEMERINTAHAN DAERAH KABUPATEN/KOTA",
            "id_giat": 18377,
            "kode_giat": "7.01.01.2.07",
            "nama_giat": "Pengadaan Barang Milik Daerah Penunjang Urusan Pemerintah Daerah",
            "pagu_giat": 30000000.0,
            "rinci_giat": null,
            "id_sub_giat": 60655,
            "kode_sub_giat": "7.01.01.2.07.0010",
            "nama_sub_giat": "Pengadaan Sarana dan Prasarana Gedung Kantor atau Bangunan Lainnya",
            "pagu": 0.0,
            "pagu_indikatif": 0.0,
            "rincian": null,
            "kode_bl": "673.673.4451.18377",
            "kode_sbl": "673.673.4451.18377.60655",
            "kunci_bl": 1,
            "kunci_bl_rinci": 1,
            "user_created": "SYAFARUDDIN, SST, M.SI",
            "created_date": "20-01-2025",
            "created_time": "09:46",
            "user_updated": "SYAFARUDDIN, SST, M.SI",
            "updated_date": "25-03-2025",
            "updated_time": "10:25",
            "is_locked": 0
        },
        {
            "id_sub_bl": 58847,
            "id_daerah": 473,
            "tahun": 2026,
            "id_unit": 673,
            "id_skpd": 673,
            "created_user": 22045,
            "kode_skpd": "7.01.0.00.0.00.01.0000",
            "nama_skpd": "Kecamatan Arga Makmur",
            "id_urusan": 17,
            "kode_urusan": "7",
            "nama_urusan": "UNSUR KEWILAYAHAN",
            "id_bidang_urusan": 243,
            "kode_bidang_urusan": "7.01",
            "nama_bidang_urusan": "KECAMATAN",
            "id_sub_skpd": 673,
            "kode_sub_skpd": "7.01.0.00.0.00.01.0000",
            "nama_sub_skpd": "Kecamatan Arga Makmur",
            "set_pagu_user": 22045,
            "set_pagu_at": "Wed, 26 Mar 2025 14:32:20 GMT",
            "id_program": 4451,
            "kode_program": "7.01.01",
            "nama_program": "PROGRAM PENUNJANG URUSAN PEMERINTAHAN DAERAH KABUPATEN/KOTA",
            "id_giat": 18378,
            "kode_giat": "7.01.01.2.08",
            "nama_giat": "Penyediaan Jasa Penunjang Urusan Pemerintahan Daerah",
            "pagu_giat": 119328000.0,
            "rinci_giat": null,
            "id_sub_giat": 60657,
            "kode_sub_giat": "7.01.01.2.08.0001",
            "nama_sub_giat": "Penyediaan Jasa Surat Menyurat",
            "pagu": 5000000.0,
            "pagu_indikatif": 5000000.0,
            "rincian": null,
            "kode_bl": "673.673.4451.18378",
            "kode_sbl": "673.673.4451.18378.60657",
            "kunci_bl": 1,
            "kunci_bl_rinci": 1,
            "user_created": "SYAFARUDDIN, SST, M.SI",
            "created_date": "20-01-2025",
            "created_time": "09:47",
            "user_updated": "SYAFARUDDIN, SST, M.SI",
            "updated_date": "26-03-2025",
            "updated_time": "14:15",
            "is_locked": 0
        },
        {
            "id_sub_bl": 58853,
            "id_daerah": 473,
            "tahun": 2026,
            "id_unit": 673,
            "id_skpd": 673,
            "created_user": 22045,
            "kode_skpd": "7.01.0.00.0.00.01.0000",
            "nama_skpd": "Kecamatan Arga Makmur",
            "id_urusan": 17,
            "kode_urusan": "7",
            "nama_urusan": "UNSUR KEWILAYAHAN",
            "id_bidang_urusan": 243,
            "kode_bidang_urusan": "7.01",
            "nama_bidang_urusan": "KECAMATAN",
            "id_sub_skpd": 673,
            "kode_sub_skpd": "7.01.0.00.0.00.01.0000",
            "nama_sub_skpd": "Kecamatan Arga Makmur",
            "set_pagu_user": 22045,
            "set_pagu_at": "Wed, 26 Mar 2025 14:32:20 GMT",
            "id_program": 4451,
            "kode_program": "7.01.01",
            "nama_program": "PROGRAM PENUNJANG URUSAN PEMERINTAHAN DAERAH KABUPATEN/KOTA",
            "id_giat": 18378,
            "kode_giat": "7.01.01.2.08",
            "nama_giat": "Penyediaan Jasa Penunjang Urusan Pemerintahan Daerah",
            "pagu_giat": 119328000.0,
            "rinci_giat": null,
            "id_sub_giat": 60658,
            "kode_sub_giat": "7.01.01.2.08.0002",
            "nama_sub_giat": "Penyediaan Jasa Komunikasi, Sumber Daya Air dan Listrik",
            "pagu": 25000000.0,
            "pagu_indikatif": 25000000.0,
            "rincian": null,
            "kode_bl": "673.673.4451.18378",
            "kode_sbl": "673.673.4451.18378.60658",
            "kunci_bl": 1,
            "kunci_bl_rinci": 1,
            "user_created": "SYAFARUDDIN, SST, M.SI",
            "created_date": "20-01-2025",
            "created_time": "09:49",
            "user_updated": "SYAFARUDDIN, SST, M.SI",
            "updated_date": "26-03-2025",
            "updated_time": "14:16",
            "is_locked": 0
        },
        {
            "id_sub_bl": 58871,
            "id_daerah": 473,
            "tahun": 2026,
            "id_unit": 673,
            "id_skpd": 673,
            "created_user": 22045,
            "kode_skpd": "7.01.0.00.0.00.01.0000",
            "nama_skpd": "Kecamatan Arga Makmur",
            "id_urusan": 17,
            "kode_urusan": "7",
            "nama_urusan": "UNSUR KEWILAYAHAN",
            "id_bidang_urusan": 243,
            "kode_bidang_urusan": "7.01",
            "nama_bidang_urusan": "KECAMATAN",
            "id_sub_skpd": 673,
            "kode_sub_skpd": "7.01.0.00.0.00.01.0000",
            "nama_sub_skpd": "Kecamatan Arga Makmur",
            "set_pagu_user": 22045,
            "set_pagu_at": "Wed, 26 Mar 2025 14:32:20 GMT",
            "id_program": 4451,
            "kode_program": "7.01.01",
            "nama_program": "PROGRAM PENUNJANG URUSAN PEMERINTAHAN DAERAH KABUPATEN/KOTA",
            "id_giat": 18378,
            "kode_giat": "7.01.01.2.08",
            "nama_giat": "Penyediaan Jasa Penunjang Urusan Pemerintahan Daerah",
            "pagu_giat": 119328000.0,
            "rinci_giat": null,
            "id_sub_giat": 60659,
            "kode_sub_giat": "7.01.01.2.08.0003",
            "nama_sub_giat": "Penyediaan Jasa Peralatan dan Perlengkapan Kantor",
            "pagu": 9328000.0,
            "pagu_indikatif": 9328000.0,
            "rincian": null,
            "kode_bl": "673.673.4451.18378",
            "kode_sbl": "673.673.4451.18378.60659",
            "kunci_bl": 1,
            "kunci_bl_rinci": 1,
            "user_created": "SYAFARUDDIN, SST, M.SI",
            "created_date": "20-01-2025",
            "created_time": "09:56",
            "user_updated": "SYAFARUDDIN, SST, M.SI",
            "updated_date": "24-03-2025",
            "updated_time": "09:14",
            "is_locked": 0
        },
        {
            "id_sub_bl": 58876,
            "id_daerah": 473,
            "tahun": 2026,
            "id_unit": 673,
            "id_skpd": 673,
            "created_user": 22045,
            "kode_skpd": "7.01.0.00.0.00.01.0000",
            "nama_skpd": "Kecamatan Arga Makmur",
            "id_urusan": 17,
            "kode_urusan": "7",
            "nama_urusan": "UNSUR KEWILAYAHAN",
            "id_bidang_urusan": 243,
            "kode_bidang_urusan": "7.01",
            "nama_bidang_urusan": "KECAMATAN",
            "id_sub_skpd": 673,
            "kode_sub_skpd": "7.01.0.00.0.00.01.0000",
            "nama_sub_skpd": "Kecamatan Arga Makmur",
            "set_pagu_user": 22045,
            "set_pagu_at": "Wed, 26 Mar 2025 14:32:20 GMT",
            "id_program": 4451,
            "kode_program": "7.01.01",
            "nama_program": "PROGRAM PENUNJANG URUSAN PEMERINTAHAN DAERAH KABUPATEN/KOTA",
            "id_giat": 18378,
            "kode_giat": "7.01.01.2.08",
            "nama_giat": "Penyediaan Jasa Penunjang Urusan Pemerintahan Daerah",
            "pagu_giat": 119328000.0,
            "rinci_giat": null,
            "id_sub_giat": 60660,
            "kode_sub_giat": "7.01.01.2.08.0004",
            "nama_sub_giat": "Penyediaan Jasa Pelayanan Umum Kantor",
            "pagu": 80000000.0,
            "pagu_indikatif": 80000000.0,
            "rincian": null,
            "kode_bl": "673.673.4451.18378",
            "kode_sbl": "673.673.4451.18378.60660",
            "kunci_bl": 1,
            "kunci_bl_rinci": 1,
            "user_created": "SYAFARUDDIN, SST, M.SI",
            "created_date": "20-01-2025",
            "created_time": "09:58",
            "user_updated": "SYAFARUDDIN, SST, M.SI",
            "updated_date": "26-03-2025",
            "updated_time": "14:16",
            "is_locked": 0
        },
        {
            "id_sub_bl": 58883,
            "id_daerah": 473,
            "tahun": 2026,
            "id_unit": 673,
            "id_skpd": 673,
            "created_user": 22045,
            "kode_skpd": "7.01.0.00.0.00.01.0000",
            "nama_skpd": "Kecamatan Arga Makmur",
            "id_urusan": 17,
            "kode_urusan": "7",
            "nama_urusan": "UNSUR KEWILAYAHAN",
            "id_bidang_urusan": 243,
            "kode_bidang_urusan": "7.01",
            "nama_bidang_urusan": "KECAMATAN",
            "id_sub_skpd": 673,
            "kode_sub_skpd": "7.01.0.00.0.00.01.0000",
            "nama_sub_skpd": "Kecamatan Arga Makmur",
            "set_pagu_user": 22045,
            "set_pagu_at": "Wed, 26 Mar 2025 14:32:20 GMT",
            "id_program": 4451,
            "kode_program": "7.01.01",
            "nama_program": "PROGRAM PENUNJANG URUSAN PEMERINTAHAN DAERAH KABUPATEN/KOTA",
            "id_giat": 18379,
            "kode_giat": "7.01.01.2.09",
            "nama_giat": "Pemeliharaan Barang Milik Daerah Penunjang Urusan Pemerintahan Daerah",
            "pagu_giat": 47000000.0,
            "rinci_giat": null,
            "id_sub_giat": 60662,
            "kode_sub_giat": "7.01.01.2.09.0002",
            "nama_sub_giat": "Penyediaan Jasa Pemeliharaan, Biaya Pemeliharaan, Pajak dan Perizinan Kendaraan Dinas Operasional atau Lapangan",
            "pagu": 40000000.0,
            "pagu_indikatif": 40000000.0,
            "rincian": null,
            "kode_bl": "673.673.4451.18379",
            "kode_sbl": "673.673.4451.18379.60662",
            "kunci_bl": 1,
            "kunci_bl_rinci": 1,
            "user_created": "SYAFARUDDIN, SST, M.SI",
            "created_date": "20-01-2025",
            "created_time": "10:01",
            "user_updated": "SYAFARUDDIN, SST, M.SI",
            "updated_date": "14-02-2025",
            "updated_time": "16:34",
            "is_locked": 0
        },
        {
            "id_sub_bl": 58886,
            "id_daerah": 473,
            "tahun": 2026,
            "id_unit": 673,
            "id_skpd": 673,
            "created_user": 22045,
            "kode_skpd": "7.01.0.00.0.00.01.0000",
            "nama_skpd": "Kecamatan Arga Makmur",
            "id_urusan": 17,
            "kode_urusan": "7",
            "nama_urusan": "UNSUR KEWILAYAHAN",
            "id_bidang_urusan": 243,
            "kode_bidang_urusan": "7.01",
            "nama_bidang_urusan": "KECAMATAN",
            "id_sub_skpd": 673,
            "kode_sub_skpd": "7.01.0.00.0.00.01.0000",
            "nama_sub_skpd": "Kecamatan Arga Makmur",
            "set_pagu_user": 22045,
            "set_pagu_at": "Wed, 26 Mar 2025 14:32:20 GMT",
            "id_program": 4451,
            "kode_program": "7.01.01",
            "nama_program": "PROGRAM PENUNJANG URUSAN PEMERINTAHAN DAERAH KABUPATEN/KOTA",
            "id_giat": 18379,
            "kode_giat": "7.01.01.2.09",
            "nama_giat": "Pemeliharaan Barang Milik Daerah Penunjang Urusan Pemerintahan Daerah",
            "pagu_giat": 47000000.0,
            "rinci_giat": null,
            "id_sub_giat": 60666,
            "kode_sub_giat": "7.01.01.2.09.0006",
            "nama_sub_giat": "Pemeliharaan Peralatan dan Mesin Lainnya",
            "pagu": 7000000.0,
            "pagu_indikatif": 7000000.0,
            "rincian": null,
            "kode_bl": "673.673.4451.18379",
            "kode_sbl": "673.673.4451.18379.60666",
            "kunci_bl": 1,
            "kunci_bl_rinci": 1,
            "user_created": "SYAFARUDDIN, SST, M.SI",
            "created_date": "20-01-2025",
            "created_time": "10:04",
            "user_updated": "SYAFARUDDIN, SST, M.SI",
            "updated_date": "14-02-2025",
            "updated_time": "16:34",
            "is_locked": 0
        },
        {
            "id_sub_bl": 58891,
            "id_daerah": 473,
            "tahun": 2026,
            "id_unit": 673,
            "id_skpd": 673,
            "created_user": 22045,
            "kode_skpd": "7.01.0.00.0.00.01.0000",
            "nama_skpd": "Kecamatan Arga Makmur",
            "id_urusan": 17,
            "kode_urusan": "7",
            "nama_urusan": "UNSUR KEWILAYAHAN",
            "id_bidang_urusan": 243,
            "kode_bidang_urusan": "7.01",
            "nama_bidang_urusan": "KECAMATAN",
            "id_sub_skpd": 673,
            "kode_sub_skpd": "7.01.0.00.0.00.01.0000",
            "nama_sub_skpd": "Kecamatan Arga Makmur",
            "set_pagu_user": 22045,
            "set_pagu_at": "Wed, 26 Mar 2025 14:32:20 GMT",
            "id_program": 4451,
            "kode_program": "7.01.01",
            "nama_program": "PROGRAM PENUNJANG URUSAN PEMERINTAHAN DAERAH KABUPATEN/KOTA",
            "id_giat": 18379,
            "kode_giat": "7.01.01.2.09",
            "nama_giat": "Pemeliharaan Barang Milik Daerah Penunjang Urusan Pemerintahan Daerah",
            "pagu_giat": 47000000.0,
            "rinci_giat": null,
            "id_sub_giat": 60669,
            "kode_sub_giat": "7.01.01.2.09.0009",
            "nama_sub_giat": "Pemeliharaan/Rehabilitasi Gedung Kantor dan Bangunan Lainnya",
            "pagu": 0.0,
            "pagu_indikatif": 0.0,
            "rincian": null,
            "kode_bl": "673.673.4451.18379",
            "kode_sbl": "673.673.4451.18379.60669",
            "kunci_bl": 1,
            "kunci_bl_rinci": 1,
            "user_created": "SYAFARUDDIN, SST, M.SI",
            "created_date": "20-01-2025",
            "created_time": "10:05",
            "user_updated": "SYAFARUDDIN, SST, M.SI",
            "updated_date": "25-03-2025",
            "updated_time": "09:03",
            "is_locked": 0
        },
        {
            "id_sub_bl": 58894,
            "id_daerah": 473,
            "tahun": 2026,
            "id_unit": 673,
            "id_skpd": 673,
            "created_user": 22045,
            "kode_skpd": "7.01.0.00.0.00.01.0000",
            "nama_skpd": "Kecamatan Arga Makmur",
            "id_urusan": 17,
            "kode_urusan": "7",
            "nama_urusan": "UNSUR KEWILAYAHAN",
            "id_bidang_urusan": 243,
            "kode_bidang_urusan": "7.01",
            "nama_bidang_urusan": "KECAMATAN",
            "id_sub_skpd": 673,
            "kode_sub_skpd": "7.01.0.00.0.00.01.0000",
            "nama_sub_skpd": "Kecamatan Arga Makmur",
            "set_pagu_user": 22045,
            "set_pagu_at": "Wed, 26 Mar 2025 14:32:20 GMT",
            "id_program": 4451,
            "kode_program": "7.01.01",
            "nama_program": "PROGRAM PENUNJANG URUSAN PEMERINTAHAN DAERAH KABUPATEN/KOTA",
            "id_giat": 18379,
            "kode_giat": "7.01.01.2.09",
            "nama_giat": "Pemeliharaan Barang Milik Daerah Penunjang Urusan Pemerintahan Daerah",
            "pagu_giat": 47000000.0,
            "rinci_giat": null,
            "id_sub_giat": 60671,
            "kode_sub_giat": "7.01.01.2.09.0011",
            "nama_sub_giat": "Pemeliharaan/Rehabilitasi Sarana dan Prasarana Pendukung Gedung Kantor atau Bangunan Lainnya",
            "pagu": 0.0,
            "pagu_indikatif": 0.0,
            "rincian": null,
            "kode_bl": "673.673.4451.18379",
            "kode_sbl": "673.673.4451.18379.60671",
            "kunci_bl": 1,
            "kunci_bl_rinci": 1,
            "user_created": "SYAFARUDDIN, SST, M.SI",
            "created_date": "20-01-2025",
            "created_time": "10:07",
            "user_updated": "SYAFARUDDIN, SST, M.SI",
            "updated_date": "25-03-2025",
            "updated_time": "09:04",
            "is_locked": 0
        },
        {
            "id_sub_bl": 58909,
            "id_daerah": 473,
            "tahun": 2026,
            "id_unit": 673,
            "id_skpd": 673,
            "created_user": 22045,
            "kode_skpd": "7.01.0.00.0.00.01.0000",
            "nama_skpd": "Kecamatan Arga Makmur",
            "id_urusan": 17,
            "kode_urusan": "7",
            "nama_urusan": "UNSUR KEWILAYAHAN",
            "id_bidang_urusan": 243,
            "kode_bidang_urusan": "7.01",
            "nama_bidang_urusan": "KECAMATAN",
            "id_sub_skpd": 1027,
            "kode_sub_skpd": "7.01.0.00.0.00.01.0001",
            "nama_sub_skpd": "Kelurahan Gunung Alam",
            "set_pagu_user": 22045,
            "set_pagu_at": "Wed, 26 Mar 2025 14:32:20 GMT",
            "id_program": 4418,
            "kode_program": "7.01.03",
            "nama_program": "PROGRAM PEMBERDAYAAN MASYARAKAT DESA DAN KELURAHAN",
            "id_giat": 18280,
            "kode_giat": "7.01.03.2.02",
            "nama_giat": "Kegiatan Pemberdayaan Kelurahan",
            "pagu_giat": 310000000.0,
            "rinci_giat": null,
            "id_sub_giat": 59916,
            "kode_sub_giat": "7.01.03.2.02.0001",
            "nama_sub_giat": "Peningkatan Partisipasi Masyarakat dalam Forum Musyawarah Perencanaan Pembangunan di Kelurahan",
            "pagu": 10000000.0,
            "pagu_indikatif": 10000000.0,
            "rincian": null,
            "kode_bl": "673.1027.4418.18280",
            "kode_sbl": "673.1027.4418.18280.59916",
            "kunci_bl": 1,
            "kunci_bl_rinci": 1,
            "user_created": "SYAFARUDDIN, SST, M.SI",
            "created_date": "20-01-2025",
            "created_time": "10:14",
            "user_updated": "SYAFARUDDIN, SST, M.SI",
            "updated_date": "25-03-2025",
            "updated_time": "10:17",
            "is_locked": 0
        },
        {
            "id_sub_bl": 58912,
            "id_daerah": 473,
            "tahun": 2026,
            "id_unit": 673,
            "id_skpd": 673,
            "created_user": 22045,
            "kode_skpd": "7.01.0.00.0.00.01.0000",
            "nama_skpd": "Kecamatan Arga Makmur",
            "id_urusan": 17,
            "kode_urusan": "7",
            "nama_urusan": "UNSUR KEWILAYAHAN",
            "id_bidang_urusan": 243,
            "kode_bidang_urusan": "7.01",
            "nama_bidang_urusan": "KECAMATAN",
            "id_sub_skpd": 1027,
            "kode_sub_skpd": "7.01.0.00.0.00.01.0001",
            "nama_sub_skpd": "Kelurahan Gunung Alam",
            "set_pagu_user": 22045,
            "set_pagu_at": "Wed, 26 Mar 2025 14:32:20 GMT",
            "id_program": 4418,
            "kode_program": "7.01.03",
            "nama_program": "PROGRAM PEMBERDAYAAN MASYARAKAT DESA DAN KELURAHAN",
            "id_giat": 18280,
            "kode_giat": "7.01.03.2.02",
            "nama_giat": "Kegiatan Pemberdayaan Kelurahan",
            "pagu_giat": 310000000.0,
            "rinci_giat": null,
            "id_sub_giat": 59917,
            "kode_sub_giat": "7.01.03.2.02.0002",
            "nama_sub_giat": "Pembangunan Sarana dan Prasarana Kelurahan",
            "pagu": 200000000.0,
            "pagu_indikatif": 200000000.0,
            "rincian": null,
            "kode_bl": "673.1027.4418.18280",
            "kode_sbl": "673.1027.4418.18280.59917",
            "kunci_bl": 1,
            "kunci_bl_rinci": 1,
            "user_created": "SYAFARUDDIN, SST, M.SI",
            "created_date": "20-01-2025",
            "created_time": "10:17",
            "user_updated": "SYAFARUDDIN, SST, M.SI",
            "updated_date": "25-03-2025",
            "updated_time": "10:19",
            "is_locked": 0
        },
        {
            "id_sub_bl": 58914,
            "id_daerah": 473,
            "tahun": 2026,
            "id_unit": 673,
            "id_skpd": 673,
            "created_user": 22045,
            "kode_skpd": "7.01.0.00.0.00.01.0000",
            "nama_skpd": "Kecamatan Arga Makmur",
            "id_urusan": 17,
            "kode_urusan": "7",
            "nama_urusan": "UNSUR KEWILAYAHAN",
            "id_bidang_urusan": 243,
            "kode_bidang_urusan": "7.01",
            "nama_bidang_urusan": "KECAMATAN",
            "id_sub_skpd": 1027,
            "kode_sub_skpd": "7.01.0.00.0.00.01.0001",
            "nama_sub_skpd": "Kelurahan Gunung Alam",
            "set_pagu_user": 22045,
            "set_pagu_at": "Wed, 26 Mar 2025 14:32:20 GMT",
            "id_program": 4418,
            "kode_program": "7.01.03",
            "nama_program": "PROGRAM PEMBERDAYAAN MASYARAKAT DESA DAN KELURAHAN",
            "id_giat": 18280,
            "kode_giat": "7.01.03.2.02",
            "nama_giat": "Kegiatan Pemberdayaan Kelurahan",
            "pagu_giat": 310000000.0,
            "rinci_giat": null,
            "id_sub_giat": 59918,
            "kode_sub_giat": "7.01.03.2.02.0003",
            "nama_sub_giat": "Pemberdayaan Masyarakat di Kelurahan",
            "pagu": 100000000.0,
            "pagu_indikatif": 100000000.0,
            "rincian": null,
            "kode_bl": "673.1027.4418.18280",
            "kode_sbl": "673.1027.4418.18280.59918",
            "kunci_bl": 1,
            "kunci_bl_rinci": 1,
            "user_created": "SYAFARUDDIN, SST, M.SI",
            "created_date": "20-01-2025",
            "created_time": "10:19",
            "user_updated": "SYAFARUDDIN, SST, M.SI",
            "updated_date": "25-03-2025",
            "updated_time": "10:27",
            "is_locked": 0
        },
        {
            "id_sub_bl": 58916,
            "id_daerah": 473,
            "tahun": 2026,
            "id_unit": 673,
            "id_skpd": 673,
            "created_user": 22045,
            "kode_skpd": "7.01.0.00.0.00.01.0000",
            "nama_skpd": "Kecamatan Arga Makmur",
            "id_urusan": 17,
            "kode_urusan": "7",
            "nama_urusan": "UNSUR KEWILAYAHAN",
            "id_bidang_urusan": 243,
            "kode_bidang_urusan": "7.01",
            "nama_bidang_urusan": "KECAMATAN",
            "id_sub_skpd": 1028,
            "kode_sub_skpd": "7.01.0.00.0.00.01.0002",
            "nama_sub_skpd": "Kelurahan Purwodadi",
            "set_pagu_user": 22045,
            "set_pagu_at": "Wed, 26 Mar 2025 14:32:20 GMT",
            "id_program": 4418,
            "kode_program": "7.01.03",
            "nama_program": "PROGRAM PEMBERDAYAAN MASYARAKAT DESA DAN KELURAHAN",
            "id_giat": 18280,
            "kode_giat": "7.01.03.2.02",
            "nama_giat": "Kegiatan Pemberdayaan Kelurahan",
            "pagu_giat": 310000000.0,
            "rinci_giat": null,
            "id_sub_giat": 59916,
            "kode_sub_giat": "7.01.03.2.02.0001",
            "nama_sub_giat": "Peningkatan Partisipasi Masyarakat dalam Forum Musyawarah Perencanaan Pembangunan di Kelurahan",
            "pagu": 10000000.0,
            "pagu_indikatif": 10000000.0,
            "rincian": null,
            "kode_bl": "673.1028.4418.18280",
            "kode_sbl": "673.1028.4418.18280.59916",
            "kunci_bl": 1,
            "kunci_bl_rinci": 1,
            "user_created": "SYAFARUDDIN, SST, M.SI",
            "created_date": "20-01-2025",
            "created_time": "10:21",
            "user_updated": "SYAFARUDDIN, SST, M.SI",
            "updated_date": "25-03-2025",
            "updated_time": "10:18",
            "is_locked": 0
        },
        {
            "id_sub_bl": 58917,
            "id_daerah": 473,
            "tahun": 2026,
            "id_unit": 673,
            "id_skpd": 673,
            "created_user": 22045,
            "kode_skpd": "7.01.0.00.0.00.01.0000",
            "nama_skpd": "Kecamatan Arga Makmur",
            "id_urusan": 17,
            "kode_urusan": "7",
            "nama_urusan": "UNSUR KEWILAYAHAN",
            "id_bidang_urusan": 243,
            "kode_bidang_urusan": "7.01",
            "nama_bidang_urusan": "KECAMATAN",
            "id_sub_skpd": 1028,
            "kode_sub_skpd": "7.01.0.00.0.00.01.0002",
            "nama_sub_skpd": "Kelurahan Purwodadi",
            "set_pagu_user": 22045,
            "set_pagu_at": "Wed, 26 Mar 2025 14:32:20 GMT",
            "id_program": 4418,
            "kode_program": "7.01.03",
            "nama_program": "PROGRAM PEMBERDAYAAN MASYARAKAT DESA DAN KELURAHAN",
            "id_giat": 18280,
            "kode_giat": "7.01.03.2.02",
            "nama_giat": "Kegiatan Pemberdayaan Kelurahan",
            "pagu_giat": 310000000.0,
            "rinci_giat": null,
            "id_sub_giat": 59917,
            "kode_sub_giat": "7.01.03.2.02.0002",
            "nama_sub_giat": "Pembangunan Sarana dan Prasarana Kelurahan",
            "pagu": 200000000.0,
            "pagu_indikatif": 200000000.0,
            "rincian": null,
            "kode_bl": "673.1028.4418.18280",
            "kode_sbl": "673.1028.4418.18280.59917",
            "kunci_bl": 1,
            "kunci_bl_rinci": 1,
            "user_created": "SYAFARUDDIN, SST, M.SI",
            "created_date": "20-01-2025",
            "created_time": "10:22",
            "user_updated": "SYAFARUDDIN, SST, M.SI",
            "updated_date": "25-03-2025",
            "updated_time": "10:19",
            "is_locked": 0
        },
        {
            "id_sub_bl": 58918,
            "id_daerah": 473,
            "tahun": 2026,
            "id_unit": 673,
            "id_skpd": 673,
            "created_user": 22045,
            "kode_skpd": "7.01.0.00.0.00.01.0000",
            "nama_skpd": "Kecamatan Arga Makmur",
            "id_urusan": 17,
            "kode_urusan": "7",
            "nama_urusan": "UNSUR KEWILAYAHAN",
            "id_bidang_urusan": 243,
            "kode_bidang_urusan": "7.01",
            "nama_bidang_urusan": "KECAMATAN",
            "id_sub_skpd": 1028,
            "kode_sub_skpd": "7.01.0.00.0.00.01.0002",
            "nama_sub_skpd": "Kelurahan Purwodadi",
            "set_pagu_user": 22045,
            "set_pagu_at": "Wed, 26 Mar 2025 14:32:20 GMT",
            "id_program": 4418,
            "kode_program": "7.01.03",
            "nama_program": "PROGRAM PEMBERDAYAAN MASYARAKAT DESA DAN KELURAHAN",
            "id_giat": 18280,
            "kode_giat": "7.01.03.2.02",
            "nama_giat": "Kegiatan Pemberdayaan Kelurahan",
            "pagu_giat": 310000000.0,
            "rinci_giat": null,
            "id_sub_giat": 59918,
            "kode_sub_giat": "7.01.03.2.02.0003",
            "nama_sub_giat": "Pemberdayaan Masyarakat di Kelurahan",
            "pagu": 100000000.0,
            "pagu_indikatif": 100000000.0,
            "rincian": null,
            "kode_bl": "673.1028.4418.18280",
            "kode_sbl": "673.1028.4418.18280.59918",
            "kunci_bl": 1,
            "kunci_bl_rinci": 1,
            "user_created": "SYAFARUDDIN, SST, M.SI",
            "created_date": "20-01-2025",
            "created_time": "10:23",
            "user_updated": "SYAFARUDDIN, SST, M.SI",
            "updated_date": "25-03-2025",
            "updated_time": "10:27",
            "is_locked": 0
        }
    ]