[
        {
            "id_sub_bl": 62246,
            "id_daerah": 473,
            "tahun": 2026,
            "id_unit": 1106,
            "id_skpd": 1106,
            "created_user": 1623,
            "kode_skpd": "7.01.0.00.0.00.06.0000",
            "nama_skpd": "Kecamatan Batik Nau",
            "id_urusan": 17,
            "kode_urusan": "7",
            "nama_urusan": "UNSUR KEWILAYAHAN",
            "id_bidang_urusan": 243,
            "kode_bidang_urusan": "7.01",
            "nama_bidang_urusan": "KECAMATAN",
            "id_sub_skpd": 1106,
            "kode_sub_skpd": "7.01.0.00.0.00.06.0000",
            "nama_sub_skpd": "Kecamatan Batik Nau",
            "set_pagu_user": 1623,
            "set_pagu_at": "Tue, 25 Mar 2025 10:34:50 GMT",
            "id_program": 4418,
            "kode_program": "7.01.03",
            "nama_program": "PROGRAM PEMBERDAYAAN MASYARAKAT DESA DAN KELURAHAN",
            "id_giat": 18279,
            "kode_giat": "7.01.03.2.01",
            "nama_giat": "Koordinasi Kegiatan Pemberdayaan Desa",
            "pagu_giat": 25000000.0,
            "rinci_giat": null,
            "id_sub_giat": 59913,
            "kode_sub_giat": "7.01.03.2.01.0001",
            "nama_sub_giat": "Peningkatan Partisipasi Masyarakat dalam Forum Musyawarah Perencanaan Pembangunan di Desa",
            "pagu": 25000000.0,
            "pagu_indikatif": 25000000.0,
            "rincian": null,
            "kode_bl": "1106.1106.4418.18279",
            "kode_sbl": "1106.1106.4418.18279.59913",
            "kunci_bl": 1,
            "kunci_bl_rinci": 1,
            "user_created": "Alamsyah, SE",
            "created_date": "31-01-2025",
            "created_time": "11:30",
            "user_updated": "Alamsyah, SE",
            "updated_date": "25-03-2025",
            "updated_time": "10:12",
            "is_locked": 0
        },
        {
            "id_sub_bl": 62251,
            "id_daerah": 473,
            "tahun": 2026,
            "id_unit": 1106,
            "id_skpd": 1106,
            "created_user": 1623,
            "kode_skpd": "7.01.0.00.0.00.06.0000",
            "nama_skpd": "Kecamatan Batik Nau",
            "id_urusan": 17,
            "kode_urusan": "7",
            "nama_urusan": "UNSUR KEWILAYAHAN",
            "id_bidang_urusan": 243,
            "kode_bidang_urusan": "7.01",
            "nama_bidang_urusan": "KECAMATAN",
            "id_sub_skpd": 1106,
            "kode_sub_skpd": "7.01.0.00.0.00.06.0000",
            "nama_sub_skpd": "Kecamatan Batik Nau",
            "set_pagu_user": 1623,
            "set_pagu_at": "Tue, 25 Mar 2025 10:34:50 GMT",
            "id_program": 4423,
            "kode_program": "7.01.06",
            "nama_program": "PROGRAM PEMBINAAN DAN PENGAWASAN PEMERINTAHAN DESA",
            "id_giat": 18290,
            "kode_giat": "7.01.06.2.01",
            "nama_giat": "Fasilitasi, Rekomendasi dan Koordinasi\n\nPembinaan dan Pengawasan Pemerintahan Desa",
            "pagu_giat": 130880397.0,
            "rinci_giat": null,
            "id_sub_giat": 59975,
            "kode_sub_giat": "7.01.06.2.01.0016",
            "nama_sub_giat": "Fasilitasi Penyusunan Program dan Pelaksanaan Pemberdayaan Masyarakat Desa",
            "pagu": 130880397.0,
            "pagu_indikatif": 130880397.0,
            "rincian": null,
            "kode_bl": "1106.1106.4423.18290",
            "kode_sbl": "1106.1106.4423.18290.59975",
            "kunci_bl": 1,
            "kunci_bl_rinci": 1,
            "user_created": "Alamsyah, SE",
            "created_date": "31-01-2025",
            "created_time": "11:31",
            "user_updated": "Alamsyah, SE",
            "updated_date": "25-03-2025",
            "updated_time": "10:21",
            "is_locked": 0
        },
        {
            "id_sub_bl": 62142,
            "id_daerah": 473,
            "tahun": 2026,
            "id_unit": 1106,
            "id_skpd": 1106,
            "created_user": 1623,
            "kode_skpd": "7.01.0.00.0.00.06.0000",
            "nama_skpd": "Kecamatan Batik Nau",
            "id_urusan": 17,
            "kode_urusan": "7",
            "nama_urusan": "UNSUR KEWILAYAHAN",
            "id_bidang_urusan": 243,
            "kode_bidang_urusan": "7.01",
            "nama_bidang_urusan": "KECAMATAN",
            "id_sub_skpd": 1106,
            "kode_sub_skpd": "7.01.0.00.0.00.06.0000",
            "nama_sub_skpd": "Kecamatan Batik Nau",
            "set_pagu_user": 1623,
            "set_pagu_at": "Tue, 25 Mar 2025 10:34:50 GMT",
            "id_program": 4451,
            "kode_program": "7.01.01",
            "nama_program": "PROGRAM PENUNJANG URUSAN PEMERINTAHAN DAERAH KABUPATEN/KOTA",
            "id_giat": 18371,
            "kode_giat": "7.01.01.2.01",
            "nama_giat": "Perencanaan, Penganggaran, dan Evaluasi Kinerja Perangkat Daerah",
            "pagu_giat": 37815600.0,
            "rinci_giat": null,
            "id_sub_giat": 60589,
            "kode_sub_giat": "7.01.01.2.01.0001",
            "nama_sub_giat": "Penyusunan Dokumen Perencanaan Perangkat Daerah",
            "pagu": 15000000.0,
            "pagu_indikatif": 15000000.0,
            "rincian": null,
            "kode_bl": "1106.1106.4451.18371",
            "kode_sbl": "1106.1106.4451.18371.60589",
            "kunci_bl": 1,
            "kunci_bl_rinci": 1,
            "user_created": "Alamsyah, SE",
            "created_date": "31-01-2025",
            "created_time": "10:46",
            "user_updated": "Alamsyah, SE",
            "updated_date": "25-03-2025",
            "updated_time": "10:12",
            "is_locked": 0
        },
        {
            "id_sub_bl": 62156,
            "id_daerah": 473,
            "tahun": 2026,
            "id_unit": 1106,
            "id_skpd": 1106,
            "created_user": 1623,
            "kode_skpd": "7.01.0.00.0.00.06.0000",
            "nama_skpd": "Kecamatan Batik Nau",
            "id_urusan": 17,
            "kode_urusan": "7",
            "nama_urusan": "UNSUR KEWILAYAHAN",
            "id_bidang_urusan": 243,
            "kode_bidang_urusan": "7.01",
            "nama_bidang_urusan": "KECAMATAN",
            "id_sub_skpd": 1106,
            "kode_sub_skpd": "7.01.0.00.0.00.06.0000",
            "nama_sub_skpd": "Kecamatan Batik Nau",
            "set_pagu_user": 1623,
            "set_pagu_at": "Tue, 25 Mar 2025 10:34:50 GMT",
            "id_program": 4451,
            "kode_program": "7.01.01",
            "nama_program": "PROGRAM PENUNJANG URUSAN PEMERINTAHAN DAERAH KABUPATEN/KOTA",
            "id_giat": 18371,
            "kode_giat": "7.01.01.2.01",
            "nama_giat": "Perencanaan, Penganggaran, dan Evaluasi Kinerja Perangkat Daerah",
            "pagu_giat": 37815600.0,
            "rinci_giat": null,
            "id_sub_giat": 60590,
            "kode_sub_giat": "7.01.01.2.01.0002",
            "nama_sub_giat": "Koordinasi dan Penyusunan Dokumen RKA-SKPD",
            "pagu": 5583600.0,
            "pagu_indikatif": 5583600.0,
            "rincian": null,
            "kode_bl": "1106.1106.4451.18371",
            "kode_sbl": "1106.1106.4451.18371.60590",
            "kunci_bl": 1,
            "kunci_bl_rinci": 1,
            "user_created": "Alamsyah, SE",
            "created_date": "31-01-2025",
            "created_time": "10:52",
            "user_updated": "Alamsyah, SE",
            "updated_date": "25-03-2025",
            "updated_time": "10:26",
            "is_locked": 0
        },
        {
            "id_sub_bl": 62159,
            "id_daerah": 473,
            "tahun": 2026,
            "id_unit": 1106,
            "id_skpd": 1106,
            "created_user": 1623,
            "kode_skpd": "7.01.0.00.0.00.06.0000",
            "nama_skpd": "Kecamatan Batik Nau",
            "id_urusan": 17,
            "kode_urusan": "7",
            "nama_urusan": "UNSUR KEWILAYAHAN",
            "id_bidang_urusan": 243,
            "kode_bidang_urusan": "7.01",
            "nama_bidang_urusan": "KECAMATAN",
            "id_sub_skpd": 1106,
            "kode_sub_skpd": "7.01.0.00.0.00.06.0000",
            "nama_sub_skpd": "Kecamatan Batik Nau",
            "set_pagu_user": 1623,
            "set_pagu_at": "Tue, 25 Mar 2025 10:34:50 GMT",
            "id_program": 4451,
            "kode_program": "7.01.01",
            "nama_program": "PROGRAM PENUNJANG URUSAN PEMERINTAHAN DAERAH KABUPATEN/KOTA",
            "id_giat": 18371,
            "kode_giat": "7.01.01.2.01",
            "nama_giat": "Perencanaan, Penganggaran, dan Evaluasi Kinerja Perangkat Daerah",
            "pagu_giat": 37815600.0,
            "rinci_giat": null,
            "id_sub_giat": 60592,
            "kode_sub_giat": "7.01.01.2.01.0004",
            "nama_sub_giat": "Koordinasi dan Penyusunan DPA-SKPD",
            "pagu": 5296200.0,
            "pagu_indikatif": 5296200.0,
            "rincian": null,
            "kode_bl": "1106.1106.4451.18371",
            "kode_sbl": "1106.1106.4451.18371.60592",
            "kunci_bl": 1,
            "kunci_bl_rinci": 1,
            "user_created": "Alamsyah, SE",
            "created_date": "31-01-2025",
            "created_time": "10:54",
            "user_updated": "Alamsyah, SE",
            "updated_date": "03-02-2025",
            "updated_time": "20:22",
            "is_locked": 0
        },
        {
            "id_sub_bl": 62164,
            "id_daerah": 473,
            "tahun": 2026,
            "id_unit": 1106,
            "id_skpd": 1106,
            "created_user": 1623,
            "kode_skpd": "7.01.0.00.0.00.06.0000",
            "nama_skpd": "Kecamatan Batik Nau",
            "id_urusan": 17,
            "kode_urusan": "7",
            "nama_urusan": "UNSUR KEWILAYAHAN",
            "id_bidang_urusan": 243,
            "kode_bidang_urusan": "7.01",
            "nama_bidang_urusan": "KECAMATAN",
            "id_sub_skpd": 1106,
            "kode_sub_skpd": "7.01.0.00.0.00.06.0000",
            "nama_sub_skpd": "Kecamatan Batik Nau",
            "set_pagu_user": 1623,
            "set_pagu_at": "Tue, 25 Mar 2025 10:34:50 GMT",
            "id_program": 4451,
            "kode_program": "7.01.01",
            "nama_program": "PROGRAM PENUNJANG URUSAN PEMERINTAHAN DAERAH KABUPATEN/KOTA",
            "id_giat": 18371,
            "kode_giat": "7.01.01.2.01",
            "nama_giat": "Perencanaan, Penganggaran, dan Evaluasi Kinerja Perangkat Daerah",
            "pagu_giat": 37815600.0,
            "rinci_giat": null,
            "id_sub_giat": 60594,
            "kode_sub_giat": "7.01.01.2.01.0006",
            "nama_sub_giat": "Koordinasi dan Penyusunan Laporan Capaian Kinerja dan Ikhtisar Realisasi Kinerja SKPD",
            "pagu": 5954400.0,
            "pagu_indikatif": 5954400.0,
            "rincian": null,
            "kode_bl": "1106.1106.4451.18371",
            "kode_sbl": "1106.1106.4451.18371.60594",
            "kunci_bl": 1,
            "kunci_bl_rinci": 1,
            "user_created": "Alamsyah, SE",
            "created_date": "31-01-2025",
            "created_time": "10:55",
            "user_updated": "Alamsyah, SE",
            "updated_date": "25-03-2025",
            "updated_time": "10:25",
            "is_locked": 0
        },
        {
            "id_sub_bl": 62174,
            "id_daerah": 473,
            "tahun": 2026,
            "id_unit": 1106,
            "id_skpd": 1106,
            "created_user": 1623,
            "kode_skpd": "7.01.0.00.0.00.06.0000",
            "nama_skpd": "Kecamatan Batik Nau",
            "id_urusan": 17,
            "kode_urusan": "7",
            "nama_urusan": "UNSUR KEWILAYAHAN",
            "id_bidang_urusan": 243,
            "kode_bidang_urusan": "7.01",
            "nama_bidang_urusan": "KECAMATAN",
            "id_sub_skpd": 1106,
            "kode_sub_skpd": "7.01.0.00.0.00.06.0000",
            "nama_sub_skpd": "Kecamatan Batik Nau",
            "set_pagu_user": 1623,
            "set_pagu_at": "Tue, 25 Mar 2025 10:34:50 GMT",
            "id_program": 4451,
            "kode_program": "7.01.01",
            "nama_program": "PROGRAM PENUNJANG URUSAN PEMERINTAHAN DAERAH KABUPATEN/KOTA",
            "id_giat": 18371,
            "kode_giat": "7.01.01.2.01",
            "nama_giat": "Perencanaan, Penganggaran, dan Evaluasi Kinerja Perangkat Daerah",
            "pagu_giat": 37815600.0,
            "rinci_giat": null,
            "id_sub_giat": 60595,
            "kode_sub_giat": "7.01.01.2.01.0007",
            "nama_sub_giat": "Evaluasi Kinerja Perangkat Daerah",
            "pagu": 5981400.0,
            "pagu_indikatif": 5981400.0,
            "rincian": null,
            "kode_bl": "1106.1106.4451.18371",
            "kode_sbl": "1106.1106.4451.18371.60595",
            "kunci_bl": 1,
            "kunci_bl_rinci": 1,
            "user_created": "Alamsyah, SE",
            "created_date": "31-01-2025",
            "created_time": "10:59",
            "user_updated": "Alamsyah, SE",
            "updated_date": "25-03-2025",
            "updated_time": "10:25",
            "is_locked": 0
        },
        {
            "id_sub_bl": 62176,
            "id_daerah": 473,
            "tahun": 2026,
            "id_unit": 1106,
            "id_skpd": 1106,
            "created_user": 1623,
            "kode_skpd": "7.01.0.00.0.00.06.0000",
            "nama_skpd": "Kecamatan Batik Nau",
            "id_urusan": 17,
            "kode_urusan": "7",
            "nama_urusan": "UNSUR KEWILAYAHAN",
            "id_bidang_urusan": 243,
            "kode_bidang_urusan": "7.01",
            "nama_bidang_urusan": "KECAMATAN",
            "id_sub_skpd": 1106,
            "kode_sub_skpd": "7.01.0.00.0.00.06.0000",
            "nama_sub_skpd": "Kecamatan Batik Nau",
            "set_pagu_user": 1623,
            "set_pagu_at": "Tue, 25 Mar 2025 10:34:50 GMT",
            "id_program": 4451,
            "kode_program": "7.01.01",
            "nama_program": "PROGRAM PENUNJANG URUSAN PEMERINTAHAN DAERAH KABUPATEN/KOTA",
            "id_giat": 18372,
            "kode_giat": "7.01.01.2.02",
            "nama_giat": "Administrasi Keuangan Perangkat Daerah",
            "pagu_giat": 1608817191.0,
            "rinci_giat": null,
            "id_sub_giat": 60602,
            "kode_sub_giat": "7.01.01.2.02.0001",
            "nama_sub_giat": "Penyediaan Gaji dan Tunjangan ASN",
            "pagu": 1539682225.0,
            "pagu_indikatif": 1539682225.0,
            "rincian": null,
            "kode_bl": "1106.1106.4451.18372",
            "kode_sbl": "1106.1106.4451.18372.60602",
            "kunci_bl": 1,
            "kunci_bl_rinci": 1,
            "user_created": "Alamsyah, SE",
            "created_date": "31-01-2025",
            "created_time": "11:00",
            "user_updated": "Alamsyah, SE",
            "updated_date": "03-02-2025",
            "updated_time": "20:23",
            "is_locked": 0
        },
        {
            "id_sub_bl": 62179,
            "id_daerah": 473,
            "tahun": 2026,
            "id_unit": 1106,
            "id_skpd": 1106,
            "created_user": 1623,
            "kode_skpd": "7.01.0.00.0.00.06.0000",
            "nama_skpd": "Kecamatan Batik Nau",
            "id_urusan": 17,
            "kode_urusan": "7",
            "nama_urusan": "UNSUR KEWILAYAHAN",
            "id_bidang_urusan": 243,
            "kode_bidang_urusan": "7.01",
            "nama_bidang_urusan": "KECAMATAN",
            "id_sub_skpd": 1106,
            "kode_sub_skpd": "7.01.0.00.0.00.06.0000",
            "nama_sub_skpd": "Kecamatan Batik Nau",
            "set_pagu_user": 1623,
            "set_pagu_at": "Tue, 25 Mar 2025 10:34:50 GMT",
            "id_program": 4451,
            "kode_program": "7.01.01",
            "nama_program": "PROGRAM PENUNJANG URUSAN PEMERINTAHAN DAERAH KABUPATEN/KOTA",
            "id_giat": 18372,
            "kode_giat": "7.01.01.2.02",
            "nama_giat": "Administrasi Keuangan Perangkat Daerah",
            "pagu_giat": 1608817191.0,
            "rinci_giat": null,
            "id_sub_giat": 60604,
            "kode_sub_giat": "7.01.01.2.02.0003",
            "nama_sub_giat": "Pelaksanaan Penatausahaan dan\r\n\nPengujian/Verifikasi Keuangan SKPD",
            "pagu": 57931566.0,
            "pagu_indikatif": 57931566.0,
            "rincian": null,
            "kode_bl": "1106.1106.4451.18372",
            "kode_sbl": "1106.1106.4451.18372.60604",
            "kunci_bl": 1,
            "kunci_bl_rinci": 1,
            "user_created": "Alamsyah, SE",
            "created_date": "31-01-2025",
            "created_time": "11:01",
            "user_updated": "Alamsyah, SE",
            "updated_date": "25-03-2025",
            "updated_time": "10:34",
            "is_locked": 0
        },
        {
            "id_sub_bl": 62182,
            "id_daerah": 473,
            "tahun": 2026,
            "id_unit": 1106,
            "id_skpd": 1106,
            "created_user": 1623,
            "kode_skpd": "7.01.0.00.0.00.06.0000",
            "nama_skpd": "Kecamatan Batik Nau",
            "id_urusan": 17,
            "kode_urusan": "7",
            "nama_urusan": "UNSUR KEWILAYAHAN",
            "id_bidang_urusan": 243,
            "kode_bidang_urusan": "7.01",
            "nama_bidang_urusan": "KECAMATAN",
            "id_sub_skpd": 1106,
            "kode_sub_skpd": "7.01.0.00.0.00.06.0000",
            "nama_sub_skpd": "Kecamatan Batik Nau",
            "set_pagu_user": 1623,
            "set_pagu_at": "Tue, 25 Mar 2025 10:34:50 GMT",
            "id_program": 4451,
            "kode_program": "7.01.01",
            "nama_program": "PROGRAM PENUNJANG URUSAN PEMERINTAHAN DAERAH KABUPATEN/KOTA",
            "id_giat": 18372,
            "kode_giat": "7.01.01.2.02",
            "nama_giat": "Administrasi Keuangan Perangkat Daerah",
            "pagu_giat": 1608817191.0,
            "rinci_giat": null,
            "id_sub_giat": 60606,
            "kode_sub_giat": "7.01.01.2.02.0005",
            "nama_sub_giat": "Koordinasi dan Penyusunan Laporan Keuangan Akhir Tahun SKPD",
            "pagu": 5596800.0,
            "pagu_indikatif": 5596800.0,
            "rincian": null,
            "kode_bl": "1106.1106.4451.18372",
            "kode_sbl": "1106.1106.4451.18372.60606",
            "kunci_bl": 1,
            "kunci_bl_rinci": 1,
            "user_created": "Alamsyah, SE",
            "created_date": "31-01-2025",
            "created_time": "11:02",
            "user_updated": "Alamsyah, SE",
            "updated_date": "25-03-2025",
            "updated_time": "10:26",
            "is_locked": 0
        },
        {
            "id_sub_bl": 62184,
            "id_daerah": 473,
            "tahun": 2026,
            "id_unit": 1106,
            "id_skpd": 1106,
            "created_user": 1623,
            "kode_skpd": "7.01.0.00.0.00.06.0000",
            "nama_skpd": "Kecamatan Batik Nau",
            "id_urusan": 17,
            "kode_urusan": "7",
            "nama_urusan": "UNSUR KEWILAYAHAN",
            "id_bidang_urusan": 243,
            "kode_bidang_urusan": "7.01",
            "nama_bidang_urusan": "KECAMATAN",
            "id_sub_skpd": 1106,
            "kode_sub_skpd": "7.01.0.00.0.00.06.0000",
            "nama_sub_skpd": "Kecamatan Batik Nau",
            "set_pagu_user": 1623,
            "set_pagu_at": "Tue, 25 Mar 2025 10:34:50 GMT",
            "id_program": 4451,
            "kode_program": "7.01.01",
            "nama_program": "PROGRAM PENUNJANG URUSAN PEMERINTAHAN DAERAH KABUPATEN/KOTA",
            "id_giat": 18372,
            "kode_giat": "7.01.01.2.02",
            "nama_giat": "Administrasi Keuangan Perangkat Daerah",
            "pagu_giat": 1608817191.0,
            "rinci_giat": null,
            "id_sub_giat": 60608,
            "kode_sub_giat": "7.01.01.2.02.0007",
            "nama_sub_giat": "Koordinasi dan Penyusunan Laporan Keuangan Bulanan/ Triwulanan/ Semesteran SKPD",
            "pagu": 5606600.0,
            "pagu_indikatif": 5606600.0,
            "rincian": null,
            "kode_bl": "1106.1106.4451.18372",
            "kode_sbl": "1106.1106.4451.18372.60608",
            "kunci_bl": 1,
            "kunci_bl_rinci": 1,
            "user_created": "Alamsyah, SE",
            "created_date": "31-01-2025",
            "created_time": "11:03",
            "user_updated": "Alamsyah, SE",
            "updated_date": "25-03-2025",
            "updated_time": "10:26",
            "is_locked": 0
        },
        {
            "id_sub_bl": 62185,
            "id_daerah": 473,
            "tahun": 2026,
            "id_unit": 1106,
            "id_skpd": 1106,
            "created_user": 1623,
            "kode_skpd": "7.01.0.00.0.00.06.0000",
            "nama_skpd": "Kecamatan Batik Nau",
            "id_urusan": 17,
            "kode_urusan": "7",
            "nama_urusan": "UNSUR KEWILAYAHAN",
            "id_bidang_urusan": 243,
            "kode_bidang_urusan": "7.01",
            "nama_bidang_urusan": "KECAMATAN",
            "id_sub_skpd": 1106,
            "kode_sub_skpd": "7.01.0.00.0.00.06.0000",
            "nama_sub_skpd": "Kecamatan Batik Nau",
            "set_pagu_user": 1623,
            "set_pagu_at": "Tue, 25 Mar 2025 10:34:50 GMT",
            "id_program": 4451,
            "kode_program": "7.01.01",
            "nama_program": "PROGRAM PENUNJANG URUSAN PEMERINTAHAN DAERAH KABUPATEN/KOTA",
            "id_giat": 18373,
            "kode_giat": "7.01.01.2.03",
            "nama_giat": "Administrasi Barang Milik Daerah pada Perangkat Daerah",
            "pagu_giat": 30000000.0,
            "rinci_giat": null,
            "id_sub_giat": 60615,
            "kode_sub_giat": "7.01.01.2.03.0006",
            "nama_sub_giat": "Penatausahaan Barang Milik Daerah pada SKPD",
            "pagu": 30000000.0,
            "pagu_indikatif": 30000000.0,
            "rincian": null,
            "kode_bl": "1106.1106.4451.18373",
            "kode_sbl": "1106.1106.4451.18373.60615",
            "kunci_bl": 1,
            "kunci_bl_rinci": 1,
            "user_created": "Alamsyah, SE",
            "created_date": "31-01-2025",
            "created_time": "11:04",
            "user_updated": "Alamsyah, SE",
            "updated_date": "25-03-2025",
            "updated_time": "10:16",
            "is_locked": 0
        },
        {
            "id_sub_bl": 62189,
            "id_daerah": 473,
            "tahun": 2026,
            "id_unit": 1106,
            "id_skpd": 1106,
            "created_user": 1623,
            "kode_skpd": "7.01.0.00.0.00.06.0000",
            "nama_skpd": "Kecamatan Batik Nau",
            "id_urusan": 17,
            "kode_urusan": "7",
            "nama_urusan": "UNSUR KEWILAYAHAN",
            "id_bidang_urusan": 243,
            "kode_bidang_urusan": "7.01",
            "nama_bidang_urusan": "KECAMATAN",
            "id_sub_skpd": 1106,
            "kode_sub_skpd": "7.01.0.00.0.00.06.0000",
            "nama_sub_skpd": "Kecamatan Batik Nau",
            "set_pagu_user": 1623,
            "set_pagu_at": "Tue, 25 Mar 2025 10:34:50 GMT",
            "id_program": 4451,
            "kode_program": "7.01.01",
            "nama_program": "PROGRAM PENUNJANG URUSAN PEMERINTAHAN DAERAH KABUPATEN/KOTA",
            "id_giat": 18375,
            "kode_giat": "7.01.01.2.05",
            "nama_giat": "Administrasi Kepegawaian Perangkat Daerah",
            "pagu_giat": 25000000.0,
            "rinci_giat": null,
            "id_sub_giat": 60625,
            "kode_sub_giat": "7.01.01.2.05.0002",
            "nama_sub_giat": "Pengadaan Pakaian Dinas beserta Atribut Kelengkapannya",
            "pagu": 25000000.0,
            "pagu_indikatif": 25000000.0,
            "rincian": null,
            "kode_bl": "1106.1106.4451.18375",
            "kode_sbl": "1106.1106.4451.18375.60625",
            "kunci_bl": 1,
            "kunci_bl_rinci": 1,
            "user_created": "Alamsyah, SE",
            "created_date": "31-01-2025",
            "created_time": "11:05",
            "user_updated": "Alamsyah, SE",
            "updated_date": "25-03-2025",
            "updated_time": "10:31",
            "is_locked": 0
        },
        {
            "id_sub_bl": 62191,
            "id_daerah": 473,
            "tahun": 2026,
            "id_unit": 1106,
            "id_skpd": 1106,
            "created_user": 1623,
            "kode_skpd": "7.01.0.00.0.00.06.0000",
            "nama_skpd": "Kecamatan Batik Nau",
            "id_urusan": 17,
            "kode_urusan": "7",
            "nama_urusan": "UNSUR KEWILAYAHAN",
            "id_bidang_urusan": 243,
            "kode_bidang_urusan": "7.01",
            "nama_bidang_urusan": "KECAMATAN",
            "id_sub_skpd": 1106,
            "kode_sub_skpd": "7.01.0.00.0.00.06.0000",
            "nama_sub_skpd": "Kecamatan Batik Nau",
            "set_pagu_user": 1623,
            "set_pagu_at": "Tue, 25 Mar 2025 10:34:50 GMT",
            "id_program": 4451,
            "kode_program": "7.01.01",
            "nama_program": "PROGRAM PENUNJANG URUSAN PEMERINTAHAN DAERAH KABUPATEN/KOTA",
            "id_giat": 18376,
            "kode_giat": "7.01.01.2.06",
            "nama_giat": "Administrasi Umum Perangkat Daerah",
            "pagu_giat": 70147000.0,
            "rinci_giat": null,
            "id_sub_giat": 60635,
            "kode_sub_giat": "7.01.01.2.06.0001",
            "nama_sub_giat": "Penyediaan Komponen Instalasi\r\n\nListrik/Penerangan Bangunan Kantor",
            "pagu": 8997000.0,
            "pagu_indikatif": 8997000.0,
            "rincian": null,
            "kode_bl": "1106.1106.4451.18376",
            "kode_sbl": "1106.1106.4451.18376.60635",
            "kunci_bl": 1,
            "kunci_bl_rinci": 1,
            "user_created": "Alamsyah, SE",
            "created_date": "31-01-2025",
            "created_time": "11:06",
            "user_updated": "Alamsyah, SE",
            "updated_date": "25-03-2025",
            "updated_time": "10:34",
            "is_locked": 0
        },
        {
            "id_sub_bl": 62196,
            "id_daerah": 473,
            "tahun": 2026,
            "id_unit": 1106,
            "id_skpd": 1106,
            "created_user": 1623,
            "kode_skpd": "7.01.0.00.0.00.06.0000",
            "nama_skpd": "Kecamatan Batik Nau",
            "id_urusan": 17,
            "kode_urusan": "7",
            "nama_urusan": "UNSUR KEWILAYAHAN",
            "id_bidang_urusan": 243,
            "kode_bidang_urusan": "7.01",
            "nama_bidang_urusan": "KECAMATAN",
            "id_sub_skpd": 1106,
            "kode_sub_skpd": "7.01.0.00.0.00.06.0000",
            "nama_sub_skpd": "Kecamatan Batik Nau",
            "set_pagu_user": 1623,
            "set_pagu_at": "Tue, 25 Mar 2025 10:34:50 GMT",
            "id_program": 4451,
            "kode_program": "7.01.01",
            "nama_program": "PROGRAM PENUNJANG URUSAN PEMERINTAHAN DAERAH KABUPATEN/KOTA",
            "id_giat": 18376,
            "kode_giat": "7.01.01.2.06",
            "nama_giat": "Administrasi Umum Perangkat Daerah",
            "pagu_giat": 70147000.0,
            "rinci_giat": null,
            "id_sub_giat": 60638,
            "kode_sub_giat": "7.01.01.2.06.0004",
            "nama_sub_giat": "Penyediaan Bahan Logistik Kantor",
            "pagu": 20150000.0,
            "pagu_indikatif": 20150000.0,
            "rincian": null,
            "kode_bl": "1106.1106.4451.18376",
            "kode_sbl": "1106.1106.4451.18376.60638",
            "kunci_bl": 1,
            "kunci_bl_rinci": 1,
            "user_created": "Alamsyah, SE",
            "created_date": "31-01-2025",
            "created_time": "11:10",
            "user_updated": "Alamsyah, SE",
            "updated_date": "03-02-2025",
            "updated_time": "20:24",
            "is_locked": 0
        },
        {
            "id_sub_bl": 62198,
            "id_daerah": 473,
            "tahun": 2026,
            "id_unit": 1106,
            "id_skpd": 1106,
            "created_user": 1623,
            "kode_skpd": "7.01.0.00.0.00.06.0000",
            "nama_skpd": "Kecamatan Batik Nau",
            "id_urusan": 17,
            "kode_urusan": "7",
            "nama_urusan": "UNSUR KEWILAYAHAN",
            "id_bidang_urusan": 243,
            "kode_bidang_urusan": "7.01",
            "nama_bidang_urusan": "KECAMATAN",
            "id_sub_skpd": 1106,
            "kode_sub_skpd": "7.01.0.00.0.00.06.0000",
            "nama_sub_skpd": "Kecamatan Batik Nau",
            "set_pagu_user": 1623,
            "set_pagu_at": "Tue, 25 Mar 2025 10:34:50 GMT",
            "id_program": 4451,
            "kode_program": "7.01.01",
            "nama_program": "PROGRAM PENUNJANG URUSAN PEMERINTAHAN DAERAH KABUPATEN/KOTA",
            "id_giat": 18376,
            "kode_giat": "7.01.01.2.06",
            "nama_giat": "Administrasi Umum Perangkat Daerah",
            "pagu_giat": 70147000.0,
            "rinci_giat": null,
            "id_sub_giat": 60639,
            "kode_sub_giat": "7.01.01.2.06.0005",
            "nama_sub_giat": "Penyediaan Barang Cetakan dan Penggandaan",
            "pagu": 5000000.0,
            "pagu_indikatif": 5000000.0,
            "rincian": null,
            "kode_bl": "1106.1106.4451.18376",
            "kode_sbl": "1106.1106.4451.18376.60639",
            "kunci_bl": 1,
            "kunci_bl_rinci": 1,
            "user_created": "Alamsyah, SE",
            "created_date": "31-01-2025",
            "created_time": "11:10",
            "user_updated": "Alamsyah, SE",
            "updated_date": "25-03-2025",
            "updated_time": "10:23",
            "is_locked": 0
        },
        {
            "id_sub_bl": 62199,
            "id_daerah": 473,
            "tahun": 2026,
            "id_unit": 1106,
            "id_skpd": 1106,
            "created_user": 1623,
            "kode_skpd": "7.01.0.00.0.00.06.0000",
            "nama_skpd": "Kecamatan Batik Nau",
            "id_urusan": 17,
            "kode_urusan": "7",
            "nama_urusan": "UNSUR KEWILAYAHAN",
            "id_bidang_urusan": 243,
            "kode_bidang_urusan": "7.01",
            "nama_bidang_urusan": "KECAMATAN",
            "id_sub_skpd": 1106,
            "kode_sub_skpd": "7.01.0.00.0.00.06.0000",
            "nama_sub_skpd": "Kecamatan Batik Nau",
            "set_pagu_user": 1623,
            "set_pagu_at": "Tue, 25 Mar 2025 10:34:50 GMT",
            "id_program": 4451,
            "kode_program": "7.01.01",
            "nama_program": "PROGRAM PENUNJANG URUSAN PEMERINTAHAN DAERAH KABUPATEN/KOTA",
            "id_giat": 18376,
            "kode_giat": "7.01.01.2.06",
            "nama_giat": "Administrasi Umum Perangkat Daerah",
            "pagu_giat": 70147000.0,
            "rinci_giat": null,
            "id_sub_giat": 60640,
            "kode_sub_giat": "7.01.01.2.06.0006",
            "nama_sub_giat": "Penyediaan Bahan Bacaan dan Peraturan Perundang-undangan",
            "pagu": 6000000.0,
            "pagu_indikatif": 6000000.0,
            "rincian": null,
            "kode_bl": "1106.1106.4451.18376",
            "kode_sbl": "1106.1106.4451.18376.60640",
            "kunci_bl": 1,
            "kunci_bl_rinci": 1,
            "user_created": "Alamsyah, SE",
            "created_date": "31-01-2025",
            "created_time": "11:11",
            "user_updated": "Alamsyah, SE",
            "updated_date": "03-02-2025",
            "updated_time": "20:25",
            "is_locked": 0
        },
        {
            "id_sub_bl": 62203,
            "id_daerah": 473,
            "tahun": 2026,
            "id_unit": 1106,
            "id_skpd": 1106,
            "created_user": 1623,
            "kode_skpd": "7.01.0.00.0.00.06.0000",
            "nama_skpd": "Kecamatan Batik Nau",
            "id_urusan": 17,
            "kode_urusan": "7",
            "nama_urusan": "UNSUR KEWILAYAHAN",
            "id_bidang_urusan": 243,
            "kode_bidang_urusan": "7.01",
            "nama_bidang_urusan": "KECAMATAN",
            "id_sub_skpd": 1106,
            "kode_sub_skpd": "7.01.0.00.0.00.06.0000",
            "nama_sub_skpd": "Kecamatan Batik Nau",
            "set_pagu_user": 1623,
            "set_pagu_at": "Tue, 25 Mar 2025 10:34:50 GMT",
            "id_program": 4451,
            "kode_program": "7.01.01",
            "nama_program": "PROGRAM PENUNJANG URUSAN PEMERINTAHAN DAERAH KABUPATEN/KOTA",
            "id_giat": 18376,
            "kode_giat": "7.01.01.2.06",
            "nama_giat": "Administrasi Umum Perangkat Daerah",
            "pagu_giat": 70147000.0,
            "rinci_giat": null,
            "id_sub_giat": 60643,
            "kode_sub_giat": "7.01.01.2.06.0009",
            "nama_sub_giat": "Penyelenggaraan Rapat Koordinasi dan Konsultasi SKPD",
            "pagu": 30000000.0,
            "pagu_indikatif": 30000000.0,
            "rincian": null,
            "kode_bl": "1106.1106.4451.18376",
            "kode_sbl": "1106.1106.4451.18376.60643",
            "kunci_bl": 1,
            "kunci_bl_rinci": 1,
            "user_created": "Alamsyah, SE",
            "created_date": "31-01-2025",
            "created_time": "11:12",
            "user_updated": "Alamsyah, SE",
            "updated_date": "25-03-2025",
            "updated_time": "10:17",
            "is_locked": 0
        },
        {
            "id_sub_bl": 62208,
            "id_daerah": 473,
            "tahun": 2026,
            "id_unit": 1106,
            "id_skpd": 1106,
            "created_user": 1623,
            "kode_skpd": "7.01.0.00.0.00.06.0000",
            "nama_skpd": "Kecamatan Batik Nau",
            "id_urusan": 17,
            "kode_urusan": "7",
            "nama_urusan": "UNSUR KEWILAYAHAN",
            "id_bidang_urusan": 243,
            "kode_bidang_urusan": "7.01",
            "nama_bidang_urusan": "KECAMATAN",
            "id_sub_skpd": 1106,
            "kode_sub_skpd": "7.01.0.00.0.00.06.0000",
            "nama_sub_skpd": "Kecamatan Batik Nau",
            "set_pagu_user": 1623,
            "set_pagu_at": "Tue, 25 Mar 2025 10:34:50 GMT",
            "id_program": 4451,
            "kode_program": "7.01.01",
            "nama_program": "PROGRAM PENUNJANG URUSAN PEMERINTAHAN DAERAH KABUPATEN/KOTA",
            "id_giat": 18377,
            "kode_giat": "7.01.01.2.07",
            "nama_giat": "Pengadaan Barang Milik Daerah Penunjang Urusan Pemerintah Daerah",
            "pagu_giat": 125000000.0,
            "rinci_giat": null,
            "id_sub_giat": 60650,
            "kode_sub_giat": "7.01.01.2.07.0005",
            "nama_sub_giat": "Pengadaan Mebel",
            "pagu": 40000000.0,
            "pagu_indikatif": 40000000.0,
            "rincian": null,
            "kode_bl": "1106.1106.4451.18377",
            "kode_sbl": "1106.1106.4451.18377.60650",
            "kunci_bl": 1,
            "kunci_bl_rinci": 1,
            "user_created": "Alamsyah, SE",
            "created_date": "31-01-2025",
            "created_time": "11:14",
            "user_updated": "Alamsyah, SE",
            "updated_date": "25-03-2025",
            "updated_time": "10:26",
            "is_locked": 0
        },
        {
            "id_sub_bl": 62211,
            "id_daerah": 473,
            "tahun": 2026,
            "id_unit": 1106,
            "id_skpd": 1106,
            "created_user": 1623,
            "kode_skpd": "7.01.0.00.0.00.06.0000",
            "nama_skpd": "Kecamatan Batik Nau",
            "id_urusan": 17,
            "kode_urusan": "7",
            "nama_urusan": "UNSUR KEWILAYAHAN",
            "id_bidang_urusan": 243,
            "kode_bidang_urusan": "7.01",
            "nama_bidang_urusan": "KECAMATAN",
            "id_sub_skpd": 1106,
            "kode_sub_skpd": "7.01.0.00.0.00.06.0000",
            "nama_sub_skpd": "Kecamatan Batik Nau",
            "set_pagu_user": 1623,
            "set_pagu_at": "Tue, 25 Mar 2025 10:34:50 GMT",
            "id_program": 4451,
            "kode_program": "7.01.01",
            "nama_program": "PROGRAM PENUNJANG URUSAN PEMERINTAHAN DAERAH KABUPATEN/KOTA",
            "id_giat": 18377,
            "kode_giat": "7.01.01.2.07",
            "nama_giat": "Pengadaan Barang Milik Daerah Penunjang Urusan Pemerintah Daerah",
            "pagu_giat": 125000000.0,
            "rinci_giat": null,
            "id_sub_giat": 60651,
            "kode_sub_giat": "7.01.01.2.07.0006",
            "nama_sub_giat": "Pengadaan Peralatan dan Mesin Lainnya",
            "pagu": 50000000.0,
            "pagu_indikatif": 50000000.0,
            "rincian": null,
            "kode_bl": "1106.1106.4451.18377",
            "kode_sbl": "1106.1106.4451.18377.60651",
            "kunci_bl": 1,
            "kunci_bl_rinci": 1,
            "user_created": "Alamsyah, SE",
            "created_date": "31-01-2025",
            "created_time": "11:15",
            "user_updated": "Alamsyah, SE",
            "updated_date": "25-03-2025",
            "updated_time": "10:17",
            "is_locked": 0
        },
        {
            "id_sub_bl": 62230,
            "id_daerah": 473,
            "tahun": 2026,
            "id_unit": 1106,
            "id_skpd": 1106,
            "created_user": 1623,
            "kode_skpd": "7.01.0.00.0.00.06.0000",
            "nama_skpd": "Kecamatan Batik Nau",
            "id_urusan": 17,
            "kode_urusan": "7",
            "nama_urusan": "UNSUR KEWILAYAHAN",
            "id_bidang_urusan": 243,
            "kode_bidang_urusan": "7.01",
            "nama_bidang_urusan": "KECAMATAN",
            "id_sub_skpd": 1106,
            "kode_sub_skpd": "7.01.0.00.0.00.06.0000",
            "nama_sub_skpd": "Kecamatan Batik Nau",
            "set_pagu_user": 1623,
            "set_pagu_at": "Tue, 25 Mar 2025 10:34:50 GMT",
            "id_program": 4451,
            "kode_program": "7.01.01",
            "nama_program": "PROGRAM PENUNJANG URUSAN PEMERINTAHAN DAERAH KABUPATEN/KOTA",
            "id_giat": 18377,
            "kode_giat": "7.01.01.2.07",
            "nama_giat": "Pengadaan Barang Milik Daerah Penunjang Urusan Pemerintah Daerah",
            "pagu_giat": 125000000.0,
            "rinci_giat": null,
            "id_sub_giat": 60656,
            "kode_sub_giat": "7.01.01.2.07.0011",
            "nama_sub_giat": "Pengadaan Sarana dan Prasarana Pendukung Gedung Kantor atau Bangunan Lainnya",
            "pagu": 35000000.0,
            "pagu_indikatif": 35000000.0,
            "rincian": null,
            "kode_bl": "1106.1106.4451.18377",
            "kode_sbl": "1106.1106.4451.18377.60656",
            "kunci_bl": 1,
            "kunci_bl_rinci": 1,
            "user_created": "Alamsyah, SE",
            "created_date": "31-01-2025",
            "created_time": "11:23",
            "user_updated": "Alamsyah, SE",
            "updated_date": "25-03-2025",
            "updated_time": "10:20",
            "is_locked": 0
        },
        {
            "id_sub_bl": 62233,
            "id_daerah": 473,
            "tahun": 2026,
            "id_unit": 1106,
            "id_skpd": 1106,
            "created_user": 1623,
            "kode_skpd": "7.01.0.00.0.00.06.0000",
            "nama_skpd": "Kecamatan Batik Nau",
            "id_urusan": 17,
            "kode_urusan": "7",
            "nama_urusan": "UNSUR KEWILAYAHAN",
            "id_bidang_urusan": 243,
            "kode_bidang_urusan": "7.01",
            "nama_bidang_urusan": "KECAMATAN",
            "id_sub_skpd": 1106,
            "kode_sub_skpd": "7.01.0.00.0.00.06.0000",
            "nama_sub_skpd": "Kecamatan Batik Nau",
            "set_pagu_user": 1623,
            "set_pagu_at": "Tue, 25 Mar 2025 10:34:50 GMT",
            "id_program": 4451,
            "kode_program": "7.01.01",
            "nama_program": "PROGRAM PENUNJANG URUSAN PEMERINTAHAN DAERAH KABUPATEN/KOTA",
            "id_giat": 18378,
            "kode_giat": "7.01.01.2.08",
            "nama_giat": "Penyediaan Jasa Penunjang Urusan Pemerintahan Daerah",
            "pagu_giat": 99040000.0,
            "rinci_giat": null,
            "id_sub_giat": 60658,
            "kode_sub_giat": "7.01.01.2.08.0002",
            "nama_sub_giat": "Penyediaan Jasa Komunikasi, Sumber Daya Air dan Listrik",
            "pagu": 19040000.0,
            "pagu_indikatif": 19040000.0,
            "rincian": null,
            "kode_bl": "1106.1106.4451.18378",
            "kode_sbl": "1106.1106.4451.18378.60658",
            "kunci_bl": 1,
            "kunci_bl_rinci": 1,
            "user_created": "Alamsyah, SE",
            "created_date": "31-01-2025",
            "created_time": "11:24",
            "user_updated": "Alamsyah, SE",
            "updated_date": "03-02-2025",
            "updated_time": "20:26",
            "is_locked": 0
        },
        {
            "id_sub_bl": 62237,
            "id_daerah": 473,
            "tahun": 2026,
            "id_unit": 1106,
            "id_skpd": 1106,
            "created_user": 1623,
            "kode_skpd": "7.01.0.00.0.00.06.0000",
            "nama_skpd": "Kecamatan Batik Nau",
            "id_urusan": 17,
            "kode_urusan": "7",
            "nama_urusan": "UNSUR KEWILAYAHAN",
            "id_bidang_urusan": 243,
            "kode_bidang_urusan": "7.01",
            "nama_bidang_urusan": "KECAMATAN",
            "id_sub_skpd": 1106,
            "kode_sub_skpd": "7.01.0.00.0.00.06.0000",
            "nama_sub_skpd": "Kecamatan Batik Nau",
            "set_pagu_user": 1623,
            "set_pagu_at": "Tue, 25 Mar 2025 10:34:50 GMT",
            "id_program": 4451,
            "kode_program": "7.01.01",
            "nama_program": "PROGRAM PENUNJANG URUSAN PEMERINTAHAN DAERAH KABUPATEN/KOTA",
            "id_giat": 18378,
            "kode_giat": "7.01.01.2.08",
            "nama_giat": "Penyediaan Jasa Penunjang Urusan Pemerintahan Daerah",
            "pagu_giat": 99040000.0,
            "rinci_giat": null,
            "id_sub_giat": 60660,
            "kode_sub_giat": "7.01.01.2.08.0004",
            "nama_sub_giat": "Penyediaan Jasa Pelayanan Umum Kantor",
            "pagu": 80000000.0,
            "pagu_indikatif": 80000000.0,
            "rincian": null,
            "kode_bl": "1106.1106.4451.18378",
            "kode_sbl": "1106.1106.4451.18378.60660",
            "kunci_bl": 1,
            "kunci_bl_rinci": 1,
            "user_created": "Alamsyah, SE",
            "created_date": "31-01-2025",
            "created_time": "11:25",
            "user_updated": "Alamsyah, SE",
            "updated_date": "03-02-2025",
            "updated_time": "20:26",
            "is_locked": 0
        },
        {
            "id_sub_bl": 62240,
            "id_daerah": 473,
            "tahun": 2026,
            "id_unit": 1106,
            "id_skpd": 1106,
            "created_user": 1623,
            "kode_skpd": "7.01.0.00.0.00.06.0000",
            "nama_skpd": "Kecamatan Batik Nau",
            "id_urusan": 17,
            "kode_urusan": "7",
            "nama_urusan": "UNSUR KEWILAYAHAN",
            "id_bidang_urusan": 243,
            "kode_bidang_urusan": "7.01",
            "nama_bidang_urusan": "KECAMATAN",
            "id_sub_skpd": 1106,
            "kode_sub_skpd": "7.01.0.00.0.00.06.0000",
            "nama_sub_skpd": "Kecamatan Batik Nau",
            "set_pagu_user": 1623,
            "set_pagu_at": "Tue, 25 Mar 2025 10:34:50 GMT",
            "id_program": 4451,
            "kode_program": "7.01.01",
            "nama_program": "PROGRAM PENUNJANG URUSAN PEMERINTAHAN DAERAH KABUPATEN/KOTA",
            "id_giat": 18379,
            "kode_giat": "7.01.01.2.09",
            "nama_giat": "Pemeliharaan Barang Milik Daerah Penunjang Urusan Pemerintahan Daerah",
            "pagu_giat": 187216800.0,
            "rinci_giat": null,
            "id_sub_giat": 60662,
            "kode_sub_giat": "7.01.01.2.09.0002",
            "nama_sub_giat": "Penyediaan Jasa Pemeliharaan, Biaya Pemeliharaan, Pajak dan Perizinan Kendaraan Dinas Operasional atau Lapangan",
            "pagu": 45000000.0,
            "pagu_indikatif": 45000000.0,
            "rincian": null,
            "kode_bl": "1106.1106.4451.18379",
            "kode_sbl": "1106.1106.4451.18379.60662",
            "kunci_bl": 1,
            "kunci_bl_rinci": 1,
            "user_created": "Alamsyah, SE",
            "created_date": "31-01-2025",
            "created_time": "11:26",
            "user_updated": "Alamsyah, SE",
            "updated_date": "25-03-2025",
            "updated_time": "10:31",
            "is_locked": 0
        },
        {
            "id_sub_bl": 73251,
            "id_daerah": 473,
            "tahun": 2026,
            "id_unit": 1106,
            "id_skpd": 1106,
            "created_user": 1623,
            "kode_skpd": "7.01.0.00.0.00.06.0000",
            "nama_skpd": "Kecamatan Batik Nau",
            "id_urusan": 17,
            "kode_urusan": "7",
            "nama_urusan": "UNSUR KEWILAYAHAN",
            "id_bidang_urusan": 243,
            "kode_bidang_urusan": "7.01",
            "nama_bidang_urusan": "KECAMATAN",
            "id_sub_skpd": 1106,
            "kode_sub_skpd": "7.01.0.00.0.00.06.0000",
            "nama_sub_skpd": "Kecamatan Batik Nau",
            "set_pagu_user": 1623,
            "set_pagu_at": "Tue, 25 Mar 2025 10:34:50 GMT",
            "id_program": 4451,
            "kode_program": "7.01.01",
            "nama_program": "PROGRAM PENUNJANG URUSAN PEMERINTAHAN DAERAH KABUPATEN/KOTA",
            "id_giat": 18379,
            "kode_giat": "7.01.01.2.09",
            "nama_giat": "Pemeliharaan Barang Milik Daerah Penunjang Urusan Pemerintahan Daerah",
            "pagu_giat": 187216800.0,
            "rinci_giat": null,
            "id_sub_giat": 60666,
            "kode_sub_giat": "7.01.01.2.09.0006",
            "nama_sub_giat": "Pemeliharaan Peralatan dan Mesin Lainnya",
            "pagu": 10000000.0,
            "pagu_indikatif": 10000000.0,
            "rincian": null,
            "kode_bl": "1106.1106.4451.18379",
            "kode_sbl": "1106.1106.4451.18379.60666",
            "kunci_bl": 1,
            "kunci_bl_rinci": 1,
            "user_created": "Alamsyah, SE",
            "created_date": "25-03-2025",
            "created_time": "10:29",
            "user_updated": null,
            "updated_date": null,
            "updated_time": null,
            "is_locked": 0
        }
    ]