[
        {
            "id_sub_bl": 62886,
            "id_daerah": 473,
            "tahun": 2026,
            "id_unit": 688,
            "id_skpd": 688,
            "created_user": 23302,
            "kode_skpd": "7.01.0.00.0.00.07.0000",
            "nama_skpd": "Kecamatan Enggano",
            "id_urusan": 17,
            "kode_urusan": "7",
            "nama_urusan": "UNSUR KEWILAYAHAN",
            "id_bidang_urusan": 243,
            "kode_bidang_urusan": "7.01",
            "nama_bidang_urusan": "KECAMATAN",
            "id_sub_skpd": 688,
            "kode_sub_skpd": "7.01.0.00.0.00.07.0000",
            "nama_sub_skpd": "Kecamatan Enggano",
            "set_pagu_user": 23302,
            "set_pagu_at": "Thu, 26 Jun 2025 16:02:20 GMT",
            "id_program": 4418,
            "kode_program": "7.01.03",
            "nama_program": "PROGRAM PEMBERDAYAAN MASYARAKAT DESA DAN KELURAHAN",
            "id_giat": 18279,
            "kode_giat": "7.01.03.2.01",
            "nama_giat": "Koordinasi Kegiatan Pemberdayaan Desa",
            "pagu_giat": 28318000.0,
            "rinci_giat": null,
            "id_sub_giat": 59913,
            "kode_sub_giat": "7.01.03.2.01.0001",
            "nama_sub_giat": "Peningkatan Partisipasi Masyarakat dalam Forum Musyawarah Perencanaan Pembangunan di Desa",
            "pagu": 28318000.0,
            "pagu_indikatif": 28318000.0,
            "rincian": null,
            "kode_bl": "688.688.4418.18279",
            "kode_sbl": "688.688.4418.18279.59913",
            "kunci_bl": 1,
            "kunci_bl_rinci": 1,
            "user_created": "Susanto, MD, S.Pd",
            "created_date": "31-01-2025",
            "created_time": "19:17",
            "user_updated": "Susanto, MD, S.Pd",
            "updated_date": "03-02-2025",
            "updated_time": "09:38",
            "is_locked": 0
        },
        {
            "id_sub_bl": 62887,
            "id_daerah": 473,
            "tahun": 2026,
            "id_unit": 688,
            "id_skpd": 688,
            "created_user": 23302,
            "kode_skpd": "7.01.0.00.0.00.07.0000",
            "nama_skpd": "Kecamatan Enggano",
            "id_urusan": 17,
            "kode_urusan": "7",
            "nama_urusan": "UNSUR KEWILAYAHAN",
            "id_bidang_urusan": 243,
            "kode_bidang_urusan": "7.01",
            "nama_bidang_urusan": "KECAMATAN",
            "id_sub_skpd": 688,
            "kode_sub_skpd": "7.01.0.00.0.00.07.0000",
            "nama_sub_skpd": "Kecamatan Enggano",
            "set_pagu_user": 23302,
            "set_pagu_at": "Thu, 26 Jun 2025 16:02:20 GMT",
            "id_program": 4423,
            "kode_program": "7.01.06",
            "nama_program": "PROGRAM PEMBINAAN DAN PENGAWASAN PEMERINTAHAN DESA",
            "id_giat": 18290,
            "kode_giat": "7.01.06.2.01",
            "nama_giat": "Fasilitasi, Rekomendasi dan Koordinasi\n\nPembinaan dan Pengawasan Pemerintahan Desa",
            "pagu_giat": 103660738.0,
            "rinci_giat": null,
            "id_sub_giat": 59975,
            "kode_sub_giat": "7.01.06.2.01.0016",
            "nama_sub_giat": "Fasilitasi Penyusunan Program dan Pelaksanaan Pemberdayaan Masyarakat Desa",
            "pagu": 103660738.0,
            "pagu_indikatif": 103660738.0,
            "rincian": null,
            "kode_bl": "688.688.4423.18290",
            "kode_sbl": "688.688.4423.18290.59975",
            "kunci_bl": 1,
            "kunci_bl_rinci": 1,
            "user_created": "Susanto, MD, S.Pd",
            "created_date": "31-01-2025",
            "created_time": "19:18",
            "user_updated": "Susanto, MD, S.Pd",
            "updated_date": "24-03-2025",
            "updated_time": "13:54",
            "is_locked": 0
        },
        {
            "id_sub_bl": 61462,
            "id_daerah": 473,
            "tahun": 2026,
            "id_unit": 688,
            "id_skpd": 688,
            "created_user": 23302,
            "kode_skpd": "7.01.0.00.0.00.07.0000",
            "nama_skpd": "Kecamatan Enggano",
            "id_urusan": 17,
            "kode_urusan": "7",
            "nama_urusan": "UNSUR KEWILAYAHAN",
            "id_bidang_urusan": 243,
            "kode_bidang_urusan": "7.01",
            "nama_bidang_urusan": "KECAMATAN",
            "id_sub_skpd": 688,
            "kode_sub_skpd": "7.01.0.00.0.00.07.0000",
            "nama_sub_skpd": "Kecamatan Enggano",
            "set_pagu_user": 23302,
            "set_pagu_at": "Thu, 26 Jun 2025 16:02:20 GMT",
            "id_program": 4451,
            "kode_program": "7.01.01",
            "nama_program": "PROGRAM PENUNJANG URUSAN PEMERINTAHAN DAERAH KABUPATEN/KOTA",
            "id_giat": 18371,
            "kode_giat": "7.01.01.2.01",
            "nama_giat": "Perencanaan, Penganggaran, dan Evaluasi Kinerja Perangkat Daerah",
            "pagu_giat": 47795200.0,
            "rinci_giat": null,
            "id_sub_giat": 60589,
            "kode_sub_giat": "7.01.01.2.01.0001",
            "nama_sub_giat": "Penyusunan Dokumen Perencanaan Perangkat Daerah",
            "pagu": 25000000.0,
            "pagu_indikatif": 25000000.0,
            "rincian": null,
            "kode_bl": "688.688.4451.18371",
            "kode_sbl": "688.688.4451.18371.60589",
            "kunci_bl": 1,
            "kunci_bl_rinci": 1,
            "user_created": "Susanto, MD, S.Pd",
            "created_date": "30-01-2025",
            "created_time": "11:16",
            "user_updated": "Susanto, MD, S.Pd",
            "updated_date": "03-02-2025",
            "updated_time": "09:39",
            "is_locked": 0
        },
        {
            "id_sub_bl": 61468,
            "id_daerah": 473,
            "tahun": 2026,
            "id_unit": 688,
            "id_skpd": 688,
            "created_user": 23302,
            "kode_skpd": "7.01.0.00.0.00.07.0000",
            "nama_skpd": "Kecamatan Enggano",
            "id_urusan": 17,
            "kode_urusan": "7",
            "nama_urusan": "UNSUR KEWILAYAHAN",
            "id_bidang_urusan": 243,
            "kode_bidang_urusan": "7.01",
            "nama_bidang_urusan": "KECAMATAN",
            "id_sub_skpd": 688,
            "kode_sub_skpd": "7.01.0.00.0.00.07.0000",
            "nama_sub_skpd": "Kecamatan Enggano",
            "set_pagu_user": 23302,
            "set_pagu_at": "Thu, 26 Jun 2025 16:02:20 GMT",
            "id_program": 4451,
            "kode_program": "7.01.01",
            "nama_program": "PROGRAM PENUNJANG URUSAN PEMERINTAHAN DAERAH KABUPATEN/KOTA",
            "id_giat": 18371,
            "kode_giat": "7.01.01.2.01",
            "nama_giat": "Perencanaan, Penganggaran, dan Evaluasi Kinerja Perangkat Daerah",
            "pagu_giat": 47795200.0,
            "rinci_giat": null,
            "id_sub_giat": 60590,
            "kode_sub_giat": "7.01.01.2.01.0002",
            "nama_sub_giat": "Koordinasi dan Penyusunan Dokumen RKA-SKPD",
            "pagu": 8320000.0,
            "pagu_indikatif": 8320000.0,
            "rincian": null,
            "kode_bl": "688.688.4451.18371",
            "kode_sbl": "688.688.4451.18371.60590",
            "kunci_bl": 1,
            "kunci_bl_rinci": 1,
            "user_created": "Susanto, MD, S.Pd",
            "created_date": "30-01-2025",
            "created_time": "11:20",
            "user_updated": "Susanto, MD, S.Pd",
            "updated_date": "03-02-2025",
            "updated_time": "09:39",
            "is_locked": 0
        },
        {
            "id_sub_bl": 61472,
            "id_daerah": 473,
            "tahun": 2026,
            "id_unit": 688,
            "id_skpd": 688,
            "created_user": 23302,
            "kode_skpd": "7.01.0.00.0.00.07.0000",
            "nama_skpd": "Kecamatan Enggano",
            "id_urusan": 17,
            "kode_urusan": "7",
            "nama_urusan": "UNSUR KEWILAYAHAN",
            "id_bidang_urusan": 243,
            "kode_bidang_urusan": "7.01",
            "nama_bidang_urusan": "KECAMATAN",
            "id_sub_skpd": 688,
            "kode_sub_skpd": "7.01.0.00.0.00.07.0000",
            "nama_sub_skpd": "Kecamatan Enggano",
            "set_pagu_user": 23302,
            "set_pagu_at": "Thu, 26 Jun 2025 16:02:20 GMT",
            "id_program": 4451,
            "kode_program": "7.01.01",
            "nama_program": "PROGRAM PENUNJANG URUSAN PEMERINTAHAN DAERAH KABUPATEN/KOTA",
            "id_giat": 18371,
            "kode_giat": "7.01.01.2.01",
            "nama_giat": "Perencanaan, Penganggaran, dan Evaluasi Kinerja Perangkat Daerah",
            "pagu_giat": 47795200.0,
            "rinci_giat": null,
            "id_sub_giat": 60592,
            "kode_sub_giat": "7.01.01.2.01.0004",
            "nama_sub_giat": "Koordinasi dan Penyusunan DPA-SKPD",
            "pagu": 6640000.0,
            "pagu_indikatif": 6640000.0,
            "rincian": null,
            "kode_bl": "688.688.4451.18371",
            "kode_sbl": "688.688.4451.18371.60592",
            "kunci_bl": 1,
            "kunci_bl_rinci": 1,
            "user_created": "Susanto, MD, S.Pd",
            "created_date": "30-01-2025",
            "created_time": "11:22",
            "user_updated": "Susanto, MD, S.Pd",
            "updated_date": "03-02-2025",
            "updated_time": "09:40",
            "is_locked": 0
        },
        {
            "id_sub_bl": 61476,
            "id_daerah": 473,
            "tahun": 2026,
            "id_unit": 688,
            "id_skpd": 688,
            "created_user": 23302,
            "kode_skpd": "7.01.0.00.0.00.07.0000",
            "nama_skpd": "Kecamatan Enggano",
            "id_urusan": 17,
            "kode_urusan": "7",
            "nama_urusan": "UNSUR KEWILAYAHAN",
            "id_bidang_urusan": 243,
            "kode_bidang_urusan": "7.01",
            "nama_bidang_urusan": "KECAMATAN",
            "id_sub_skpd": 688,
            "kode_sub_skpd": "7.01.0.00.0.00.07.0000",
            "nama_sub_skpd": "Kecamatan Enggano",
            "set_pagu_user": 23302,
            "set_pagu_at": "Thu, 26 Jun 2025 16:02:20 GMT",
            "id_program": 4451,
            "kode_program": "7.01.01",
            "nama_program": "PROGRAM PENUNJANG URUSAN PEMERINTAHAN DAERAH KABUPATEN/KOTA",
            "id_giat": 18371,
            "kode_giat": "7.01.01.2.01",
            "nama_giat": "Perencanaan, Penganggaran, dan Evaluasi Kinerja Perangkat Daerah",
            "pagu_giat": 47795200.0,
            "rinci_giat": null,
            "id_sub_giat": 60594,
            "kode_sub_giat": "7.01.01.2.01.0006",
            "nama_sub_giat": "Koordinasi dan Penyusunan Laporan Capaian Kinerja dan Ikhtisar Realisasi Kinerja SKPD",
            "pagu": 4600000.0,
            "pagu_indikatif": 4600000.0,
            "rincian": null,
            "kode_bl": "688.688.4451.18371",
            "kode_sbl": "688.688.4451.18371.60594",
            "kunci_bl": 1,
            "kunci_bl_rinci": 1,
            "user_created": "Susanto, MD, S.Pd",
            "created_date": "30-01-2025",
            "created_time": "11:26",
            "user_updated": "Susanto, MD, S.Pd",
            "updated_date": "03-02-2025",
            "updated_time": "09:41",
            "is_locked": 0
        },
        {
            "id_sub_bl": 61482,
            "id_daerah": 473,
            "tahun": 2026,
            "id_unit": 688,
            "id_skpd": 688,
            "created_user": 23302,
            "kode_skpd": "7.01.0.00.0.00.07.0000",
            "nama_skpd": "Kecamatan Enggano",
            "id_urusan": 17,
            "kode_urusan": "7",
            "nama_urusan": "UNSUR KEWILAYAHAN",
            "id_bidang_urusan": 243,
            "kode_bidang_urusan": "7.01",
            "nama_bidang_urusan": "KECAMATAN",
            "id_sub_skpd": 688,
            "kode_sub_skpd": "7.01.0.00.0.00.07.0000",
            "nama_sub_skpd": "Kecamatan Enggano",
            "set_pagu_user": 23302,
            "set_pagu_at": "Thu, 26 Jun 2025 16:02:20 GMT",
            "id_program": 4451,
            "kode_program": "7.01.01",
            "nama_program": "PROGRAM PENUNJANG URUSAN PEMERINTAHAN DAERAH KABUPATEN/KOTA",
            "id_giat": 18371,
            "kode_giat": "7.01.01.2.01",
            "nama_giat": "Perencanaan, Penganggaran, dan Evaluasi Kinerja Perangkat Daerah",
            "pagu_giat": 47795200.0,
            "rinci_giat": null,
            "id_sub_giat": 60595,
            "kode_sub_giat": "7.01.01.2.01.0007",
            "nama_sub_giat": "Evaluasi Kinerja Perangkat Daerah",
            "pagu": 3235200.0,
            "pagu_indikatif": 3235200.0,
            "rincian": null,
            "kode_bl": "688.688.4451.18371",
            "kode_sbl": "688.688.4451.18371.60595",
            "kunci_bl": 1,
            "kunci_bl_rinci": 1,
            "user_created": "Susanto, MD, S.Pd",
            "created_date": "30-01-2025",
            "created_time": "11:30",
            "user_updated": "Susanto, MD, S.Pd",
            "updated_date": "03-02-2025",
            "updated_time": "09:42",
            "is_locked": 0
        },
        {
            "id_sub_bl": 61485,
            "id_daerah": 473,
            "tahun": 2026,
            "id_unit": 688,
            "id_skpd": 688,
            "created_user": 23302,
            "kode_skpd": "7.01.0.00.0.00.07.0000",
            "nama_skpd": "Kecamatan Enggano",
            "id_urusan": 17,
            "kode_urusan": "7",
            "nama_urusan": "UNSUR KEWILAYAHAN",
            "id_bidang_urusan": 243,
            "kode_bidang_urusan": "7.01",
            "nama_bidang_urusan": "KECAMATAN",
            "id_sub_skpd": 688,
            "kode_sub_skpd": "7.01.0.00.0.00.07.0000",
            "nama_sub_skpd": "Kecamatan Enggano",
            "set_pagu_user": 23302,
            "set_pagu_at": "Thu, 26 Jun 2025 16:02:20 GMT",
            "id_program": 4451,
            "kode_program": "7.01.01",
            "nama_program": "PROGRAM PENUNJANG URUSAN PEMERINTAHAN DAERAH KABUPATEN/KOTA",
            "id_giat": 18372,
            "kode_giat": "7.01.01.2.02",
            "nama_giat": "Administrasi Keuangan Perangkat Daerah",
            "pagu_giat": 1321286375.0,
            "rinci_giat": null,
            "id_sub_giat": 60602,
            "kode_sub_giat": "7.01.01.2.02.0001",
            "nama_sub_giat": "Penyediaan Gaji dan Tunjangan ASN",
            "pagu": 1262968175.0,
            "pagu_indikatif": 1262968175.0,
            "rincian": null,
            "kode_bl": "688.688.4451.18372",
            "kode_sbl": "688.688.4451.18372.60602",
            "kunci_bl": 1,
            "kunci_bl_rinci": 1,
            "user_created": "Susanto, MD, S.Pd",
            "created_date": "30-01-2025",
            "created_time": "11:33",
            "user_updated": "Susanto, MD, S.Pd",
            "updated_date": "03-02-2025",
            "updated_time": "09:42",
            "is_locked": 0
        },
        {
            "id_sub_bl": 61488,
            "id_daerah": 473,
            "tahun": 2026,
            "id_unit": 688,
            "id_skpd": 688,
            "created_user": 23302,
            "kode_skpd": "7.01.0.00.0.00.07.0000",
            "nama_skpd": "Kecamatan Enggano",
            "id_urusan": 17,
            "kode_urusan": "7",
            "nama_urusan": "UNSUR KEWILAYAHAN",
            "id_bidang_urusan": 243,
            "kode_bidang_urusan": "7.01",
            "nama_bidang_urusan": "KECAMATAN",
            "id_sub_skpd": 688,
            "kode_sub_skpd": "7.01.0.00.0.00.07.0000",
            "nama_sub_skpd": "Kecamatan Enggano",
            "set_pagu_user": 23302,
            "set_pagu_at": "Thu, 26 Jun 2025 16:02:20 GMT",
            "id_program": 4451,
            "kode_program": "7.01.01",
            "nama_program": "PROGRAM PENUNJANG URUSAN PEMERINTAHAN DAERAH KABUPATEN/KOTA",
            "id_giat": 18372,
            "kode_giat": "7.01.01.2.02",
            "nama_giat": "Administrasi Keuangan Perangkat Daerah",
            "pagu_giat": 1321286375.0,
            "rinci_giat": null,
            "id_sub_giat": 60604,
            "kode_sub_giat": "7.01.01.2.02.0003",
            "nama_sub_giat": "Pelaksanaan Penatausahaan dan\r\n\nPengujian/Verifikasi Keuangan SKPD",
            "pagu": 25200000.0,
            "pagu_indikatif": 25200000.0,
            "rincian": null,
            "kode_bl": "688.688.4451.18372",
            "kode_sbl": "688.688.4451.18372.60604",
            "kunci_bl": 1,
            "kunci_bl_rinci": 1,
            "user_created": "Susanto, MD, S.Pd",
            "created_date": "30-01-2025",
            "created_time": "11:35",
            "user_updated": "Susanto, MD, S.Pd",
            "updated_date": "03-02-2025",
            "updated_time": "09:43",
            "is_locked": 0
        },
        {
            "id_sub_bl": 61489,
            "id_daerah": 473,
            "tahun": 2026,
            "id_unit": 688,
            "id_skpd": 688,
            "created_user": 23302,
            "kode_skpd": "7.01.0.00.0.00.07.0000",
            "nama_skpd": "Kecamatan Enggano",
            "id_urusan": 17,
            "kode_urusan": "7",
            "nama_urusan": "UNSUR KEWILAYAHAN",
            "id_bidang_urusan": 243,
            "kode_bidang_urusan": "7.01",
            "nama_bidang_urusan": "KECAMATAN",
            "id_sub_skpd": 688,
            "kode_sub_skpd": "7.01.0.00.0.00.07.0000",
            "nama_sub_skpd": "Kecamatan Enggano",
            "set_pagu_user": 23302,
            "set_pagu_at": "Thu, 26 Jun 2025 16:02:20 GMT",
            "id_program": 4451,
            "kode_program": "7.01.01",
            "nama_program": "PROGRAM PENUNJANG URUSAN PEMERINTAHAN DAERAH KABUPATEN/KOTA",
            "id_giat": 18372,
            "kode_giat": "7.01.01.2.02",
            "nama_giat": "Administrasi Keuangan Perangkat Daerah",
            "pagu_giat": 1321286375.0,
            "rinci_giat": null,
            "id_sub_giat": 60606,
            "kode_sub_giat": "7.01.01.2.02.0005",
            "nama_sub_giat": "Koordinasi dan Penyusunan Laporan Keuangan Akhir Tahun SKPD",
            "pagu": 8968200.0,
            "pagu_indikatif": 8968200.0,
            "rincian": null,
            "kode_bl": "688.688.4451.18372",
            "kode_sbl": "688.688.4451.18372.60606",
            "kunci_bl": 1,
            "kunci_bl_rinci": 1,
            "user_created": "Susanto, MD, S.Pd",
            "created_date": "30-01-2025",
            "created_time": "11:37",
            "user_updated": "Susanto, MD, S.Pd",
            "updated_date": "03-02-2025",
            "updated_time": "09:44",
            "is_locked": 0
        },
        {
            "id_sub_bl": 61490,
            "id_daerah": 473,
            "tahun": 2026,
            "id_unit": 688,
            "id_skpd": 688,
            "created_user": 23302,
            "kode_skpd": "7.01.0.00.0.00.07.0000",
            "nama_skpd": "Kecamatan Enggano",
            "id_urusan": 17,
            "kode_urusan": "7",
            "nama_urusan": "UNSUR KEWILAYAHAN",
            "id_bidang_urusan": 243,
            "kode_bidang_urusan": "7.01",
            "nama_bidang_urusan": "KECAMATAN",
            "id_sub_skpd": 688,
            "kode_sub_skpd": "7.01.0.00.0.00.07.0000",
            "nama_sub_skpd": "Kecamatan Enggano",
            "set_pagu_user": 23302,
            "set_pagu_at": "Thu, 26 Jun 2025 16:02:20 GMT",
            "id_program": 4451,
            "kode_program": "7.01.01",
            "nama_program": "PROGRAM PENUNJANG URUSAN PEMERINTAHAN DAERAH KABUPATEN/KOTA",
            "id_giat": 18372,
            "kode_giat": "7.01.01.2.02",
            "nama_giat": "Administrasi Keuangan Perangkat Daerah",
            "pagu_giat": 1321286375.0,
            "rinci_giat": null,
            "id_sub_giat": 60608,
            "kode_sub_giat": "7.01.01.2.02.0007",
            "nama_sub_giat": "Koordinasi dan Penyusunan Laporan Keuangan Bulanan/ Triwulanan/ Semesteran SKPD",
            "pagu": 24150000.0,
            "pagu_indikatif": 24150000.0,
            "rincian": null,
            "kode_bl": "688.688.4451.18372",
            "kode_sbl": "688.688.4451.18372.60608",
            "kunci_bl": 1,
            "kunci_bl_rinci": 1,
            "user_created": "Susanto, MD, S.Pd",
            "created_date": "30-01-2025",
            "created_time": "11:39",
            "user_updated": "Susanto, MD, S.Pd",
            "updated_date": "24-03-2025",
            "updated_time": "13:52",
            "is_locked": 0
        },
        {
            "id_sub_bl": 61491,
            "id_daerah": 473,
            "tahun": 2026,
            "id_unit": 688,
            "id_skpd": 688,
            "created_user": 23302,
            "kode_skpd": "7.01.0.00.0.00.07.0000",
            "nama_skpd": "Kecamatan Enggano",
            "id_urusan": 17,
            "kode_urusan": "7",
            "nama_urusan": "UNSUR KEWILAYAHAN",
            "id_bidang_urusan": 243,
            "kode_bidang_urusan": "7.01",
            "nama_bidang_urusan": "KECAMATAN",
            "id_sub_skpd": 688,
            "kode_sub_skpd": "7.01.0.00.0.00.07.0000",
            "nama_sub_skpd": "Kecamatan Enggano",
            "set_pagu_user": 23302,
            "set_pagu_at": "Thu, 26 Jun 2025 16:02:20 GMT",
            "id_program": 4451,
            "kode_program": "7.01.01",
            "nama_program": "PROGRAM PENUNJANG URUSAN PEMERINTAHAN DAERAH KABUPATEN/KOTA",
            "id_giat": 18373,
            "kode_giat": "7.01.01.2.03",
            "nama_giat": "Administrasi Barang Milik Daerah pada Perangkat Daerah",
            "pagu_giat": 25350000.0,
            "rinci_giat": null,
            "id_sub_giat": 60615,
            "kode_sub_giat": "7.01.01.2.03.0006",
            "nama_sub_giat": "Penatausahaan Barang Milik Daerah pada SKPD",
            "pagu": 25350000.0,
            "pagu_indikatif": 25350000.0,
            "rincian": null,
            "kode_bl": "688.688.4451.18373",
            "kode_sbl": "688.688.4451.18373.60615",
            "kunci_bl": 1,
            "kunci_bl_rinci": 1,
            "user_created": "Susanto, MD, S.Pd",
            "created_date": "30-01-2025",
            "created_time": "11:41",
            "user_updated": "Susanto, MD, S.Pd",
            "updated_date": "03-02-2025",
            "updated_time": "09:49",
            "is_locked": 0
        },
        {
            "id_sub_bl": 62873,
            "id_daerah": 473,
            "tahun": 2026,
            "id_unit": 688,
            "id_skpd": 688,
            "created_user": 23302,
            "kode_skpd": "7.01.0.00.0.00.07.0000",
            "nama_skpd": "Kecamatan Enggano",
            "id_urusan": 17,
            "kode_urusan": "7",
            "nama_urusan": "UNSUR KEWILAYAHAN",
            "id_bidang_urusan": 243,
            "kode_bidang_urusan": "7.01",
            "nama_bidang_urusan": "KECAMATAN",
            "id_sub_skpd": 688,
            "kode_sub_skpd": "7.01.0.00.0.00.07.0000",
            "nama_sub_skpd": "Kecamatan Enggano",
            "set_pagu_user": 23302,
            "set_pagu_at": "Thu, 26 Jun 2025 16:02:20 GMT",
            "id_program": 4451,
            "kode_program": "7.01.01",
            "nama_program": "PROGRAM PENUNJANG URUSAN PEMERINTAHAN DAERAH KABUPATEN/KOTA",
            "id_giat": 18375,
            "kode_giat": "7.01.01.2.05",
            "nama_giat": "Administrasi Kepegawaian Perangkat Daerah",
            "pagu_giat": 33500000.0,
            "rinci_giat": null,
            "id_sub_giat": 60625,
            "kode_sub_giat": "7.01.01.2.05.0002",
            "nama_sub_giat": "Pengadaan Pakaian Dinas beserta Atribut Kelengkapannya",
            "pagu": 8500000.0,
            "pagu_indikatif": 8500000.0,
            "rincian": null,
            "kode_bl": "688.688.4451.18375",
            "kode_sbl": "688.688.4451.18375.60625",
            "kunci_bl": 1,
            "kunci_bl_rinci": 1,
            "user_created": "Susanto, MD, S.Pd",
            "created_date": "31-01-2025",
            "created_time": "18:54",
            "user_updated": "Susanto, MD, S.Pd",
            "updated_date": "03-02-2025",
            "updated_time": "09:50",
            "is_locked": 0
        },
        {
            "id_sub_bl": 62871,
            "id_daerah": 473,
            "tahun": 2026,
            "id_unit": 688,
            "id_skpd": 688,
            "created_user": 23302,
            "kode_skpd": "7.01.0.00.0.00.07.0000",
            "nama_skpd": "Kecamatan Enggano",
            "id_urusan": 17,
            "kode_urusan": "7",
            "nama_urusan": "UNSUR KEWILAYAHAN",
            "id_bidang_urusan": 243,
            "kode_bidang_urusan": "7.01",
            "nama_bidang_urusan": "KECAMATAN",
            "id_sub_skpd": 688,
            "kode_sub_skpd": "7.01.0.00.0.00.07.0000",
            "nama_sub_skpd": "Kecamatan Enggano",
            "set_pagu_user": 23302,
            "set_pagu_at": "Thu, 26 Jun 2025 16:02:20 GMT",
            "id_program": 4451,
            "kode_program": "7.01.01",
            "nama_program": "PROGRAM PENUNJANG URUSAN PEMERINTAHAN DAERAH KABUPATEN/KOTA",
            "id_giat": 18375,
            "kode_giat": "7.01.01.2.05",
            "nama_giat": "Administrasi Kepegawaian Perangkat Daerah",
            "pagu_giat": 33500000.0,
            "rinci_giat": null,
            "id_sub_giat": 60632,
            "kode_sub_giat": "7.01.01.2.05.0009",
            "nama_sub_giat": "Pendidikan dan Pelatihan Pegawai Berdasarkan Tugas dan Fungsi",
            "pagu": 25000000.0,
            "pagu_indikatif": 25000000.0,
            "rincian": null,
            "kode_bl": "688.688.4451.18375",
            "kode_sbl": "688.688.4451.18375.60632",
            "kunci_bl": 1,
            "kunci_bl_rinci": 1,
            "user_created": "Susanto, MD, S.Pd",
            "created_date": "31-01-2025",
            "created_time": "18:44",
            "user_updated": "Susanto, MD, S.Pd",
            "updated_date": "03-02-2025",
            "updated_time": "09:51",
            "is_locked": 0
        },
        {
            "id_sub_bl": 62874,
            "id_daerah": 473,
            "tahun": 2026,
            "id_unit": 688,
            "id_skpd": 688,
            "created_user": 23302,
            "kode_skpd": "7.01.0.00.0.00.07.0000",
            "nama_skpd": "Kecamatan Enggano",
            "id_urusan": 17,
            "kode_urusan": "7",
            "nama_urusan": "UNSUR KEWILAYAHAN",
            "id_bidang_urusan": 243,
            "kode_bidang_urusan": "7.01",
            "nama_bidang_urusan": "KECAMATAN",
            "id_sub_skpd": 688,
            "kode_sub_skpd": "7.01.0.00.0.00.07.0000",
            "nama_sub_skpd": "Kecamatan Enggano",
            "set_pagu_user": 23302,
            "set_pagu_at": "Thu, 26 Jun 2025 16:02:20 GMT",
            "id_program": 4451,
            "kode_program": "7.01.01",
            "nama_program": "PROGRAM PENUNJANG URUSAN PEMERINTAHAN DAERAH KABUPATEN/KOTA",
            "id_giat": 18376,
            "kode_giat": "7.01.01.2.06",
            "nama_giat": "Administrasi Umum Perangkat Daerah",
            "pagu_giat": 117924204.0,
            "rinci_giat": null,
            "id_sub_giat": 60635,
            "kode_sub_giat": "7.01.01.2.06.0001",
            "nama_sub_giat": "Penyediaan Komponen Instalasi\r\n\nListrik/Penerangan Bangunan Kantor",
            "pagu": 5000000.0,
            "pagu_indikatif": 5000000.0,
            "rincian": null,
            "kode_bl": "688.688.4451.18376",
            "kode_sbl": "688.688.4451.18376.60635",
            "kunci_bl": 1,
            "kunci_bl_rinci": 1,
            "user_created": "Susanto, MD, S.Pd",
            "created_date": "31-01-2025",
            "created_time": "18:56",
            "user_updated": "Susanto, MD, S.Pd",
            "updated_date": "03-02-2025",
            "updated_time": "09:51",
            "is_locked": 0
        },
        {
            "id_sub_bl": 62875,
            "id_daerah": 473,
            "tahun": 2026,
            "id_unit": 688,
            "id_skpd": 688,
            "created_user": 23302,
            "kode_skpd": "7.01.0.00.0.00.07.0000",
            "nama_skpd": "Kecamatan Enggano",
            "id_urusan": 17,
            "kode_urusan": "7",
            "nama_urusan": "UNSUR KEWILAYAHAN",
            "id_bidang_urusan": 243,
            "kode_bidang_urusan": "7.01",
            "nama_bidang_urusan": "KECAMATAN",
            "id_sub_skpd": 688,
            "kode_sub_skpd": "7.01.0.00.0.00.07.0000",
            "nama_sub_skpd": "Kecamatan Enggano",
            "set_pagu_user": 23302,
            "set_pagu_at": "Thu, 26 Jun 2025 16:02:20 GMT",
            "id_program": 4451,
            "kode_program": "7.01.01",
            "nama_program": "PROGRAM PENUNJANG URUSAN PEMERINTAHAN DAERAH KABUPATEN/KOTA",
            "id_giat": 18376,
            "kode_giat": "7.01.01.2.06",
            "nama_giat": "Administrasi Umum Perangkat Daerah",
            "pagu_giat": 117924204.0,
            "rinci_giat": null,
            "id_sub_giat": 60637,
            "kode_sub_giat": "7.01.01.2.06.0003",
            "nama_sub_giat": "Penyediaan Peralatan Rumah Tangga",
            "pagu": 15000000.0,
            "pagu_indikatif": 15000000.0,
            "rincian": null,
            "kode_bl": "688.688.4451.18376",
            "kode_sbl": "688.688.4451.18376.60637",
            "kunci_bl": 1,
            "kunci_bl_rinci": 1,
            "user_created": "Susanto, MD, S.Pd",
            "created_date": "31-01-2025",
            "created_time": "18:58",
            "user_updated": "Susanto, MD, S.Pd",
            "updated_date": "24-03-2025",
            "updated_time": "13:33",
            "is_locked": 0
        },
        {
            "id_sub_bl": 62876,
            "id_daerah": 473,
            "tahun": 2026,
            "id_unit": 688,
            "id_skpd": 688,
            "created_user": 23302,
            "kode_skpd": "7.01.0.00.0.00.07.0000",
            "nama_skpd": "Kecamatan Enggano",
            "id_urusan": 17,
            "kode_urusan": "7",
            "nama_urusan": "UNSUR KEWILAYAHAN",
            "id_bidang_urusan": 243,
            "kode_bidang_urusan": "7.01",
            "nama_bidang_urusan": "KECAMATAN",
            "id_sub_skpd": 688,
            "kode_sub_skpd": "7.01.0.00.0.00.07.0000",
            "nama_sub_skpd": "Kecamatan Enggano",
            "set_pagu_user": 23302,
            "set_pagu_at": "Thu, 26 Jun 2025 16:02:20 GMT",
            "id_program": 4451,
            "kode_program": "7.01.01",
            "nama_program": "PROGRAM PENUNJANG URUSAN PEMERINTAHAN DAERAH KABUPATEN/KOTA",
            "id_giat": 18376,
            "kode_giat": "7.01.01.2.06",
            "nama_giat": "Administrasi Umum Perangkat Daerah",
            "pagu_giat": 117924204.0,
            "rinci_giat": null,
            "id_sub_giat": 60638,
            "kode_sub_giat": "7.01.01.2.06.0004",
            "nama_sub_giat": "Penyediaan Bahan Logistik Kantor",
            "pagu": 37000000.0,
            "pagu_indikatif": 37000000.0,
            "rincian": null,
            "kode_bl": "688.688.4451.18376",
            "kode_sbl": "688.688.4451.18376.60638",
            "kunci_bl": 1,
            "kunci_bl_rinci": 1,
            "user_created": "Susanto, MD, S.Pd",
            "created_date": "31-01-2025",
            "created_time": "19:00",
            "user_updated": "Susanto, MD, S.Pd",
            "updated_date": "03-02-2025",
            "updated_time": "09:53",
            "is_locked": 0
        },
        {
            "id_sub_bl": 62877,
            "id_daerah": 473,
            "tahun": 2026,
            "id_unit": 688,
            "id_skpd": 688,
            "created_user": 23302,
            "kode_skpd": "7.01.0.00.0.00.07.0000",
            "nama_skpd": "Kecamatan Enggano",
            "id_urusan": 17,
            "kode_urusan": "7",
            "nama_urusan": "UNSUR KEWILAYAHAN",
            "id_bidang_urusan": 243,
            "kode_bidang_urusan": "7.01",
            "nama_bidang_urusan": "KECAMATAN",
            "id_sub_skpd": 688,
            "kode_sub_skpd": "7.01.0.00.0.00.07.0000",
            "nama_sub_skpd": "Kecamatan Enggano",
            "set_pagu_user": 23302,
            "set_pagu_at": "Thu, 26 Jun 2025 16:02:20 GMT",
            "id_program": 4451,
            "kode_program": "7.01.01",
            "nama_program": "PROGRAM PENUNJANG URUSAN PEMERINTAHAN DAERAH KABUPATEN/KOTA",
            "id_giat": 18376,
            "kode_giat": "7.01.01.2.06",
            "nama_giat": "Administrasi Umum Perangkat Daerah",
            "pagu_giat": 117924204.0,
            "rinci_giat": null,
            "id_sub_giat": 60639,
            "kode_sub_giat": "7.01.01.2.06.0005",
            "nama_sub_giat": "Penyediaan Barang Cetakan dan Penggandaan",
            "pagu": 750000.0,
            "pagu_indikatif": 750000.0,
            "rincian": null,
            "kode_bl": "688.688.4451.18376",
            "kode_sbl": "688.688.4451.18376.60639",
            "kunci_bl": 1,
            "kunci_bl_rinci": 1,
            "user_created": "Susanto, MD, S.Pd",
            "created_date": "31-01-2025",
            "created_time": "19:01",
            "user_updated": "Susanto, MD, S.Pd",
            "updated_date": "03-02-2025",
            "updated_time": "09:54",
            "is_locked": 0
        },
        {
            "id_sub_bl": 62878,
            "id_daerah": 473,
            "tahun": 2026,
            "id_unit": 688,
            "id_skpd": 688,
            "created_user": 23302,
            "kode_skpd": "7.01.0.00.0.00.07.0000",
            "nama_skpd": "Kecamatan Enggano",
            "id_urusan": 17,
            "kode_urusan": "7",
            "nama_urusan": "UNSUR KEWILAYAHAN",
            "id_bidang_urusan": 243,
            "kode_bidang_urusan": "7.01",
            "nama_bidang_urusan": "KECAMATAN",
            "id_sub_skpd": 688,
            "kode_sub_skpd": "7.01.0.00.0.00.07.0000",
            "nama_sub_skpd": "Kecamatan Enggano",
            "set_pagu_user": 23302,
            "set_pagu_at": "Thu, 26 Jun 2025 16:02:20 GMT",
            "id_program": 4451,
            "kode_program": "7.01.01",
            "nama_program": "PROGRAM PENUNJANG URUSAN PEMERINTAHAN DAERAH KABUPATEN/KOTA",
            "id_giat": 18376,
            "kode_giat": "7.01.01.2.06",
            "nama_giat": "Administrasi Umum Perangkat Daerah",
            "pagu_giat": 117924204.0,
            "rinci_giat": null,
            "id_sub_giat": 60643,
            "kode_sub_giat": "7.01.01.2.06.0009",
            "nama_sub_giat": "Penyelenggaraan Rapat Koordinasi dan Konsultasi SKPD",
            "pagu": 60174204.0,
            "pagu_indikatif": 60174204.0,
            "rincian": null,
            "kode_bl": "688.688.4451.18376",
            "kode_sbl": "688.688.4451.18376.60643",
            "kunci_bl": 1,
            "kunci_bl_rinci": 1,
            "user_created": "Susanto, MD, S.Pd",
            "created_date": "31-01-2025",
            "created_time": "19:03",
            "user_updated": "Susanto, MD, S.Pd",
            "updated_date": "24-03-2025",
            "updated_time": "14:00",
            "is_locked": 0
        },
        {
            "id_sub_bl": 73210,
            "id_daerah": 473,
            "tahun": 2026,
            "id_unit": 688,
            "id_skpd": 688,
            "created_user": 23302,
            "kode_skpd": "7.01.0.00.0.00.07.0000",
            "nama_skpd": "Kecamatan Enggano",
            "id_urusan": 17,
            "kode_urusan": "7",
            "nama_urusan": "UNSUR KEWILAYAHAN",
            "id_bidang_urusan": 243,
            "kode_bidang_urusan": "7.01",
            "nama_bidang_urusan": "KECAMATAN",
            "id_sub_skpd": 688,
            "kode_sub_skpd": "7.01.0.00.0.00.07.0000",
            "nama_sub_skpd": "Kecamatan Enggano",
            "set_pagu_user": 23302,
            "set_pagu_at": "Thu, 26 Jun 2025 16:02:20 GMT",
            "id_program": 4451,
            "kode_program": "7.01.01",
            "nama_program": "PROGRAM PENUNJANG URUSAN PEMERINTAHAN DAERAH KABUPATEN/KOTA",
            "id_giat": 18377,
            "kode_giat": "7.01.01.2.07",
            "nama_giat": "Pengadaan Barang Milik Daerah Penunjang Urusan Pemerintah Daerah",
            "pagu_giat": 90000000.0,
            "rinci_giat": null,
            "id_sub_giat": 60647,
            "kode_sub_giat": "7.01.01.2.07.0002",
            "nama_sub_giat": "Pengadaan Kendaraan Dinas Operasional atau Lapangan",
            "pagu": 72000000.0,
            "pagu_indikatif": 72000000.0,
            "rincian": null,
            "kode_bl": "688.688.4451.18377",
            "kode_sbl": "688.688.4451.18377.60647",
            "kunci_bl": 1,
            "kunci_bl_rinci": 1,
            "user_created": "Susanto, MD, S.Pd",
            "created_date": "24-03-2025",
            "created_time": "14:07",
            "user_updated": null,
            "updated_date": null,
            "updated_time": null,
            "is_locked": 0
        },
        {
            "id_sub_bl": 62879,
            "id_daerah": 473,
            "tahun": 2026,
            "id_unit": 688,
            "id_skpd": 688,
            "created_user": 23302,
            "kode_skpd": "7.01.0.00.0.00.07.0000",
            "nama_skpd": "Kecamatan Enggano",
            "id_urusan": 17,
            "kode_urusan": "7",
            "nama_urusan": "UNSUR KEWILAYAHAN",
            "id_bidang_urusan": 243,
            "kode_bidang_urusan": "7.01",
            "nama_bidang_urusan": "KECAMATAN",
            "id_sub_skpd": 688,
            "kode_sub_skpd": "7.01.0.00.0.00.07.0000",
            "nama_sub_skpd": "Kecamatan Enggano",
            "set_pagu_user": 23302,
            "set_pagu_at": "Thu, 26 Jun 2025 16:02:20 GMT",
            "id_program": 4451,
            "kode_program": "7.01.01",
            "nama_program": "PROGRAM PENUNJANG URUSAN PEMERINTAHAN DAERAH KABUPATEN/KOTA",
            "id_giat": 18377,
            "kode_giat": "7.01.01.2.07",
            "nama_giat": "Pengadaan Barang Milik Daerah Penunjang Urusan Pemerintah Daerah",
            "pagu_giat": 90000000.0,
            "rinci_giat": null,
            "id_sub_giat": 60650,
            "kode_sub_giat": "7.01.01.2.07.0005",
            "nama_sub_giat": "Pengadaan Mebel",
            "pagu": 8000000.0,
            "pagu_indikatif": 8000000.0,
            "rincian": null,
            "kode_bl": "688.688.4451.18377",
            "kode_sbl": "688.688.4451.18377.60650",
            "kunci_bl": 1,
            "kunci_bl_rinci": 1,
            "user_created": "Susanto, MD, S.Pd",
            "created_date": "31-01-2025",
            "created_time": "19:05",
            "user_updated": "Susanto, MD, S.Pd",
            "updated_date": "03-02-2025",
            "updated_time": "09:55",
            "is_locked": 0
        },
        {
            "id_sub_bl": 62880,
            "id_daerah": 473,
            "tahun": 2026,
            "id_unit": 688,
            "id_skpd": 688,
            "created_user": 23302,
            "kode_skpd": "7.01.0.00.0.00.07.0000",
            "nama_skpd": "Kecamatan Enggano",
            "id_urusan": 17,
            "kode_urusan": "7",
            "nama_urusan": "UNSUR KEWILAYAHAN",
            "id_bidang_urusan": 243,
            "kode_bidang_urusan": "7.01",
            "nama_bidang_urusan": "KECAMATAN",
            "id_sub_skpd": 688,
            "kode_sub_skpd": "7.01.0.00.0.00.07.0000",
            "nama_sub_skpd": "Kecamatan Enggano",
            "set_pagu_user": 23302,
            "set_pagu_at": "Thu, 26 Jun 2025 16:02:20 GMT",
            "id_program": 4451,
            "kode_program": "7.01.01",
            "nama_program": "PROGRAM PENUNJANG URUSAN PEMERINTAHAN DAERAH KABUPATEN/KOTA",
            "id_giat": 18377,
            "kode_giat": "7.01.01.2.07",
            "nama_giat": "Pengadaan Barang Milik Daerah Penunjang Urusan Pemerintah Daerah",
            "pagu_giat": 90000000.0,
            "rinci_giat": null,
            "id_sub_giat": 60651,
            "kode_sub_giat": "7.01.01.2.07.0006",
            "nama_sub_giat": "Pengadaan Peralatan dan Mesin Lainnya",
            "pagu": 10000000.0,
            "pagu_indikatif": 10000000.0,
            "rincian": null,
            "kode_bl": "688.688.4451.18377",
            "kode_sbl": "688.688.4451.18377.60651",
            "kunci_bl": 1,
            "kunci_bl_rinci": 1,
            "user_created": "Susanto, MD, S.Pd",
            "created_date": "31-01-2025",
            "created_time": "19:06",
            "user_updated": "Susanto, MD, S.Pd",
            "updated_date": "24-03-2025",
            "updated_time": "13:52",
            "is_locked": 0
        },
        {
            "id_sub_bl": 62881,
            "id_daerah": 473,
            "tahun": 2026,
            "id_unit": 688,
            "id_skpd": 688,
            "created_user": 23302,
            "kode_skpd": "7.01.0.00.0.00.07.0000",
            "nama_skpd": "Kecamatan Enggano",
            "id_urusan": 17,
            "kode_urusan": "7",
            "nama_urusan": "UNSUR KEWILAYAHAN",
            "id_bidang_urusan": 243,
            "kode_bidang_urusan": "7.01",
            "nama_bidang_urusan": "KECAMATAN",
            "id_sub_skpd": 688,
            "kode_sub_skpd": "7.01.0.00.0.00.07.0000",
            "nama_sub_skpd": "Kecamatan Enggano",
            "set_pagu_user": 23302,
            "set_pagu_at": "Thu, 26 Jun 2025 16:02:20 GMT",
            "id_program": 4451,
            "kode_program": "7.01.01",
            "nama_program": "PROGRAM PENUNJANG URUSAN PEMERINTAHAN DAERAH KABUPATEN/KOTA",
            "id_giat": 18378,
            "kode_giat": "7.01.01.2.08",
            "nama_giat": "Penyediaan Jasa Penunjang Urusan Pemerintahan Daerah",
            "pagu_giat": 152200000.0,
            "rinci_giat": null,
            "id_sub_giat": 60658,
            "kode_sub_giat": "7.01.01.2.08.0002",
            "nama_sub_giat": "Penyediaan Jasa Komunikasi, Sumber Daya Air dan Listrik",
            "pagu": 20200000.0,
            "pagu_indikatif": 20200000.0,
            "rincian": null,
            "kode_bl": "688.688.4451.18378",
            "kode_sbl": "688.688.4451.18378.60658",
            "kunci_bl": 1,
            "kunci_bl_rinci": 1,
            "user_created": "Susanto, MD, S.Pd",
            "created_date": "31-01-2025",
            "created_time": "19:08",
            "user_updated": "Susanto, MD, S.Pd",
            "updated_date": "03-02-2025",
            "updated_time": "09:57",
            "is_locked": 0
        },
        {
            "id_sub_bl": 62882,
            "id_daerah": 473,
            "tahun": 2026,
            "id_unit": 688,
            "id_skpd": 688,
            "created_user": 23302,
            "kode_skpd": "7.01.0.00.0.00.07.0000",
            "nama_skpd": "Kecamatan Enggano",
            "id_urusan": 17,
            "kode_urusan": "7",
            "nama_urusan": "UNSUR KEWILAYAHAN",
            "id_bidang_urusan": 243,
            "kode_bidang_urusan": "7.01",
            "nama_bidang_urusan": "KECAMATAN",
            "id_sub_skpd": 688,
            "kode_sub_skpd": "7.01.0.00.0.00.07.0000",
            "nama_sub_skpd": "Kecamatan Enggano",
            "set_pagu_user": 23302,
            "set_pagu_at": "Thu, 26 Jun 2025 16:02:20 GMT",
            "id_program": 4451,
            "kode_program": "7.01.01",
            "nama_program": "PROGRAM PENUNJANG URUSAN PEMERINTAHAN DAERAH KABUPATEN/KOTA",
            "id_giat": 18378,
            "kode_giat": "7.01.01.2.08",
            "nama_giat": "Penyediaan Jasa Penunjang Urusan Pemerintahan Daerah",
            "pagu_giat": 152200000.0,
            "rinci_giat": null,
            "id_sub_giat": 60660,
            "kode_sub_giat": "7.01.01.2.08.0004",
            "nama_sub_giat": "Penyediaan Jasa Pelayanan Umum Kantor",
            "pagu": 132000000.0,
            "pagu_indikatif": 132000000.0,
            "rincian": null,
            "kode_bl": "688.688.4451.18378",
            "kode_sbl": "688.688.4451.18378.60660",
            "kunci_bl": 1,
            "kunci_bl_rinci": 1,
            "user_created": "Susanto, MD, S.Pd",
            "created_date": "31-01-2025",
            "created_time": "19:10",
            "user_updated": "Susanto, MD, S.Pd",
            "updated_date": "24-03-2025",
            "updated_time": "14:02",
            "is_locked": 0
        },
        {
            "id_sub_bl": 62883,
            "id_daerah": 473,
            "tahun": 2026,
            "id_unit": 688,
            "id_skpd": 688,
            "created_user": 23302,
            "kode_skpd": "7.01.0.00.0.00.07.0000",
            "nama_skpd": "Kecamatan Enggano",
            "id_urusan": 17,
            "kode_urusan": "7",
            "nama_urusan": "UNSUR KEWILAYAHAN",
            "id_bidang_urusan": 243,
            "kode_bidang_urusan": "7.01",
            "nama_bidang_urusan": "KECAMATAN",
            "id_sub_skpd": 688,
            "kode_sub_skpd": "7.01.0.00.0.00.07.0000",
            "nama_sub_skpd": "Kecamatan Enggano",
            "set_pagu_user": 23302,
            "set_pagu_at": "Thu, 26 Jun 2025 16:02:20 GMT",
            "id_program": 4451,
            "kode_program": "7.01.01",
            "nama_program": "PROGRAM PENUNJANG URUSAN PEMERINTAHAN DAERAH KABUPATEN/KOTA",
            "id_giat": 18379,
            "kode_giat": "7.01.01.2.09",
            "nama_giat": "Pemeliharaan Barang Milik Daerah Penunjang Urusan Pemerintahan Daerah",
            "pagu_giat": 283996055.0,
            "rinci_giat": null,
            "id_sub_giat": 60662,
            "kode_sub_giat": "7.01.01.2.09.0002",
            "nama_sub_giat": "Penyediaan Jasa Pemeliharaan, Biaya Pemeliharaan, Pajak dan Perizinan Kendaraan Dinas Operasional atau Lapangan",
            "pagu": 25178055.0,
            "pagu_indikatif": 25178055.0,
            "rincian": null,
            "kode_bl": "688.688.4451.18379",
            "kode_sbl": "688.688.4451.18379.60662",
            "kunci_bl": 1,
            "kunci_bl_rinci": 1,
            "user_created": "Susanto, MD, S.Pd",
            "created_date": "31-01-2025",
            "created_time": "19:12",
            "user_updated": "Susanto, MD, S.Pd",
            "updated_date": "24-03-2025",
            "updated_time": "13:53",
            "is_locked": 0
        },
        {
            "id_sub_bl": 77235,
            "id_daerah": 473,
            "tahun": 2026,
            "id_unit": 688,
            "id_skpd": 688,
            "created_user": 23302,
            "kode_skpd": "7.01.0.00.0.00.07.0000",
            "nama_skpd": "Kecamatan Enggano",
            "id_urusan": 17,
            "kode_urusan": "7",
            "nama_urusan": "UNSUR KEWILAYAHAN",
            "id_bidang_urusan": 243,
            "kode_bidang_urusan": "7.01",
            "nama_bidang_urusan": "KECAMATAN",
            "id_sub_skpd": 688,
            "kode_sub_skpd": "7.01.0.00.0.00.07.0000",
            "nama_sub_skpd": "Kecamatan Enggano",
            "set_pagu_user": 23302,
            "set_pagu_at": "Thu, 26 Jun 2025 16:02:20 GMT",
            "id_program": 4451,
            "kode_program": "7.01.01",
            "nama_program": "PROGRAM PENUNJANG URUSAN PEMERINTAHAN DAERAH KABUPATEN/KOTA",
            "id_giat": 18379,
            "kode_giat": "7.01.01.2.09",
            "nama_giat": "Pemeliharaan Barang Milik Daerah Penunjang Urusan Pemerintahan Daerah",
            "pagu_giat": 283996055.0,
            "rinci_giat": null,
            "id_sub_giat": 60669,
            "kode_sub_giat": "7.01.01.2.09.0009",
            "nama_sub_giat": "Pemeliharaan/Rehabilitasi Gedung Kantor dan Bangunan Lainnya",
            "pagu": 229409000.0,
            "pagu_indikatif": 229409000.0,
            "rincian": null,
            "kode_bl": "688.688.4451.18379",
            "kode_sbl": "688.688.4451.18379.60669",
            "kunci_bl": 1,
            "kunci_bl_rinci": 1,
            "user_created": "Susanto, MD, S.Pd",
            "created_date": "26-06-2025",
            "created_time": "16:01",
            "user_updated": null,
            "updated_date": null,
            "updated_time": null,
            "is_locked": 0
        }
    ]