[
        {
            "id_sub_bl": 59763,
            "id_daerah": 473,
            "tahun": 2026,
            "id_unit": 705,
            "id_skpd": 705,
            "created_user": 229913,
            "kode_skpd": "7.01.0.00.0.00.10.0000",
            "nama_skpd": "Kecamatan Kerkap",
            "id_urusan": 17,
            "kode_urusan": "7",
            "nama_urusan": "UNSUR KEWILAYAHAN",
            "id_bidang_urusan": 243,
            "kode_bidang_urusan": "7.01",
            "nama_bidang_urusan": "KECAMATAN",
            "id_sub_skpd": 705,
            "kode_sub_skpd": "7.01.0.00.0.00.10.0000",
            "nama_sub_skpd": "Kecamatan Kerkap",
            "set_pagu_user": 229913,
            "set_pagu_at": "Thu, 26 Jun 2025 16:10:21 GMT",
            "id_program": 4418,
            "kode_program": "7.01.03",
            "nama_program": "PROGRAM PEMBERDAYAAN MASYARAKAT DESA DAN KELURAHAN",
            "id_giat": 18279,
            "kode_giat": "7.01.03.2.01",
            "nama_giat": "Koordinasi Kegiatan Pemberdayaan Desa",
            "pagu_giat": 17000000.0,
            "rinci_giat": null,
            "id_sub_giat": 59913,
            "kode_sub_giat": "7.01.03.2.01.0001",
            "nama_sub_giat": "Peningkatan Partisipasi Masyarakat dalam Forum Musyawarah Perencanaan Pembangunan di Desa",
            "pagu": 17000000.0,
            "pagu_indikatif": 17000000.0,
            "rincian": null,
            "kode_bl": "705.705.4418.18279",
            "kode_sbl": "705.705.4418.18279.59913",
            "kunci_bl": 1,
            "kunci_bl_rinci": 1,
            "user_created": "RAMDANI HALIAN, SH",
            "created_date": "22-01-2025",
            "created_time": "08:57",
            "user_updated": "RAMDANI HALIAN, SH",
            "updated_date": "03-02-2025",
            "updated_time": "19:38",
            "is_locked": 0
        },
        {
            "id_sub_bl": 59758,
            "id_daerah": 473,
            "tahun": 2026,
            "id_unit": 705,
            "id_skpd": 705,
            "created_user": 229913,
            "kode_skpd": "7.01.0.00.0.00.10.0000",
            "nama_skpd": "Kecamatan Kerkap",
            "id_urusan": 17,
            "kode_urusan": "7",
            "nama_urusan": "UNSUR KEWILAYAHAN",
            "id_bidang_urusan": 243,
            "kode_bidang_urusan": "7.01",
            "nama_bidang_urusan": "KECAMATAN",
            "id_sub_skpd": 705,
            "kode_sub_skpd": "7.01.0.00.0.00.10.0000",
            "nama_sub_skpd": "Kecamatan Kerkap",
            "set_pagu_user": 229913,
            "set_pagu_at": "Thu, 26 Jun 2025 16:10:21 GMT",
            "id_program": 4420,
            "kode_program": "7.01.04",
            "nama_program": "PROGRAM KOORDINASI KETENTRAMAN DAN KETERTIBAN UMUM",
            "id_giat": 18285,
            "kode_giat": "7.01.04.2.01",
            "nama_giat": "Koordinasi Upaya Penyelenggaraan Ketenteraman dan Ketertiban Umum",
            "pagu_giat": 18000000.0,
            "rinci_giat": null,
            "id_sub_giat": 59947,
            "kode_sub_giat": "7.01.04.2.01.0002",
            "nama_sub_giat": "Harmonisasi Hubungan dengan Tokoh Agama dan Tokoh Masyarakat",
            "pagu": 18000000.0,
            "pagu_indikatif": 18000000.0,
            "rincian": null,
            "kode_bl": "705.705.4420.18285",
            "kode_sbl": "705.705.4420.18285.59947",
            "kunci_bl": 1,
            "kunci_bl_rinci": 1,
            "user_created": "RAMDANI HALIAN, SH",
            "created_date": "22-01-2025",
            "created_time": "08:51",
            "user_updated": "RAMDANI HALIAN, SH",
            "updated_date": "03-02-2025",
            "updated_time": "19:39",
            "is_locked": 0
        },
        {
            "id_sub_bl": 73202,
            "id_daerah": 473,
            "tahun": 2026,
            "id_unit": 705,
            "id_skpd": 705,
            "created_user": 1677,
            "kode_skpd": "7.01.0.00.0.00.10.0000",
            "nama_skpd": "Kecamatan Kerkap",
            "id_urusan": 17,
            "kode_urusan": "7",
            "nama_urusan": "UNSUR KEWILAYAHAN",
            "id_bidang_urusan": 243,
            "kode_bidang_urusan": "7.01",
            "nama_bidang_urusan": "KECAMATAN",
            "id_sub_skpd": 705,
            "kode_sub_skpd": "7.01.0.00.0.00.10.0000",
            "nama_sub_skpd": "Kecamatan Kerkap",
            "set_pagu_user": 229913,
            "set_pagu_at": "Thu, 26 Jun 2025 16:10:21 GMT",
            "id_program": 4423,
            "kode_program": "7.01.06",
            "nama_program": "PROGRAM PEMBINAAN DAN PENGAWASAN PEMERINTAHAN DESA",
            "id_giat": 18290,
            "kode_giat": "7.01.06.2.01",
            "nama_giat": "Fasilitasi, Rekomendasi dan Koordinasi\n\nPembinaan dan Pengawasan Pemerintahan Desa",
            "pagu_giat": 497542659.0,
            "rinci_giat": null,
            "id_sub_giat": 59975,
            "kode_sub_giat": "7.01.06.2.01.0016",
            "nama_sub_giat": "Fasilitasi Penyusunan Program dan Pelaksanaan Pemberdayaan Masyarakat Desa",
            "pagu": 197542659.0,
            "pagu_indikatif": 197542659.0,
            "rincian": null,
            "kode_bl": "705.705.4423.18290",
            "kode_sbl": "705.705.4423.18290.59975",
            "kunci_bl": 1,
            "kunci_bl_rinci": 1,
            "user_created": "NETA YANTI, S.A.P",
            "created_date": "24-03-2025",
            "created_time": "12:40",
            "user_updated": "NETA YANTI, S.A.P",
            "updated_date": "24-03-2025",
            "updated_time": "12:42",
            "is_locked": 0
        },
        {
            "id_sub_bl": 59842,
            "id_daerah": 473,
            "tahun": 2026,
            "id_unit": 705,
            "id_skpd": 705,
            "created_user": 229913,
            "kode_skpd": "7.01.0.00.0.00.10.0000",
            "nama_skpd": "Kecamatan Kerkap",
            "id_urusan": 17,
            "kode_urusan": "7",
            "nama_urusan": "UNSUR KEWILAYAHAN",
            "id_bidang_urusan": 243,
            "kode_bidang_urusan": "7.01",
            "nama_bidang_urusan": "KECAMATAN",
            "id_sub_skpd": 705,
            "kode_sub_skpd": "7.01.0.00.0.00.10.0000",
            "nama_sub_skpd": "Kecamatan Kerkap",
            "set_pagu_user": 229913,
            "set_pagu_at": "Thu, 26 Jun 2025 16:10:21 GMT",
            "id_program": 4451,
            "kode_program": "7.01.01",
            "nama_program": "PROGRAM PENUNJANG URUSAN PEMERINTAHAN DAERAH KABUPATEN/KOTA",
            "id_giat": 18371,
            "kode_giat": "7.01.01.2.01",
            "nama_giat": "Perencanaan, Penganggaran, dan Evaluasi Kinerja Perangkat Daerah",
            "pagu_giat": 30733600.0,
            "rinci_giat": null,
            "id_sub_giat": 60589,
            "kode_sub_giat": "7.01.01.2.01.0001",
            "nama_sub_giat": "Penyusunan Dokumen Perencanaan Perangkat Daerah",
            "pagu": 20410000.0,
            "pagu_indikatif": 20410000.0,
            "rincian": null,
            "kode_bl": "705.705.4451.18371",
            "kode_sbl": "705.705.4451.18371.60589",
            "kunci_bl": 1,
            "kunci_bl_rinci": 1,
            "user_created": "RAMDANI HALIAN, SH",
            "created_date": "22-01-2025",
            "created_time": "10:25",
            "user_updated": "RAMDANI HALIAN, SH",
            "updated_date": "03-02-2025",
            "updated_time": "19:41",
            "is_locked": 0
        },
        {
            "id_sub_bl": 59845,
            "id_daerah": 473,
            "tahun": 2026,
            "id_unit": 705,
            "id_skpd": 705,
            "created_user": 229913,
            "kode_skpd": "7.01.0.00.0.00.10.0000",
            "nama_skpd": "Kecamatan Kerkap",
            "id_urusan": 17,
            "kode_urusan": "7",
            "nama_urusan": "UNSUR KEWILAYAHAN",
            "id_bidang_urusan": 243,
            "kode_bidang_urusan": "7.01",
            "nama_bidang_urusan": "KECAMATAN",
            "id_sub_skpd": 705,
            "kode_sub_skpd": "7.01.0.00.0.00.10.0000",
            "nama_sub_skpd": "Kecamatan Kerkap",
            "set_pagu_user": 229913,
            "set_pagu_at": "Thu, 26 Jun 2025 16:10:21 GMT",
            "id_program": 4451,
            "kode_program": "7.01.01",
            "nama_program": "PROGRAM PENUNJANG URUSAN PEMERINTAHAN DAERAH KABUPATEN/KOTA",
            "id_giat": 18371,
            "kode_giat": "7.01.01.2.01",
            "nama_giat": "Perencanaan, Penganggaran, dan Evaluasi Kinerja Perangkat Daerah",
            "pagu_giat": 30733600.0,
            "rinci_giat": null,
            "id_sub_giat": 60590,
            "kode_sub_giat": "7.01.01.2.01.0002",
            "nama_sub_giat": "Koordinasi dan Penyusunan Dokumen RKA-SKPD",
            "pagu": 3323600.0,
            "pagu_indikatif": 3323600.0,
            "rincian": null,
            "kode_bl": "705.705.4451.18371",
            "kode_sbl": "705.705.4451.18371.60590",
            "kunci_bl": 1,
            "kunci_bl_rinci": 1,
            "user_created": "RAMDANI HALIAN, SH",
            "created_date": "22-01-2025",
            "created_time": "10:28",
            "user_updated": "RAMDANI HALIAN, SH",
            "updated_date": "03-02-2025",
            "updated_time": "19:43",
            "is_locked": 0
        },
        {
            "id_sub_bl": 59851,
            "id_daerah": 473,
            "tahun": 2026,
            "id_unit": 705,
            "id_skpd": 705,
            "created_user": 229913,
            "kode_skpd": "7.01.0.00.0.00.10.0000",
            "nama_skpd": "Kecamatan Kerkap",
            "id_urusan": 17,
            "kode_urusan": "7",
            "nama_urusan": "UNSUR KEWILAYAHAN",
            "id_bidang_urusan": 243,
            "kode_bidang_urusan": "7.01",
            "nama_bidang_urusan": "KECAMATAN",
            "id_sub_skpd": 705,
            "kode_sub_skpd": "7.01.0.00.0.00.10.0000",
            "nama_sub_skpd": "Kecamatan Kerkap",
            "set_pagu_user": 229913,
            "set_pagu_at": "Thu, 26 Jun 2025 16:10:21 GMT",
            "id_program": 4451,
            "kode_program": "7.01.01",
            "nama_program": "PROGRAM PENUNJANG URUSAN PEMERINTAHAN DAERAH KABUPATEN/KOTA",
            "id_giat": 18371,
            "kode_giat": "7.01.01.2.01",
            "nama_giat": "Perencanaan, Penganggaran, dan Evaluasi Kinerja Perangkat Daerah",
            "pagu_giat": 30733600.0,
            "rinci_giat": null,
            "id_sub_giat": 60592,
            "kode_sub_giat": "7.01.01.2.01.0004",
            "nama_sub_giat": "Koordinasi dan Penyusunan DPA-SKPD",
            "pagu": 3000000.0,
            "pagu_indikatif": 3000000.0,
            "rincian": null,
            "kode_bl": "705.705.4451.18371",
            "kode_sbl": "705.705.4451.18371.60592",
            "kunci_bl": 1,
            "kunci_bl_rinci": 1,
            "user_created": "RAMDANI HALIAN, SH",
            "created_date": "22-01-2025",
            "created_time": "10:33",
            "user_updated": "RAMDANI HALIAN, SH",
            "updated_date": "03-02-2025",
            "updated_time": "19:43",
            "is_locked": 0
        },
        {
            "id_sub_bl": 59853,
            "id_daerah": 473,
            "tahun": 2026,
            "id_unit": 705,
            "id_skpd": 705,
            "created_user": 229913,
            "kode_skpd": "7.01.0.00.0.00.10.0000",
            "nama_skpd": "Kecamatan Kerkap",
            "id_urusan": 17,
            "kode_urusan": "7",
            "nama_urusan": "UNSUR KEWILAYAHAN",
            "id_bidang_urusan": 243,
            "kode_bidang_urusan": "7.01",
            "nama_bidang_urusan": "KECAMATAN",
            "id_sub_skpd": 705,
            "kode_sub_skpd": "7.01.0.00.0.00.10.0000",
            "nama_sub_skpd": "Kecamatan Kerkap",
            "set_pagu_user": 229913,
            "set_pagu_at": "Thu, 26 Jun 2025 16:10:21 GMT",
            "id_program": 4451,
            "kode_program": "7.01.01",
            "nama_program": "PROGRAM PENUNJANG URUSAN PEMERINTAHAN DAERAH KABUPATEN/KOTA",
            "id_giat": 18371,
            "kode_giat": "7.01.01.2.01",
            "nama_giat": "Perencanaan, Penganggaran, dan Evaluasi Kinerja Perangkat Daerah",
            "pagu_giat": 30733600.0,
            "rinci_giat": null,
            "id_sub_giat": 60594,
            "kode_sub_giat": "7.01.01.2.01.0006",
            "nama_sub_giat": "Koordinasi dan Penyusunan Laporan Capaian Kinerja dan Ikhtisar Realisasi Kinerja SKPD",
            "pagu": 2000000.0,
            "pagu_indikatif": 2000000.0,
            "rincian": null,
            "kode_bl": "705.705.4451.18371",
            "kode_sbl": "705.705.4451.18371.60594",
            "kunci_bl": 1,
            "kunci_bl_rinci": 1,
            "user_created": "RAMDANI HALIAN, SH",
            "created_date": "22-01-2025",
            "created_time": "10:35",
            "user_updated": "RAMDANI HALIAN, SH",
            "updated_date": "03-02-2025",
            "updated_time": "19:44",
            "is_locked": 0
        },
        {
            "id_sub_bl": 59855,
            "id_daerah": 473,
            "tahun": 2026,
            "id_unit": 705,
            "id_skpd": 705,
            "created_user": 229913,
            "kode_skpd": "7.01.0.00.0.00.10.0000",
            "nama_skpd": "Kecamatan Kerkap",
            "id_urusan": 17,
            "kode_urusan": "7",
            "nama_urusan": "UNSUR KEWILAYAHAN",
            "id_bidang_urusan": 243,
            "kode_bidang_urusan": "7.01",
            "nama_bidang_urusan": "KECAMATAN",
            "id_sub_skpd": 705,
            "kode_sub_skpd": "7.01.0.00.0.00.10.0000",
            "nama_sub_skpd": "Kecamatan Kerkap",
            "set_pagu_user": 229913,
            "set_pagu_at": "Thu, 26 Jun 2025 16:10:21 GMT",
            "id_program": 4451,
            "kode_program": "7.01.01",
            "nama_program": "PROGRAM PENUNJANG URUSAN PEMERINTAHAN DAERAH KABUPATEN/KOTA",
            "id_giat": 18371,
            "kode_giat": "7.01.01.2.01",
            "nama_giat": "Perencanaan, Penganggaran, dan Evaluasi Kinerja Perangkat Daerah",
            "pagu_giat": 30733600.0,
            "rinci_giat": null,
            "id_sub_giat": 60595,
            "kode_sub_giat": "7.01.01.2.01.0007",
            "nama_sub_giat": "Evaluasi Kinerja Perangkat Daerah",
            "pagu": 2000000.0,
            "pagu_indikatif": 2000000.0,
            "rincian": null,
            "kode_bl": "705.705.4451.18371",
            "kode_sbl": "705.705.4451.18371.60595",
            "kunci_bl": 1,
            "kunci_bl_rinci": 1,
            "user_created": "RAMDANI HALIAN, SH",
            "created_date": "22-01-2025",
            "created_time": "10:39",
            "user_updated": "RAMDANI HALIAN, SH",
            "updated_date": "03-02-2025",
            "updated_time": "19:44",
            "is_locked": 0
        },
        {
            "id_sub_bl": 59776,
            "id_daerah": 473,
            "tahun": 2026,
            "id_unit": 705,
            "id_skpd": 705,
            "created_user": 229913,
            "kode_skpd": "7.01.0.00.0.00.10.0000",
            "nama_skpd": "Kecamatan Kerkap",
            "id_urusan": 17,
            "kode_urusan": "7",
            "nama_urusan": "UNSUR KEWILAYAHAN",
            "id_bidang_urusan": 243,
            "kode_bidang_urusan": "7.01",
            "nama_bidang_urusan": "KECAMATAN",
            "id_sub_skpd": 705,
            "kode_sub_skpd": "7.01.0.00.0.00.10.0000",
            "nama_sub_skpd": "Kecamatan Kerkap",
            "set_pagu_user": 229913,
            "set_pagu_at": "Thu, 26 Jun 2025 16:10:21 GMT",
            "id_program": 4451,
            "kode_program": "7.01.01",
            "nama_program": "PROGRAM PENUNJANG URUSAN PEMERINTAHAN DAERAH KABUPATEN/KOTA",
            "id_giat": 18372,
            "kode_giat": "7.01.01.2.02",
            "nama_giat": "Administrasi Keuangan Perangkat Daerah",
            "pagu_giat": 1964599925.0,
            "rinci_giat": null,
            "id_sub_giat": 60602,
            "kode_sub_giat": "7.01.01.2.02.0001",
            "nama_sub_giat": "Penyediaan Gaji dan Tunjangan ASN",
            "pagu": 1901699925.0,
            "pagu_indikatif": 1901699925.0,
            "rincian": null,
            "kode_bl": "705.705.4451.18372",
            "kode_sbl": "705.705.4451.18372.60602",
            "kunci_bl": 1,
            "kunci_bl_rinci": 1,
            "user_created": "RAMDANI HALIAN, SH",
            "created_date": "22-01-2025",
            "created_time": "09:10",
            "user_updated": "RAMDANI HALIAN, SH",
            "updated_date": "03-02-2025",
            "updated_time": "20:11",
            "is_locked": 0
        },
        {
            "id_sub_bl": 59792,
            "id_daerah": 473,
            "tahun": 2026,
            "id_unit": 705,
            "id_skpd": 705,
            "created_user": 229913,
            "kode_skpd": "7.01.0.00.0.00.10.0000",
            "nama_skpd": "Kecamatan Kerkap",
            "id_urusan": 17,
            "kode_urusan": "7",
            "nama_urusan": "UNSUR KEWILAYAHAN",
            "id_bidang_urusan": 243,
            "kode_bidang_urusan": "7.01",
            "nama_bidang_urusan": "KECAMATAN",
            "id_sub_skpd": 705,
            "kode_sub_skpd": "7.01.0.00.0.00.10.0000",
            "nama_sub_skpd": "Kecamatan Kerkap",
            "set_pagu_user": 229913,
            "set_pagu_at": "Thu, 26 Jun 2025 16:10:21 GMT",
            "id_program": 4451,
            "kode_program": "7.01.01",
            "nama_program": "PROGRAM PENUNJANG URUSAN PEMERINTAHAN DAERAH KABUPATEN/KOTA",
            "id_giat": 18372,
            "kode_giat": "7.01.01.2.02",
            "nama_giat": "Administrasi Keuangan Perangkat Daerah",
            "pagu_giat": 1964599925.0,
            "rinci_giat": null,
            "id_sub_giat": 60604,
            "kode_sub_giat": "7.01.01.2.02.0003",
            "nama_sub_giat": "Pelaksanaan Penatausahaan dan\r\n\nPengujian/Verifikasi Keuangan SKPD",
            "pagu": 54300000.0,
            "pagu_indikatif": 54300000.0,
            "rincian": null,
            "kode_bl": "705.705.4451.18372",
            "kode_sbl": "705.705.4451.18372.60604",
            "kunci_bl": 1,
            "kunci_bl_rinci": 1,
            "user_created": "RAMDANI HALIAN, SH",
            "created_date": "22-01-2025",
            "created_time": "09:29",
            "user_updated": "RAMDANI HALIAN, SH",
            "updated_date": "03-02-2025",
            "updated_time": "19:49",
            "is_locked": 0
        },
        {
            "id_sub_bl": 59809,
            "id_daerah": 473,
            "tahun": 2026,
            "id_unit": 705,
            "id_skpd": 705,
            "created_user": 229913,
            "kode_skpd": "7.01.0.00.0.00.10.0000",
            "nama_skpd": "Kecamatan Kerkap",
            "id_urusan": 17,
            "kode_urusan": "7",
            "nama_urusan": "UNSUR KEWILAYAHAN",
            "id_bidang_urusan": 243,
            "kode_bidang_urusan": "7.01",
            "nama_bidang_urusan": "KECAMATAN",
            "id_sub_skpd": 705,
            "kode_sub_skpd": "7.01.0.00.0.00.10.0000",
            "nama_sub_skpd": "Kecamatan Kerkap",
            "set_pagu_user": 229913,
            "set_pagu_at": "Thu, 26 Jun 2025 16:10:21 GMT",
            "id_program": 4451,
            "kode_program": "7.01.01",
            "nama_program": "PROGRAM PENUNJANG URUSAN PEMERINTAHAN DAERAH KABUPATEN/KOTA",
            "id_giat": 18372,
            "kode_giat": "7.01.01.2.02",
            "nama_giat": "Administrasi Keuangan Perangkat Daerah",
            "pagu_giat": 1964599925.0,
            "rinci_giat": null,
            "id_sub_giat": 60606,
            "kode_sub_giat": "7.01.01.2.02.0005",
            "nama_sub_giat": "Koordinasi dan Penyusunan Laporan Keuangan Akhir Tahun SKPD",
            "pagu": 4000000.0,
            "pagu_indikatif": 4000000.0,
            "rincian": null,
            "kode_bl": "705.705.4451.18372",
            "kode_sbl": "705.705.4451.18372.60606",
            "kunci_bl": 1,
            "kunci_bl_rinci": 1,
            "user_created": "RAMDANI HALIAN, SH",
            "created_date": "22-01-2025",
            "created_time": "09:43",
            "user_updated": "RAMDANI HALIAN, SH",
            "updated_date": "03-02-2025",
            "updated_time": "20:12",
            "is_locked": 0
        },
        {
            "id_sub_bl": 59815,
            "id_daerah": 473,
            "tahun": 2026,
            "id_unit": 705,
            "id_skpd": 705,
            "created_user": 229913,
            "kode_skpd": "7.01.0.00.0.00.10.0000",
            "nama_skpd": "Kecamatan Kerkap",
            "id_urusan": 17,
            "kode_urusan": "7",
            "nama_urusan": "UNSUR KEWILAYAHAN",
            "id_bidang_urusan": 243,
            "kode_bidang_urusan": "7.01",
            "nama_bidang_urusan": "KECAMATAN",
            "id_sub_skpd": 705,
            "kode_sub_skpd": "7.01.0.00.0.00.10.0000",
            "nama_sub_skpd": "Kecamatan Kerkap",
            "set_pagu_user": 229913,
            "set_pagu_at": "Thu, 26 Jun 2025 16:10:21 GMT",
            "id_program": 4451,
            "kode_program": "7.01.01",
            "nama_program": "PROGRAM PENUNJANG URUSAN PEMERINTAHAN DAERAH KABUPATEN/KOTA",
            "id_giat": 18372,
            "kode_giat": "7.01.01.2.02",
            "nama_giat": "Administrasi Keuangan Perangkat Daerah",
            "pagu_giat": 1964599925.0,
            "rinci_giat": null,
            "id_sub_giat": 60608,
            "kode_sub_giat": "7.01.01.2.02.0007",
            "nama_sub_giat": "Koordinasi dan Penyusunan Laporan Keuangan Bulanan/ Triwulanan/ Semesteran SKPD",
            "pagu": 4600000.0,
            "pagu_indikatif": 4600000.0,
            "rincian": null,
            "kode_bl": "705.705.4451.18372",
            "kode_sbl": "705.705.4451.18372.60608",
            "kunci_bl": 1,
            "kunci_bl_rinci": 1,
            "user_created": "RAMDANI HALIAN, SH",
            "created_date": "22-01-2025",
            "created_time": "09:48",
            "user_updated": "RAMDANI HALIAN, SH",
            "updated_date": "03-02-2025",
            "updated_time": "19:50",
            "is_locked": 0
        },
        {
            "id_sub_bl": 59861,
            "id_daerah": 473,
            "tahun": 2026,
            "id_unit": 705,
            "id_skpd": 705,
            "created_user": 229913,
            "kode_skpd": "7.01.0.00.0.00.10.0000",
            "nama_skpd": "Kecamatan Kerkap",
            "id_urusan": 17,
            "kode_urusan": "7",
            "nama_urusan": "UNSUR KEWILAYAHAN",
            "id_bidang_urusan": 243,
            "kode_bidang_urusan": "7.01",
            "nama_bidang_urusan": "KECAMATAN",
            "id_sub_skpd": 705,
            "kode_sub_skpd": "7.01.0.00.0.00.10.0000",
            "nama_sub_skpd": "Kecamatan Kerkap",
            "set_pagu_user": 229913,
            "set_pagu_at": "Thu, 26 Jun 2025 16:10:21 GMT",
            "id_program": 4451,
            "kode_program": "7.01.01",
            "nama_program": "PROGRAM PENUNJANG URUSAN PEMERINTAHAN DAERAH KABUPATEN/KOTA",
            "id_giat": 18373,
            "kode_giat": "7.01.01.2.03",
            "nama_giat": "Administrasi Barang Milik Daerah pada Perangkat Daerah",
            "pagu_giat": 28710000.0,
            "rinci_giat": null,
            "id_sub_giat": 60615,
            "kode_sub_giat": "7.01.01.2.03.0006",
            "nama_sub_giat": "Penatausahaan Barang Milik Daerah pada SKPD",
            "pagu": 28710000.0,
            "pagu_indikatif": 28710000.0,
            "rincian": null,
            "kode_bl": "705.705.4451.18373",
            "kode_sbl": "705.705.4451.18373.60615",
            "kunci_bl": 1,
            "kunci_bl_rinci": 1,
            "user_created": "RAMDANI HALIAN, SH",
            "created_date": "22-01-2025",
            "created_time": "10:46",
            "user_updated": "RAMDANI HALIAN, SH",
            "updated_date": "03-02-2025",
            "updated_time": "19:51",
            "is_locked": 0
        },
        {
            "id_sub_bl": 59876,
            "id_daerah": 473,
            "tahun": 2026,
            "id_unit": 705,
            "id_skpd": 705,
            "created_user": 229913,
            "kode_skpd": "7.01.0.00.0.00.10.0000",
            "nama_skpd": "Kecamatan Kerkap",
            "id_urusan": 17,
            "kode_urusan": "7",
            "nama_urusan": "UNSUR KEWILAYAHAN",
            "id_bidang_urusan": 243,
            "kode_bidang_urusan": "7.01",
            "nama_bidang_urusan": "KECAMATAN",
            "id_sub_skpd": 705,
            "kode_sub_skpd": "7.01.0.00.0.00.10.0000",
            "nama_sub_skpd": "Kecamatan Kerkap",
            "set_pagu_user": 229913,
            "set_pagu_at": "Thu, 26 Jun 2025 16:10:21 GMT",
            "id_program": 4451,
            "kode_program": "7.01.01",
            "nama_program": "PROGRAM PENUNJANG URUSAN PEMERINTAHAN DAERAH KABUPATEN/KOTA",
            "id_giat": 18376,
            "kode_giat": "7.01.01.2.06",
            "nama_giat": "Administrasi Umum Perangkat Daerah",
            "pagu_giat": 55899977.0,
            "rinci_giat": null,
            "id_sub_giat": 60635,
            "kode_sub_giat": "7.01.01.2.06.0001",
            "nama_sub_giat": "Penyediaan Komponen Instalasi\r\n\nListrik/Penerangan Bangunan Kantor",
            "pagu": 2000000.0,
            "pagu_indikatif": 2000000.0,
            "rincian": null,
            "kode_bl": "705.705.4451.18376",
            "kode_sbl": "705.705.4451.18376.60635",
            "kunci_bl": 1,
            "kunci_bl_rinci": 1,
            "user_created": "RAMDANI HALIAN, SH",
            "created_date": "22-01-2025",
            "created_time": "10:58",
            "user_updated": "RAMDANI HALIAN, SH",
            "updated_date": "03-02-2025",
            "updated_time": "19:52",
            "is_locked": 0
        },
        {
            "id_sub_bl": 59879,
            "id_daerah": 473,
            "tahun": 2026,
            "id_unit": 705,
            "id_skpd": 705,
            "created_user": 229913,
            "kode_skpd": "7.01.0.00.0.00.10.0000",
            "nama_skpd": "Kecamatan Kerkap",
            "id_urusan": 17,
            "kode_urusan": "7",
            "nama_urusan": "UNSUR KEWILAYAHAN",
            "id_bidang_urusan": 243,
            "kode_bidang_urusan": "7.01",
            "nama_bidang_urusan": "KECAMATAN",
            "id_sub_skpd": 705,
            "kode_sub_skpd": "7.01.0.00.0.00.10.0000",
            "nama_sub_skpd": "Kecamatan Kerkap",
            "set_pagu_user": 229913,
            "set_pagu_at": "Thu, 26 Jun 2025 16:10:21 GMT",
            "id_program": 4451,
            "kode_program": "7.01.01",
            "nama_program": "PROGRAM PENUNJANG URUSAN PEMERINTAHAN DAERAH KABUPATEN/KOTA",
            "id_giat": 18376,
            "kode_giat": "7.01.01.2.06",
            "nama_giat": "Administrasi Umum Perangkat Daerah",
            "pagu_giat": 55899977.0,
            "rinci_giat": null,
            "id_sub_giat": 60636,
            "kode_sub_giat": "7.01.01.2.06.0002",
            "nama_sub_giat": "Penyediaan Peralatan dan Perlengkapan Kantor",
            "pagu": 2000000.0,
            "pagu_indikatif": 2000000.0,
            "rincian": null,
            "kode_bl": "705.705.4451.18376",
            "kode_sbl": "705.705.4451.18376.60636",
            "kunci_bl": 1,
            "kunci_bl_rinci": 1,
            "user_created": "RAMDANI HALIAN, SH",
            "created_date": "22-01-2025",
            "created_time": "10:59",
            "user_updated": "RAMDANI HALIAN, SH",
            "updated_date": "03-02-2025",
            "updated_time": "19:53",
            "is_locked": 0
        },
        {
            "id_sub_bl": 59881,
            "id_daerah": 473,
            "tahun": 2026,
            "id_unit": 705,
            "id_skpd": 705,
            "created_user": 229913,
            "kode_skpd": "7.01.0.00.0.00.10.0000",
            "nama_skpd": "Kecamatan Kerkap",
            "id_urusan": 17,
            "kode_urusan": "7",
            "nama_urusan": "UNSUR KEWILAYAHAN",
            "id_bidang_urusan": 243,
            "kode_bidang_urusan": "7.01",
            "nama_bidang_urusan": "KECAMATAN",
            "id_sub_skpd": 705,
            "kode_sub_skpd": "7.01.0.00.0.00.10.0000",
            "nama_sub_skpd": "Kecamatan Kerkap",
            "set_pagu_user": 229913,
            "set_pagu_at": "Thu, 26 Jun 2025 16:10:21 GMT",
            "id_program": 4451,
            "kode_program": "7.01.01",
            "nama_program": "PROGRAM PENUNJANG URUSAN PEMERINTAHAN DAERAH KABUPATEN/KOTA",
            "id_giat": 18376,
            "kode_giat": "7.01.01.2.06",
            "nama_giat": "Administrasi Umum Perangkat Daerah",
            "pagu_giat": 55899977.0,
            "rinci_giat": null,
            "id_sub_giat": 60637,
            "kode_sub_giat": "7.01.01.2.06.0003",
            "nama_sub_giat": "Penyediaan Peralatan Rumah Tangga",
            "pagu": 3000000.0,
            "pagu_indikatif": 3000000.0,
            "rincian": null,
            "kode_bl": "705.705.4451.18376",
            "kode_sbl": "705.705.4451.18376.60637",
            "kunci_bl": 1,
            "kunci_bl_rinci": 1,
            "user_created": "RAMDANI HALIAN, SH",
            "created_date": "22-01-2025",
            "created_time": "11:01",
            "user_updated": "RAMDANI HALIAN, SH",
            "updated_date": "03-02-2025",
            "updated_time": "19:53",
            "is_locked": 0
        },
        {
            "id_sub_bl": 59883,
            "id_daerah": 473,
            "tahun": 2026,
            "id_unit": 705,
            "id_skpd": 705,
            "created_user": 229913,
            "kode_skpd": "7.01.0.00.0.00.10.0000",
            "nama_skpd": "Kecamatan Kerkap",
            "id_urusan": 17,
            "kode_urusan": "7",
            "nama_urusan": "UNSUR KEWILAYAHAN",
            "id_bidang_urusan": 243,
            "kode_bidang_urusan": "7.01",
            "nama_bidang_urusan": "KECAMATAN",
            "id_sub_skpd": 705,
            "kode_sub_skpd": "7.01.0.00.0.00.10.0000",
            "nama_sub_skpd": "Kecamatan Kerkap",
            "set_pagu_user": 229913,
            "set_pagu_at": "Thu, 26 Jun 2025 16:10:21 GMT",
            "id_program": 4451,
            "kode_program": "7.01.01",
            "nama_program": "PROGRAM PENUNJANG URUSAN PEMERINTAHAN DAERAH KABUPATEN/KOTA",
            "id_giat": 18376,
            "kode_giat": "7.01.01.2.06",
            "nama_giat": "Administrasi Umum Perangkat Daerah",
            "pagu_giat": 55899977.0,
            "rinci_giat": null,
            "id_sub_giat": 60638,
            "kode_sub_giat": "7.01.01.2.06.0004",
            "nama_sub_giat": "Penyediaan Bahan Logistik Kantor",
            "pagu": 16000000.0,
            "pagu_indikatif": 16000000.0,
            "rincian": null,
            "kode_bl": "705.705.4451.18376",
            "kode_sbl": "705.705.4451.18376.60638",
            "kunci_bl": 1,
            "kunci_bl_rinci": 1,
            "user_created": "RAMDANI HALIAN, SH",
            "created_date": "22-01-2025",
            "created_time": "11:02",
            "user_updated": "RAMDANI HALIAN, SH",
            "updated_date": "03-02-2025",
            "updated_time": "19:54",
            "is_locked": 0
        },
        {
            "id_sub_bl": 59884,
            "id_daerah": 473,
            "tahun": 2026,
            "id_unit": 705,
            "id_skpd": 705,
            "created_user": 229913,
            "kode_skpd": "7.01.0.00.0.00.10.0000",
            "nama_skpd": "Kecamatan Kerkap",
            "id_urusan": 17,
            "kode_urusan": "7",
            "nama_urusan": "UNSUR KEWILAYAHAN",
            "id_bidang_urusan": 243,
            "kode_bidang_urusan": "7.01",
            "nama_bidang_urusan": "KECAMATAN",
            "id_sub_skpd": 705,
            "kode_sub_skpd": "7.01.0.00.0.00.10.0000",
            "nama_sub_skpd": "Kecamatan Kerkap",
            "set_pagu_user": 229913,
            "set_pagu_at": "Thu, 26 Jun 2025 16:10:21 GMT",
            "id_program": 4451,
            "kode_program": "7.01.01",
            "nama_program": "PROGRAM PENUNJANG URUSAN PEMERINTAHAN DAERAH KABUPATEN/KOTA",
            "id_giat": 18376,
            "kode_giat": "7.01.01.2.06",
            "nama_giat": "Administrasi Umum Perangkat Daerah",
            "pagu_giat": 55899977.0,
            "rinci_giat": null,
            "id_sub_giat": 60639,
            "kode_sub_giat": "7.01.01.2.06.0005",
            "nama_sub_giat": "Penyediaan Barang Cetakan dan Penggandaan",
            "pagu": 2730000.0,
            "pagu_indikatif": 2730000.0,
            "rincian": null,
            "kode_bl": "705.705.4451.18376",
            "kode_sbl": "705.705.4451.18376.60639",
            "kunci_bl": 1,
            "kunci_bl_rinci": 1,
            "user_created": "RAMDANI HALIAN, SH",
            "created_date": "22-01-2025",
            "created_time": "11:04",
            "user_updated": "RAMDANI HALIAN, SH",
            "updated_date": "03-02-2025",
            "updated_time": "19:55",
            "is_locked": 0
        },
        {
            "id_sub_bl": 59886,
            "id_daerah": 473,
            "tahun": 2026,
            "id_unit": 705,
            "id_skpd": 705,
            "created_user": 229913,
            "kode_skpd": "7.01.0.00.0.00.10.0000",
            "nama_skpd": "Kecamatan Kerkap",
            "id_urusan": 17,
            "kode_urusan": "7",
            "nama_urusan": "UNSUR KEWILAYAHAN",
            "id_bidang_urusan": 243,
            "kode_bidang_urusan": "7.01",
            "nama_bidang_urusan": "KECAMATAN",
            "id_sub_skpd": 705,
            "kode_sub_skpd": "7.01.0.00.0.00.10.0000",
            "nama_sub_skpd": "Kecamatan Kerkap",
            "set_pagu_user": 229913,
            "set_pagu_at": "Thu, 26 Jun 2025 16:10:21 GMT",
            "id_program": 4451,
            "kode_program": "7.01.01",
            "nama_program": "PROGRAM PENUNJANG URUSAN PEMERINTAHAN DAERAH KABUPATEN/KOTA",
            "id_giat": 18376,
            "kode_giat": "7.01.01.2.06",
            "nama_giat": "Administrasi Umum Perangkat Daerah",
            "pagu_giat": 55899977.0,
            "rinci_giat": null,
            "id_sub_giat": 60640,
            "kode_sub_giat": "7.01.01.2.06.0006",
            "nama_sub_giat": "Penyediaan Bahan Bacaan dan Peraturan Perundang-undangan",
            "pagu": 5169977.0,
            "pagu_indikatif": 5169977.0,
            "rincian": null,
            "kode_bl": "705.705.4451.18376",
            "kode_sbl": "705.705.4451.18376.60640",
            "kunci_bl": 1,
            "kunci_bl_rinci": 1,
            "user_created": "RAMDANI HALIAN, SH",
            "created_date": "22-01-2025",
            "created_time": "11:06",
            "user_updated": "RAMDANI HALIAN, SH",
            "updated_date": "03-02-2025",
            "updated_time": "19:56",
            "is_locked": 0
        },
        {
            "id_sub_bl": 59874,
            "id_daerah": 473,
            "tahun": 2026,
            "id_unit": 705,
            "id_skpd": 705,
            "created_user": 229913,
            "kode_skpd": "7.01.0.00.0.00.10.0000",
            "nama_skpd": "Kecamatan Kerkap",
            "id_urusan": 17,
            "kode_urusan": "7",
            "nama_urusan": "UNSUR KEWILAYAHAN",
            "id_bidang_urusan": 243,
            "kode_bidang_urusan": "7.01",
            "nama_bidang_urusan": "KECAMATAN",
            "id_sub_skpd": 705,
            "kode_sub_skpd": "7.01.0.00.0.00.10.0000",
            "nama_sub_skpd": "Kecamatan Kerkap",
            "set_pagu_user": 229913,
            "set_pagu_at": "Thu, 26 Jun 2025 16:10:21 GMT",
            "id_program": 4451,
            "kode_program": "7.01.01",
            "nama_program": "PROGRAM PENUNJANG URUSAN PEMERINTAHAN DAERAH KABUPATEN/KOTA",
            "id_giat": 18376,
            "kode_giat": "7.01.01.2.06",
            "nama_giat": "Administrasi Umum Perangkat Daerah",
            "pagu_giat": 55899977.0,
            "rinci_giat": null,
            "id_sub_giat": 60643,
            "kode_sub_giat": "7.01.01.2.06.0009",
            "nama_sub_giat": "Penyelenggaraan Rapat Koordinasi dan Konsultasi SKPD",
            "pagu": 25000000.0,
            "pagu_indikatif": 25000000.0,
            "rincian": null,
            "kode_bl": "705.705.4451.18376",
            "kode_sbl": "705.705.4451.18376.60643",
            "kunci_bl": 1,
            "kunci_bl_rinci": 1,
            "user_created": "RAMDANI HALIAN, SH",
            "created_date": "22-01-2025",
            "created_time": "10:56",
            "user_updated": "RAMDANI HALIAN, SH",
            "updated_date": "03-02-2025",
            "updated_time": "19:57",
            "is_locked": 0
        },
        {
            "id_sub_bl": 59863,
            "id_daerah": 473,
            "tahun": 2026,
            "id_unit": 705,
            "id_skpd": 705,
            "created_user": 229913,
            "kode_skpd": "7.01.0.00.0.00.10.0000",
            "nama_skpd": "Kecamatan Kerkap",
            "id_urusan": 17,
            "kode_urusan": "7",
            "nama_urusan": "UNSUR KEWILAYAHAN",
            "id_bidang_urusan": 243,
            "kode_bidang_urusan": "7.01",
            "nama_bidang_urusan": "KECAMATAN",
            "id_sub_skpd": 705,
            "kode_sub_skpd": "7.01.0.00.0.00.10.0000",
            "nama_sub_skpd": "Kecamatan Kerkap",
            "set_pagu_user": 229913,
            "set_pagu_at": "Thu, 26 Jun 2025 16:10:21 GMT",
            "id_program": 4451,
            "kode_program": "7.01.01",
            "nama_program": "PROGRAM PENUNJANG URUSAN PEMERINTAHAN DAERAH KABUPATEN/KOTA",
            "id_giat": 18378,
            "kode_giat": "7.01.01.2.08",
            "nama_giat": "Penyediaan Jasa Penunjang Urusan Pemerintahan Daerah",
            "pagu_giat": 121744000.0,
            "rinci_giat": null,
            "id_sub_giat": 60657,
            "kode_sub_giat": "7.01.01.2.08.0001",
            "nama_sub_giat": "Penyediaan Jasa Surat Menyurat",
            "pagu": 1500000.0,
            "pagu_indikatif": 1500000.0,
            "rincian": null,
            "kode_bl": "705.705.4451.18378",
            "kode_sbl": "705.705.4451.18378.60657",
            "kunci_bl": 1,
            "kunci_bl_rinci": 1,
            "user_created": "RAMDANI HALIAN, SH",
            "created_date": "22-01-2025",
            "created_time": "10:48",
            "user_updated": "RAMDANI HALIAN, SH",
            "updated_date": "03-02-2025",
            "updated_time": "19:57",
            "is_locked": 0
        },
        {
            "id_sub_bl": 59865,
            "id_daerah": 473,
            "tahun": 2026,
            "id_unit": 705,
            "id_skpd": 705,
            "created_user": 229913,
            "kode_skpd": "7.01.0.00.0.00.10.0000",
            "nama_skpd": "Kecamatan Kerkap",
            "id_urusan": 17,
            "kode_urusan": "7",
            "nama_urusan": "UNSUR KEWILAYAHAN",
            "id_bidang_urusan": 243,
            "kode_bidang_urusan": "7.01",
            "nama_bidang_urusan": "KECAMATAN",
            "id_sub_skpd": 705,
            "kode_sub_skpd": "7.01.0.00.0.00.10.0000",
            "nama_sub_skpd": "Kecamatan Kerkap",
            "set_pagu_user": 229913,
            "set_pagu_at": "Thu, 26 Jun 2025 16:10:21 GMT",
            "id_program": 4451,
            "kode_program": "7.01.01",
            "nama_program": "PROGRAM PENUNJANG URUSAN PEMERINTAHAN DAERAH KABUPATEN/KOTA",
            "id_giat": 18378,
            "kode_giat": "7.01.01.2.08",
            "nama_giat": "Penyediaan Jasa Penunjang Urusan Pemerintahan Daerah",
            "pagu_giat": 121744000.0,
            "rinci_giat": null,
            "id_sub_giat": 60658,
            "kode_sub_giat": "7.01.01.2.08.0002",
            "nama_sub_giat": "Penyediaan Jasa Komunikasi, Sumber Daya Air dan Listrik",
            "pagu": 22244000.0,
            "pagu_indikatif": 22244000.0,
            "rincian": null,
            "kode_bl": "705.705.4451.18378",
            "kode_sbl": "705.705.4451.18378.60658",
            "kunci_bl": 1,
            "kunci_bl_rinci": 1,
            "user_created": "RAMDANI HALIAN, SH",
            "created_date": "22-01-2025",
            "created_time": "10:51",
            "user_updated": "RAMDANI HALIAN, SH",
            "updated_date": "03-02-2025",
            "updated_time": "19:58",
            "is_locked": 0
        },
        {
            "id_sub_bl": 59869,
            "id_daerah": 473,
            "tahun": 2026,
            "id_unit": 705,
            "id_skpd": 705,
            "created_user": 229913,
            "kode_skpd": "7.01.0.00.0.00.10.0000",
            "nama_skpd": "Kecamatan Kerkap",
            "id_urusan": 17,
            "kode_urusan": "7",
            "nama_urusan": "UNSUR KEWILAYAHAN",
            "id_bidang_urusan": 243,
            "kode_bidang_urusan": "7.01",
            "nama_bidang_urusan": "KECAMATAN",
            "id_sub_skpd": 705,
            "kode_sub_skpd": "7.01.0.00.0.00.10.0000",
            "nama_sub_skpd": "Kecamatan Kerkap",
            "set_pagu_user": 229913,
            "set_pagu_at": "Thu, 26 Jun 2025 16:10:21 GMT",
            "id_program": 4451,
            "kode_program": "7.01.01",
            "nama_program": "PROGRAM PENUNJANG URUSAN PEMERINTAHAN DAERAH KABUPATEN/KOTA",
            "id_giat": 18378,
            "kode_giat": "7.01.01.2.08",
            "nama_giat": "Penyediaan Jasa Penunjang Urusan Pemerintahan Daerah",
            "pagu_giat": 121744000.0,
            "rinci_giat": null,
            "id_sub_giat": 60659,
            "kode_sub_giat": "7.01.01.2.08.0003",
            "nama_sub_giat": "Penyediaan Jasa Peralatan dan Perlengkapan Kantor",
            "pagu": 20000000.0,
            "pagu_indikatif": 20000000.0,
            "rincian": null,
            "kode_bl": "705.705.4451.18378",
            "kode_sbl": "705.705.4451.18378.60659",
            "kunci_bl": 1,
            "kunci_bl_rinci": 1,
            "user_created": "RAMDANI HALIAN, SH",
            "created_date": "22-01-2025",
            "created_time": "10:52",
            "user_updated": "RAMDANI HALIAN, SH",
            "updated_date": "03-02-2025",
            "updated_time": "19:59",
            "is_locked": 0
        },
        {
            "id_sub_bl": 59871,
            "id_daerah": 473,
            "tahun": 2026,
            "id_unit": 705,
            "id_skpd": 705,
            "created_user": 229913,
            "kode_skpd": "7.01.0.00.0.00.10.0000",
            "nama_skpd": "Kecamatan Kerkap",
            "id_urusan": 17,
            "kode_urusan": "7",
            "nama_urusan": "UNSUR KEWILAYAHAN",
            "id_bidang_urusan": 243,
            "kode_bidang_urusan": "7.01",
            "nama_bidang_urusan": "KECAMATAN",
            "id_sub_skpd": 705,
            "kode_sub_skpd": "7.01.0.00.0.00.10.0000",
            "nama_sub_skpd": "Kecamatan Kerkap",
            "set_pagu_user": 229913,
            "set_pagu_at": "Thu, 26 Jun 2025 16:10:21 GMT",
            "id_program": 4451,
            "kode_program": "7.01.01",
            "nama_program": "PROGRAM PENUNJANG URUSAN PEMERINTAHAN DAERAH KABUPATEN/KOTA",
            "id_giat": 18378,
            "kode_giat": "7.01.01.2.08",
            "nama_giat": "Penyediaan Jasa Penunjang Urusan Pemerintahan Daerah",
            "pagu_giat": 121744000.0,
            "rinci_giat": null,
            "id_sub_giat": 60660,
            "kode_sub_giat": "7.01.01.2.08.0004",
            "nama_sub_giat": "Penyediaan Jasa Pelayanan Umum Kantor",
            "pagu": 78000000.0,
            "pagu_indikatif": 78000000.0,
            "rincian": null,
            "kode_bl": "705.705.4451.18378",
            "kode_sbl": "705.705.4451.18378.60660",
            "kunci_bl": 1,
            "kunci_bl_rinci": 1,
            "user_created": "RAMDANI HALIAN, SH",
            "created_date": "22-01-2025",
            "created_time": "10:54",
            "user_updated": "RAMDANI HALIAN, SH",
            "updated_date": "03-02-2025",
            "updated_time": "20:00",
            "is_locked": 0
        },
        {
            "id_sub_bl": 59773,
            "id_daerah": 473,
            "tahun": 2026,
            "id_unit": 705,
            "id_skpd": 705,
            "created_user": 229913,
            "kode_skpd": "7.01.0.00.0.00.10.0000",
            "nama_skpd": "Kecamatan Kerkap",
            "id_urusan": 17,
            "kode_urusan": "7",
            "nama_urusan": "UNSUR KEWILAYAHAN",
            "id_bidang_urusan": 243,
            "kode_bidang_urusan": "7.01",
            "nama_bidang_urusan": "KECAMATAN",
            "id_sub_skpd": 705,
            "kode_sub_skpd": "7.01.0.00.0.00.10.0000",
            "nama_sub_skpd": "Kecamatan Kerkap",
            "set_pagu_user": 229913,
            "set_pagu_at": "Thu, 26 Jun 2025 16:10:21 GMT",
            "id_program": 4451,
            "kode_program": "7.01.01",
            "nama_program": "PROGRAM PENUNJANG URUSAN PEMERINTAHAN DAERAH KABUPATEN/KOTA",
            "id_giat": 18379,
            "kode_giat": "7.01.01.2.09",
            "nama_giat": "Pemeliharaan Barang Milik Daerah Penunjang Urusan Pemerintahan Daerah",
            "pagu_giat": 220000000.0,
            "rinci_giat": null,
            "id_sub_giat": 60662,
            "kode_sub_giat": "7.01.01.2.09.0002",
            "nama_sub_giat": "Penyediaan Jasa Pemeliharaan, Biaya Pemeliharaan, Pajak dan Perizinan Kendaraan Dinas Operasional atau Lapangan",
            "pagu": 20000000.0,
            "pagu_indikatif": 20000000.0,
            "rincian": null,
            "kode_bl": "705.705.4451.18379",
            "kode_sbl": "705.705.4451.18379.60662",
            "kunci_bl": 1,
            "kunci_bl_rinci": 1,
            "user_created": "RAMDANI HALIAN, SH",
            "created_date": "22-01-2025",
            "created_time": "09:05",
            "user_updated": "RAMDANI HALIAN, SH",
            "updated_date": "03-02-2025",
            "updated_time": "20:00",
            "is_locked": 0
        },
        {
            "id_sub_bl": 73197,
            "id_daerah": 473,
            "tahun": 2026,
            "id_unit": 705,
            "id_skpd": 705,
            "created_user": 1677,
            "kode_skpd": "7.01.0.00.0.00.10.0000",
            "nama_skpd": "Kecamatan Kerkap",
            "id_urusan": 17,
            "kode_urusan": "7",
            "nama_urusan": "UNSUR KEWILAYAHAN",
            "id_bidang_urusan": 243,
            "kode_bidang_urusan": "7.01",
            "nama_bidang_urusan": "KECAMATAN",
            "id_sub_skpd": 705,
            "kode_sub_skpd": "7.01.0.00.0.00.10.0000",
            "nama_sub_skpd": "Kecamatan Kerkap",
            "set_pagu_user": 229913,
            "set_pagu_at": "Thu, 26 Jun 2025 16:10:21 GMT",
            "id_program": 4451,
            "kode_program": "7.01.01",
            "nama_program": "PROGRAM PENUNJANG URUSAN PEMERINTAHAN DAERAH KABUPATEN/KOTA",
            "id_giat": 18379,
            "kode_giat": "7.01.01.2.09",
            "nama_giat": "Pemeliharaan Barang Milik Daerah Penunjang Urusan Pemerintahan Daerah",
            "pagu_giat": 220000000.0,
            "rinci_giat": null,
            "id_sub_giat": 60669,
            "kode_sub_giat": "7.01.01.2.09.0009",
            "nama_sub_giat": "Pemeliharaan/Rehabilitasi Gedung Kantor dan Bangunan Lainnya",
            "pagu": 200000000.0,
            "pagu_indikatif": 200000000.0,
            "rincian": null,
            "kode_bl": "705.705.4451.18379",
            "kode_sbl": "705.705.4451.18379.60669",
            "kunci_bl": 1,
            "kunci_bl_rinci": 1,
            "user_created": "NETA YANTI, S.A.P",
            "created_date": "24-03-2025",
            "created_time": "12:14",
            "user_updated": "RAMDANI HALIAN, SH",
            "updated_date": "26-06-2025",
            "updated_time": "16:09",
            "is_locked": 0
        },
        {
            "id_sub_bl": 59576,
            "id_daerah": 473,
            "tahun": 2026,
            "id_unit": 705,
            "id_skpd": 705,
            "created_user": 229913,
            "kode_skpd": "7.01.0.00.0.00.10.0000",
            "nama_skpd": "Kecamatan Kerkap",
            "id_urusan": 17,
            "kode_urusan": "7",
            "nama_urusan": "UNSUR KEWILAYAHAN",
            "id_bidang_urusan": 243,
            "kode_bidang_urusan": "7.01",
            "nama_bidang_urusan": "KECAMATAN",
            "id_sub_skpd": 1058,
            "kode_sub_skpd": "7.01.0.00.0.00.10.0001",
            "nama_sub_skpd": "Kelurahan Lubuk Durian",
            "set_pagu_user": 229913,
            "set_pagu_at": "Thu, 26 Jun 2025 16:10:21 GMT",
            "id_program": 4418,
            "kode_program": "7.01.03",
            "nama_program": "PROGRAM PEMBERDAYAAN MASYARAKAT DESA DAN KELURAHAN",
            "id_giat": 18280,
            "kode_giat": "7.01.03.2.02",
            "nama_giat": "Kegiatan Pemberdayaan Kelurahan",
            "pagu_giat": 710000000.0,
            "rinci_giat": null,
            "id_sub_giat": 59916,
            "kode_sub_giat": "7.01.03.2.02.0001",
            "nama_sub_giat": "Peningkatan Partisipasi Masyarakat dalam Forum Musyawarah Perencanaan Pembangunan di Kelurahan",
            "pagu": 10000000.0,
            "pagu_indikatif": 10000000.0,
            "rincian": null,
            "kode_bl": "705.1058.4418.18280",
            "kode_sbl": "705.1058.4418.18280.59916",
            "kunci_bl": 1,
            "kunci_bl_rinci": 1,
            "user_created": "RAMDANI HALIAN, SH",
            "created_date": "21-01-2025",
            "created_time": "11:26",
            "user_updated": "RAMDANI HALIAN, SH",
            "updated_date": "03-02-2025",
            "updated_time": "20:01",
            "is_locked": 0
        },
        {
            "id_sub_bl": 59747,
            "id_daerah": 473,
            "tahun": 2026,
            "id_unit": 705,
            "id_skpd": 705,
            "created_user": 229913,
            "kode_skpd": "7.01.0.00.0.00.10.0000",
            "nama_skpd": "Kecamatan Kerkap",
            "id_urusan": 17,
            "kode_urusan": "7",
            "nama_urusan": "UNSUR KEWILAYAHAN",
            "id_bidang_urusan": 243,
            "kode_bidang_urusan": "7.01",
            "nama_bidang_urusan": "KECAMATAN",
            "id_sub_skpd": 1058,
            "kode_sub_skpd": "7.01.0.00.0.00.10.0001",
            "nama_sub_skpd": "Kelurahan Lubuk Durian",
            "set_pagu_user": 229913,
            "set_pagu_at": "Thu, 26 Jun 2025 16:10:21 GMT",
            "id_program": 4418,
            "kode_program": "7.01.03",
            "nama_program": "PROGRAM PEMBERDAYAAN MASYARAKAT DESA DAN KELURAHAN",
            "id_giat": 18280,
            "kode_giat": "7.01.03.2.02",
            "nama_giat": "Kegiatan Pemberdayaan Kelurahan",
            "pagu_giat": 710000000.0,
            "rinci_giat": null,
            "id_sub_giat": 59917,
            "kode_sub_giat": "7.01.03.2.02.0002",
            "nama_sub_giat": "Pembangunan Sarana dan Prasarana Kelurahan",
            "pagu": 200000000.0,
            "pagu_indikatif": 200000000.0,
            "rincian": null,
            "kode_bl": "705.1058.4418.18280",
            "kode_sbl": "705.1058.4418.18280.59917",
            "kunci_bl": 1,
            "kunci_bl_rinci": 1,
            "user_created": "RAMDANI HALIAN, SH",
            "created_date": "22-01-2025",
            "created_time": "08:28",
            "user_updated": "RAMDANI HALIAN, SH",
            "updated_date": "03-02-2025",
            "updated_time": "20:02",
            "is_locked": 0
        },
        {
            "id_sub_bl": 73200,
            "id_daerah": 473,
            "tahun": 2026,
            "id_unit": 705,
            "id_skpd": 705,
            "created_user": 1677,
            "kode_skpd": "7.01.0.00.0.00.10.0000",
            "nama_skpd": "Kecamatan Kerkap",
            "id_urusan": 17,
            "kode_urusan": "7",
            "nama_urusan": "UNSUR KEWILAYAHAN",
            "id_bidang_urusan": 243,
            "kode_bidang_urusan": "7.01",
            "nama_bidang_urusan": "KECAMATAN",
            "id_sub_skpd": 1058,
            "kode_sub_skpd": "7.01.0.00.0.00.10.0001",
            "nama_sub_skpd": "Kelurahan Lubuk Durian",
            "set_pagu_user": 229913,
            "set_pagu_at": "Thu, 26 Jun 2025 16:10:21 GMT",
            "id_program": 4418,
            "kode_program": "7.01.03",
            "nama_program": "PROGRAM PEMBERDAYAAN MASYARAKAT DESA DAN KELURAHAN",
            "id_giat": 18280,
            "kode_giat": "7.01.03.2.02",
            "nama_giat": "Kegiatan Pemberdayaan Kelurahan",
            "pagu_giat": 710000000.0,
            "rinci_giat": null,
            "id_sub_giat": 59918,
            "kode_sub_giat": "7.01.03.2.02.0003",
            "nama_sub_giat": "Pemberdayaan Masyarakat di Kelurahan",
            "pagu": 200000000.0,
            "pagu_indikatif": 200000000.0,
            "rincian": null,
            "kode_bl": "705.1058.4418.18280",
            "kode_sbl": "705.1058.4418.18280.59918",
            "kunci_bl": 1,
            "kunci_bl_rinci": 1,
            "user_created": "NETA YANTI, S.A.P",
            "created_date": "24-03-2025",
            "created_time": "12:30",
            "user_updated": null,
            "updated_date": null,
            "updated_time": null,
            "is_locked": 0
        }
    ]