[
        {
            "id_sub_bl": 64176,
            "id_daerah": 473,
            "tahun": 2026,
            "id_unit": 687,
            "id_skpd": 687,
            "created_user": 22974,
            "kode_skpd": "7.01.0.00.0.00.05.0000",
            "nama_skpd": "Kecamatan Air Padang",
            "id_urusan": 17,
            "kode_urusan": "7",
            "nama_urusan": "UNSUR KEWILAYAHAN",
            "id_bidang_urusan": 243,
            "kode_bidang_urusan": "7.01",
            "nama_bidang_urusan": "KECAMATAN",
            "id_sub_skpd": 687,
            "kode_sub_skpd": "7.01.0.00.0.00.05.0000",
            "nama_sub_skpd": "Kecamatan Air Padang",
            "set_pagu_user": 22974,
            "set_pagu_at": "Thu, 27 Mar 2025 09:31:13 GMT",
            "id_program": 4418,
            "kode_program": "7.01.03",
            "nama_program": "PROGRAM PEMBERDAYAAN MASYARAKAT DESA DAN KELURAHAN",
            "id_giat": 18279,
            "kode_giat": "7.01.03.2.01",
            "nama_giat": "Koordinasi Kegiatan Pemberdayaan Desa",
            "pagu_giat": 23000000.0,
            "rinci_giat": null,
            "id_sub_giat": 59913,
            "kode_sub_giat": "7.01.03.2.01.0001",
            "nama_sub_giat": "Peningkatan Partisipasi Masyarakat dalam Forum Musyawarah Perencanaan Pembangunan di Desa",
            "pagu": 23000000.0,
            "pagu_indikatif": 23000000.0,
            "rincian": null,
            "kode_bl": "687.687.4418.18279",
            "kode_sbl": "687.687.4418.18279.59913",
            "kunci_bl": 1,
            "kunci_bl_rinci": 1,
            "user_created": "Suryansyah, S.Pd",
            "created_date": "03-02-2025",
            "created_time": "18:52",
            "user_updated": null,
            "updated_date": null,
            "updated_time": null,
            "is_locked": 0
        },
        {
            "id_sub_bl": 64178,
            "id_daerah": 473,
            "tahun": 2026,
            "id_unit": 687,
            "id_skpd": 687,
            "created_user": 22974,
            "kode_skpd": "7.01.0.00.0.00.05.0000",
            "nama_skpd": "Kecamatan Air Padang",
            "id_urusan": 17,
            "kode_urusan": "7",
            "nama_urusan": "UNSUR KEWILAYAHAN",
            "id_bidang_urusan": 243,
            "kode_bidang_urusan": "7.01",
            "nama_bidang_urusan": "KECAMATAN",
            "id_sub_skpd": 687,
            "kode_sub_skpd": "7.01.0.00.0.00.05.0000",
            "nama_sub_skpd": "Kecamatan Air Padang",
            "set_pagu_user": 22974,
            "set_pagu_at": "Thu, 27 Mar 2025 09:31:13 GMT",
            "id_program": 4423,
            "kode_program": "7.01.06",
            "nama_program": "PROGRAM PEMBINAAN DAN PENGAWASAN PEMERINTAHAN DESA",
            "id_giat": 18290,
            "kode_giat": "7.01.06.2.01",
            "nama_giat": "Fasilitasi, Rekomendasi dan Koordinasi\n\nPembinaan dan Pengawasan Pemerintahan Desa",
            "pagu_giat": 100000000.0,
            "rinci_giat": null,
            "id_sub_giat": 59975,
            "kode_sub_giat": "7.01.06.2.01.0016",
            "nama_sub_giat": "Fasilitasi Penyusunan Program dan Pelaksanaan Pemberdayaan Masyarakat Desa",
            "pagu": 100000000.0,
            "pagu_indikatif": 100000000.0,
            "rincian": null,
            "kode_bl": "687.687.4423.18290",
            "kode_sbl": "687.687.4423.18290.59975",
            "kunci_bl": 1,
            "kunci_bl_rinci": 1,
            "user_created": "Suryansyah, S.Pd",
            "created_date": "03-02-2025",
            "created_time": "18:54",
            "user_updated": "Suryansyah, S.Pd",
            "updated_date": "27-03-2025",
            "updated_time": "08:55",
            "is_locked": 0
        },
        {
            "id_sub_bl": 64153,
            "id_daerah": 473,
            "tahun": 2026,
            "id_unit": 687,
            "id_skpd": 687,
            "created_user": 22974,
            "kode_skpd": "7.01.0.00.0.00.05.0000",
            "nama_skpd": "Kecamatan Air Padang",
            "id_urusan": 17,
            "kode_urusan": "7",
            "nama_urusan": "UNSUR KEWILAYAHAN",
            "id_bidang_urusan": 243,
            "kode_bidang_urusan": "7.01",
            "nama_bidang_urusan": "KECAMATAN",
            "id_sub_skpd": 687,
            "kode_sub_skpd": "7.01.0.00.0.00.05.0000",
            "nama_sub_skpd": "Kecamatan Air Padang",
            "set_pagu_user": 22974,
            "set_pagu_at": "Thu, 27 Mar 2025 09:31:13 GMT",
            "id_program": 4451,
            "kode_program": "7.01.01",
            "nama_program": "PROGRAM PENUNJANG URUSAN PEMERINTAHAN DAERAH KABUPATEN/KOTA",
            "id_giat": 18371,
            "kode_giat": "7.01.01.2.01",
            "nama_giat": "Perencanaan, Penganggaran, dan Evaluasi Kinerja Perangkat Daerah",
            "pagu_giat": 20564923.0,
            "rinci_giat": null,
            "id_sub_giat": 60589,
            "kode_sub_giat": "7.01.01.2.01.0001",
            "nama_sub_giat": "Penyusunan Dokumen Perencanaan Perangkat Daerah",
            "pagu": 8289723.0,
            "pagu_indikatif": 8289723.0,
            "rincian": null,
            "kode_bl": "687.687.4451.18371",
            "kode_sbl": "687.687.4451.18371.60589",
            "kunci_bl": 1,
            "kunci_bl_rinci": 1,
            "user_created": "Suryansyah, S.Pd",
            "created_date": "03-02-2025",
            "created_time": "18:20",
            "user_updated": "Suryansyah, S.Pd",
            "updated_date": "27-03-2025",
            "updated_time": "09:29",
            "is_locked": 0
        },
        {
            "id_sub_bl": 64154,
            "id_daerah": 473,
            "tahun": 2026,
            "id_unit": 687,
            "id_skpd": 687,
            "created_user": 22974,
            "kode_skpd": "7.01.0.00.0.00.05.0000",
            "nama_skpd": "Kecamatan Air Padang",
            "id_urusan": 17,
            "kode_urusan": "7",
            "nama_urusan": "UNSUR KEWILAYAHAN",
            "id_bidang_urusan": 243,
            "kode_bidang_urusan": "7.01",
            "nama_bidang_urusan": "KECAMATAN",
            "id_sub_skpd": 687,
            "kode_sub_skpd": "7.01.0.00.0.00.05.0000",
            "nama_sub_skpd": "Kecamatan Air Padang",
            "set_pagu_user": 22974,
            "set_pagu_at": "Thu, 27 Mar 2025 09:31:13 GMT",
            "id_program": 4451,
            "kode_program": "7.01.01",
            "nama_program": "PROGRAM PENUNJANG URUSAN PEMERINTAHAN DAERAH KABUPATEN/KOTA",
            "id_giat": 18371,
            "kode_giat": "7.01.01.2.01",
            "nama_giat": "Perencanaan, Penganggaran, dan Evaluasi Kinerja Perangkat Daerah",
            "pagu_giat": 20564923.0,
            "rinci_giat": null,
            "id_sub_giat": 60590,
            "kode_sub_giat": "7.01.01.2.01.0002",
            "nama_sub_giat": "Koordinasi dan Penyusunan Dokumen RKA-SKPD",
            "pagu": 2583200.0,
            "pagu_indikatif": 2583200.0,
            "rincian": null,
            "kode_bl": "687.687.4451.18371",
            "kode_sbl": "687.687.4451.18371.60590",
            "kunci_bl": 1,
            "kunci_bl_rinci": 1,
            "user_created": "Suryansyah, S.Pd",
            "created_date": "03-02-2025",
            "created_time": "18:22",
            "user_updated": null,
            "updated_date": null,
            "updated_time": null,
            "is_locked": 0
        },
        {
            "id_sub_bl": 64155,
            "id_daerah": 473,
            "tahun": 2026,
            "id_unit": 687,
            "id_skpd": 687,
            "created_user": 22974,
            "kode_skpd": "7.01.0.00.0.00.05.0000",
            "nama_skpd": "Kecamatan Air Padang",
            "id_urusan": 17,
            "kode_urusan": "7",
            "nama_urusan": "UNSUR KEWILAYAHAN",
            "id_bidang_urusan": 243,
            "kode_bidang_urusan": "7.01",
            "nama_bidang_urusan": "KECAMATAN",
            "id_sub_skpd": 687,
            "kode_sub_skpd": "7.01.0.00.0.00.05.0000",
            "nama_sub_skpd": "Kecamatan Air Padang",
            "set_pagu_user": 22974,
            "set_pagu_at": "Thu, 27 Mar 2025 09:31:13 GMT",
            "id_program": 4451,
            "kode_program": "7.01.01",
            "nama_program": "PROGRAM PENUNJANG URUSAN PEMERINTAHAN DAERAH KABUPATEN/KOTA",
            "id_giat": 18371,
            "kode_giat": "7.01.01.2.01",
            "nama_giat": "Perencanaan, Penganggaran, dan Evaluasi Kinerja Perangkat Daerah",
            "pagu_giat": 20564923.0,
            "rinci_giat": null,
            "id_sub_giat": 60592,
            "kode_sub_giat": "7.01.01.2.01.0004",
            "nama_sub_giat": "Koordinasi dan Penyusunan DPA-SKPD",
            "pagu": 3533000.0,
            "pagu_indikatif": 3533000.0,
            "rincian": null,
            "kode_bl": "687.687.4451.18371",
            "kode_sbl": "687.687.4451.18371.60592",
            "kunci_bl": 1,
            "kunci_bl_rinci": 1,
            "user_created": "Suryansyah, S.Pd",
            "created_date": "03-02-2025",
            "created_time": "18:24",
            "user_updated": "Suryansyah, S.Pd",
            "updated_date": "03-02-2025",
            "updated_time": "18:24",
            "is_locked": 0
        },
        {
            "id_sub_bl": 64156,
            "id_daerah": 473,
            "tahun": 2026,
            "id_unit": 687,
            "id_skpd": 687,
            "created_user": 22974,
            "kode_skpd": "7.01.0.00.0.00.05.0000",
            "nama_skpd": "Kecamatan Air Padang",
            "id_urusan": 17,
            "kode_urusan": "7",
            "nama_urusan": "UNSUR KEWILAYAHAN",
            "id_bidang_urusan": 243,
            "kode_bidang_urusan": "7.01",
            "nama_bidang_urusan": "KECAMATAN",
            "id_sub_skpd": 687,
            "kode_sub_skpd": "7.01.0.00.0.00.05.0000",
            "nama_sub_skpd": "Kecamatan Air Padang",
            "set_pagu_user": 22974,
            "set_pagu_at": "Thu, 27 Mar 2025 09:31:13 GMT",
            "id_program": 4451,
            "kode_program": "7.01.01",
            "nama_program": "PROGRAM PENUNJANG URUSAN PEMERINTAHAN DAERAH KABUPATEN/KOTA",
            "id_giat": 18371,
            "kode_giat": "7.01.01.2.01",
            "nama_giat": "Perencanaan, Penganggaran, dan Evaluasi Kinerja Perangkat Daerah",
            "pagu_giat": 20564923.0,
            "rinci_giat": null,
            "id_sub_giat": 60594,
            "kode_sub_giat": "7.01.01.2.01.0006",
            "nama_sub_giat": "Koordinasi dan Penyusunan Laporan Capaian Kinerja dan Ikhtisar Realisasi Kinerja SKPD",
            "pagu": 3644800.0,
            "pagu_indikatif": 3644800.0,
            "rincian": null,
            "kode_bl": "687.687.4451.18371",
            "kode_sbl": "687.687.4451.18371.60594",
            "kunci_bl": 1,
            "kunci_bl_rinci": 1,
            "user_created": "Suryansyah, S.Pd",
            "created_date": "03-02-2025",
            "created_time": "18:25",
            "user_updated": null,
            "updated_date": null,
            "updated_time": null,
            "is_locked": 0
        },
        {
            "id_sub_bl": 64157,
            "id_daerah": 473,
            "tahun": 2026,
            "id_unit": 687,
            "id_skpd": 687,
            "created_user": 22974,
            "kode_skpd": "7.01.0.00.0.00.05.0000",
            "nama_skpd": "Kecamatan Air Padang",
            "id_urusan": 17,
            "kode_urusan": "7",
            "nama_urusan": "UNSUR KEWILAYAHAN",
            "id_bidang_urusan": 243,
            "kode_bidang_urusan": "7.01",
            "nama_bidang_urusan": "KECAMATAN",
            "id_sub_skpd": 687,
            "kode_sub_skpd": "7.01.0.00.0.00.05.0000",
            "nama_sub_skpd": "Kecamatan Air Padang",
            "set_pagu_user": 22974,
            "set_pagu_at": "Thu, 27 Mar 2025 09:31:13 GMT",
            "id_program": 4451,
            "kode_program": "7.01.01",
            "nama_program": "PROGRAM PENUNJANG URUSAN PEMERINTAHAN DAERAH KABUPATEN/KOTA",
            "id_giat": 18371,
            "kode_giat": "7.01.01.2.01",
            "nama_giat": "Perencanaan, Penganggaran, dan Evaluasi Kinerja Perangkat Daerah",
            "pagu_giat": 20564923.0,
            "rinci_giat": null,
            "id_sub_giat": 60595,
            "kode_sub_giat": "7.01.01.2.01.0007",
            "nama_sub_giat": "Evaluasi Kinerja Perangkat Daerah",
            "pagu": 2514200.0,
            "pagu_indikatif": 2514200.0,
            "rincian": null,
            "kode_bl": "687.687.4451.18371",
            "kode_sbl": "687.687.4451.18371.60595",
            "kunci_bl": 1,
            "kunci_bl_rinci": 1,
            "user_created": "Suryansyah, S.Pd",
            "created_date": "03-02-2025",
            "created_time": "18:26",
            "user_updated": null,
            "updated_date": null,
            "updated_time": null,
            "is_locked": 0
        },
        {
            "id_sub_bl": 64158,
            "id_daerah": 473,
            "tahun": 2026,
            "id_unit": 687,
            "id_skpd": 687,
            "created_user": 22974,
            "kode_skpd": "7.01.0.00.0.00.05.0000",
            "nama_skpd": "Kecamatan Air Padang",
            "id_urusan": 17,
            "kode_urusan": "7",
            "nama_urusan": "UNSUR KEWILAYAHAN",
            "id_bidang_urusan": 243,
            "kode_bidang_urusan": "7.01",
            "nama_bidang_urusan": "KECAMATAN",
            "id_sub_skpd": 687,
            "kode_sub_skpd": "7.01.0.00.0.00.05.0000",
            "nama_sub_skpd": "Kecamatan Air Padang",
            "set_pagu_user": 22974,
            "set_pagu_at": "Thu, 27 Mar 2025 09:31:13 GMT",
            "id_program": 4451,
            "kode_program": "7.01.01",
            "nama_program": "PROGRAM PENUNJANG URUSAN PEMERINTAHAN DAERAH KABUPATEN/KOTA",
            "id_giat": 18372,
            "kode_giat": "7.01.01.2.02",
            "nama_giat": "Administrasi Keuangan Perangkat Daerah",
            "pagu_giat": 1367086930.0,
            "rinci_giat": null,
            "id_sub_giat": 60602,
            "kode_sub_giat": "7.01.01.2.02.0001",
            "nama_sub_giat": "Penyediaan Gaji dan Tunjangan ASN",
            "pagu": 1325204930.0,
            "pagu_indikatif": 1325204930.0,
            "rincian": null,
            "kode_bl": "687.687.4451.18372",
            "kode_sbl": "687.687.4451.18372.60602",
            "kunci_bl": 1,
            "kunci_bl_rinci": 1,
            "user_created": "Suryansyah, S.Pd",
            "created_date": "03-02-2025",
            "created_time": "18:28",
            "user_updated": null,
            "updated_date": null,
            "updated_time": null,
            "is_locked": 0
        },
        {
            "id_sub_bl": 64159,
            "id_daerah": 473,
            "tahun": 2026,
            "id_unit": 687,
            "id_skpd": 687,
            "created_user": 22974,
            "kode_skpd": "7.01.0.00.0.00.05.0000",
            "nama_skpd": "Kecamatan Air Padang",
            "id_urusan": 17,
            "kode_urusan": "7",
            "nama_urusan": "UNSUR KEWILAYAHAN",
            "id_bidang_urusan": 243,
            "kode_bidang_urusan": "7.01",
            "nama_bidang_urusan": "KECAMATAN",
            "id_sub_skpd": 687,
            "kode_sub_skpd": "7.01.0.00.0.00.05.0000",
            "nama_sub_skpd": "Kecamatan Air Padang",
            "set_pagu_user": 22974,
            "set_pagu_at": "Thu, 27 Mar 2025 09:31:13 GMT",
            "id_program": 4451,
            "kode_program": "7.01.01",
            "nama_program": "PROGRAM PENUNJANG URUSAN PEMERINTAHAN DAERAH KABUPATEN/KOTA",
            "id_giat": 18372,
            "kode_giat": "7.01.01.2.02",
            "nama_giat": "Administrasi Keuangan Perangkat Daerah",
            "pagu_giat": 1367086930.0,
            "rinci_giat": null,
            "id_sub_giat": 60604,
            "kode_sub_giat": "7.01.01.2.02.0003",
            "nama_sub_giat": "Pelaksanaan Penatausahaan dan\r\n\nPengujian/Verifikasi Keuangan SKPD",
            "pagu": 34800000.0,
            "pagu_indikatif": 34800000.0,
            "rincian": null,
            "kode_bl": "687.687.4451.18372",
            "kode_sbl": "687.687.4451.18372.60604",
            "kunci_bl": 1,
            "kunci_bl_rinci": 1,
            "user_created": "Suryansyah, S.Pd",
            "created_date": "03-02-2025",
            "created_time": "18:30",
            "user_updated": null,
            "updated_date": null,
            "updated_time": null,
            "is_locked": 0
        },
        {
            "id_sub_bl": 64160,
            "id_daerah": 473,
            "tahun": 2026,
            "id_unit": 687,
            "id_skpd": 687,
            "created_user": 22974,
            "kode_skpd": "7.01.0.00.0.00.05.0000",
            "nama_skpd": "Kecamatan Air Padang",
            "id_urusan": 17,
            "kode_urusan": "7",
            "nama_urusan": "UNSUR KEWILAYAHAN",
            "id_bidang_urusan": 243,
            "kode_bidang_urusan": "7.01",
            "nama_bidang_urusan": "KECAMATAN",
            "id_sub_skpd": 687,
            "kode_sub_skpd": "7.01.0.00.0.00.05.0000",
            "nama_sub_skpd": "Kecamatan Air Padang",
            "set_pagu_user": 22974,
            "set_pagu_at": "Thu, 27 Mar 2025 09:31:13 GMT",
            "id_program": 4451,
            "kode_program": "7.01.01",
            "nama_program": "PROGRAM PENUNJANG URUSAN PEMERINTAHAN DAERAH KABUPATEN/KOTA",
            "id_giat": 18372,
            "kode_giat": "7.01.01.2.02",
            "nama_giat": "Administrasi Keuangan Perangkat Daerah",
            "pagu_giat": 1367086930.0,
            "rinci_giat": null,
            "id_sub_giat": 60606,
            "kode_sub_giat": "7.01.01.2.02.0005",
            "nama_sub_giat": "Koordinasi dan Penyusunan Laporan Keuangan Akhir Tahun SKPD",
            "pagu": 5000000.0,
            "pagu_indikatif": 5000000.0,
            "rincian": null,
            "kode_bl": "687.687.4451.18372",
            "kode_sbl": "687.687.4451.18372.60606",
            "kunci_bl": 1,
            "kunci_bl_rinci": 1,
            "user_created": "Suryansyah, S.Pd",
            "created_date": "03-02-2025",
            "created_time": "18:31",
            "user_updated": "Suryansyah, S.Pd",
            "updated_date": "27-03-2025",
            "updated_time": "08:40",
            "is_locked": 0
        },
        {
            "id_sub_bl": 64161,
            "id_daerah": 473,
            "tahun": 2026,
            "id_unit": 687,
            "id_skpd": 687,
            "created_user": 22974,
            "kode_skpd": "7.01.0.00.0.00.05.0000",
            "nama_skpd": "Kecamatan Air Padang",
            "id_urusan": 17,
            "kode_urusan": "7",
            "nama_urusan": "UNSUR KEWILAYAHAN",
            "id_bidang_urusan": 243,
            "kode_bidang_urusan": "7.01",
            "nama_bidang_urusan": "KECAMATAN",
            "id_sub_skpd": 687,
            "kode_sub_skpd": "7.01.0.00.0.00.05.0000",
            "nama_sub_skpd": "Kecamatan Air Padang",
            "set_pagu_user": 22974,
            "set_pagu_at": "Thu, 27 Mar 2025 09:31:13 GMT",
            "id_program": 4451,
            "kode_program": "7.01.01",
            "nama_program": "PROGRAM PENUNJANG URUSAN PEMERINTAHAN DAERAH KABUPATEN/KOTA",
            "id_giat": 18372,
            "kode_giat": "7.01.01.2.02",
            "nama_giat": "Administrasi Keuangan Perangkat Daerah",
            "pagu_giat": 1367086930.0,
            "rinci_giat": null,
            "id_sub_giat": 60608,
            "kode_sub_giat": "7.01.01.2.02.0007",
            "nama_sub_giat": "Koordinasi dan Penyusunan Laporan Keuangan Bulanan/ Triwulanan/ Semesteran SKPD",
            "pagu": 2082000.0,
            "pagu_indikatif": 2082000.0,
            "rincian": null,
            "kode_bl": "687.687.4451.18372",
            "kode_sbl": "687.687.4451.18372.60608",
            "kunci_bl": 1,
            "kunci_bl_rinci": 1,
            "user_created": "Suryansyah, S.Pd",
            "created_date": "03-02-2025",
            "created_time": "18:33",
            "user_updated": null,
            "updated_date": null,
            "updated_time": null,
            "is_locked": 0
        },
        {
            "id_sub_bl": 64162,
            "id_daerah": 473,
            "tahun": 2026,
            "id_unit": 687,
            "id_skpd": 687,
            "created_user": 22974,
            "kode_skpd": "7.01.0.00.0.00.05.0000",
            "nama_skpd": "Kecamatan Air Padang",
            "id_urusan": 17,
            "kode_urusan": "7",
            "nama_urusan": "UNSUR KEWILAYAHAN",
            "id_bidang_urusan": 243,
            "kode_bidang_urusan": "7.01",
            "nama_bidang_urusan": "KECAMATAN",
            "id_sub_skpd": 687,
            "kode_sub_skpd": "7.01.0.00.0.00.05.0000",
            "nama_sub_skpd": "Kecamatan Air Padang",
            "set_pagu_user": 22974,
            "set_pagu_at": "Thu, 27 Mar 2025 09:31:13 GMT",
            "id_program": 4451,
            "kode_program": "7.01.01",
            "nama_program": "PROGRAM PENUNJANG URUSAN PEMERINTAHAN DAERAH KABUPATEN/KOTA",
            "id_giat": 18373,
            "kode_giat": "7.01.01.2.03",
            "nama_giat": "Administrasi Barang Milik Daerah pada Perangkat Daerah",
            "pagu_giat": 25099000.0,
            "rinci_giat": null,
            "id_sub_giat": 60615,
            "kode_sub_giat": "7.01.01.2.03.0006",
            "nama_sub_giat": "Penatausahaan Barang Milik Daerah pada SKPD",
            "pagu": 25099000.0,
            "pagu_indikatif": 25099000.0,
            "rincian": null,
            "kode_bl": "687.687.4451.18373",
            "kode_sbl": "687.687.4451.18373.60615",
            "kunci_bl": 1,
            "kunci_bl_rinci": 1,
            "user_created": "Suryansyah, S.Pd",
            "created_date": "03-02-2025",
            "created_time": "18:34",
            "user_updated": null,
            "updated_date": null,
            "updated_time": null,
            "is_locked": 0
        },
        {
            "id_sub_bl": 64163,
            "id_daerah": 473,
            "tahun": 2026,
            "id_unit": 687,
            "id_skpd": 687,
            "created_user": 22974,
            "kode_skpd": "7.01.0.00.0.00.05.0000",
            "nama_skpd": "Kecamatan Air Padang",
            "id_urusan": 17,
            "kode_urusan": "7",
            "nama_urusan": "UNSUR KEWILAYAHAN",
            "id_bidang_urusan": 243,
            "kode_bidang_urusan": "7.01",
            "nama_bidang_urusan": "KECAMATAN",
            "id_sub_skpd": 687,
            "kode_sub_skpd": "7.01.0.00.0.00.05.0000",
            "nama_sub_skpd": "Kecamatan Air Padang",
            "set_pagu_user": 22974,
            "set_pagu_at": "Thu, 27 Mar 2025 09:31:13 GMT",
            "id_program": 4451,
            "kode_program": "7.01.01",
            "nama_program": "PROGRAM PENUNJANG URUSAN PEMERINTAHAN DAERAH KABUPATEN/KOTA",
            "id_giat": 18376,
            "kode_giat": "7.01.01.2.06",
            "nama_giat": "Administrasi Umum Perangkat Daerah",
            "pagu_giat": 41748200.0,
            "rinci_giat": null,
            "id_sub_giat": 60635,
            "kode_sub_giat": "7.01.01.2.06.0001",
            "nama_sub_giat": "Penyediaan Komponen Instalasi\r\n\nListrik/Penerangan Bangunan Kantor",
            "pagu": 861000.0,
            "pagu_indikatif": 861000.0,
            "rincian": null,
            "kode_bl": "687.687.4451.18376",
            "kode_sbl": "687.687.4451.18376.60635",
            "kunci_bl": 1,
            "kunci_bl_rinci": 1,
            "user_created": "Suryansyah, S.Pd",
            "created_date": "03-02-2025",
            "created_time": "18:35",
            "user_updated": null,
            "updated_date": null,
            "updated_time": null,
            "is_locked": 0
        },
        {
            "id_sub_bl": 64164,
            "id_daerah": 473,
            "tahun": 2026,
            "id_unit": 687,
            "id_skpd": 687,
            "created_user": 22974,
            "kode_skpd": "7.01.0.00.0.00.05.0000",
            "nama_skpd": "Kecamatan Air Padang",
            "id_urusan": 17,
            "kode_urusan": "7",
            "nama_urusan": "UNSUR KEWILAYAHAN",
            "id_bidang_urusan": 243,
            "kode_bidang_urusan": "7.01",
            "nama_bidang_urusan": "KECAMATAN",
            "id_sub_skpd": 687,
            "kode_sub_skpd": "7.01.0.00.0.00.05.0000",
            "nama_sub_skpd": "Kecamatan Air Padang",
            "set_pagu_user": 22974,
            "set_pagu_at": "Thu, 27 Mar 2025 09:31:13 GMT",
            "id_program": 4451,
            "kode_program": "7.01.01",
            "nama_program": "PROGRAM PENUNJANG URUSAN PEMERINTAHAN DAERAH KABUPATEN/KOTA",
            "id_giat": 18376,
            "kode_giat": "7.01.01.2.06",
            "nama_giat": "Administrasi Umum Perangkat Daerah",
            "pagu_giat": 41748200.0,
            "rinci_giat": null,
            "id_sub_giat": 60638,
            "kode_sub_giat": "7.01.01.2.06.0004",
            "nama_sub_giat": "Penyediaan Bahan Logistik Kantor",
            "pagu": 18596200.0,
            "pagu_indikatif": 18596200.0,
            "rincian": null,
            "kode_bl": "687.687.4451.18376",
            "kode_sbl": "687.687.4451.18376.60638",
            "kunci_bl": 1,
            "kunci_bl_rinci": 1,
            "user_created": "Suryansyah, S.Pd",
            "created_date": "03-02-2025",
            "created_time": "18:37",
            "user_updated": null,
            "updated_date": null,
            "updated_time": null,
            "is_locked": 0
        },
        {
            "id_sub_bl": 64165,
            "id_daerah": 473,
            "tahun": 2026,
            "id_unit": 687,
            "id_skpd": 687,
            "created_user": 22974,
            "kode_skpd": "7.01.0.00.0.00.05.0000",
            "nama_skpd": "Kecamatan Air Padang",
            "id_urusan": 17,
            "kode_urusan": "7",
            "nama_urusan": "UNSUR KEWILAYAHAN",
            "id_bidang_urusan": 243,
            "kode_bidang_urusan": "7.01",
            "nama_bidang_urusan": "KECAMATAN",
            "id_sub_skpd": 687,
            "kode_sub_skpd": "7.01.0.00.0.00.05.0000",
            "nama_sub_skpd": "Kecamatan Air Padang",
            "set_pagu_user": 22974,
            "set_pagu_at": "Thu, 27 Mar 2025 09:31:13 GMT",
            "id_program": 4451,
            "kode_program": "7.01.01",
            "nama_program": "PROGRAM PENUNJANG URUSAN PEMERINTAHAN DAERAH KABUPATEN/KOTA",
            "id_giat": 18376,
            "kode_giat": "7.01.01.2.06",
            "nama_giat": "Administrasi Umum Perangkat Daerah",
            "pagu_giat": 41748200.0,
            "rinci_giat": null,
            "id_sub_giat": 60639,
            "kode_sub_giat": "7.01.01.2.06.0005",
            "nama_sub_giat": "Penyediaan Barang Cetakan dan Penggandaan",
            "pagu": 1508400.0,
            "pagu_indikatif": 1508400.0,
            "rincian": null,
            "kode_bl": "687.687.4451.18376",
            "kode_sbl": "687.687.4451.18376.60639",
            "kunci_bl": 1,
            "kunci_bl_rinci": 1,
            "user_created": "Suryansyah, S.Pd",
            "created_date": "03-02-2025",
            "created_time": "18:38",
            "user_updated": null,
            "updated_date": null,
            "updated_time": null,
            "is_locked": 0
        },
        {
            "id_sub_bl": 64166,
            "id_daerah": 473,
            "tahun": 2026,
            "id_unit": 687,
            "id_skpd": 687,
            "created_user": 22974,
            "kode_skpd": "7.01.0.00.0.00.05.0000",
            "nama_skpd": "Kecamatan Air Padang",
            "id_urusan": 17,
            "kode_urusan": "7",
            "nama_urusan": "UNSUR KEWILAYAHAN",
            "id_bidang_urusan": 243,
            "kode_bidang_urusan": "7.01",
            "nama_bidang_urusan": "KECAMATAN",
            "id_sub_skpd": 687,
            "kode_sub_skpd": "7.01.0.00.0.00.05.0000",
            "nama_sub_skpd": "Kecamatan Air Padang",
            "set_pagu_user": 22974,
            "set_pagu_at": "Thu, 27 Mar 2025 09:31:13 GMT",
            "id_program": 4451,
            "kode_program": "7.01.01",
            "nama_program": "PROGRAM PENUNJANG URUSAN PEMERINTAHAN DAERAH KABUPATEN/KOTA",
            "id_giat": 18376,
            "kode_giat": "7.01.01.2.06",
            "nama_giat": "Administrasi Umum Perangkat Daerah",
            "pagu_giat": 41748200.0,
            "rinci_giat": null,
            "id_sub_giat": 60640,
            "kode_sub_giat": "7.01.01.2.06.0006",
            "nama_sub_giat": "Penyediaan Bahan Bacaan dan Peraturan Perundang-undangan",
            "pagu": 4032000.0,
            "pagu_indikatif": 4032000.0,
            "rincian": null,
            "kode_bl": "687.687.4451.18376",
            "kode_sbl": "687.687.4451.18376.60640",
            "kunci_bl": 1,
            "kunci_bl_rinci": 1,
            "user_created": "Suryansyah, S.Pd",
            "created_date": "03-02-2025",
            "created_time": "18:39",
            "user_updated": null,
            "updated_date": null,
            "updated_time": null,
            "is_locked": 0
        },
        {
            "id_sub_bl": 64167,
            "id_daerah": 473,
            "tahun": 2026,
            "id_unit": 687,
            "id_skpd": 687,
            "created_user": 22974,
            "kode_skpd": "7.01.0.00.0.00.05.0000",
            "nama_skpd": "Kecamatan Air Padang",
            "id_urusan": 17,
            "kode_urusan": "7",
            "nama_urusan": "UNSUR KEWILAYAHAN",
            "id_bidang_urusan": 243,
            "kode_bidang_urusan": "7.01",
            "nama_bidang_urusan": "KECAMATAN",
            "id_sub_skpd": 687,
            "kode_sub_skpd": "7.01.0.00.0.00.05.0000",
            "nama_sub_skpd": "Kecamatan Air Padang",
            "set_pagu_user": 22974,
            "set_pagu_at": "Thu, 27 Mar 2025 09:31:13 GMT",
            "id_program": 4451,
            "kode_program": "7.01.01",
            "nama_program": "PROGRAM PENUNJANG URUSAN PEMERINTAHAN DAERAH KABUPATEN/KOTA",
            "id_giat": 18376,
            "kode_giat": "7.01.01.2.06",
            "nama_giat": "Administrasi Umum Perangkat Daerah",
            "pagu_giat": 41748200.0,
            "rinci_giat": null,
            "id_sub_giat": 60643,
            "kode_sub_giat": "7.01.01.2.06.0009",
            "nama_sub_giat": "Penyelenggaraan Rapat Koordinasi dan Konsultasi SKPD",
            "pagu": 16750600.0,
            "pagu_indikatif": 16750600.0,
            "rincian": null,
            "kode_bl": "687.687.4451.18376",
            "kode_sbl": "687.687.4451.18376.60643",
            "kunci_bl": 1,
            "kunci_bl_rinci": 1,
            "user_created": "Suryansyah, S.Pd",
            "created_date": "03-02-2025",
            "created_time": "18:45",
            "user_updated": null,
            "updated_date": null,
            "updated_time": null,
            "is_locked": 0
        },
        {
            "id_sub_bl": 64168,
            "id_daerah": 473,
            "tahun": 2026,
            "id_unit": 687,
            "id_skpd": 687,
            "created_user": 22974,
            "kode_skpd": "7.01.0.00.0.00.05.0000",
            "nama_skpd": "Kecamatan Air Padang",
            "id_urusan": 17,
            "kode_urusan": "7",
            "nama_urusan": "UNSUR KEWILAYAHAN",
            "id_bidang_urusan": 243,
            "kode_bidang_urusan": "7.01",
            "nama_bidang_urusan": "KECAMATAN",
            "id_sub_skpd": 687,
            "kode_sub_skpd": "7.01.0.00.0.00.05.0000",
            "nama_sub_skpd": "Kecamatan Air Padang",
            "set_pagu_user": 22974,
            "set_pagu_at": "Thu, 27 Mar 2025 09:31:13 GMT",
            "id_program": 4451,
            "kode_program": "7.01.01",
            "nama_program": "PROGRAM PENUNJANG URUSAN PEMERINTAHAN DAERAH KABUPATEN/KOTA",
            "id_giat": 18377,
            "kode_giat": "7.01.01.2.07",
            "nama_giat": "Pengadaan Barang Milik Daerah Penunjang Urusan Pemerintah Daerah",
            "pagu_giat": 30000000.0,
            "rinci_giat": null,
            "id_sub_giat": 60655,
            "kode_sub_giat": "7.01.01.2.07.0010",
            "nama_sub_giat": "Pengadaan Sarana dan Prasarana Gedung Kantor atau Bangunan Lainnya",
            "pagu": 30000000.0,
            "pagu_indikatif": 30000000.0,
            "rincian": null,
            "kode_bl": "687.687.4451.18377",
            "kode_sbl": "687.687.4451.18377.60655",
            "kunci_bl": 1,
            "kunci_bl_rinci": 1,
            "user_created": "Suryansyah, S.Pd",
            "created_date": "03-02-2025",
            "created_time": "18:46",
            "user_updated": "Suryansyah, S.Pd",
            "updated_date": "27-03-2025",
            "updated_time": "08:46",
            "is_locked": 0
        },
        {
            "id_sub_bl": 64169,
            "id_daerah": 473,
            "tahun": 2026,
            "id_unit": 687,
            "id_skpd": 687,
            "created_user": 22974,
            "kode_skpd": "7.01.0.00.0.00.05.0000",
            "nama_skpd": "Kecamatan Air Padang",
            "id_urusan": 17,
            "kode_urusan": "7",
            "nama_urusan": "UNSUR KEWILAYAHAN",
            "id_bidang_urusan": 243,
            "kode_bidang_urusan": "7.01",
            "nama_bidang_urusan": "KECAMATAN",
            "id_sub_skpd": 687,
            "kode_sub_skpd": "7.01.0.00.0.00.05.0000",
            "nama_sub_skpd": "Kecamatan Air Padang",
            "set_pagu_user": 22974,
            "set_pagu_at": "Thu, 27 Mar 2025 09:31:13 GMT",
            "id_program": 4451,
            "kode_program": "7.01.01",
            "nama_program": "PROGRAM PENUNJANG URUSAN PEMERINTAHAN DAERAH KABUPATEN/KOTA",
            "id_giat": 18378,
            "kode_giat": "7.01.01.2.08",
            "nama_giat": "Penyediaan Jasa Penunjang Urusan Pemerintahan Daerah",
            "pagu_giat": 95200000.0,
            "rinci_giat": null,
            "id_sub_giat": 60658,
            "kode_sub_giat": "7.01.01.2.08.0002",
            "nama_sub_giat": "Penyediaan Jasa Komunikasi, Sumber Daya Air dan Listrik",
            "pagu": 26200000.0,
            "pagu_indikatif": 26200000.0,
            "rincian": null,
            "kode_bl": "687.687.4451.18378",
            "kode_sbl": "687.687.4451.18378.60658",
            "kunci_bl": 1,
            "kunci_bl_rinci": 1,
            "user_created": "Suryansyah, S.Pd",
            "created_date": "03-02-2025",
            "created_time": "18:47",
            "user_updated": null,
            "updated_date": null,
            "updated_time": null,
            "is_locked": 0
        },
        {
            "id_sub_bl": 64170,
            "id_daerah": 473,
            "tahun": 2026,
            "id_unit": 687,
            "id_skpd": 687,
            "created_user": 22974,
            "kode_skpd": "7.01.0.00.0.00.05.0000",
            "nama_skpd": "Kecamatan Air Padang",
            "id_urusan": 17,
            "kode_urusan": "7",
            "nama_urusan": "UNSUR KEWILAYAHAN",
            "id_bidang_urusan": 243,
            "kode_bidang_urusan": "7.01",
            "nama_bidang_urusan": "KECAMATAN",
            "id_sub_skpd": 687,
            "kode_sub_skpd": "7.01.0.00.0.00.05.0000",
            "nama_sub_skpd": "Kecamatan Air Padang",
            "set_pagu_user": 22974,
            "set_pagu_at": "Thu, 27 Mar 2025 09:31:13 GMT",
            "id_program": 4451,
            "kode_program": "7.01.01",
            "nama_program": "PROGRAM PENUNJANG URUSAN PEMERINTAHAN DAERAH KABUPATEN/KOTA",
            "id_giat": 18378,
            "kode_giat": "7.01.01.2.08",
            "nama_giat": "Penyediaan Jasa Penunjang Urusan Pemerintahan Daerah",
            "pagu_giat": 95200000.0,
            "rinci_giat": null,
            "id_sub_giat": 60660,
            "kode_sub_giat": "7.01.01.2.08.0004",
            "nama_sub_giat": "Penyediaan Jasa Pelayanan Umum Kantor",
            "pagu": 69000000.0,
            "pagu_indikatif": 69000000.0,
            "rincian": null,
            "kode_bl": "687.687.4451.18378",
            "kode_sbl": "687.687.4451.18378.60660",
            "kunci_bl": 1,
            "kunci_bl_rinci": 1,
            "user_created": "Suryansyah, S.Pd",
            "created_date": "03-02-2025",
            "created_time": "18:48",
            "user_updated": null,
            "updated_date": null,
            "updated_time": null,
            "is_locked": 0
        },
        {
            "id_sub_bl": 64172,
            "id_daerah": 473,
            "tahun": 2026,
            "id_unit": 687,
            "id_skpd": 687,
            "created_user": 22974,
            "kode_skpd": "7.01.0.00.0.00.05.0000",
            "nama_skpd": "Kecamatan Air Padang",
            "id_urusan": 17,
            "kode_urusan": "7",
            "nama_urusan": "UNSUR KEWILAYAHAN",
            "id_bidang_urusan": 243,
            "kode_bidang_urusan": "7.01",
            "nama_bidang_urusan": "KECAMATAN",
            "id_sub_skpd": 687,
            "kode_sub_skpd": "7.01.0.00.0.00.05.0000",
            "nama_sub_skpd": "Kecamatan Air Padang",
            "set_pagu_user": 22974,
            "set_pagu_at": "Thu, 27 Mar 2025 09:31:13 GMT",
            "id_program": 4451,
            "kode_program": "7.01.01",
            "nama_program": "PROGRAM PENUNJANG URUSAN PEMERINTAHAN DAERAH KABUPATEN/KOTA",
            "id_giat": 18379,
            "kode_giat": "7.01.01.2.09",
            "nama_giat": "Pemeliharaan Barang Milik Daerah Penunjang Urusan Pemerintahan Daerah",
            "pagu_giat": 20000000.0,
            "rinci_giat": null,
            "id_sub_giat": 60662,
            "kode_sub_giat": "7.01.01.2.09.0002",
            "nama_sub_giat": "Penyediaan Jasa Pemeliharaan, Biaya Pemeliharaan, Pajak dan Perizinan Kendaraan Dinas Operasional atau Lapangan",
            "pagu": 16000000.0,
            "pagu_indikatif": 16000000.0,
            "rincian": null,
            "kode_bl": "687.687.4451.18379",
            "kode_sbl": "687.687.4451.18379.60662",
            "kunci_bl": 1,
            "kunci_bl_rinci": 1,
            "user_created": "Suryansyah, S.Pd",
            "created_date": "03-02-2025",
            "created_time": "18:50",
            "user_updated": null,
            "updated_date": null,
            "updated_time": null,
            "is_locked": 0
        },
        {
            "id_sub_bl": 64174,
            "id_daerah": 473,
            "tahun": 2026,
            "id_unit": 687,
            "id_skpd": 687,
            "created_user": 22974,
            "kode_skpd": "7.01.0.00.0.00.05.0000",
            "nama_skpd": "Kecamatan Air Padang",
            "id_urusan": 17,
            "kode_urusan": "7",
            "nama_urusan": "UNSUR KEWILAYAHAN",
            "id_bidang_urusan": 243,
            "kode_bidang_urusan": "7.01",
            "nama_bidang_urusan": "KECAMATAN",
            "id_sub_skpd": 687,
            "kode_sub_skpd": "7.01.0.00.0.00.05.0000",
            "nama_sub_skpd": "Kecamatan Air Padang",
            "set_pagu_user": 22974,
            "set_pagu_at": "Thu, 27 Mar 2025 09:31:13 GMT",
            "id_program": 4451,
            "kode_program": "7.01.01",
            "nama_program": "PROGRAM PENUNJANG URUSAN PEMERINTAHAN DAERAH KABUPATEN/KOTA",
            "id_giat": 18379,
            "kode_giat": "7.01.01.2.09",
            "nama_giat": "Pemeliharaan Barang Milik Daerah Penunjang Urusan Pemerintahan Daerah",
            "pagu_giat": 20000000.0,
            "rinci_giat": null,
            "id_sub_giat": 60666,
            "kode_sub_giat": "7.01.01.2.09.0006",
            "nama_sub_giat": "Pemeliharaan Peralatan dan Mesin Lainnya",
            "pagu": 4000000.0,
            "pagu_indikatif": 4000000.0,
            "rincian": null,
            "kode_bl": "687.687.4451.18379",
            "kode_sbl": "687.687.4451.18379.60666",
            "kunci_bl": 1,
            "kunci_bl_rinci": 1,
            "user_created": "Suryansyah, S.Pd",
            "created_date": "03-02-2025",
            "created_time": "18:51",
            "user_updated": null,
            "updated_date": null,
            "updated_time": null,
            "is_locked": 0
        }
    ]