[
        {
            "id_sub_bl": 63616,
            "id_daerah": 473,
            "tahun": 2026,
            "id_unit": 647,
            "id_skpd": 647,
            "created_user": 2462,
            "kode_skpd": "7.01.0.00.0.00.08.0000",
            "nama_skpd": "Kecamatan Giri Mulya",
            "id_urusan": 17,
            "kode_urusan": "7",
            "nama_urusan": "UNSUR KEWILAYAHAN",
            "id_bidang_urusan": 243,
            "kode_bidang_urusan": "7.01",
            "nama_bidang_urusan": "KECAMATAN",
            "id_sub_skpd": 647,
            "kode_sub_skpd": "7.01.0.00.0.00.08.0000",
            "nama_sub_skpd": "Kecamatan Giri Mulya",
            "set_pagu_user": 2462,
            "set_pagu_at": "Thu, 26 Jun 2025 09:03:45 GMT",
            "id_program": 4418,
            "kode_program": "7.01.03",
            "nama_program": "PROGRAM PEMBERDAYAAN MASYARAKAT DESA DAN KELURAHAN",
            "id_giat": 18279,
            "kode_giat": "7.01.03.2.01",
            "nama_giat": "Koordinasi Kegiatan Pemberdayaan Desa",
            "pagu_giat": 22000000.0,
            "rinci_giat": null,
            "id_sub_giat": 59913,
            "kode_sub_giat": "7.01.03.2.01.0001",
            "nama_sub_giat": "Peningkatan Partisipasi Masyarakat dalam Forum Musyawarah Perencanaan Pembangunan di Desa",
            "pagu": 22000000.0,
            "pagu_indikatif": 22000000.0,
            "rincian": null,
            "kode_bl": "647.647.4418.18279",
            "kode_sbl": "647.647.4418.18279.59913",
            "kunci_bl": 1,
            "kunci_bl_rinci": 1,
            "user_created": "DRS. ASTO BUDI DARMANTO, MM",
            "created_date": "03-02-2025",
            "created_time": "10:35",
            "user_updated": null,
            "updated_date": null,
            "updated_time": null,
            "is_locked": 0
        },
        {
            "id_sub_bl": 63646,
            "id_daerah": 473,
            "tahun": 2026,
            "id_unit": 647,
            "id_skpd": 647,
            "created_user": 2462,
            "kode_skpd": "7.01.0.00.0.00.08.0000",
            "nama_skpd": "Kecamatan Giri Mulya",
            "id_urusan": 17,
            "kode_urusan": "7",
            "nama_urusan": "UNSUR KEWILAYAHAN",
            "id_bidang_urusan": 243,
            "kode_bidang_urusan": "7.01",
            "nama_bidang_urusan": "KECAMATAN",
            "id_sub_skpd": 647,
            "kode_sub_skpd": "7.01.0.00.0.00.08.0000",
            "nama_sub_skpd": "Kecamatan Giri Mulya",
            "set_pagu_user": 2462,
            "set_pagu_at": "Thu, 26 Jun 2025 09:03:45 GMT",
            "id_program": 4423,
            "kode_program": "7.01.06",
            "nama_program": "PROGRAM PEMBINAAN DAN PENGAWASAN PEMERINTAHAN DESA",
            "id_giat": 18290,
            "kode_giat": "7.01.06.2.01",
            "nama_giat": "Fasilitasi, Rekomendasi dan Koordinasi\n\nPembinaan dan Pengawasan Pemerintahan Desa",
            "pagu_giat": 145000000.0,
            "rinci_giat": null,
            "id_sub_giat": 59975,
            "kode_sub_giat": "7.01.06.2.01.0016",
            "nama_sub_giat": "Fasilitasi Penyusunan Program dan Pelaksanaan Pemberdayaan Masyarakat Desa",
            "pagu": 145000000.0,
            "pagu_indikatif": 145000000.0,
            "rincian": null,
            "kode_bl": "647.647.4423.18290",
            "kode_sbl": "647.647.4423.18290.59975",
            "kunci_bl": 1,
            "kunci_bl_rinci": 1,
            "user_created": "DRS. ASTO BUDI DARMANTO, MM",
            "created_date": "03-02-2025",
            "created_time": "10:52",
            "user_updated": "DRS. ASTO BUDI DARMANTO, MM",
            "updated_date": "26-03-2025",
            "updated_time": "21:34",
            "is_locked": 0
        },
        {
            "id_sub_bl": 63656,
            "id_daerah": 473,
            "tahun": 2026,
            "id_unit": 647,
            "id_skpd": 647,
            "created_user": 2462,
            "kode_skpd": "7.01.0.00.0.00.08.0000",
            "nama_skpd": "Kecamatan Giri Mulya",
            "id_urusan": 17,
            "kode_urusan": "7",
            "nama_urusan": "UNSUR KEWILAYAHAN",
            "id_bidang_urusan": 243,
            "kode_bidang_urusan": "7.01",
            "nama_bidang_urusan": "KECAMATAN",
            "id_sub_skpd": 647,
            "kode_sub_skpd": "7.01.0.00.0.00.08.0000",
            "nama_sub_skpd": "Kecamatan Giri Mulya",
            "set_pagu_user": 2462,
            "set_pagu_at": "Thu, 26 Jun 2025 09:03:45 GMT",
            "id_program": 4451,
            "kode_program": "7.01.01",
            "nama_program": "PROGRAM PENUNJANG URUSAN PEMERINTAHAN DAERAH KABUPATEN/KOTA",
            "id_giat": 18371,
            "kode_giat": "7.01.01.2.01",
            "nama_giat": "Perencanaan, Penganggaran, dan Evaluasi Kinerja Perangkat Daerah",
            "pagu_giat": 17200000.0,
            "rinci_giat": null,
            "id_sub_giat": 60589,
            "kode_sub_giat": "7.01.01.2.01.0001",
            "nama_sub_giat": "Penyusunan Dokumen Perencanaan Perangkat Daerah",
            "pagu": 3500000.0,
            "pagu_indikatif": 3500000.0,
            "rincian": null,
            "kode_bl": "647.647.4451.18371",
            "kode_sbl": "647.647.4451.18371.60589",
            "kunci_bl": 1,
            "kunci_bl_rinci": 1,
            "user_created": "DRS. ASTO BUDI DARMANTO, MM",
            "created_date": "03-02-2025",
            "created_time": "10:55",
            "user_updated": "DRS. ASTO BUDI DARMANTO, MM",
            "updated_date": "03-02-2025",
            "updated_time": "21:39",
            "is_locked": 0
        },
        {
            "id_sub_bl": 63673,
            "id_daerah": 473,
            "tahun": 2026,
            "id_unit": 647,
            "id_skpd": 647,
            "created_user": 2462,
            "kode_skpd": "7.01.0.00.0.00.08.0000",
            "nama_skpd": "Kecamatan Giri Mulya",
            "id_urusan": 17,
            "kode_urusan": "7",
            "nama_urusan": "UNSUR KEWILAYAHAN",
            "id_bidang_urusan": 243,
            "kode_bidang_urusan": "7.01",
            "nama_bidang_urusan": "KECAMATAN",
            "id_sub_skpd": 647,
            "kode_sub_skpd": "7.01.0.00.0.00.08.0000",
            "nama_sub_skpd": "Kecamatan Giri Mulya",
            "set_pagu_user": 2462,
            "set_pagu_at": "Thu, 26 Jun 2025 09:03:45 GMT",
            "id_program": 4451,
            "kode_program": "7.01.01",
            "nama_program": "PROGRAM PENUNJANG URUSAN PEMERINTAHAN DAERAH KABUPATEN/KOTA",
            "id_giat": 18371,
            "kode_giat": "7.01.01.2.01",
            "nama_giat": "Perencanaan, Penganggaran, dan Evaluasi Kinerja Perangkat Daerah",
            "pagu_giat": 17200000.0,
            "rinci_giat": null,
            "id_sub_giat": 60590,
            "kode_sub_giat": "7.01.01.2.01.0002",
            "nama_sub_giat": "Koordinasi dan Penyusunan Dokumen RKA-SKPD",
            "pagu": 4250000.0,
            "pagu_indikatif": 4250000.0,
            "rincian": null,
            "kode_bl": "647.647.4451.18371",
            "kode_sbl": "647.647.4451.18371.60590",
            "kunci_bl": 1,
            "kunci_bl_rinci": 1,
            "user_created": "DRS. ASTO BUDI DARMANTO, MM",
            "created_date": "03-02-2025",
            "created_time": "11:03",
            "user_updated": "DRS. ASTO BUDI DARMANTO, MM",
            "updated_date": "03-02-2025",
            "updated_time": "21:40",
            "is_locked": 0
        },
        {
            "id_sub_bl": 63682,
            "id_daerah": 473,
            "tahun": 2026,
            "id_unit": 647,
            "id_skpd": 647,
            "created_user": 2462,
            "kode_skpd": "7.01.0.00.0.00.08.0000",
            "nama_skpd": "Kecamatan Giri Mulya",
            "id_urusan": 17,
            "kode_urusan": "7",
            "nama_urusan": "UNSUR KEWILAYAHAN",
            "id_bidang_urusan": 243,
            "kode_bidang_urusan": "7.01",
            "nama_bidang_urusan": "KECAMATAN",
            "id_sub_skpd": 647,
            "kode_sub_skpd": "7.01.0.00.0.00.08.0000",
            "nama_sub_skpd": "Kecamatan Giri Mulya",
            "set_pagu_user": 2462,
            "set_pagu_at": "Thu, 26 Jun 2025 09:03:45 GMT",
            "id_program": 4451,
            "kode_program": "7.01.01",
            "nama_program": "PROGRAM PENUNJANG URUSAN PEMERINTAHAN DAERAH KABUPATEN/KOTA",
            "id_giat": 18371,
            "kode_giat": "7.01.01.2.01",
            "nama_giat": "Perencanaan, Penganggaran, dan Evaluasi Kinerja Perangkat Daerah",
            "pagu_giat": 17200000.0,
            "rinci_giat": null,
            "id_sub_giat": 60592,
            "kode_sub_giat": "7.01.01.2.01.0004",
            "nama_sub_giat": "Koordinasi dan Penyusunan DPA-SKPD",
            "pagu": 4250000.0,
            "pagu_indikatif": 4250000.0,
            "rincian": null,
            "kode_bl": "647.647.4451.18371",
            "kode_sbl": "647.647.4451.18371.60592",
            "kunci_bl": 1,
            "kunci_bl_rinci": 1,
            "user_created": "DRS. ASTO BUDI DARMANTO, MM",
            "created_date": "03-02-2025",
            "created_time": "11:08",
            "user_updated": "DRS. ASTO BUDI DARMANTO, MM",
            "updated_date": "03-02-2025",
            "updated_time": "21:41",
            "is_locked": 0
        },
        {
            "id_sub_bl": 63691,
            "id_daerah": 473,
            "tahun": 2026,
            "id_unit": 647,
            "id_skpd": 647,
            "created_user": 2462,
            "kode_skpd": "7.01.0.00.0.00.08.0000",
            "nama_skpd": "Kecamatan Giri Mulya",
            "id_urusan": 17,
            "kode_urusan": "7",
            "nama_urusan": "UNSUR KEWILAYAHAN",
            "id_bidang_urusan": 243,
            "kode_bidang_urusan": "7.01",
            "nama_bidang_urusan": "KECAMATAN",
            "id_sub_skpd": 647,
            "kode_sub_skpd": "7.01.0.00.0.00.08.0000",
            "nama_sub_skpd": "Kecamatan Giri Mulya",
            "set_pagu_user": 2462,
            "set_pagu_at": "Thu, 26 Jun 2025 09:03:45 GMT",
            "id_program": 4451,
            "kode_program": "7.01.01",
            "nama_program": "PROGRAM PENUNJANG URUSAN PEMERINTAHAN DAERAH KABUPATEN/KOTA",
            "id_giat": 18371,
            "kode_giat": "7.01.01.2.01",
            "nama_giat": "Perencanaan, Penganggaran, dan Evaluasi Kinerja Perangkat Daerah",
            "pagu_giat": 17200000.0,
            "rinci_giat": null,
            "id_sub_giat": 60594,
            "kode_sub_giat": "7.01.01.2.01.0006",
            "nama_sub_giat": "Koordinasi dan Penyusunan Laporan Capaian Kinerja dan Ikhtisar Realisasi Kinerja SKPD",
            "pagu": 2600000.0,
            "pagu_indikatif": 2600000.0,
            "rincian": null,
            "kode_bl": "647.647.4451.18371",
            "kode_sbl": "647.647.4451.18371.60594",
            "kunci_bl": 1,
            "kunci_bl_rinci": 1,
            "user_created": "DRS. ASTO BUDI DARMANTO, MM",
            "created_date": "03-02-2025",
            "created_time": "11:14",
            "user_updated": null,
            "updated_date": null,
            "updated_time": null,
            "is_locked": 0
        },
        {
            "id_sub_bl": 63696,
            "id_daerah": 473,
            "tahun": 2026,
            "id_unit": 647,
            "id_skpd": 647,
            "created_user": 2462,
            "kode_skpd": "7.01.0.00.0.00.08.0000",
            "nama_skpd": "Kecamatan Giri Mulya",
            "id_urusan": 17,
            "kode_urusan": "7",
            "nama_urusan": "UNSUR KEWILAYAHAN",
            "id_bidang_urusan": 243,
            "kode_bidang_urusan": "7.01",
            "nama_bidang_urusan": "KECAMATAN",
            "id_sub_skpd": 647,
            "kode_sub_skpd": "7.01.0.00.0.00.08.0000",
            "nama_sub_skpd": "Kecamatan Giri Mulya",
            "set_pagu_user": 2462,
            "set_pagu_at": "Thu, 26 Jun 2025 09:03:45 GMT",
            "id_program": 4451,
            "kode_program": "7.01.01",
            "nama_program": "PROGRAM PENUNJANG URUSAN PEMERINTAHAN DAERAH KABUPATEN/KOTA",
            "id_giat": 18371,
            "kode_giat": "7.01.01.2.01",
            "nama_giat": "Perencanaan, Penganggaran, dan Evaluasi Kinerja Perangkat Daerah",
            "pagu_giat": 17200000.0,
            "rinci_giat": null,
            "id_sub_giat": 60595,
            "kode_sub_giat": "7.01.01.2.01.0007",
            "nama_sub_giat": "Evaluasi Kinerja Perangkat Daerah",
            "pagu": 2600000.0,
            "pagu_indikatif": 2600000.0,
            "rincian": null,
            "kode_bl": "647.647.4451.18371",
            "kode_sbl": "647.647.4451.18371.60595",
            "kunci_bl": 1,
            "kunci_bl_rinci": 1,
            "user_created": "DRS. ASTO BUDI DARMANTO, MM",
            "created_date": "03-02-2025",
            "created_time": "11:16",
            "user_updated": null,
            "updated_date": null,
            "updated_time": null,
            "is_locked": 0
        },
        {
            "id_sub_bl": 63607,
            "id_daerah": 473,
            "tahun": 2026,
            "id_unit": 647,
            "id_skpd": 647,
            "created_user": 2462,
            "kode_skpd": "7.01.0.00.0.00.08.0000",
            "nama_skpd": "Kecamatan Giri Mulya",
            "id_urusan": 17,
            "kode_urusan": "7",
            "nama_urusan": "UNSUR KEWILAYAHAN",
            "id_bidang_urusan": 243,
            "kode_bidang_urusan": "7.01",
            "nama_bidang_urusan": "KECAMATAN",
            "id_sub_skpd": 647,
            "kode_sub_skpd": "7.01.0.00.0.00.08.0000",
            "nama_sub_skpd": "Kecamatan Giri Mulya",
            "set_pagu_user": 2462,
            "set_pagu_at": "Thu, 26 Jun 2025 09:03:45 GMT",
            "id_program": 4451,
            "kode_program": "7.01.01",
            "nama_program": "PROGRAM PENUNJANG URUSAN PEMERINTAHAN DAERAH KABUPATEN/KOTA",
            "id_giat": 18372,
            "kode_giat": "7.01.01.2.02",
            "nama_giat": "Administrasi Keuangan Perangkat Daerah",
            "pagu_giat": 2245933003.0,
            "rinci_giat": null,
            "id_sub_giat": 60602,
            "kode_sub_giat": "7.01.01.2.02.0001",
            "nama_sub_giat": "Penyediaan Gaji dan Tunjangan ASN",
            "pagu": 1099916903.0,
            "pagu_indikatif": 1099916903.0,
            "rincian": null,
            "kode_bl": "647.647.4451.18372",
            "kode_sbl": "647.647.4451.18372.60602",
            "kunci_bl": 1,
            "kunci_bl_rinci": 1,
            "user_created": "DRS. ASTO BUDI DARMANTO, MM",
            "created_date": "03-02-2025",
            "created_time": "10:30",
            "user_updated": "DRS. ASTO BUDI DARMANTO, MM",
            "updated_date": "25-03-2025",
            "updated_time": "09:19",
            "is_locked": 0
        },
        {
            "id_sub_bl": 63700,
            "id_daerah": 473,
            "tahun": 2026,
            "id_unit": 647,
            "id_skpd": 647,
            "created_user": 2462,
            "kode_skpd": "7.01.0.00.0.00.08.0000",
            "nama_skpd": "Kecamatan Giri Mulya",
            "id_urusan": 17,
            "kode_urusan": "7",
            "nama_urusan": "UNSUR KEWILAYAHAN",
            "id_bidang_urusan": 243,
            "kode_bidang_urusan": "7.01",
            "nama_bidang_urusan": "KECAMATAN",
            "id_sub_skpd": 647,
            "kode_sub_skpd": "7.01.0.00.0.00.08.0000",
            "nama_sub_skpd": "Kecamatan Giri Mulya",
            "set_pagu_user": 2462,
            "set_pagu_at": "Thu, 26 Jun 2025 09:03:45 GMT",
            "id_program": 4451,
            "kode_program": "7.01.01",
            "nama_program": "PROGRAM PENUNJANG URUSAN PEMERINTAHAN DAERAH KABUPATEN/KOTA",
            "id_giat": 18372,
            "kode_giat": "7.01.01.2.02",
            "nama_giat": "Administrasi Keuangan Perangkat Daerah",
            "pagu_giat": 2245933003.0,
            "rinci_giat": null,
            "id_sub_giat": 60604,
            "kode_sub_giat": "7.01.01.2.02.0003",
            "nama_sub_giat": "Pelaksanaan Penatausahaan dan\r\n\nPengujian/Verifikasi Keuangan SKPD",
            "pagu": 47000000.0,
            "pagu_indikatif": 47000000.0,
            "rincian": null,
            "kode_bl": "647.647.4451.18372",
            "kode_sbl": "647.647.4451.18372.60604",
            "kunci_bl": 1,
            "kunci_bl_rinci": 1,
            "user_created": "DRS. ASTO BUDI DARMANTO, MM",
            "created_date": "03-02-2025",
            "created_time": "11:18",
            "user_updated": "DRS. ASTO BUDI DARMANTO, MM",
            "updated_date": "03-02-2025",
            "updated_time": "21:43",
            "is_locked": 0
        },
        {
            "id_sub_bl": 63816,
            "id_daerah": 473,
            "tahun": 2026,
            "id_unit": 647,
            "id_skpd": 647,
            "created_user": 2462,
            "kode_skpd": "7.01.0.00.0.00.08.0000",
            "nama_skpd": "Kecamatan Giri Mulya",
            "id_urusan": 17,
            "kode_urusan": "7",
            "nama_urusan": "UNSUR KEWILAYAHAN",
            "id_bidang_urusan": 243,
            "kode_bidang_urusan": "7.01",
            "nama_bidang_urusan": "KECAMATAN",
            "id_sub_skpd": 647,
            "kode_sub_skpd": "7.01.0.00.0.00.08.0000",
            "nama_sub_skpd": "Kecamatan Giri Mulya",
            "set_pagu_user": 2462,
            "set_pagu_at": "Thu, 26 Jun 2025 09:03:45 GMT",
            "id_program": 4451,
            "kode_program": "7.01.01",
            "nama_program": "PROGRAM PENUNJANG URUSAN PEMERINTAHAN DAERAH KABUPATEN/KOTA",
            "id_giat": 18372,
            "kode_giat": "7.01.01.2.02",
            "nama_giat": "Administrasi Keuangan Perangkat Daerah",
            "pagu_giat": 2245933003.0,
            "rinci_giat": null,
            "id_sub_giat": 60606,
            "kode_sub_giat": "7.01.01.2.02.0005",
            "nama_sub_giat": "Koordinasi dan Penyusunan Laporan Keuangan Akhir Tahun SKPD",
            "pagu": 3000000.0,
            "pagu_indikatif": 3000000.0,
            "rincian": null,
            "kode_bl": "647.647.4451.18372",
            "kode_sbl": "647.647.4451.18372.60606",
            "kunci_bl": 1,
            "kunci_bl_rinci": 1,
            "user_created": "DRS. ASTO BUDI DARMANTO, MM",
            "created_date": "03-02-2025",
            "created_time": "12:10",
            "user_updated": "DRS. ASTO BUDI DARMANTO, MM",
            "updated_date": "03-02-2025",
            "updated_time": "21:42",
            "is_locked": 0
        },
        {
            "id_sub_bl": 63818,
            "id_daerah": 473,
            "tahun": 2026,
            "id_unit": 647,
            "id_skpd": 647,
            "created_user": 2462,
            "kode_skpd": "7.01.0.00.0.00.08.0000",
            "nama_skpd": "Kecamatan Giri Mulya",
            "id_urusan": 17,
            "kode_urusan": "7",
            "nama_urusan": "UNSUR KEWILAYAHAN",
            "id_bidang_urusan": 243,
            "kode_bidang_urusan": "7.01",
            "nama_bidang_urusan": "KECAMATAN",
            "id_sub_skpd": 647,
            "kode_sub_skpd": "7.01.0.00.0.00.08.0000",
            "nama_sub_skpd": "Kecamatan Giri Mulya",
            "set_pagu_user": 2462,
            "set_pagu_at": "Thu, 26 Jun 2025 09:03:45 GMT",
            "id_program": 4451,
            "kode_program": "7.01.01",
            "nama_program": "PROGRAM PENUNJANG URUSAN PEMERINTAHAN DAERAH KABUPATEN/KOTA",
            "id_giat": 18373,
            "kode_giat": "7.01.01.2.03",
            "nama_giat": "Administrasi Barang Milik Daerah pada Perangkat Daerah",
            "pagu_giat": 25000000.0,
            "rinci_giat": null,
            "id_sub_giat": 60615,
            "kode_sub_giat": "7.01.01.2.03.0006",
            "nama_sub_giat": "Penatausahaan Barang Milik Daerah pada SKPD",
            "pagu": 25000000.0,
            "pagu_indikatif": 25000000.0,
            "rincian": null,
            "kode_bl": "647.647.4451.18373",
            "kode_sbl": "647.647.4451.18373.60615",
            "kunci_bl": 1,
            "kunci_bl_rinci": 1,
            "user_created": "DRS. ASTO BUDI DARMANTO, MM",
            "created_date": "03-02-2025",
            "created_time": "12:11",
            "user_updated": "DRS. ASTO BUDI DARMANTO, MM",
            "updated_date": "03-02-2025",
            "updated_time": "21:43",
            "is_locked": 0
        },
        {
            "id_sub_bl": 64410,
            "id_daerah": 473,
            "tahun": 2026,
            "id_unit": 647,
            "id_skpd": 647,
            "created_user": 2462,
            "kode_skpd": "7.01.0.00.0.00.08.0000",
            "nama_skpd": "Kecamatan Giri Mulya",
            "id_urusan": 17,
            "kode_urusan": "7",
            "nama_urusan": "UNSUR KEWILAYAHAN",
            "id_bidang_urusan": 243,
            "kode_bidang_urusan": "7.01",
            "nama_bidang_urusan": "KECAMATAN",
            "id_sub_skpd": 647,
            "kode_sub_skpd": "7.01.0.00.0.00.08.0000",
            "nama_sub_skpd": "Kecamatan Giri Mulya",
            "set_pagu_user": 2462,
            "set_pagu_at": "Thu, 26 Jun 2025 09:03:45 GMT",
            "id_program": 4451,
            "kode_program": "7.01.01",
            "nama_program": "PROGRAM PENUNJANG URUSAN PEMERINTAHAN DAERAH KABUPATEN/KOTA",
            "id_giat": 18376,
            "kode_giat": "7.01.01.2.06",
            "nama_giat": "Administrasi Umum Perangkat Daerah",
            "pagu_giat": 151169000.0,
            "rinci_giat": null,
            "id_sub_giat": 60635,
            "kode_sub_giat": "7.01.01.2.06.0001",
            "nama_sub_giat": "Penyediaan Komponen Instalasi\r\n\nListrik/Penerangan Bangunan Kantor",
            "pagu": 3000000.0,
            "pagu_indikatif": 3000000.0,
            "rincian": null,
            "kode_bl": "647.647.4451.18376",
            "kode_sbl": "647.647.4451.18376.60635",
            "kunci_bl": 1,
            "kunci_bl_rinci": 1,
            "user_created": "DRS. ASTO BUDI DARMANTO, MM",
            "created_date": "03-02-2025",
            "created_time": "21:48",
            "user_updated": "DRS. ASTO BUDI DARMANTO, MM",
            "updated_date": "24-03-2025",
            "updated_time": "08:20",
            "is_locked": 0
        },
        {
            "id_sub_bl": 63819,
            "id_daerah": 473,
            "tahun": 2026,
            "id_unit": 647,
            "id_skpd": 647,
            "created_user": 2462,
            "kode_skpd": "7.01.0.00.0.00.08.0000",
            "nama_skpd": "Kecamatan Giri Mulya",
            "id_urusan": 17,
            "kode_urusan": "7",
            "nama_urusan": "UNSUR KEWILAYAHAN",
            "id_bidang_urusan": 243,
            "kode_bidang_urusan": "7.01",
            "nama_bidang_urusan": "KECAMATAN",
            "id_sub_skpd": 647,
            "kode_sub_skpd": "7.01.0.00.0.00.08.0000",
            "nama_sub_skpd": "Kecamatan Giri Mulya",
            "set_pagu_user": 2462,
            "set_pagu_at": "Thu, 26 Jun 2025 09:03:45 GMT",
            "id_program": 4451,
            "kode_program": "7.01.01",
            "nama_program": "PROGRAM PENUNJANG URUSAN PEMERINTAHAN DAERAH KABUPATEN/KOTA",
            "id_giat": 18376,
            "kode_giat": "7.01.01.2.06",
            "nama_giat": "Administrasi Umum Perangkat Daerah",
            "pagu_giat": 151169000.0,
            "rinci_giat": null,
            "id_sub_giat": 60637,
            "kode_sub_giat": "7.01.01.2.06.0003",
            "nama_sub_giat": "Penyediaan Peralatan Rumah Tangga",
            "pagu": 20000000.0,
            "pagu_indikatif": 20000000.0,
            "rincian": null,
            "kode_bl": "647.647.4451.18376",
            "kode_sbl": "647.647.4451.18376.60637",
            "kunci_bl": 1,
            "kunci_bl_rinci": 1,
            "user_created": "DRS. ASTO BUDI DARMANTO, MM",
            "created_date": "03-02-2025",
            "created_time": "12:13",
            "user_updated": "DRS. ASTO BUDI DARMANTO, MM",
            "updated_date": "03-02-2025",
            "updated_time": "21:38",
            "is_locked": 0
        },
        {
            "id_sub_bl": 63844,
            "id_daerah": 473,
            "tahun": 2026,
            "id_unit": 647,
            "id_skpd": 647,
            "created_user": 2462,
            "kode_skpd": "7.01.0.00.0.00.08.0000",
            "nama_skpd": "Kecamatan Giri Mulya",
            "id_urusan": 17,
            "kode_urusan": "7",
            "nama_urusan": "UNSUR KEWILAYAHAN",
            "id_bidang_urusan": 243,
            "kode_bidang_urusan": "7.01",
            "nama_bidang_urusan": "KECAMATAN",
            "id_sub_skpd": 647,
            "kode_sub_skpd": "7.01.0.00.0.00.08.0000",
            "nama_sub_skpd": "Kecamatan Giri Mulya",
            "set_pagu_user": 2462,
            "set_pagu_at": "Thu, 26 Jun 2025 09:03:45 GMT",
            "id_program": 4451,
            "kode_program": "7.01.01",
            "nama_program": "PROGRAM PENUNJANG URUSAN PEMERINTAHAN DAERAH KABUPATEN/KOTA",
            "id_giat": 18376,
            "kode_giat": "7.01.01.2.06",
            "nama_giat": "Administrasi Umum Perangkat Daerah",
            "pagu_giat": 151169000.0,
            "rinci_giat": null,
            "id_sub_giat": 60638,
            "kode_sub_giat": "7.01.01.2.06.0004",
            "nama_sub_giat": "Penyediaan Bahan Logistik Kantor",
            "pagu": 32969000.0,
            "pagu_indikatif": 32969000.0,
            "rincian": null,
            "kode_bl": "647.647.4451.18376",
            "kode_sbl": "647.647.4451.18376.60638",
            "kunci_bl": 1,
            "kunci_bl_rinci": 1,
            "user_created": "DRS. ASTO BUDI DARMANTO, MM",
            "created_date": "03-02-2025",
            "created_time": "12:31",
            "user_updated": "DRS. ASTO BUDI DARMANTO, MM",
            "updated_date": "25-03-2025",
            "updated_time": "09:24",
            "is_locked": 0
        },
        {
            "id_sub_bl": 63848,
            "id_daerah": 473,
            "tahun": 2026,
            "id_unit": 647,
            "id_skpd": 647,
            "created_user": 2462,
            "kode_skpd": "7.01.0.00.0.00.08.0000",
            "nama_skpd": "Kecamatan Giri Mulya",
            "id_urusan": 17,
            "kode_urusan": "7",
            "nama_urusan": "UNSUR KEWILAYAHAN",
            "id_bidang_urusan": 243,
            "kode_bidang_urusan": "7.01",
            "nama_bidang_urusan": "KECAMATAN",
            "id_sub_skpd": 647,
            "kode_sub_skpd": "7.01.0.00.0.00.08.0000",
            "nama_sub_skpd": "Kecamatan Giri Mulya",
            "set_pagu_user": 2462,
            "set_pagu_at": "Thu, 26 Jun 2025 09:03:45 GMT",
            "id_program": 4451,
            "kode_program": "7.01.01",
            "nama_program": "PROGRAM PENUNJANG URUSAN PEMERINTAHAN DAERAH KABUPATEN/KOTA",
            "id_giat": 18376,
            "kode_giat": "7.01.01.2.06",
            "nama_giat": "Administrasi Umum Perangkat Daerah",
            "pagu_giat": 151169000.0,
            "rinci_giat": null,
            "id_sub_giat": 60639,
            "kode_sub_giat": "7.01.01.2.06.0005",
            "nama_sub_giat": "Penyediaan Barang Cetakan dan Penggandaan",
            "pagu": 3600000.0,
            "pagu_indikatif": 3600000.0,
            "rincian": null,
            "kode_bl": "647.647.4451.18376",
            "kode_sbl": "647.647.4451.18376.60639",
            "kunci_bl": 1,
            "kunci_bl_rinci": 1,
            "user_created": "DRS. ASTO BUDI DARMANTO, MM",
            "created_date": "03-02-2025",
            "created_time": "12:32",
            "user_updated": "DRS. ASTO BUDI DARMANTO, MM",
            "updated_date": "03-02-2025",
            "updated_time": "21:46",
            "is_locked": 0
        },
        {
            "id_sub_bl": 64361,
            "id_daerah": 473,
            "tahun": 2026,
            "id_unit": 647,
            "id_skpd": 647,
            "created_user": 2462,
            "kode_skpd": "7.01.0.00.0.00.08.0000",
            "nama_skpd": "Kecamatan Giri Mulya",
            "id_urusan": 17,
            "kode_urusan": "7",
            "nama_urusan": "UNSUR KEWILAYAHAN",
            "id_bidang_urusan": 243,
            "kode_bidang_urusan": "7.01",
            "nama_bidang_urusan": "KECAMATAN",
            "id_sub_skpd": 647,
            "kode_sub_skpd": "7.01.0.00.0.00.08.0000",
            "nama_sub_skpd": "Kecamatan Giri Mulya",
            "set_pagu_user": 2462,
            "set_pagu_at": "Thu, 26 Jun 2025 09:03:45 GMT",
            "id_program": 4451,
            "kode_program": "7.01.01",
            "nama_program": "PROGRAM PENUNJANG URUSAN PEMERINTAHAN DAERAH KABUPATEN/KOTA",
            "id_giat": 18376,
            "kode_giat": "7.01.01.2.06",
            "nama_giat": "Administrasi Umum Perangkat Daerah",
            "pagu_giat": 151169000.0,
            "rinci_giat": null,
            "id_sub_giat": 60640,
            "kode_sub_giat": "7.01.01.2.06.0006",
            "nama_sub_giat": "Penyediaan Bahan Bacaan dan Peraturan Perundang-undangan",
            "pagu": 3600000.0,
            "pagu_indikatif": 3600000.0,
            "rincian": null,
            "kode_bl": "647.647.4451.18376",
            "kode_sbl": "647.647.4451.18376.60640",
            "kunci_bl": 1,
            "kunci_bl_rinci": 1,
            "user_created": "DRS. ASTO BUDI DARMANTO, MM",
            "created_date": "03-02-2025",
            "created_time": "21:11",
            "user_updated": null,
            "updated_date": null,
            "updated_time": null,
            "is_locked": 0
        },
        {
            "id_sub_bl": 64362,
            "id_daerah": 473,
            "tahun": 2026,
            "id_unit": 647,
            "id_skpd": 647,
            "created_user": 2462,
            "kode_skpd": "7.01.0.00.0.00.08.0000",
            "nama_skpd": "Kecamatan Giri Mulya",
            "id_urusan": 17,
            "kode_urusan": "7",
            "nama_urusan": "UNSUR KEWILAYAHAN",
            "id_bidang_urusan": 243,
            "kode_bidang_urusan": "7.01",
            "nama_bidang_urusan": "KECAMATAN",
            "id_sub_skpd": 647,
            "kode_sub_skpd": "7.01.0.00.0.00.08.0000",
            "nama_sub_skpd": "Kecamatan Giri Mulya",
            "set_pagu_user": 2462,
            "set_pagu_at": "Thu, 26 Jun 2025 09:03:45 GMT",
            "id_program": 4451,
            "kode_program": "7.01.01",
            "nama_program": "PROGRAM PENUNJANG URUSAN PEMERINTAHAN DAERAH KABUPATEN/KOTA",
            "id_giat": 18376,
            "kode_giat": "7.01.01.2.06",
            "nama_giat": "Administrasi Umum Perangkat Daerah",
            "pagu_giat": 151169000.0,
            "rinci_giat": null,
            "id_sub_giat": 60643,
            "kode_sub_giat": "7.01.01.2.06.0009",
            "nama_sub_giat": "Penyelenggaraan Rapat Koordinasi dan Konsultasi SKPD",
            "pagu": 88000000.0,
            "pagu_indikatif": 88000000.0,
            "rincian": null,
            "kode_bl": "647.647.4451.18376",
            "kode_sbl": "647.647.4451.18376.60643",
            "kunci_bl": 1,
            "kunci_bl_rinci": 1,
            "user_created": "DRS. ASTO BUDI DARMANTO, MM",
            "created_date": "03-02-2025",
            "created_time": "21:13",
            "user_updated": "DRS. ASTO BUDI DARMANTO, MM",
            "updated_date": "25-03-2025",
            "updated_time": "09:23",
            "is_locked": 0
        },
        {
            "id_sub_bl": 73190,
            "id_daerah": 473,
            "tahun": 2026,
            "id_unit": 647,
            "id_skpd": 647,
            "created_user": 2462,
            "kode_skpd": "7.01.0.00.0.00.08.0000",
            "nama_skpd": "Kecamatan Giri Mulya",
            "id_urusan": 17,
            "kode_urusan": "7",
            "nama_urusan": "UNSUR KEWILAYAHAN",
            "id_bidang_urusan": 243,
            "kode_bidang_urusan": "7.01",
            "nama_bidang_urusan": "KECAMATAN",
            "id_sub_skpd": 647,
            "kode_sub_skpd": "7.01.0.00.0.00.08.0000",
            "nama_sub_skpd": "Kecamatan Giri Mulya",
            "set_pagu_user": 2462,
            "set_pagu_at": "Thu, 26 Jun 2025 09:03:45 GMT",
            "id_program": 4451,
            "kode_program": "7.01.01",
            "nama_program": "PROGRAM PENUNJANG URUSAN PEMERINTAHAN DAERAH KABUPATEN/KOTA",
            "id_giat": 18377,
            "kode_giat": "7.01.01.2.07",
            "nama_giat": "Pengadaan Barang Milik Daerah Penunjang Urusan Pemerintah Daerah",
            "pagu_giat": 250000000.0,
            "rinci_giat": null,
            "id_sub_giat": 60650,
            "kode_sub_giat": "7.01.01.2.07.0005",
            "nama_sub_giat": "Pengadaan Mebel",
            "pagu": 25000000.0,
            "pagu_indikatif": 25000000.0,
            "rincian": null,
            "kode_bl": "647.647.4451.18377",
            "kode_sbl": "647.647.4451.18377.60650",
            "kunci_bl": 1,
            "kunci_bl_rinci": 1,
            "user_created": "DRS. ASTO BUDI DARMANTO, MM",
            "created_date": "24-03-2025",
            "created_time": "08:31",
            "user_updated": null,
            "updated_date": null,
            "updated_time": null,
            "is_locked": 0
        },
        {
            "id_sub_bl": 63834,
            "id_daerah": 473,
            "tahun": 2026,
            "id_unit": 647,
            "id_skpd": 647,
            "created_user": 2462,
            "kode_skpd": "7.01.0.00.0.00.08.0000",
            "nama_skpd": "Kecamatan Giri Mulya",
            "id_urusan": 17,
            "kode_urusan": "7",
            "nama_urusan": "UNSUR KEWILAYAHAN",
            "id_bidang_urusan": 243,
            "kode_bidang_urusan": "7.01",
            "nama_bidang_urusan": "KECAMATAN",
            "id_sub_skpd": 647,
            "kode_sub_skpd": "7.01.0.00.0.00.08.0000",
            "nama_sub_skpd": "Kecamatan Giri Mulya",
            "set_pagu_user": 2462,
            "set_pagu_at": "Thu, 26 Jun 2025 09:03:45 GMT",
            "id_program": 4451,
            "kode_program": "7.01.01",
            "nama_program": "PROGRAM PENUNJANG URUSAN PEMERINTAHAN DAERAH KABUPATEN/KOTA",
            "id_giat": 18377,
            "kode_giat": "7.01.01.2.07",
            "nama_giat": "Pengadaan Barang Milik Daerah Penunjang Urusan Pemerintah Daerah",
            "pagu_giat": 250000000.0,
            "rinci_giat": null,
            "id_sub_giat": 60656,
            "kode_sub_giat": "7.01.01.2.07.0011",
            "nama_sub_giat": "Pengadaan Sarana dan Prasarana Pendukung Gedung Kantor atau Bangunan Lainnya",
            "pagu": 150000000.0,
            "pagu_indikatif": 150000000.0,
            "rincian": null,
            "kode_bl": "647.647.4451.18377",
            "kode_sbl": "647.647.4451.18377.60656",
            "kunci_bl": 1,
            "kunci_bl_rinci": 1,
            "user_created": "DRS. ASTO BUDI DARMANTO, MM",
            "created_date": "03-02-2025",
            "created_time": "12:24",
            "user_updated": "DRS. ASTO BUDI DARMANTO, MM",
            "updated_date": "24-03-2025",
            "updated_time": "08:33",
            "is_locked": 0
        },
        {
            "id_sub_bl": 64372,
            "id_daerah": 473,
            "tahun": 2026,
            "id_unit": 647,
            "id_skpd": 647,
            "created_user": 2462,
            "kode_skpd": "7.01.0.00.0.00.08.0000",
            "nama_skpd": "Kecamatan Giri Mulya",
            "id_urusan": 17,
            "kode_urusan": "7",
            "nama_urusan": "UNSUR KEWILAYAHAN",
            "id_bidang_urusan": 243,
            "kode_bidang_urusan": "7.01",
            "nama_bidang_urusan": "KECAMATAN",
            "id_sub_skpd": 647,
            "kode_sub_skpd": "7.01.0.00.0.00.08.0000",
            "nama_sub_skpd": "Kecamatan Giri Mulya",
            "set_pagu_user": 2462,
            "set_pagu_at": "Thu, 26 Jun 2025 09:03:45 GMT",
            "id_program": 4451,
            "kode_program": "7.01.01",
            "nama_program": "PROGRAM PENUNJANG URUSAN PEMERINTAHAN DAERAH KABUPATEN/KOTA",
            "id_giat": 18378,
            "kode_giat": "7.01.01.2.08",
            "nama_giat": "Penyediaan Jasa Penunjang Urusan Pemerintahan Daerah",
            "pagu_giat": 92000000.0,
            "rinci_giat": null,
            "id_sub_giat": 60658,
            "kode_sub_giat": "7.01.01.2.08.0002",
            "nama_sub_giat": "Penyediaan Jasa Komunikasi, Sumber Daya Air dan Listrik",
            "pagu": 20000000.0,
            "pagu_indikatif": 20000000.0,
            "rincian": null,
            "kode_bl": "647.647.4451.18378",
            "kode_sbl": "647.647.4451.18378.60658",
            "kunci_bl": 1,
            "kunci_bl_rinci": 1,
            "user_created": "DRS. ASTO BUDI DARMANTO, MM",
            "created_date": "03-02-2025",
            "created_time": "21:21",
            "user_updated": null,
            "updated_date": null,
            "updated_time": null,
            "is_locked": 0
        },
        {
            "id_sub_bl": 64374,
            "id_daerah": 473,
            "tahun": 2026,
            "id_unit": 647,
            "id_skpd": 647,
            "created_user": 2462,
            "kode_skpd": "7.01.0.00.0.00.08.0000",
            "nama_skpd": "Kecamatan Giri Mulya",
            "id_urusan": 17,
            "kode_urusan": "7",
            "nama_urusan": "UNSUR KEWILAYAHAN",
            "id_bidang_urusan": 243,
            "kode_bidang_urusan": "7.01",
            "nama_bidang_urusan": "KECAMATAN",
            "id_sub_skpd": 647,
            "kode_sub_skpd": "7.01.0.00.0.00.08.0000",
            "nama_sub_skpd": "Kecamatan Giri Mulya",
            "set_pagu_user": 2462,
            "set_pagu_at": "Thu, 26 Jun 2025 09:03:45 GMT",
            "id_program": 4451,
            "kode_program": "7.01.01",
            "nama_program": "PROGRAM PENUNJANG URUSAN PEMERINTAHAN DAERAH KABUPATEN/KOTA",
            "id_giat": 18378,
            "kode_giat": "7.01.01.2.08",
            "nama_giat": "Penyediaan Jasa Penunjang Urusan Pemerintahan Daerah",
            "pagu_giat": 92000000.0,
            "rinci_giat": null,
            "id_sub_giat": 60660,
            "kode_sub_giat": "7.01.01.2.08.0004",
            "nama_sub_giat": "Penyediaan Jasa Pelayanan Umum Kantor",
            "pagu": 72000000.0,
            "pagu_indikatif": 72000000.0,
            "rincian": null,
            "kode_bl": "647.647.4451.18378",
            "kode_sbl": "647.647.4451.18378.60660",
            "kunci_bl": 1,
            "kunci_bl_rinci": 1,
            "user_created": "DRS. ASTO BUDI DARMANTO, MM",
            "created_date": "03-02-2025",
            "created_time": "21:22",
            "user_updated": "DRS. ASTO BUDI DARMANTO, MM",
            "updated_date": "24-03-2025",
            "updated_time": "08:32",
            "is_locked": 0
        },
        {
            "id_sub_bl": 64379,
            "id_daerah": 473,
            "tahun": 2026,
            "id_unit": 647,
            "id_skpd": 647,
            "created_user": 2462,
            "kode_skpd": "7.01.0.00.0.00.08.0000",
            "nama_skpd": "Kecamatan Giri Mulya",
            "id_urusan": 17,
            "kode_urusan": "7",
            "nama_urusan": "UNSUR KEWILAYAHAN",
            "id_bidang_urusan": 243,
            "kode_bidang_urusan": "7.01",
            "nama_bidang_urusan": "KECAMATAN",
            "id_sub_skpd": 647,
            "kode_sub_skpd": "7.01.0.00.0.00.08.0000",
            "nama_sub_skpd": "Kecamatan Giri Mulya",
            "set_pagu_user": 2462,
            "set_pagu_at": "Thu, 26 Jun 2025 09:03:45 GMT",
            "id_program": 4451,
            "kode_program": "7.01.01",
            "nama_program": "PROGRAM PENUNJANG URUSAN PEMERINTAHAN DAERAH KABUPATEN/KOTA",
            "id_giat": 18379,
            "kode_giat": "7.01.01.2.09",
            "nama_giat": "Pemeliharaan Barang Milik Daerah Penunjang Urusan Pemerintahan Daerah",
            "pagu_giat": 40000000.0,
            "rinci_giat": null,
            "id_sub_giat": 60662,
            "kode_sub_giat": "7.01.01.2.09.0002",
            "nama_sub_giat": "Penyediaan Jasa Pemeliharaan, Biaya Pemeliharaan, Pajak dan Perizinan Kendaraan Dinas Operasional atau Lapangan",
            "pagu": 35000000.0,
            "pagu_indikatif": 35000000.0,
            "rincian": null,
            "kode_bl": "647.647.4451.18379",
            "kode_sbl": "647.647.4451.18379.60662",
            "kunci_bl": 1,
            "kunci_bl_rinci": 1,
            "user_created": "DRS. ASTO BUDI DARMANTO, MM",
            "created_date": "03-02-2025",
            "created_time": "21:25",
            "user_updated": null,
            "updated_date": null,
            "updated_time": null,
            "is_locked": 0
        },
        {
            "id_sub_bl": 73408,
            "id_daerah": 473,
            "tahun": 2026,
            "id_unit": 647,
            "id_skpd": 647,
            "created_user": 2462,
            "kode_skpd": "7.01.0.00.0.00.08.0000",
            "nama_skpd": "Kecamatan Giri Mulya",
            "id_urusan": 17,
            "kode_urusan": "7",
            "nama_urusan": "UNSUR KEWILAYAHAN",
            "id_bidang_urusan": 243,
            "kode_bidang_urusan": "7.01",
            "nama_bidang_urusan": "KECAMATAN",
            "id_sub_skpd": 647,
            "kode_sub_skpd": "7.01.0.00.0.00.08.0000",
            "nama_sub_skpd": "Kecamatan Giri Mulya",
            "set_pagu_user": 2462,
            "set_pagu_at": "Thu, 26 Jun 2025 09:03:45 GMT",
            "id_program": 4451,
            "kode_program": "7.01.01",
            "nama_program": "PROGRAM PENUNJANG URUSAN PEMERINTAHAN DAERAH KABUPATEN/KOTA",
            "id_giat": 18379,
            "kode_giat": "7.01.01.2.09",
            "nama_giat": "Pemeliharaan Barang Milik Daerah Penunjang Urusan Pemerintahan Daerah",
            "pagu_giat": 40000000.0,
            "rinci_giat": null,
            "id_sub_giat": 60666,
            "kode_sub_giat": "7.01.01.2.09.0006",
            "nama_sub_giat": "Pemeliharaan Peralatan dan Mesin Lainnya",
            "pagu": 5000000.0,
            "pagu_indikatif": 5000000.0,
            "rincian": null,
            "kode_bl": "647.647.4451.18379",
            "kode_sbl": "647.647.4451.18379.60666",
            "kunci_bl": 1,
            "kunci_bl_rinci": 1,
            "user_created": "DRS. ASTO BUDI DARMANTO, MM",
            "created_date": "26-03-2025",
            "created_time": "21:13",
            "user_updated": null,
            "updated_date": null,
            "updated_time": null,
            "is_locked": 0
        }
    ]