[
        {
            "id_sub_bl": 61014,
            "id_daerah": 473,
            "tahun": 2026,
            "id_unit": 977,
            "id_skpd": 977,
            "created_user": 1679,
            "kode_skpd": "7.01.0.00.0.00.11.0000",
            "nama_skpd": "Kecamatan Ketahun",
            "id_urusan": 17,
            "kode_urusan": "7",
            "nama_urusan": "UNSUR KEWILAYAHAN",
            "id_bidang_urusan": 243,
            "kode_bidang_urusan": "7.01",
            "nama_bidang_urusan": "KECAMATAN",
            "id_sub_skpd": 977,
            "kode_sub_skpd": "7.01.0.00.0.00.11.0000",
            "nama_sub_skpd": "Kecamatan Ketahun",
            "set_pagu_user": 1679,
            "set_pagu_at": "Tue, 25 Mar 2025 10:07:15 GMT",
            "id_program": 4418,
            "kode_program": "7.01.03",
            "nama_program": "PROGRAM PEMBERDAYAAN MASYARAKAT DESA DAN KELURAHAN",
            "id_giat": 18279,
            "kode_giat": "7.01.03.2.01",
            "nama_giat": "Koordinasi Kegiatan Pemberdayaan Desa",
            "pagu_giat": 25000000.0,
            "rinci_giat": null,
            "id_sub_giat": 59913,
            "kode_sub_giat": "7.01.03.2.01.0001",
            "nama_sub_giat": "Peningkatan Partisipasi Masyarakat dalam Forum Musyawarah Perencanaan Pembangunan di Desa",
            "pagu": 25000000.0,
            "pagu_indikatif": 25000000.0,
            "rincian": null,
            "kode_bl": "977.977.4418.18279",
            "kode_sbl": "977.977.4418.18279.59913",
            "kunci_bl": 1,
            "kunci_bl_rinci": 1,
            "user_created": "Nasri, S.Pd",
            "created_date": "29-01-2025",
            "created_time": "21:15",
            "user_updated": "Nasri, S.Pd",
            "updated_date": "25-03-2025",
            "updated_time": "09:36",
            "is_locked": 0
        },
        {
            "id_sub_bl": 61013,
            "id_daerah": 473,
            "tahun": 2026,
            "id_unit": 977,
            "id_skpd": 977,
            "created_user": 1679,
            "kode_skpd": "7.01.0.00.0.00.11.0000",
            "nama_skpd": "Kecamatan Ketahun",
            "id_urusan": 17,
            "kode_urusan": "7",
            "nama_urusan": "UNSUR KEWILAYAHAN",
            "id_bidang_urusan": 243,
            "kode_bidang_urusan": "7.01",
            "nama_bidang_urusan": "KECAMATAN",
            "id_sub_skpd": 977,
            "kode_sub_skpd": "7.01.0.00.0.00.11.0000",
            "nama_sub_skpd": "Kecamatan Ketahun",
            "set_pagu_user": 1679,
            "set_pagu_at": "Tue, 25 Mar 2025 10:07:15 GMT",
            "id_program": 4423,
            "kode_program": "7.01.06",
            "nama_program": "PROGRAM PEMBINAAN DAN PENGAWASAN PEMERINTAHAN DESA",
            "id_giat": 18290,
            "kode_giat": "7.01.06.2.01",
            "nama_giat": "Fasilitasi, Rekomendasi dan Koordinasi\n\nPembinaan dan Pengawasan Pemerintahan Desa",
            "pagu_giat": 100074400.0,
            "rinci_giat": null,
            "id_sub_giat": 59975,
            "kode_sub_giat": "7.01.06.2.01.0016",
            "nama_sub_giat": "Fasilitasi Penyusunan Program dan Pelaksanaan Pemberdayaan Masyarakat Desa",
            "pagu": 100074400.0,
            "pagu_indikatif": 100074400.0,
            "rincian": null,
            "kode_bl": "977.977.4423.18290",
            "kode_sbl": "977.977.4423.18290.59975",
            "kunci_bl": 1,
            "kunci_bl_rinci": 1,
            "user_created": "Nasri, S.Pd",
            "created_date": "29-01-2025",
            "created_time": "21:13",
            "user_updated": "Nasri, S.Pd",
            "updated_date": "25-03-2025",
            "updated_time": "09:37",
            "is_locked": 0
        },
        {
            "id_sub_bl": 60967,
            "id_daerah": 473,
            "tahun": 2026,
            "id_unit": 977,
            "id_skpd": 977,
            "created_user": 1679,
            "kode_skpd": "7.01.0.00.0.00.11.0000",
            "nama_skpd": "Kecamatan Ketahun",
            "id_urusan": 17,
            "kode_urusan": "7",
            "nama_urusan": "UNSUR KEWILAYAHAN",
            "id_bidang_urusan": 243,
            "kode_bidang_urusan": "7.01",
            "nama_bidang_urusan": "KECAMATAN",
            "id_sub_skpd": 977,
            "kode_sub_skpd": "7.01.0.00.0.00.11.0000",
            "nama_sub_skpd": "Kecamatan Ketahun",
            "set_pagu_user": 1679,
            "set_pagu_at": "Tue, 25 Mar 2025 10:07:15 GMT",
            "id_program": 4451,
            "kode_program": "7.01.01",
            "nama_program": "PROGRAM PENUNJANG URUSAN PEMERINTAHAN DAERAH KABUPATEN/KOTA",
            "id_giat": 18371,
            "kode_giat": "7.01.01.2.01",
            "nama_giat": "Perencanaan, Penganggaran, dan Evaluasi Kinerja Perangkat Daerah",
            "pagu_giat": 23750000.0,
            "rinci_giat": null,
            "id_sub_giat": 60589,
            "kode_sub_giat": "7.01.01.2.01.0001",
            "nama_sub_giat": "Penyusunan Dokumen Perencanaan Perangkat Daerah",
            "pagu": 12750000.0,
            "pagu_indikatif": 12750000.0,
            "rincian": null,
            "kode_bl": "977.977.4451.18371",
            "kode_sbl": "977.977.4451.18371.60589",
            "kunci_bl": 1,
            "kunci_bl_rinci": 1,
            "user_created": "Nasri, S.Pd",
            "created_date": "29-01-2025",
            "created_time": "15:22",
            "user_updated": "Nasri, S.Pd",
            "updated_date": "25-03-2025",
            "updated_time": "09:38",
            "is_locked": 0
        },
        {
            "id_sub_bl": 60991,
            "id_daerah": 473,
            "tahun": 2026,
            "id_unit": 977,
            "id_skpd": 977,
            "created_user": 1679,
            "kode_skpd": "7.01.0.00.0.00.11.0000",
            "nama_skpd": "Kecamatan Ketahun",
            "id_urusan": 17,
            "kode_urusan": "7",
            "nama_urusan": "UNSUR KEWILAYAHAN",
            "id_bidang_urusan": 243,
            "kode_bidang_urusan": "7.01",
            "nama_bidang_urusan": "KECAMATAN",
            "id_sub_skpd": 977,
            "kode_sub_skpd": "7.01.0.00.0.00.11.0000",
            "nama_sub_skpd": "Kecamatan Ketahun",
            "set_pagu_user": 1679,
            "set_pagu_at": "Tue, 25 Mar 2025 10:07:15 GMT",
            "id_program": 4451,
            "kode_program": "7.01.01",
            "nama_program": "PROGRAM PENUNJANG URUSAN PEMERINTAHAN DAERAH KABUPATEN/KOTA",
            "id_giat": 18371,
            "kode_giat": "7.01.01.2.01",
            "nama_giat": "Perencanaan, Penganggaran, dan Evaluasi Kinerja Perangkat Daerah",
            "pagu_giat": 23750000.0,
            "rinci_giat": null,
            "id_sub_giat": 60590,
            "kode_sub_giat": "7.01.01.2.01.0002",
            "nama_sub_giat": "Koordinasi dan Penyusunan Dokumen RKA-SKPD",
            "pagu": 2500000.0,
            "pagu_indikatif": 2500000.0,
            "rincian": null,
            "kode_bl": "977.977.4451.18371",
            "kode_sbl": "977.977.4451.18371.60590",
            "kunci_bl": 1,
            "kunci_bl_rinci": 1,
            "user_created": "Nasri, S.Pd",
            "created_date": "29-01-2025",
            "created_time": "19:22",
            "user_updated": "Nasri, S.Pd",
            "updated_date": "25-03-2025",
            "updated_time": "09:40",
            "is_locked": 0
        },
        {
            "id_sub_bl": 60992,
            "id_daerah": 473,
            "tahun": 2026,
            "id_unit": 977,
            "id_skpd": 977,
            "created_user": 1679,
            "kode_skpd": "7.01.0.00.0.00.11.0000",
            "nama_skpd": "Kecamatan Ketahun",
            "id_urusan": 17,
            "kode_urusan": "7",
            "nama_urusan": "UNSUR KEWILAYAHAN",
            "id_bidang_urusan": 243,
            "kode_bidang_urusan": "7.01",
            "nama_bidang_urusan": "KECAMATAN",
            "id_sub_skpd": 977,
            "kode_sub_skpd": "7.01.0.00.0.00.11.0000",
            "nama_sub_skpd": "Kecamatan Ketahun",
            "set_pagu_user": 1679,
            "set_pagu_at": "Tue, 25 Mar 2025 10:07:15 GMT",
            "id_program": 4451,
            "kode_program": "7.01.01",
            "nama_program": "PROGRAM PENUNJANG URUSAN PEMERINTAHAN DAERAH KABUPATEN/KOTA",
            "id_giat": 18371,
            "kode_giat": "7.01.01.2.01",
            "nama_giat": "Perencanaan, Penganggaran, dan Evaluasi Kinerja Perangkat Daerah",
            "pagu_giat": 23750000.0,
            "rinci_giat": null,
            "id_sub_giat": 60592,
            "kode_sub_giat": "7.01.01.2.01.0004",
            "nama_sub_giat": "Koordinasi dan Penyusunan DPA-SKPD",
            "pagu": 3000000.0,
            "pagu_indikatif": 3000000.0,
            "rincian": null,
            "kode_bl": "977.977.4451.18371",
            "kode_sbl": "977.977.4451.18371.60592",
            "kunci_bl": 1,
            "kunci_bl_rinci": 1,
            "user_created": "Nasri, S.Pd",
            "created_date": "29-01-2025",
            "created_time": "19:23",
            "user_updated": "Nasri, S.Pd",
            "updated_date": "25-03-2025",
            "updated_time": "09:40",
            "is_locked": 0
        },
        {
            "id_sub_bl": 60993,
            "id_daerah": 473,
            "tahun": 2026,
            "id_unit": 977,
            "id_skpd": 977,
            "created_user": 1679,
            "kode_skpd": "7.01.0.00.0.00.11.0000",
            "nama_skpd": "Kecamatan Ketahun",
            "id_urusan": 17,
            "kode_urusan": "7",
            "nama_urusan": "UNSUR KEWILAYAHAN",
            "id_bidang_urusan": 243,
            "kode_bidang_urusan": "7.01",
            "nama_bidang_urusan": "KECAMATAN",
            "id_sub_skpd": 977,
            "kode_sub_skpd": "7.01.0.00.0.00.11.0000",
            "nama_sub_skpd": "Kecamatan Ketahun",
            "set_pagu_user": 1679,
            "set_pagu_at": "Tue, 25 Mar 2025 10:07:15 GMT",
            "id_program": 4451,
            "kode_program": "7.01.01",
            "nama_program": "PROGRAM PENUNJANG URUSAN PEMERINTAHAN DAERAH KABUPATEN/KOTA",
            "id_giat": 18371,
            "kode_giat": "7.01.01.2.01",
            "nama_giat": "Perencanaan, Penganggaran, dan Evaluasi Kinerja Perangkat Daerah",
            "pagu_giat": 23750000.0,
            "rinci_giat": null,
            "id_sub_giat": 60594,
            "kode_sub_giat": "7.01.01.2.01.0006",
            "nama_sub_giat": "Koordinasi dan Penyusunan Laporan Capaian Kinerja dan Ikhtisar Realisasi Kinerja SKPD",
            "pagu": 2500000.0,
            "pagu_indikatif": 2500000.0,
            "rincian": null,
            "kode_bl": "977.977.4451.18371",
            "kode_sbl": "977.977.4451.18371.60594",
            "kunci_bl": 1,
            "kunci_bl_rinci": 1,
            "user_created": "Nasri, S.Pd",
            "created_date": "29-01-2025",
            "created_time": "19:30",
            "user_updated": "Nasri, S.Pd",
            "updated_date": "25-03-2025",
            "updated_time": "09:41",
            "is_locked": 0
        },
        {
            "id_sub_bl": 60994,
            "id_daerah": 473,
            "tahun": 2026,
            "id_unit": 977,
            "id_skpd": 977,
            "created_user": 1679,
            "kode_skpd": "7.01.0.00.0.00.11.0000",
            "nama_skpd": "Kecamatan Ketahun",
            "id_urusan": 17,
            "kode_urusan": "7",
            "nama_urusan": "UNSUR KEWILAYAHAN",
            "id_bidang_urusan": 243,
            "kode_bidang_urusan": "7.01",
            "nama_bidang_urusan": "KECAMATAN",
            "id_sub_skpd": 977,
            "kode_sub_skpd": "7.01.0.00.0.00.11.0000",
            "nama_sub_skpd": "Kecamatan Ketahun",
            "set_pagu_user": 1679,
            "set_pagu_at": "Tue, 25 Mar 2025 10:07:15 GMT",
            "id_program": 4451,
            "kode_program": "7.01.01",
            "nama_program": "PROGRAM PENUNJANG URUSAN PEMERINTAHAN DAERAH KABUPATEN/KOTA",
            "id_giat": 18371,
            "kode_giat": "7.01.01.2.01",
            "nama_giat": "Perencanaan, Penganggaran, dan Evaluasi Kinerja Perangkat Daerah",
            "pagu_giat": 23750000.0,
            "rinci_giat": null,
            "id_sub_giat": 60595,
            "kode_sub_giat": "7.01.01.2.01.0007",
            "nama_sub_giat": "Evaluasi Kinerja Perangkat Daerah",
            "pagu": 3000000.0,
            "pagu_indikatif": 3000000.0,
            "rincian": null,
            "kode_bl": "977.977.4451.18371",
            "kode_sbl": "977.977.4451.18371.60595",
            "kunci_bl": 1,
            "kunci_bl_rinci": 1,
            "user_created": "Nasri, S.Pd",
            "created_date": "29-01-2025",
            "created_time": "19:31",
            "user_updated": "Nasri, S.Pd",
            "updated_date": "25-03-2025",
            "updated_time": "09:42",
            "is_locked": 0
        },
        {
            "id_sub_bl": 60995,
            "id_daerah": 473,
            "tahun": 2026,
            "id_unit": 977,
            "id_skpd": 977,
            "created_user": 1679,
            "kode_skpd": "7.01.0.00.0.00.11.0000",
            "nama_skpd": "Kecamatan Ketahun",
            "id_urusan": 17,
            "kode_urusan": "7",
            "nama_urusan": "UNSUR KEWILAYAHAN",
            "id_bidang_urusan": 243,
            "kode_bidang_urusan": "7.01",
            "nama_bidang_urusan": "KECAMATAN",
            "id_sub_skpd": 977,
            "kode_sub_skpd": "7.01.0.00.0.00.11.0000",
            "nama_sub_skpd": "Kecamatan Ketahun",
            "set_pagu_user": 1679,
            "set_pagu_at": "Tue, 25 Mar 2025 10:07:15 GMT",
            "id_program": 4451,
            "kode_program": "7.01.01",
            "nama_program": "PROGRAM PENUNJANG URUSAN PEMERINTAHAN DAERAH KABUPATEN/KOTA",
            "id_giat": 18372,
            "kode_giat": "7.01.01.2.02",
            "nama_giat": "Administrasi Keuangan Perangkat Daerah",
            "pagu_giat": 1571592132.0,
            "rinci_giat": null,
            "id_sub_giat": 60602,
            "kode_sub_giat": "7.01.01.2.02.0001",
            "nama_sub_giat": "Penyediaan Gaji dan Tunjangan ASN",
            "pagu": 1523592132.0,
            "pagu_indikatif": 1523592132.0,
            "rincian": null,
            "kode_bl": "977.977.4451.18372",
            "kode_sbl": "977.977.4451.18372.60602",
            "kunci_bl": 1,
            "kunci_bl_rinci": 1,
            "user_created": "Nasri, S.Pd",
            "created_date": "29-01-2025",
            "created_time": "20:27",
            "user_updated": "Nasri, S.Pd",
            "updated_date": "03-02-2025",
            "updated_time": "11:20",
            "is_locked": 0
        },
        {
            "id_sub_bl": 60996,
            "id_daerah": 473,
            "tahun": 2026,
            "id_unit": 977,
            "id_skpd": 977,
            "created_user": 1679,
            "kode_skpd": "7.01.0.00.0.00.11.0000",
            "nama_skpd": "Kecamatan Ketahun",
            "id_urusan": 17,
            "kode_urusan": "7",
            "nama_urusan": "UNSUR KEWILAYAHAN",
            "id_bidang_urusan": 243,
            "kode_bidang_urusan": "7.01",
            "nama_bidang_urusan": "KECAMATAN",
            "id_sub_skpd": 977,
            "kode_sub_skpd": "7.01.0.00.0.00.11.0000",
            "nama_sub_skpd": "Kecamatan Ketahun",
            "set_pagu_user": 1679,
            "set_pagu_at": "Tue, 25 Mar 2025 10:07:15 GMT",
            "id_program": 4451,
            "kode_program": "7.01.01",
            "nama_program": "PROGRAM PENUNJANG URUSAN PEMERINTAHAN DAERAH KABUPATEN/KOTA",
            "id_giat": 18372,
            "kode_giat": "7.01.01.2.02",
            "nama_giat": "Administrasi Keuangan Perangkat Daerah",
            "pagu_giat": 1571592132.0,
            "rinci_giat": null,
            "id_sub_giat": 60604,
            "kode_sub_giat": "7.01.01.2.02.0003",
            "nama_sub_giat": "Pelaksanaan Penatausahaan dan\r\n\nPengujian/Verifikasi Keuangan SKPD",
            "pagu": 42000000.0,
            "pagu_indikatif": 42000000.0,
            "rincian": null,
            "kode_bl": "977.977.4451.18372",
            "kode_sbl": "977.977.4451.18372.60604",
            "kunci_bl": 1,
            "kunci_bl_rinci": 1,
            "user_created": "Nasri, S.Pd",
            "created_date": "29-01-2025",
            "created_time": "20:30",
            "user_updated": "Nasri, S.Pd",
            "updated_date": "24-03-2025",
            "updated_time": "09:03",
            "is_locked": 0
        },
        {
            "id_sub_bl": 60997,
            "id_daerah": 473,
            "tahun": 2026,
            "id_unit": 977,
            "id_skpd": 977,
            "created_user": 1679,
            "kode_skpd": "7.01.0.00.0.00.11.0000",
            "nama_skpd": "Kecamatan Ketahun",
            "id_urusan": 17,
            "kode_urusan": "7",
            "nama_urusan": "UNSUR KEWILAYAHAN",
            "id_bidang_urusan": 243,
            "kode_bidang_urusan": "7.01",
            "nama_bidang_urusan": "KECAMATAN",
            "id_sub_skpd": 977,
            "kode_sub_skpd": "7.01.0.00.0.00.11.0000",
            "nama_sub_skpd": "Kecamatan Ketahun",
            "set_pagu_user": 1679,
            "set_pagu_at": "Tue, 25 Mar 2025 10:07:15 GMT",
            "id_program": 4451,
            "kode_program": "7.01.01",
            "nama_program": "PROGRAM PENUNJANG URUSAN PEMERINTAHAN DAERAH KABUPATEN/KOTA",
            "id_giat": 18372,
            "kode_giat": "7.01.01.2.02",
            "nama_giat": "Administrasi Keuangan Perangkat Daerah",
            "pagu_giat": 1571592132.0,
            "rinci_giat": null,
            "id_sub_giat": 60606,
            "kode_sub_giat": "7.01.01.2.02.0005",
            "nama_sub_giat": "Koordinasi dan Penyusunan Laporan Keuangan Akhir Tahun SKPD",
            "pagu": 3000000.0,
            "pagu_indikatif": 3000000.0,
            "rincian": null,
            "kode_bl": "977.977.4451.18372",
            "kode_sbl": "977.977.4451.18372.60606",
            "kunci_bl": 1,
            "kunci_bl_rinci": 1,
            "user_created": "Nasri, S.Pd",
            "created_date": "29-01-2025",
            "created_time": "20:32",
            "user_updated": "Nasri, S.Pd",
            "updated_date": "03-02-2025",
            "updated_time": "11:21",
            "is_locked": 0
        },
        {
            "id_sub_bl": 60998,
            "id_daerah": 473,
            "tahun": 2026,
            "id_unit": 977,
            "id_skpd": 977,
            "created_user": 1679,
            "kode_skpd": "7.01.0.00.0.00.11.0000",
            "nama_skpd": "Kecamatan Ketahun",
            "id_urusan": 17,
            "kode_urusan": "7",
            "nama_urusan": "UNSUR KEWILAYAHAN",
            "id_bidang_urusan": 243,
            "kode_bidang_urusan": "7.01",
            "nama_bidang_urusan": "KECAMATAN",
            "id_sub_skpd": 977,
            "kode_sub_skpd": "7.01.0.00.0.00.11.0000",
            "nama_sub_skpd": "Kecamatan Ketahun",
            "set_pagu_user": 1679,
            "set_pagu_at": "Tue, 25 Mar 2025 10:07:15 GMT",
            "id_program": 4451,
            "kode_program": "7.01.01",
            "nama_program": "PROGRAM PENUNJANG URUSAN PEMERINTAHAN DAERAH KABUPATEN/KOTA",
            "id_giat": 18372,
            "kode_giat": "7.01.01.2.02",
            "nama_giat": "Administrasi Keuangan Perangkat Daerah",
            "pagu_giat": 1571592132.0,
            "rinci_giat": null,
            "id_sub_giat": 60608,
            "kode_sub_giat": "7.01.01.2.02.0007",
            "nama_sub_giat": "Koordinasi dan Penyusunan Laporan Keuangan Bulanan/ Triwulanan/ Semesteran SKPD",
            "pagu": 3000000.0,
            "pagu_indikatif": 3000000.0,
            "rincian": null,
            "kode_bl": "977.977.4451.18372",
            "kode_sbl": "977.977.4451.18372.60608",
            "kunci_bl": 1,
            "kunci_bl_rinci": 1,
            "user_created": "Nasri, S.Pd",
            "created_date": "29-01-2025",
            "created_time": "20:33",
            "user_updated": "Nasri, S.Pd",
            "updated_date": "03-02-2025",
            "updated_time": "11:22",
            "is_locked": 0
        },
        {
            "id_sub_bl": 60999,
            "id_daerah": 473,
            "tahun": 2026,
            "id_unit": 977,
            "id_skpd": 977,
            "created_user": 1679,
            "kode_skpd": "7.01.0.00.0.00.11.0000",
            "nama_skpd": "Kecamatan Ketahun",
            "id_urusan": 17,
            "kode_urusan": "7",
            "nama_urusan": "UNSUR KEWILAYAHAN",
            "id_bidang_urusan": 243,
            "kode_bidang_urusan": "7.01",
            "nama_bidang_urusan": "KECAMATAN",
            "id_sub_skpd": 977,
            "kode_sub_skpd": "7.01.0.00.0.00.11.0000",
            "nama_sub_skpd": "Kecamatan Ketahun",
            "set_pagu_user": 1679,
            "set_pagu_at": "Tue, 25 Mar 2025 10:07:15 GMT",
            "id_program": 4451,
            "kode_program": "7.01.01",
            "nama_program": "PROGRAM PENUNJANG URUSAN PEMERINTAHAN DAERAH KABUPATEN/KOTA",
            "id_giat": 18373,
            "kode_giat": "7.01.01.2.03",
            "nama_giat": "Administrasi Barang Milik Daerah pada Perangkat Daerah",
            "pagu_giat": 32760000.0,
            "rinci_giat": null,
            "id_sub_giat": 60615,
            "kode_sub_giat": "7.01.01.2.03.0006",
            "nama_sub_giat": "Penatausahaan Barang Milik Daerah pada SKPD",
            "pagu": 32760000.0,
            "pagu_indikatif": 32760000.0,
            "rincian": null,
            "kode_bl": "977.977.4451.18373",
            "kode_sbl": "977.977.4451.18373.60615",
            "kunci_bl": 1,
            "kunci_bl_rinci": 1,
            "user_created": "Nasri, S.Pd",
            "created_date": "29-01-2025",
            "created_time": "20:36",
            "user_updated": "Nasri, S.Pd",
            "updated_date": "03-02-2025",
            "updated_time": "11:23",
            "is_locked": 0
        },
        {
            "id_sub_bl": 73244,
            "id_daerah": 473,
            "tahun": 2026,
            "id_unit": 977,
            "id_skpd": 977,
            "created_user": 1679,
            "kode_skpd": "7.01.0.00.0.00.11.0000",
            "nama_skpd": "Kecamatan Ketahun",
            "id_urusan": 17,
            "kode_urusan": "7",
            "nama_urusan": "UNSUR KEWILAYAHAN",
            "id_bidang_urusan": 243,
            "kode_bidang_urusan": "7.01",
            "nama_bidang_urusan": "KECAMATAN",
            "id_sub_skpd": 977,
            "kode_sub_skpd": "7.01.0.00.0.00.11.0000",
            "nama_sub_skpd": "Kecamatan Ketahun",
            "set_pagu_user": 1679,
            "set_pagu_at": "Tue, 25 Mar 2025 10:07:15 GMT",
            "id_program": 4451,
            "kode_program": "7.01.01",
            "nama_program": "PROGRAM PENUNJANG URUSAN PEMERINTAHAN DAERAH KABUPATEN/KOTA",
            "id_giat": 18375,
            "kode_giat": "7.01.01.2.05",
            "nama_giat": "Administrasi Kepegawaian Perangkat Daerah",
            "pagu_giat": 25000000.0,
            "rinci_giat": null,
            "id_sub_giat": 60625,
            "kode_sub_giat": "7.01.01.2.05.0002",
            "nama_sub_giat": "Pengadaan Pakaian Dinas beserta Atribut Kelengkapannya",
            "pagu": 10000000.0,
            "pagu_indikatif": 10000000.0,
            "rincian": null,
            "kode_bl": "977.977.4451.18375",
            "kode_sbl": "977.977.4451.18375.60625",
            "kunci_bl": 1,
            "kunci_bl_rinci": 1,
            "user_created": "Nasri, S.Pd",
            "created_date": "25-03-2025",
            "created_time": "09:52",
            "user_updated": null,
            "updated_date": null,
            "updated_time": null,
            "is_locked": 0
        },
        {
            "id_sub_bl": 73246,
            "id_daerah": 473,
            "tahun": 2026,
            "id_unit": 977,
            "id_skpd": 977,
            "created_user": 1679,
            "kode_skpd": "7.01.0.00.0.00.11.0000",
            "nama_skpd": "Kecamatan Ketahun",
            "id_urusan": 17,
            "kode_urusan": "7",
            "nama_urusan": "UNSUR KEWILAYAHAN",
            "id_bidang_urusan": 243,
            "kode_bidang_urusan": "7.01",
            "nama_bidang_urusan": "KECAMATAN",
            "id_sub_skpd": 977,
            "kode_sub_skpd": "7.01.0.00.0.00.11.0000",
            "nama_sub_skpd": "Kecamatan Ketahun",
            "set_pagu_user": 1679,
            "set_pagu_at": "Tue, 25 Mar 2025 10:07:15 GMT",
            "id_program": 4451,
            "kode_program": "7.01.01",
            "nama_program": "PROGRAM PENUNJANG URUSAN PEMERINTAHAN DAERAH KABUPATEN/KOTA",
            "id_giat": 18375,
            "kode_giat": "7.01.01.2.05",
            "nama_giat": "Administrasi Kepegawaian Perangkat Daerah",
            "pagu_giat": 25000000.0,
            "rinci_giat": null,
            "id_sub_giat": 60632,
            "kode_sub_giat": "7.01.01.2.05.0009",
            "nama_sub_giat": "Pendidikan dan Pelatihan Pegawai Berdasarkan Tugas dan Fungsi",
            "pagu": 15000000.0,
            "pagu_indikatif": 15000000.0,
            "rincian": null,
            "kode_bl": "977.977.4451.18375",
            "kode_sbl": "977.977.4451.18375.60632",
            "kunci_bl": 1,
            "kunci_bl_rinci": 1,
            "user_created": "Nasri, S.Pd",
            "created_date": "25-03-2025",
            "created_time": "09:56",
            "user_updated": null,
            "updated_date": null,
            "updated_time": null,
            "is_locked": 0
        },
        {
            "id_sub_bl": 61000,
            "id_daerah": 473,
            "tahun": 2026,
            "id_unit": 977,
            "id_skpd": 977,
            "created_user": 1679,
            "kode_skpd": "7.01.0.00.0.00.11.0000",
            "nama_skpd": "Kecamatan Ketahun",
            "id_urusan": 17,
            "kode_urusan": "7",
            "nama_urusan": "UNSUR KEWILAYAHAN",
            "id_bidang_urusan": 243,
            "kode_bidang_urusan": "7.01",
            "nama_bidang_urusan": "KECAMATAN",
            "id_sub_skpd": 977,
            "kode_sub_skpd": "7.01.0.00.0.00.11.0000",
            "nama_sub_skpd": "Kecamatan Ketahun",
            "set_pagu_user": 1679,
            "set_pagu_at": "Tue, 25 Mar 2025 10:07:15 GMT",
            "id_program": 4451,
            "kode_program": "7.01.01",
            "nama_program": "PROGRAM PENUNJANG URUSAN PEMERINTAHAN DAERAH KABUPATEN/KOTA",
            "id_giat": 18376,
            "kode_giat": "7.01.01.2.06",
            "nama_giat": "Administrasi Umum Perangkat Daerah",
            "pagu_giat": 129587763.0,
            "rinci_giat": null,
            "id_sub_giat": 60635,
            "kode_sub_giat": "7.01.01.2.06.0001",
            "nama_sub_giat": "Penyediaan Komponen Instalasi\r\n\nListrik/Penerangan Bangunan Kantor",
            "pagu": 4000000.0,
            "pagu_indikatif": 4000000.0,
            "rincian": null,
            "kode_bl": "977.977.4451.18376",
            "kode_sbl": "977.977.4451.18376.60635",
            "kunci_bl": 1,
            "kunci_bl_rinci": 1,
            "user_created": "Nasri, S.Pd",
            "created_date": "29-01-2025",
            "created_time": "20:42",
            "user_updated": "Nasri, S.Pd",
            "updated_date": "24-03-2025",
            "updated_time": "09:08",
            "is_locked": 0
        },
        {
            "id_sub_bl": 61001,
            "id_daerah": 473,
            "tahun": 2026,
            "id_unit": 977,
            "id_skpd": 977,
            "created_user": 1679,
            "kode_skpd": "7.01.0.00.0.00.11.0000",
            "nama_skpd": "Kecamatan Ketahun",
            "id_urusan": 17,
            "kode_urusan": "7",
            "nama_urusan": "UNSUR KEWILAYAHAN",
            "id_bidang_urusan": 243,
            "kode_bidang_urusan": "7.01",
            "nama_bidang_urusan": "KECAMATAN",
            "id_sub_skpd": 977,
            "kode_sub_skpd": "7.01.0.00.0.00.11.0000",
            "nama_sub_skpd": "Kecamatan Ketahun",
            "set_pagu_user": 1679,
            "set_pagu_at": "Tue, 25 Mar 2025 10:07:15 GMT",
            "id_program": 4451,
            "kode_program": "7.01.01",
            "nama_program": "PROGRAM PENUNJANG URUSAN PEMERINTAHAN DAERAH KABUPATEN/KOTA",
            "id_giat": 18376,
            "kode_giat": "7.01.01.2.06",
            "nama_giat": "Administrasi Umum Perangkat Daerah",
            "pagu_giat": 129587763.0,
            "rinci_giat": null,
            "id_sub_giat": 60637,
            "kode_sub_giat": "7.01.01.2.06.0003",
            "nama_sub_giat": "Penyediaan Peralatan Rumah Tangga",
            "pagu": 2000000.0,
            "pagu_indikatif": 2000000.0,
            "rincian": null,
            "kode_bl": "977.977.4451.18376",
            "kode_sbl": "977.977.4451.18376.60637",
            "kunci_bl": 1,
            "kunci_bl_rinci": 1,
            "user_created": "Nasri, S.Pd",
            "created_date": "29-01-2025",
            "created_time": "20:43",
            "user_updated": "Nasri, S.Pd",
            "updated_date": "03-02-2025",
            "updated_time": "11:25",
            "is_locked": 0
        },
        {
            "id_sub_bl": 61002,
            "id_daerah": 473,
            "tahun": 2026,
            "id_unit": 977,
            "id_skpd": 977,
            "created_user": 1679,
            "kode_skpd": "7.01.0.00.0.00.11.0000",
            "nama_skpd": "Kecamatan Ketahun",
            "id_urusan": 17,
            "kode_urusan": "7",
            "nama_urusan": "UNSUR KEWILAYAHAN",
            "id_bidang_urusan": 243,
            "kode_bidang_urusan": "7.01",
            "nama_bidang_urusan": "KECAMATAN",
            "id_sub_skpd": 977,
            "kode_sub_skpd": "7.01.0.00.0.00.11.0000",
            "nama_sub_skpd": "Kecamatan Ketahun",
            "set_pagu_user": 1679,
            "set_pagu_at": "Tue, 25 Mar 2025 10:07:15 GMT",
            "id_program": 4451,
            "kode_program": "7.01.01",
            "nama_program": "PROGRAM PENUNJANG URUSAN PEMERINTAHAN DAERAH KABUPATEN/KOTA",
            "id_giat": 18376,
            "kode_giat": "7.01.01.2.06",
            "nama_giat": "Administrasi Umum Perangkat Daerah",
            "pagu_giat": 129587763.0,
            "rinci_giat": null,
            "id_sub_giat": 60638,
            "kode_sub_giat": "7.01.01.2.06.0004",
            "nama_sub_giat": "Penyediaan Bahan Logistik Kantor",
            "pagu": 75000000.0,
            "pagu_indikatif": 75000000.0,
            "rincian": null,
            "kode_bl": "977.977.4451.18376",
            "kode_sbl": "977.977.4451.18376.60638",
            "kunci_bl": 1,
            "kunci_bl_rinci": 1,
            "user_created": "Nasri, S.Pd",
            "created_date": "29-01-2025",
            "created_time": "20:44",
            "user_updated": "Nasri, S.Pd",
            "updated_date": "03-02-2025",
            "updated_time": "11:26",
            "is_locked": 0
        },
        {
            "id_sub_bl": 61003,
            "id_daerah": 473,
            "tahun": 2026,
            "id_unit": 977,
            "id_skpd": 977,
            "created_user": 1679,
            "kode_skpd": "7.01.0.00.0.00.11.0000",
            "nama_skpd": "Kecamatan Ketahun",
            "id_urusan": 17,
            "kode_urusan": "7",
            "nama_urusan": "UNSUR KEWILAYAHAN",
            "id_bidang_urusan": 243,
            "kode_bidang_urusan": "7.01",
            "nama_bidang_urusan": "KECAMATAN",
            "id_sub_skpd": 977,
            "kode_sub_skpd": "7.01.0.00.0.00.11.0000",
            "nama_sub_skpd": "Kecamatan Ketahun",
            "set_pagu_user": 1679,
            "set_pagu_at": "Tue, 25 Mar 2025 10:07:15 GMT",
            "id_program": 4451,
            "kode_program": "7.01.01",
            "nama_program": "PROGRAM PENUNJANG URUSAN PEMERINTAHAN DAERAH KABUPATEN/KOTA",
            "id_giat": 18376,
            "kode_giat": "7.01.01.2.06",
            "nama_giat": "Administrasi Umum Perangkat Daerah",
            "pagu_giat": 129587763.0,
            "rinci_giat": null,
            "id_sub_giat": 60639,
            "kode_sub_giat": "7.01.01.2.06.0005",
            "nama_sub_giat": "Penyediaan Barang Cetakan dan Penggandaan",
            "pagu": 4587763.0,
            "pagu_indikatif": 4587763.0,
            "rincian": null,
            "kode_bl": "977.977.4451.18376",
            "kode_sbl": "977.977.4451.18376.60639",
            "kunci_bl": 1,
            "kunci_bl_rinci": 1,
            "user_created": "Nasri, S.Pd",
            "created_date": "29-01-2025",
            "created_time": "20:46",
            "user_updated": "Nasri, S.Pd",
            "updated_date": "24-03-2025",
            "updated_time": "09:15",
            "is_locked": 0
        },
        {
            "id_sub_bl": 61004,
            "id_daerah": 473,
            "tahun": 2026,
            "id_unit": 977,
            "id_skpd": 977,
            "created_user": 1679,
            "kode_skpd": "7.01.0.00.0.00.11.0000",
            "nama_skpd": "Kecamatan Ketahun",
            "id_urusan": 17,
            "kode_urusan": "7",
            "nama_urusan": "UNSUR KEWILAYAHAN",
            "id_bidang_urusan": 243,
            "kode_bidang_urusan": "7.01",
            "nama_bidang_urusan": "KECAMATAN",
            "id_sub_skpd": 977,
            "kode_sub_skpd": "7.01.0.00.0.00.11.0000",
            "nama_sub_skpd": "Kecamatan Ketahun",
            "set_pagu_user": 1679,
            "set_pagu_at": "Tue, 25 Mar 2025 10:07:15 GMT",
            "id_program": 4451,
            "kode_program": "7.01.01",
            "nama_program": "PROGRAM PENUNJANG URUSAN PEMERINTAHAN DAERAH KABUPATEN/KOTA",
            "id_giat": 18376,
            "kode_giat": "7.01.01.2.06",
            "nama_giat": "Administrasi Umum Perangkat Daerah",
            "pagu_giat": 129587763.0,
            "rinci_giat": null,
            "id_sub_giat": 60640,
            "kode_sub_giat": "7.01.01.2.06.0006",
            "nama_sub_giat": "Penyediaan Bahan Bacaan dan Peraturan Perundang-undangan",
            "pagu": 4000000.0,
            "pagu_indikatif": 4000000.0,
            "rincian": null,
            "kode_bl": "977.977.4451.18376",
            "kode_sbl": "977.977.4451.18376.60640",
            "kunci_bl": 1,
            "kunci_bl_rinci": 1,
            "user_created": "Nasri, S.Pd",
            "created_date": "29-01-2025",
            "created_time": "20:47",
            "user_updated": "Nasri, S.Pd",
            "updated_date": "03-02-2025",
            "updated_time": "11:28",
            "is_locked": 0
        },
        {
            "id_sub_bl": 61005,
            "id_daerah": 473,
            "tahun": 2026,
            "id_unit": 977,
            "id_skpd": 977,
            "created_user": 1679,
            "kode_skpd": "7.01.0.00.0.00.11.0000",
            "nama_skpd": "Kecamatan Ketahun",
            "id_urusan": 17,
            "kode_urusan": "7",
            "nama_urusan": "UNSUR KEWILAYAHAN",
            "id_bidang_urusan": 243,
            "kode_bidang_urusan": "7.01",
            "nama_bidang_urusan": "KECAMATAN",
            "id_sub_skpd": 977,
            "kode_sub_skpd": "7.01.0.00.0.00.11.0000",
            "nama_sub_skpd": "Kecamatan Ketahun",
            "set_pagu_user": 1679,
            "set_pagu_at": "Tue, 25 Mar 2025 10:07:15 GMT",
            "id_program": 4451,
            "kode_program": "7.01.01",
            "nama_program": "PROGRAM PENUNJANG URUSAN PEMERINTAHAN DAERAH KABUPATEN/KOTA",
            "id_giat": 18376,
            "kode_giat": "7.01.01.2.06",
            "nama_giat": "Administrasi Umum Perangkat Daerah",
            "pagu_giat": 129587763.0,
            "rinci_giat": null,
            "id_sub_giat": 60643,
            "kode_sub_giat": "7.01.01.2.06.0009",
            "nama_sub_giat": "Penyelenggaraan Rapat Koordinasi dan Konsultasi SKPD",
            "pagu": 40000000.0,
            "pagu_indikatif": 40000000.0,
            "rincian": null,
            "kode_bl": "977.977.4451.18376",
            "kode_sbl": "977.977.4451.18376.60643",
            "kunci_bl": 1,
            "kunci_bl_rinci": 1,
            "user_created": "Nasri, S.Pd",
            "created_date": "29-01-2025",
            "created_time": "20:49",
            "user_updated": "Nasri, S.Pd",
            "updated_date": "25-03-2025",
            "updated_time": "09:54",
            "is_locked": 0
        },
        {
            "id_sub_bl": 61006,
            "id_daerah": 473,
            "tahun": 2026,
            "id_unit": 977,
            "id_skpd": 977,
            "created_user": 1679,
            "kode_skpd": "7.01.0.00.0.00.11.0000",
            "nama_skpd": "Kecamatan Ketahun",
            "id_urusan": 17,
            "kode_urusan": "7",
            "nama_urusan": "UNSUR KEWILAYAHAN",
            "id_bidang_urusan": 243,
            "kode_bidang_urusan": "7.01",
            "nama_bidang_urusan": "KECAMATAN",
            "id_sub_skpd": 977,
            "kode_sub_skpd": "7.01.0.00.0.00.11.0000",
            "nama_sub_skpd": "Kecamatan Ketahun",
            "set_pagu_user": 1679,
            "set_pagu_at": "Tue, 25 Mar 2025 10:07:15 GMT",
            "id_program": 4451,
            "kode_program": "7.01.01",
            "nama_program": "PROGRAM PENUNJANG URUSAN PEMERINTAHAN DAERAH KABUPATEN/KOTA",
            "id_giat": 18377,
            "kode_giat": "7.01.01.2.07",
            "nama_giat": "Pengadaan Barang Milik Daerah Penunjang Urusan Pemerintah Daerah",
            "pagu_giat": 60000000.0,
            "rinci_giat": null,
            "id_sub_giat": 60650,
            "kode_sub_giat": "7.01.01.2.07.0005",
            "nama_sub_giat": "Pengadaan Mebel",
            "pagu": 10000000.0,
            "pagu_indikatif": 10000000.0,
            "rincian": null,
            "kode_bl": "977.977.4451.18377",
            "kode_sbl": "977.977.4451.18377.60650",
            "kunci_bl": 1,
            "kunci_bl_rinci": 1,
            "user_created": "Nasri, S.Pd",
            "created_date": "29-01-2025",
            "created_time": "20:52",
            "user_updated": "Nasri, S.Pd",
            "updated_date": "25-03-2025",
            "updated_time": "09:54",
            "is_locked": 0
        },
        {
            "id_sub_bl": 61007,
            "id_daerah": 473,
            "tahun": 2026,
            "id_unit": 977,
            "id_skpd": 977,
            "created_user": 1679,
            "kode_skpd": "7.01.0.00.0.00.11.0000",
            "nama_skpd": "Kecamatan Ketahun",
            "id_urusan": 17,
            "kode_urusan": "7",
            "nama_urusan": "UNSUR KEWILAYAHAN",
            "id_bidang_urusan": 243,
            "kode_bidang_urusan": "7.01",
            "nama_bidang_urusan": "KECAMATAN",
            "id_sub_skpd": 977,
            "kode_sub_skpd": "7.01.0.00.0.00.11.0000",
            "nama_sub_skpd": "Kecamatan Ketahun",
            "set_pagu_user": 1679,
            "set_pagu_at": "Tue, 25 Mar 2025 10:07:15 GMT",
            "id_program": 4451,
            "kode_program": "7.01.01",
            "nama_program": "PROGRAM PENUNJANG URUSAN PEMERINTAHAN DAERAH KABUPATEN/KOTA",
            "id_giat": 18377,
            "kode_giat": "7.01.01.2.07",
            "nama_giat": "Pengadaan Barang Milik Daerah Penunjang Urusan Pemerintah Daerah",
            "pagu_giat": 60000000.0,
            "rinci_giat": null,
            "id_sub_giat": 60651,
            "kode_sub_giat": "7.01.01.2.07.0006",
            "nama_sub_giat": "Pengadaan Peralatan dan Mesin Lainnya",
            "pagu": 50000000.0,
            "pagu_indikatif": 50000000.0,
            "rincian": null,
            "kode_bl": "977.977.4451.18377",
            "kode_sbl": "977.977.4451.18377.60651",
            "kunci_bl": 1,
            "kunci_bl_rinci": 1,
            "user_created": "Nasri, S.Pd",
            "created_date": "29-01-2025",
            "created_time": "20:54",
            "user_updated": "Nasri, S.Pd",
            "updated_date": "25-03-2025",
            "updated_time": "10:01",
            "is_locked": 0
        },
        {
            "id_sub_bl": 61008,
            "id_daerah": 473,
            "tahun": 2026,
            "id_unit": 977,
            "id_skpd": 977,
            "created_user": 1679,
            "kode_skpd": "7.01.0.00.0.00.11.0000",
            "nama_skpd": "Kecamatan Ketahun",
            "id_urusan": 17,
            "kode_urusan": "7",
            "nama_urusan": "UNSUR KEWILAYAHAN",
            "id_bidang_urusan": 243,
            "kode_bidang_urusan": "7.01",
            "nama_bidang_urusan": "KECAMATAN",
            "id_sub_skpd": 977,
            "kode_sub_skpd": "7.01.0.00.0.00.11.0000",
            "nama_sub_skpd": "Kecamatan Ketahun",
            "set_pagu_user": 1679,
            "set_pagu_at": "Tue, 25 Mar 2025 10:07:15 GMT",
            "id_program": 4451,
            "kode_program": "7.01.01",
            "nama_program": "PROGRAM PENUNJANG URUSAN PEMERINTAHAN DAERAH KABUPATEN/KOTA",
            "id_giat": 18378,
            "kode_giat": "7.01.01.2.08",
            "nama_giat": "Penyediaan Jasa Penunjang Urusan Pemerintahan Daerah",
            "pagu_giat": 138600000.0,
            "rinci_giat": null,
            "id_sub_giat": 60658,
            "kode_sub_giat": "7.01.01.2.08.0002",
            "nama_sub_giat": "Penyediaan Jasa Komunikasi, Sumber Daya Air dan Listrik",
            "pagu": 25000000.0,
            "pagu_indikatif": 25000000.0,
            "rincian": null,
            "kode_bl": "977.977.4451.18378",
            "kode_sbl": "977.977.4451.18378.60658",
            "kunci_bl": 1,
            "kunci_bl_rinci": 1,
            "user_created": "Nasri, S.Pd",
            "created_date": "29-01-2025",
            "created_time": "20:58",
            "user_updated": "Nasri, S.Pd",
            "updated_date": "03-02-2025",
            "updated_time": "11:32",
            "is_locked": 0
        },
        {
            "id_sub_bl": 61009,
            "id_daerah": 473,
            "tahun": 2026,
            "id_unit": 977,
            "id_skpd": 977,
            "created_user": 1679,
            "kode_skpd": "7.01.0.00.0.00.11.0000",
            "nama_skpd": "Kecamatan Ketahun",
            "id_urusan": 17,
            "kode_urusan": "7",
            "nama_urusan": "UNSUR KEWILAYAHAN",
            "id_bidang_urusan": 243,
            "kode_bidang_urusan": "7.01",
            "nama_bidang_urusan": "KECAMATAN",
            "id_sub_skpd": 977,
            "kode_sub_skpd": "7.01.0.00.0.00.11.0000",
            "nama_sub_skpd": "Kecamatan Ketahun",
            "set_pagu_user": 1679,
            "set_pagu_at": "Tue, 25 Mar 2025 10:07:15 GMT",
            "id_program": 4451,
            "kode_program": "7.01.01",
            "nama_program": "PROGRAM PENUNJANG URUSAN PEMERINTAHAN DAERAH KABUPATEN/KOTA",
            "id_giat": 18378,
            "kode_giat": "7.01.01.2.08",
            "nama_giat": "Penyediaan Jasa Penunjang Urusan Pemerintahan Daerah",
            "pagu_giat": 138600000.0,
            "rinci_giat": null,
            "id_sub_giat": 60660,
            "kode_sub_giat": "7.01.01.2.08.0004",
            "nama_sub_giat": "Penyediaan Jasa Pelayanan Umum Kantor",
            "pagu": 113600000.0,
            "pagu_indikatif": 113600000.0,
            "rincian": null,
            "kode_bl": "977.977.4451.18378",
            "kode_sbl": "977.977.4451.18378.60660",
            "kunci_bl": 1,
            "kunci_bl_rinci": 1,
            "user_created": "Nasri, S.Pd",
            "created_date": "29-01-2025",
            "created_time": "21:00",
            "user_updated": "Nasri, S.Pd",
            "updated_date": "25-03-2025",
            "updated_time": "09:50",
            "is_locked": 0
        },
        {
            "id_sub_bl": 61010,
            "id_daerah": 473,
            "tahun": 2026,
            "id_unit": 977,
            "id_skpd": 977,
            "created_user": 1679,
            "kode_skpd": "7.01.0.00.0.00.11.0000",
            "nama_skpd": "Kecamatan Ketahun",
            "id_urusan": 17,
            "kode_urusan": "7",
            "nama_urusan": "UNSUR KEWILAYAHAN",
            "id_bidang_urusan": 243,
            "kode_bidang_urusan": "7.01",
            "nama_bidang_urusan": "KECAMATAN",
            "id_sub_skpd": 977,
            "kode_sub_skpd": "7.01.0.00.0.00.11.0000",
            "nama_sub_skpd": "Kecamatan Ketahun",
            "set_pagu_user": 1679,
            "set_pagu_at": "Tue, 25 Mar 2025 10:07:15 GMT",
            "id_program": 4451,
            "kode_program": "7.01.01",
            "nama_program": "PROGRAM PENUNJANG URUSAN PEMERINTAHAN DAERAH KABUPATEN/KOTA",
            "id_giat": 18379,
            "kode_giat": "7.01.01.2.09",
            "nama_giat": "Pemeliharaan Barang Milik Daerah Penunjang Urusan Pemerintahan Daerah",
            "pagu_giat": 70550000.0,
            "rinci_giat": null,
            "id_sub_giat": 60662,
            "kode_sub_giat": "7.01.01.2.09.0002",
            "nama_sub_giat": "Penyediaan Jasa Pemeliharaan, Biaya Pemeliharaan, Pajak dan Perizinan Kendaraan Dinas Operasional atau Lapangan",
            "pagu": 50550000.0,
            "pagu_indikatif": 50550000.0,
            "rincian": null,
            "kode_bl": "977.977.4451.18379",
            "kode_sbl": "977.977.4451.18379.60662",
            "kunci_bl": 1,
            "kunci_bl_rinci": 1,
            "user_created": "Nasri, S.Pd",
            "created_date": "29-01-2025",
            "created_time": "21:03",
            "user_updated": "Nasri, S.Pd",
            "updated_date": "03-02-2025",
            "updated_time": "11:33",
            "is_locked": 0
        },
        {
            "id_sub_bl": 61011,
            "id_daerah": 473,
            "tahun": 2026,
            "id_unit": 977,
            "id_skpd": 977,
            "created_user": 1679,
            "kode_skpd": "7.01.0.00.0.00.11.0000",
            "nama_skpd": "Kecamatan Ketahun",
            "id_urusan": 17,
            "kode_urusan": "7",
            "nama_urusan": "UNSUR KEWILAYAHAN",
            "id_bidang_urusan": 243,
            "kode_bidang_urusan": "7.01",
            "nama_bidang_urusan": "KECAMATAN",
            "id_sub_skpd": 977,
            "kode_sub_skpd": "7.01.0.00.0.00.11.0000",
            "nama_sub_skpd": "Kecamatan Ketahun",
            "set_pagu_user": 1679,
            "set_pagu_at": "Tue, 25 Mar 2025 10:07:15 GMT",
            "id_program": 4451,
            "kode_program": "7.01.01",
            "nama_program": "PROGRAM PENUNJANG URUSAN PEMERINTAHAN DAERAH KABUPATEN/KOTA",
            "id_giat": 18379,
            "kode_giat": "7.01.01.2.09",
            "nama_giat": "Pemeliharaan Barang Milik Daerah Penunjang Urusan Pemerintahan Daerah",
            "pagu_giat": 70550000.0,
            "rinci_giat": null,
            "id_sub_giat": 60666,
            "kode_sub_giat": "7.01.01.2.09.0006",
            "nama_sub_giat": "Pemeliharaan Peralatan dan Mesin Lainnya",
            "pagu": 10000000.0,
            "pagu_indikatif": 10000000.0,
            "rincian": null,
            "kode_bl": "977.977.4451.18379",
            "kode_sbl": "977.977.4451.18379.60666",
            "kunci_bl": 1,
            "kunci_bl_rinci": 1,
            "user_created": "Nasri, S.Pd",
            "created_date": "29-01-2025",
            "created_time": "21:04",
            "user_updated": "Nasri, S.Pd",
            "updated_date": "03-02-2025",
            "updated_time": "11:34",
            "is_locked": 0
        },
        {
            "id_sub_bl": 61012,
            "id_daerah": 473,
            "tahun": 2026,
            "id_unit": 977,
            "id_skpd": 977,
            "created_user": 1679,
            "kode_skpd": "7.01.0.00.0.00.11.0000",
            "nama_skpd": "Kecamatan Ketahun",
            "id_urusan": 17,
            "kode_urusan": "7",
            "nama_urusan": "UNSUR KEWILAYAHAN",
            "id_bidang_urusan": 243,
            "kode_bidang_urusan": "7.01",
            "nama_bidang_urusan": "KECAMATAN",
            "id_sub_skpd": 977,
            "kode_sub_skpd": "7.01.0.00.0.00.11.0000",
            "nama_sub_skpd": "Kecamatan Ketahun",
            "set_pagu_user": 1679,
            "set_pagu_at": "Tue, 25 Mar 2025 10:07:15 GMT",
            "id_program": 4451,
            "kode_program": "7.01.01",
            "nama_program": "PROGRAM PENUNJANG URUSAN PEMERINTAHAN DAERAH KABUPATEN/KOTA",
            "id_giat": 18379,
            "kode_giat": "7.01.01.2.09",
            "nama_giat": "Pemeliharaan Barang Milik Daerah Penunjang Urusan Pemerintahan Daerah",
            "pagu_giat": 70550000.0,
            "rinci_giat": null,
            "id_sub_giat": 60670,
            "kode_sub_giat": "7.01.01.2.09.0010",
            "nama_sub_giat": "Pemeliharaan/Rehabilitasi Sarana dan Prasarana Gedung Kantor atau Bangunan Lainnya",
            "pagu": 10000000.0,
            "pagu_indikatif": 10000000.0,
            "rincian": null,
            "kode_bl": "977.977.4451.18379",
            "kode_sbl": "977.977.4451.18379.60670",
            "kunci_bl": 1,
            "kunci_bl_rinci": 1,
            "user_created": "Nasri, S.Pd",
            "created_date": "29-01-2025",
            "created_time": "21:06",
            "user_updated": "Nasri, S.Pd",
            "updated_date": "03-02-2025",
            "updated_time": "11:34",
            "is_locked": 0
        }
    ]