[
        {
            "id_sub_bl": 62974,
            "id_daerah": 473,
            "tahun": 2026,
            "id_unit": 717,
            "id_skpd": 717,
            "created_user": 1688,
            "kode_skpd": "7.01.0.00.0.00.19.0000",
            "nama_skpd": "Kecamatan Ulok Kupai",
            "id_urusan": 17,
            "kode_urusan": "7",
            "nama_urusan": "UNSUR KEWILAYAHAN",
            "id_bidang_urusan": 243,
            "kode_bidang_urusan": "7.01",
            "nama_bidang_urusan": "KECAMATAN",
            "id_sub_skpd": 717,
            "kode_sub_skpd": "7.01.0.00.0.00.19.0000",
            "nama_sub_skpd": "Kecamatan Ulok Kupai",
            "set_pagu_user": 1688,
            "set_pagu_at": "Thu, 27 Mar 2025 15:42:06 GMT",
            "id_program": 4418,
            "kode_program": "7.01.03",
            "nama_program": "PROGRAM PEMBERDAYAAN MASYARAKAT DESA DAN KELURAHAN",
            "id_giat": 18279,
            "kode_giat": "7.01.03.2.01",
            "nama_giat": "Koordinasi Kegiatan Pemberdayaan Desa",
            "pagu_giat": 21000000.0,
            "rinci_giat": null,
            "id_sub_giat": 59913,
            "kode_sub_giat": "7.01.03.2.01.0001",
            "nama_sub_giat": "Peningkatan Partisipasi Masyarakat dalam Forum Musyawarah Perencanaan Pembangunan di Desa",
            "pagu": 21000000.0,
            "pagu_indikatif": 21000000.0,
            "rincian": null,
            "kode_bl": "717.717.4418.18279",
            "kode_sbl": "717.717.4418.18279.59913",
            "kunci_bl": 1,
            "kunci_bl_rinci": 1,
            "user_created": "KADINO,S.Sos",
            "created_date": "31-01-2025",
            "created_time": "21:02",
            "user_updated": "KADINO,S.Sos",
            "updated_date": "27-03-2025",
            "updated_time": "13:10",
            "is_locked": 0
        },
        {
            "id_sub_bl": 62977,
            "id_daerah": 473,
            "tahun": 2026,
            "id_unit": 717,
            "id_skpd": 717,
            "created_user": 1688,
            "kode_skpd": "7.01.0.00.0.00.19.0000",
            "nama_skpd": "Kecamatan Ulok Kupai",
            "id_urusan": 17,
            "kode_urusan": "7",
            "nama_urusan": "UNSUR KEWILAYAHAN",
            "id_bidang_urusan": 243,
            "kode_bidang_urusan": "7.01",
            "nama_bidang_urusan": "KECAMATAN",
            "id_sub_skpd": 717,
            "kode_sub_skpd": "7.01.0.00.0.00.19.0000",
            "nama_sub_skpd": "Kecamatan Ulok Kupai",
            "set_pagu_user": 1688,
            "set_pagu_at": "Thu, 27 Mar 2025 15:42:06 GMT",
            "id_program": 4423,
            "kode_program": "7.01.06",
            "nama_program": "PROGRAM PEMBINAAN DAN PENGAWASAN PEMERINTAHAN DESA",
            "id_giat": 18290,
            "kode_giat": "7.01.06.2.01",
            "nama_giat": "Fasilitasi, Rekomendasi dan Koordinasi\n\nPembinaan dan Pengawasan Pemerintahan Desa",
            "pagu_giat": 153640906.0,
            "rinci_giat": null,
            "id_sub_giat": 59975,
            "kode_sub_giat": "7.01.06.2.01.0016",
            "nama_sub_giat": "Fasilitasi Penyusunan Program dan Pelaksanaan Pemberdayaan Masyarakat Desa",
            "pagu": 153640906.0,
            "pagu_indikatif": 153640906.0,
            "rincian": null,
            "kode_bl": "717.717.4423.18290",
            "kode_sbl": "717.717.4423.18290.59975",
            "kunci_bl": 1,
            "kunci_bl_rinci": 1,
            "user_created": "KADINO,S.Sos",
            "created_date": "31-01-2025",
            "created_time": "21:07",
            "user_updated": "KADINO,S.Sos",
            "updated_date": "27-03-2025",
            "updated_time": "13:17",
            "is_locked": 0
        },
        {
            "id_sub_bl": 62916,
            "id_daerah": 473,
            "tahun": 2026,
            "id_unit": 717,
            "id_skpd": 717,
            "created_user": 1688,
            "kode_skpd": "7.01.0.00.0.00.19.0000",
            "nama_skpd": "Kecamatan Ulok Kupai",
            "id_urusan": 17,
            "kode_urusan": "7",
            "nama_urusan": "UNSUR KEWILAYAHAN",
            "id_bidang_urusan": 243,
            "kode_bidang_urusan": "7.01",
            "nama_bidang_urusan": "KECAMATAN",
            "id_sub_skpd": 717,
            "kode_sub_skpd": "7.01.0.00.0.00.19.0000",
            "nama_sub_skpd": "Kecamatan Ulok Kupai",
            "set_pagu_user": 1688,
            "set_pagu_at": "Thu, 27 Mar 2025 15:42:06 GMT",
            "id_program": 4451,
            "kode_program": "7.01.01",
            "nama_program": "PROGRAM PENUNJANG URUSAN PEMERINTAHAN DAERAH KABUPATEN/KOTA",
            "id_giat": 18371,
            "kode_giat": "7.01.01.2.01",
            "nama_giat": "Perencanaan, Penganggaran, dan Evaluasi Kinerja Perangkat Daerah",
            "pagu_giat": 46416117.0,
            "rinci_giat": null,
            "id_sub_giat": 60589,
            "kode_sub_giat": "7.01.01.2.01.0001",
            "nama_sub_giat": "Penyusunan Dokumen Perencanaan Perangkat Daerah",
            "pagu": 28600000.0,
            "pagu_indikatif": 28600000.0,
            "rincian": null,
            "kode_bl": "717.717.4451.18371",
            "kode_sbl": "717.717.4451.18371.60589",
            "kunci_bl": 1,
            "kunci_bl_rinci": 1,
            "user_created": "KADINO,S.Sos",
            "created_date": "31-01-2025",
            "created_time": "19:51",
            "user_updated": "KADINO,S.Sos",
            "updated_date": "27-03-2025",
            "updated_time": "13:21",
            "is_locked": 0
        },
        {
            "id_sub_bl": 62919,
            "id_daerah": 473,
            "tahun": 2026,
            "id_unit": 717,
            "id_skpd": 717,
            "created_user": 1688,
            "kode_skpd": "7.01.0.00.0.00.19.0000",
            "nama_skpd": "Kecamatan Ulok Kupai",
            "id_urusan": 17,
            "kode_urusan": "7",
            "nama_urusan": "UNSUR KEWILAYAHAN",
            "id_bidang_urusan": 243,
            "kode_bidang_urusan": "7.01",
            "nama_bidang_urusan": "KECAMATAN",
            "id_sub_skpd": 717,
            "kode_sub_skpd": "7.01.0.00.0.00.19.0000",
            "nama_sub_skpd": "Kecamatan Ulok Kupai",
            "set_pagu_user": 1688,
            "set_pagu_at": "Thu, 27 Mar 2025 15:42:06 GMT",
            "id_program": 4451,
            "kode_program": "7.01.01",
            "nama_program": "PROGRAM PENUNJANG URUSAN PEMERINTAHAN DAERAH KABUPATEN/KOTA",
            "id_giat": 18371,
            "kode_giat": "7.01.01.2.01",
            "nama_giat": "Perencanaan, Penganggaran, dan Evaluasi Kinerja Perangkat Daerah",
            "pagu_giat": 46416117.0,
            "rinci_giat": null,
            "id_sub_giat": 60590,
            "kode_sub_giat": "7.01.01.2.01.0002",
            "nama_sub_giat": "Koordinasi dan Penyusunan Dokumen RKA-SKPD",
            "pagu": 4583609.0,
            "pagu_indikatif": 4583609.0,
            "rincian": null,
            "kode_bl": "717.717.4451.18371",
            "kode_sbl": "717.717.4451.18371.60590",
            "kunci_bl": 1,
            "kunci_bl_rinci": 1,
            "user_created": "KADINO,S.Sos",
            "created_date": "31-01-2025",
            "created_time": "19:54",
            "user_updated": "KADINO,S.Sos",
            "updated_date": "27-03-2025",
            "updated_time": "13:26",
            "is_locked": 0
        },
        {
            "id_sub_bl": 62922,
            "id_daerah": 473,
            "tahun": 2026,
            "id_unit": 717,
            "id_skpd": 717,
            "created_user": 1688,
            "kode_skpd": "7.01.0.00.0.00.19.0000",
            "nama_skpd": "Kecamatan Ulok Kupai",
            "id_urusan": 17,
            "kode_urusan": "7",
            "nama_urusan": "UNSUR KEWILAYAHAN",
            "id_bidang_urusan": 243,
            "kode_bidang_urusan": "7.01",
            "nama_bidang_urusan": "KECAMATAN",
            "id_sub_skpd": 717,
            "kode_sub_skpd": "7.01.0.00.0.00.19.0000",
            "nama_sub_skpd": "Kecamatan Ulok Kupai",
            "set_pagu_user": 1688,
            "set_pagu_at": "Thu, 27 Mar 2025 15:42:06 GMT",
            "id_program": 4451,
            "kode_program": "7.01.01",
            "nama_program": "PROGRAM PENUNJANG URUSAN PEMERINTAHAN DAERAH KABUPATEN/KOTA",
            "id_giat": 18371,
            "kode_giat": "7.01.01.2.01",
            "nama_giat": "Perencanaan, Penganggaran, dan Evaluasi Kinerja Perangkat Daerah",
            "pagu_giat": 46416117.0,
            "rinci_giat": null,
            "id_sub_giat": 60592,
            "kode_sub_giat": "7.01.01.2.01.0004",
            "nama_sub_giat": "Koordinasi dan Penyusunan DPA-SKPD",
            "pagu": 5296336.0,
            "pagu_indikatif": 5296336.0,
            "rincian": null,
            "kode_bl": "717.717.4451.18371",
            "kode_sbl": "717.717.4451.18371.60592",
            "kunci_bl": 1,
            "kunci_bl_rinci": 1,
            "user_created": "KADINO,S.Sos",
            "created_date": "31-01-2025",
            "created_time": "20:01",
            "user_updated": "KADINO,S.Sos",
            "updated_date": "27-03-2025",
            "updated_time": "15:21",
            "is_locked": 0
        },
        {
            "id_sub_bl": 62924,
            "id_daerah": 473,
            "tahun": 2026,
            "id_unit": 717,
            "id_skpd": 717,
            "created_user": 1688,
            "kode_skpd": "7.01.0.00.0.00.19.0000",
            "nama_skpd": "Kecamatan Ulok Kupai",
            "id_urusan": 17,
            "kode_urusan": "7",
            "nama_urusan": "UNSUR KEWILAYAHAN",
            "id_bidang_urusan": 243,
            "kode_bidang_urusan": "7.01",
            "nama_bidang_urusan": "KECAMATAN",
            "id_sub_skpd": 717,
            "kode_sub_skpd": "7.01.0.00.0.00.19.0000",
            "nama_sub_skpd": "Kecamatan Ulok Kupai",
            "set_pagu_user": 1688,
            "set_pagu_at": "Thu, 27 Mar 2025 15:42:06 GMT",
            "id_program": 4451,
            "kode_program": "7.01.01",
            "nama_program": "PROGRAM PENUNJANG URUSAN PEMERINTAHAN DAERAH KABUPATEN/KOTA",
            "id_giat": 18371,
            "kode_giat": "7.01.01.2.01",
            "nama_giat": "Perencanaan, Penganggaran, dan Evaluasi Kinerja Perangkat Daerah",
            "pagu_giat": 46416117.0,
            "rinci_giat": null,
            "id_sub_giat": 60594,
            "kode_sub_giat": "7.01.01.2.01.0006",
            "nama_sub_giat": "Koordinasi dan Penyusunan Laporan Capaian Kinerja dan Ikhtisar Realisasi Kinerja SKPD",
            "pagu": 3954436.0,
            "pagu_indikatif": 3954436.0,
            "rincian": null,
            "kode_bl": "717.717.4451.18371",
            "kode_sbl": "717.717.4451.18371.60594",
            "kunci_bl": 1,
            "kunci_bl_rinci": 1,
            "user_created": "KADINO,S.Sos",
            "created_date": "31-01-2025",
            "created_time": "20:03",
            "user_updated": "KADINO,S.Sos",
            "updated_date": "27-03-2025",
            "updated_time": "15:22",
            "is_locked": 0
        },
        {
            "id_sub_bl": 62926,
            "id_daerah": 473,
            "tahun": 2026,
            "id_unit": 717,
            "id_skpd": 717,
            "created_user": 1688,
            "kode_skpd": "7.01.0.00.0.00.19.0000",
            "nama_skpd": "Kecamatan Ulok Kupai",
            "id_urusan": 17,
            "kode_urusan": "7",
            "nama_urusan": "UNSUR KEWILAYAHAN",
            "id_bidang_urusan": 243,
            "kode_bidang_urusan": "7.01",
            "nama_bidang_urusan": "KECAMATAN",
            "id_sub_skpd": 717,
            "kode_sub_skpd": "7.01.0.00.0.00.19.0000",
            "nama_sub_skpd": "Kecamatan Ulok Kupai",
            "set_pagu_user": 1688,
            "set_pagu_at": "Thu, 27 Mar 2025 15:42:06 GMT",
            "id_program": 4451,
            "kode_program": "7.01.01",
            "nama_program": "PROGRAM PENUNJANG URUSAN PEMERINTAHAN DAERAH KABUPATEN/KOTA",
            "id_giat": 18371,
            "kode_giat": "7.01.01.2.01",
            "nama_giat": "Perencanaan, Penganggaran, dan Evaluasi Kinerja Perangkat Daerah",
            "pagu_giat": 46416117.0,
            "rinci_giat": null,
            "id_sub_giat": 60595,
            "kode_sub_giat": "7.01.01.2.01.0007",
            "nama_sub_giat": "Evaluasi Kinerja Perangkat Daerah",
            "pagu": 3981736.0,
            "pagu_indikatif": 3981736.0,
            "rincian": null,
            "kode_bl": "717.717.4451.18371",
            "kode_sbl": "717.717.4451.18371.60595",
            "kunci_bl": 1,
            "kunci_bl_rinci": 1,
            "user_created": "KADINO,S.Sos",
            "created_date": "31-01-2025",
            "created_time": "20:05",
            "user_updated": "KADINO,S.Sos",
            "updated_date": "27-03-2025",
            "updated_time": "15:24",
            "is_locked": 0
        },
        {
            "id_sub_bl": 62928,
            "id_daerah": 473,
            "tahun": 2026,
            "id_unit": 717,
            "id_skpd": 717,
            "created_user": 1688,
            "kode_skpd": "7.01.0.00.0.00.19.0000",
            "nama_skpd": "Kecamatan Ulok Kupai",
            "id_urusan": 17,
            "kode_urusan": "7",
            "nama_urusan": "UNSUR KEWILAYAHAN",
            "id_bidang_urusan": 243,
            "kode_bidang_urusan": "7.01",
            "nama_bidang_urusan": "KECAMATAN",
            "id_sub_skpd": 717,
            "kode_sub_skpd": "7.01.0.00.0.00.19.0000",
            "nama_sub_skpd": "Kecamatan Ulok Kupai",
            "set_pagu_user": 1688,
            "set_pagu_at": "Thu, 27 Mar 2025 15:42:06 GMT",
            "id_program": 4451,
            "kode_program": "7.01.01",
            "nama_program": "PROGRAM PENUNJANG URUSAN PEMERINTAHAN DAERAH KABUPATEN/KOTA",
            "id_giat": 18372,
            "kode_giat": "7.01.01.2.02",
            "nama_giat": "Administrasi Keuangan Perangkat Daerah",
            "pagu_giat": 1097238828.0,
            "rinci_giat": null,
            "id_sub_giat": 60602,
            "kode_sub_giat": "7.01.01.2.02.0001",
            "nama_sub_giat": "Penyediaan Gaji dan Tunjangan ASN",
            "pagu": 1018335174.0,
            "pagu_indikatif": 1018335174.0,
            "rincian": null,
            "kode_bl": "717.717.4451.18372",
            "kode_sbl": "717.717.4451.18372.60602",
            "kunci_bl": 1,
            "kunci_bl_rinci": 1,
            "user_created": "KADINO,S.Sos",
            "created_date": "31-01-2025",
            "created_time": "20:08",
            "user_updated": "KADINO,S.Sos",
            "updated_date": "27-03-2025",
            "updated_time": "15:25",
            "is_locked": 0
        },
        {
            "id_sub_bl": 62929,
            "id_daerah": 473,
            "tahun": 2026,
            "id_unit": 717,
            "id_skpd": 717,
            "created_user": 1688,
            "kode_skpd": "7.01.0.00.0.00.19.0000",
            "nama_skpd": "Kecamatan Ulok Kupai",
            "id_urusan": 17,
            "kode_urusan": "7",
            "nama_urusan": "UNSUR KEWILAYAHAN",
            "id_bidang_urusan": 243,
            "kode_bidang_urusan": "7.01",
            "nama_bidang_urusan": "KECAMATAN",
            "id_sub_skpd": 717,
            "kode_sub_skpd": "7.01.0.00.0.00.19.0000",
            "nama_sub_skpd": "Kecamatan Ulok Kupai",
            "set_pagu_user": 1688,
            "set_pagu_at": "Thu, 27 Mar 2025 15:42:06 GMT",
            "id_program": 4451,
            "kode_program": "7.01.01",
            "nama_program": "PROGRAM PENUNJANG URUSAN PEMERINTAHAN DAERAH KABUPATEN/KOTA",
            "id_giat": 18372,
            "kode_giat": "7.01.01.2.02",
            "nama_giat": "Administrasi Keuangan Perangkat Daerah",
            "pagu_giat": 1097238828.0,
            "rinci_giat": null,
            "id_sub_giat": 60604,
            "kode_sub_giat": "7.01.01.2.02.0003",
            "nama_sub_giat": "Pelaksanaan Penatausahaan dan\r\n\nPengujian/Verifikasi Keuangan SKPD",
            "pagu": 71999800.0,
            "pagu_indikatif": 71999800.0,
            "rincian": null,
            "kode_bl": "717.717.4451.18372",
            "kode_sbl": "717.717.4451.18372.60604",
            "kunci_bl": 1,
            "kunci_bl_rinci": 1,
            "user_created": "KADINO,S.Sos",
            "created_date": "31-01-2025",
            "created_time": "20:10",
            "user_updated": "KADINO,S.Sos",
            "updated_date": "27-03-2025",
            "updated_time": "15:26",
            "is_locked": 0
        },
        {
            "id_sub_bl": 62930,
            "id_daerah": 473,
            "tahun": 2026,
            "id_unit": 717,
            "id_skpd": 717,
            "created_user": 1688,
            "kode_skpd": "7.01.0.00.0.00.19.0000",
            "nama_skpd": "Kecamatan Ulok Kupai",
            "id_urusan": 17,
            "kode_urusan": "7",
            "nama_urusan": "UNSUR KEWILAYAHAN",
            "id_bidang_urusan": 243,
            "kode_bidang_urusan": "7.01",
            "nama_bidang_urusan": "KECAMATAN",
            "id_sub_skpd": 717,
            "kode_sub_skpd": "7.01.0.00.0.00.19.0000",
            "nama_sub_skpd": "Kecamatan Ulok Kupai",
            "set_pagu_user": 1688,
            "set_pagu_at": "Thu, 27 Mar 2025 15:42:06 GMT",
            "id_program": 4451,
            "kode_program": "7.01.01",
            "nama_program": "PROGRAM PENUNJANG URUSAN PEMERINTAHAN DAERAH KABUPATEN/KOTA",
            "id_giat": 18372,
            "kode_giat": "7.01.01.2.02",
            "nama_giat": "Administrasi Keuangan Perangkat Daerah",
            "pagu_giat": 1097238828.0,
            "rinci_giat": null,
            "id_sub_giat": 60606,
            "kode_sub_giat": "7.01.01.2.02.0005",
            "nama_sub_giat": "Koordinasi dan Penyusunan Laporan Keuangan Akhir Tahun SKPD",
            "pagu": 3296927.0,
            "pagu_indikatif": 3296927.0,
            "rincian": null,
            "kode_bl": "717.717.4451.18372",
            "kode_sbl": "717.717.4451.18372.60606",
            "kunci_bl": 1,
            "kunci_bl_rinci": 1,
            "user_created": "KADINO,S.Sos",
            "created_date": "31-01-2025",
            "created_time": "20:12",
            "user_updated": "KADINO,S.Sos",
            "updated_date": "27-03-2025",
            "updated_time": "15:27",
            "is_locked": 0
        },
        {
            "id_sub_bl": 62933,
            "id_daerah": 473,
            "tahun": 2026,
            "id_unit": 717,
            "id_skpd": 717,
            "created_user": 1688,
            "kode_skpd": "7.01.0.00.0.00.19.0000",
            "nama_skpd": "Kecamatan Ulok Kupai",
            "id_urusan": 17,
            "kode_urusan": "7",
            "nama_urusan": "UNSUR KEWILAYAHAN",
            "id_bidang_urusan": 243,
            "kode_bidang_urusan": "7.01",
            "nama_bidang_urusan": "KECAMATAN",
            "id_sub_skpd": 717,
            "kode_sub_skpd": "7.01.0.00.0.00.19.0000",
            "nama_sub_skpd": "Kecamatan Ulok Kupai",
            "set_pagu_user": 1688,
            "set_pagu_at": "Thu, 27 Mar 2025 15:42:06 GMT",
            "id_program": 4451,
            "kode_program": "7.01.01",
            "nama_program": "PROGRAM PENUNJANG URUSAN PEMERINTAHAN DAERAH KABUPATEN/KOTA",
            "id_giat": 18373,
            "kode_giat": "7.01.01.2.03",
            "nama_giat": "Administrasi Barang Milik Daerah pada Perangkat Daerah",
            "pagu_giat": 24500000.0,
            "rinci_giat": null,
            "id_sub_giat": 60615,
            "kode_sub_giat": "7.01.01.2.03.0006",
            "nama_sub_giat": "Penatausahaan Barang Milik Daerah pada SKPD",
            "pagu": 24500000.0,
            "pagu_indikatif": 24500000.0,
            "rincian": null,
            "kode_bl": "717.717.4451.18373",
            "kode_sbl": "717.717.4451.18373.60615",
            "kunci_bl": 1,
            "kunci_bl_rinci": 1,
            "user_created": "KADINO,S.Sos",
            "created_date": "31-01-2025",
            "created_time": "20:15",
            "user_updated": "KADINO,S.Sos",
            "updated_date": "27-03-2025",
            "updated_time": "15:28",
            "is_locked": 0
        },
        {
            "id_sub_bl": 62944,
            "id_daerah": 473,
            "tahun": 2026,
            "id_unit": 717,
            "id_skpd": 717,
            "created_user": 1688,
            "kode_skpd": "7.01.0.00.0.00.19.0000",
            "nama_skpd": "Kecamatan Ulok Kupai",
            "id_urusan": 17,
            "kode_urusan": "7",
            "nama_urusan": "UNSUR KEWILAYAHAN",
            "id_bidang_urusan": 243,
            "kode_bidang_urusan": "7.01",
            "nama_bidang_urusan": "KECAMATAN",
            "id_sub_skpd": 717,
            "kode_sub_skpd": "7.01.0.00.0.00.19.0000",
            "nama_sub_skpd": "Kecamatan Ulok Kupai",
            "set_pagu_user": 1688,
            "set_pagu_at": "Thu, 27 Mar 2025 15:42:06 GMT",
            "id_program": 4451,
            "kode_program": "7.01.01",
            "nama_program": "PROGRAM PENUNJANG URUSAN PEMERINTAHAN DAERAH KABUPATEN/KOTA",
            "id_giat": 18375,
            "kode_giat": "7.01.01.2.05",
            "nama_giat": "Administrasi Kepegawaian Perangkat Daerah",
            "pagu_giat": 12000000.0,
            "rinci_giat": null,
            "id_sub_giat": 60625,
            "kode_sub_giat": "7.01.01.2.05.0002",
            "nama_sub_giat": "Pengadaan Pakaian Dinas beserta Atribut Kelengkapannya",
            "pagu": 12000000.0,
            "pagu_indikatif": 12000000.0,
            "rincian": null,
            "kode_bl": "717.717.4451.18375",
            "kode_sbl": "717.717.4451.18375.60625",
            "kunci_bl": 1,
            "kunci_bl_rinci": 1,
            "user_created": "KADINO,S.Sos",
            "created_date": "31-01-2025",
            "created_time": "20:31",
            "user_updated": "KADINO,S.Sos",
            "updated_date": "27-03-2025",
            "updated_time": "15:29",
            "is_locked": 0
        },
        {
            "id_sub_bl": 62947,
            "id_daerah": 473,
            "tahun": 2026,
            "id_unit": 717,
            "id_skpd": 717,
            "created_user": 1688,
            "kode_skpd": "7.01.0.00.0.00.19.0000",
            "nama_skpd": "Kecamatan Ulok Kupai",
            "id_urusan": 17,
            "kode_urusan": "7",
            "nama_urusan": "UNSUR KEWILAYAHAN",
            "id_bidang_urusan": 243,
            "kode_bidang_urusan": "7.01",
            "nama_bidang_urusan": "KECAMATAN",
            "id_sub_skpd": 717,
            "kode_sub_skpd": "7.01.0.00.0.00.19.0000",
            "nama_sub_skpd": "Kecamatan Ulok Kupai",
            "set_pagu_user": 1688,
            "set_pagu_at": "Thu, 27 Mar 2025 15:42:06 GMT",
            "id_program": 4451,
            "kode_program": "7.01.01",
            "nama_program": "PROGRAM PENUNJANG URUSAN PEMERINTAHAN DAERAH KABUPATEN/KOTA",
            "id_giat": 18376,
            "kode_giat": "7.01.01.2.06",
            "nama_giat": "Administrasi Umum Perangkat Daerah",
            "pagu_giat": 123378902.0,
            "rinci_giat": null,
            "id_sub_giat": 60635,
            "kode_sub_giat": "7.01.01.2.06.0001",
            "nama_sub_giat": "Penyediaan Komponen Instalasi\r\n\nListrik/Penerangan Bangunan Kantor",
            "pagu": 2998902.0,
            "pagu_indikatif": 2998902.0,
            "rincian": null,
            "kode_bl": "717.717.4451.18376",
            "kode_sbl": "717.717.4451.18376.60635",
            "kunci_bl": 1,
            "kunci_bl_rinci": 1,
            "user_created": "KADINO,S.Sos",
            "created_date": "31-01-2025",
            "created_time": "20:33",
            "user_updated": "KADINO,S.Sos",
            "updated_date": "27-03-2025",
            "updated_time": "15:30",
            "is_locked": 0
        },
        {
            "id_sub_bl": 62950,
            "id_daerah": 473,
            "tahun": 2026,
            "id_unit": 717,
            "id_skpd": 717,
            "created_user": 1688,
            "kode_skpd": "7.01.0.00.0.00.19.0000",
            "nama_skpd": "Kecamatan Ulok Kupai",
            "id_urusan": 17,
            "kode_urusan": "7",
            "nama_urusan": "UNSUR KEWILAYAHAN",
            "id_bidang_urusan": 243,
            "kode_bidang_urusan": "7.01",
            "nama_bidang_urusan": "KECAMATAN",
            "id_sub_skpd": 717,
            "kode_sub_skpd": "7.01.0.00.0.00.19.0000",
            "nama_sub_skpd": "Kecamatan Ulok Kupai",
            "set_pagu_user": 1688,
            "set_pagu_at": "Thu, 27 Mar 2025 15:42:06 GMT",
            "id_program": 4451,
            "kode_program": "7.01.01",
            "nama_program": "PROGRAM PENUNJANG URUSAN PEMERINTAHAN DAERAH KABUPATEN/KOTA",
            "id_giat": 18376,
            "kode_giat": "7.01.01.2.06",
            "nama_giat": "Administrasi Umum Perangkat Daerah",
            "pagu_giat": 123378902.0,
            "rinci_giat": null,
            "id_sub_giat": 60638,
            "kode_sub_giat": "7.01.01.2.06.0004",
            "nama_sub_giat": "Penyediaan Bahan Logistik Kantor",
            "pagu": 35000000.0,
            "pagu_indikatif": 35000000.0,
            "rincian": null,
            "kode_bl": "717.717.4451.18376",
            "kode_sbl": "717.717.4451.18376.60638",
            "kunci_bl": 1,
            "kunci_bl_rinci": 1,
            "user_created": "KADINO,S.Sos",
            "created_date": "31-01-2025",
            "created_time": "20:35",
            "user_updated": "KADINO,S.Sos",
            "updated_date": "27-03-2025",
            "updated_time": "15:32",
            "is_locked": 0
        },
        {
            "id_sub_bl": 62954,
            "id_daerah": 473,
            "tahun": 2026,
            "id_unit": 717,
            "id_skpd": 717,
            "created_user": 1688,
            "kode_skpd": "7.01.0.00.0.00.19.0000",
            "nama_skpd": "Kecamatan Ulok Kupai",
            "id_urusan": 17,
            "kode_urusan": "7",
            "nama_urusan": "UNSUR KEWILAYAHAN",
            "id_bidang_urusan": 243,
            "kode_bidang_urusan": "7.01",
            "nama_bidang_urusan": "KECAMATAN",
            "id_sub_skpd": 717,
            "kode_sub_skpd": "7.01.0.00.0.00.19.0000",
            "nama_sub_skpd": "Kecamatan Ulok Kupai",
            "set_pagu_user": 1688,
            "set_pagu_at": "Thu, 27 Mar 2025 15:42:06 GMT",
            "id_program": 4451,
            "kode_program": "7.01.01",
            "nama_program": "PROGRAM PENUNJANG URUSAN PEMERINTAHAN DAERAH KABUPATEN/KOTA",
            "id_giat": 18376,
            "kode_giat": "7.01.01.2.06",
            "nama_giat": "Administrasi Umum Perangkat Daerah",
            "pagu_giat": 123378902.0,
            "rinci_giat": null,
            "id_sub_giat": 60639,
            "kode_sub_giat": "7.01.01.2.06.0005",
            "nama_sub_giat": "Penyediaan Barang Cetakan dan Penggandaan",
            "pagu": 4000000.0,
            "pagu_indikatif": 4000000.0,
            "rincian": null,
            "kode_bl": "717.717.4451.18376",
            "kode_sbl": "717.717.4451.18376.60639",
            "kunci_bl": 1,
            "kunci_bl_rinci": 1,
            "user_created": "KADINO,S.Sos",
            "created_date": "31-01-2025",
            "created_time": "20:37",
            "user_updated": "KADINO,S.Sos",
            "updated_date": "27-03-2025",
            "updated_time": "15:33",
            "is_locked": 0
        },
        {
            "id_sub_bl": 62956,
            "id_daerah": 473,
            "tahun": 2026,
            "id_unit": 717,
            "id_skpd": 717,
            "created_user": 1688,
            "kode_skpd": "7.01.0.00.0.00.19.0000",
            "nama_skpd": "Kecamatan Ulok Kupai",
            "id_urusan": 17,
            "kode_urusan": "7",
            "nama_urusan": "UNSUR KEWILAYAHAN",
            "id_bidang_urusan": 243,
            "kode_bidang_urusan": "7.01",
            "nama_bidang_urusan": "KECAMATAN",
            "id_sub_skpd": 717,
            "kode_sub_skpd": "7.01.0.00.0.00.19.0000",
            "nama_sub_skpd": "Kecamatan Ulok Kupai",
            "set_pagu_user": 1688,
            "set_pagu_at": "Thu, 27 Mar 2025 15:42:06 GMT",
            "id_program": 4451,
            "kode_program": "7.01.01",
            "nama_program": "PROGRAM PENUNJANG URUSAN PEMERINTAHAN DAERAH KABUPATEN/KOTA",
            "id_giat": 18376,
            "kode_giat": "7.01.01.2.06",
            "nama_giat": "Administrasi Umum Perangkat Daerah",
            "pagu_giat": 123378902.0,
            "rinci_giat": null,
            "id_sub_giat": 60640,
            "kode_sub_giat": "7.01.01.2.06.0006",
            "nama_sub_giat": "Penyediaan Bahan Bacaan dan Peraturan Perundang-undangan",
            "pagu": 1380000.0,
            "pagu_indikatif": 1380000.0,
            "rincian": null,
            "kode_bl": "717.717.4451.18376",
            "kode_sbl": "717.717.4451.18376.60640",
            "kunci_bl": 1,
            "kunci_bl_rinci": 1,
            "user_created": "KADINO,S.Sos",
            "created_date": "31-01-2025",
            "created_time": "20:38",
            "user_updated": "KADINO,S.Sos",
            "updated_date": "27-03-2025",
            "updated_time": "15:34",
            "is_locked": 0
        },
        {
            "id_sub_bl": 62957,
            "id_daerah": 473,
            "tahun": 2026,
            "id_unit": 717,
            "id_skpd": 717,
            "created_user": 1688,
            "kode_skpd": "7.01.0.00.0.00.19.0000",
            "nama_skpd": "Kecamatan Ulok Kupai",
            "id_urusan": 17,
            "kode_urusan": "7",
            "nama_urusan": "UNSUR KEWILAYAHAN",
            "id_bidang_urusan": 243,
            "kode_bidang_urusan": "7.01",
            "nama_bidang_urusan": "KECAMATAN",
            "id_sub_skpd": 717,
            "kode_sub_skpd": "7.01.0.00.0.00.19.0000",
            "nama_sub_skpd": "Kecamatan Ulok Kupai",
            "set_pagu_user": 1688,
            "set_pagu_at": "Thu, 27 Mar 2025 15:42:06 GMT",
            "id_program": 4451,
            "kode_program": "7.01.01",
            "nama_program": "PROGRAM PENUNJANG URUSAN PEMERINTAHAN DAERAH KABUPATEN/KOTA",
            "id_giat": 18376,
            "kode_giat": "7.01.01.2.06",
            "nama_giat": "Administrasi Umum Perangkat Daerah",
            "pagu_giat": 123378902.0,
            "rinci_giat": null,
            "id_sub_giat": 60643,
            "kode_sub_giat": "7.01.01.2.06.0009",
            "nama_sub_giat": "Penyelenggaraan Rapat Koordinasi dan Konsultasi SKPD",
            "pagu": 80000000.0,
            "pagu_indikatif": 80000000.0,
            "rincian": null,
            "kode_bl": "717.717.4451.18376",
            "kode_sbl": "717.717.4451.18376.60643",
            "kunci_bl": 1,
            "kunci_bl_rinci": 1,
            "user_created": "KADINO,S.Sos",
            "created_date": "31-01-2025",
            "created_time": "20:40",
            "user_updated": "KADINO,S.Sos",
            "updated_date": "27-03-2025",
            "updated_time": "15:35",
            "is_locked": 0
        },
        {
            "id_sub_bl": 62959,
            "id_daerah": 473,
            "tahun": 2026,
            "id_unit": 717,
            "id_skpd": 717,
            "created_user": 1688,
            "kode_skpd": "7.01.0.00.0.00.19.0000",
            "nama_skpd": "Kecamatan Ulok Kupai",
            "id_urusan": 17,
            "kode_urusan": "7",
            "nama_urusan": "UNSUR KEWILAYAHAN",
            "id_bidang_urusan": 243,
            "kode_bidang_urusan": "7.01",
            "nama_bidang_urusan": "KECAMATAN",
            "id_sub_skpd": 717,
            "kode_sub_skpd": "7.01.0.00.0.00.19.0000",
            "nama_sub_skpd": "Kecamatan Ulok Kupai",
            "set_pagu_user": 1688,
            "set_pagu_at": "Thu, 27 Mar 2025 15:42:06 GMT",
            "id_program": 4451,
            "kode_program": "7.01.01",
            "nama_program": "PROGRAM PENUNJANG URUSAN PEMERINTAHAN DAERAH KABUPATEN/KOTA",
            "id_giat": 18377,
            "kode_giat": "7.01.01.2.07",
            "nama_giat": "Pengadaan Barang Milik Daerah Penunjang Urusan Pemerintah Daerah",
            "pagu_giat": 38000000.0,
            "rinci_giat": null,
            "id_sub_giat": 60650,
            "kode_sub_giat": "7.01.01.2.07.0005",
            "nama_sub_giat": "Pengadaan Mebel",
            "pagu": 8000000.0,
            "pagu_indikatif": 8000000.0,
            "rincian": null,
            "kode_bl": "717.717.4451.18377",
            "kode_sbl": "717.717.4451.18377.60650",
            "kunci_bl": 1,
            "kunci_bl_rinci": 1,
            "user_created": "KADINO,S.Sos",
            "created_date": "31-01-2025",
            "created_time": "20:43",
            "user_updated": "KADINO,S.Sos",
            "updated_date": "27-03-2025",
            "updated_time": "15:36",
            "is_locked": 0
        },
        {
            "id_sub_bl": 62960,
            "id_daerah": 473,
            "tahun": 2026,
            "id_unit": 717,
            "id_skpd": 717,
            "created_user": 1688,
            "kode_skpd": "7.01.0.00.0.00.19.0000",
            "nama_skpd": "Kecamatan Ulok Kupai",
            "id_urusan": 17,
            "kode_urusan": "7",
            "nama_urusan": "UNSUR KEWILAYAHAN",
            "id_bidang_urusan": 243,
            "kode_bidang_urusan": "7.01",
            "nama_bidang_urusan": "KECAMATAN",
            "id_sub_skpd": 717,
            "kode_sub_skpd": "7.01.0.00.0.00.19.0000",
            "nama_sub_skpd": "Kecamatan Ulok Kupai",
            "set_pagu_user": 1688,
            "set_pagu_at": "Thu, 27 Mar 2025 15:42:06 GMT",
            "id_program": 4451,
            "kode_program": "7.01.01",
            "nama_program": "PROGRAM PENUNJANG URUSAN PEMERINTAHAN DAERAH KABUPATEN/KOTA",
            "id_giat": 18377,
            "kode_giat": "7.01.01.2.07",
            "nama_giat": "Pengadaan Barang Milik Daerah Penunjang Urusan Pemerintah Daerah",
            "pagu_giat": 38000000.0,
            "rinci_giat": null,
            "id_sub_giat": 60651,
            "kode_sub_giat": "7.01.01.2.07.0006",
            "nama_sub_giat": "Pengadaan Peralatan dan Mesin Lainnya",
            "pagu": 30000000.0,
            "pagu_indikatif": 30000000.0,
            "rincian": null,
            "kode_bl": "717.717.4451.18377",
            "kode_sbl": "717.717.4451.18377.60651",
            "kunci_bl": 1,
            "kunci_bl_rinci": 1,
            "user_created": "KADINO,S.Sos",
            "created_date": "31-01-2025",
            "created_time": "20:45",
            "user_updated": "KADINO,S.Sos",
            "updated_date": "27-03-2025",
            "updated_time": "15:37",
            "is_locked": 0
        },
        {
            "id_sub_bl": 62962,
            "id_daerah": 473,
            "tahun": 2026,
            "id_unit": 717,
            "id_skpd": 717,
            "created_user": 1688,
            "kode_skpd": "7.01.0.00.0.00.19.0000",
            "nama_skpd": "Kecamatan Ulok Kupai",
            "id_urusan": 17,
            "kode_urusan": "7",
            "nama_urusan": "UNSUR KEWILAYAHAN",
            "id_bidang_urusan": 243,
            "kode_bidang_urusan": "7.01",
            "nama_bidang_urusan": "KECAMATAN",
            "id_sub_skpd": 717,
            "kode_sub_skpd": "7.01.0.00.0.00.19.0000",
            "nama_sub_skpd": "Kecamatan Ulok Kupai",
            "set_pagu_user": 1688,
            "set_pagu_at": "Thu, 27 Mar 2025 15:42:06 GMT",
            "id_program": 4451,
            "kode_program": "7.01.01",
            "nama_program": "PROGRAM PENUNJANG URUSAN PEMERINTAHAN DAERAH KABUPATEN/KOTA",
            "id_giat": 18378,
            "kode_giat": "7.01.01.2.08",
            "nama_giat": "Penyediaan Jasa Penunjang Urusan Pemerintahan Daerah",
            "pagu_giat": 72496000.0,
            "rinci_giat": null,
            "id_sub_giat": 60658,
            "kode_sub_giat": "7.01.01.2.08.0002",
            "nama_sub_giat": "Penyediaan Jasa Komunikasi, Sumber Daya Air dan Listrik",
            "pagu": 17700000.0,
            "pagu_indikatif": 17700000.0,
            "rincian": null,
            "kode_bl": "717.717.4451.18378",
            "kode_sbl": "717.717.4451.18378.60658",
            "kunci_bl": 1,
            "kunci_bl_rinci": 1,
            "user_created": "KADINO,S.Sos",
            "created_date": "31-01-2025",
            "created_time": "20:49",
            "user_updated": "KADINO,S.Sos",
            "updated_date": "27-03-2025",
            "updated_time": "15:38",
            "is_locked": 0
        },
        {
            "id_sub_bl": 62965,
            "id_daerah": 473,
            "tahun": 2026,
            "id_unit": 717,
            "id_skpd": 717,
            "created_user": 1688,
            "kode_skpd": "7.01.0.00.0.00.19.0000",
            "nama_skpd": "Kecamatan Ulok Kupai",
            "id_urusan": 17,
            "kode_urusan": "7",
            "nama_urusan": "UNSUR KEWILAYAHAN",
            "id_bidang_urusan": 243,
            "kode_bidang_urusan": "7.01",
            "nama_bidang_urusan": "KECAMATAN",
            "id_sub_skpd": 717,
            "kode_sub_skpd": "7.01.0.00.0.00.19.0000",
            "nama_sub_skpd": "Kecamatan Ulok Kupai",
            "set_pagu_user": 1688,
            "set_pagu_at": "Thu, 27 Mar 2025 15:42:06 GMT",
            "id_program": 4451,
            "kode_program": "7.01.01",
            "nama_program": "PROGRAM PENUNJANG URUSAN PEMERINTAHAN DAERAH KABUPATEN/KOTA",
            "id_giat": 18378,
            "kode_giat": "7.01.01.2.08",
            "nama_giat": "Penyediaan Jasa Penunjang Urusan Pemerintahan Daerah",
            "pagu_giat": 72496000.0,
            "rinci_giat": null,
            "id_sub_giat": 60660,
            "kode_sub_giat": "7.01.01.2.08.0004",
            "nama_sub_giat": "Penyediaan Jasa Pelayanan Umum Kantor",
            "pagu": 54796000.0,
            "pagu_indikatif": 54796000.0,
            "rincian": null,
            "kode_bl": "717.717.4451.18378",
            "kode_sbl": "717.717.4451.18378.60660",
            "kunci_bl": 1,
            "kunci_bl_rinci": 1,
            "user_created": "KADINO,S.Sos",
            "created_date": "31-01-2025",
            "created_time": "20:51",
            "user_updated": "KADINO,S.Sos",
            "updated_date": "27-03-2025",
            "updated_time": "15:39",
            "is_locked": 0
        },
        {
            "id_sub_bl": 62968,
            "id_daerah": 473,
            "tahun": 2026,
            "id_unit": 717,
            "id_skpd": 717,
            "created_user": 1688,
            "kode_skpd": "7.01.0.00.0.00.19.0000",
            "nama_skpd": "Kecamatan Ulok Kupai",
            "id_urusan": 17,
            "kode_urusan": "7",
            "nama_urusan": "UNSUR KEWILAYAHAN",
            "id_bidang_urusan": 243,
            "kode_bidang_urusan": "7.01",
            "nama_bidang_urusan": "KECAMATAN",
            "id_sub_skpd": 717,
            "kode_sub_skpd": "7.01.0.00.0.00.19.0000",
            "nama_sub_skpd": "Kecamatan Ulok Kupai",
            "set_pagu_user": 1688,
            "set_pagu_at": "Thu, 27 Mar 2025 15:42:06 GMT",
            "id_program": 4451,
            "kode_program": "7.01.01",
            "nama_program": "PROGRAM PENUNJANG URUSAN PEMERINTAHAN DAERAH KABUPATEN/KOTA",
            "id_giat": 18379,
            "kode_giat": "7.01.01.2.09",
            "nama_giat": "Pemeliharaan Barang Milik Daerah Penunjang Urusan Pemerintahan Daerah",
            "pagu_giat": 35000000.0,
            "rinci_giat": null,
            "id_sub_giat": 60662,
            "kode_sub_giat": "7.01.01.2.09.0002",
            "nama_sub_giat": "Penyediaan Jasa Pemeliharaan, Biaya Pemeliharaan, Pajak dan Perizinan Kendaraan Dinas Operasional atau Lapangan",
            "pagu": 35000000.0,
            "pagu_indikatif": 35000000.0,
            "rincian": null,
            "kode_bl": "717.717.4451.18379",
            "kode_sbl": "717.717.4451.18379.60662",
            "kunci_bl": 1,
            "kunci_bl_rinci": 1,
            "user_created": "KADINO,S.Sos",
            "created_date": "31-01-2025",
            "created_time": "20:55",
            "user_updated": "KADINO,S.Sos",
            "updated_date": "27-03-2025",
            "updated_time": "15:41",
            "is_locked": 0
        },
        {
            "id_sub_bl": 62932,
            "id_daerah": 473,
            "tahun": 2026,
            "id_unit": 717,
            "id_skpd": 717,
            "created_user": 1688,
            "kode_skpd": "7.01.0.00.0.00.19.0000",
            "nama_skpd": "Kecamatan Ulok Kupai",
            "id_urusan": 20,
            "kode_urusan": "X",
            "nama_urusan": "NON URUSAN",
            "id_bidang_urusan": 251,
            "kode_bidang_urusan": "X.XX",
            "nama_bidang_urusan": "URUSAN PEMERINTAHAN BIDANG XX",
            "id_sub_skpd": 717,
            "kode_sub_skpd": "7.01.0.00.0.00.19.0000",
            "nama_sub_skpd": "Kecamatan Ulok Kupai",
            "set_pagu_user": 1688,
            "set_pagu_at": "Thu, 27 Mar 2025 15:42:06 GMT",
            "id_program": 4451,
            "kode_program": "X.XX.01",
            "nama_program": "PROGRAM PENUNJANG URUSAN PEMERINTAHAN DAERAH KABUPATEN/KOTA",
            "id_giat": 18372,
            "kode_giat": "X.XX.01.2.02",
            "nama_giat": "Administrasi Keuangan Perangkat Daerah",
            "pagu_giat": 1097238828.0,
            "rinci_giat": null,
            "id_sub_giat": 60608,
            "kode_sub_giat": "X.XX.01.2.02.0007",
            "nama_sub_giat": "Koordinasi dan Penyusunan Laporan Keuangan Bulanan/ Triwulanan/ Semesteran SKPD",
            "pagu": 3606927.0,
            "pagu_indikatif": 3606927.0,
            "rincian": null,
            "kode_bl": "717.717.4451.18372",
            "kode_sbl": "717.717.4451.18372.60608",
            "kunci_bl": 1,
            "kunci_bl_rinci": 1,
            "user_created": "KADINO,S.Sos",
            "created_date": "31-01-2025",
            "created_time": "20:13",
            "user_updated": null,
            "updated_date": null,
            "updated_time": null,
            "is_locked": 0
        }
    ]