[
        {
            "id_sub_bl": 60014,
            "id_daerah": 473,
            "tahun": 2026,
            "id_unit": 677,
            "id_skpd": 677,
            "created_user": 6591,
            "kode_skpd": "7.01.0.00.0.00.18.0000",
            "nama_skpd": "Kecamatan Tanjung Agung Palik",
            "id_urusan": 17,
            "kode_urusan": "7",
            "nama_urusan": "UNSUR KEWILAYAHAN",
            "id_bidang_urusan": 243,
            "kode_bidang_urusan": "7.01",
            "nama_bidang_urusan": "KECAMATAN",
            "id_sub_skpd": 677,
            "kode_sub_skpd": "7.01.0.00.0.00.18.0000",
            "nama_sub_skpd": "Kecamatan Tanjung Agung Palik",
            "set_pagu_user": 6591,
            "set_pagu_at": "Wed, 26 Mar 2025 10:23:07 GMT",
            "id_program": 4418,
            "kode_program": "7.01.03",
            "nama_program": "PROGRAM PEMBERDAYAAN MASYARAKAT DESA DAN KELURAHAN",
            "id_giat": 18279,
            "kode_giat": "7.01.03.2.01",
            "nama_giat": "Koordinasi Kegiatan Pemberdayaan Desa",
            "pagu_giat": 25000000.0,
            "rinci_giat": null,
            "id_sub_giat": 59913,
            "kode_sub_giat": "7.01.03.2.01.0001",
            "nama_sub_giat": "Peningkatan Partisipasi Masyarakat dalam Forum Musyawarah Perencanaan Pembangunan di Desa",
            "pagu": 25000000.0,
            "pagu_indikatif": 25000000.0,
            "rincian": null,
            "kode_bl": "677.677.4418.18279",
            "kode_sbl": "677.677.4418.18279.59913",
            "kunci_bl": 1,
            "kunci_bl_rinci": 1,
            "user_created": "Zainal, S.IP",
            "created_date": "23-01-2025",
            "created_time": "09:37",
            "user_updated": null,
            "updated_date": null,
            "updated_time": null,
            "is_locked": 0
        },
        {
            "id_sub_bl": 60015,
            "id_daerah": 473,
            "tahun": 2026,
            "id_unit": 677,
            "id_skpd": 677,
            "created_user": 6591,
            "kode_skpd": "7.01.0.00.0.00.18.0000",
            "nama_skpd": "Kecamatan Tanjung Agung Palik",
            "id_urusan": 17,
            "kode_urusan": "7",
            "nama_urusan": "UNSUR KEWILAYAHAN",
            "id_bidang_urusan": 243,
            "kode_bidang_urusan": "7.01",
            "nama_bidang_urusan": "KECAMATAN",
            "id_sub_skpd": 677,
            "kode_sub_skpd": "7.01.0.00.0.00.18.0000",
            "nama_sub_skpd": "Kecamatan Tanjung Agung Palik",
            "set_pagu_user": 6591,
            "set_pagu_at": "Wed, 26 Mar 2025 10:23:07 GMT",
            "id_program": 4423,
            "kode_program": "7.01.06",
            "nama_program": "PROGRAM PEMBINAAN DAN PENGAWASAN PEMERINTAHAN DESA",
            "id_giat": 18290,
            "kode_giat": "7.01.06.2.01",
            "nama_giat": "Fasilitasi, Rekomendasi dan Koordinasi\n\nPembinaan dan Pengawasan Pemerintahan Desa",
            "pagu_giat": 110000000.0,
            "rinci_giat": null,
            "id_sub_giat": 59975,
            "kode_sub_giat": "7.01.06.2.01.0016",
            "nama_sub_giat": "Fasilitasi Penyusunan Program dan Pelaksanaan Pemberdayaan Masyarakat Desa",
            "pagu": 110000000.0,
            "pagu_indikatif": 110000000.0,
            "rincian": null,
            "kode_bl": "677.677.4423.18290",
            "kode_sbl": "677.677.4423.18290.59975",
            "kunci_bl": 1,
            "kunci_bl_rinci": 1,
            "user_created": "Zainal, S.IP",
            "created_date": "23-01-2025",
            "created_time": "09:47",
            "user_updated": null,
            "updated_date": null,
            "updated_time": null,
            "is_locked": 0
        },
        {
            "id_sub_bl": 59908,
            "id_daerah": 473,
            "tahun": 2026,
            "id_unit": 677,
            "id_skpd": 677,
            "created_user": 6591,
            "kode_skpd": "7.01.0.00.0.00.18.0000",
            "nama_skpd": "Kecamatan Tanjung Agung Palik",
            "id_urusan": 17,
            "kode_urusan": "7",
            "nama_urusan": "UNSUR KEWILAYAHAN",
            "id_bidang_urusan": 243,
            "kode_bidang_urusan": "7.01",
            "nama_bidang_urusan": "KECAMATAN",
            "id_sub_skpd": 677,
            "kode_sub_skpd": "7.01.0.00.0.00.18.0000",
            "nama_sub_skpd": "Kecamatan Tanjung Agung Palik",
            "set_pagu_user": 6591,
            "set_pagu_at": "Wed, 26 Mar 2025 10:23:07 GMT",
            "id_program": 4451,
            "kode_program": "7.01.01",
            "nama_program": "PROGRAM PENUNJANG URUSAN PEMERINTAHAN DAERAH KABUPATEN/KOTA",
            "id_giat": 18371,
            "kode_giat": "7.01.01.2.01",
            "nama_giat": "Perencanaan, Penganggaran, dan Evaluasi Kinerja Perangkat Daerah",
            "pagu_giat": 50000000.0,
            "rinci_giat": null,
            "id_sub_giat": 60589,
            "kode_sub_giat": "7.01.01.2.01.0001",
            "nama_sub_giat": "Penyusunan Dokumen Perencanaan Perangkat Daerah",
            "pagu": 50000000.0,
            "pagu_indikatif": 50000000.0,
            "rincian": null,
            "kode_bl": "677.677.4451.18371",
            "kode_sbl": "677.677.4451.18371.60589",
            "kunci_bl": 1,
            "kunci_bl_rinci": 1,
            "user_created": "Zainal, S.IP",
            "created_date": "22-01-2025",
            "created_time": "12:03",
            "user_updated": "Zainal, S.IP",
            "updated_date": "22-01-2025",
            "updated_time": "12:22",
            "is_locked": 0
        },
        {
            "id_sub_bl": 59912,
            "id_daerah": 473,
            "tahun": 2026,
            "id_unit": 677,
            "id_skpd": 677,
            "created_user": 6591,
            "kode_skpd": "7.01.0.00.0.00.18.0000",
            "nama_skpd": "Kecamatan Tanjung Agung Palik",
            "id_urusan": 17,
            "kode_urusan": "7",
            "nama_urusan": "UNSUR KEWILAYAHAN",
            "id_bidang_urusan": 243,
            "kode_bidang_urusan": "7.01",
            "nama_bidang_urusan": "KECAMATAN",
            "id_sub_skpd": 677,
            "kode_sub_skpd": "7.01.0.00.0.00.18.0000",
            "nama_sub_skpd": "Kecamatan Tanjung Agung Palik",
            "set_pagu_user": 6591,
            "set_pagu_at": "Wed, 26 Mar 2025 10:23:07 GMT",
            "id_program": 4451,
            "kode_program": "7.01.01",
            "nama_program": "PROGRAM PENUNJANG URUSAN PEMERINTAHAN DAERAH KABUPATEN/KOTA",
            "id_giat": 18372,
            "kode_giat": "7.01.01.2.02",
            "nama_giat": "Administrasi Keuangan Perangkat Daerah",
            "pagu_giat": 1286176150.0,
            "rinci_giat": null,
            "id_sub_giat": 60602,
            "kode_sub_giat": "7.01.01.2.02.0001",
            "nama_sub_giat": "Penyediaan Gaji dan Tunjangan ASN",
            "pagu": 1245176150.0,
            "pagu_indikatif": 1245176150.0,
            "rincian": null,
            "kode_bl": "677.677.4451.18372",
            "kode_sbl": "677.677.4451.18372.60602",
            "kunci_bl": 1,
            "kunci_bl_rinci": 1,
            "user_created": "Zainal, S.IP",
            "created_date": "22-01-2025",
            "created_time": "12:14",
            "user_updated": null,
            "updated_date": null,
            "updated_time": null,
            "is_locked": 0
        },
        {
            "id_sub_bl": 59916,
            "id_daerah": 473,
            "tahun": 2026,
            "id_unit": 677,
            "id_skpd": 677,
            "created_user": 6591,
            "kode_skpd": "7.01.0.00.0.00.18.0000",
            "nama_skpd": "Kecamatan Tanjung Agung Palik",
            "id_urusan": 17,
            "kode_urusan": "7",
            "nama_urusan": "UNSUR KEWILAYAHAN",
            "id_bidang_urusan": 243,
            "kode_bidang_urusan": "7.01",
            "nama_bidang_urusan": "KECAMATAN",
            "id_sub_skpd": 677,
            "kode_sub_skpd": "7.01.0.00.0.00.18.0000",
            "nama_sub_skpd": "Kecamatan Tanjung Agung Palik",
            "set_pagu_user": 6591,
            "set_pagu_at": "Wed, 26 Mar 2025 10:23:07 GMT",
            "id_program": 4451,
            "kode_program": "7.01.01",
            "nama_program": "PROGRAM PENUNJANG URUSAN PEMERINTAHAN DAERAH KABUPATEN/KOTA",
            "id_giat": 18372,
            "kode_giat": "7.01.01.2.02",
            "nama_giat": "Administrasi Keuangan Perangkat Daerah",
            "pagu_giat": 1286176150.0,
            "rinci_giat": null,
            "id_sub_giat": 60604,
            "kode_sub_giat": "7.01.01.2.02.0003",
            "nama_sub_giat": "Pelaksanaan Penatausahaan dan\r\n\nPengujian/Verifikasi Keuangan SKPD",
            "pagu": 35000000.0,
            "pagu_indikatif": 35000000.0,
            "rincian": null,
            "kode_bl": "677.677.4451.18372",
            "kode_sbl": "677.677.4451.18372.60604",
            "kunci_bl": 1,
            "kunci_bl_rinci": 1,
            "user_created": "Zainal, S.IP",
            "created_date": "22-01-2025",
            "created_time": "12:20",
            "user_updated": null,
            "updated_date": null,
            "updated_time": null,
            "is_locked": 0
        },
        {
            "id_sub_bl": 59919,
            "id_daerah": 473,
            "tahun": 2026,
            "id_unit": 677,
            "id_skpd": 677,
            "created_user": 6591,
            "kode_skpd": "7.01.0.00.0.00.18.0000",
            "nama_skpd": "Kecamatan Tanjung Agung Palik",
            "id_urusan": 17,
            "kode_urusan": "7",
            "nama_urusan": "UNSUR KEWILAYAHAN",
            "id_bidang_urusan": 243,
            "kode_bidang_urusan": "7.01",
            "nama_bidang_urusan": "KECAMATAN",
            "id_sub_skpd": 677,
            "kode_sub_skpd": "7.01.0.00.0.00.18.0000",
            "nama_sub_skpd": "Kecamatan Tanjung Agung Palik",
            "set_pagu_user": 6591,
            "set_pagu_at": "Wed, 26 Mar 2025 10:23:07 GMT",
            "id_program": 4451,
            "kode_program": "7.01.01",
            "nama_program": "PROGRAM PENUNJANG URUSAN PEMERINTAHAN DAERAH KABUPATEN/KOTA",
            "id_giat": 18372,
            "kode_giat": "7.01.01.2.02",
            "nama_giat": "Administrasi Keuangan Perangkat Daerah",
            "pagu_giat": 1286176150.0,
            "rinci_giat": null,
            "id_sub_giat": 60606,
            "kode_sub_giat": "7.01.01.2.02.0005",
            "nama_sub_giat": "Koordinasi dan Penyusunan Laporan Keuangan Akhir Tahun SKPD",
            "pagu": 3000000.0,
            "pagu_indikatif": 3000000.0,
            "rincian": null,
            "kode_bl": "677.677.4451.18372",
            "kode_sbl": "677.677.4451.18372.60606",
            "kunci_bl": 1,
            "kunci_bl_rinci": 1,
            "user_created": "Zainal, S.IP",
            "created_date": "22-01-2025",
            "created_time": "12:39",
            "user_updated": null,
            "updated_date": null,
            "updated_time": null,
            "is_locked": 0
        },
        {
            "id_sub_bl": 59917,
            "id_daerah": 473,
            "tahun": 2026,
            "id_unit": 677,
            "id_skpd": 677,
            "created_user": 6591,
            "kode_skpd": "7.01.0.00.0.00.18.0000",
            "nama_skpd": "Kecamatan Tanjung Agung Palik",
            "id_urusan": 17,
            "kode_urusan": "7",
            "nama_urusan": "UNSUR KEWILAYAHAN",
            "id_bidang_urusan": 243,
            "kode_bidang_urusan": "7.01",
            "nama_bidang_urusan": "KECAMATAN",
            "id_sub_skpd": 677,
            "kode_sub_skpd": "7.01.0.00.0.00.18.0000",
            "nama_sub_skpd": "Kecamatan Tanjung Agung Palik",
            "set_pagu_user": 6591,
            "set_pagu_at": "Wed, 26 Mar 2025 10:23:07 GMT",
            "id_program": 4451,
            "kode_program": "7.01.01",
            "nama_program": "PROGRAM PENUNJANG URUSAN PEMERINTAHAN DAERAH KABUPATEN/KOTA",
            "id_giat": 18372,
            "kode_giat": "7.01.01.2.02",
            "nama_giat": "Administrasi Keuangan Perangkat Daerah",
            "pagu_giat": 1286176150.0,
            "rinci_giat": null,
            "id_sub_giat": 60608,
            "kode_sub_giat": "7.01.01.2.02.0007",
            "nama_sub_giat": "Koordinasi dan Penyusunan Laporan Keuangan Bulanan/ Triwulanan/ Semesteran SKPD",
            "pagu": 3000000.0,
            "pagu_indikatif": 3000000.0,
            "rincian": null,
            "kode_bl": "677.677.4451.18372",
            "kode_sbl": "677.677.4451.18372.60608",
            "kunci_bl": 1,
            "kunci_bl_rinci": 1,
            "user_created": "Zainal, S.IP",
            "created_date": "22-01-2025",
            "created_time": "12:35",
            "user_updated": null,
            "updated_date": null,
            "updated_time": null,
            "is_locked": 0
        },
        {
            "id_sub_bl": 59923,
            "id_daerah": 473,
            "tahun": 2026,
            "id_unit": 677,
            "id_skpd": 677,
            "created_user": 6591,
            "kode_skpd": "7.01.0.00.0.00.18.0000",
            "nama_skpd": "Kecamatan Tanjung Agung Palik",
            "id_urusan": 17,
            "kode_urusan": "7",
            "nama_urusan": "UNSUR KEWILAYAHAN",
            "id_bidang_urusan": 243,
            "kode_bidang_urusan": "7.01",
            "nama_bidang_urusan": "KECAMATAN",
            "id_sub_skpd": 677,
            "kode_sub_skpd": "7.01.0.00.0.00.18.0000",
            "nama_sub_skpd": "Kecamatan Tanjung Agung Palik",
            "set_pagu_user": 6591,
            "set_pagu_at": "Wed, 26 Mar 2025 10:23:07 GMT",
            "id_program": 4451,
            "kode_program": "7.01.01",
            "nama_program": "PROGRAM PENUNJANG URUSAN PEMERINTAHAN DAERAH KABUPATEN/KOTA",
            "id_giat": 18373,
            "kode_giat": "7.01.01.2.03",
            "nama_giat": "Administrasi Barang Milik Daerah pada Perangkat Daerah",
            "pagu_giat": 27000000.0,
            "rinci_giat": null,
            "id_sub_giat": 60615,
            "kode_sub_giat": "7.01.01.2.03.0006",
            "nama_sub_giat": "Penatausahaan Barang Milik Daerah pada SKPD",
            "pagu": 27000000.0,
            "pagu_indikatif": 27000000.0,
            "rincian": null,
            "kode_bl": "677.677.4451.18373",
            "kode_sbl": "677.677.4451.18373.60615",
            "kunci_bl": 1,
            "kunci_bl_rinci": 1,
            "user_created": "Zainal, S.IP",
            "created_date": "22-01-2025",
            "created_time": "12:45",
            "user_updated": null,
            "updated_date": null,
            "updated_time": null,
            "is_locked": 0
        },
        {
            "id_sub_bl": 59927,
            "id_daerah": 473,
            "tahun": 2026,
            "id_unit": 677,
            "id_skpd": 677,
            "created_user": 6591,
            "kode_skpd": "7.01.0.00.0.00.18.0000",
            "nama_skpd": "Kecamatan Tanjung Agung Palik",
            "id_urusan": 17,
            "kode_urusan": "7",
            "nama_urusan": "UNSUR KEWILAYAHAN",
            "id_bidang_urusan": 243,
            "kode_bidang_urusan": "7.01",
            "nama_bidang_urusan": "KECAMATAN",
            "id_sub_skpd": 677,
            "kode_sub_skpd": "7.01.0.00.0.00.18.0000",
            "nama_sub_skpd": "Kecamatan Tanjung Agung Palik",
            "set_pagu_user": 6591,
            "set_pagu_at": "Wed, 26 Mar 2025 10:23:07 GMT",
            "id_program": 4451,
            "kode_program": "7.01.01",
            "nama_program": "PROGRAM PENUNJANG URUSAN PEMERINTAHAN DAERAH KABUPATEN/KOTA",
            "id_giat": 18376,
            "kode_giat": "7.01.01.2.06",
            "nama_giat": "Administrasi Umum Perangkat Daerah",
            "pagu_giat": 159495030.0,
            "rinci_giat": null,
            "id_sub_giat": 60637,
            "kode_sub_giat": "7.01.01.2.06.0003",
            "nama_sub_giat": "Penyediaan Peralatan Rumah Tangga",
            "pagu": 20000000.0,
            "pagu_indikatif": 20000000.0,
            "rincian": null,
            "kode_bl": "677.677.4451.18376",
            "kode_sbl": "677.677.4451.18376.60637",
            "kunci_bl": 1,
            "kunci_bl_rinci": 1,
            "user_created": "Zainal, S.IP",
            "created_date": "22-01-2025",
            "created_time": "12:50",
            "user_updated": "Zainal, S.IP",
            "updated_date": "26-03-2025",
            "updated_time": "10:15",
            "is_locked": 0
        },
        {
            "id_sub_bl": 59930,
            "id_daerah": 473,
            "tahun": 2026,
            "id_unit": 677,
            "id_skpd": 677,
            "created_user": 6591,
            "kode_skpd": "7.01.0.00.0.00.18.0000",
            "nama_skpd": "Kecamatan Tanjung Agung Palik",
            "id_urusan": 17,
            "kode_urusan": "7",
            "nama_urusan": "UNSUR KEWILAYAHAN",
            "id_bidang_urusan": 243,
            "kode_bidang_urusan": "7.01",
            "nama_bidang_urusan": "KECAMATAN",
            "id_sub_skpd": 677,
            "kode_sub_skpd": "7.01.0.00.0.00.18.0000",
            "nama_sub_skpd": "Kecamatan Tanjung Agung Palik",
            "set_pagu_user": 6591,
            "set_pagu_at": "Wed, 26 Mar 2025 10:23:07 GMT",
            "id_program": 4451,
            "kode_program": "7.01.01",
            "nama_program": "PROGRAM PENUNJANG URUSAN PEMERINTAHAN DAERAH KABUPATEN/KOTA",
            "id_giat": 18376,
            "kode_giat": "7.01.01.2.06",
            "nama_giat": "Administrasi Umum Perangkat Daerah",
            "pagu_giat": 159495030.0,
            "rinci_giat": null,
            "id_sub_giat": 60638,
            "kode_sub_giat": "7.01.01.2.06.0004",
            "nama_sub_giat": "Penyediaan Bahan Logistik Kantor",
            "pagu": 41495030.0,
            "pagu_indikatif": 41495030.0,
            "rincian": null,
            "kode_bl": "677.677.4451.18376",
            "kode_sbl": "677.677.4451.18376.60638",
            "kunci_bl": 1,
            "kunci_bl_rinci": 1,
            "user_created": "Zainal, S.IP",
            "created_date": "22-01-2025",
            "created_time": "12:53",
            "user_updated": "Zainal, S.IP",
            "updated_date": "26-03-2025",
            "updated_time": "10:13",
            "is_locked": 0
        },
        {
            "id_sub_bl": 59934,
            "id_daerah": 473,
            "tahun": 2026,
            "id_unit": 677,
            "id_skpd": 677,
            "created_user": 6591,
            "kode_skpd": "7.01.0.00.0.00.18.0000",
            "nama_skpd": "Kecamatan Tanjung Agung Palik",
            "id_urusan": 17,
            "kode_urusan": "7",
            "nama_urusan": "UNSUR KEWILAYAHAN",
            "id_bidang_urusan": 243,
            "kode_bidang_urusan": "7.01",
            "nama_bidang_urusan": "KECAMATAN",
            "id_sub_skpd": 677,
            "kode_sub_skpd": "7.01.0.00.0.00.18.0000",
            "nama_sub_skpd": "Kecamatan Tanjung Agung Palik",
            "set_pagu_user": 6591,
            "set_pagu_at": "Wed, 26 Mar 2025 10:23:07 GMT",
            "id_program": 4451,
            "kode_program": "7.01.01",
            "nama_program": "PROGRAM PENUNJANG URUSAN PEMERINTAHAN DAERAH KABUPATEN/KOTA",
            "id_giat": 18376,
            "kode_giat": "7.01.01.2.06",
            "nama_giat": "Administrasi Umum Perangkat Daerah",
            "pagu_giat": 159495030.0,
            "rinci_giat": null,
            "id_sub_giat": 60639,
            "kode_sub_giat": "7.01.01.2.06.0005",
            "nama_sub_giat": "Penyediaan Barang Cetakan dan Penggandaan",
            "pagu": 7000000.0,
            "pagu_indikatif": 7000000.0,
            "rincian": null,
            "kode_bl": "677.677.4451.18376",
            "kode_sbl": "677.677.4451.18376.60639",
            "kunci_bl": 1,
            "kunci_bl_rinci": 1,
            "user_created": "Zainal, S.IP",
            "created_date": "22-01-2025",
            "created_time": "12:56",
            "user_updated": null,
            "updated_date": null,
            "updated_time": null,
            "is_locked": 0
        },
        {
            "id_sub_bl": 60006,
            "id_daerah": 473,
            "tahun": 2026,
            "id_unit": 677,
            "id_skpd": 677,
            "created_user": 6591,
            "kode_skpd": "7.01.0.00.0.00.18.0000",
            "nama_skpd": "Kecamatan Tanjung Agung Palik",
            "id_urusan": 17,
            "kode_urusan": "7",
            "nama_urusan": "UNSUR KEWILAYAHAN",
            "id_bidang_urusan": 243,
            "kode_bidang_urusan": "7.01",
            "nama_bidang_urusan": "KECAMATAN",
            "id_sub_skpd": 677,
            "kode_sub_skpd": "7.01.0.00.0.00.18.0000",
            "nama_sub_skpd": "Kecamatan Tanjung Agung Palik",
            "set_pagu_user": 6591,
            "set_pagu_at": "Wed, 26 Mar 2025 10:23:07 GMT",
            "id_program": 4451,
            "kode_program": "7.01.01",
            "nama_program": "PROGRAM PENUNJANG URUSAN PEMERINTAHAN DAERAH KABUPATEN/KOTA",
            "id_giat": 18376,
            "kode_giat": "7.01.01.2.06",
            "nama_giat": "Administrasi Umum Perangkat Daerah",
            "pagu_giat": 159495030.0,
            "rinci_giat": null,
            "id_sub_giat": 60640,
            "kode_sub_giat": "7.01.01.2.06.0006",
            "nama_sub_giat": "Penyediaan Bahan Bacaan dan Peraturan Perundang-undangan",
            "pagu": 6000000.0,
            "pagu_indikatif": 6000000.0,
            "rincian": null,
            "kode_bl": "677.677.4451.18376",
            "kode_sbl": "677.677.4451.18376.60640",
            "kunci_bl": 1,
            "kunci_bl_rinci": 1,
            "user_created": "Zainal, S.IP",
            "created_date": "23-01-2025",
            "created_time": "09:03",
            "user_updated": null,
            "updated_date": null,
            "updated_time": null,
            "is_locked": 0
        },
        {
            "id_sub_bl": 60007,
            "id_daerah": 473,
            "tahun": 2026,
            "id_unit": 677,
            "id_skpd": 677,
            "created_user": 6591,
            "kode_skpd": "7.01.0.00.0.00.18.0000",
            "nama_skpd": "Kecamatan Tanjung Agung Palik",
            "id_urusan": 17,
            "kode_urusan": "7",
            "nama_urusan": "UNSUR KEWILAYAHAN",
            "id_bidang_urusan": 243,
            "kode_bidang_urusan": "7.01",
            "nama_bidang_urusan": "KECAMATAN",
            "id_sub_skpd": 677,
            "kode_sub_skpd": "7.01.0.00.0.00.18.0000",
            "nama_sub_skpd": "Kecamatan Tanjung Agung Palik",
            "set_pagu_user": 6591,
            "set_pagu_at": "Wed, 26 Mar 2025 10:23:07 GMT",
            "id_program": 4451,
            "kode_program": "7.01.01",
            "nama_program": "PROGRAM PENUNJANG URUSAN PEMERINTAHAN DAERAH KABUPATEN/KOTA",
            "id_giat": 18376,
            "kode_giat": "7.01.01.2.06",
            "nama_giat": "Administrasi Umum Perangkat Daerah",
            "pagu_giat": 159495030.0,
            "rinci_giat": null,
            "id_sub_giat": 60643,
            "kode_sub_giat": "7.01.01.2.06.0009",
            "nama_sub_giat": "Penyelenggaraan Rapat Koordinasi dan Konsultasi SKPD",
            "pagu": 85000000.0,
            "pagu_indikatif": 85000000.0,
            "rincian": null,
            "kode_bl": "677.677.4451.18376",
            "kode_sbl": "677.677.4451.18376.60643",
            "kunci_bl": 1,
            "kunci_bl_rinci": 1,
            "user_created": "Zainal, S.IP",
            "created_date": "23-01-2025",
            "created_time": "09:06",
            "user_updated": null,
            "updated_date": null,
            "updated_time": null,
            "is_locked": 0
        },
        {
            "id_sub_bl": 60008,
            "id_daerah": 473,
            "tahun": 2026,
            "id_unit": 677,
            "id_skpd": 677,
            "created_user": 6591,
            "kode_skpd": "7.01.0.00.0.00.18.0000",
            "nama_skpd": "Kecamatan Tanjung Agung Palik",
            "id_urusan": 17,
            "kode_urusan": "7",
            "nama_urusan": "UNSUR KEWILAYAHAN",
            "id_bidang_urusan": 243,
            "kode_bidang_urusan": "7.01",
            "nama_bidang_urusan": "KECAMATAN",
            "id_sub_skpd": 677,
            "kode_sub_skpd": "7.01.0.00.0.00.18.0000",
            "nama_sub_skpd": "Kecamatan Tanjung Agung Palik",
            "set_pagu_user": 6591,
            "set_pagu_at": "Wed, 26 Mar 2025 10:23:07 GMT",
            "id_program": 4451,
            "kode_program": "7.01.01",
            "nama_program": "PROGRAM PENUNJANG URUSAN PEMERINTAHAN DAERAH KABUPATEN/KOTA",
            "id_giat": 18378,
            "kode_giat": "7.01.01.2.08",
            "nama_giat": "Penyediaan Jasa Penunjang Urusan Pemerintahan Daerah",
            "pagu_giat": 95000000.0,
            "rinci_giat": null,
            "id_sub_giat": 60657,
            "kode_sub_giat": "7.01.01.2.08.0001",
            "nama_sub_giat": "Penyediaan Jasa Surat Menyurat",
            "pagu": 5000000.0,
            "pagu_indikatif": 5000000.0,
            "rincian": null,
            "kode_bl": "677.677.4451.18378",
            "kode_sbl": "677.677.4451.18378.60657",
            "kunci_bl": 1,
            "kunci_bl_rinci": 1,
            "user_created": "Zainal, S.IP",
            "created_date": "23-01-2025",
            "created_time": "09:09",
            "user_updated": null,
            "updated_date": null,
            "updated_time": null,
            "is_locked": 0
        },
        {
            "id_sub_bl": 60009,
            "id_daerah": 473,
            "tahun": 2026,
            "id_unit": 677,
            "id_skpd": 677,
            "created_user": 6591,
            "kode_skpd": "7.01.0.00.0.00.18.0000",
            "nama_skpd": "Kecamatan Tanjung Agung Palik",
            "id_urusan": 17,
            "kode_urusan": "7",
            "nama_urusan": "UNSUR KEWILAYAHAN",
            "id_bidang_urusan": 243,
            "kode_bidang_urusan": "7.01",
            "nama_bidang_urusan": "KECAMATAN",
            "id_sub_skpd": 677,
            "kode_sub_skpd": "7.01.0.00.0.00.18.0000",
            "nama_sub_skpd": "Kecamatan Tanjung Agung Palik",
            "set_pagu_user": 6591,
            "set_pagu_at": "Wed, 26 Mar 2025 10:23:07 GMT",
            "id_program": 4451,
            "kode_program": "7.01.01",
            "nama_program": "PROGRAM PENUNJANG URUSAN PEMERINTAHAN DAERAH KABUPATEN/KOTA",
            "id_giat": 18378,
            "kode_giat": "7.01.01.2.08",
            "nama_giat": "Penyediaan Jasa Penunjang Urusan Pemerintahan Daerah",
            "pagu_giat": 95000000.0,
            "rinci_giat": null,
            "id_sub_giat": 60658,
            "kode_sub_giat": "7.01.01.2.08.0002",
            "nama_sub_giat": "Penyediaan Jasa Komunikasi, Sumber Daya Air dan Listrik",
            "pagu": 30000000.0,
            "pagu_indikatif": 30000000.0,
            "rincian": null,
            "kode_bl": "677.677.4451.18378",
            "kode_sbl": "677.677.4451.18378.60658",
            "kunci_bl": 1,
            "kunci_bl_rinci": 1,
            "user_created": "Zainal, S.IP",
            "created_date": "23-01-2025",
            "created_time": "09:14",
            "user_updated": null,
            "updated_date": null,
            "updated_time": null,
            "is_locked": 0
        },
        {
            "id_sub_bl": 60010,
            "id_daerah": 473,
            "tahun": 2026,
            "id_unit": 677,
            "id_skpd": 677,
            "created_user": 6591,
            "kode_skpd": "7.01.0.00.0.00.18.0000",
            "nama_skpd": "Kecamatan Tanjung Agung Palik",
            "id_urusan": 17,
            "kode_urusan": "7",
            "nama_urusan": "UNSUR KEWILAYAHAN",
            "id_bidang_urusan": 243,
            "kode_bidang_urusan": "7.01",
            "nama_bidang_urusan": "KECAMATAN",
            "id_sub_skpd": 677,
            "kode_sub_skpd": "7.01.0.00.0.00.18.0000",
            "nama_sub_skpd": "Kecamatan Tanjung Agung Palik",
            "set_pagu_user": 6591,
            "set_pagu_at": "Wed, 26 Mar 2025 10:23:07 GMT",
            "id_program": 4451,
            "kode_program": "7.01.01",
            "nama_program": "PROGRAM PENUNJANG URUSAN PEMERINTAHAN DAERAH KABUPATEN/KOTA",
            "id_giat": 18378,
            "kode_giat": "7.01.01.2.08",
            "nama_giat": "Penyediaan Jasa Penunjang Urusan Pemerintahan Daerah",
            "pagu_giat": 95000000.0,
            "rinci_giat": null,
            "id_sub_giat": 60660,
            "kode_sub_giat": "7.01.01.2.08.0004",
            "nama_sub_giat": "Penyediaan Jasa Pelayanan Umum Kantor",
            "pagu": 60000000.0,
            "pagu_indikatif": 60000000.0,
            "rincian": null,
            "kode_bl": "677.677.4451.18378",
            "kode_sbl": "677.677.4451.18378.60660",
            "kunci_bl": 1,
            "kunci_bl_rinci": 1,
            "user_created": "Zainal, S.IP",
            "created_date": "23-01-2025",
            "created_time": "09:17",
            "user_updated": "Zainal, S.IP",
            "updated_date": "26-03-2025",
            "updated_time": "10:10",
            "is_locked": 0
        },
        {
            "id_sub_bl": 60011,
            "id_daerah": 473,
            "tahun": 2026,
            "id_unit": 677,
            "id_skpd": 677,
            "created_user": 6591,
            "kode_skpd": "7.01.0.00.0.00.18.0000",
            "nama_skpd": "Kecamatan Tanjung Agung Palik",
            "id_urusan": 17,
            "kode_urusan": "7",
            "nama_urusan": "UNSUR KEWILAYAHAN",
            "id_bidang_urusan": 243,
            "kode_bidang_urusan": "7.01",
            "nama_bidang_urusan": "KECAMATAN",
            "id_sub_skpd": 677,
            "kode_sub_skpd": "7.01.0.00.0.00.18.0000",
            "nama_sub_skpd": "Kecamatan Tanjung Agung Palik",
            "set_pagu_user": 6591,
            "set_pagu_at": "Wed, 26 Mar 2025 10:23:07 GMT",
            "id_program": 4451,
            "kode_program": "7.01.01",
            "nama_program": "PROGRAM PENUNJANG URUSAN PEMERINTAHAN DAERAH KABUPATEN/KOTA",
            "id_giat": 18379,
            "kode_giat": "7.01.01.2.09",
            "nama_giat": "Pemeliharaan Barang Milik Daerah Penunjang Urusan Pemerintahan Daerah",
            "pagu_giat": 35000000.0,
            "rinci_giat": null,
            "id_sub_giat": 60662,
            "kode_sub_giat": "7.01.01.2.09.0002",
            "nama_sub_giat": "Penyediaan Jasa Pemeliharaan, Biaya Pemeliharaan, Pajak dan Perizinan Kendaraan Dinas Operasional atau Lapangan",
            "pagu": 20000000.0,
            "pagu_indikatif": 20000000.0,
            "rincian": null,
            "kode_bl": "677.677.4451.18379",
            "kode_sbl": "677.677.4451.18379.60662",
            "kunci_bl": 1,
            "kunci_bl_rinci": 1,
            "user_created": "Zainal, S.IP",
            "created_date": "23-01-2025",
            "created_time": "09:25",
            "user_updated": null,
            "updated_date": null,
            "updated_time": null,
            "is_locked": 0
        },
        {
            "id_sub_bl": 60012,
            "id_daerah": 473,
            "tahun": 2026,
            "id_unit": 677,
            "id_skpd": 677,
            "created_user": 6591,
            "kode_skpd": "7.01.0.00.0.00.18.0000",
            "nama_skpd": "Kecamatan Tanjung Agung Palik",
            "id_urusan": 17,
            "kode_urusan": "7",
            "nama_urusan": "UNSUR KEWILAYAHAN",
            "id_bidang_urusan": 243,
            "kode_bidang_urusan": "7.01",
            "nama_bidang_urusan": "KECAMATAN",
            "id_sub_skpd": 677,
            "kode_sub_skpd": "7.01.0.00.0.00.18.0000",
            "nama_sub_skpd": "Kecamatan Tanjung Agung Palik",
            "set_pagu_user": 6591,
            "set_pagu_at": "Wed, 26 Mar 2025 10:23:07 GMT",
            "id_program": 4451,
            "kode_program": "7.01.01",
            "nama_program": "PROGRAM PENUNJANG URUSAN PEMERINTAHAN DAERAH KABUPATEN/KOTA",
            "id_giat": 18379,
            "kode_giat": "7.01.01.2.09",
            "nama_giat": "Pemeliharaan Barang Milik Daerah Penunjang Urusan Pemerintahan Daerah",
            "pagu_giat": 35000000.0,
            "rinci_giat": null,
            "id_sub_giat": 60670,
            "kode_sub_giat": "7.01.01.2.09.0010",
            "nama_sub_giat": "Pemeliharaan/Rehabilitasi Sarana dan Prasarana Gedung Kantor atau Bangunan Lainnya",
            "pagu": 15000000.0,
            "pagu_indikatif": 15000000.0,
            "rincian": null,
            "kode_bl": "677.677.4451.18379",
            "kode_sbl": "677.677.4451.18379.60670",
            "kunci_bl": 1,
            "kunci_bl_rinci": 1,
            "user_created": "Zainal, S.IP",
            "created_date": "23-01-2025",
            "created_time": "09:29",
            "user_updated": null,
            "updated_date": null,
            "updated_time": null,
            "is_locked": 0
        }
    ]