[
        {
            "id_sub_bl": 61109,
            "id_daerah": 473,
            "tahun": 2026,
            "id_unit": 978,
            "id_skpd": 978,
            "created_user": 1621,
            "kode_skpd": "7.01.0.00.0.00.12.0000",
            "nama_skpd": "Kecamatan Lais",
            "id_urusan": 17,
            "kode_urusan": "7",
            "nama_urusan": "UNSUR KEWILAYAHAN",
            "id_bidang_urusan": 243,
            "kode_bidang_urusan": "7.01",
            "nama_bidang_urusan": "KECAMATAN",
            "id_sub_skpd": 978,
            "kode_sub_skpd": "7.01.0.00.0.00.12.0000",
            "nama_sub_skpd": "Kecamatan Lais",
            "set_pagu_user": 1621,
            "set_pagu_at": "Thu, 27 Mar 2025 15:34:31 GMT",
            "id_program": 4418,
            "kode_program": "7.01.03",
            "nama_program": "PROGRAM PEMBERDAYAAN MASYARAKAT DESA DAN KELURAHAN",
            "id_giat": 18279,
            "kode_giat": "7.01.03.2.01",
            "nama_giat": "Koordinasi Kegiatan Pemberdayaan Desa",
            "pagu_giat": 25000000.0,
            "rinci_giat": null,
            "id_sub_giat": 59913,
            "kode_sub_giat": "7.01.03.2.01.0001",
            "nama_sub_giat": "Peningkatan Partisipasi Masyarakat dalam Forum Musyawarah Perencanaan Pembangunan di Desa",
            "pagu": 25000000.0,
            "pagu_indikatif": 25000000.0,
            "rincian": null,
            "kode_bl": "978.978.4418.18279",
            "kode_sbl": "978.978.4418.18279.59913",
            "kunci_bl": 1,
            "kunci_bl_rinci": 1,
            "user_created": "VENTI HERLINA,S.STP, M.Si",
            "created_date": "30-01-2025",
            "created_time": "00:05",
            "user_updated": "VENTI HERLINA,S.STP, M.Si",
            "updated_date": "27-03-2025",
            "updated_time": "15:33",
            "is_locked": 0
        },
        {
            "id_sub_bl": 61113,
            "id_daerah": 473,
            "tahun": 2026,
            "id_unit": 978,
            "id_skpd": 978,
            "created_user": 1621,
            "kode_skpd": "7.01.0.00.0.00.12.0000",
            "nama_skpd": "Kecamatan Lais",
            "id_urusan": 17,
            "kode_urusan": "7",
            "nama_urusan": "UNSUR KEWILAYAHAN",
            "id_bidang_urusan": 243,
            "kode_bidang_urusan": "7.01",
            "nama_bidang_urusan": "KECAMATAN",
            "id_sub_skpd": 978,
            "kode_sub_skpd": "7.01.0.00.0.00.12.0000",
            "nama_sub_skpd": "Kecamatan Lais",
            "set_pagu_user": 1621,
            "set_pagu_at": "Thu, 27 Mar 2025 15:34:31 GMT",
            "id_program": 4420,
            "kode_program": "7.01.04",
            "nama_program": "PROGRAM KOORDINASI KETENTRAMAN DAN KETERTIBAN UMUM",
            "id_giat": 18285,
            "kode_giat": "7.01.04.2.01",
            "nama_giat": "Koordinasi Upaya Penyelenggaraan Ketenteraman dan Ketertiban Umum",
            "pagu_giat": 15000000.0,
            "rinci_giat": null,
            "id_sub_giat": 59947,
            "kode_sub_giat": "7.01.04.2.01.0002",
            "nama_sub_giat": "Harmonisasi Hubungan dengan Tokoh Agama dan Tokoh Masyarakat",
            "pagu": 15000000.0,
            "pagu_indikatif": 15000000.0,
            "rincian": null,
            "kode_bl": "978.978.4420.18285",
            "kode_sbl": "978.978.4420.18285.59947",
            "kunci_bl": 1,
            "kunci_bl_rinci": 1,
            "user_created": "VENTI HERLINA,S.STP, M.Si",
            "created_date": "30-01-2025",
            "created_time": "00:14",
            "user_updated": "VENTI HERLINA,S.STP, M.Si",
            "updated_date": "31-01-2025",
            "updated_time": "21:25",
            "is_locked": 0
        },
        {
            "id_sub_bl": 61114,
            "id_daerah": 473,
            "tahun": 2026,
            "id_unit": 978,
            "id_skpd": 978,
            "created_user": 1621,
            "kode_skpd": "7.01.0.00.0.00.12.0000",
            "nama_skpd": "Kecamatan Lais",
            "id_urusan": 17,
            "kode_urusan": "7",
            "nama_urusan": "UNSUR KEWILAYAHAN",
            "id_bidang_urusan": 243,
            "kode_bidang_urusan": "7.01",
            "nama_bidang_urusan": "KECAMATAN",
            "id_sub_skpd": 978,
            "kode_sub_skpd": "7.01.0.00.0.00.12.0000",
            "nama_sub_skpd": "Kecamatan Lais",
            "set_pagu_user": 1621,
            "set_pagu_at": "Thu, 27 Mar 2025 15:34:31 GMT",
            "id_program": 4423,
            "kode_program": "7.01.06",
            "nama_program": "PROGRAM PEMBINAAN DAN PENGAWASAN PEMERINTAHAN DESA",
            "id_giat": 18290,
            "kode_giat": "7.01.06.2.01",
            "nama_giat": "Fasilitasi, Rekomendasi dan Koordinasi\n\nPembinaan dan Pengawasan Pemerintahan Desa",
            "pagu_giat": 150743000.0,
            "rinci_giat": null,
            "id_sub_giat": 59975,
            "kode_sub_giat": "7.01.06.2.01.0016",
            "nama_sub_giat": "Fasilitasi Penyusunan Program dan Pelaksanaan Pemberdayaan Masyarakat Desa",
            "pagu": 150743000.0,
            "pagu_indikatif": 150743000.0,
            "rincian": null,
            "kode_bl": "978.978.4423.18290",
            "kode_sbl": "978.978.4423.18290.59975",
            "kunci_bl": 1,
            "kunci_bl_rinci": 1,
            "user_created": "VENTI HERLINA,S.STP, M.Si",
            "created_date": "30-01-2025",
            "created_time": "00:16",
            "user_updated": "VENTI HERLINA,S.STP, M.Si",
            "updated_date": "27-03-2025",
            "updated_time": "15:09",
            "is_locked": 0
        },
        {
            "id_sub_bl": 61063,
            "id_daerah": 473,
            "tahun": 2026,
            "id_unit": 978,
            "id_skpd": 978,
            "created_user": 1621,
            "kode_skpd": "7.01.0.00.0.00.12.0000",
            "nama_skpd": "Kecamatan Lais",
            "id_urusan": 17,
            "kode_urusan": "7",
            "nama_urusan": "UNSUR KEWILAYAHAN",
            "id_bidang_urusan": 243,
            "kode_bidang_urusan": "7.01",
            "nama_bidang_urusan": "KECAMATAN",
            "id_sub_skpd": 978,
            "kode_sub_skpd": "7.01.0.00.0.00.12.0000",
            "nama_sub_skpd": "Kecamatan Lais",
            "set_pagu_user": 1621,
            "set_pagu_at": "Thu, 27 Mar 2025 15:34:31 GMT",
            "id_program": 4451,
            "kode_program": "7.01.01",
            "nama_program": "PROGRAM PENUNJANG URUSAN PEMERINTAHAN DAERAH KABUPATEN/KOTA",
            "id_giat": 18371,
            "kode_giat": "7.01.01.2.01",
            "nama_giat": "Perencanaan, Penganggaran, dan Evaluasi Kinerja Perangkat Daerah",
            "pagu_giat": 36558618.0,
            "rinci_giat": null,
            "id_sub_giat": 60589,
            "kode_sub_giat": "7.01.01.2.01.0001",
            "nama_sub_giat": "Penyusunan Dokumen Perencanaan Perangkat Daerah",
            "pagu": 20556413.0,
            "pagu_indikatif": 20556413.0,
            "rincian": null,
            "kode_bl": "978.978.4451.18371",
            "kode_sbl": "978.978.4451.18371.60589",
            "kunci_bl": 1,
            "kunci_bl_rinci": 1,
            "user_created": "VENTI HERLINA,S.STP, M.Si",
            "created_date": "29-01-2025",
            "created_time": "22:30",
            "user_updated": "VENTI HERLINA,S.STP, M.Si",
            "updated_date": "27-03-2025",
            "updated_time": "15:11",
            "is_locked": 0
        },
        {
            "id_sub_bl": 61068,
            "id_daerah": 473,
            "tahun": 2026,
            "id_unit": 978,
            "id_skpd": 978,
            "created_user": 1621,
            "kode_skpd": "7.01.0.00.0.00.12.0000",
            "nama_skpd": "Kecamatan Lais",
            "id_urusan": 17,
            "kode_urusan": "7",
            "nama_urusan": "UNSUR KEWILAYAHAN",
            "id_bidang_urusan": 243,
            "kode_bidang_urusan": "7.01",
            "nama_bidang_urusan": "KECAMATAN",
            "id_sub_skpd": 978,
            "kode_sub_skpd": "7.01.0.00.0.00.12.0000",
            "nama_sub_skpd": "Kecamatan Lais",
            "set_pagu_user": 1621,
            "set_pagu_at": "Thu, 27 Mar 2025 15:34:31 GMT",
            "id_program": 4451,
            "kode_program": "7.01.01",
            "nama_program": "PROGRAM PENUNJANG URUSAN PEMERINTAHAN DAERAH KABUPATEN/KOTA",
            "id_giat": 18371,
            "kode_giat": "7.01.01.2.01",
            "nama_giat": "Perencanaan, Penganggaran, dan Evaluasi Kinerja Perangkat Daerah",
            "pagu_giat": 36558618.0,
            "rinci_giat": null,
            "id_sub_giat": 60590,
            "kode_sub_giat": "7.01.01.2.01.0002",
            "nama_sub_giat": "Koordinasi dan Penyusunan Dokumen RKA-SKPD",
            "pagu": 3502205.0,
            "pagu_indikatif": 3502205.0,
            "rincian": null,
            "kode_bl": "978.978.4451.18371",
            "kode_sbl": "978.978.4451.18371.60590",
            "kunci_bl": 1,
            "kunci_bl_rinci": 1,
            "user_created": "VENTI HERLINA,S.STP, M.Si",
            "created_date": "29-01-2025",
            "created_time": "22:40",
            "user_updated": "VENTI HERLINA,S.STP, M.Si",
            "updated_date": "27-03-2025",
            "updated_time": "15:12",
            "is_locked": 0
        },
        {
            "id_sub_bl": 61070,
            "id_daerah": 473,
            "tahun": 2026,
            "id_unit": 978,
            "id_skpd": 978,
            "created_user": 1621,
            "kode_skpd": "7.01.0.00.0.00.12.0000",
            "nama_skpd": "Kecamatan Lais",
            "id_urusan": 17,
            "kode_urusan": "7",
            "nama_urusan": "UNSUR KEWILAYAHAN",
            "id_bidang_urusan": 243,
            "kode_bidang_urusan": "7.01",
            "nama_bidang_urusan": "KECAMATAN",
            "id_sub_skpd": 978,
            "kode_sub_skpd": "7.01.0.00.0.00.12.0000",
            "nama_sub_skpd": "Kecamatan Lais",
            "set_pagu_user": 1621,
            "set_pagu_at": "Thu, 27 Mar 2025 15:34:31 GMT",
            "id_program": 4451,
            "kode_program": "7.01.01",
            "nama_program": "PROGRAM PENUNJANG URUSAN PEMERINTAHAN DAERAH KABUPATEN/KOTA",
            "id_giat": 18371,
            "kode_giat": "7.01.01.2.01",
            "nama_giat": "Perencanaan, Penganggaran, dan Evaluasi Kinerja Perangkat Daerah",
            "pagu_giat": 36558618.0,
            "rinci_giat": null,
            "id_sub_giat": 60591,
            "kode_sub_giat": "7.01.01.2.01.0003",
            "nama_sub_giat": "Koordinasi dan Penyusunan Dokumen Perubahan RKA-SKPD",
            "pagu": 2500000.0,
            "pagu_indikatif": 2500000.0,
            "rincian": null,
            "kode_bl": "978.978.4451.18371",
            "kode_sbl": "978.978.4451.18371.60591",
            "kunci_bl": 1,
            "kunci_bl_rinci": 1,
            "user_created": "VENTI HERLINA,S.STP, M.Si",
            "created_date": "29-01-2025",
            "created_time": "22:47",
            "user_updated": "VENTI HERLINA,S.STP, M.Si",
            "updated_date": "27-03-2025",
            "updated_time": "15:15",
            "is_locked": 0
        },
        {
            "id_sub_bl": 61071,
            "id_daerah": 473,
            "tahun": 2026,
            "id_unit": 978,
            "id_skpd": 978,
            "created_user": 1621,
            "kode_skpd": "7.01.0.00.0.00.12.0000",
            "nama_skpd": "Kecamatan Lais",
            "id_urusan": 17,
            "kode_urusan": "7",
            "nama_urusan": "UNSUR KEWILAYAHAN",
            "id_bidang_urusan": 243,
            "kode_bidang_urusan": "7.01",
            "nama_bidang_urusan": "KECAMATAN",
            "id_sub_skpd": 978,
            "kode_sub_skpd": "7.01.0.00.0.00.12.0000",
            "nama_sub_skpd": "Kecamatan Lais",
            "set_pagu_user": 1621,
            "set_pagu_at": "Thu, 27 Mar 2025 15:34:31 GMT",
            "id_program": 4451,
            "kode_program": "7.01.01",
            "nama_program": "PROGRAM PENUNJANG URUSAN PEMERINTAHAN DAERAH KABUPATEN/KOTA",
            "id_giat": 18371,
            "kode_giat": "7.01.01.2.01",
            "nama_giat": "Perencanaan, Penganggaran, dan Evaluasi Kinerja Perangkat Daerah",
            "pagu_giat": 36558618.0,
            "rinci_giat": null,
            "id_sub_giat": 60592,
            "kode_sub_giat": "7.01.01.2.01.0004",
            "nama_sub_giat": "Koordinasi dan Penyusunan DPA-SKPD",
            "pagu": 2500000.0,
            "pagu_indikatif": 2500000.0,
            "rincian": null,
            "kode_bl": "978.978.4451.18371",
            "kode_sbl": "978.978.4451.18371.60592",
            "kunci_bl": 1,
            "kunci_bl_rinci": 1,
            "user_created": "VENTI HERLINA,S.STP, M.Si",
            "created_date": "29-01-2025",
            "created_time": "22:49",
            "user_updated": "VENTI HERLINA,S.STP, M.Si",
            "updated_date": "27-03-2025",
            "updated_time": "15:15",
            "is_locked": 0
        },
        {
            "id_sub_bl": 61073,
            "id_daerah": 473,
            "tahun": 2026,
            "id_unit": 978,
            "id_skpd": 978,
            "created_user": 1621,
            "kode_skpd": "7.01.0.00.0.00.12.0000",
            "nama_skpd": "Kecamatan Lais",
            "id_urusan": 17,
            "kode_urusan": "7",
            "nama_urusan": "UNSUR KEWILAYAHAN",
            "id_bidang_urusan": 243,
            "kode_bidang_urusan": "7.01",
            "nama_bidang_urusan": "KECAMATAN",
            "id_sub_skpd": 978,
            "kode_sub_skpd": "7.01.0.00.0.00.12.0000",
            "nama_sub_skpd": "Kecamatan Lais",
            "set_pagu_user": 1621,
            "set_pagu_at": "Thu, 27 Mar 2025 15:34:31 GMT",
            "id_program": 4451,
            "kode_program": "7.01.01",
            "nama_program": "PROGRAM PENUNJANG URUSAN PEMERINTAHAN DAERAH KABUPATEN/KOTA",
            "id_giat": 18371,
            "kode_giat": "7.01.01.2.01",
            "nama_giat": "Perencanaan, Penganggaran, dan Evaluasi Kinerja Perangkat Daerah",
            "pagu_giat": 36558618.0,
            "rinci_giat": null,
            "id_sub_giat": 60593,
            "kode_sub_giat": "7.01.01.2.01.0005",
            "nama_sub_giat": "Koordinasi dan Penyusunan Perubahan DPA- SKPD",
            "pagu": 2500000.0,
            "pagu_indikatif": 2500000.0,
            "rincian": null,
            "kode_bl": "978.978.4451.18371",
            "kode_sbl": "978.978.4451.18371.60593",
            "kunci_bl": 1,
            "kunci_bl_rinci": 1,
            "user_created": "VENTI HERLINA,S.STP, M.Si",
            "created_date": "29-01-2025",
            "created_time": "22:52",
            "user_updated": "VENTI HERLINA,S.STP, M.Si",
            "updated_date": "27-03-2025",
            "updated_time": "15:16",
            "is_locked": 0
        },
        {
            "id_sub_bl": 61075,
            "id_daerah": 473,
            "tahun": 2026,
            "id_unit": 978,
            "id_skpd": 978,
            "created_user": 1621,
            "kode_skpd": "7.01.0.00.0.00.12.0000",
            "nama_skpd": "Kecamatan Lais",
            "id_urusan": 17,
            "kode_urusan": "7",
            "nama_urusan": "UNSUR KEWILAYAHAN",
            "id_bidang_urusan": 243,
            "kode_bidang_urusan": "7.01",
            "nama_bidang_urusan": "KECAMATAN",
            "id_sub_skpd": 978,
            "kode_sub_skpd": "7.01.0.00.0.00.12.0000",
            "nama_sub_skpd": "Kecamatan Lais",
            "set_pagu_user": 1621,
            "set_pagu_at": "Thu, 27 Mar 2025 15:34:31 GMT",
            "id_program": 4451,
            "kode_program": "7.01.01",
            "nama_program": "PROGRAM PENUNJANG URUSAN PEMERINTAHAN DAERAH KABUPATEN/KOTA",
            "id_giat": 18371,
            "kode_giat": "7.01.01.2.01",
            "nama_giat": "Perencanaan, Penganggaran, dan Evaluasi Kinerja Perangkat Daerah",
            "pagu_giat": 36558618.0,
            "rinci_giat": null,
            "id_sub_giat": 60594,
            "kode_sub_giat": "7.01.01.2.01.0006",
            "nama_sub_giat": "Koordinasi dan Penyusunan Laporan Capaian Kinerja dan Ikhtisar Realisasi Kinerja SKPD",
            "pagu": 2500000.0,
            "pagu_indikatif": 2500000.0,
            "rincian": null,
            "kode_bl": "978.978.4451.18371",
            "kode_sbl": "978.978.4451.18371.60594",
            "kunci_bl": 1,
            "kunci_bl_rinci": 1,
            "user_created": "VENTI HERLINA,S.STP, M.Si",
            "created_date": "29-01-2025",
            "created_time": "22:54",
            "user_updated": "VENTI HERLINA,S.STP, M.Si",
            "updated_date": "27-03-2025",
            "updated_time": "15:16",
            "is_locked": 0
        },
        {
            "id_sub_bl": 61077,
            "id_daerah": 473,
            "tahun": 2026,
            "id_unit": 978,
            "id_skpd": 978,
            "created_user": 1621,
            "kode_skpd": "7.01.0.00.0.00.12.0000",
            "nama_skpd": "Kecamatan Lais",
            "id_urusan": 17,
            "kode_urusan": "7",
            "nama_urusan": "UNSUR KEWILAYAHAN",
            "id_bidang_urusan": 243,
            "kode_bidang_urusan": "7.01",
            "nama_bidang_urusan": "KECAMATAN",
            "id_sub_skpd": 978,
            "kode_sub_skpd": "7.01.0.00.0.00.12.0000",
            "nama_sub_skpd": "Kecamatan Lais",
            "set_pagu_user": 1621,
            "set_pagu_at": "Thu, 27 Mar 2025 15:34:31 GMT",
            "id_program": 4451,
            "kode_program": "7.01.01",
            "nama_program": "PROGRAM PENUNJANG URUSAN PEMERINTAHAN DAERAH KABUPATEN/KOTA",
            "id_giat": 18371,
            "kode_giat": "7.01.01.2.01",
            "nama_giat": "Perencanaan, Penganggaran, dan Evaluasi Kinerja Perangkat Daerah",
            "pagu_giat": 36558618.0,
            "rinci_giat": null,
            "id_sub_giat": 60595,
            "kode_sub_giat": "7.01.01.2.01.0007",
            "nama_sub_giat": "Evaluasi Kinerja Perangkat Daerah",
            "pagu": 2500000.0,
            "pagu_indikatif": 2500000.0,
            "rincian": null,
            "kode_bl": "978.978.4451.18371",
            "kode_sbl": "978.978.4451.18371.60595",
            "kunci_bl": 1,
            "kunci_bl_rinci": 1,
            "user_created": "VENTI HERLINA,S.STP, M.Si",
            "created_date": "29-01-2025",
            "created_time": "22:58",
            "user_updated": "VENTI HERLINA,S.STP, M.Si",
            "updated_date": "27-03-2025",
            "updated_time": "15:17",
            "is_locked": 0
        },
        {
            "id_sub_bl": 61105,
            "id_daerah": 473,
            "tahun": 2026,
            "id_unit": 978,
            "id_skpd": 978,
            "created_user": 1621,
            "kode_skpd": "7.01.0.00.0.00.12.0000",
            "nama_skpd": "Kecamatan Lais",
            "id_urusan": 17,
            "kode_urusan": "7",
            "nama_urusan": "UNSUR KEWILAYAHAN",
            "id_bidang_urusan": 243,
            "kode_bidang_urusan": "7.01",
            "nama_bidang_urusan": "KECAMATAN",
            "id_sub_skpd": 978,
            "kode_sub_skpd": "7.01.0.00.0.00.12.0000",
            "nama_sub_skpd": "Kecamatan Lais",
            "set_pagu_user": 1621,
            "set_pagu_at": "Thu, 27 Mar 2025 15:34:31 GMT",
            "id_program": 4451,
            "kode_program": "7.01.01",
            "nama_program": "PROGRAM PENUNJANG URUSAN PEMERINTAHAN DAERAH KABUPATEN/KOTA",
            "id_giat": 18372,
            "kode_giat": "7.01.01.2.02",
            "nama_giat": "Administrasi Keuangan Perangkat Daerah",
            "pagu_giat": 1924258389.0,
            "rinci_giat": null,
            "id_sub_giat": 60602,
            "kode_sub_giat": "7.01.01.2.02.0001",
            "nama_sub_giat": "Penyediaan Gaji dan Tunjangan ASN",
            "pagu": 1859718389.0,
            "pagu_indikatif": 1859718389.0,
            "rincian": null,
            "kode_bl": "978.978.4451.18372",
            "kode_sbl": "978.978.4451.18372.60602",
            "kunci_bl": 1,
            "kunci_bl_rinci": 1,
            "user_created": "VENTI HERLINA,S.STP, M.Si",
            "created_date": "29-01-2025",
            "created_time": "23:44",
            "user_updated": "VENTI HERLINA,S.STP, M.Si",
            "updated_date": "27-03-2025",
            "updated_time": "15:18",
            "is_locked": 0
        },
        {
            "id_sub_bl": 61081,
            "id_daerah": 473,
            "tahun": 2026,
            "id_unit": 978,
            "id_skpd": 978,
            "created_user": 1621,
            "kode_skpd": "7.01.0.00.0.00.12.0000",
            "nama_skpd": "Kecamatan Lais",
            "id_urusan": 17,
            "kode_urusan": "7",
            "nama_urusan": "UNSUR KEWILAYAHAN",
            "id_bidang_urusan": 243,
            "kode_bidang_urusan": "7.01",
            "nama_bidang_urusan": "KECAMATAN",
            "id_sub_skpd": 978,
            "kode_sub_skpd": "7.01.0.00.0.00.12.0000",
            "nama_sub_skpd": "Kecamatan Lais",
            "set_pagu_user": 1621,
            "set_pagu_at": "Thu, 27 Mar 2025 15:34:31 GMT",
            "id_program": 4451,
            "kode_program": "7.01.01",
            "nama_program": "PROGRAM PENUNJANG URUSAN PEMERINTAHAN DAERAH KABUPATEN/KOTA",
            "id_giat": 18372,
            "kode_giat": "7.01.01.2.02",
            "nama_giat": "Administrasi Keuangan Perangkat Daerah",
            "pagu_giat": 1924258389.0,
            "rinci_giat": null,
            "id_sub_giat": 60604,
            "kode_sub_giat": "7.01.01.2.02.0003",
            "nama_sub_giat": "Pelaksanaan Penatausahaan dan\r\n\nPengujian/Verifikasi Keuangan SKPD",
            "pagu": 64540000.0,
            "pagu_indikatif": 64540000.0,
            "rincian": null,
            "kode_bl": "978.978.4451.18372",
            "kode_sbl": "978.978.4451.18372.60604",
            "kunci_bl": 1,
            "kunci_bl_rinci": 1,
            "user_created": "VENTI HERLINA,S.STP, M.Si",
            "created_date": "29-01-2025",
            "created_time": "23:08",
            "user_updated": "VENTI HERLINA,S.STP, M.Si",
            "updated_date": "27-03-2025",
            "updated_time": "15:18",
            "is_locked": 0
        },
        {
            "id_sub_bl": 61083,
            "id_daerah": 473,
            "tahun": 2026,
            "id_unit": 978,
            "id_skpd": 978,
            "created_user": 1621,
            "kode_skpd": "7.01.0.00.0.00.12.0000",
            "nama_skpd": "Kecamatan Lais",
            "id_urusan": 17,
            "kode_urusan": "7",
            "nama_urusan": "UNSUR KEWILAYAHAN",
            "id_bidang_urusan": 243,
            "kode_bidang_urusan": "7.01",
            "nama_bidang_urusan": "KECAMATAN",
            "id_sub_skpd": 978,
            "kode_sub_skpd": "7.01.0.00.0.00.12.0000",
            "nama_sub_skpd": "Kecamatan Lais",
            "set_pagu_user": 1621,
            "set_pagu_at": "Thu, 27 Mar 2025 15:34:31 GMT",
            "id_program": 4451,
            "kode_program": "7.01.01",
            "nama_program": "PROGRAM PENUNJANG URUSAN PEMERINTAHAN DAERAH KABUPATEN/KOTA",
            "id_giat": 18373,
            "kode_giat": "7.01.01.2.03",
            "nama_giat": "Administrasi Barang Milik Daerah pada Perangkat Daerah",
            "pagu_giat": 35300000.0,
            "rinci_giat": null,
            "id_sub_giat": 60615,
            "kode_sub_giat": "7.01.01.2.03.0006",
            "nama_sub_giat": "Penatausahaan Barang Milik Daerah pada SKPD",
            "pagu": 35300000.0,
            "pagu_indikatif": 35300000.0,
            "rincian": null,
            "kode_bl": "978.978.4451.18373",
            "kode_sbl": "978.978.4451.18373.60615",
            "kunci_bl": 1,
            "kunci_bl_rinci": 1,
            "user_created": "VENTI HERLINA,S.STP, M.Si",
            "created_date": "29-01-2025",
            "created_time": "23:13",
            "user_updated": "VENTI HERLINA,S.STP, M.Si",
            "updated_date": "27-03-2025",
            "updated_time": "15:19",
            "is_locked": 0
        },
        {
            "id_sub_bl": 61086,
            "id_daerah": 473,
            "tahun": 2026,
            "id_unit": 978,
            "id_skpd": 978,
            "created_user": 1621,
            "kode_skpd": "7.01.0.00.0.00.12.0000",
            "nama_skpd": "Kecamatan Lais",
            "id_urusan": 17,
            "kode_urusan": "7",
            "nama_urusan": "UNSUR KEWILAYAHAN",
            "id_bidang_urusan": 243,
            "kode_bidang_urusan": "7.01",
            "nama_bidang_urusan": "KECAMATAN",
            "id_sub_skpd": 978,
            "kode_sub_skpd": "7.01.0.00.0.00.12.0000",
            "nama_sub_skpd": "Kecamatan Lais",
            "set_pagu_user": 1621,
            "set_pagu_at": "Thu, 27 Mar 2025 15:34:31 GMT",
            "id_program": 4451,
            "kode_program": "7.01.01",
            "nama_program": "PROGRAM PENUNJANG URUSAN PEMERINTAHAN DAERAH KABUPATEN/KOTA",
            "id_giat": 18375,
            "kode_giat": "7.01.01.2.05",
            "nama_giat": "Administrasi Kepegawaian Perangkat Daerah",
            "pagu_giat": 15000000.0,
            "rinci_giat": null,
            "id_sub_giat": 60625,
            "kode_sub_giat": "7.01.01.2.05.0002",
            "nama_sub_giat": "Pengadaan Pakaian Dinas beserta Atribut Kelengkapannya",
            "pagu": 15000000.0,
            "pagu_indikatif": 15000000.0,
            "rincian": null,
            "kode_bl": "978.978.4451.18375",
            "kode_sbl": "978.978.4451.18375.60625",
            "kunci_bl": 1,
            "kunci_bl_rinci": 1,
            "user_created": "VENTI HERLINA,S.STP, M.Si",
            "created_date": "29-01-2025",
            "created_time": "23:18",
            "user_updated": "VENTI HERLINA,S.STP, M.Si",
            "updated_date": "27-03-2025",
            "updated_time": "15:21",
            "is_locked": 0
        },
        {
            "id_sub_bl": 61087,
            "id_daerah": 473,
            "tahun": 2026,
            "id_unit": 978,
            "id_skpd": 978,
            "created_user": 1621,
            "kode_skpd": "7.01.0.00.0.00.12.0000",
            "nama_skpd": "Kecamatan Lais",
            "id_urusan": 17,
            "kode_urusan": "7",
            "nama_urusan": "UNSUR KEWILAYAHAN",
            "id_bidang_urusan": 243,
            "kode_bidang_urusan": "7.01",
            "nama_bidang_urusan": "KECAMATAN",
            "id_sub_skpd": 978,
            "kode_sub_skpd": "7.01.0.00.0.00.12.0000",
            "nama_sub_skpd": "Kecamatan Lais",
            "set_pagu_user": 1621,
            "set_pagu_at": "Thu, 27 Mar 2025 15:34:31 GMT",
            "id_program": 4451,
            "kode_program": "7.01.01",
            "nama_program": "PROGRAM PENUNJANG URUSAN PEMERINTAHAN DAERAH KABUPATEN/KOTA",
            "id_giat": 18376,
            "kode_giat": "7.01.01.2.06",
            "nama_giat": "Administrasi Umum Perangkat Daerah",
            "pagu_giat": 141253605.0,
            "rinci_giat": null,
            "id_sub_giat": 60635,
            "kode_sub_giat": "7.01.01.2.06.0001",
            "nama_sub_giat": "Penyediaan Komponen Instalasi\r\n\nListrik/Penerangan Bangunan Kantor",
            "pagu": 2500000.0,
            "pagu_indikatif": 2500000.0,
            "rincian": null,
            "kode_bl": "978.978.4451.18376",
            "kode_sbl": "978.978.4451.18376.60635",
            "kunci_bl": 1,
            "kunci_bl_rinci": 1,
            "user_created": "VENTI HERLINA,S.STP, M.Si",
            "created_date": "29-01-2025",
            "created_time": "23:22",
            "user_updated": "VENTI HERLINA,S.STP, M.Si",
            "updated_date": "27-03-2025",
            "updated_time": "15:21",
            "is_locked": 0
        },
        {
            "id_sub_bl": 61088,
            "id_daerah": 473,
            "tahun": 2026,
            "id_unit": 978,
            "id_skpd": 978,
            "created_user": 1621,
            "kode_skpd": "7.01.0.00.0.00.12.0000",
            "nama_skpd": "Kecamatan Lais",
            "id_urusan": 17,
            "kode_urusan": "7",
            "nama_urusan": "UNSUR KEWILAYAHAN",
            "id_bidang_urusan": 243,
            "kode_bidang_urusan": "7.01",
            "nama_bidang_urusan": "KECAMATAN",
            "id_sub_skpd": 978,
            "kode_sub_skpd": "7.01.0.00.0.00.12.0000",
            "nama_sub_skpd": "Kecamatan Lais",
            "set_pagu_user": 1621,
            "set_pagu_at": "Thu, 27 Mar 2025 15:34:31 GMT",
            "id_program": 4451,
            "kode_program": "7.01.01",
            "nama_program": "PROGRAM PENUNJANG URUSAN PEMERINTAHAN DAERAH KABUPATEN/KOTA",
            "id_giat": 18376,
            "kode_giat": "7.01.01.2.06",
            "nama_giat": "Administrasi Umum Perangkat Daerah",
            "pagu_giat": 141253605.0,
            "rinci_giat": null,
            "id_sub_giat": 60638,
            "kode_sub_giat": "7.01.01.2.06.0004",
            "nama_sub_giat": "Penyediaan Bahan Logistik Kantor",
            "pagu": 105000000.0,
            "pagu_indikatif": 105000000.0,
            "rincian": null,
            "kode_bl": "978.978.4451.18376",
            "kode_sbl": "978.978.4451.18376.60638",
            "kunci_bl": 1,
            "kunci_bl_rinci": 1,
            "user_created": "VENTI HERLINA,S.STP, M.Si",
            "created_date": "29-01-2025",
            "created_time": "23:25",
            "user_updated": "VENTI HERLINA,S.STP, M.Si",
            "updated_date": "27-03-2025",
            "updated_time": "15:22",
            "is_locked": 0
        },
        {
            "id_sub_bl": 61089,
            "id_daerah": 473,
            "tahun": 2026,
            "id_unit": 978,
            "id_skpd": 978,
            "created_user": 1621,
            "kode_skpd": "7.01.0.00.0.00.12.0000",
            "nama_skpd": "Kecamatan Lais",
            "id_urusan": 17,
            "kode_urusan": "7",
            "nama_urusan": "UNSUR KEWILAYAHAN",
            "id_bidang_urusan": 243,
            "kode_bidang_urusan": "7.01",
            "nama_bidang_urusan": "KECAMATAN",
            "id_sub_skpd": 978,
            "kode_sub_skpd": "7.01.0.00.0.00.12.0000",
            "nama_sub_skpd": "Kecamatan Lais",
            "set_pagu_user": 1621,
            "set_pagu_at": "Thu, 27 Mar 2025 15:34:31 GMT",
            "id_program": 4451,
            "kode_program": "7.01.01",
            "nama_program": "PROGRAM PENUNJANG URUSAN PEMERINTAHAN DAERAH KABUPATEN/KOTA",
            "id_giat": 18376,
            "kode_giat": "7.01.01.2.06",
            "nama_giat": "Administrasi Umum Perangkat Daerah",
            "pagu_giat": 141253605.0,
            "rinci_giat": null,
            "id_sub_giat": 60639,
            "kode_sub_giat": "7.01.01.2.06.0005",
            "nama_sub_giat": "Penyediaan Barang Cetakan dan Penggandaan",
            "pagu": 7253605.0,
            "pagu_indikatif": 7253605.0,
            "rincian": null,
            "kode_bl": "978.978.4451.18376",
            "kode_sbl": "978.978.4451.18376.60639",
            "kunci_bl": 1,
            "kunci_bl_rinci": 1,
            "user_created": "VENTI HERLINA,S.STP, M.Si",
            "created_date": "29-01-2025",
            "created_time": "23:26",
            "user_updated": "VENTI HERLINA,S.STP, M.Si",
            "updated_date": "27-03-2025",
            "updated_time": "15:23",
            "is_locked": 0
        },
        {
            "id_sub_bl": 61091,
            "id_daerah": 473,
            "tahun": 2026,
            "id_unit": 978,
            "id_skpd": 978,
            "created_user": 1621,
            "kode_skpd": "7.01.0.00.0.00.12.0000",
            "nama_skpd": "Kecamatan Lais",
            "id_urusan": 17,
            "kode_urusan": "7",
            "nama_urusan": "UNSUR KEWILAYAHAN",
            "id_bidang_urusan": 243,
            "kode_bidang_urusan": "7.01",
            "nama_bidang_urusan": "KECAMATAN",
            "id_sub_skpd": 978,
            "kode_sub_skpd": "7.01.0.00.0.00.12.0000",
            "nama_sub_skpd": "Kecamatan Lais",
            "set_pagu_user": 1621,
            "set_pagu_at": "Thu, 27 Mar 2025 15:34:31 GMT",
            "id_program": 4451,
            "kode_program": "7.01.01",
            "nama_program": "PROGRAM PENUNJANG URUSAN PEMERINTAHAN DAERAH KABUPATEN/KOTA",
            "id_giat": 18376,
            "kode_giat": "7.01.01.2.06",
            "nama_giat": "Administrasi Umum Perangkat Daerah",
            "pagu_giat": 141253605.0,
            "rinci_giat": null,
            "id_sub_giat": 60640,
            "kode_sub_giat": "7.01.01.2.06.0006",
            "nama_sub_giat": "Penyediaan Bahan Bacaan dan Peraturan Perundang-undangan",
            "pagu": 1500000.0,
            "pagu_indikatif": 1500000.0,
            "rincian": null,
            "kode_bl": "978.978.4451.18376",
            "kode_sbl": "978.978.4451.18376.60640",
            "kunci_bl": 1,
            "kunci_bl_rinci": 1,
            "user_created": "VENTI HERLINA,S.STP, M.Si",
            "created_date": "29-01-2025",
            "created_time": "23:31",
            "user_updated": "VENTI HERLINA,S.STP, M.Si",
            "updated_date": "27-03-2025",
            "updated_time": "15:24",
            "is_locked": 0
        },
        {
            "id_sub_bl": 61092,
            "id_daerah": 473,
            "tahun": 2026,
            "id_unit": 978,
            "id_skpd": 978,
            "created_user": 1621,
            "kode_skpd": "7.01.0.00.0.00.12.0000",
            "nama_skpd": "Kecamatan Lais",
            "id_urusan": 17,
            "kode_urusan": "7",
            "nama_urusan": "UNSUR KEWILAYAHAN",
            "id_bidang_urusan": 243,
            "kode_bidang_urusan": "7.01",
            "nama_bidang_urusan": "KECAMATAN",
            "id_sub_skpd": 978,
            "kode_sub_skpd": "7.01.0.00.0.00.12.0000",
            "nama_sub_skpd": "Kecamatan Lais",
            "set_pagu_user": 1621,
            "set_pagu_at": "Thu, 27 Mar 2025 15:34:31 GMT",
            "id_program": 4451,
            "kode_program": "7.01.01",
            "nama_program": "PROGRAM PENUNJANG URUSAN PEMERINTAHAN DAERAH KABUPATEN/KOTA",
            "id_giat": 18376,
            "kode_giat": "7.01.01.2.06",
            "nama_giat": "Administrasi Umum Perangkat Daerah",
            "pagu_giat": 141253605.0,
            "rinci_giat": null,
            "id_sub_giat": 60643,
            "kode_sub_giat": "7.01.01.2.06.0009",
            "nama_sub_giat": "Penyelenggaraan Rapat Koordinasi dan Konsultasi SKPD",
            "pagu": 25000000.0,
            "pagu_indikatif": 25000000.0,
            "rincian": null,
            "kode_bl": "978.978.4451.18376",
            "kode_sbl": "978.978.4451.18376.60643",
            "kunci_bl": 1,
            "kunci_bl_rinci": 1,
            "user_created": "VENTI HERLINA,S.STP, M.Si",
            "created_date": "29-01-2025",
            "created_time": "23:33",
            "user_updated": "VENTI HERLINA,S.STP, M.Si",
            "updated_date": "27-03-2025",
            "updated_time": "15:24",
            "is_locked": 0
        },
        {
            "id_sub_bl": 73191,
            "id_daerah": 473,
            "tahun": 2026,
            "id_unit": 978,
            "id_skpd": 978,
            "created_user": 1621,
            "kode_skpd": "7.01.0.00.0.00.12.0000",
            "nama_skpd": "Kecamatan Lais",
            "id_urusan": 17,
            "kode_urusan": "7",
            "nama_urusan": "UNSUR KEWILAYAHAN",
            "id_bidang_urusan": 243,
            "kode_bidang_urusan": "7.01",
            "nama_bidang_urusan": "KECAMATAN",
            "id_sub_skpd": 978,
            "kode_sub_skpd": "7.01.0.00.0.00.12.0000",
            "nama_sub_skpd": "Kecamatan Lais",
            "set_pagu_user": 1621,
            "set_pagu_at": "Thu, 27 Mar 2025 15:34:31 GMT",
            "id_program": 4451,
            "kode_program": "7.01.01",
            "nama_program": "PROGRAM PENUNJANG URUSAN PEMERINTAHAN DAERAH KABUPATEN/KOTA",
            "id_giat": 18377,
            "kode_giat": "7.01.01.2.07",
            "nama_giat": "Pengadaan Barang Milik Daerah Penunjang Urusan Pemerintah Daerah",
            "pagu_giat": 217000000.0,
            "rinci_giat": null,
            "id_sub_giat": 60647,
            "kode_sub_giat": "7.01.01.2.07.0002",
            "nama_sub_giat": "Pengadaan Kendaraan Dinas Operasional atau Lapangan",
            "pagu": 25000000.0,
            "pagu_indikatif": 25000000.0,
            "rincian": null,
            "kode_bl": "978.978.4451.18377",
            "kode_sbl": "978.978.4451.18377.60647",
            "kunci_bl": 1,
            "kunci_bl_rinci": 1,
            "user_created": "VENTI HERLINA,S.STP, M.Si",
            "created_date": "24-03-2025",
            "created_time": "11:35",
            "user_updated": "VENTI HERLINA,S.STP, M.Si",
            "updated_date": "27-03-2025",
            "updated_time": "15:25",
            "is_locked": 0
        },
        {
            "id_sub_bl": 73211,
            "id_daerah": 473,
            "tahun": 2026,
            "id_unit": 978,
            "id_skpd": 978,
            "created_user": 1621,
            "kode_skpd": "7.01.0.00.0.00.12.0000",
            "nama_skpd": "Kecamatan Lais",
            "id_urusan": 17,
            "kode_urusan": "7",
            "nama_urusan": "UNSUR KEWILAYAHAN",
            "id_bidang_urusan": 243,
            "kode_bidang_urusan": "7.01",
            "nama_bidang_urusan": "KECAMATAN",
            "id_sub_skpd": 978,
            "kode_sub_skpd": "7.01.0.00.0.00.12.0000",
            "nama_sub_skpd": "Kecamatan Lais",
            "set_pagu_user": 1621,
            "set_pagu_at": "Thu, 27 Mar 2025 15:34:31 GMT",
            "id_program": 4451,
            "kode_program": "7.01.01",
            "nama_program": "PROGRAM PENUNJANG URUSAN PEMERINTAHAN DAERAH KABUPATEN/KOTA",
            "id_giat": 18377,
            "kode_giat": "7.01.01.2.07",
            "nama_giat": "Pengadaan Barang Milik Daerah Penunjang Urusan Pemerintah Daerah",
            "pagu_giat": 217000000.0,
            "rinci_giat": null,
            "id_sub_giat": 60650,
            "kode_sub_giat": "7.01.01.2.07.0005",
            "nama_sub_giat": "Pengadaan Mebel",
            "pagu": 20000000.0,
            "pagu_indikatif": 20000000.0,
            "rincian": null,
            "kode_bl": "978.978.4451.18377",
            "kode_sbl": "978.978.4451.18377.60650",
            "kunci_bl": 1,
            "kunci_bl_rinci": 1,
            "user_created": "VENTI HERLINA,S.STP, M.Si",
            "created_date": "24-03-2025",
            "created_time": "15:31",
            "user_updated": "VENTI HERLINA,S.STP, M.Si",
            "updated_date": "27-03-2025",
            "updated_time": "15:26",
            "is_locked": 0
        },
        {
            "id_sub_bl": 61093,
            "id_daerah": 473,
            "tahun": 2026,
            "id_unit": 978,
            "id_skpd": 978,
            "created_user": 1621,
            "kode_skpd": "7.01.0.00.0.00.12.0000",
            "nama_skpd": "Kecamatan Lais",
            "id_urusan": 17,
            "kode_urusan": "7",
            "nama_urusan": "UNSUR KEWILAYAHAN",
            "id_bidang_urusan": 243,
            "kode_bidang_urusan": "7.01",
            "nama_bidang_urusan": "KECAMATAN",
            "id_sub_skpd": 978,
            "kode_sub_skpd": "7.01.0.00.0.00.12.0000",
            "nama_sub_skpd": "Kecamatan Lais",
            "set_pagu_user": 1621,
            "set_pagu_at": "Thu, 27 Mar 2025 15:34:31 GMT",
            "id_program": 4451,
            "kode_program": "7.01.01",
            "nama_program": "PROGRAM PENUNJANG URUSAN PEMERINTAHAN DAERAH KABUPATEN/KOTA",
            "id_giat": 18377,
            "kode_giat": "7.01.01.2.07",
            "nama_giat": "Pengadaan Barang Milik Daerah Penunjang Urusan Pemerintah Daerah",
            "pagu_giat": 217000000.0,
            "rinci_giat": null,
            "id_sub_giat": 60651,
            "kode_sub_giat": "7.01.01.2.07.0006",
            "nama_sub_giat": "Pengadaan Peralatan dan Mesin Lainnya",
            "pagu": 10000000.0,
            "pagu_indikatif": 10000000.0,
            "rincian": null,
            "kode_bl": "978.978.4451.18377",
            "kode_sbl": "978.978.4451.18377.60651",
            "kunci_bl": 1,
            "kunci_bl_rinci": 1,
            "user_created": "VENTI HERLINA,S.STP, M.Si",
            "created_date": "29-01-2025",
            "created_time": "23:35",
            "user_updated": "VENTI HERLINA,S.STP, M.Si",
            "updated_date": "27-03-2025",
            "updated_time": "15:27",
            "is_locked": 0
        },
        {
            "id_sub_bl": 73192,
            "id_daerah": 473,
            "tahun": 2026,
            "id_unit": 978,
            "id_skpd": 978,
            "created_user": 1621,
            "kode_skpd": "7.01.0.00.0.00.12.0000",
            "nama_skpd": "Kecamatan Lais",
            "id_urusan": 17,
            "kode_urusan": "7",
            "nama_urusan": "UNSUR KEWILAYAHAN",
            "id_bidang_urusan": 243,
            "kode_bidang_urusan": "7.01",
            "nama_bidang_urusan": "KECAMATAN",
            "id_sub_skpd": 978,
            "kode_sub_skpd": "7.01.0.00.0.00.12.0000",
            "nama_sub_skpd": "Kecamatan Lais",
            "set_pagu_user": 1621,
            "set_pagu_at": "Thu, 27 Mar 2025 15:34:31 GMT",
            "id_program": 4451,
            "kode_program": "7.01.01",
            "nama_program": "PROGRAM PENUNJANG URUSAN PEMERINTAHAN DAERAH KABUPATEN/KOTA",
            "id_giat": 18377,
            "kode_giat": "7.01.01.2.07",
            "nama_giat": "Pengadaan Barang Milik Daerah Penunjang Urusan Pemerintah Daerah",
            "pagu_giat": 217000000.0,
            "rinci_giat": null,
            "id_sub_giat": 60656,
            "kode_sub_giat": "7.01.01.2.07.0011",
            "nama_sub_giat": "Pengadaan Sarana dan Prasarana Pendukung Gedung Kantor atau Bangunan Lainnya",
            "pagu": 162000000.0,
            "pagu_indikatif": 162000000.0,
            "rincian": null,
            "kode_bl": "978.978.4451.18377",
            "kode_sbl": "978.978.4451.18377.60656",
            "kunci_bl": 1,
            "kunci_bl_rinci": 1,
            "user_created": "VENTI HERLINA,S.STP, M.Si",
            "created_date": "24-03-2025",
            "created_time": "11:42",
            "user_updated": "VENTI HERLINA,S.STP, M.Si",
            "updated_date": "27-03-2025",
            "updated_time": "15:28",
            "is_locked": 0
        },
        {
            "id_sub_bl": 61096,
            "id_daerah": 473,
            "tahun": 2026,
            "id_unit": 978,
            "id_skpd": 978,
            "created_user": 1621,
            "kode_skpd": "7.01.0.00.0.00.12.0000",
            "nama_skpd": "Kecamatan Lais",
            "id_urusan": 17,
            "kode_urusan": "7",
            "nama_urusan": "UNSUR KEWILAYAHAN",
            "id_bidang_urusan": 243,
            "kode_bidang_urusan": "7.01",
            "nama_bidang_urusan": "KECAMATAN",
            "id_sub_skpd": 978,
            "kode_sub_skpd": "7.01.0.00.0.00.12.0000",
            "nama_sub_skpd": "Kecamatan Lais",
            "set_pagu_user": 1621,
            "set_pagu_at": "Thu, 27 Mar 2025 15:34:31 GMT",
            "id_program": 4451,
            "kode_program": "7.01.01",
            "nama_program": "PROGRAM PENUNJANG URUSAN PEMERINTAHAN DAERAH KABUPATEN/KOTA",
            "id_giat": 18378,
            "kode_giat": "7.01.01.2.08",
            "nama_giat": "Penyediaan Jasa Penunjang Urusan Pemerintahan Daerah",
            "pagu_giat": 123800000.0,
            "rinci_giat": null,
            "id_sub_giat": 60658,
            "kode_sub_giat": "7.01.01.2.08.0002",
            "nama_sub_giat": "Penyediaan Jasa Komunikasi, Sumber Daya Air dan Listrik",
            "pagu": 23000000.0,
            "pagu_indikatif": 23000000.0,
            "rincian": null,
            "kode_bl": "978.978.4451.18378",
            "kode_sbl": "978.978.4451.18378.60658",
            "kunci_bl": 1,
            "kunci_bl_rinci": 1,
            "user_created": "VENTI HERLINA,S.STP, M.Si",
            "created_date": "29-01-2025",
            "created_time": "23:38",
            "user_updated": "VENTI HERLINA,S.STP, M.Si",
            "updated_date": "27-03-2025",
            "updated_time": "15:29",
            "is_locked": 0
        },
        {
            "id_sub_bl": 61100,
            "id_daerah": 473,
            "tahun": 2026,
            "id_unit": 978,
            "id_skpd": 978,
            "created_user": 1621,
            "kode_skpd": "7.01.0.00.0.00.12.0000",
            "nama_skpd": "Kecamatan Lais",
            "id_urusan": 17,
            "kode_urusan": "7",
            "nama_urusan": "UNSUR KEWILAYAHAN",
            "id_bidang_urusan": 243,
            "kode_bidang_urusan": "7.01",
            "nama_bidang_urusan": "KECAMATAN",
            "id_sub_skpd": 978,
            "kode_sub_skpd": "7.01.0.00.0.00.12.0000",
            "nama_sub_skpd": "Kecamatan Lais",
            "set_pagu_user": 1621,
            "set_pagu_at": "Thu, 27 Mar 2025 15:34:31 GMT",
            "id_program": 4451,
            "kode_program": "7.01.01",
            "nama_program": "PROGRAM PENUNJANG URUSAN PEMERINTAHAN DAERAH KABUPATEN/KOTA",
            "id_giat": 18378,
            "kode_giat": "7.01.01.2.08",
            "nama_giat": "Penyediaan Jasa Penunjang Urusan Pemerintahan Daerah",
            "pagu_giat": 123800000.0,
            "rinci_giat": null,
            "id_sub_giat": 60660,
            "kode_sub_giat": "7.01.01.2.08.0004",
            "nama_sub_giat": "Penyediaan Jasa Pelayanan Umum Kantor",
            "pagu": 100800000.0,
            "pagu_indikatif": 100800000.0,
            "rincian": null,
            "kode_bl": "978.978.4451.18378",
            "kode_sbl": "978.978.4451.18378.60660",
            "kunci_bl": 1,
            "kunci_bl_rinci": 1,
            "user_created": "VENTI HERLINA,S.STP, M.Si",
            "created_date": "29-01-2025",
            "created_time": "23:41",
            "user_updated": "VENTI HERLINA,S.STP, M.Si",
            "updated_date": "27-03-2025",
            "updated_time": "15:30",
            "is_locked": 0
        },
        {
            "id_sub_bl": 61107,
            "id_daerah": 473,
            "tahun": 2026,
            "id_unit": 978,
            "id_skpd": 978,
            "created_user": 1621,
            "kode_skpd": "7.01.0.00.0.00.12.0000",
            "nama_skpd": "Kecamatan Lais",
            "id_urusan": 17,
            "kode_urusan": "7",
            "nama_urusan": "UNSUR KEWILAYAHAN",
            "id_bidang_urusan": 243,
            "kode_bidang_urusan": "7.01",
            "nama_bidang_urusan": "KECAMATAN",
            "id_sub_skpd": 978,
            "kode_sub_skpd": "7.01.0.00.0.00.12.0000",
            "nama_sub_skpd": "Kecamatan Lais",
            "set_pagu_user": 1621,
            "set_pagu_at": "Thu, 27 Mar 2025 15:34:31 GMT",
            "id_program": 4451,
            "kode_program": "7.01.01",
            "nama_program": "PROGRAM PENUNJANG URUSAN PEMERINTAHAN DAERAH KABUPATEN/KOTA",
            "id_giat": 18379,
            "kode_giat": "7.01.01.2.09",
            "nama_giat": "Pemeliharaan Barang Milik Daerah Penunjang Urusan Pemerintahan Daerah",
            "pagu_giat": 155000000.0,
            "rinci_giat": null,
            "id_sub_giat": 60662,
            "kode_sub_giat": "7.01.01.2.09.0002",
            "nama_sub_giat": "Penyediaan Jasa Pemeliharaan, Biaya Pemeliharaan, Pajak dan Perizinan Kendaraan Dinas Operasional atau Lapangan",
            "pagu": 50000000.0,
            "pagu_indikatif": 50000000.0,
            "rincian": null,
            "kode_bl": "978.978.4451.18379",
            "kode_sbl": "978.978.4451.18379.60662",
            "kunci_bl": 1,
            "kunci_bl_rinci": 1,
            "user_created": "VENTI HERLINA,S.STP, M.Si",
            "created_date": "29-01-2025",
            "created_time": "23:51",
            "user_updated": "VENTI HERLINA,S.STP, M.Si",
            "updated_date": "27-03-2025",
            "updated_time": "15:30",
            "is_locked": 0
        },
        {
            "id_sub_bl": 61108,
            "id_daerah": 473,
            "tahun": 2026,
            "id_unit": 978,
            "id_skpd": 978,
            "created_user": 1621,
            "kode_skpd": "7.01.0.00.0.00.12.0000",
            "nama_skpd": "Kecamatan Lais",
            "id_urusan": 17,
            "kode_urusan": "7",
            "nama_urusan": "UNSUR KEWILAYAHAN",
            "id_bidang_urusan": 243,
            "kode_bidang_urusan": "7.01",
            "nama_bidang_urusan": "KECAMATAN",
            "id_sub_skpd": 978,
            "kode_sub_skpd": "7.01.0.00.0.00.12.0000",
            "nama_sub_skpd": "Kecamatan Lais",
            "set_pagu_user": 1621,
            "set_pagu_at": "Thu, 27 Mar 2025 15:34:31 GMT",
            "id_program": 4451,
            "kode_program": "7.01.01",
            "nama_program": "PROGRAM PENUNJANG URUSAN PEMERINTAHAN DAERAH KABUPATEN/KOTA",
            "id_giat": 18379,
            "kode_giat": "7.01.01.2.09",
            "nama_giat": "Pemeliharaan Barang Milik Daerah Penunjang Urusan Pemerintahan Daerah",
            "pagu_giat": 155000000.0,
            "rinci_giat": null,
            "id_sub_giat": 60666,
            "kode_sub_giat": "7.01.01.2.09.0006",
            "nama_sub_giat": "Pemeliharaan Peralatan dan Mesin Lainnya",
            "pagu": 10000000.0,
            "pagu_indikatif": 10000000.0,
            "rincian": null,
            "kode_bl": "978.978.4451.18379",
            "kode_sbl": "978.978.4451.18379.60666",
            "kunci_bl": 1,
            "kunci_bl_rinci": 1,
            "user_created": "VENTI HERLINA,S.STP, M.Si",
            "created_date": "29-01-2025",
            "created_time": "23:56",
            "user_updated": "VENTI HERLINA,S.STP, M.Si",
            "updated_date": "27-03-2025",
            "updated_time": "15:31",
            "is_locked": 0
        },
        {
            "id_sub_bl": 61115,
            "id_daerah": 473,
            "tahun": 2026,
            "id_unit": 978,
            "id_skpd": 978,
            "created_user": 1621,
            "kode_skpd": "7.01.0.00.0.00.12.0000",
            "nama_skpd": "Kecamatan Lais",
            "id_urusan": 17,
            "kode_urusan": "7",
            "nama_urusan": "UNSUR KEWILAYAHAN",
            "id_bidang_urusan": 243,
            "kode_bidang_urusan": "7.01",
            "nama_bidang_urusan": "KECAMATAN",
            "id_sub_skpd": 978,
            "kode_sub_skpd": "7.01.0.00.0.00.12.0000",
            "nama_sub_skpd": "Kecamatan Lais",
            "set_pagu_user": 1621,
            "set_pagu_at": "Thu, 27 Mar 2025 15:34:31 GMT",
            "id_program": 4451,
            "kode_program": "7.01.01",
            "nama_program": "PROGRAM PENUNJANG URUSAN PEMERINTAHAN DAERAH KABUPATEN/KOTA",
            "id_giat": 18379,
            "kode_giat": "7.01.01.2.09",
            "nama_giat": "Pemeliharaan Barang Milik Daerah Penunjang Urusan Pemerintahan Daerah",
            "pagu_giat": 155000000.0,
            "rinci_giat": null,
            "id_sub_giat": 60669,
            "kode_sub_giat": "7.01.01.2.09.0009",
            "nama_sub_giat": "Pemeliharaan/Rehabilitasi Gedung Kantor dan Bangunan Lainnya",
            "pagu": 95000000.0,
            "pagu_indikatif": 95000000.0,
            "rincian": null,
            "kode_bl": "978.978.4451.18379",
            "kode_sbl": "978.978.4451.18379.60669",
            "kunci_bl": 1,
            "kunci_bl_rinci": 1,
            "user_created": "VENTI HERLINA,S.STP, M.Si",
            "created_date": "30-01-2025",
            "created_time": "00:37",
            "user_updated": "VENTI HERLINA,S.STP, M.Si",
            "updated_date": "27-03-2025",
            "updated_time": "15:32",
            "is_locked": 0
        },
        {
            "id_sub_bl": 61110,
            "id_daerah": 473,
            "tahun": 2026,
            "id_unit": 978,
            "id_skpd": 978,
            "created_user": 1621,
            "kode_skpd": "7.01.0.00.0.00.12.0000",
            "nama_skpd": "Kecamatan Lais",
            "id_urusan": 17,
            "kode_urusan": "7",
            "nama_urusan": "UNSUR KEWILAYAHAN",
            "id_bidang_urusan": 243,
            "kode_bidang_urusan": "7.01",
            "nama_bidang_urusan": "KECAMATAN",
            "id_sub_skpd": 1030,
            "kode_sub_skpd": "7.01.0.00.0.00.12.0001",
            "nama_sub_skpd": "Kelurahan Pasar Lais",
            "set_pagu_user": 1621,
            "set_pagu_at": "Thu, 27 Mar 2025 15:34:31 GMT",
            "id_program": 4418,
            "kode_program": "7.01.03",
            "nama_program": "PROGRAM PEMBERDAYAAN MASYARAKAT DESA DAN KELURAHAN",
            "id_giat": 18280,
            "kode_giat": "7.01.03.2.02",
            "nama_giat": "Kegiatan Pemberdayaan Kelurahan",
            "pagu_giat": 260000000.0,
            "rinci_giat": null,
            "id_sub_giat": 59916,
            "kode_sub_giat": "7.01.03.2.02.0001",
            "nama_sub_giat": "Peningkatan Partisipasi Masyarakat dalam Forum Musyawarah Perencanaan Pembangunan di Kelurahan",
            "pagu": 10000000.0,
            "pagu_indikatif": 10000000.0,
            "rincian": null,
            "kode_bl": "978.1030.4418.18280",
            "kode_sbl": "978.1030.4418.18280.59916",
            "kunci_bl": 1,
            "kunci_bl_rinci": 1,
            "user_created": "VENTI HERLINA,S.STP, M.Si",
            "created_date": "30-01-2025",
            "created_time": "00:08",
            "user_updated": "VENTI HERLINA,S.STP, M.Si",
            "updated_date": "31-01-2025",
            "updated_time": "21:47",
            "is_locked": 0
        },
        {
            "id_sub_bl": 61111,
            "id_daerah": 473,
            "tahun": 2026,
            "id_unit": 978,
            "id_skpd": 978,
            "created_user": 1621,
            "kode_skpd": "7.01.0.00.0.00.12.0000",
            "nama_skpd": "Kecamatan Lais",
            "id_urusan": 17,
            "kode_urusan": "7",
            "nama_urusan": "UNSUR KEWILAYAHAN",
            "id_bidang_urusan": 243,
            "kode_bidang_urusan": "7.01",
            "nama_bidang_urusan": "KECAMATAN",
            "id_sub_skpd": 1030,
            "kode_sub_skpd": "7.01.0.00.0.00.12.0001",
            "nama_sub_skpd": "Kelurahan Pasar Lais",
            "set_pagu_user": 1621,
            "set_pagu_at": "Thu, 27 Mar 2025 15:34:31 GMT",
            "id_program": 4418,
            "kode_program": "7.01.03",
            "nama_program": "PROGRAM PEMBERDAYAAN MASYARAKAT DESA DAN KELURAHAN",
            "id_giat": 18280,
            "kode_giat": "7.01.03.2.02",
            "nama_giat": "Kegiatan Pemberdayaan Kelurahan",
            "pagu_giat": 260000000.0,
            "rinci_giat": null,
            "id_sub_giat": 59917,
            "kode_sub_giat": "7.01.03.2.02.0002",
            "nama_sub_giat": "Pembangunan Sarana dan Prasarana Kelurahan",
            "pagu": 200000000.0,
            "pagu_indikatif": 200000000.0,
            "rincian": null,
            "kode_bl": "978.1030.4418.18280",
            "kode_sbl": "978.1030.4418.18280.59917",
            "kunci_bl": 1,
            "kunci_bl_rinci": 1,
            "user_created": "VENTI HERLINA,S.STP, M.Si",
            "created_date": "30-01-2025",
            "created_time": "00:10",
            "user_updated": "VENTI HERLINA,S.STP, M.Si",
            "updated_date": "24-03-2025",
            "updated_time": "09:50",
            "is_locked": 0
        },
        {
            "id_sub_bl": 61112,
            "id_daerah": 473,
            "tahun": 2026,
            "id_unit": 978,
            "id_skpd": 978,
            "created_user": 1621,
            "kode_skpd": "7.01.0.00.0.00.12.0000",
            "nama_skpd": "Kecamatan Lais",
            "id_urusan": 17,
            "kode_urusan": "7",
            "nama_urusan": "UNSUR KEWILAYAHAN",
            "id_bidang_urusan": 243,
            "kode_bidang_urusan": "7.01",
            "nama_bidang_urusan": "KECAMATAN",
            "id_sub_skpd": 1030,
            "kode_sub_skpd": "7.01.0.00.0.00.12.0001",
            "nama_sub_skpd": "Kelurahan Pasar Lais",
            "set_pagu_user": 1621,
            "set_pagu_at": "Thu, 27 Mar 2025 15:34:31 GMT",
            "id_program": 4418,
            "kode_program": "7.01.03",
            "nama_program": "PROGRAM PEMBERDAYAAN MASYARAKAT DESA DAN KELURAHAN",
            "id_giat": 18280,
            "kode_giat": "7.01.03.2.02",
            "nama_giat": "Kegiatan Pemberdayaan Kelurahan",
            "pagu_giat": 260000000.0,
            "rinci_giat": null,
            "id_sub_giat": 59918,
            "kode_sub_giat": "7.01.03.2.02.0003",
            "nama_sub_giat": "Pemberdayaan Masyarakat di Kelurahan",
            "pagu": 50000000.0,
            "pagu_indikatif": 50000000.0,
            "rincian": null,
            "kode_bl": "978.1030.4418.18280",
            "kode_sbl": "978.1030.4418.18280.59918",
            "kunci_bl": 1,
            "kunci_bl_rinci": 1,
            "user_created": "VENTI HERLINA,S.STP, M.Si",
            "created_date": "30-01-2025",
            "created_time": "00:12",
            "user_updated": "VENTI HERLINA,S.STP, M.Si",
            "updated_date": "31-01-2025",
            "updated_time": "21:49",
            "is_locked": 0
        }
    ]