[
        {
            "id_sub_bl": 61396,
            "id_daerah": 473,
            "tahun": 2026,
            "id_unit": 665,
            "id_skpd": 665,
            "created_user": 468146,
            "kode_skpd": "7.01.0.00.0.00.14.0000",
            "nama_skpd": "Kecamatan Napal Putih",
            "id_urusan": 17,
            "kode_urusan": "7",
            "nama_urusan": "UNSUR KEWILAYAHAN",
            "id_bidang_urusan": 243,
            "kode_bidang_urusan": "7.01",
            "nama_bidang_urusan": "KECAMATAN",
            "id_sub_skpd": 665,
            "kode_sub_skpd": "7.01.0.00.0.00.14.0000",
            "nama_sub_skpd": "Kecamatan Napal Putih",
            "set_pagu_user": 468146,
            "set_pagu_at": "Thu, 19 Jun 2025 11:21:43 GMT",
            "id_program": 4418,
            "kode_program": "7.01.03",
            "nama_program": "PROGRAM PEMBERDAYAAN MASYARAKAT DESA DAN KELURAHAN",
            "id_giat": 18279,
            "kode_giat": "7.01.03.2.01",
            "nama_giat": "Koordinasi Kegiatan Pemberdayaan Desa",
            "pagu_giat": 20000000.0,
            "rinci_giat": null,
            "id_sub_giat": 59913,
            "kode_sub_giat": "7.01.03.2.01.0001",
            "nama_sub_giat": "Peningkatan Partisipasi Masyarakat dalam Forum Musyawarah Perencanaan Pembangunan di Desa",
            "pagu": 20000000.0,
            "pagu_indikatif": 20000000.0,
            "rincian": null,
            "kode_bl": "665.665.4418.18279",
            "kode_sbl": "665.665.4418.18279.59913",
            "kunci_bl": 1,
            "kunci_bl_rinci": 1,
            "user_created": "BAMBANG ABDUL MUTALIB, S.Pd, M.Pd",
            "created_date": "30-01-2025",
            "created_time": "10:36",
            "user_updated": "BAMBANG ABDUL MUTALIB, S.Pd, M.Pd",
            "updated_date": "24-03-2025",
            "updated_time": "08:40",
            "is_locked": 0
        },
        {
            "id_sub_bl": 61429,
            "id_daerah": 473,
            "tahun": 2026,
            "id_unit": 665,
            "id_skpd": 665,
            "created_user": 468146,
            "kode_skpd": "7.01.0.00.0.00.14.0000",
            "nama_skpd": "Kecamatan Napal Putih",
            "id_urusan": 17,
            "kode_urusan": "7",
            "nama_urusan": "UNSUR KEWILAYAHAN",
            "id_bidang_urusan": 243,
            "kode_bidang_urusan": "7.01",
            "nama_bidang_urusan": "KECAMATAN",
            "id_sub_skpd": 665,
            "kode_sub_skpd": "7.01.0.00.0.00.14.0000",
            "nama_sub_skpd": "Kecamatan Napal Putih",
            "set_pagu_user": 468146,
            "set_pagu_at": "Thu, 19 Jun 2025 11:21:43 GMT",
            "id_program": 4423,
            "kode_program": "7.01.06",
            "nama_program": "PROGRAM PEMBINAAN DAN PENGAWASAN PEMERINTAHAN DESA",
            "id_giat": 18290,
            "kode_giat": "7.01.06.2.01",
            "nama_giat": "Fasilitasi, Rekomendasi dan Koordinasi\n\nPembinaan dan Pengawasan Pemerintahan Desa",
            "pagu_giat": 100000000.0,
            "rinci_giat": null,
            "id_sub_giat": 59975,
            "kode_sub_giat": "7.01.06.2.01.0016",
            "nama_sub_giat": "Fasilitasi Penyusunan Program dan Pelaksanaan Pemberdayaan Masyarakat Desa",
            "pagu": 100000000.0,
            "pagu_indikatif": 100000000.0,
            "rincian": null,
            "kode_bl": "665.665.4423.18290",
            "kode_sbl": "665.665.4423.18290.59975",
            "kunci_bl": 1,
            "kunci_bl_rinci": 1,
            "user_created": "BAMBANG ABDUL MUTALIB, S.Pd, M.Pd",
            "created_date": "30-01-2025",
            "created_time": "10:52",
            "user_updated": "BAMBANG ABDUL MUTALIB, S.Pd, M.Pd",
            "updated_date": "24-03-2025",
            "updated_time": "08:41",
            "is_locked": 0
        },
        {
            "id_sub_bl": 61136,
            "id_daerah": 473,
            "tahun": 2026,
            "id_unit": 665,
            "id_skpd": 665,
            "created_user": 468146,
            "kode_skpd": "7.01.0.00.0.00.14.0000",
            "nama_skpd": "Kecamatan Napal Putih",
            "id_urusan": 17,
            "kode_urusan": "7",
            "nama_urusan": "UNSUR KEWILAYAHAN",
            "id_bidang_urusan": 243,
            "kode_bidang_urusan": "7.01",
            "nama_bidang_urusan": "KECAMATAN",
            "id_sub_skpd": 665,
            "kode_sub_skpd": "7.01.0.00.0.00.14.0000",
            "nama_sub_skpd": "Kecamatan Napal Putih",
            "set_pagu_user": 468146,
            "set_pagu_at": "Thu, 19 Jun 2025 11:21:43 GMT",
            "id_program": 4451,
            "kode_program": "7.01.01",
            "nama_program": "PROGRAM PENUNJANG URUSAN PEMERINTAHAN DAERAH KABUPATEN/KOTA",
            "id_giat": 18371,
            "kode_giat": "7.01.01.2.01",
            "nama_giat": "Perencanaan, Penganggaran, dan Evaluasi Kinerja Perangkat Daerah",
            "pagu_giat": 40500000.0,
            "rinci_giat": null,
            "id_sub_giat": 60589,
            "kode_sub_giat": "7.01.01.2.01.0001",
            "nama_sub_giat": "Penyusunan Dokumen Perencanaan Perangkat Daerah",
            "pagu": 25500000.0,
            "pagu_indikatif": 25500000.0,
            "rincian": null,
            "kode_bl": "665.665.4451.18371",
            "kode_sbl": "665.665.4451.18371.60589",
            "kunci_bl": 1,
            "kunci_bl_rinci": 1,
            "user_created": "BAMBANG ABDUL MUTALIB, S.Pd, M.Pd",
            "created_date": "30-01-2025",
            "created_time": "09:01",
            "user_updated": "BAMBANG ABDUL MUTALIB, S.Pd, M.Pd",
            "updated_date": "30-01-2025",
            "updated_time": "09:14",
            "is_locked": 0
        },
        {
            "id_sub_bl": 61160,
            "id_daerah": 473,
            "tahun": 2026,
            "id_unit": 665,
            "id_skpd": 665,
            "created_user": 468146,
            "kode_skpd": "7.01.0.00.0.00.14.0000",
            "nama_skpd": "Kecamatan Napal Putih",
            "id_urusan": 17,
            "kode_urusan": "7",
            "nama_urusan": "UNSUR KEWILAYAHAN",
            "id_bidang_urusan": 243,
            "kode_bidang_urusan": "7.01",
            "nama_bidang_urusan": "KECAMATAN",
            "id_sub_skpd": 665,
            "kode_sub_skpd": "7.01.0.00.0.00.14.0000",
            "nama_sub_skpd": "Kecamatan Napal Putih",
            "set_pagu_user": 468146,
            "set_pagu_at": "Thu, 19 Jun 2025 11:21:43 GMT",
            "id_program": 4451,
            "kode_program": "7.01.01",
            "nama_program": "PROGRAM PENUNJANG URUSAN PEMERINTAHAN DAERAH KABUPATEN/KOTA",
            "id_giat": 18371,
            "kode_giat": "7.01.01.2.01",
            "nama_giat": "Perencanaan, Penganggaran, dan Evaluasi Kinerja Perangkat Daerah",
            "pagu_giat": 40500000.0,
            "rinci_giat": null,
            "id_sub_giat": 60590,
            "kode_sub_giat": "7.01.01.2.01.0002",
            "nama_sub_giat": "Koordinasi dan Penyusunan Dokumen RKA-SKPD",
            "pagu": 2500000.0,
            "pagu_indikatif": 2500000.0,
            "rincian": null,
            "kode_bl": "665.665.4451.18371",
            "kode_sbl": "665.665.4451.18371.60590",
            "kunci_bl": 1,
            "kunci_bl_rinci": 1,
            "user_created": "BAMBANG ABDUL MUTALIB, S.Pd, M.Pd",
            "created_date": "30-01-2025",
            "created_time": "09:18",
            "user_updated": "BAMBANG ABDUL MUTALIB, S.Pd, M.Pd",
            "updated_date": "30-01-2025",
            "updated_time": "11:44",
            "is_locked": 0
        },
        {
            "id_sub_bl": 61172,
            "id_daerah": 473,
            "tahun": 2026,
            "id_unit": 665,
            "id_skpd": 665,
            "created_user": 468146,
            "kode_skpd": "7.01.0.00.0.00.14.0000",
            "nama_skpd": "Kecamatan Napal Putih",
            "id_urusan": 17,
            "kode_urusan": "7",
            "nama_urusan": "UNSUR KEWILAYAHAN",
            "id_bidang_urusan": 243,
            "kode_bidang_urusan": "7.01",
            "nama_bidang_urusan": "KECAMATAN",
            "id_sub_skpd": 665,
            "kode_sub_skpd": "7.01.0.00.0.00.14.0000",
            "nama_sub_skpd": "Kecamatan Napal Putih",
            "set_pagu_user": 468146,
            "set_pagu_at": "Thu, 19 Jun 2025 11:21:43 GMT",
            "id_program": 4451,
            "kode_program": "7.01.01",
            "nama_program": "PROGRAM PENUNJANG URUSAN PEMERINTAHAN DAERAH KABUPATEN/KOTA",
            "id_giat": 18371,
            "kode_giat": "7.01.01.2.01",
            "nama_giat": "Perencanaan, Penganggaran, dan Evaluasi Kinerja Perangkat Daerah",
            "pagu_giat": 40500000.0,
            "rinci_giat": null,
            "id_sub_giat": 60591,
            "kode_sub_giat": "7.01.01.2.01.0003",
            "nama_sub_giat": "Koordinasi dan Penyusunan Dokumen Perubahan RKA-SKPD",
            "pagu": 2500000.0,
            "pagu_indikatif": 2500000.0,
            "rincian": null,
            "kode_bl": "665.665.4451.18371",
            "kode_sbl": "665.665.4451.18371.60591",
            "kunci_bl": 1,
            "kunci_bl_rinci": 1,
            "user_created": "BAMBANG ABDUL MUTALIB, S.Pd, M.Pd",
            "created_date": "30-01-2025",
            "created_time": "09:21",
            "user_updated": "BAMBANG ABDUL MUTALIB, S.Pd, M.Pd",
            "updated_date": "30-01-2025",
            "updated_time": "11:45",
            "is_locked": 0
        },
        {
            "id_sub_bl": 61183,
            "id_daerah": 473,
            "tahun": 2026,
            "id_unit": 665,
            "id_skpd": 665,
            "created_user": 468146,
            "kode_skpd": "7.01.0.00.0.00.14.0000",
            "nama_skpd": "Kecamatan Napal Putih",
            "id_urusan": 17,
            "kode_urusan": "7",
            "nama_urusan": "UNSUR KEWILAYAHAN",
            "id_bidang_urusan": 243,
            "kode_bidang_urusan": "7.01",
            "nama_bidang_urusan": "KECAMATAN",
            "id_sub_skpd": 665,
            "kode_sub_skpd": "7.01.0.00.0.00.14.0000",
            "nama_sub_skpd": "Kecamatan Napal Putih",
            "set_pagu_user": 468146,
            "set_pagu_at": "Thu, 19 Jun 2025 11:21:43 GMT",
            "id_program": 4451,
            "kode_program": "7.01.01",
            "nama_program": "PROGRAM PENUNJANG URUSAN PEMERINTAHAN DAERAH KABUPATEN/KOTA",
            "id_giat": 18371,
            "kode_giat": "7.01.01.2.01",
            "nama_giat": "Perencanaan, Penganggaran, dan Evaluasi Kinerja Perangkat Daerah",
            "pagu_giat": 40500000.0,
            "rinci_giat": null,
            "id_sub_giat": 60592,
            "kode_sub_giat": "7.01.01.2.01.0004",
            "nama_sub_giat": "Koordinasi dan Penyusunan DPA-SKPD",
            "pagu": 2500000.0,
            "pagu_indikatif": 2500000.0,
            "rincian": null,
            "kode_bl": "665.665.4451.18371",
            "kode_sbl": "665.665.4451.18371.60592",
            "kunci_bl": 1,
            "kunci_bl_rinci": 1,
            "user_created": "BAMBANG ABDUL MUTALIB, S.Pd, M.Pd",
            "created_date": "30-01-2025",
            "created_time": "09:24",
            "user_updated": "BAMBANG ABDUL MUTALIB, S.Pd, M.Pd",
            "updated_date": "30-01-2025",
            "updated_time": "11:46",
            "is_locked": 0
        },
        {
            "id_sub_bl": 61191,
            "id_daerah": 473,
            "tahun": 2026,
            "id_unit": 665,
            "id_skpd": 665,
            "created_user": 468146,
            "kode_skpd": "7.01.0.00.0.00.14.0000",
            "nama_skpd": "Kecamatan Napal Putih",
            "id_urusan": 17,
            "kode_urusan": "7",
            "nama_urusan": "UNSUR KEWILAYAHAN",
            "id_bidang_urusan": 243,
            "kode_bidang_urusan": "7.01",
            "nama_bidang_urusan": "KECAMATAN",
            "id_sub_skpd": 665,
            "kode_sub_skpd": "7.01.0.00.0.00.14.0000",
            "nama_sub_skpd": "Kecamatan Napal Putih",
            "set_pagu_user": 468146,
            "set_pagu_at": "Thu, 19 Jun 2025 11:21:43 GMT",
            "id_program": 4451,
            "kode_program": "7.01.01",
            "nama_program": "PROGRAM PENUNJANG URUSAN PEMERINTAHAN DAERAH KABUPATEN/KOTA",
            "id_giat": 18371,
            "kode_giat": "7.01.01.2.01",
            "nama_giat": "Perencanaan, Penganggaran, dan Evaluasi Kinerja Perangkat Daerah",
            "pagu_giat": 40500000.0,
            "rinci_giat": null,
            "id_sub_giat": 60593,
            "kode_sub_giat": "7.01.01.2.01.0005",
            "nama_sub_giat": "Koordinasi dan Penyusunan Perubahan DPA- SKPD",
            "pagu": 2500000.0,
            "pagu_indikatif": 2500000.0,
            "rincian": null,
            "kode_bl": "665.665.4451.18371",
            "kode_sbl": "665.665.4451.18371.60593",
            "kunci_bl": 1,
            "kunci_bl_rinci": 1,
            "user_created": "BAMBANG ABDUL MUTALIB, S.Pd, M.Pd",
            "created_date": "30-01-2025",
            "created_time": "09:25",
            "user_updated": "BAMBANG ABDUL MUTALIB, S.Pd, M.Pd",
            "updated_date": "30-01-2025",
            "updated_time": "11:46",
            "is_locked": 0
        },
        {
            "id_sub_bl": 61205,
            "id_daerah": 473,
            "tahun": 2026,
            "id_unit": 665,
            "id_skpd": 665,
            "created_user": 468146,
            "kode_skpd": "7.01.0.00.0.00.14.0000",
            "nama_skpd": "Kecamatan Napal Putih",
            "id_urusan": 17,
            "kode_urusan": "7",
            "nama_urusan": "UNSUR KEWILAYAHAN",
            "id_bidang_urusan": 243,
            "kode_bidang_urusan": "7.01",
            "nama_bidang_urusan": "KECAMATAN",
            "id_sub_skpd": 665,
            "kode_sub_skpd": "7.01.0.00.0.00.14.0000",
            "nama_sub_skpd": "Kecamatan Napal Putih",
            "set_pagu_user": 468146,
            "set_pagu_at": "Thu, 19 Jun 2025 11:21:43 GMT",
            "id_program": 4451,
            "kode_program": "7.01.01",
            "nama_program": "PROGRAM PENUNJANG URUSAN PEMERINTAHAN DAERAH KABUPATEN/KOTA",
            "id_giat": 18371,
            "kode_giat": "7.01.01.2.01",
            "nama_giat": "Perencanaan, Penganggaran, dan Evaluasi Kinerja Perangkat Daerah",
            "pagu_giat": 40500000.0,
            "rinci_giat": null,
            "id_sub_giat": 60594,
            "kode_sub_giat": "7.01.01.2.01.0006",
            "nama_sub_giat": "Koordinasi dan Penyusunan Laporan Capaian Kinerja dan Ikhtisar Realisasi Kinerja SKPD",
            "pagu": 2500000.0,
            "pagu_indikatif": 2500000.0,
            "rincian": null,
            "kode_bl": "665.665.4451.18371",
            "kode_sbl": "665.665.4451.18371.60594",
            "kunci_bl": 1,
            "kunci_bl_rinci": 1,
            "user_created": "BAMBANG ABDUL MUTALIB, S.Pd, M.Pd",
            "created_date": "30-01-2025",
            "created_time": "09:30",
            "user_updated": "BAMBANG ABDUL MUTALIB, S.Pd, M.Pd",
            "updated_date": "30-01-2025",
            "updated_time": "09:33",
            "is_locked": 0
        },
        {
            "id_sub_bl": 61214,
            "id_daerah": 473,
            "tahun": 2026,
            "id_unit": 665,
            "id_skpd": 665,
            "created_user": 468146,
            "kode_skpd": "7.01.0.00.0.00.14.0000",
            "nama_skpd": "Kecamatan Napal Putih",
            "id_urusan": 17,
            "kode_urusan": "7",
            "nama_urusan": "UNSUR KEWILAYAHAN",
            "id_bidang_urusan": 243,
            "kode_bidang_urusan": "7.01",
            "nama_bidang_urusan": "KECAMATAN",
            "id_sub_skpd": 665,
            "kode_sub_skpd": "7.01.0.00.0.00.14.0000",
            "nama_sub_skpd": "Kecamatan Napal Putih",
            "set_pagu_user": 468146,
            "set_pagu_at": "Thu, 19 Jun 2025 11:21:43 GMT",
            "id_program": 4451,
            "kode_program": "7.01.01",
            "nama_program": "PROGRAM PENUNJANG URUSAN PEMERINTAHAN DAERAH KABUPATEN/KOTA",
            "id_giat": 18371,
            "kode_giat": "7.01.01.2.01",
            "nama_giat": "Perencanaan, Penganggaran, dan Evaluasi Kinerja Perangkat Daerah",
            "pagu_giat": 40500000.0,
            "rinci_giat": null,
            "id_sub_giat": 60595,
            "kode_sub_giat": "7.01.01.2.01.0007",
            "nama_sub_giat": "Evaluasi Kinerja Perangkat Daerah",
            "pagu": 2500000.0,
            "pagu_indikatif": 2500000.0,
            "rincian": null,
            "kode_bl": "665.665.4451.18371",
            "kode_sbl": "665.665.4451.18371.60595",
            "kunci_bl": 1,
            "kunci_bl_rinci": 1,
            "user_created": "BAMBANG ABDUL MUTALIB, S.Pd, M.Pd",
            "created_date": "30-01-2025",
            "created_time": "09:32",
            "user_updated": null,
            "updated_date": null,
            "updated_time": null,
            "is_locked": 0
        },
        {
            "id_sub_bl": 61238,
            "id_daerah": 473,
            "tahun": 2026,
            "id_unit": 665,
            "id_skpd": 665,
            "created_user": 468146,
            "kode_skpd": "7.01.0.00.0.00.14.0000",
            "nama_skpd": "Kecamatan Napal Putih",
            "id_urusan": 17,
            "kode_urusan": "7",
            "nama_urusan": "UNSUR KEWILAYAHAN",
            "id_bidang_urusan": 243,
            "kode_bidang_urusan": "7.01",
            "nama_bidang_urusan": "KECAMATAN",
            "id_sub_skpd": 665,
            "kode_sub_skpd": "7.01.0.00.0.00.14.0000",
            "nama_sub_skpd": "Kecamatan Napal Putih",
            "set_pagu_user": 468146,
            "set_pagu_at": "Thu, 19 Jun 2025 11:21:43 GMT",
            "id_program": 4451,
            "kode_program": "7.01.01",
            "nama_program": "PROGRAM PENUNJANG URUSAN PEMERINTAHAN DAERAH KABUPATEN/KOTA",
            "id_giat": 18372,
            "kode_giat": "7.01.01.2.02",
            "nama_giat": "Administrasi Keuangan Perangkat Daerah",
            "pagu_giat": 1497382400.0,
            "rinci_giat": null,
            "id_sub_giat": 60602,
            "kode_sub_giat": "7.01.01.2.02.0001",
            "nama_sub_giat": "Penyediaan Gaji dan Tunjangan ASN",
            "pagu": 1456982400.0,
            "pagu_indikatif": 1456982400.0,
            "rincian": null,
            "kode_bl": "665.665.4451.18372",
            "kode_sbl": "665.665.4451.18372.60602",
            "kunci_bl": 1,
            "kunci_bl_rinci": 1,
            "user_created": "BAMBANG ABDUL MUTALIB, S.Pd, M.Pd",
            "created_date": "30-01-2025",
            "created_time": "09:38",
            "user_updated": "BAMBANG ABDUL MUTALIB, S.Pd, M.Pd",
            "updated_date": "25-03-2025",
            "updated_time": "08:24",
            "is_locked": 0
        },
        {
            "id_sub_bl": 61261,
            "id_daerah": 473,
            "tahun": 2026,
            "id_unit": 665,
            "id_skpd": 665,
            "created_user": 468146,
            "kode_skpd": "7.01.0.00.0.00.14.0000",
            "nama_skpd": "Kecamatan Napal Putih",
            "id_urusan": 17,
            "kode_urusan": "7",
            "nama_urusan": "UNSUR KEWILAYAHAN",
            "id_bidang_urusan": 243,
            "kode_bidang_urusan": "7.01",
            "nama_bidang_urusan": "KECAMATAN",
            "id_sub_skpd": 665,
            "kode_sub_skpd": "7.01.0.00.0.00.14.0000",
            "nama_sub_skpd": "Kecamatan Napal Putih",
            "set_pagu_user": 468146,
            "set_pagu_at": "Thu, 19 Jun 2025 11:21:43 GMT",
            "id_program": 4451,
            "kode_program": "7.01.01",
            "nama_program": "PROGRAM PENUNJANG URUSAN PEMERINTAHAN DAERAH KABUPATEN/KOTA",
            "id_giat": 18372,
            "kode_giat": "7.01.01.2.02",
            "nama_giat": "Administrasi Keuangan Perangkat Daerah",
            "pagu_giat": 1497382400.0,
            "rinci_giat": null,
            "id_sub_giat": 60604,
            "kode_sub_giat": "7.01.01.2.02.0003",
            "nama_sub_giat": "Pelaksanaan Penatausahaan dan\r\n\nPengujian/Verifikasi Keuangan SKPD",
            "pagu": 35400000.0,
            "pagu_indikatif": 35400000.0,
            "rincian": null,
            "kode_bl": "665.665.4451.18372",
            "kode_sbl": "665.665.4451.18372.60604",
            "kunci_bl": 1,
            "kunci_bl_rinci": 1,
            "user_created": "BAMBANG ABDUL MUTALIB, S.Pd, M.Pd",
            "created_date": "30-01-2025",
            "created_time": "09:46",
            "user_updated": "BAMBANG ABDUL MUTALIB, S.Pd, M.Pd",
            "updated_date": "30-01-2025",
            "updated_time": "09:46",
            "is_locked": 0
        },
        {
            "id_sub_bl": 61267,
            "id_daerah": 473,
            "tahun": 2026,
            "id_unit": 665,
            "id_skpd": 665,
            "created_user": 468146,
            "kode_skpd": "7.01.0.00.0.00.14.0000",
            "nama_skpd": "Kecamatan Napal Putih",
            "id_urusan": 17,
            "kode_urusan": "7",
            "nama_urusan": "UNSUR KEWILAYAHAN",
            "id_bidang_urusan": 243,
            "kode_bidang_urusan": "7.01",
            "nama_bidang_urusan": "KECAMATAN",
            "id_sub_skpd": 665,
            "kode_sub_skpd": "7.01.0.00.0.00.14.0000",
            "nama_sub_skpd": "Kecamatan Napal Putih",
            "set_pagu_user": 468146,
            "set_pagu_at": "Thu, 19 Jun 2025 11:21:43 GMT",
            "id_program": 4451,
            "kode_program": "7.01.01",
            "nama_program": "PROGRAM PENUNJANG URUSAN PEMERINTAHAN DAERAH KABUPATEN/KOTA",
            "id_giat": 18372,
            "kode_giat": "7.01.01.2.02",
            "nama_giat": "Administrasi Keuangan Perangkat Daerah",
            "pagu_giat": 1497382400.0,
            "rinci_giat": null,
            "id_sub_giat": 60606,
            "kode_sub_giat": "7.01.01.2.02.0005",
            "nama_sub_giat": "Koordinasi dan Penyusunan Laporan Keuangan Akhir Tahun SKPD",
            "pagu": 2500000.0,
            "pagu_indikatif": 2500000.0,
            "rincian": null,
            "kode_bl": "665.665.4451.18372",
            "kode_sbl": "665.665.4451.18372.60606",
            "kunci_bl": 1,
            "kunci_bl_rinci": 1,
            "user_created": "BAMBANG ABDUL MUTALIB, S.Pd, M.Pd",
            "created_date": "30-01-2025",
            "created_time": "09:49",
            "user_updated": "BAMBANG ABDUL MUTALIB, S.Pd, M.Pd",
            "updated_date": "30-01-2025",
            "updated_time": "11:47",
            "is_locked": 0
        },
        {
            "id_sub_bl": 61283,
            "id_daerah": 473,
            "tahun": 2026,
            "id_unit": 665,
            "id_skpd": 665,
            "created_user": 468146,
            "kode_skpd": "7.01.0.00.0.00.14.0000",
            "nama_skpd": "Kecamatan Napal Putih",
            "id_urusan": 17,
            "kode_urusan": "7",
            "nama_urusan": "UNSUR KEWILAYAHAN",
            "id_bidang_urusan": 243,
            "kode_bidang_urusan": "7.01",
            "nama_bidang_urusan": "KECAMATAN",
            "id_sub_skpd": 665,
            "kode_sub_skpd": "7.01.0.00.0.00.14.0000",
            "nama_sub_skpd": "Kecamatan Napal Putih",
            "set_pagu_user": 468146,
            "set_pagu_at": "Thu, 19 Jun 2025 11:21:43 GMT",
            "id_program": 4451,
            "kode_program": "7.01.01",
            "nama_program": "PROGRAM PENUNJANG URUSAN PEMERINTAHAN DAERAH KABUPATEN/KOTA",
            "id_giat": 18372,
            "kode_giat": "7.01.01.2.02",
            "nama_giat": "Administrasi Keuangan Perangkat Daerah",
            "pagu_giat": 1497382400.0,
            "rinci_giat": null,
            "id_sub_giat": 60608,
            "kode_sub_giat": "7.01.01.2.02.0007",
            "nama_sub_giat": "Koordinasi dan Penyusunan Laporan Keuangan Bulanan/ Triwulanan/ Semesteran SKPD",
            "pagu": 2500000.0,
            "pagu_indikatif": 2500000.0,
            "rincian": null,
            "kode_bl": "665.665.4451.18372",
            "kode_sbl": "665.665.4451.18372.60608",
            "kunci_bl": 1,
            "kunci_bl_rinci": 1,
            "user_created": "BAMBANG ABDUL MUTALIB, S.Pd, M.Pd",
            "created_date": "30-01-2025",
            "created_time": "09:57",
            "user_updated": "BAMBANG ABDUL MUTALIB, S.Pd, M.Pd",
            "updated_date": "30-01-2025",
            "updated_time": "11:56",
            "is_locked": 0
        },
        {
            "id_sub_bl": 61294,
            "id_daerah": 473,
            "tahun": 2026,
            "id_unit": 665,
            "id_skpd": 665,
            "created_user": 468146,
            "kode_skpd": "7.01.0.00.0.00.14.0000",
            "nama_skpd": "Kecamatan Napal Putih",
            "id_urusan": 17,
            "kode_urusan": "7",
            "nama_urusan": "UNSUR KEWILAYAHAN",
            "id_bidang_urusan": 243,
            "kode_bidang_urusan": "7.01",
            "nama_bidang_urusan": "KECAMATAN",
            "id_sub_skpd": 665,
            "kode_sub_skpd": "7.01.0.00.0.00.14.0000",
            "nama_sub_skpd": "Kecamatan Napal Putih",
            "set_pagu_user": 468146,
            "set_pagu_at": "Thu, 19 Jun 2025 11:21:43 GMT",
            "id_program": 4451,
            "kode_program": "7.01.01",
            "nama_program": "PROGRAM PENUNJANG URUSAN PEMERINTAHAN DAERAH KABUPATEN/KOTA",
            "id_giat": 18373,
            "kode_giat": "7.01.01.2.03",
            "nama_giat": "Administrasi Barang Milik Daerah pada Perangkat Daerah",
            "pagu_giat": 19700000.0,
            "rinci_giat": null,
            "id_sub_giat": 60615,
            "kode_sub_giat": "7.01.01.2.03.0006",
            "nama_sub_giat": "Penatausahaan Barang Milik Daerah pada SKPD",
            "pagu": 19700000.0,
            "pagu_indikatif": 19700000.0,
            "rincian": null,
            "kode_bl": "665.665.4451.18373",
            "kode_sbl": "665.665.4451.18373.60615",
            "kunci_bl": 1,
            "kunci_bl_rinci": 1,
            "user_created": "BAMBANG ABDUL MUTALIB, S.Pd, M.Pd",
            "created_date": "30-01-2025",
            "created_time": "10:02",
            "user_updated": null,
            "updated_date": null,
            "updated_time": null,
            "is_locked": 0
        },
        {
            "id_sub_bl": 61301,
            "id_daerah": 473,
            "tahun": 2026,
            "id_unit": 665,
            "id_skpd": 665,
            "created_user": 468146,
            "kode_skpd": "7.01.0.00.0.00.14.0000",
            "nama_skpd": "Kecamatan Napal Putih",
            "id_urusan": 17,
            "kode_urusan": "7",
            "nama_urusan": "UNSUR KEWILAYAHAN",
            "id_bidang_urusan": 243,
            "kode_bidang_urusan": "7.01",
            "nama_bidang_urusan": "KECAMATAN",
            "id_sub_skpd": 665,
            "kode_sub_skpd": "7.01.0.00.0.00.14.0000",
            "nama_sub_skpd": "Kecamatan Napal Putih",
            "set_pagu_user": 468146,
            "set_pagu_at": "Thu, 19 Jun 2025 11:21:43 GMT",
            "id_program": 4451,
            "kode_program": "7.01.01",
            "nama_program": "PROGRAM PENUNJANG URUSAN PEMERINTAHAN DAERAH KABUPATEN/KOTA",
            "id_giat": 18376,
            "kode_giat": "7.01.01.2.06",
            "nama_giat": "Administrasi Umum Perangkat Daerah",
            "pagu_giat": 38380000.0,
            "rinci_giat": null,
            "id_sub_giat": 60635,
            "kode_sub_giat": "7.01.01.2.06.0001",
            "nama_sub_giat": "Penyediaan Komponen Instalasi\r\n\nListrik/Penerangan Bangunan Kantor",
            "pagu": 1000000.0,
            "pagu_indikatif": 1000000.0,
            "rincian": null,
            "kode_bl": "665.665.4451.18376",
            "kode_sbl": "665.665.4451.18376.60635",
            "kunci_bl": 1,
            "kunci_bl_rinci": 1,
            "user_created": "BAMBANG ABDUL MUTALIB, S.Pd, M.Pd",
            "created_date": "30-01-2025",
            "created_time": "10:04",
            "user_updated": null,
            "updated_date": null,
            "updated_time": null,
            "is_locked": 0
        },
        {
            "id_sub_bl": 61311,
            "id_daerah": 473,
            "tahun": 2026,
            "id_unit": 665,
            "id_skpd": 665,
            "created_user": 468146,
            "kode_skpd": "7.01.0.00.0.00.14.0000",
            "nama_skpd": "Kecamatan Napal Putih",
            "id_urusan": 17,
            "kode_urusan": "7",
            "nama_urusan": "UNSUR KEWILAYAHAN",
            "id_bidang_urusan": 243,
            "kode_bidang_urusan": "7.01",
            "nama_bidang_urusan": "KECAMATAN",
            "id_sub_skpd": 665,
            "kode_sub_skpd": "7.01.0.00.0.00.14.0000",
            "nama_sub_skpd": "Kecamatan Napal Putih",
            "set_pagu_user": 468146,
            "set_pagu_at": "Thu, 19 Jun 2025 11:21:43 GMT",
            "id_program": 4451,
            "kode_program": "7.01.01",
            "nama_program": "PROGRAM PENUNJANG URUSAN PEMERINTAHAN DAERAH KABUPATEN/KOTA",
            "id_giat": 18376,
            "kode_giat": "7.01.01.2.06",
            "nama_giat": "Administrasi Umum Perangkat Daerah",
            "pagu_giat": 38380000.0,
            "rinci_giat": null,
            "id_sub_giat": 60638,
            "kode_sub_giat": "7.01.01.2.06.0004",
            "nama_sub_giat": "Penyediaan Bahan Logistik Kantor",
            "pagu": 5000000.0,
            "pagu_indikatif": 5000000.0,
            "rincian": null,
            "kode_bl": "665.665.4451.18376",
            "kode_sbl": "665.665.4451.18376.60638",
            "kunci_bl": 1,
            "kunci_bl_rinci": 1,
            "user_created": "BAMBANG ABDUL MUTALIB, S.Pd, M.Pd",
            "created_date": "30-01-2025",
            "created_time": "10:07",
            "user_updated": "BAMBANG ABDUL MUTALIB, S.Pd, M.Pd",
            "updated_date": "30-01-2025",
            "updated_time": "10:42",
            "is_locked": 0
        },
        {
            "id_sub_bl": 61324,
            "id_daerah": 473,
            "tahun": 2026,
            "id_unit": 665,
            "id_skpd": 665,
            "created_user": 468146,
            "kode_skpd": "7.01.0.00.0.00.14.0000",
            "nama_skpd": "Kecamatan Napal Putih",
            "id_urusan": 17,
            "kode_urusan": "7",
            "nama_urusan": "UNSUR KEWILAYAHAN",
            "id_bidang_urusan": 243,
            "kode_bidang_urusan": "7.01",
            "nama_bidang_urusan": "KECAMATAN",
            "id_sub_skpd": 665,
            "kode_sub_skpd": "7.01.0.00.0.00.14.0000",
            "nama_sub_skpd": "Kecamatan Napal Putih",
            "set_pagu_user": 468146,
            "set_pagu_at": "Thu, 19 Jun 2025 11:21:43 GMT",
            "id_program": 4451,
            "kode_program": "7.01.01",
            "nama_program": "PROGRAM PENUNJANG URUSAN PEMERINTAHAN DAERAH KABUPATEN/KOTA",
            "id_giat": 18376,
            "kode_giat": "7.01.01.2.06",
            "nama_giat": "Administrasi Umum Perangkat Daerah",
            "pagu_giat": 38380000.0,
            "rinci_giat": null,
            "id_sub_giat": 60639,
            "kode_sub_giat": "7.01.01.2.06.0005",
            "nama_sub_giat": "Penyediaan Barang Cetakan dan Penggandaan",
            "pagu": 1000000.0,
            "pagu_indikatif": 1000000.0,
            "rincian": null,
            "kode_bl": "665.665.4451.18376",
            "kode_sbl": "665.665.4451.18376.60639",
            "kunci_bl": 1,
            "kunci_bl_rinci": 1,
            "user_created": "BAMBANG ABDUL MUTALIB, S.Pd, M.Pd",
            "created_date": "30-01-2025",
            "created_time": "10:10",
            "user_updated": null,
            "updated_date": null,
            "updated_time": null,
            "is_locked": 0
        },
        {
            "id_sub_bl": 61335,
            "id_daerah": 473,
            "tahun": 2026,
            "id_unit": 665,
            "id_skpd": 665,
            "created_user": 468146,
            "kode_skpd": "7.01.0.00.0.00.14.0000",
            "nama_skpd": "Kecamatan Napal Putih",
            "id_urusan": 17,
            "kode_urusan": "7",
            "nama_urusan": "UNSUR KEWILAYAHAN",
            "id_bidang_urusan": 243,
            "kode_bidang_urusan": "7.01",
            "nama_bidang_urusan": "KECAMATAN",
            "id_sub_skpd": 665,
            "kode_sub_skpd": "7.01.0.00.0.00.14.0000",
            "nama_sub_skpd": "Kecamatan Napal Putih",
            "set_pagu_user": 468146,
            "set_pagu_at": "Thu, 19 Jun 2025 11:21:43 GMT",
            "id_program": 4451,
            "kode_program": "7.01.01",
            "nama_program": "PROGRAM PENUNJANG URUSAN PEMERINTAHAN DAERAH KABUPATEN/KOTA",
            "id_giat": 18376,
            "kode_giat": "7.01.01.2.06",
            "nama_giat": "Administrasi Umum Perangkat Daerah",
            "pagu_giat": 38380000.0,
            "rinci_giat": null,
            "id_sub_giat": 60640,
            "kode_sub_giat": "7.01.01.2.06.0006",
            "nama_sub_giat": "Penyediaan Bahan Bacaan dan Peraturan Perundang-undangan",
            "pagu": 1380000.0,
            "pagu_indikatif": 1380000.0,
            "rincian": null,
            "kode_bl": "665.665.4451.18376",
            "kode_sbl": "665.665.4451.18376.60640",
            "kunci_bl": 1,
            "kunci_bl_rinci": 1,
            "user_created": "BAMBANG ABDUL MUTALIB, S.Pd, M.Pd",
            "created_date": "30-01-2025",
            "created_time": "10:13",
            "user_updated": null,
            "updated_date": null,
            "updated_time": null,
            "is_locked": 0
        },
        {
            "id_sub_bl": 61344,
            "id_daerah": 473,
            "tahun": 2026,
            "id_unit": 665,
            "id_skpd": 665,
            "created_user": 468146,
            "kode_skpd": "7.01.0.00.0.00.14.0000",
            "nama_skpd": "Kecamatan Napal Putih",
            "id_urusan": 17,
            "kode_urusan": "7",
            "nama_urusan": "UNSUR KEWILAYAHAN",
            "id_bidang_urusan": 243,
            "kode_bidang_urusan": "7.01",
            "nama_bidang_urusan": "KECAMATAN",
            "id_sub_skpd": 665,
            "kode_sub_skpd": "7.01.0.00.0.00.14.0000",
            "nama_sub_skpd": "Kecamatan Napal Putih",
            "set_pagu_user": 468146,
            "set_pagu_at": "Thu, 19 Jun 2025 11:21:43 GMT",
            "id_program": 4451,
            "kode_program": "7.01.01",
            "nama_program": "PROGRAM PENUNJANG URUSAN PEMERINTAHAN DAERAH KABUPATEN/KOTA",
            "id_giat": 18376,
            "kode_giat": "7.01.01.2.06",
            "nama_giat": "Administrasi Umum Perangkat Daerah",
            "pagu_giat": 38380000.0,
            "rinci_giat": null,
            "id_sub_giat": 60643,
            "kode_sub_giat": "7.01.01.2.06.0009",
            "nama_sub_giat": "Penyelenggaraan Rapat Koordinasi dan Konsultasi SKPD",
            "pagu": 30000000.0,
            "pagu_indikatif": 30000000.0,
            "rincian": null,
            "kode_bl": "665.665.4451.18376",
            "kode_sbl": "665.665.4451.18376.60643",
            "kunci_bl": 1,
            "kunci_bl_rinci": 1,
            "user_created": "BAMBANG ABDUL MUTALIB, S.Pd, M.Pd",
            "created_date": "30-01-2025",
            "created_time": "10:15",
            "user_updated": "BAMBANG ABDUL MUTALIB, S.Pd, M.Pd",
            "updated_date": "24-03-2025",
            "updated_time": "08:46",
            "is_locked": 0
        },
        {
            "id_sub_bl": 61316,
            "id_daerah": 473,
            "tahun": 2026,
            "id_unit": 665,
            "id_skpd": 665,
            "created_user": 468146,
            "kode_skpd": "7.01.0.00.0.00.14.0000",
            "nama_skpd": "Kecamatan Napal Putih",
            "id_urusan": 17,
            "kode_urusan": "7",
            "nama_urusan": "UNSUR KEWILAYAHAN",
            "id_bidang_urusan": 243,
            "kode_bidang_urusan": "7.01",
            "nama_bidang_urusan": "KECAMATAN",
            "id_sub_skpd": 665,
            "kode_sub_skpd": "7.01.0.00.0.00.14.0000",
            "nama_sub_skpd": "Kecamatan Napal Putih",
            "set_pagu_user": 468146,
            "set_pagu_at": "Thu, 19 Jun 2025 11:21:43 GMT",
            "id_program": 4451,
            "kode_program": "7.01.01",
            "nama_program": "PROGRAM PENUNJANG URUSAN PEMERINTAHAN DAERAH KABUPATEN/KOTA",
            "id_giat": 18377,
            "kode_giat": "7.01.01.2.07",
            "nama_giat": "Pengadaan Barang Milik Daerah Penunjang Urusan Pemerintah Daerah",
            "pagu_giat": 59530153.0,
            "rinci_giat": null,
            "id_sub_giat": 60651,
            "kode_sub_giat": "7.01.01.2.07.0006",
            "nama_sub_giat": "Pengadaan Peralatan dan Mesin Lainnya",
            "pagu": 33530153.0,
            "pagu_indikatif": 33530153.0,
            "rincian": null,
            "kode_bl": "665.665.4451.18377",
            "kode_sbl": "665.665.4451.18377.60651",
            "kunci_bl": 1,
            "kunci_bl_rinci": 1,
            "user_created": "BAMBANG ABDUL MUTALIB, S.Pd, M.Pd",
            "created_date": "30-01-2025",
            "created_time": "10:08",
            "user_updated": "BAMBANG ABDUL MUTALIB, S.Pd, M.Pd",
            "updated_date": "19-06-2025",
            "updated_time": "11:14",
            "is_locked": 0
        },
        {
            "id_sub_bl": 61371,
            "id_daerah": 473,
            "tahun": 2026,
            "id_unit": 665,
            "id_skpd": 665,
            "created_user": 468146,
            "kode_skpd": "7.01.0.00.0.00.14.0000",
            "nama_skpd": "Kecamatan Napal Putih",
            "id_urusan": 17,
            "kode_urusan": "7",
            "nama_urusan": "UNSUR KEWILAYAHAN",
            "id_bidang_urusan": 243,
            "kode_bidang_urusan": "7.01",
            "nama_bidang_urusan": "KECAMATAN",
            "id_sub_skpd": 665,
            "kode_sub_skpd": "7.01.0.00.0.00.14.0000",
            "nama_sub_skpd": "Kecamatan Napal Putih",
            "set_pagu_user": 468146,
            "set_pagu_at": "Thu, 19 Jun 2025 11:21:43 GMT",
            "id_program": 4451,
            "kode_program": "7.01.01",
            "nama_program": "PROGRAM PENUNJANG URUSAN PEMERINTAHAN DAERAH KABUPATEN/KOTA",
            "id_giat": 18378,
            "kode_giat": "7.01.01.2.08",
            "nama_giat": "Penyediaan Jasa Penunjang Urusan Pemerintahan Daerah",
            "pagu_giat": 56600000.0,
            "rinci_giat": null,
            "id_sub_giat": 60660,
            "kode_sub_giat": "7.01.01.2.08.0004",
            "nama_sub_giat": "Penyediaan Jasa Pelayanan Umum Kantor",
            "pagu": 56600000.0,
            "pagu_indikatif": 56600000.0,
            "rincian": null,
            "kode_bl": "665.665.4451.18378",
            "kode_sbl": "665.665.4451.18378.60660",
            "kunci_bl": 1,
            "kunci_bl_rinci": 1,
            "user_created": "BAMBANG ABDUL MUTALIB, S.Pd, M.Pd",
            "created_date": "30-01-2025",
            "created_time": "10:27",
            "user_updated": null,
            "updated_date": null,
            "updated_time": null,
            "is_locked": 0
        },
        {
            "id_sub_bl": 61382,
            "id_daerah": 473,
            "tahun": 2026,
            "id_unit": 665,
            "id_skpd": 665,
            "created_user": 468146,
            "kode_skpd": "7.01.0.00.0.00.14.0000",
            "nama_skpd": "Kecamatan Napal Putih",
            "id_urusan": 17,
            "kode_urusan": "7",
            "nama_urusan": "UNSUR KEWILAYAHAN",
            "id_bidang_urusan": 243,
            "kode_bidang_urusan": "7.01",
            "nama_bidang_urusan": "KECAMATAN",
            "id_sub_skpd": 665,
            "kode_sub_skpd": "7.01.0.00.0.00.14.0000",
            "nama_sub_skpd": "Kecamatan Napal Putih",
            "set_pagu_user": 468146,
            "set_pagu_at": "Thu, 19 Jun 2025 11:21:43 GMT",
            "id_program": 4451,
            "kode_program": "7.01.01",
            "nama_program": "PROGRAM PENUNJANG URUSAN PEMERINTAHAN DAERAH KABUPATEN/KOTA",
            "id_giat": 18379,
            "kode_giat": "7.01.01.2.09",
            "nama_giat": "Pemeliharaan Barang Milik Daerah Penunjang Urusan Pemerintahan Daerah",
            "pagu_giat": 115000000.0,
            "rinci_giat": null,
            "id_sub_giat": 60662,
            "kode_sub_giat": "7.01.01.2.09.0002",
            "nama_sub_giat": "Penyediaan Jasa Pemeliharaan, Biaya Pemeliharaan, Pajak dan Perizinan Kendaraan Dinas Operasional atau Lapangan",
            "pagu": 10000000.0,
            "pagu_indikatif": 10000000.0,
            "rincian": null,
            "kode_bl": "665.665.4451.18379",
            "kode_sbl": "665.665.4451.18379.60662",
            "kunci_bl": 1,
            "kunci_bl_rinci": 1,
            "user_created": "BAMBANG ABDUL MUTALIB, S.Pd, M.Pd",
            "created_date": "30-01-2025",
            "created_time": "10:31",
            "user_updated": "BAMBANG ABDUL MUTALIB, S.Pd, M.Pd",
            "updated_date": "30-01-2025",
            "updated_time": "10:45",
            "is_locked": 0
        },
        {
            "id_sub_bl": 76056,
            "id_daerah": 473,
            "tahun": 2026,
            "id_unit": 665,
            "id_skpd": 665,
            "created_user": 468146,
            "kode_skpd": "7.01.0.00.0.00.14.0000",
            "nama_skpd": "Kecamatan Napal Putih",
            "id_urusan": 17,
            "kode_urusan": "7",
            "nama_urusan": "UNSUR KEWILAYAHAN",
            "id_bidang_urusan": 243,
            "kode_bidang_urusan": "7.01",
            "nama_bidang_urusan": "KECAMATAN",
            "id_sub_skpd": 665,
            "kode_sub_skpd": "7.01.0.00.0.00.14.0000",
            "nama_sub_skpd": "Kecamatan Napal Putih",
            "set_pagu_user": 468146,
            "set_pagu_at": "Thu, 19 Jun 2025 11:21:43 GMT",
            "id_program": 4451,
            "kode_program": "7.01.01",
            "nama_program": "PROGRAM PENUNJANG URUSAN PEMERINTAHAN DAERAH KABUPATEN/KOTA",
            "id_giat": 18379,
            "kode_giat": "7.01.01.2.09",
            "nama_giat": "Pemeliharaan Barang Milik Daerah Penunjang Urusan Pemerintahan Daerah",
            "pagu_giat": 115000000.0,
            "rinci_giat": null,
            "id_sub_giat": 60666,
            "kode_sub_giat": "7.01.01.2.09.0006",
            "nama_sub_giat": "Pemeliharaan Peralatan dan Mesin Lainnya",
            "pagu": 5000000.0,
            "pagu_indikatif": 5000000.0,
            "rincian": null,
            "kode_bl": "665.665.4451.18379",
            "kode_sbl": "665.665.4451.18379.60666",
            "kunci_bl": 1,
            "kunci_bl_rinci": 1,
            "user_created": "BAMBANG ABDUL MUTALIB, S.Pd, M.Pd",
            "created_date": "19-06-2025",
            "created_time": "11:18",
            "user_updated": null,
            "updated_date": null,
            "updated_time": null,
            "is_locked": 0
        },
        {
            "id_sub_bl": 61422,
            "id_daerah": 473,
            "tahun": 2026,
            "id_unit": 665,
            "id_skpd": 665,
            "created_user": 468146,
            "kode_skpd": "7.01.0.00.0.00.14.0000",
            "nama_skpd": "Kecamatan Napal Putih",
            "id_urusan": 17,
            "kode_urusan": "7",
            "nama_urusan": "UNSUR KEWILAYAHAN",
            "id_bidang_urusan": 243,
            "kode_bidang_urusan": "7.01",
            "nama_bidang_urusan": "KECAMATAN",
            "id_sub_skpd": 665,
            "kode_sub_skpd": "7.01.0.00.0.00.14.0000",
            "nama_sub_skpd": "Kecamatan Napal Putih",
            "set_pagu_user": 468146,
            "set_pagu_at": "Thu, 19 Jun 2025 11:21:43 GMT",
            "id_program": 4451,
            "kode_program": "7.01.01",
            "nama_program": "PROGRAM PENUNJANG URUSAN PEMERINTAHAN DAERAH KABUPATEN/KOTA",
            "id_giat": 18379,
            "kode_giat": "7.01.01.2.09",
            "nama_giat": "Pemeliharaan Barang Milik Daerah Penunjang Urusan Pemerintahan Daerah",
            "pagu_giat": 115000000.0,
            "rinci_giat": null,
            "id_sub_giat": 60669,
            "kode_sub_giat": "7.01.01.2.09.0009",
            "nama_sub_giat": "Pemeliharaan/Rehabilitasi Gedung Kantor dan Bangunan Lainnya",
            "pagu": 100000000.0,
            "pagu_indikatif": 100000000.0,
            "rincian": null,
            "kode_bl": "665.665.4451.18379",
            "kode_sbl": "665.665.4451.18379.60669",
            "kunci_bl": 1,
            "kunci_bl_rinci": 1,
            "user_created": "BAMBANG ABDUL MUTALIB, S.Pd, M.Pd",
            "created_date": "30-01-2025",
            "created_time": "10:50",
            "user_updated": "BAMBANG ABDUL MUTALIB, S.Pd, M.Pd",
            "updated_date": "24-03-2025",
            "updated_time": "08:40",
            "is_locked": 0
        },
        {
            "id_sub_bl": 76054,
            "id_daerah": 473,
            "tahun": 2026,
            "id_unit": 665,
            "id_skpd": 665,
            "created_user": 468146,
            "kode_skpd": "7.01.0.00.0.00.14.0000",
            "nama_skpd": "Kecamatan Napal Putih",
            "id_urusan": 20,
            "kode_urusan": "X",
            "nama_urusan": "NON URUSAN",
            "id_bidang_urusan": 251,
            "kode_bidang_urusan": "X.XX",
            "nama_bidang_urusan": "URUSAN PEMERINTAHAN BIDANG XX",
            "id_sub_skpd": 665,
            "kode_sub_skpd": "7.01.0.00.0.00.14.0000",
            "nama_sub_skpd": "Kecamatan Napal Putih",
            "set_pagu_user": 468146,
            "set_pagu_at": "Thu, 19 Jun 2025 11:21:43 GMT",
            "id_program": 4451,
            "kode_program": "X.XX.01",
            "nama_program": "PROGRAM PENUNJANG URUSAN PEMERINTAHAN DAERAH KABUPATEN/KOTA",
            "id_giat": 18375,
            "kode_giat": "X.XX.01.2.05",
            "nama_giat": "Administrasi Kepegawaian Perangkat Daerah",
            "pagu_giat": 25000000.0,
            "rinci_giat": null,
            "id_sub_giat": 60632,
            "kode_sub_giat": "X.XX.01.2.05.0009",
            "nama_sub_giat": "Pendidikan dan Pelatihan Pegawai Berdasarkan Tugas dan Fungsi",
            "pagu": 25000000.0,
            "pagu_indikatif": 25000000.0,
            "rincian": null,
            "kode_bl": "665.665.4451.18375",
            "kode_sbl": "665.665.4451.18375.60632",
            "kunci_bl": 1,
            "kunci_bl_rinci": 1,
            "user_created": "BAMBANG ABDUL MUTALIB, S.Pd, M.Pd",
            "created_date": "19-06-2025",
            "created_time": "10:22",
            "user_updated": null,
            "updated_date": null,
            "updated_time": null,
            "is_locked": 0
        }
    ]