[
        {
            "id_sub_bl": 73266,
            "id_daerah": 473,
            "tahun": 2026,
            "id_unit": 645,
            "id_skpd": 645,
            "created_user": 1657,
            "kode_skpd": "7.01.0.00.0.00.15.0000",
            "nama_skpd": "Kecamatan Padang Jaya",
            "id_urusan": 17,
            "kode_urusan": "7",
            "nama_urusan": "UNSUR KEWILAYAHAN",
            "id_bidang_urusan": 243,
            "kode_bidang_urusan": "7.01",
            "nama_bidang_urusan": "KECAMATAN",
            "id_sub_skpd": 645,
            "kode_sub_skpd": "7.01.0.00.0.00.15.0000",
            "nama_sub_skpd": "Kecamatan Padang Jaya",
            "set_pagu_user": 1657,
            "set_pagu_at": "Thu, 26 Jun 2025 13:44:05 GMT",
            "id_program": 4416,
            "kode_program": "7.01.02",
            "nama_program": "PROGRAM PENYELENGGARAAN PEMERINTAHAN DAN PELAYANAN PUBLIK",
            "id_giat": 18270,
            "kode_giat": "7.01.02.2.01",
            "nama_giat": "Koordinasi Penyelenggaraan Kegiatan\n\nPemerintahan di Tingkat Kecamatan",
            "pagu_giat": 0.0,
            "rinci_giat": null,
            "id_sub_giat": 59876,
            "kode_sub_giat": "7.01.02.2.01.0001",
            "nama_sub_giat": "Koordinasi/Sinergi Perencanaan dan Pelaksanaan Kegiatan Pemerintahan dengan Perangkat Daerah dan Instansi Vertikal Terkait",
            "pagu": 0.0,
            "pagu_indikatif": 0.0,
            "rincian": null,
            "kode_bl": "645.645.4416.18270",
            "kode_sbl": "645.645.4416.18270.59876",
            "kunci_bl": 1,
            "kunci_bl_rinci": 1,
            "user_created": "SOINI, SE",
            "created_date": "25-03-2025",
            "created_time": "15:40",
            "user_updated": "SOINI, SE",
            "updated_date": "24-06-2025",
            "updated_time": "15:07",
            "is_locked": 0
        },
        {
            "id_sub_bl": 59614,
            "id_daerah": 473,
            "tahun": 2026,
            "id_unit": 645,
            "id_skpd": 645,
            "created_user": 1657,
            "kode_skpd": "7.01.0.00.0.00.15.0000",
            "nama_skpd": "Kecamatan Padang Jaya",
            "id_urusan": 17,
            "kode_urusan": "7",
            "nama_urusan": "UNSUR KEWILAYAHAN",
            "id_bidang_urusan": 243,
            "kode_bidang_urusan": "7.01",
            "nama_bidang_urusan": "KECAMATAN",
            "id_sub_skpd": 645,
            "kode_sub_skpd": "7.01.0.00.0.00.15.0000",
            "nama_sub_skpd": "Kecamatan Padang Jaya",
            "set_pagu_user": 1657,
            "set_pagu_at": "Thu, 26 Jun 2025 13:44:05 GMT",
            "id_program": 4418,
            "kode_program": "7.01.03",
            "nama_program": "PROGRAM PEMBERDAYAAN MASYARAKAT DESA DAN KELURAHAN",
            "id_giat": 18279,
            "kode_giat": "7.01.03.2.01",
            "nama_giat": "Koordinasi Kegiatan Pemberdayaan Desa",
            "pagu_giat": 25000000.0,
            "rinci_giat": null,
            "id_sub_giat": 59913,
            "kode_sub_giat": "7.01.03.2.01.0001",
            "nama_sub_giat": "Peningkatan Partisipasi Masyarakat dalam Forum Musyawarah Perencanaan Pembangunan di Desa",
            "pagu": 25000000.0,
            "pagu_indikatif": 25000000.0,
            "rincian": null,
            "kode_bl": "645.645.4418.18279",
            "kode_sbl": "645.645.4418.18279.59913",
            "kunci_bl": 1,
            "kunci_bl_rinci": 1,
            "user_created": "SOINI, SE",
            "created_date": "21-01-2025",
            "created_time": "12:08",
            "user_updated": "SOINI, SE",
            "updated_date": "24-06-2025",
            "updated_time": "15:18",
            "is_locked": 0
        },
        {
            "id_sub_bl": 59621,
            "id_daerah": 473,
            "tahun": 2026,
            "id_unit": 645,
            "id_skpd": 645,
            "created_user": 1657,
            "kode_skpd": "7.01.0.00.0.00.15.0000",
            "nama_skpd": "Kecamatan Padang Jaya",
            "id_urusan": 17,
            "kode_urusan": "7",
            "nama_urusan": "UNSUR KEWILAYAHAN",
            "id_bidang_urusan": 243,
            "kode_bidang_urusan": "7.01",
            "nama_bidang_urusan": "KECAMATAN",
            "id_sub_skpd": 645,
            "kode_sub_skpd": "7.01.0.00.0.00.15.0000",
            "nama_sub_skpd": "Kecamatan Padang Jaya",
            "set_pagu_user": 1657,
            "set_pagu_at": "Thu, 26 Jun 2025 13:44:05 GMT",
            "id_program": 4423,
            "kode_program": "7.01.06",
            "nama_program": "PROGRAM PEMBINAAN DAN PENGAWASAN PEMERINTAHAN DESA",
            "id_giat": 18290,
            "kode_giat": "7.01.06.2.01",
            "nama_giat": "Fasilitasi, Rekomendasi dan Koordinasi\n\nPembinaan dan Pengawasan Pemerintahan Desa",
            "pagu_giat": 137000000.0,
            "rinci_giat": null,
            "id_sub_giat": 59975,
            "kode_sub_giat": "7.01.06.2.01.0016",
            "nama_sub_giat": "Fasilitasi Penyusunan Program dan Pelaksanaan Pemberdayaan Masyarakat Desa",
            "pagu": 137000000.0,
            "pagu_indikatif": 137000000.0,
            "rincian": null,
            "kode_bl": "645.645.4423.18290",
            "kode_sbl": "645.645.4423.18290.59975",
            "kunci_bl": 1,
            "kunci_bl_rinci": 1,
            "user_created": "SOINI, SE",
            "created_date": "21-01-2025",
            "created_time": "12:11",
            "user_updated": "SOINI, SE",
            "updated_date": "26-06-2025",
            "updated_time": "10:35",
            "is_locked": 0
        },
        {
            "id_sub_bl": 59566,
            "id_daerah": 473,
            "tahun": 2026,
            "id_unit": 645,
            "id_skpd": 645,
            "created_user": 1657,
            "kode_skpd": "7.01.0.00.0.00.15.0000",
            "nama_skpd": "Kecamatan Padang Jaya",
            "id_urusan": 17,
            "kode_urusan": "7",
            "nama_urusan": "UNSUR KEWILAYAHAN",
            "id_bidang_urusan": 243,
            "kode_bidang_urusan": "7.01",
            "nama_bidang_urusan": "KECAMATAN",
            "id_sub_skpd": 645,
            "kode_sub_skpd": "7.01.0.00.0.00.15.0000",
            "nama_sub_skpd": "Kecamatan Padang Jaya",
            "set_pagu_user": 1657,
            "set_pagu_at": "Thu, 26 Jun 2025 13:44:05 GMT",
            "id_program": 4451,
            "kode_program": "7.01.01",
            "nama_program": "PROGRAM PENUNJANG URUSAN PEMERINTAHAN DAERAH KABUPATEN/KOTA",
            "id_giat": 18371,
            "kode_giat": "7.01.01.2.01",
            "nama_giat": "Perencanaan, Penganggaran, dan Evaluasi Kinerja Perangkat Daerah",
            "pagu_giat": 24500000.0,
            "rinci_giat": null,
            "id_sub_giat": 60589,
            "kode_sub_giat": "7.01.01.2.01.0001",
            "nama_sub_giat": "Penyusunan Dokumen Perencanaan Perangkat Daerah",
            "pagu": 6500000.0,
            "pagu_indikatif": 6500000.0,
            "rincian": null,
            "kode_bl": "645.645.4451.18371",
            "kode_sbl": "645.645.4451.18371.60589",
            "kunci_bl": 1,
            "kunci_bl_rinci": 1,
            "user_created": "SOINI, SE",
            "created_date": "21-01-2025",
            "created_time": "11:15",
            "user_updated": "SOINI, SE",
            "updated_date": "26-06-2025",
            "updated_time": "09:27",
            "is_locked": 0
        },
        {
            "id_sub_bl": 59567,
            "id_daerah": 473,
            "tahun": 2026,
            "id_unit": 645,
            "id_skpd": 645,
            "created_user": 1657,
            "kode_skpd": "7.01.0.00.0.00.15.0000",
            "nama_skpd": "Kecamatan Padang Jaya",
            "id_urusan": 17,
            "kode_urusan": "7",
            "nama_urusan": "UNSUR KEWILAYAHAN",
            "id_bidang_urusan": 243,
            "kode_bidang_urusan": "7.01",
            "nama_bidang_urusan": "KECAMATAN",
            "id_sub_skpd": 645,
            "kode_sub_skpd": "7.01.0.00.0.00.15.0000",
            "nama_sub_skpd": "Kecamatan Padang Jaya",
            "set_pagu_user": 1657,
            "set_pagu_at": "Thu, 26 Jun 2025 13:44:05 GMT",
            "id_program": 4451,
            "kode_program": "7.01.01",
            "nama_program": "PROGRAM PENUNJANG URUSAN PEMERINTAHAN DAERAH KABUPATEN/KOTA",
            "id_giat": 18371,
            "kode_giat": "7.01.01.2.01",
            "nama_giat": "Perencanaan, Penganggaran, dan Evaluasi Kinerja Perangkat Daerah",
            "pagu_giat": 24500000.0,
            "rinci_giat": null,
            "id_sub_giat": 60590,
            "kode_sub_giat": "7.01.01.2.01.0002",
            "nama_sub_giat": "Koordinasi dan Penyusunan Dokumen RKA-SKPD",
            "pagu": 3000000.0,
            "pagu_indikatif": 3000000.0,
            "rincian": null,
            "kode_bl": "645.645.4451.18371",
            "kode_sbl": "645.645.4451.18371.60590",
            "kunci_bl": 1,
            "kunci_bl_rinci": 1,
            "user_created": "SOINI, SE",
            "created_date": "21-01-2025",
            "created_time": "11:17",
            "user_updated": "SOINI, SE",
            "updated_date": "24-06-2025",
            "updated_time": "15:21",
            "is_locked": 0
        },
        {
            "id_sub_bl": 73260,
            "id_daerah": 473,
            "tahun": 2026,
            "id_unit": 645,
            "id_skpd": 645,
            "created_user": 1657,
            "kode_skpd": "7.01.0.00.0.00.15.0000",
            "nama_skpd": "Kecamatan Padang Jaya",
            "id_urusan": 17,
            "kode_urusan": "7",
            "nama_urusan": "UNSUR KEWILAYAHAN",
            "id_bidang_urusan": 243,
            "kode_bidang_urusan": "7.01",
            "nama_bidang_urusan": "KECAMATAN",
            "id_sub_skpd": 645,
            "kode_sub_skpd": "7.01.0.00.0.00.15.0000",
            "nama_sub_skpd": "Kecamatan Padang Jaya",
            "set_pagu_user": 1657,
            "set_pagu_at": "Thu, 26 Jun 2025 13:44:05 GMT",
            "id_program": 4451,
            "kode_program": "7.01.01",
            "nama_program": "PROGRAM PENUNJANG URUSAN PEMERINTAHAN DAERAH KABUPATEN/KOTA",
            "id_giat": 18371,
            "kode_giat": "7.01.01.2.01",
            "nama_giat": "Perencanaan, Penganggaran, dan Evaluasi Kinerja Perangkat Daerah",
            "pagu_giat": 24500000.0,
            "rinci_giat": null,
            "id_sub_giat": 60591,
            "kode_sub_giat": "7.01.01.2.01.0003",
            "nama_sub_giat": "Koordinasi dan Penyusunan Dokumen Perubahan RKA-SKPD",
            "pagu": 3000000.0,
            "pagu_indikatif": 3000000.0,
            "rincian": null,
            "kode_bl": "645.645.4451.18371",
            "kode_sbl": "645.645.4451.18371.60591",
            "kunci_bl": 1,
            "kunci_bl_rinci": 1,
            "user_created": "SOINI, SE",
            "created_date": "25-03-2025",
            "created_time": "14:59",
            "user_updated": "SOINI, SE",
            "updated_date": "26-06-2025",
            "updated_time": "09:28",
            "is_locked": 0
        },
        {
            "id_sub_bl": 59569,
            "id_daerah": 473,
            "tahun": 2026,
            "id_unit": 645,
            "id_skpd": 645,
            "created_user": 1657,
            "kode_skpd": "7.01.0.00.0.00.15.0000",
            "nama_skpd": "Kecamatan Padang Jaya",
            "id_urusan": 17,
            "kode_urusan": "7",
            "nama_urusan": "UNSUR KEWILAYAHAN",
            "id_bidang_urusan": 243,
            "kode_bidang_urusan": "7.01",
            "nama_bidang_urusan": "KECAMATAN",
            "id_sub_skpd": 645,
            "kode_sub_skpd": "7.01.0.00.0.00.15.0000",
            "nama_sub_skpd": "Kecamatan Padang Jaya",
            "set_pagu_user": 1657,
            "set_pagu_at": "Thu, 26 Jun 2025 13:44:05 GMT",
            "id_program": 4451,
            "kode_program": "7.01.01",
            "nama_program": "PROGRAM PENUNJANG URUSAN PEMERINTAHAN DAERAH KABUPATEN/KOTA",
            "id_giat": 18371,
            "kode_giat": "7.01.01.2.01",
            "nama_giat": "Perencanaan, Penganggaran, dan Evaluasi Kinerja Perangkat Daerah",
            "pagu_giat": 24500000.0,
            "rinci_giat": null,
            "id_sub_giat": 60592,
            "kode_sub_giat": "7.01.01.2.01.0004",
            "nama_sub_giat": "Koordinasi dan Penyusunan DPA-SKPD",
            "pagu": 3000000.0,
            "pagu_indikatif": 3000000.0,
            "rincian": null,
            "kode_bl": "645.645.4451.18371",
            "kode_sbl": "645.645.4451.18371.60592",
            "kunci_bl": 1,
            "kunci_bl_rinci": 1,
            "user_created": "SOINI, SE",
            "created_date": "21-01-2025",
            "created_time": "11:18",
            "user_updated": "SOINI, SE",
            "updated_date": "26-06-2025",
            "updated_time": "09:29",
            "is_locked": 0
        },
        {
            "id_sub_bl": 73261,
            "id_daerah": 473,
            "tahun": 2026,
            "id_unit": 645,
            "id_skpd": 645,
            "created_user": 1657,
            "kode_skpd": "7.01.0.00.0.00.15.0000",
            "nama_skpd": "Kecamatan Padang Jaya",
            "id_urusan": 17,
            "kode_urusan": "7",
            "nama_urusan": "UNSUR KEWILAYAHAN",
            "id_bidang_urusan": 243,
            "kode_bidang_urusan": "7.01",
            "nama_bidang_urusan": "KECAMATAN",
            "id_sub_skpd": 645,
            "kode_sub_skpd": "7.01.0.00.0.00.15.0000",
            "nama_sub_skpd": "Kecamatan Padang Jaya",
            "set_pagu_user": 1657,
            "set_pagu_at": "Thu, 26 Jun 2025 13:44:05 GMT",
            "id_program": 4451,
            "kode_program": "7.01.01",
            "nama_program": "PROGRAM PENUNJANG URUSAN PEMERINTAHAN DAERAH KABUPATEN/KOTA",
            "id_giat": 18371,
            "kode_giat": "7.01.01.2.01",
            "nama_giat": "Perencanaan, Penganggaran, dan Evaluasi Kinerja Perangkat Daerah",
            "pagu_giat": 24500000.0,
            "rinci_giat": null,
            "id_sub_giat": 60593,
            "kode_sub_giat": "7.01.01.2.01.0005",
            "nama_sub_giat": "Koordinasi dan Penyusunan Perubahan DPA- SKPD",
            "pagu": 3000000.0,
            "pagu_indikatif": 3000000.0,
            "rincian": null,
            "kode_bl": "645.645.4451.18371",
            "kode_sbl": "645.645.4451.18371.60593",
            "kunci_bl": 1,
            "kunci_bl_rinci": 1,
            "user_created": "SOINI, SE",
            "created_date": "25-03-2025",
            "created_time": "15:01",
            "user_updated": "SOINI, SE",
            "updated_date": "26-06-2025",
            "updated_time": "09:29",
            "is_locked": 0
        },
        {
            "id_sub_bl": 59570,
            "id_daerah": 473,
            "tahun": 2026,
            "id_unit": 645,
            "id_skpd": 645,
            "created_user": 1657,
            "kode_skpd": "7.01.0.00.0.00.15.0000",
            "nama_skpd": "Kecamatan Padang Jaya",
            "id_urusan": 17,
            "kode_urusan": "7",
            "nama_urusan": "UNSUR KEWILAYAHAN",
            "id_bidang_urusan": 243,
            "kode_bidang_urusan": "7.01",
            "nama_bidang_urusan": "KECAMATAN",
            "id_sub_skpd": 645,
            "kode_sub_skpd": "7.01.0.00.0.00.15.0000",
            "nama_sub_skpd": "Kecamatan Padang Jaya",
            "set_pagu_user": 1657,
            "set_pagu_at": "Thu, 26 Jun 2025 13:44:05 GMT",
            "id_program": 4451,
            "kode_program": "7.01.01",
            "nama_program": "PROGRAM PENUNJANG URUSAN PEMERINTAHAN DAERAH KABUPATEN/KOTA",
            "id_giat": 18371,
            "kode_giat": "7.01.01.2.01",
            "nama_giat": "Perencanaan, Penganggaran, dan Evaluasi Kinerja Perangkat Daerah",
            "pagu_giat": 24500000.0,
            "rinci_giat": null,
            "id_sub_giat": 60594,
            "kode_sub_giat": "7.01.01.2.01.0006",
            "nama_sub_giat": "Koordinasi dan Penyusunan Laporan Capaian Kinerja dan Ikhtisar Realisasi Kinerja SKPD",
            "pagu": 3500000.0,
            "pagu_indikatif": 3500000.0,
            "rincian": null,
            "kode_bl": "645.645.4451.18371",
            "kode_sbl": "645.645.4451.18371.60594",
            "kunci_bl": 1,
            "kunci_bl_rinci": 1,
            "user_created": "SOINI, SE",
            "created_date": "21-01-2025",
            "created_time": "11:20",
            "user_updated": "SOINI, SE",
            "updated_date": "24-06-2025",
            "updated_time": "15:25",
            "is_locked": 0
        },
        {
            "id_sub_bl": 59572,
            "id_daerah": 473,
            "tahun": 2026,
            "id_unit": 645,
            "id_skpd": 645,
            "created_user": 1657,
            "kode_skpd": "7.01.0.00.0.00.15.0000",
            "nama_skpd": "Kecamatan Padang Jaya",
            "id_urusan": 17,
            "kode_urusan": "7",
            "nama_urusan": "UNSUR KEWILAYAHAN",
            "id_bidang_urusan": 243,
            "kode_bidang_urusan": "7.01",
            "nama_bidang_urusan": "KECAMATAN",
            "id_sub_skpd": 645,
            "kode_sub_skpd": "7.01.0.00.0.00.15.0000",
            "nama_sub_skpd": "Kecamatan Padang Jaya",
            "set_pagu_user": 1657,
            "set_pagu_at": "Thu, 26 Jun 2025 13:44:05 GMT",
            "id_program": 4451,
            "kode_program": "7.01.01",
            "nama_program": "PROGRAM PENUNJANG URUSAN PEMERINTAHAN DAERAH KABUPATEN/KOTA",
            "id_giat": 18371,
            "kode_giat": "7.01.01.2.01",
            "nama_giat": "Perencanaan, Penganggaran, dan Evaluasi Kinerja Perangkat Daerah",
            "pagu_giat": 24500000.0,
            "rinci_giat": null,
            "id_sub_giat": 60595,
            "kode_sub_giat": "7.01.01.2.01.0007",
            "nama_sub_giat": "Evaluasi Kinerja Perangkat Daerah",
            "pagu": 2500000.0,
            "pagu_indikatif": 2500000.0,
            "rincian": null,
            "kode_bl": "645.645.4451.18371",
            "kode_sbl": "645.645.4451.18371.60595",
            "kunci_bl": 1,
            "kunci_bl_rinci": 1,
            "user_created": "SOINI, SE",
            "created_date": "21-01-2025",
            "created_time": "11:21",
            "user_updated": "SOINI, SE",
            "updated_date": "24-06-2025",
            "updated_time": "15:26",
            "is_locked": 0
        },
        {
            "id_sub_bl": 59574,
            "id_daerah": 473,
            "tahun": 2026,
            "id_unit": 645,
            "id_skpd": 645,
            "created_user": 1657,
            "kode_skpd": "7.01.0.00.0.00.15.0000",
            "nama_skpd": "Kecamatan Padang Jaya",
            "id_urusan": 17,
            "kode_urusan": "7",
            "nama_urusan": "UNSUR KEWILAYAHAN",
            "id_bidang_urusan": 243,
            "kode_bidang_urusan": "7.01",
            "nama_bidang_urusan": "KECAMATAN",
            "id_sub_skpd": 645,
            "kode_sub_skpd": "7.01.0.00.0.00.15.0000",
            "nama_sub_skpd": "Kecamatan Padang Jaya",
            "set_pagu_user": 1657,
            "set_pagu_at": "Thu, 26 Jun 2025 13:44:05 GMT",
            "id_program": 4451,
            "kode_program": "7.01.01",
            "nama_program": "PROGRAM PENUNJANG URUSAN PEMERINTAHAN DAERAH KABUPATEN/KOTA",
            "id_giat": 18372,
            "kode_giat": "7.01.01.2.02",
            "nama_giat": "Administrasi Keuangan Perangkat Daerah",
            "pagu_giat": 1471642191.0,
            "rinci_giat": null,
            "id_sub_giat": 60602,
            "kode_sub_giat": "7.01.01.2.02.0001",
            "nama_sub_giat": "Penyediaan Gaji dan Tunjangan ASN",
            "pagu": 1416582191.0,
            "pagu_indikatif": 1416582191.0,
            "rincian": null,
            "kode_bl": "645.645.4451.18372",
            "kode_sbl": "645.645.4451.18372.60602",
            "kunci_bl": 1,
            "kunci_bl_rinci": 1,
            "user_created": "SOINI, SE",
            "created_date": "21-01-2025",
            "created_time": "11:24",
            "user_updated": "SOINI, SE",
            "updated_date": "24-06-2025",
            "updated_time": "15:28",
            "is_locked": 0
        },
        {
            "id_sub_bl": 59577,
            "id_daerah": 473,
            "tahun": 2026,
            "id_unit": 645,
            "id_skpd": 645,
            "created_user": 1657,
            "kode_skpd": "7.01.0.00.0.00.15.0000",
            "nama_skpd": "Kecamatan Padang Jaya",
            "id_urusan": 17,
            "kode_urusan": "7",
            "nama_urusan": "UNSUR KEWILAYAHAN",
            "id_bidang_urusan": 243,
            "kode_bidang_urusan": "7.01",
            "nama_bidang_urusan": "KECAMATAN",
            "id_sub_skpd": 645,
            "kode_sub_skpd": "7.01.0.00.0.00.15.0000",
            "nama_sub_skpd": "Kecamatan Padang Jaya",
            "set_pagu_user": 1657,
            "set_pagu_at": "Thu, 26 Jun 2025 13:44:05 GMT",
            "id_program": 4451,
            "kode_program": "7.01.01",
            "nama_program": "PROGRAM PENUNJANG URUSAN PEMERINTAHAN DAERAH KABUPATEN/KOTA",
            "id_giat": 18372,
            "kode_giat": "7.01.01.2.02",
            "nama_giat": "Administrasi Keuangan Perangkat Daerah",
            "pagu_giat": 1471642191.0,
            "rinci_giat": null,
            "id_sub_giat": 60604,
            "kode_sub_giat": "7.01.01.2.02.0003",
            "nama_sub_giat": "Pelaksanaan Penatausahaan dan\r\n\nPengujian/Verifikasi Keuangan SKPD",
            "pagu": 49560000.0,
            "pagu_indikatif": 49560000.0,
            "rincian": null,
            "kode_bl": "645.645.4451.18372",
            "kode_sbl": "645.645.4451.18372.60604",
            "kunci_bl": 1,
            "kunci_bl_rinci": 1,
            "user_created": "SOINI, SE",
            "created_date": "21-01-2025",
            "created_time": "11:28",
            "user_updated": "SOINI, SE",
            "updated_date": "24-06-2025",
            "updated_time": "15:30",
            "is_locked": 0
        },
        {
            "id_sub_bl": 59579,
            "id_daerah": 473,
            "tahun": 2026,
            "id_unit": 645,
            "id_skpd": 645,
            "created_user": 1657,
            "kode_skpd": "7.01.0.00.0.00.15.0000",
            "nama_skpd": "Kecamatan Padang Jaya",
            "id_urusan": 17,
            "kode_urusan": "7",
            "nama_urusan": "UNSUR KEWILAYAHAN",
            "id_bidang_urusan": 243,
            "kode_bidang_urusan": "7.01",
            "nama_bidang_urusan": "KECAMATAN",
            "id_sub_skpd": 645,
            "kode_sub_skpd": "7.01.0.00.0.00.15.0000",
            "nama_sub_skpd": "Kecamatan Padang Jaya",
            "set_pagu_user": 1657,
            "set_pagu_at": "Thu, 26 Jun 2025 13:44:05 GMT",
            "id_program": 4451,
            "kode_program": "7.01.01",
            "nama_program": "PROGRAM PENUNJANG URUSAN PEMERINTAHAN DAERAH KABUPATEN/KOTA",
            "id_giat": 18372,
            "kode_giat": "7.01.01.2.02",
            "nama_giat": "Administrasi Keuangan Perangkat Daerah",
            "pagu_giat": 1471642191.0,
            "rinci_giat": null,
            "id_sub_giat": 60606,
            "kode_sub_giat": "7.01.01.2.02.0005",
            "nama_sub_giat": "Koordinasi dan Penyusunan Laporan Keuangan Akhir Tahun SKPD",
            "pagu": 3000000.0,
            "pagu_indikatif": 3000000.0,
            "rincian": null,
            "kode_bl": "645.645.4451.18372",
            "kode_sbl": "645.645.4451.18372.60606",
            "kunci_bl": 1,
            "kunci_bl_rinci": 1,
            "user_created": "SOINI, SE",
            "created_date": "21-01-2025",
            "created_time": "11:29",
            "user_updated": "SOINI, SE",
            "updated_date": "24-06-2025",
            "updated_time": "15:33",
            "is_locked": 0
        },
        {
            "id_sub_bl": 59580,
            "id_daerah": 473,
            "tahun": 2026,
            "id_unit": 645,
            "id_skpd": 645,
            "created_user": 1657,
            "kode_skpd": "7.01.0.00.0.00.15.0000",
            "nama_skpd": "Kecamatan Padang Jaya",
            "id_urusan": 17,
            "kode_urusan": "7",
            "nama_urusan": "UNSUR KEWILAYAHAN",
            "id_bidang_urusan": 243,
            "kode_bidang_urusan": "7.01",
            "nama_bidang_urusan": "KECAMATAN",
            "id_sub_skpd": 645,
            "kode_sub_skpd": "7.01.0.00.0.00.15.0000",
            "nama_sub_skpd": "Kecamatan Padang Jaya",
            "set_pagu_user": 1657,
            "set_pagu_at": "Thu, 26 Jun 2025 13:44:05 GMT",
            "id_program": 4451,
            "kode_program": "7.01.01",
            "nama_program": "PROGRAM PENUNJANG URUSAN PEMERINTAHAN DAERAH KABUPATEN/KOTA",
            "id_giat": 18372,
            "kode_giat": "7.01.01.2.02",
            "nama_giat": "Administrasi Keuangan Perangkat Daerah",
            "pagu_giat": 1471642191.0,
            "rinci_giat": null,
            "id_sub_giat": 60608,
            "kode_sub_giat": "7.01.01.2.02.0007",
            "nama_sub_giat": "Koordinasi dan Penyusunan Laporan Keuangan Bulanan/ Triwulanan/ Semesteran SKPD",
            "pagu": 2500000.0,
            "pagu_indikatif": 2500000.0,
            "rincian": null,
            "kode_bl": "645.645.4451.18372",
            "kode_sbl": "645.645.4451.18372.60608",
            "kunci_bl": 1,
            "kunci_bl_rinci": 1,
            "user_created": "SOINI, SE",
            "created_date": "21-01-2025",
            "created_time": "11:31",
            "user_updated": "SOINI, SE",
            "updated_date": "24-06-2025",
            "updated_time": "15:34",
            "is_locked": 0
        },
        {
            "id_sub_bl": 59582,
            "id_daerah": 473,
            "tahun": 2026,
            "id_unit": 645,
            "id_skpd": 645,
            "created_user": 1657,
            "kode_skpd": "7.01.0.00.0.00.15.0000",
            "nama_skpd": "Kecamatan Padang Jaya",
            "id_urusan": 17,
            "kode_urusan": "7",
            "nama_urusan": "UNSUR KEWILAYAHAN",
            "id_bidang_urusan": 243,
            "kode_bidang_urusan": "7.01",
            "nama_bidang_urusan": "KECAMATAN",
            "id_sub_skpd": 645,
            "kode_sub_skpd": "7.01.0.00.0.00.15.0000",
            "nama_sub_skpd": "Kecamatan Padang Jaya",
            "set_pagu_user": 1657,
            "set_pagu_at": "Thu, 26 Jun 2025 13:44:05 GMT",
            "id_program": 4451,
            "kode_program": "7.01.01",
            "nama_program": "PROGRAM PENUNJANG URUSAN PEMERINTAHAN DAERAH KABUPATEN/KOTA",
            "id_giat": 18373,
            "kode_giat": "7.01.01.2.03",
            "nama_giat": "Administrasi Barang Milik Daerah pada Perangkat Daerah",
            "pagu_giat": 26750000.0,
            "rinci_giat": null,
            "id_sub_giat": 60615,
            "kode_sub_giat": "7.01.01.2.03.0006",
            "nama_sub_giat": "Penatausahaan Barang Milik Daerah pada SKPD",
            "pagu": 26750000.0,
            "pagu_indikatif": 26750000.0,
            "rincian": null,
            "kode_bl": "645.645.4451.18373",
            "kode_sbl": "645.645.4451.18373.60615",
            "kunci_bl": 1,
            "kunci_bl_rinci": 1,
            "user_created": "SOINI, SE",
            "created_date": "21-01-2025",
            "created_time": "11:32",
            "user_updated": "SOINI, SE",
            "updated_date": "24-06-2025",
            "updated_time": "15:36",
            "is_locked": 0
        },
        {
            "id_sub_bl": 73262,
            "id_daerah": 473,
            "tahun": 2026,
            "id_unit": 645,
            "id_skpd": 645,
            "created_user": 1657,
            "kode_skpd": "7.01.0.00.0.00.15.0000",
            "nama_skpd": "Kecamatan Padang Jaya",
            "id_urusan": 17,
            "kode_urusan": "7",
            "nama_urusan": "UNSUR KEWILAYAHAN",
            "id_bidang_urusan": 243,
            "kode_bidang_urusan": "7.01",
            "nama_bidang_urusan": "KECAMATAN",
            "id_sub_skpd": 645,
            "kode_sub_skpd": "7.01.0.00.0.00.15.0000",
            "nama_sub_skpd": "Kecamatan Padang Jaya",
            "set_pagu_user": 1657,
            "set_pagu_at": "Thu, 26 Jun 2025 13:44:05 GMT",
            "id_program": 4451,
            "kode_program": "7.01.01",
            "nama_program": "PROGRAM PENUNJANG URUSAN PEMERINTAHAN DAERAH KABUPATEN/KOTA",
            "id_giat": 18375,
            "kode_giat": "7.01.01.2.05",
            "nama_giat": "Administrasi Kepegawaian Perangkat Daerah",
            "pagu_giat": 35725000.0,
            "rinci_giat": null,
            "id_sub_giat": 60625,
            "kode_sub_giat": "7.01.01.2.05.0002",
            "nama_sub_giat": "Pengadaan Pakaian Dinas beserta Atribut Kelengkapannya",
            "pagu": 13600000.0,
            "pagu_indikatif": 13600000.0,
            "rincian": null,
            "kode_bl": "645.645.4451.18375",
            "kode_sbl": "645.645.4451.18375.60625",
            "kunci_bl": 1,
            "kunci_bl_rinci": 1,
            "user_created": "SOINI, SE",
            "created_date": "25-03-2025",
            "created_time": "15:12",
            "user_updated": "SOINI, SE",
            "updated_date": "24-06-2025",
            "updated_time": "16:03",
            "is_locked": 0
        },
        {
            "id_sub_bl": 59585,
            "id_daerah": 473,
            "tahun": 2026,
            "id_unit": 645,
            "id_skpd": 645,
            "created_user": 1657,
            "kode_skpd": "7.01.0.00.0.00.15.0000",
            "nama_skpd": "Kecamatan Padang Jaya",
            "id_urusan": 17,
            "kode_urusan": "7",
            "nama_urusan": "UNSUR KEWILAYAHAN",
            "id_bidang_urusan": 243,
            "kode_bidang_urusan": "7.01",
            "nama_bidang_urusan": "KECAMATAN",
            "id_sub_skpd": 645,
            "kode_sub_skpd": "7.01.0.00.0.00.15.0000",
            "nama_sub_skpd": "Kecamatan Padang Jaya",
            "set_pagu_user": 1657,
            "set_pagu_at": "Thu, 26 Jun 2025 13:44:05 GMT",
            "id_program": 4451,
            "kode_program": "7.01.01",
            "nama_program": "PROGRAM PENUNJANG URUSAN PEMERINTAHAN DAERAH KABUPATEN/KOTA",
            "id_giat": 18375,
            "kode_giat": "7.01.01.2.05",
            "nama_giat": "Administrasi Kepegawaian Perangkat Daerah",
            "pagu_giat": 35725000.0,
            "rinci_giat": null,
            "id_sub_giat": 60632,
            "kode_sub_giat": "7.01.01.2.05.0009",
            "nama_sub_giat": "Pendidikan dan Pelatihan Pegawai Berdasarkan Tugas dan Fungsi",
            "pagu": 22125000.0,
            "pagu_indikatif": 22125000.0,
            "rincian": null,
            "kode_bl": "645.645.4451.18375",
            "kode_sbl": "645.645.4451.18375.60632",
            "kunci_bl": 1,
            "kunci_bl_rinci": 1,
            "user_created": "SOINI, SE",
            "created_date": "21-01-2025",
            "created_time": "11:35",
            "user_updated": "SOINI, SE",
            "updated_date": "25-03-2025",
            "updated_time": "15:46",
            "is_locked": 0
        },
        {
            "id_sub_bl": 59586,
            "id_daerah": 473,
            "tahun": 2026,
            "id_unit": 645,
            "id_skpd": 645,
            "created_user": 1657,
            "kode_skpd": "7.01.0.00.0.00.15.0000",
            "nama_skpd": "Kecamatan Padang Jaya",
            "id_urusan": 17,
            "kode_urusan": "7",
            "nama_urusan": "UNSUR KEWILAYAHAN",
            "id_bidang_urusan": 243,
            "kode_bidang_urusan": "7.01",
            "nama_bidang_urusan": "KECAMATAN",
            "id_sub_skpd": 645,
            "kode_sub_skpd": "7.01.0.00.0.00.15.0000",
            "nama_sub_skpd": "Kecamatan Padang Jaya",
            "set_pagu_user": 1657,
            "set_pagu_at": "Thu, 26 Jun 2025 13:44:05 GMT",
            "id_program": 4451,
            "kode_program": "7.01.01",
            "nama_program": "PROGRAM PENUNJANG URUSAN PEMERINTAHAN DAERAH KABUPATEN/KOTA",
            "id_giat": 18376,
            "kode_giat": "7.01.01.2.06",
            "nama_giat": "Administrasi Umum Perangkat Daerah",
            "pagu_giat": 115700000.0,
            "rinci_giat": null,
            "id_sub_giat": 60635,
            "kode_sub_giat": "7.01.01.2.06.0001",
            "nama_sub_giat": "Penyediaan Komponen Instalasi\r\n\nListrik/Penerangan Bangunan Kantor",
            "pagu": 3500000.0,
            "pagu_indikatif": 3500000.0,
            "rincian": null,
            "kode_bl": "645.645.4451.18376",
            "kode_sbl": "645.645.4451.18376.60635",
            "kunci_bl": 1,
            "kunci_bl_rinci": 1,
            "user_created": "SOINI, SE",
            "created_date": "21-01-2025",
            "created_time": "11:37",
            "user_updated": "SOINI, SE",
            "updated_date": "26-06-2025",
            "updated_time": "09:24",
            "is_locked": 0
        },
        {
            "id_sub_bl": 73263,
            "id_daerah": 473,
            "tahun": 2026,
            "id_unit": 645,
            "id_skpd": 645,
            "created_user": 1657,
            "kode_skpd": "7.01.0.00.0.00.15.0000",
            "nama_skpd": "Kecamatan Padang Jaya",
            "id_urusan": 17,
            "kode_urusan": "7",
            "nama_urusan": "UNSUR KEWILAYAHAN",
            "id_bidang_urusan": 243,
            "kode_bidang_urusan": "7.01",
            "nama_bidang_urusan": "KECAMATAN",
            "id_sub_skpd": 645,
            "kode_sub_skpd": "7.01.0.00.0.00.15.0000",
            "nama_sub_skpd": "Kecamatan Padang Jaya",
            "set_pagu_user": 1657,
            "set_pagu_at": "Thu, 26 Jun 2025 13:44:05 GMT",
            "id_program": 4451,
            "kode_program": "7.01.01",
            "nama_program": "PROGRAM PENUNJANG URUSAN PEMERINTAHAN DAERAH KABUPATEN/KOTA",
            "id_giat": 18376,
            "kode_giat": "7.01.01.2.06",
            "nama_giat": "Administrasi Umum Perangkat Daerah",
            "pagu_giat": 115700000.0,
            "rinci_giat": null,
            "id_sub_giat": 60637,
            "kode_sub_giat": "7.01.01.2.06.0003",
            "nama_sub_giat": "Penyediaan Peralatan Rumah Tangga",
            "pagu": 2200000.0,
            "pagu_indikatif": 2200000.0,
            "rincian": null,
            "kode_bl": "645.645.4451.18376",
            "kode_sbl": "645.645.4451.18376.60637",
            "kunci_bl": 1,
            "kunci_bl_rinci": 1,
            "user_created": "SOINI, SE",
            "created_date": "25-03-2025",
            "created_time": "15:15",
            "user_updated": "SOINI, SE",
            "updated_date": "24-06-2025",
            "updated_time": "15:41",
            "is_locked": 0
        },
        {
            "id_sub_bl": 59588,
            "id_daerah": 473,
            "tahun": 2026,
            "id_unit": 645,
            "id_skpd": 645,
            "created_user": 1657,
            "kode_skpd": "7.01.0.00.0.00.15.0000",
            "nama_skpd": "Kecamatan Padang Jaya",
            "id_urusan": 17,
            "kode_urusan": "7",
            "nama_urusan": "UNSUR KEWILAYAHAN",
            "id_bidang_urusan": 243,
            "kode_bidang_urusan": "7.01",
            "nama_bidang_urusan": "KECAMATAN",
            "id_sub_skpd": 645,
            "kode_sub_skpd": "7.01.0.00.0.00.15.0000",
            "nama_sub_skpd": "Kecamatan Padang Jaya",
            "set_pagu_user": 1657,
            "set_pagu_at": "Thu, 26 Jun 2025 13:44:05 GMT",
            "id_program": 4451,
            "kode_program": "7.01.01",
            "nama_program": "PROGRAM PENUNJANG URUSAN PEMERINTAHAN DAERAH KABUPATEN/KOTA",
            "id_giat": 18376,
            "kode_giat": "7.01.01.2.06",
            "nama_giat": "Administrasi Umum Perangkat Daerah",
            "pagu_giat": 115700000.0,
            "rinci_giat": null,
            "id_sub_giat": 60638,
            "kode_sub_giat": "7.01.01.2.06.0004",
            "nama_sub_giat": "Penyediaan Bahan Logistik Kantor",
            "pagu": 33000000.0,
            "pagu_indikatif": 33000000.0,
            "rincian": null,
            "kode_bl": "645.645.4451.18376",
            "kode_sbl": "645.645.4451.18376.60638",
            "kunci_bl": 1,
            "kunci_bl_rinci": 1,
            "user_created": "SOINI, SE",
            "created_date": "21-01-2025",
            "created_time": "11:39",
            "user_updated": "SOINI, SE",
            "updated_date": "26-06-2025",
            "updated_time": "10:36",
            "is_locked": 0
        },
        {
            "id_sub_bl": 59589,
            "id_daerah": 473,
            "tahun": 2026,
            "id_unit": 645,
            "id_skpd": 645,
            "created_user": 1657,
            "kode_skpd": "7.01.0.00.0.00.15.0000",
            "nama_skpd": "Kecamatan Padang Jaya",
            "id_urusan": 17,
            "kode_urusan": "7",
            "nama_urusan": "UNSUR KEWILAYAHAN",
            "id_bidang_urusan": 243,
            "kode_bidang_urusan": "7.01",
            "nama_bidang_urusan": "KECAMATAN",
            "id_sub_skpd": 645,
            "kode_sub_skpd": "7.01.0.00.0.00.15.0000",
            "nama_sub_skpd": "Kecamatan Padang Jaya",
            "set_pagu_user": 1657,
            "set_pagu_at": "Thu, 26 Jun 2025 13:44:05 GMT",
            "id_program": 4451,
            "kode_program": "7.01.01",
            "nama_program": "PROGRAM PENUNJANG URUSAN PEMERINTAHAN DAERAH KABUPATEN/KOTA",
            "id_giat": 18376,
            "kode_giat": "7.01.01.2.06",
            "nama_giat": "Administrasi Umum Perangkat Daerah",
            "pagu_giat": 115700000.0,
            "rinci_giat": null,
            "id_sub_giat": 60639,
            "kode_sub_giat": "7.01.01.2.06.0005",
            "nama_sub_giat": "Penyediaan Barang Cetakan dan Penggandaan",
            "pagu": 6000000.0,
            "pagu_indikatif": 6000000.0,
            "rincian": null,
            "kode_bl": "645.645.4451.18376",
            "kode_sbl": "645.645.4451.18376.60639",
            "kunci_bl": 1,
            "kunci_bl_rinci": 1,
            "user_created": "SOINI, SE",
            "created_date": "21-01-2025",
            "created_time": "11:41",
            "user_updated": "SOINI, SE",
            "updated_date": "26-06-2025",
            "updated_time": "09:22",
            "is_locked": 0
        },
        {
            "id_sub_bl": 59590,
            "id_daerah": 473,
            "tahun": 2026,
            "id_unit": 645,
            "id_skpd": 645,
            "created_user": 1657,
            "kode_skpd": "7.01.0.00.0.00.15.0000",
            "nama_skpd": "Kecamatan Padang Jaya",
            "id_urusan": 17,
            "kode_urusan": "7",
            "nama_urusan": "UNSUR KEWILAYAHAN",
            "id_bidang_urusan": 243,
            "kode_bidang_urusan": "7.01",
            "nama_bidang_urusan": "KECAMATAN",
            "id_sub_skpd": 645,
            "kode_sub_skpd": "7.01.0.00.0.00.15.0000",
            "nama_sub_skpd": "Kecamatan Padang Jaya",
            "set_pagu_user": 1657,
            "set_pagu_at": "Thu, 26 Jun 2025 13:44:05 GMT",
            "id_program": 4451,
            "kode_program": "7.01.01",
            "nama_program": "PROGRAM PENUNJANG URUSAN PEMERINTAHAN DAERAH KABUPATEN/KOTA",
            "id_giat": 18376,
            "kode_giat": "7.01.01.2.06",
            "nama_giat": "Administrasi Umum Perangkat Daerah",
            "pagu_giat": 115700000.0,
            "rinci_giat": null,
            "id_sub_giat": 60640,
            "kode_sub_giat": "7.01.01.2.06.0006",
            "nama_sub_giat": "Penyediaan Bahan Bacaan dan Peraturan Perundang-undangan",
            "pagu": 6000000.0,
            "pagu_indikatif": 6000000.0,
            "rincian": null,
            "kode_bl": "645.645.4451.18376",
            "kode_sbl": "645.645.4451.18376.60640",
            "kunci_bl": 1,
            "kunci_bl_rinci": 1,
            "user_created": "SOINI, SE",
            "created_date": "21-01-2025",
            "created_time": "11:42",
            "user_updated": "SOINI, SE",
            "updated_date": "26-06-2025",
            "updated_time": "09:21",
            "is_locked": 0
        },
        {
            "id_sub_bl": 59591,
            "id_daerah": 473,
            "tahun": 2026,
            "id_unit": 645,
            "id_skpd": 645,
            "created_user": 1657,
            "kode_skpd": "7.01.0.00.0.00.15.0000",
            "nama_skpd": "Kecamatan Padang Jaya",
            "id_urusan": 17,
            "kode_urusan": "7",
            "nama_urusan": "UNSUR KEWILAYAHAN",
            "id_bidang_urusan": 243,
            "kode_bidang_urusan": "7.01",
            "nama_bidang_urusan": "KECAMATAN",
            "id_sub_skpd": 645,
            "kode_sub_skpd": "7.01.0.00.0.00.15.0000",
            "nama_sub_skpd": "Kecamatan Padang Jaya",
            "set_pagu_user": 1657,
            "set_pagu_at": "Thu, 26 Jun 2025 13:44:05 GMT",
            "id_program": 4451,
            "kode_program": "7.01.01",
            "nama_program": "PROGRAM PENUNJANG URUSAN PEMERINTAHAN DAERAH KABUPATEN/KOTA",
            "id_giat": 18376,
            "kode_giat": "7.01.01.2.06",
            "nama_giat": "Administrasi Umum Perangkat Daerah",
            "pagu_giat": 115700000.0,
            "rinci_giat": null,
            "id_sub_giat": 60643,
            "kode_sub_giat": "7.01.01.2.06.0009",
            "nama_sub_giat": "Penyelenggaraan Rapat Koordinasi dan Konsultasi SKPD",
            "pagu": 65000000.0,
            "pagu_indikatif": 65000000.0,
            "rincian": null,
            "kode_bl": "645.645.4451.18376",
            "kode_sbl": "645.645.4451.18376.60643",
            "kunci_bl": 1,
            "kunci_bl_rinci": 1,
            "user_created": "SOINI, SE",
            "created_date": "21-01-2025",
            "created_time": "11:44",
            "user_updated": "SOINI, SE",
            "updated_date": "26-06-2025",
            "updated_time": "10:28",
            "is_locked": 0
        },
        {
            "id_sub_bl": 73264,
            "id_daerah": 473,
            "tahun": 2026,
            "id_unit": 645,
            "id_skpd": 645,
            "created_user": 1657,
            "kode_skpd": "7.01.0.00.0.00.15.0000",
            "nama_skpd": "Kecamatan Padang Jaya",
            "id_urusan": 17,
            "kode_urusan": "7",
            "nama_urusan": "UNSUR KEWILAYAHAN",
            "id_bidang_urusan": 243,
            "kode_bidang_urusan": "7.01",
            "nama_bidang_urusan": "KECAMATAN",
            "id_sub_skpd": 645,
            "kode_sub_skpd": "7.01.0.00.0.00.15.0000",
            "nama_sub_skpd": "Kecamatan Padang Jaya",
            "set_pagu_user": 1657,
            "set_pagu_at": "Thu, 26 Jun 2025 13:44:05 GMT",
            "id_program": 4451,
            "kode_program": "7.01.01",
            "nama_program": "PROGRAM PENUNJANG URUSAN PEMERINTAHAN DAERAH KABUPATEN/KOTA",
            "id_giat": 18377,
            "kode_giat": "7.01.01.2.07",
            "nama_giat": "Pengadaan Barang Milik Daerah Penunjang Urusan Pemerintah Daerah",
            "pagu_giat": 75000000.0,
            "rinci_giat": null,
            "id_sub_giat": 60647,
            "kode_sub_giat": "7.01.01.2.07.0002",
            "nama_sub_giat": "Pengadaan Kendaraan Dinas Operasional atau Lapangan",
            "pagu": 35000000.0,
            "pagu_indikatif": 35000000.0,
            "rincian": null,
            "kode_bl": "645.645.4451.18377",
            "kode_sbl": "645.645.4451.18377.60647",
            "kunci_bl": 1,
            "kunci_bl_rinci": 1,
            "user_created": "SOINI, SE",
            "created_date": "25-03-2025",
            "created_time": "15:19",
            "user_updated": "SOINI, SE",
            "updated_date": "24-06-2025",
            "updated_time": "15:46",
            "is_locked": 0
        },
        {
            "id_sub_bl": 59592,
            "id_daerah": 473,
            "tahun": 2026,
            "id_unit": 645,
            "id_skpd": 645,
            "created_user": 1657,
            "kode_skpd": "7.01.0.00.0.00.15.0000",
            "nama_skpd": "Kecamatan Padang Jaya",
            "id_urusan": 17,
            "kode_urusan": "7",
            "nama_urusan": "UNSUR KEWILAYAHAN",
            "id_bidang_urusan": 243,
            "kode_bidang_urusan": "7.01",
            "nama_bidang_urusan": "KECAMATAN",
            "id_sub_skpd": 645,
            "kode_sub_skpd": "7.01.0.00.0.00.15.0000",
            "nama_sub_skpd": "Kecamatan Padang Jaya",
            "set_pagu_user": 1657,
            "set_pagu_at": "Thu, 26 Jun 2025 13:44:05 GMT",
            "id_program": 4451,
            "kode_program": "7.01.01",
            "nama_program": "PROGRAM PENUNJANG URUSAN PEMERINTAHAN DAERAH KABUPATEN/KOTA",
            "id_giat": 18377,
            "kode_giat": "7.01.01.2.07",
            "nama_giat": "Pengadaan Barang Milik Daerah Penunjang Urusan Pemerintah Daerah",
            "pagu_giat": 75000000.0,
            "rinci_giat": null,
            "id_sub_giat": 60650,
            "kode_sub_giat": "7.01.01.2.07.0005",
            "nama_sub_giat": "Pengadaan Mebel",
            "pagu": 20000000.0,
            "pagu_indikatif": 20000000.0,
            "rincian": null,
            "kode_bl": "645.645.4451.18377",
            "kode_sbl": "645.645.4451.18377.60650",
            "kunci_bl": 1,
            "kunci_bl_rinci": 1,
            "user_created": "SOINI, SE",
            "created_date": "21-01-2025",
            "created_time": "11:46",
            "user_updated": "SOINI, SE",
            "updated_date": "25-06-2025",
            "updated_time": "15:11",
            "is_locked": 0
        },
        {
            "id_sub_bl": 59596,
            "id_daerah": 473,
            "tahun": 2026,
            "id_unit": 645,
            "id_skpd": 645,
            "created_user": 1657,
            "kode_skpd": "7.01.0.00.0.00.15.0000",
            "nama_skpd": "Kecamatan Padang Jaya",
            "id_urusan": 17,
            "kode_urusan": "7",
            "nama_urusan": "UNSUR KEWILAYAHAN",
            "id_bidang_urusan": 243,
            "kode_bidang_urusan": "7.01",
            "nama_bidang_urusan": "KECAMATAN",
            "id_sub_skpd": 645,
            "kode_sub_skpd": "7.01.0.00.0.00.15.0000",
            "nama_sub_skpd": "Kecamatan Padang Jaya",
            "set_pagu_user": 1657,
            "set_pagu_at": "Thu, 26 Jun 2025 13:44:05 GMT",
            "id_program": 4451,
            "kode_program": "7.01.01",
            "nama_program": "PROGRAM PENUNJANG URUSAN PEMERINTAHAN DAERAH KABUPATEN/KOTA",
            "id_giat": 18377,
            "kode_giat": "7.01.01.2.07",
            "nama_giat": "Pengadaan Barang Milik Daerah Penunjang Urusan Pemerintah Daerah",
            "pagu_giat": 75000000.0,
            "rinci_giat": null,
            "id_sub_giat": 60651,
            "kode_sub_giat": "7.01.01.2.07.0006",
            "nama_sub_giat": "Pengadaan Peralatan dan Mesin Lainnya",
            "pagu": 20000000.0,
            "pagu_indikatif": 20000000.0,
            "rincian": null,
            "kode_bl": "645.645.4451.18377",
            "kode_sbl": "645.645.4451.18377.60651",
            "kunci_bl": 1,
            "kunci_bl_rinci": 1,
            "user_created": "SOINI, SE",
            "created_date": "21-01-2025",
            "created_time": "11:55",
            "user_updated": "SOINI, SE",
            "updated_date": "25-06-2025",
            "updated_time": "15:08",
            "is_locked": 0
        },
        {
            "id_sub_bl": 73265,
            "id_daerah": 473,
            "tahun": 2026,
            "id_unit": 645,
            "id_skpd": 645,
            "created_user": 1657,
            "kode_skpd": "7.01.0.00.0.00.15.0000",
            "nama_skpd": "Kecamatan Padang Jaya",
            "id_urusan": 17,
            "kode_urusan": "7",
            "nama_urusan": "UNSUR KEWILAYAHAN",
            "id_bidang_urusan": 243,
            "kode_bidang_urusan": "7.01",
            "nama_bidang_urusan": "KECAMATAN",
            "id_sub_skpd": 645,
            "kode_sub_skpd": "7.01.0.00.0.00.15.0000",
            "nama_sub_skpd": "Kecamatan Padang Jaya",
            "set_pagu_user": 1657,
            "set_pagu_at": "Thu, 26 Jun 2025 13:44:05 GMT",
            "id_program": 4451,
            "kode_program": "7.01.01",
            "nama_program": "PROGRAM PENUNJANG URUSAN PEMERINTAHAN DAERAH KABUPATEN/KOTA",
            "id_giat": 18377,
            "kode_giat": "7.01.01.2.07",
            "nama_giat": "Pengadaan Barang Milik Daerah Penunjang Urusan Pemerintah Daerah",
            "pagu_giat": 75000000.0,
            "rinci_giat": null,
            "id_sub_giat": 60654,
            "kode_sub_giat": "7.01.01.2.07.0009",
            "nama_sub_giat": "Pengadaan Gedung Kantor atau Bangunan Lainnya",
            "pagu": 0.0,
            "pagu_indikatif": 0.0,
            "rincian": null,
            "kode_bl": "645.645.4451.18377",
            "kode_sbl": "645.645.4451.18377.60654",
            "kunci_bl": 1,
            "kunci_bl_rinci": 1,
            "user_created": "SOINI, SE",
            "created_date": "25-03-2025",
            "created_time": "15:23",
            "user_updated": "SOINI, SE",
            "updated_date": "24-06-2025",
            "updated_time": "15:50",
            "is_locked": 0
        },
        {
            "id_sub_bl": 59598,
            "id_daerah": 473,
            "tahun": 2026,
            "id_unit": 645,
            "id_skpd": 645,
            "created_user": 1657,
            "kode_skpd": "7.01.0.00.0.00.15.0000",
            "nama_skpd": "Kecamatan Padang Jaya",
            "id_urusan": 17,
            "kode_urusan": "7",
            "nama_urusan": "UNSUR KEWILAYAHAN",
            "id_bidang_urusan": 243,
            "kode_bidang_urusan": "7.01",
            "nama_bidang_urusan": "KECAMATAN",
            "id_sub_skpd": 645,
            "kode_sub_skpd": "7.01.0.00.0.00.15.0000",
            "nama_sub_skpd": "Kecamatan Padang Jaya",
            "set_pagu_user": 1657,
            "set_pagu_at": "Thu, 26 Jun 2025 13:44:05 GMT",
            "id_program": 4451,
            "kode_program": "7.01.01",
            "nama_program": "PROGRAM PENUNJANG URUSAN PEMERINTAHAN DAERAH KABUPATEN/KOTA",
            "id_giat": 18377,
            "kode_giat": "7.01.01.2.07",
            "nama_giat": "Pengadaan Barang Milik Daerah Penunjang Urusan Pemerintah Daerah",
            "pagu_giat": 75000000.0,
            "rinci_giat": null,
            "id_sub_giat": 60656,
            "kode_sub_giat": "7.01.01.2.07.0011",
            "nama_sub_giat": "Pengadaan Sarana dan Prasarana Pendukung Gedung Kantor atau Bangunan Lainnya",
            "pagu": 0.0,
            "pagu_indikatif": 0.0,
            "rincian": null,
            "kode_bl": "645.645.4451.18377",
            "kode_sbl": "645.645.4451.18377.60656",
            "kunci_bl": 1,
            "kunci_bl_rinci": 1,
            "user_created": "SOINI, SE",
            "created_date": "21-01-2025",
            "created_time": "11:58",
            "user_updated": "SOINI, SE",
            "updated_date": "24-06-2025",
            "updated_time": "15:51",
            "is_locked": 0
        },
        {
            "id_sub_bl": 59601,
            "id_daerah": 473,
            "tahun": 2026,
            "id_unit": 645,
            "id_skpd": 645,
            "created_user": 1657,
            "kode_skpd": "7.01.0.00.0.00.15.0000",
            "nama_skpd": "Kecamatan Padang Jaya",
            "id_urusan": 17,
            "kode_urusan": "7",
            "nama_urusan": "UNSUR KEWILAYAHAN",
            "id_bidang_urusan": 243,
            "kode_bidang_urusan": "7.01",
            "nama_bidang_urusan": "KECAMATAN",
            "id_sub_skpd": 645,
            "kode_sub_skpd": "7.01.0.00.0.00.15.0000",
            "nama_sub_skpd": "Kecamatan Padang Jaya",
            "set_pagu_user": 1657,
            "set_pagu_at": "Thu, 26 Jun 2025 13:44:05 GMT",
            "id_program": 4451,
            "kode_program": "7.01.01",
            "nama_program": "PROGRAM PENUNJANG URUSAN PEMERINTAHAN DAERAH KABUPATEN/KOTA",
            "id_giat": 18378,
            "kode_giat": "7.01.01.2.08",
            "nama_giat": "Penyediaan Jasa Penunjang Urusan Pemerintahan Daerah",
            "pagu_giat": 95725935.0,
            "rinci_giat": null,
            "id_sub_giat": 60658,
            "kode_sub_giat": "7.01.01.2.08.0002",
            "nama_sub_giat": "Penyediaan Jasa Komunikasi, Sumber Daya Air dan Listrik",
            "pagu": 23725935.0,
            "pagu_indikatif": 23725935.0,
            "rincian": null,
            "kode_bl": "645.645.4451.18378",
            "kode_sbl": "645.645.4451.18378.60658",
            "kunci_bl": 1,
            "kunci_bl_rinci": 1,
            "user_created": "SOINI, SE",
            "created_date": "21-01-2025",
            "created_time": "12:00",
            "user_updated": "SOINI, SE",
            "updated_date": "26-06-2025",
            "updated_time": "09:26",
            "is_locked": 0
        },
        {
            "id_sub_bl": 59603,
            "id_daerah": 473,
            "tahun": 2026,
            "id_unit": 645,
            "id_skpd": 645,
            "created_user": 1657,
            "kode_skpd": "7.01.0.00.0.00.15.0000",
            "nama_skpd": "Kecamatan Padang Jaya",
            "id_urusan": 17,
            "kode_urusan": "7",
            "nama_urusan": "UNSUR KEWILAYAHAN",
            "id_bidang_urusan": 243,
            "kode_bidang_urusan": "7.01",
            "nama_bidang_urusan": "KECAMATAN",
            "id_sub_skpd": 645,
            "kode_sub_skpd": "7.01.0.00.0.00.15.0000",
            "nama_sub_skpd": "Kecamatan Padang Jaya",
            "set_pagu_user": 1657,
            "set_pagu_at": "Thu, 26 Jun 2025 13:44:05 GMT",
            "id_program": 4451,
            "kode_program": "7.01.01",
            "nama_program": "PROGRAM PENUNJANG URUSAN PEMERINTAHAN DAERAH KABUPATEN/KOTA",
            "id_giat": 18378,
            "kode_giat": "7.01.01.2.08",
            "nama_giat": "Penyediaan Jasa Penunjang Urusan Pemerintahan Daerah",
            "pagu_giat": 95725935.0,
            "rinci_giat": null,
            "id_sub_giat": 60660,
            "kode_sub_giat": "7.01.01.2.08.0004",
            "nama_sub_giat": "Penyediaan Jasa Pelayanan Umum Kantor",
            "pagu": 72000000.0,
            "pagu_indikatif": 72000000.0,
            "rincian": null,
            "kode_bl": "645.645.4451.18378",
            "kode_sbl": "645.645.4451.18378.60660",
            "kunci_bl": 1,
            "kunci_bl_rinci": 1,
            "user_created": "SOINI, SE",
            "created_date": "21-01-2025",
            "created_time": "12:02",
            "user_updated": "SOINI, SE",
            "updated_date": "24-06-2025",
            "updated_time": "15:53",
            "is_locked": 0
        },
        {
            "id_sub_bl": 59606,
            "id_daerah": 473,
            "tahun": 2026,
            "id_unit": 645,
            "id_skpd": 645,
            "created_user": 1657,
            "kode_skpd": "7.01.0.00.0.00.15.0000",
            "nama_skpd": "Kecamatan Padang Jaya",
            "id_urusan": 17,
            "kode_urusan": "7",
            "nama_urusan": "UNSUR KEWILAYAHAN",
            "id_bidang_urusan": 243,
            "kode_bidang_urusan": "7.01",
            "nama_bidang_urusan": "KECAMATAN",
            "id_sub_skpd": 645,
            "kode_sub_skpd": "7.01.0.00.0.00.15.0000",
            "nama_sub_skpd": "Kecamatan Padang Jaya",
            "set_pagu_user": 1657,
            "set_pagu_at": "Thu, 26 Jun 2025 13:44:05 GMT",
            "id_program": 4451,
            "kode_program": "7.01.01",
            "nama_program": "PROGRAM PENUNJANG URUSAN PEMERINTAHAN DAERAH KABUPATEN/KOTA",
            "id_giat": 18379,
            "kode_giat": "7.01.01.2.09",
            "nama_giat": "Pemeliharaan Barang Milik Daerah Penunjang Urusan Pemerintahan Daerah",
            "pagu_giat": 84739000.0,
            "rinci_giat": null,
            "id_sub_giat": 60662,
            "kode_sub_giat": "7.01.01.2.09.0002",
            "nama_sub_giat": "Penyediaan Jasa Pemeliharaan, Biaya Pemeliharaan, Pajak dan Perizinan Kendaraan Dinas Operasional atau Lapangan",
            "pagu": 37289000.0,
            "pagu_indikatif": 37289000.0,
            "rincian": null,
            "kode_bl": "645.645.4451.18379",
            "kode_sbl": "645.645.4451.18379.60662",
            "kunci_bl": 1,
            "kunci_bl_rinci": 1,
            "user_created": "SOINI, SE",
            "created_date": "21-01-2025",
            "created_time": "12:04",
            "user_updated": "SOINI, SE",
            "updated_date": "24-06-2025",
            "updated_time": "15:54",
            "is_locked": 0
        },
        {
            "id_sub_bl": 59609,
            "id_daerah": 473,
            "tahun": 2026,
            "id_unit": 645,
            "id_skpd": 645,
            "created_user": 1657,
            "kode_skpd": "7.01.0.00.0.00.15.0000",
            "nama_skpd": "Kecamatan Padang Jaya",
            "id_urusan": 17,
            "kode_urusan": "7",
            "nama_urusan": "UNSUR KEWILAYAHAN",
            "id_bidang_urusan": 243,
            "kode_bidang_urusan": "7.01",
            "nama_bidang_urusan": "KECAMATAN",
            "id_sub_skpd": 645,
            "kode_sub_skpd": "7.01.0.00.0.00.15.0000",
            "nama_sub_skpd": "Kecamatan Padang Jaya",
            "set_pagu_user": 1657,
            "set_pagu_at": "Thu, 26 Jun 2025 13:44:05 GMT",
            "id_program": 4451,
            "kode_program": "7.01.01",
            "nama_program": "PROGRAM PENUNJANG URUSAN PEMERINTAHAN DAERAH KABUPATEN/KOTA",
            "id_giat": 18379,
            "kode_giat": "7.01.01.2.09",
            "nama_giat": "Pemeliharaan Barang Milik Daerah Penunjang Urusan Pemerintahan Daerah",
            "pagu_giat": 84739000.0,
            "rinci_giat": null,
            "id_sub_giat": 60666,
            "kode_sub_giat": "7.01.01.2.09.0006",
            "nama_sub_giat": "Pemeliharaan Peralatan dan Mesin Lainnya",
            "pagu": 2450000.0,
            "pagu_indikatif": 2450000.0,
            "rincian": null,
            "kode_bl": "645.645.4451.18379",
            "kode_sbl": "645.645.4451.18379.60666",
            "kunci_bl": 1,
            "kunci_bl_rinci": 1,
            "user_created": "SOINI, SE",
            "created_date": "21-01-2025",
            "created_time": "12:05",
            "user_updated": "SOINI, SE",
            "updated_date": "24-06-2025",
            "updated_time": "15:55",
            "is_locked": 0
        },
        {
            "id_sub_bl": 76994,
            "id_daerah": 473,
            "tahun": 2026,
            "id_unit": 645,
            "id_skpd": 645,
            "created_user": 1657,
            "kode_skpd": "7.01.0.00.0.00.15.0000",
            "nama_skpd": "Kecamatan Padang Jaya",
            "id_urusan": 17,
            "kode_urusan": "7",
            "nama_urusan": "UNSUR KEWILAYAHAN",
            "id_bidang_urusan": 243,
            "kode_bidang_urusan": "7.01",
            "nama_bidang_urusan": "KECAMATAN",
            "id_sub_skpd": 645,
            "kode_sub_skpd": "7.01.0.00.0.00.15.0000",
            "nama_sub_skpd": "Kecamatan Padang Jaya",
            "set_pagu_user": 1657,
            "set_pagu_at": "Thu, 26 Jun 2025 13:44:05 GMT",
            "id_program": 4451,
            "kode_program": "7.01.01",
            "nama_program": "PROGRAM PENUNJANG URUSAN PEMERINTAHAN DAERAH KABUPATEN/KOTA",
            "id_giat": 18379,
            "kode_giat": "7.01.01.2.09",
            "nama_giat": "Pemeliharaan Barang Milik Daerah Penunjang Urusan Pemerintahan Daerah",
            "pagu_giat": 84739000.0,
            "rinci_giat": null,
            "id_sub_giat": 60669,
            "kode_sub_giat": "7.01.01.2.09.0009",
            "nama_sub_giat": "Pemeliharaan/Rehabilitasi Gedung Kantor dan Bangunan Lainnya",
            "pagu": 0.0,
            "pagu_indikatif": 0.0,
            "rincian": null,
            "kode_bl": "645.645.4451.18379",
            "kode_sbl": "645.645.4451.18379.60669",
            "kunci_bl": 1,
            "kunci_bl_rinci": 1,
            "user_created": "SOINI, SE",
            "created_date": "24-06-2025",
            "created_time": "16:00",
            "user_updated": null,
            "updated_date": null,
            "updated_time": null,
            "is_locked": 0
        },
        {
            "id_sub_bl": 59612,
            "id_daerah": 473,
            "tahun": 2026,
            "id_unit": 645,
            "id_skpd": 645,
            "created_user": 1657,
            "kode_skpd": "7.01.0.00.0.00.15.0000",
            "nama_skpd": "Kecamatan Padang Jaya",
            "id_urusan": 17,
            "kode_urusan": "7",
            "nama_urusan": "UNSUR KEWILAYAHAN",
            "id_bidang_urusan": 243,
            "kode_bidang_urusan": "7.01",
            "nama_bidang_urusan": "KECAMATAN",
            "id_sub_skpd": 645,
            "kode_sub_skpd": "7.01.0.00.0.00.15.0000",
            "nama_sub_skpd": "Kecamatan Padang Jaya",
            "set_pagu_user": 1657,
            "set_pagu_at": "Thu, 26 Jun 2025 13:44:05 GMT",
            "id_program": 4451,
            "kode_program": "7.01.01",
            "nama_program": "PROGRAM PENUNJANG URUSAN PEMERINTAHAN DAERAH KABUPATEN/KOTA",
            "id_giat": 18379,
            "kode_giat": "7.01.01.2.09",
            "nama_giat": "Pemeliharaan Barang Milik Daerah Penunjang Urusan Pemerintahan Daerah",
            "pagu_giat": 84739000.0,
            "rinci_giat": null,
            "id_sub_giat": 60671,
            "kode_sub_giat": "7.01.01.2.09.0011",
            "nama_sub_giat": "Pemeliharaan/Rehabilitasi Sarana dan Prasarana Pendukung Gedung Kantor atau Bangunan Lainnya",
            "pagu": 45000000.0,
            "pagu_indikatif": 45000000.0,
            "rincian": null,
            "kode_bl": "645.645.4451.18379",
            "kode_sbl": "645.645.4451.18379.60671",
            "kunci_bl": 1,
            "kunci_bl_rinci": 1,
            "user_created": "SOINI, SE",
            "created_date": "21-01-2025",
            "created_time": "12:07",
            "user_updated": "SOINI, SE",
            "updated_date": "24-06-2025",
            "updated_time": "15:56",
            "is_locked": 0
        }
    ]