[
        {
            "id_sub_bl": 61080,
            "id_daerah": 473,
            "tahun": 2026,
            "id_unit": 704,
            "id_skpd": 704,
            "created_user": 1065,
            "kode_skpd": "7.01.0.00.0.00.13.0000",
            "nama_skpd": "Kecamatan Marga Sakti Sebelat",
            "id_urusan": 17,
            "kode_urusan": "7",
            "nama_urusan": "UNSUR KEWILAYAHAN",
            "id_bidang_urusan": 243,
            "kode_bidang_urusan": "7.01",
            "nama_bidang_urusan": "KECAMATAN",
            "id_sub_skpd": 704,
            "kode_sub_skpd": "7.01.0.00.0.00.13.0000",
            "nama_sub_skpd": "Kecamatan Marga Sakti Sebelat",
            "set_pagu_user": 1065,
            "set_pagu_at": "Tue, 25 Mar 2025 11:13:15 GMT",
            "id_program": 4418,
            "kode_program": "7.01.03",
            "nama_program": "PROGRAM PEMBERDAYAAN MASYARAKAT DESA DAN KELURAHAN",
            "id_giat": 18279,
            "kode_giat": "7.01.03.2.01",
            "nama_giat": "Koordinasi Kegiatan Pemberdayaan Desa",
            "pagu_giat": 22500000.0,
            "rinci_giat": null,
            "id_sub_giat": 59913,
            "kode_sub_giat": "7.01.03.2.01.0001",
            "nama_sub_giat": "Peningkatan Partisipasi Masyarakat dalam Forum Musyawarah Perencanaan Pembangunan di Desa",
            "pagu": 22500000.0,
            "pagu_indikatif": 22500000.0,
            "rincian": null,
            "kode_bl": "704.704.4418.18279",
            "kode_sbl": "704.704.4418.18279.59913",
            "kunci_bl": 1,
            "kunci_bl_rinci": 1,
            "user_created": "ABDUL HADI,S.IP",
            "created_date": "29-01-2025",
            "created_time": "23:05",
            "user_updated": "ABDUL HADI,S.IP",
            "updated_date": "31-01-2025",
            "updated_time": "21:24",
            "is_locked": 0
        },
        {
            "id_sub_bl": 61082,
            "id_daerah": 473,
            "tahun": 2026,
            "id_unit": 704,
            "id_skpd": 704,
            "created_user": 1065,
            "kode_skpd": "7.01.0.00.0.00.13.0000",
            "nama_skpd": "Kecamatan Marga Sakti Sebelat",
            "id_urusan": 17,
            "kode_urusan": "7",
            "nama_urusan": "UNSUR KEWILAYAHAN",
            "id_bidang_urusan": 243,
            "kode_bidang_urusan": "7.01",
            "nama_bidang_urusan": "KECAMATAN",
            "id_sub_skpd": 704,
            "kode_sub_skpd": "7.01.0.00.0.00.13.0000",
            "nama_sub_skpd": "Kecamatan Marga Sakti Sebelat",
            "set_pagu_user": 1065,
            "set_pagu_at": "Tue, 25 Mar 2025 11:13:15 GMT",
            "id_program": 4423,
            "kode_program": "7.01.06",
            "nama_program": "PROGRAM PEMBINAAN DAN PENGAWASAN PEMERINTAHAN DESA",
            "id_giat": 18290,
            "kode_giat": "7.01.06.2.01",
            "nama_giat": "Fasilitasi, Rekomendasi dan Koordinasi\n\nPembinaan dan Pengawasan Pemerintahan Desa",
            "pagu_giat": 109049304.0,
            "rinci_giat": null,
            "id_sub_giat": 59975,
            "kode_sub_giat": "7.01.06.2.01.0016",
            "nama_sub_giat": "Fasilitasi Penyusunan Program dan Pelaksanaan Pemberdayaan Masyarakat Desa",
            "pagu": 109049304.0,
            "pagu_indikatif": 109049304.0,
            "rincian": null,
            "kode_bl": "704.704.4423.18290",
            "kode_sbl": "704.704.4423.18290.59975",
            "kunci_bl": 1,
            "kunci_bl_rinci": 1,
            "user_created": "ABDUL HADI,S.IP",
            "created_date": "29-01-2025",
            "created_time": "23:10",
            "user_updated": "ABDUL HADI,S.IP",
            "updated_date": "25-03-2025",
            "updated_time": "11:12",
            "is_locked": 0
        },
        {
            "id_sub_bl": 61018,
            "id_daerah": 473,
            "tahun": 2026,
            "id_unit": 704,
            "id_skpd": 704,
            "created_user": 1065,
            "kode_skpd": "7.01.0.00.0.00.13.0000",
            "nama_skpd": "Kecamatan Marga Sakti Sebelat",
            "id_urusan": 17,
            "kode_urusan": "7",
            "nama_urusan": "UNSUR KEWILAYAHAN",
            "id_bidang_urusan": 243,
            "kode_bidang_urusan": "7.01",
            "nama_bidang_urusan": "KECAMATAN",
            "id_sub_skpd": 704,
            "kode_sub_skpd": "7.01.0.00.0.00.13.0000",
            "nama_sub_skpd": "Kecamatan Marga Sakti Sebelat",
            "set_pagu_user": 1065,
            "set_pagu_at": "Tue, 25 Mar 2025 11:13:15 GMT",
            "id_program": 4451,
            "kode_program": "7.01.01",
            "nama_program": "PROGRAM PENUNJANG URUSAN PEMERINTAHAN DAERAH KABUPATEN/KOTA",
            "id_giat": 18371,
            "kode_giat": "7.01.01.2.01",
            "nama_giat": "Perencanaan, Penganggaran, dan Evaluasi Kinerja Perangkat Daerah",
            "pagu_giat": 59000000.0,
            "rinci_giat": null,
            "id_sub_giat": 60589,
            "kode_sub_giat": "7.01.01.2.01.0001",
            "nama_sub_giat": "Penyusunan Dokumen Perencanaan Perangkat Daerah",
            "pagu": 7500000.0,
            "pagu_indikatif": 7500000.0,
            "rincian": null,
            "kode_bl": "704.704.4451.18371",
            "kode_sbl": "704.704.4451.18371.60589",
            "kunci_bl": 1,
            "kunci_bl_rinci": 1,
            "user_created": "ABDUL HADI,S.IP",
            "created_date": "29-01-2025",
            "created_time": "21:34",
            "user_updated": "ABDUL HADI,S.IP",
            "updated_date": "31-01-2025",
            "updated_time": "21:28",
            "is_locked": 0
        },
        {
            "id_sub_bl": 61023,
            "id_daerah": 473,
            "tahun": 2026,
            "id_unit": 704,
            "id_skpd": 704,
            "created_user": 1065,
            "kode_skpd": "7.01.0.00.0.00.13.0000",
            "nama_skpd": "Kecamatan Marga Sakti Sebelat",
            "id_urusan": 17,
            "kode_urusan": "7",
            "nama_urusan": "UNSUR KEWILAYAHAN",
            "id_bidang_urusan": 243,
            "kode_bidang_urusan": "7.01",
            "nama_bidang_urusan": "KECAMATAN",
            "id_sub_skpd": 704,
            "kode_sub_skpd": "7.01.0.00.0.00.13.0000",
            "nama_sub_skpd": "Kecamatan Marga Sakti Sebelat",
            "set_pagu_user": 1065,
            "set_pagu_at": "Tue, 25 Mar 2025 11:13:15 GMT",
            "id_program": 4451,
            "kode_program": "7.01.01",
            "nama_program": "PROGRAM PENUNJANG URUSAN PEMERINTAHAN DAERAH KABUPATEN/KOTA",
            "id_giat": 18371,
            "kode_giat": "7.01.01.2.01",
            "nama_giat": "Perencanaan, Penganggaran, dan Evaluasi Kinerja Perangkat Daerah",
            "pagu_giat": 59000000.0,
            "rinci_giat": null,
            "id_sub_giat": 60590,
            "kode_sub_giat": "7.01.01.2.01.0002",
            "nama_sub_giat": "Koordinasi dan Penyusunan Dokumen RKA-SKPD",
            "pagu": 10000000.0,
            "pagu_indikatif": 10000000.0,
            "rincian": null,
            "kode_bl": "704.704.4451.18371",
            "kode_sbl": "704.704.4451.18371.60590",
            "kunci_bl": 1,
            "kunci_bl_rinci": 1,
            "user_created": "ABDUL HADI,S.IP",
            "created_date": "29-01-2025",
            "created_time": "21:39",
            "user_updated": "ABDUL HADI,S.IP",
            "updated_date": "31-01-2025",
            "updated_time": "21:29",
            "is_locked": 0
        },
        {
            "id_sub_bl": 61060,
            "id_daerah": 473,
            "tahun": 2026,
            "id_unit": 704,
            "id_skpd": 704,
            "created_user": 1065,
            "kode_skpd": "7.01.0.00.0.00.13.0000",
            "nama_skpd": "Kecamatan Marga Sakti Sebelat",
            "id_urusan": 17,
            "kode_urusan": "7",
            "nama_urusan": "UNSUR KEWILAYAHAN",
            "id_bidang_urusan": 243,
            "kode_bidang_urusan": "7.01",
            "nama_bidang_urusan": "KECAMATAN",
            "id_sub_skpd": 704,
            "kode_sub_skpd": "7.01.0.00.0.00.13.0000",
            "nama_sub_skpd": "Kecamatan Marga Sakti Sebelat",
            "set_pagu_user": 1065,
            "set_pagu_at": "Tue, 25 Mar 2025 11:13:15 GMT",
            "id_program": 4451,
            "kode_program": "7.01.01",
            "nama_program": "PROGRAM PENUNJANG URUSAN PEMERINTAHAN DAERAH KABUPATEN/KOTA",
            "id_giat": 18371,
            "kode_giat": "7.01.01.2.01",
            "nama_giat": "Perencanaan, Penganggaran, dan Evaluasi Kinerja Perangkat Daerah",
            "pagu_giat": 59000000.0,
            "rinci_giat": null,
            "id_sub_giat": 60591,
            "kode_sub_giat": "7.01.01.2.01.0003",
            "nama_sub_giat": "Koordinasi dan Penyusunan Dokumen Perubahan RKA-SKPD",
            "pagu": 8000000.0,
            "pagu_indikatif": 8000000.0,
            "rincian": null,
            "kode_bl": "704.704.4451.18371",
            "kode_sbl": "704.704.4451.18371.60591",
            "kunci_bl": 1,
            "kunci_bl_rinci": 1,
            "user_created": "ABDUL HADI,S.IP",
            "created_date": "29-01-2025",
            "created_time": "22:24",
            "user_updated": "ABDUL HADI,S.IP",
            "updated_date": "31-01-2025",
            "updated_time": "21:30",
            "is_locked": 0
        },
        {
            "id_sub_bl": 61062,
            "id_daerah": 473,
            "tahun": 2026,
            "id_unit": 704,
            "id_skpd": 704,
            "created_user": 1065,
            "kode_skpd": "7.01.0.00.0.00.13.0000",
            "nama_skpd": "Kecamatan Marga Sakti Sebelat",
            "id_urusan": 17,
            "kode_urusan": "7",
            "nama_urusan": "UNSUR KEWILAYAHAN",
            "id_bidang_urusan": 243,
            "kode_bidang_urusan": "7.01",
            "nama_bidang_urusan": "KECAMATAN",
            "id_sub_skpd": 704,
            "kode_sub_skpd": "7.01.0.00.0.00.13.0000",
            "nama_sub_skpd": "Kecamatan Marga Sakti Sebelat",
            "set_pagu_user": 1065,
            "set_pagu_at": "Tue, 25 Mar 2025 11:13:15 GMT",
            "id_program": 4451,
            "kode_program": "7.01.01",
            "nama_program": "PROGRAM PENUNJANG URUSAN PEMERINTAHAN DAERAH KABUPATEN/KOTA",
            "id_giat": 18371,
            "kode_giat": "7.01.01.2.01",
            "nama_giat": "Perencanaan, Penganggaran, dan Evaluasi Kinerja Perangkat Daerah",
            "pagu_giat": 59000000.0,
            "rinci_giat": null,
            "id_sub_giat": 60592,
            "kode_sub_giat": "7.01.01.2.01.0004",
            "nama_sub_giat": "Koordinasi dan Penyusunan DPA-SKPD",
            "pagu": 10000000.0,
            "pagu_indikatif": 10000000.0,
            "rincian": null,
            "kode_bl": "704.704.4451.18371",
            "kode_sbl": "704.704.4451.18371.60592",
            "kunci_bl": 1,
            "kunci_bl_rinci": 1,
            "user_created": "ABDUL HADI,S.IP",
            "created_date": "29-01-2025",
            "created_time": "22:29",
            "user_updated": "ABDUL HADI,S.IP",
            "updated_date": "31-01-2025",
            "updated_time": "21:31",
            "is_locked": 0
        },
        {
            "id_sub_bl": 61038,
            "id_daerah": 473,
            "tahun": 2026,
            "id_unit": 704,
            "id_skpd": 704,
            "created_user": 1065,
            "kode_skpd": "7.01.0.00.0.00.13.0000",
            "nama_skpd": "Kecamatan Marga Sakti Sebelat",
            "id_urusan": 17,
            "kode_urusan": "7",
            "nama_urusan": "UNSUR KEWILAYAHAN",
            "id_bidang_urusan": 243,
            "kode_bidang_urusan": "7.01",
            "nama_bidang_urusan": "KECAMATAN",
            "id_sub_skpd": 704,
            "kode_sub_skpd": "7.01.0.00.0.00.13.0000",
            "nama_sub_skpd": "Kecamatan Marga Sakti Sebelat",
            "set_pagu_user": 1065,
            "set_pagu_at": "Tue, 25 Mar 2025 11:13:15 GMT",
            "id_program": 4451,
            "kode_program": "7.01.01",
            "nama_program": "PROGRAM PENUNJANG URUSAN PEMERINTAHAN DAERAH KABUPATEN/KOTA",
            "id_giat": 18371,
            "kode_giat": "7.01.01.2.01",
            "nama_giat": "Perencanaan, Penganggaran, dan Evaluasi Kinerja Perangkat Daerah",
            "pagu_giat": 59000000.0,
            "rinci_giat": null,
            "id_sub_giat": 60593,
            "kode_sub_giat": "7.01.01.2.01.0005",
            "nama_sub_giat": "Koordinasi dan Penyusunan Perubahan DPA- SKPD",
            "pagu": 9000000.0,
            "pagu_indikatif": 9000000.0,
            "rincian": null,
            "kode_bl": "704.704.4451.18371",
            "kode_sbl": "704.704.4451.18371.60593",
            "kunci_bl": 1,
            "kunci_bl_rinci": 1,
            "user_created": "ABDUL HADI,S.IP",
            "created_date": "29-01-2025",
            "created_time": "21:56",
            "user_updated": "ABDUL HADI,S.IP",
            "updated_date": "31-01-2025",
            "updated_time": "21:32",
            "is_locked": 0
        },
        {
            "id_sub_bl": 61042,
            "id_daerah": 473,
            "tahun": 2026,
            "id_unit": 704,
            "id_skpd": 704,
            "created_user": 1065,
            "kode_skpd": "7.01.0.00.0.00.13.0000",
            "nama_skpd": "Kecamatan Marga Sakti Sebelat",
            "id_urusan": 17,
            "kode_urusan": "7",
            "nama_urusan": "UNSUR KEWILAYAHAN",
            "id_bidang_urusan": 243,
            "kode_bidang_urusan": "7.01",
            "nama_bidang_urusan": "KECAMATAN",
            "id_sub_skpd": 704,
            "kode_sub_skpd": "7.01.0.00.0.00.13.0000",
            "nama_sub_skpd": "Kecamatan Marga Sakti Sebelat",
            "set_pagu_user": 1065,
            "set_pagu_at": "Tue, 25 Mar 2025 11:13:15 GMT",
            "id_program": 4451,
            "kode_program": "7.01.01",
            "nama_program": "PROGRAM PENUNJANG URUSAN PEMERINTAHAN DAERAH KABUPATEN/KOTA",
            "id_giat": 18371,
            "kode_giat": "7.01.01.2.01",
            "nama_giat": "Perencanaan, Penganggaran, dan Evaluasi Kinerja Perangkat Daerah",
            "pagu_giat": 59000000.0,
            "rinci_giat": null,
            "id_sub_giat": 60594,
            "kode_sub_giat": "7.01.01.2.01.0006",
            "nama_sub_giat": "Koordinasi dan Penyusunan Laporan Capaian Kinerja dan Ikhtisar Realisasi Kinerja SKPD",
            "pagu": 6000000.0,
            "pagu_indikatif": 6000000.0,
            "rincian": null,
            "kode_bl": "704.704.4451.18371",
            "kode_sbl": "704.704.4451.18371.60594",
            "kunci_bl": 1,
            "kunci_bl_rinci": 1,
            "user_created": "ABDUL HADI,S.IP",
            "created_date": "29-01-2025",
            "created_time": "22:00",
            "user_updated": "ABDUL HADI,S.IP",
            "updated_date": "31-01-2025",
            "updated_time": "21:32",
            "is_locked": 0
        },
        {
            "id_sub_bl": 61047,
            "id_daerah": 473,
            "tahun": 2026,
            "id_unit": 704,
            "id_skpd": 704,
            "created_user": 1065,
            "kode_skpd": "7.01.0.00.0.00.13.0000",
            "nama_skpd": "Kecamatan Marga Sakti Sebelat",
            "id_urusan": 17,
            "kode_urusan": "7",
            "nama_urusan": "UNSUR KEWILAYAHAN",
            "id_bidang_urusan": 243,
            "kode_bidang_urusan": "7.01",
            "nama_bidang_urusan": "KECAMATAN",
            "id_sub_skpd": 704,
            "kode_sub_skpd": "7.01.0.00.0.00.13.0000",
            "nama_sub_skpd": "Kecamatan Marga Sakti Sebelat",
            "set_pagu_user": 1065,
            "set_pagu_at": "Tue, 25 Mar 2025 11:13:15 GMT",
            "id_program": 4451,
            "kode_program": "7.01.01",
            "nama_program": "PROGRAM PENUNJANG URUSAN PEMERINTAHAN DAERAH KABUPATEN/KOTA",
            "id_giat": 18371,
            "kode_giat": "7.01.01.2.01",
            "nama_giat": "Perencanaan, Penganggaran, dan Evaluasi Kinerja Perangkat Daerah",
            "pagu_giat": 59000000.0,
            "rinci_giat": null,
            "id_sub_giat": 60595,
            "kode_sub_giat": "7.01.01.2.01.0007",
            "nama_sub_giat": "Evaluasi Kinerja Perangkat Daerah",
            "pagu": 8500000.0,
            "pagu_indikatif": 8500000.0,
            "rincian": null,
            "kode_bl": "704.704.4451.18371",
            "kode_sbl": "704.704.4451.18371.60595",
            "kunci_bl": 1,
            "kunci_bl_rinci": 1,
            "user_created": "ABDUL HADI,S.IP",
            "created_date": "29-01-2025",
            "created_time": "22:08",
            "user_updated": "ABDUL HADI,S.IP",
            "updated_date": "31-01-2025",
            "updated_time": "21:34",
            "is_locked": 0
        },
        {
            "id_sub_bl": 61044,
            "id_daerah": 473,
            "tahun": 2026,
            "id_unit": 704,
            "id_skpd": 704,
            "created_user": 1065,
            "kode_skpd": "7.01.0.00.0.00.13.0000",
            "nama_skpd": "Kecamatan Marga Sakti Sebelat",
            "id_urusan": 17,
            "kode_urusan": "7",
            "nama_urusan": "UNSUR KEWILAYAHAN",
            "id_bidang_urusan": 243,
            "kode_bidang_urusan": "7.01",
            "nama_bidang_urusan": "KECAMATAN",
            "id_sub_skpd": 704,
            "kode_sub_skpd": "7.01.0.00.0.00.13.0000",
            "nama_sub_skpd": "Kecamatan Marga Sakti Sebelat",
            "set_pagu_user": 1065,
            "set_pagu_at": "Tue, 25 Mar 2025 11:13:15 GMT",
            "id_program": 4451,
            "kode_program": "7.01.01",
            "nama_program": "PROGRAM PENUNJANG URUSAN PEMERINTAHAN DAERAH KABUPATEN/KOTA",
            "id_giat": 18372,
            "kode_giat": "7.01.01.2.02",
            "nama_giat": "Administrasi Keuangan Perangkat Daerah",
            "pagu_giat": 1244688774.0,
            "rinci_giat": null,
            "id_sub_giat": 60602,
            "kode_sub_giat": "7.01.01.2.02.0001",
            "nama_sub_giat": "Penyediaan Gaji dan Tunjangan ASN",
            "pagu": 1201188774.0,
            "pagu_indikatif": 1201188774.0,
            "rincian": null,
            "kode_bl": "704.704.4451.18372",
            "kode_sbl": "704.704.4451.18372.60602",
            "kunci_bl": 1,
            "kunci_bl_rinci": 1,
            "user_created": "ABDUL HADI,S.IP",
            "created_date": "29-01-2025",
            "created_time": "22:05",
            "user_updated": "ABDUL HADI,S.IP",
            "updated_date": "31-01-2025",
            "updated_time": "21:36",
            "is_locked": 0
        },
        {
            "id_sub_bl": 61049,
            "id_daerah": 473,
            "tahun": 2026,
            "id_unit": 704,
            "id_skpd": 704,
            "created_user": 1065,
            "kode_skpd": "7.01.0.00.0.00.13.0000",
            "nama_skpd": "Kecamatan Marga Sakti Sebelat",
            "id_urusan": 17,
            "kode_urusan": "7",
            "nama_urusan": "UNSUR KEWILAYAHAN",
            "id_bidang_urusan": 243,
            "kode_bidang_urusan": "7.01",
            "nama_bidang_urusan": "KECAMATAN",
            "id_sub_skpd": 704,
            "kode_sub_skpd": "7.01.0.00.0.00.13.0000",
            "nama_sub_skpd": "Kecamatan Marga Sakti Sebelat",
            "set_pagu_user": 1065,
            "set_pagu_at": "Tue, 25 Mar 2025 11:13:15 GMT",
            "id_program": 4451,
            "kode_program": "7.01.01",
            "nama_program": "PROGRAM PENUNJANG URUSAN PEMERINTAHAN DAERAH KABUPATEN/KOTA",
            "id_giat": 18372,
            "kode_giat": "7.01.01.2.02",
            "nama_giat": "Administrasi Keuangan Perangkat Daerah",
            "pagu_giat": 1244688774.0,
            "rinci_giat": null,
            "id_sub_giat": 60604,
            "kode_sub_giat": "7.01.01.2.02.0003",
            "nama_sub_giat": "Pelaksanaan Penatausahaan dan\r\n\nPengujian/Verifikasi Keuangan SKPD",
            "pagu": 31000000.0,
            "pagu_indikatif": 31000000.0,
            "rincian": null,
            "kode_bl": "704.704.4451.18372",
            "kode_sbl": "704.704.4451.18372.60604",
            "kunci_bl": 1,
            "kunci_bl_rinci": 1,
            "user_created": "ABDUL HADI,S.IP",
            "created_date": "29-01-2025",
            "created_time": "22:11",
            "user_updated": "ABDUL HADI,S.IP",
            "updated_date": "31-01-2025",
            "updated_time": "21:37",
            "is_locked": 0
        },
        {
            "id_sub_bl": 61052,
            "id_daerah": 473,
            "tahun": 2026,
            "id_unit": 704,
            "id_skpd": 704,
            "created_user": 1065,
            "kode_skpd": "7.01.0.00.0.00.13.0000",
            "nama_skpd": "Kecamatan Marga Sakti Sebelat",
            "id_urusan": 17,
            "kode_urusan": "7",
            "nama_urusan": "UNSUR KEWILAYAHAN",
            "id_bidang_urusan": 243,
            "kode_bidang_urusan": "7.01",
            "nama_bidang_urusan": "KECAMATAN",
            "id_sub_skpd": 704,
            "kode_sub_skpd": "7.01.0.00.0.00.13.0000",
            "nama_sub_skpd": "Kecamatan Marga Sakti Sebelat",
            "set_pagu_user": 1065,
            "set_pagu_at": "Tue, 25 Mar 2025 11:13:15 GMT",
            "id_program": 4451,
            "kode_program": "7.01.01",
            "nama_program": "PROGRAM PENUNJANG URUSAN PEMERINTAHAN DAERAH KABUPATEN/KOTA",
            "id_giat": 18372,
            "kode_giat": "7.01.01.2.02",
            "nama_giat": "Administrasi Keuangan Perangkat Daerah",
            "pagu_giat": 1244688774.0,
            "rinci_giat": null,
            "id_sub_giat": 60606,
            "kode_sub_giat": "7.01.01.2.02.0005",
            "nama_sub_giat": "Koordinasi dan Penyusunan Laporan Keuangan Akhir Tahun SKPD",
            "pagu": 6500000.0,
            "pagu_indikatif": 6500000.0,
            "rincian": null,
            "kode_bl": "704.704.4451.18372",
            "kode_sbl": "704.704.4451.18372.60606",
            "kunci_bl": 1,
            "kunci_bl_rinci": 1,
            "user_created": "ABDUL HADI,S.IP",
            "created_date": "29-01-2025",
            "created_time": "22:14",
            "user_updated": "ABDUL HADI,S.IP",
            "updated_date": "31-01-2025",
            "updated_time": "21:38",
            "is_locked": 0
        },
        {
            "id_sub_bl": 61058,
            "id_daerah": 473,
            "tahun": 2026,
            "id_unit": 704,
            "id_skpd": 704,
            "created_user": 1065,
            "kode_skpd": "7.01.0.00.0.00.13.0000",
            "nama_skpd": "Kecamatan Marga Sakti Sebelat",
            "id_urusan": 17,
            "kode_urusan": "7",
            "nama_urusan": "UNSUR KEWILAYAHAN",
            "id_bidang_urusan": 243,
            "kode_bidang_urusan": "7.01",
            "nama_bidang_urusan": "KECAMATAN",
            "id_sub_skpd": 704,
            "kode_sub_skpd": "7.01.0.00.0.00.13.0000",
            "nama_sub_skpd": "Kecamatan Marga Sakti Sebelat",
            "set_pagu_user": 1065,
            "set_pagu_at": "Tue, 25 Mar 2025 11:13:15 GMT",
            "id_program": 4451,
            "kode_program": "7.01.01",
            "nama_program": "PROGRAM PENUNJANG URUSAN PEMERINTAHAN DAERAH KABUPATEN/KOTA",
            "id_giat": 18372,
            "kode_giat": "7.01.01.2.02",
            "nama_giat": "Administrasi Keuangan Perangkat Daerah",
            "pagu_giat": 1244688774.0,
            "rinci_giat": null,
            "id_sub_giat": 60608,
            "kode_sub_giat": "7.01.01.2.02.0007",
            "nama_sub_giat": "Koordinasi dan Penyusunan Laporan Keuangan Bulanan/ Triwulanan/ Semesteran SKPD",
            "pagu": 6000000.0,
            "pagu_indikatif": 6000000.0,
            "rincian": null,
            "kode_bl": "704.704.4451.18372",
            "kode_sbl": "704.704.4451.18372.60608",
            "kunci_bl": 1,
            "kunci_bl_rinci": 1,
            "user_created": "ABDUL HADI,S.IP",
            "created_date": "29-01-2025",
            "created_time": "22:21",
            "user_updated": "ABDUL HADI,S.IP",
            "updated_date": "31-01-2025",
            "updated_time": "21:39",
            "is_locked": 0
        },
        {
            "id_sub_bl": 61055,
            "id_daerah": 473,
            "tahun": 2026,
            "id_unit": 704,
            "id_skpd": 704,
            "created_user": 1065,
            "kode_skpd": "7.01.0.00.0.00.13.0000",
            "nama_skpd": "Kecamatan Marga Sakti Sebelat",
            "id_urusan": 17,
            "kode_urusan": "7",
            "nama_urusan": "UNSUR KEWILAYAHAN",
            "id_bidang_urusan": 243,
            "kode_bidang_urusan": "7.01",
            "nama_bidang_urusan": "KECAMATAN",
            "id_sub_skpd": 704,
            "kode_sub_skpd": "7.01.0.00.0.00.13.0000",
            "nama_sub_skpd": "Kecamatan Marga Sakti Sebelat",
            "set_pagu_user": 1065,
            "set_pagu_at": "Tue, 25 Mar 2025 11:13:15 GMT",
            "id_program": 4451,
            "kode_program": "7.01.01",
            "nama_program": "PROGRAM PENUNJANG URUSAN PEMERINTAHAN DAERAH KABUPATEN/KOTA",
            "id_giat": 18373,
            "kode_giat": "7.01.01.2.03",
            "nama_giat": "Administrasi Barang Milik Daerah pada Perangkat Daerah",
            "pagu_giat": 29900000.0,
            "rinci_giat": null,
            "id_sub_giat": 60615,
            "kode_sub_giat": "7.01.01.2.03.0006",
            "nama_sub_giat": "Penatausahaan Barang Milik Daerah pada SKPD",
            "pagu": 29900000.0,
            "pagu_indikatif": 29900000.0,
            "rincian": null,
            "kode_bl": "704.704.4451.18373",
            "kode_sbl": "704.704.4451.18373.60615",
            "kunci_bl": 1,
            "kunci_bl_rinci": 1,
            "user_created": "ABDUL HADI,S.IP",
            "created_date": "29-01-2025",
            "created_time": "22:18",
            "user_updated": "ABDUL HADI,S.IP",
            "updated_date": "31-01-2025",
            "updated_time": "21:40",
            "is_locked": 0
        },
        {
            "id_sub_bl": 61090,
            "id_daerah": 473,
            "tahun": 2026,
            "id_unit": 704,
            "id_skpd": 704,
            "created_user": 1065,
            "kode_skpd": "7.01.0.00.0.00.13.0000",
            "nama_skpd": "Kecamatan Marga Sakti Sebelat",
            "id_urusan": 17,
            "kode_urusan": "7",
            "nama_urusan": "UNSUR KEWILAYAHAN",
            "id_bidang_urusan": 243,
            "kode_bidang_urusan": "7.01",
            "nama_bidang_urusan": "KECAMATAN",
            "id_sub_skpd": 704,
            "kode_sub_skpd": "7.01.0.00.0.00.13.0000",
            "nama_sub_skpd": "Kecamatan Marga Sakti Sebelat",
            "set_pagu_user": 1065,
            "set_pagu_at": "Tue, 25 Mar 2025 11:13:15 GMT",
            "id_program": 4451,
            "kode_program": "7.01.01",
            "nama_program": "PROGRAM PENUNJANG URUSAN PEMERINTAHAN DAERAH KABUPATEN/KOTA",
            "id_giat": 18375,
            "kode_giat": "7.01.01.2.05",
            "nama_giat": "Administrasi Kepegawaian Perangkat Daerah",
            "pagu_giat": 15000000.0,
            "rinci_giat": null,
            "id_sub_giat": 60625,
            "kode_sub_giat": "7.01.01.2.05.0002",
            "nama_sub_giat": "Pengadaan Pakaian Dinas beserta Atribut Kelengkapannya",
            "pagu": 15000000.0,
            "pagu_indikatif": 15000000.0,
            "rincian": null,
            "kode_bl": "704.704.4451.18375",
            "kode_sbl": "704.704.4451.18375.60625",
            "kunci_bl": 1,
            "kunci_bl_rinci": 1,
            "user_created": "ABDUL HADI,S.IP",
            "created_date": "29-01-2025",
            "created_time": "23:30",
            "user_updated": "ABDUL HADI,S.IP",
            "updated_date": "31-01-2025",
            "updated_time": "21:42",
            "is_locked": 0
        },
        {
            "id_sub_bl": 61064,
            "id_daerah": 473,
            "tahun": 2026,
            "id_unit": 704,
            "id_skpd": 704,
            "created_user": 1065,
            "kode_skpd": "7.01.0.00.0.00.13.0000",
            "nama_skpd": "Kecamatan Marga Sakti Sebelat",
            "id_urusan": 17,
            "kode_urusan": "7",
            "nama_urusan": "UNSUR KEWILAYAHAN",
            "id_bidang_urusan": 243,
            "kode_bidang_urusan": "7.01",
            "nama_bidang_urusan": "KECAMATAN",
            "id_sub_skpd": 704,
            "kode_sub_skpd": "7.01.0.00.0.00.13.0000",
            "nama_sub_skpd": "Kecamatan Marga Sakti Sebelat",
            "set_pagu_user": 1065,
            "set_pagu_at": "Tue, 25 Mar 2025 11:13:15 GMT",
            "id_program": 4451,
            "kode_program": "7.01.01",
            "nama_program": "PROGRAM PENUNJANG URUSAN PEMERINTAHAN DAERAH KABUPATEN/KOTA",
            "id_giat": 18376,
            "kode_giat": "7.01.01.2.06",
            "nama_giat": "Administrasi Umum Perangkat Daerah",
            "pagu_giat": 130230500.0,
            "rinci_giat": null,
            "id_sub_giat": 60635,
            "kode_sub_giat": "7.01.01.2.06.0001",
            "nama_sub_giat": "Penyediaan Komponen Instalasi\r\n\nListrik/Penerangan Bangunan Kantor",
            "pagu": 6000000.0,
            "pagu_indikatif": 6000000.0,
            "rincian": null,
            "kode_bl": "704.704.4451.18376",
            "kode_sbl": "704.704.4451.18376.60635",
            "kunci_bl": 1,
            "kunci_bl_rinci": 1,
            "user_created": "ABDUL HADI,S.IP",
            "created_date": "29-01-2025",
            "created_time": "22:32",
            "user_updated": "ABDUL HADI,S.IP",
            "updated_date": "31-01-2025",
            "updated_time": "21:42",
            "is_locked": 0
        },
        {
            "id_sub_bl": 61065,
            "id_daerah": 473,
            "tahun": 2026,
            "id_unit": 704,
            "id_skpd": 704,
            "created_user": 1065,
            "kode_skpd": "7.01.0.00.0.00.13.0000",
            "nama_skpd": "Kecamatan Marga Sakti Sebelat",
            "id_urusan": 17,
            "kode_urusan": "7",
            "nama_urusan": "UNSUR KEWILAYAHAN",
            "id_bidang_urusan": 243,
            "kode_bidang_urusan": "7.01",
            "nama_bidang_urusan": "KECAMATAN",
            "id_sub_skpd": 704,
            "kode_sub_skpd": "7.01.0.00.0.00.13.0000",
            "nama_sub_skpd": "Kecamatan Marga Sakti Sebelat",
            "set_pagu_user": 1065,
            "set_pagu_at": "Tue, 25 Mar 2025 11:13:15 GMT",
            "id_program": 4451,
            "kode_program": "7.01.01",
            "nama_program": "PROGRAM PENUNJANG URUSAN PEMERINTAHAN DAERAH KABUPATEN/KOTA",
            "id_giat": 18376,
            "kode_giat": "7.01.01.2.06",
            "nama_giat": "Administrasi Umum Perangkat Daerah",
            "pagu_giat": 130230500.0,
            "rinci_giat": null,
            "id_sub_giat": 60638,
            "kode_sub_giat": "7.01.01.2.06.0004",
            "nama_sub_giat": "Penyediaan Bahan Logistik Kantor",
            "pagu": 21587000.0,
            "pagu_indikatif": 21587000.0,
            "rincian": null,
            "kode_bl": "704.704.4451.18376",
            "kode_sbl": "704.704.4451.18376.60638",
            "kunci_bl": 1,
            "kunci_bl_rinci": 1,
            "user_created": "ABDUL HADI,S.IP",
            "created_date": "29-01-2025",
            "created_time": "22:34",
            "user_updated": "ABDUL HADI,S.IP",
            "updated_date": "31-01-2025",
            "updated_time": "21:44",
            "is_locked": 0
        },
        {
            "id_sub_bl": 61066,
            "id_daerah": 473,
            "tahun": 2026,
            "id_unit": 704,
            "id_skpd": 704,
            "created_user": 1065,
            "kode_skpd": "7.01.0.00.0.00.13.0000",
            "nama_skpd": "Kecamatan Marga Sakti Sebelat",
            "id_urusan": 17,
            "kode_urusan": "7",
            "nama_urusan": "UNSUR KEWILAYAHAN",
            "id_bidang_urusan": 243,
            "kode_bidang_urusan": "7.01",
            "nama_bidang_urusan": "KECAMATAN",
            "id_sub_skpd": 704,
            "kode_sub_skpd": "7.01.0.00.0.00.13.0000",
            "nama_sub_skpd": "Kecamatan Marga Sakti Sebelat",
            "set_pagu_user": 1065,
            "set_pagu_at": "Tue, 25 Mar 2025 11:13:15 GMT",
            "id_program": 4451,
            "kode_program": "7.01.01",
            "nama_program": "PROGRAM PENUNJANG URUSAN PEMERINTAHAN DAERAH KABUPATEN/KOTA",
            "id_giat": 18376,
            "kode_giat": "7.01.01.2.06",
            "nama_giat": "Administrasi Umum Perangkat Daerah",
            "pagu_giat": 130230500.0,
            "rinci_giat": null,
            "id_sub_giat": 60639,
            "kode_sub_giat": "7.01.01.2.06.0005",
            "nama_sub_giat": "Penyediaan Barang Cetakan dan Penggandaan",
            "pagu": 5807500.0,
            "pagu_indikatif": 5807500.0,
            "rincian": null,
            "kode_bl": "704.704.4451.18376",
            "kode_sbl": "704.704.4451.18376.60639",
            "kunci_bl": 1,
            "kunci_bl_rinci": 1,
            "user_created": "ABDUL HADI,S.IP",
            "created_date": "29-01-2025",
            "created_time": "22:36",
            "user_updated": "ABDUL HADI,S.IP",
            "updated_date": "31-01-2025",
            "updated_time": "21:46",
            "is_locked": 0
        },
        {
            "id_sub_bl": 61067,
            "id_daerah": 473,
            "tahun": 2026,
            "id_unit": 704,
            "id_skpd": 704,
            "created_user": 1065,
            "kode_skpd": "7.01.0.00.0.00.13.0000",
            "nama_skpd": "Kecamatan Marga Sakti Sebelat",
            "id_urusan": 17,
            "kode_urusan": "7",
            "nama_urusan": "UNSUR KEWILAYAHAN",
            "id_bidang_urusan": 243,
            "kode_bidang_urusan": "7.01",
            "nama_bidang_urusan": "KECAMATAN",
            "id_sub_skpd": 704,
            "kode_sub_skpd": "7.01.0.00.0.00.13.0000",
            "nama_sub_skpd": "Kecamatan Marga Sakti Sebelat",
            "set_pagu_user": 1065,
            "set_pagu_at": "Tue, 25 Mar 2025 11:13:15 GMT",
            "id_program": 4451,
            "kode_program": "7.01.01",
            "nama_program": "PROGRAM PENUNJANG URUSAN PEMERINTAHAN DAERAH KABUPATEN/KOTA",
            "id_giat": 18376,
            "kode_giat": "7.01.01.2.06",
            "nama_giat": "Administrasi Umum Perangkat Daerah",
            "pagu_giat": 130230500.0,
            "rinci_giat": null,
            "id_sub_giat": 60640,
            "kode_sub_giat": "7.01.01.2.06.0006",
            "nama_sub_giat": "Penyediaan Bahan Bacaan dan Peraturan Perundang-undangan",
            "pagu": 8500000.0,
            "pagu_indikatif": 8500000.0,
            "rincian": null,
            "kode_bl": "704.704.4451.18376",
            "kode_sbl": "704.704.4451.18376.60640",
            "kunci_bl": 1,
            "kunci_bl_rinci": 1,
            "user_created": "ABDUL HADI,S.IP",
            "created_date": "29-01-2025",
            "created_time": "22:39",
            "user_updated": "ABDUL HADI,S.IP",
            "updated_date": "31-01-2025",
            "updated_time": "21:47",
            "is_locked": 0
        },
        {
            "id_sub_bl": 61069,
            "id_daerah": 473,
            "tahun": 2026,
            "id_unit": 704,
            "id_skpd": 704,
            "created_user": 1065,
            "kode_skpd": "7.01.0.00.0.00.13.0000",
            "nama_skpd": "Kecamatan Marga Sakti Sebelat",
            "id_urusan": 17,
            "kode_urusan": "7",
            "nama_urusan": "UNSUR KEWILAYAHAN",
            "id_bidang_urusan": 243,
            "kode_bidang_urusan": "7.01",
            "nama_bidang_urusan": "KECAMATAN",
            "id_sub_skpd": 704,
            "kode_sub_skpd": "7.01.0.00.0.00.13.0000",
            "nama_sub_skpd": "Kecamatan Marga Sakti Sebelat",
            "set_pagu_user": 1065,
            "set_pagu_at": "Tue, 25 Mar 2025 11:13:15 GMT",
            "id_program": 4451,
            "kode_program": "7.01.01",
            "nama_program": "PROGRAM PENUNJANG URUSAN PEMERINTAHAN DAERAH KABUPATEN/KOTA",
            "id_giat": 18376,
            "kode_giat": "7.01.01.2.06",
            "nama_giat": "Administrasi Umum Perangkat Daerah",
            "pagu_giat": 130230500.0,
            "rinci_giat": null,
            "id_sub_giat": 60643,
            "kode_sub_giat": "7.01.01.2.06.0009",
            "nama_sub_giat": "Penyelenggaraan Rapat Koordinasi dan Konsultasi SKPD",
            "pagu": 88336000.0,
            "pagu_indikatif": 88336000.0,
            "rincian": null,
            "kode_bl": "704.704.4451.18376",
            "kode_sbl": "704.704.4451.18376.60643",
            "kunci_bl": 1,
            "kunci_bl_rinci": 1,
            "user_created": "ABDUL HADI,S.IP",
            "created_date": "29-01-2025",
            "created_time": "22:42",
            "user_updated": "ABDUL HADI,S.IP",
            "updated_date": "31-01-2025",
            "updated_time": "21:48",
            "is_locked": 0
        },
        {
            "id_sub_bl": 61085,
            "id_daerah": 473,
            "tahun": 2026,
            "id_unit": 704,
            "id_skpd": 704,
            "created_user": 1065,
            "kode_skpd": "7.01.0.00.0.00.13.0000",
            "nama_skpd": "Kecamatan Marga Sakti Sebelat",
            "id_urusan": 17,
            "kode_urusan": "7",
            "nama_urusan": "UNSUR KEWILAYAHAN",
            "id_bidang_urusan": 243,
            "kode_bidang_urusan": "7.01",
            "nama_bidang_urusan": "KECAMATAN",
            "id_sub_skpd": 704,
            "kode_sub_skpd": "7.01.0.00.0.00.13.0000",
            "nama_sub_skpd": "Kecamatan Marga Sakti Sebelat",
            "set_pagu_user": 1065,
            "set_pagu_at": "Tue, 25 Mar 2025 11:13:15 GMT",
            "id_program": 4451,
            "kode_program": "7.01.01",
            "nama_program": "PROGRAM PENUNJANG URUSAN PEMERINTAHAN DAERAH KABUPATEN/KOTA",
            "id_giat": 18377,
            "kode_giat": "7.01.01.2.07",
            "nama_giat": "Pengadaan Barang Milik Daerah Penunjang Urusan Pemerintah Daerah",
            "pagu_giat": 60000000.0,
            "rinci_giat": null,
            "id_sub_giat": 60646,
            "kode_sub_giat": "7.01.01.2.07.0001",
            "nama_sub_giat": "Pengadaan Kendaraan Perorangan Dinas atau Kendaraan Dinas Jabatan",
            "pagu": 30000000.0,
            "pagu_indikatif": 30000000.0,
            "rincian": null,
            "kode_bl": "704.704.4451.18377",
            "kode_sbl": "704.704.4451.18377.60646",
            "kunci_bl": 1,
            "kunci_bl_rinci": 1,
            "user_created": "ABDUL HADI,S.IP",
            "created_date": "29-01-2025",
            "created_time": "23:18",
            "user_updated": "ABDUL HADI,S.IP",
            "updated_date": "31-01-2025",
            "updated_time": "21:49",
            "is_locked": 0
        },
        {
            "id_sub_bl": 61099,
            "id_daerah": 473,
            "tahun": 2026,
            "id_unit": 704,
            "id_skpd": 704,
            "created_user": 1065,
            "kode_skpd": "7.01.0.00.0.00.13.0000",
            "nama_skpd": "Kecamatan Marga Sakti Sebelat",
            "id_urusan": 17,
            "kode_urusan": "7",
            "nama_urusan": "UNSUR KEWILAYAHAN",
            "id_bidang_urusan": 243,
            "kode_bidang_urusan": "7.01",
            "nama_bidang_urusan": "KECAMATAN",
            "id_sub_skpd": 704,
            "kode_sub_skpd": "7.01.0.00.0.00.13.0000",
            "nama_sub_skpd": "Kecamatan Marga Sakti Sebelat",
            "set_pagu_user": 1065,
            "set_pagu_at": "Tue, 25 Mar 2025 11:13:15 GMT",
            "id_program": 4451,
            "kode_program": "7.01.01",
            "nama_program": "PROGRAM PENUNJANG URUSAN PEMERINTAHAN DAERAH KABUPATEN/KOTA",
            "id_giat": 18377,
            "kode_giat": "7.01.01.2.07",
            "nama_giat": "Pengadaan Barang Milik Daerah Penunjang Urusan Pemerintah Daerah",
            "pagu_giat": 60000000.0,
            "rinci_giat": null,
            "id_sub_giat": 60650,
            "kode_sub_giat": "7.01.01.2.07.0005",
            "nama_sub_giat": "Pengadaan Mebel",
            "pagu": 20000000.0,
            "pagu_indikatif": 20000000.0,
            "rincian": null,
            "kode_bl": "704.704.4451.18377",
            "kode_sbl": "704.704.4451.18377.60650",
            "kunci_bl": 1,
            "kunci_bl_rinci": 1,
            "user_created": "ABDUL HADI,S.IP",
            "created_date": "29-01-2025",
            "created_time": "23:40",
            "user_updated": "ABDUL HADI,S.IP",
            "updated_date": "31-01-2025",
            "updated_time": "21:50",
            "is_locked": 0
        },
        {
            "id_sub_bl": 61072,
            "id_daerah": 473,
            "tahun": 2026,
            "id_unit": 704,
            "id_skpd": 704,
            "created_user": 1065,
            "kode_skpd": "7.01.0.00.0.00.13.0000",
            "nama_skpd": "Kecamatan Marga Sakti Sebelat",
            "id_urusan": 17,
            "kode_urusan": "7",
            "nama_urusan": "UNSUR KEWILAYAHAN",
            "id_bidang_urusan": 243,
            "kode_bidang_urusan": "7.01",
            "nama_bidang_urusan": "KECAMATAN",
            "id_sub_skpd": 704,
            "kode_sub_skpd": "7.01.0.00.0.00.13.0000",
            "nama_sub_skpd": "Kecamatan Marga Sakti Sebelat",
            "set_pagu_user": 1065,
            "set_pagu_at": "Tue, 25 Mar 2025 11:13:15 GMT",
            "id_program": 4451,
            "kode_program": "7.01.01",
            "nama_program": "PROGRAM PENUNJANG URUSAN PEMERINTAHAN DAERAH KABUPATEN/KOTA",
            "id_giat": 18377,
            "kode_giat": "7.01.01.2.07",
            "nama_giat": "Pengadaan Barang Milik Daerah Penunjang Urusan Pemerintah Daerah",
            "pagu_giat": 60000000.0,
            "rinci_giat": null,
            "id_sub_giat": 60651,
            "kode_sub_giat": "7.01.01.2.07.0006",
            "nama_sub_giat": "Pengadaan Peralatan dan Mesin Lainnya",
            "pagu": 10000000.0,
            "pagu_indikatif": 10000000.0,
            "rincian": null,
            "kode_bl": "704.704.4451.18377",
            "kode_sbl": "704.704.4451.18377.60651",
            "kunci_bl": 1,
            "kunci_bl_rinci": 1,
            "user_created": "ABDUL HADI,S.IP",
            "created_date": "29-01-2025",
            "created_time": "22:50",
            "user_updated": "ABDUL HADI,S.IP",
            "updated_date": "31-01-2025",
            "updated_time": "21:51",
            "is_locked": 0
        },
        {
            "id_sub_bl": 61074,
            "id_daerah": 473,
            "tahun": 2026,
            "id_unit": 704,
            "id_skpd": 704,
            "created_user": 1065,
            "kode_skpd": "7.01.0.00.0.00.13.0000",
            "nama_skpd": "Kecamatan Marga Sakti Sebelat",
            "id_urusan": 17,
            "kode_urusan": "7",
            "nama_urusan": "UNSUR KEWILAYAHAN",
            "id_bidang_urusan": 243,
            "kode_bidang_urusan": "7.01",
            "nama_bidang_urusan": "KECAMATAN",
            "id_sub_skpd": 704,
            "kode_sub_skpd": "7.01.0.00.0.00.13.0000",
            "nama_sub_skpd": "Kecamatan Marga Sakti Sebelat",
            "set_pagu_user": 1065,
            "set_pagu_at": "Tue, 25 Mar 2025 11:13:15 GMT",
            "id_program": 4451,
            "kode_program": "7.01.01",
            "nama_program": "PROGRAM PENUNJANG URUSAN PEMERINTAHAN DAERAH KABUPATEN/KOTA",
            "id_giat": 18378,
            "kode_giat": "7.01.01.2.08",
            "nama_giat": "Penyediaan Jasa Penunjang Urusan Pemerintahan Daerah",
            "pagu_giat": 104846900.0,
            "rinci_giat": null,
            "id_sub_giat": 60658,
            "kode_sub_giat": "7.01.01.2.08.0002",
            "nama_sub_giat": "Penyediaan Jasa Komunikasi, Sumber Daya Air dan Listrik",
            "pagu": 26246900.0,
            "pagu_indikatif": 26246900.0,
            "rincian": null,
            "kode_bl": "704.704.4451.18378",
            "kode_sbl": "704.704.4451.18378.60658",
            "kunci_bl": 1,
            "kunci_bl_rinci": 1,
            "user_created": "ABDUL HADI,S.IP",
            "created_date": "29-01-2025",
            "created_time": "22:53",
            "user_updated": "ABDUL HADI,S.IP",
            "updated_date": "31-01-2025",
            "updated_time": "21:52",
            "is_locked": 0
        },
        {
            "id_sub_bl": 61076,
            "id_daerah": 473,
            "tahun": 2026,
            "id_unit": 704,
            "id_skpd": 704,
            "created_user": 1065,
            "kode_skpd": "7.01.0.00.0.00.13.0000",
            "nama_skpd": "Kecamatan Marga Sakti Sebelat",
            "id_urusan": 17,
            "kode_urusan": "7",
            "nama_urusan": "UNSUR KEWILAYAHAN",
            "id_bidang_urusan": 243,
            "kode_bidang_urusan": "7.01",
            "nama_bidang_urusan": "KECAMATAN",
            "id_sub_skpd": 704,
            "kode_sub_skpd": "7.01.0.00.0.00.13.0000",
            "nama_sub_skpd": "Kecamatan Marga Sakti Sebelat",
            "set_pagu_user": 1065,
            "set_pagu_at": "Tue, 25 Mar 2025 11:13:15 GMT",
            "id_program": 4451,
            "kode_program": "7.01.01",
            "nama_program": "PROGRAM PENUNJANG URUSAN PEMERINTAHAN DAERAH KABUPATEN/KOTA",
            "id_giat": 18378,
            "kode_giat": "7.01.01.2.08",
            "nama_giat": "Penyediaan Jasa Penunjang Urusan Pemerintahan Daerah",
            "pagu_giat": 104846900.0,
            "rinci_giat": null,
            "id_sub_giat": 60660,
            "kode_sub_giat": "7.01.01.2.08.0004",
            "nama_sub_giat": "Penyediaan Jasa Pelayanan Umum Kantor",
            "pagu": 78600000.0,
            "pagu_indikatif": 78600000.0,
            "rincian": null,
            "kode_bl": "704.704.4451.18378",
            "kode_sbl": "704.704.4451.18378.60660",
            "kunci_bl": 1,
            "kunci_bl_rinci": 1,
            "user_created": "ABDUL HADI,S.IP",
            "created_date": "29-01-2025",
            "created_time": "22:55",
            "user_updated": "ABDUL HADI,S.IP",
            "updated_date": "31-01-2025",
            "updated_time": "21:54",
            "is_locked": 0
        },
        {
            "id_sub_bl": 61078,
            "id_daerah": 473,
            "tahun": 2026,
            "id_unit": 704,
            "id_skpd": 704,
            "created_user": 1065,
            "kode_skpd": "7.01.0.00.0.00.13.0000",
            "nama_skpd": "Kecamatan Marga Sakti Sebelat",
            "id_urusan": 17,
            "kode_urusan": "7",
            "nama_urusan": "UNSUR KEWILAYAHAN",
            "id_bidang_urusan": 243,
            "kode_bidang_urusan": "7.01",
            "nama_bidang_urusan": "KECAMATAN",
            "id_sub_skpd": 704,
            "kode_sub_skpd": "7.01.0.00.0.00.13.0000",
            "nama_sub_skpd": "Kecamatan Marga Sakti Sebelat",
            "set_pagu_user": 1065,
            "set_pagu_at": "Tue, 25 Mar 2025 11:13:15 GMT",
            "id_program": 4451,
            "kode_program": "7.01.01",
            "nama_program": "PROGRAM PENUNJANG URUSAN PEMERINTAHAN DAERAH KABUPATEN/KOTA",
            "id_giat": 18379,
            "kode_giat": "7.01.01.2.09",
            "nama_giat": "Pemeliharaan Barang Milik Daerah Penunjang Urusan Pemerintahan Daerah",
            "pagu_giat": 72187000.0,
            "rinci_giat": null,
            "id_sub_giat": 60662,
            "kode_sub_giat": "7.01.01.2.09.0002",
            "nama_sub_giat": "Penyediaan Jasa Pemeliharaan, Biaya Pemeliharaan, Pajak dan Perizinan Kendaraan Dinas Operasional atau Lapangan",
            "pagu": 40287000.0,
            "pagu_indikatif": 40287000.0,
            "rincian": null,
            "kode_bl": "704.704.4451.18379",
            "kode_sbl": "704.704.4451.18379.60662",
            "kunci_bl": 1,
            "kunci_bl_rinci": 1,
            "user_created": "ABDUL HADI,S.IP",
            "created_date": "29-01-2025",
            "created_time": "22:59",
            "user_updated": "ABDUL HADI,S.IP",
            "updated_date": "31-01-2025",
            "updated_time": "21:55",
            "is_locked": 0
        },
        {
            "id_sub_bl": 61079,
            "id_daerah": 473,
            "tahun": 2026,
            "id_unit": 704,
            "id_skpd": 704,
            "created_user": 1065,
            "kode_skpd": "7.01.0.00.0.00.13.0000",
            "nama_skpd": "Kecamatan Marga Sakti Sebelat",
            "id_urusan": 17,
            "kode_urusan": "7",
            "nama_urusan": "UNSUR KEWILAYAHAN",
            "id_bidang_urusan": 243,
            "kode_bidang_urusan": "7.01",
            "nama_bidang_urusan": "KECAMATAN",
            "id_sub_skpd": 704,
            "kode_sub_skpd": "7.01.0.00.0.00.13.0000",
            "nama_sub_skpd": "Kecamatan Marga Sakti Sebelat",
            "set_pagu_user": 1065,
            "set_pagu_at": "Tue, 25 Mar 2025 11:13:15 GMT",
            "id_program": 4451,
            "kode_program": "7.01.01",
            "nama_program": "PROGRAM PENUNJANG URUSAN PEMERINTAHAN DAERAH KABUPATEN/KOTA",
            "id_giat": 18379,
            "kode_giat": "7.01.01.2.09",
            "nama_giat": "Pemeliharaan Barang Milik Daerah Penunjang Urusan Pemerintahan Daerah",
            "pagu_giat": 72187000.0,
            "rinci_giat": null,
            "id_sub_giat": 60666,
            "kode_sub_giat": "7.01.01.2.09.0006",
            "nama_sub_giat": "Pemeliharaan Peralatan dan Mesin Lainnya",
            "pagu": 6900000.0,
            "pagu_indikatif": 6900000.0,
            "rincian": null,
            "kode_bl": "704.704.4451.18379",
            "kode_sbl": "704.704.4451.18379.60666",
            "kunci_bl": 1,
            "kunci_bl_rinci": 1,
            "user_created": "ABDUL HADI,S.IP",
            "created_date": "29-01-2025",
            "created_time": "23:02",
            "user_updated": "ABDUL HADI,S.IP",
            "updated_date": "31-01-2025",
            "updated_time": "21:56",
            "is_locked": 0
        },
        {
            "id_sub_bl": 61084,
            "id_daerah": 473,
            "tahun": 2026,
            "id_unit": 704,
            "id_skpd": 704,
            "created_user": 1065,
            "kode_skpd": "7.01.0.00.0.00.13.0000",
            "nama_skpd": "Kecamatan Marga Sakti Sebelat",
            "id_urusan": 17,
            "kode_urusan": "7",
            "nama_urusan": "UNSUR KEWILAYAHAN",
            "id_bidang_urusan": 243,
            "kode_bidang_urusan": "7.01",
            "nama_bidang_urusan": "KECAMATAN",
            "id_sub_skpd": 704,
            "kode_sub_skpd": "7.01.0.00.0.00.13.0000",
            "nama_sub_skpd": "Kecamatan Marga Sakti Sebelat",
            "set_pagu_user": 1065,
            "set_pagu_at": "Tue, 25 Mar 2025 11:13:15 GMT",
            "id_program": 4451,
            "kode_program": "7.01.01",
            "nama_program": "PROGRAM PENUNJANG URUSAN PEMERINTAHAN DAERAH KABUPATEN/KOTA",
            "id_giat": 18379,
            "kode_giat": "7.01.01.2.09",
            "nama_giat": "Pemeliharaan Barang Milik Daerah Penunjang Urusan Pemerintahan Daerah",
            "pagu_giat": 72187000.0,
            "rinci_giat": null,
            "id_sub_giat": 60669,
            "kode_sub_giat": "7.01.01.2.09.0009",
            "nama_sub_giat": "Pemeliharaan/Rehabilitasi Gedung Kantor dan Bangunan Lainnya",
            "pagu": 25000000.0,
            "pagu_indikatif": 25000000.0,
            "rincian": null,
            "kode_bl": "704.704.4451.18379",
            "kode_sbl": "704.704.4451.18379.60669",
            "kunci_bl": 1,
            "kunci_bl_rinci": 1,
            "user_created": "ABDUL HADI,S.IP",
            "created_date": "29-01-2025",
            "created_time": "23:14",
            "user_updated": "ABDUL HADI,S.IP",
            "updated_date": "31-01-2025",
            "updated_time": "21:57",
            "is_locked": 0
        }
    ]