[
        {
            "id_sub_bl": 61944,
            "id_daerah": 473,
            "tahun": 2026,
            "id_unit": 975,
            "id_skpd": 975,
            "created_user": 467111,
            "kode_skpd": "7.01.0.00.0.00.09.0000",
            "nama_skpd": "Kecamatan Hulu Palik",
            "id_urusan": 17,
            "kode_urusan": "7",
            "nama_urusan": "UNSUR KEWILAYAHAN",
            "id_bidang_urusan": 243,
            "kode_bidang_urusan": "7.01",
            "nama_bidang_urusan": "KECAMATAN",
            "id_sub_skpd": 975,
            "kode_sub_skpd": "7.01.0.00.0.00.09.0000",
            "nama_sub_skpd": "Kecamatan Hulu Palik",
            "set_pagu_user": 467111,
            "set_pagu_at": "Tue, 25 Mar 2025 11:34:04 GMT",
            "id_program": 4418,
            "kode_program": "7.01.03",
            "nama_program": "PROGRAM PEMBERDAYAAN MASYARAKAT DESA DAN KELURAHAN",
            "id_giat": 18279,
            "kode_giat": "7.01.03.2.01",
            "nama_giat": "Koordinasi Kegiatan Pemberdayaan Desa",
            "pagu_giat": 30000000.0,
            "rinci_giat": null,
            "id_sub_giat": 59913,
            "kode_sub_giat": "7.01.03.2.01.0001",
            "nama_sub_giat": "Peningkatan Partisipasi Masyarakat dalam Forum Musyawarah Perencanaan Pembangunan di Desa",
            "pagu": 30000000.0,
            "pagu_indikatif": 30000000.0,
            "rincian": null,
            "kode_bl": "975.975.4418.18279",
            "kode_sbl": "975.975.4418.18279.59913",
            "kunci_bl": 1,
            "kunci_bl_rinci": 1,
            "user_created": "EDI SISWANTO, S.IP",
            "created_date": "30-01-2025",
            "created_time": "22:05",
            "user_updated": "EDI SISWANTO, S.IP",
            "updated_date": "25-03-2025",
            "updated_time": "10:20",
            "is_locked": 0
        },
        {
            "id_sub_bl": 61945,
            "id_daerah": 473,
            "tahun": 2026,
            "id_unit": 975,
            "id_skpd": 975,
            "created_user": 467111,
            "kode_skpd": "7.01.0.00.0.00.09.0000",
            "nama_skpd": "Kecamatan Hulu Palik",
            "id_urusan": 17,
            "kode_urusan": "7",
            "nama_urusan": "UNSUR KEWILAYAHAN",
            "id_bidang_urusan": 243,
            "kode_bidang_urusan": "7.01",
            "nama_bidang_urusan": "KECAMATAN",
            "id_sub_skpd": 975,
            "kode_sub_skpd": "7.01.0.00.0.00.09.0000",
            "nama_sub_skpd": "Kecamatan Hulu Palik",
            "set_pagu_user": 467111,
            "set_pagu_at": "Tue, 25 Mar 2025 11:34:04 GMT",
            "id_program": 4423,
            "kode_program": "7.01.06",
            "nama_program": "PROGRAM PEMBINAAN DAN PENGAWASAN PEMERINTAHAN DESA",
            "id_giat": 18290,
            "kode_giat": "7.01.06.2.01",
            "nama_giat": "Fasilitasi, Rekomendasi dan Koordinasi\n\nPembinaan dan Pengawasan Pemerintahan Desa",
            "pagu_giat": 130000000.0,
            "rinci_giat": null,
            "id_sub_giat": 59975,
            "kode_sub_giat": "7.01.06.2.01.0016",
            "nama_sub_giat": "Fasilitasi Penyusunan Program dan Pelaksanaan Pemberdayaan Masyarakat Desa",
            "pagu": 130000000.0,
            "pagu_indikatif": 130000000.0,
            "rincian": null,
            "kode_bl": "975.975.4423.18290",
            "kode_sbl": "975.975.4423.18290.59975",
            "kunci_bl": 1,
            "kunci_bl_rinci": 1,
            "user_created": "EDI SISWANTO, S.IP",
            "created_date": "30-01-2025",
            "created_time": "22:06",
            "user_updated": "EDI SISWANTO, S.IP",
            "updated_date": "25-03-2025",
            "updated_time": "10:20",
            "is_locked": 0
        },
        {
            "id_sub_bl": 61717,
            "id_daerah": 473,
            "tahun": 2026,
            "id_unit": 975,
            "id_skpd": 975,
            "created_user": 467111,
            "kode_skpd": "7.01.0.00.0.00.09.0000",
            "nama_skpd": "Kecamatan Hulu Palik",
            "id_urusan": 17,
            "kode_urusan": "7",
            "nama_urusan": "UNSUR KEWILAYAHAN",
            "id_bidang_urusan": 243,
            "kode_bidang_urusan": "7.01",
            "nama_bidang_urusan": "KECAMATAN",
            "id_sub_skpd": 975,
            "kode_sub_skpd": "7.01.0.00.0.00.09.0000",
            "nama_sub_skpd": "Kecamatan Hulu Palik",
            "set_pagu_user": 467111,
            "set_pagu_at": "Tue, 25 Mar 2025 11:34:04 GMT",
            "id_program": 4451,
            "kode_program": "7.01.01",
            "nama_program": "PROGRAM PENUNJANG URUSAN PEMERINTAHAN DAERAH KABUPATEN/KOTA",
            "id_giat": 18371,
            "kode_giat": "7.01.01.2.01",
            "nama_giat": "Perencanaan, Penganggaran, dan Evaluasi Kinerja Perangkat Daerah",
            "pagu_giat": 35720000.0,
            "rinci_giat": null,
            "id_sub_giat": 60589,
            "kode_sub_giat": "7.01.01.2.01.0001",
            "nama_sub_giat": "Penyusunan Dokumen Perencanaan Perangkat Daerah",
            "pagu": 15000000.0,
            "pagu_indikatif": 15000000.0,
            "rincian": null,
            "kode_bl": "975.975.4451.18371",
            "kode_sbl": "975.975.4451.18371.60589",
            "kunci_bl": 1,
            "kunci_bl_rinci": 1,
            "user_created": "EDI SISWANTO, S.IP",
            "created_date": "30-01-2025",
            "created_time": "14:53",
            "user_updated": "EDI SISWANTO, S.IP",
            "updated_date": "25-03-2025",
            "updated_time": "09:23",
            "is_locked": 0
        },
        {
            "id_sub_bl": 61732,
            "id_daerah": 473,
            "tahun": 2026,
            "id_unit": 975,
            "id_skpd": 975,
            "created_user": 467111,
            "kode_skpd": "7.01.0.00.0.00.09.0000",
            "nama_skpd": "Kecamatan Hulu Palik",
            "id_urusan": 17,
            "kode_urusan": "7",
            "nama_urusan": "UNSUR KEWILAYAHAN",
            "id_bidang_urusan": 243,
            "kode_bidang_urusan": "7.01",
            "nama_bidang_urusan": "KECAMATAN",
            "id_sub_skpd": 975,
            "kode_sub_skpd": "7.01.0.00.0.00.09.0000",
            "nama_sub_skpd": "Kecamatan Hulu Palik",
            "set_pagu_user": 467111,
            "set_pagu_at": "Tue, 25 Mar 2025 11:34:04 GMT",
            "id_program": 4451,
            "kode_program": "7.01.01",
            "nama_program": "PROGRAM PENUNJANG URUSAN PEMERINTAHAN DAERAH KABUPATEN/KOTA",
            "id_giat": 18371,
            "kode_giat": "7.01.01.2.01",
            "nama_giat": "Perencanaan, Penganggaran, dan Evaluasi Kinerja Perangkat Daerah",
            "pagu_giat": 35720000.0,
            "rinci_giat": null,
            "id_sub_giat": 60590,
            "kode_sub_giat": "7.01.01.2.01.0002",
            "nama_sub_giat": "Koordinasi dan Penyusunan Dokumen RKA-SKPD",
            "pagu": 5000000.0,
            "pagu_indikatif": 5000000.0,
            "rincian": null,
            "kode_bl": "975.975.4451.18371",
            "kode_sbl": "975.975.4451.18371.60590",
            "kunci_bl": 1,
            "kunci_bl_rinci": 1,
            "user_created": "EDI SISWANTO, S.IP",
            "created_date": "30-01-2025",
            "created_time": "15:00",
            "user_updated": "EDI SISWANTO, S.IP",
            "updated_date": "25-03-2025",
            "updated_time": "09:30",
            "is_locked": 0
        },
        {
            "id_sub_bl": 61738,
            "id_daerah": 473,
            "tahun": 2026,
            "id_unit": 975,
            "id_skpd": 975,
            "created_user": 467111,
            "kode_skpd": "7.01.0.00.0.00.09.0000",
            "nama_skpd": "Kecamatan Hulu Palik",
            "id_urusan": 17,
            "kode_urusan": "7",
            "nama_urusan": "UNSUR KEWILAYAHAN",
            "id_bidang_urusan": 243,
            "kode_bidang_urusan": "7.01",
            "nama_bidang_urusan": "KECAMATAN",
            "id_sub_skpd": 975,
            "kode_sub_skpd": "7.01.0.00.0.00.09.0000",
            "nama_sub_skpd": "Kecamatan Hulu Palik",
            "set_pagu_user": 467111,
            "set_pagu_at": "Tue, 25 Mar 2025 11:34:04 GMT",
            "id_program": 4451,
            "kode_program": "7.01.01",
            "nama_program": "PROGRAM PENUNJANG URUSAN PEMERINTAHAN DAERAH KABUPATEN/KOTA",
            "id_giat": 18371,
            "kode_giat": "7.01.01.2.01",
            "nama_giat": "Perencanaan, Penganggaran, dan Evaluasi Kinerja Perangkat Daerah",
            "pagu_giat": 35720000.0,
            "rinci_giat": null,
            "id_sub_giat": 60592,
            "kode_sub_giat": "7.01.01.2.01.0004",
            "nama_sub_giat": "Koordinasi dan Penyusunan DPA-SKPD",
            "pagu": 5720000.0,
            "pagu_indikatif": 5720000.0,
            "rincian": null,
            "kode_bl": "975.975.4451.18371",
            "kode_sbl": "975.975.4451.18371.60592",
            "kunci_bl": 1,
            "kunci_bl_rinci": 1,
            "user_created": "EDI SISWANTO, S.IP",
            "created_date": "30-01-2025",
            "created_time": "15:03",
            "user_updated": "EDI SISWANTO, S.IP",
            "updated_date": "25-03-2025",
            "updated_time": "09:31",
            "is_locked": 0
        },
        {
            "id_sub_bl": 61748,
            "id_daerah": 473,
            "tahun": 2026,
            "id_unit": 975,
            "id_skpd": 975,
            "created_user": 467111,
            "kode_skpd": "7.01.0.00.0.00.09.0000",
            "nama_skpd": "Kecamatan Hulu Palik",
            "id_urusan": 17,
            "kode_urusan": "7",
            "nama_urusan": "UNSUR KEWILAYAHAN",
            "id_bidang_urusan": 243,
            "kode_bidang_urusan": "7.01",
            "nama_bidang_urusan": "KECAMATAN",
            "id_sub_skpd": 975,
            "kode_sub_skpd": "7.01.0.00.0.00.09.0000",
            "nama_sub_skpd": "Kecamatan Hulu Palik",
            "set_pagu_user": 467111,
            "set_pagu_at": "Tue, 25 Mar 2025 11:34:04 GMT",
            "id_program": 4451,
            "kode_program": "7.01.01",
            "nama_program": "PROGRAM PENUNJANG URUSAN PEMERINTAHAN DAERAH KABUPATEN/KOTA",
            "id_giat": 18371,
            "kode_giat": "7.01.01.2.01",
            "nama_giat": "Perencanaan, Penganggaran, dan Evaluasi Kinerja Perangkat Daerah",
            "pagu_giat": 35720000.0,
            "rinci_giat": null,
            "id_sub_giat": 60594,
            "kode_sub_giat": "7.01.01.2.01.0006",
            "nama_sub_giat": "Koordinasi dan Penyusunan Laporan Capaian Kinerja dan Ikhtisar Realisasi Kinerja SKPD",
            "pagu": 5000000.0,
            "pagu_indikatif": 5000000.0,
            "rincian": null,
            "kode_bl": "975.975.4451.18371",
            "kode_sbl": "975.975.4451.18371.60594",
            "kunci_bl": 1,
            "kunci_bl_rinci": 1,
            "user_created": "EDI SISWANTO, S.IP",
            "created_date": "30-01-2025",
            "created_time": "15:08",
            "user_updated": "EDI SISWANTO, S.IP",
            "updated_date": "25-03-2025",
            "updated_time": "09:31",
            "is_locked": 0
        },
        {
            "id_sub_bl": 61752,
            "id_daerah": 473,
            "tahun": 2026,
            "id_unit": 975,
            "id_skpd": 975,
            "created_user": 467111,
            "kode_skpd": "7.01.0.00.0.00.09.0000",
            "nama_skpd": "Kecamatan Hulu Palik",
            "id_urusan": 17,
            "kode_urusan": "7",
            "nama_urusan": "UNSUR KEWILAYAHAN",
            "id_bidang_urusan": 243,
            "kode_bidang_urusan": "7.01",
            "nama_bidang_urusan": "KECAMATAN",
            "id_sub_skpd": 975,
            "kode_sub_skpd": "7.01.0.00.0.00.09.0000",
            "nama_sub_skpd": "Kecamatan Hulu Palik",
            "set_pagu_user": 467111,
            "set_pagu_at": "Tue, 25 Mar 2025 11:34:04 GMT",
            "id_program": 4451,
            "kode_program": "7.01.01",
            "nama_program": "PROGRAM PENUNJANG URUSAN PEMERINTAHAN DAERAH KABUPATEN/KOTA",
            "id_giat": 18371,
            "kode_giat": "7.01.01.2.01",
            "nama_giat": "Perencanaan, Penganggaran, dan Evaluasi Kinerja Perangkat Daerah",
            "pagu_giat": 35720000.0,
            "rinci_giat": null,
            "id_sub_giat": 60595,
            "kode_sub_giat": "7.01.01.2.01.0007",
            "nama_sub_giat": "Evaluasi Kinerja Perangkat Daerah",
            "pagu": 5000000.0,
            "pagu_indikatif": 5000000.0,
            "rincian": null,
            "kode_bl": "975.975.4451.18371",
            "kode_sbl": "975.975.4451.18371.60595",
            "kunci_bl": 1,
            "kunci_bl_rinci": 1,
            "user_created": "EDI SISWANTO, S.IP",
            "created_date": "30-01-2025",
            "created_time": "15:09",
            "user_updated": "EDI SISWANTO, S.IP",
            "updated_date": "25-03-2025",
            "updated_time": "09:37",
            "is_locked": 0
        },
        {
            "id_sub_bl": 61769,
            "id_daerah": 473,
            "tahun": 2026,
            "id_unit": 975,
            "id_skpd": 975,
            "created_user": 467111,
            "kode_skpd": "7.01.0.00.0.00.09.0000",
            "nama_skpd": "Kecamatan Hulu Palik",
            "id_urusan": 17,
            "kode_urusan": "7",
            "nama_urusan": "UNSUR KEWILAYAHAN",
            "id_bidang_urusan": 243,
            "kode_bidang_urusan": "7.01",
            "nama_bidang_urusan": "KECAMATAN",
            "id_sub_skpd": 975,
            "kode_sub_skpd": "7.01.0.00.0.00.09.0000",
            "nama_sub_skpd": "Kecamatan Hulu Palik",
            "set_pagu_user": 467111,
            "set_pagu_at": "Tue, 25 Mar 2025 11:34:04 GMT",
            "id_program": 4451,
            "kode_program": "7.01.01",
            "nama_program": "PROGRAM PENUNJANG URUSAN PEMERINTAHAN DAERAH KABUPATEN/KOTA",
            "id_giat": 18372,
            "kode_giat": "7.01.01.2.02",
            "nama_giat": "Administrasi Keuangan Perangkat Daerah",
            "pagu_giat": 1574386457.0,
            "rinci_giat": null,
            "id_sub_giat": 60602,
            "kode_sub_giat": "7.01.01.2.02.0001",
            "nama_sub_giat": "Penyediaan Gaji dan Tunjangan ASN",
            "pagu": 1522886457.0,
            "pagu_indikatif": 1522886457.0,
            "rincian": null,
            "kode_bl": "975.975.4451.18372",
            "kode_sbl": "975.975.4451.18372.60602",
            "kunci_bl": 1,
            "kunci_bl_rinci": 1,
            "user_created": "EDI SISWANTO, S.IP",
            "created_date": "30-01-2025",
            "created_time": "15:23",
            "user_updated": "EDI SISWANTO, S.IP",
            "updated_date": "25-03-2025",
            "updated_time": "10:41",
            "is_locked": 0
        },
        {
            "id_sub_bl": 61771,
            "id_daerah": 473,
            "tahun": 2026,
            "id_unit": 975,
            "id_skpd": 975,
            "created_user": 467111,
            "kode_skpd": "7.01.0.00.0.00.09.0000",
            "nama_skpd": "Kecamatan Hulu Palik",
            "id_urusan": 17,
            "kode_urusan": "7",
            "nama_urusan": "UNSUR KEWILAYAHAN",
            "id_bidang_urusan": 243,
            "kode_bidang_urusan": "7.01",
            "nama_bidang_urusan": "KECAMATAN",
            "id_sub_skpd": 975,
            "kode_sub_skpd": "7.01.0.00.0.00.09.0000",
            "nama_sub_skpd": "Kecamatan Hulu Palik",
            "set_pagu_user": 467111,
            "set_pagu_at": "Tue, 25 Mar 2025 11:34:04 GMT",
            "id_program": 4451,
            "kode_program": "7.01.01",
            "nama_program": "PROGRAM PENUNJANG URUSAN PEMERINTAHAN DAERAH KABUPATEN/KOTA",
            "id_giat": 18372,
            "kode_giat": "7.01.01.2.02",
            "nama_giat": "Administrasi Keuangan Perangkat Daerah",
            "pagu_giat": 1574386457.0,
            "rinci_giat": null,
            "id_sub_giat": 60604,
            "kode_sub_giat": "7.01.01.2.02.0003",
            "nama_sub_giat": "Pelaksanaan Penatausahaan dan\r\n\nPengujian/Verifikasi Keuangan SKPD",
            "pagu": 41500000.0,
            "pagu_indikatif": 41500000.0,
            "rincian": null,
            "kode_bl": "975.975.4451.18372",
            "kode_sbl": "975.975.4451.18372.60604",
            "kunci_bl": 1,
            "kunci_bl_rinci": 1,
            "user_created": "EDI SISWANTO, S.IP",
            "created_date": "30-01-2025",
            "created_time": "15:25",
            "user_updated": "EDI SISWANTO, S.IP",
            "updated_date": "25-03-2025",
            "updated_time": "09:38",
            "is_locked": 0
        },
        {
            "id_sub_bl": 61773,
            "id_daerah": 473,
            "tahun": 2026,
            "id_unit": 975,
            "id_skpd": 975,
            "created_user": 467111,
            "kode_skpd": "7.01.0.00.0.00.09.0000",
            "nama_skpd": "Kecamatan Hulu Palik",
            "id_urusan": 17,
            "kode_urusan": "7",
            "nama_urusan": "UNSUR KEWILAYAHAN",
            "id_bidang_urusan": 243,
            "kode_bidang_urusan": "7.01",
            "nama_bidang_urusan": "KECAMATAN",
            "id_sub_skpd": 975,
            "kode_sub_skpd": "7.01.0.00.0.00.09.0000",
            "nama_sub_skpd": "Kecamatan Hulu Palik",
            "set_pagu_user": 467111,
            "set_pagu_at": "Tue, 25 Mar 2025 11:34:04 GMT",
            "id_program": 4451,
            "kode_program": "7.01.01",
            "nama_program": "PROGRAM PENUNJANG URUSAN PEMERINTAHAN DAERAH KABUPATEN/KOTA",
            "id_giat": 18372,
            "kode_giat": "7.01.01.2.02",
            "nama_giat": "Administrasi Keuangan Perangkat Daerah",
            "pagu_giat": 1574386457.0,
            "rinci_giat": null,
            "id_sub_giat": 60606,
            "kode_sub_giat": "7.01.01.2.02.0005",
            "nama_sub_giat": "Koordinasi dan Penyusunan Laporan Keuangan Akhir Tahun SKPD",
            "pagu": 5000000.0,
            "pagu_indikatif": 5000000.0,
            "rincian": null,
            "kode_bl": "975.975.4451.18372",
            "kode_sbl": "975.975.4451.18372.60606",
            "kunci_bl": 1,
            "kunci_bl_rinci": 1,
            "user_created": "EDI SISWANTO, S.IP",
            "created_date": "30-01-2025",
            "created_time": "15:27",
            "user_updated": "EDI SISWANTO, S.IP",
            "updated_date": "25-03-2025",
            "updated_time": "09:38",
            "is_locked": 0
        },
        {
            "id_sub_bl": 61776,
            "id_daerah": 473,
            "tahun": 2026,
            "id_unit": 975,
            "id_skpd": 975,
            "created_user": 467111,
            "kode_skpd": "7.01.0.00.0.00.09.0000",
            "nama_skpd": "Kecamatan Hulu Palik",
            "id_urusan": 17,
            "kode_urusan": "7",
            "nama_urusan": "UNSUR KEWILAYAHAN",
            "id_bidang_urusan": 243,
            "kode_bidang_urusan": "7.01",
            "nama_bidang_urusan": "KECAMATAN",
            "id_sub_skpd": 975,
            "kode_sub_skpd": "7.01.0.00.0.00.09.0000",
            "nama_sub_skpd": "Kecamatan Hulu Palik",
            "set_pagu_user": 467111,
            "set_pagu_at": "Tue, 25 Mar 2025 11:34:04 GMT",
            "id_program": 4451,
            "kode_program": "7.01.01",
            "nama_program": "PROGRAM PENUNJANG URUSAN PEMERINTAHAN DAERAH KABUPATEN/KOTA",
            "id_giat": 18372,
            "kode_giat": "7.01.01.2.02",
            "nama_giat": "Administrasi Keuangan Perangkat Daerah",
            "pagu_giat": 1574386457.0,
            "rinci_giat": null,
            "id_sub_giat": 60608,
            "kode_sub_giat": "7.01.01.2.02.0007",
            "nama_sub_giat": "Koordinasi dan Penyusunan Laporan Keuangan Bulanan/ Triwulanan/ Semesteran SKPD",
            "pagu": 5000000.0,
            "pagu_indikatif": 5000000.0,
            "rincian": null,
            "kode_bl": "975.975.4451.18372",
            "kode_sbl": "975.975.4451.18372.60608",
            "kunci_bl": 1,
            "kunci_bl_rinci": 1,
            "user_created": "EDI SISWANTO, S.IP",
            "created_date": "30-01-2025",
            "created_time": "15:28",
            "user_updated": "EDI SISWANTO, S.IP",
            "updated_date": "25-03-2025",
            "updated_time": "09:39",
            "is_locked": 0
        },
        {
            "id_sub_bl": 61932,
            "id_daerah": 473,
            "tahun": 2026,
            "id_unit": 975,
            "id_skpd": 975,
            "created_user": 467111,
            "kode_skpd": "7.01.0.00.0.00.09.0000",
            "nama_skpd": "Kecamatan Hulu Palik",
            "id_urusan": 17,
            "kode_urusan": "7",
            "nama_urusan": "UNSUR KEWILAYAHAN",
            "id_bidang_urusan": 243,
            "kode_bidang_urusan": "7.01",
            "nama_bidang_urusan": "KECAMATAN",
            "id_sub_skpd": 975,
            "kode_sub_skpd": "7.01.0.00.0.00.09.0000",
            "nama_sub_skpd": "Kecamatan Hulu Palik",
            "set_pagu_user": 467111,
            "set_pagu_at": "Tue, 25 Mar 2025 11:34:04 GMT",
            "id_program": 4451,
            "kode_program": "7.01.01",
            "nama_program": "PROGRAM PENUNJANG URUSAN PEMERINTAHAN DAERAH KABUPATEN/KOTA",
            "id_giat": 18373,
            "kode_giat": "7.01.01.2.03",
            "nama_giat": "Administrasi Barang Milik Daerah pada Perangkat Daerah",
            "pagu_giat": 33650000.0,
            "rinci_giat": null,
            "id_sub_giat": 60615,
            "kode_sub_giat": "7.01.01.2.03.0006",
            "nama_sub_giat": "Penatausahaan Barang Milik Daerah pada SKPD",
            "pagu": 33650000.0,
            "pagu_indikatif": 33650000.0,
            "rincian": null,
            "kode_bl": "975.975.4451.18373",
            "kode_sbl": "975.975.4451.18373.60615",
            "kunci_bl": 1,
            "kunci_bl_rinci": 1,
            "user_created": "EDI SISWANTO, S.IP",
            "created_date": "30-01-2025",
            "created_time": "21:46",
            "user_updated": "EDI SISWANTO, S.IP",
            "updated_date": "25-03-2025",
            "updated_time": "09:40",
            "is_locked": 0
        },
        {
            "id_sub_bl": 61933,
            "id_daerah": 473,
            "tahun": 2026,
            "id_unit": 975,
            "id_skpd": 975,
            "created_user": 467111,
            "kode_skpd": "7.01.0.00.0.00.09.0000",
            "nama_skpd": "Kecamatan Hulu Palik",
            "id_urusan": 17,
            "kode_urusan": "7",
            "nama_urusan": "UNSUR KEWILAYAHAN",
            "id_bidang_urusan": 243,
            "kode_bidang_urusan": "7.01",
            "nama_bidang_urusan": "KECAMATAN",
            "id_sub_skpd": 975,
            "kode_sub_skpd": "7.01.0.00.0.00.09.0000",
            "nama_sub_skpd": "Kecamatan Hulu Palik",
            "set_pagu_user": 467111,
            "set_pagu_at": "Tue, 25 Mar 2025 11:34:04 GMT",
            "id_program": 4451,
            "kode_program": "7.01.01",
            "nama_program": "PROGRAM PENUNJANG URUSAN PEMERINTAHAN DAERAH KABUPATEN/KOTA",
            "id_giat": 18375,
            "kode_giat": "7.01.01.2.05",
            "nama_giat": "Administrasi Kepegawaian Perangkat Daerah",
            "pagu_giat": 25000000.0,
            "rinci_giat": null,
            "id_sub_giat": 60632,
            "kode_sub_giat": "7.01.01.2.05.0009",
            "nama_sub_giat": "Pendidikan dan Pelatihan Pegawai Berdasarkan Tugas dan Fungsi",
            "pagu": 25000000.0,
            "pagu_indikatif": 25000000.0,
            "rincian": null,
            "kode_bl": "975.975.4451.18375",
            "kode_sbl": "975.975.4451.18375.60632",
            "kunci_bl": 1,
            "kunci_bl_rinci": 1,
            "user_created": "EDI SISWANTO, S.IP",
            "created_date": "30-01-2025",
            "created_time": "21:49",
            "user_updated": "EDI SISWANTO, S.IP",
            "updated_date": "25-03-2025",
            "updated_time": "09:41",
            "is_locked": 0
        },
        {
            "id_sub_bl": 61934,
            "id_daerah": 473,
            "tahun": 2026,
            "id_unit": 975,
            "id_skpd": 975,
            "created_user": 467111,
            "kode_skpd": "7.01.0.00.0.00.09.0000",
            "nama_skpd": "Kecamatan Hulu Palik",
            "id_urusan": 17,
            "kode_urusan": "7",
            "nama_urusan": "UNSUR KEWILAYAHAN",
            "id_bidang_urusan": 243,
            "kode_bidang_urusan": "7.01",
            "nama_bidang_urusan": "KECAMATAN",
            "id_sub_skpd": 975,
            "kode_sub_skpd": "7.01.0.00.0.00.09.0000",
            "nama_sub_skpd": "Kecamatan Hulu Palik",
            "set_pagu_user": 467111,
            "set_pagu_at": "Tue, 25 Mar 2025 11:34:04 GMT",
            "id_program": 4451,
            "kode_program": "7.01.01",
            "nama_program": "PROGRAM PENUNJANG URUSAN PEMERINTAHAN DAERAH KABUPATEN/KOTA",
            "id_giat": 18376,
            "kode_giat": "7.01.01.2.06",
            "nama_giat": "Administrasi Umum Perangkat Daerah",
            "pagu_giat": 83840000.0,
            "rinci_giat": null,
            "id_sub_giat": 60635,
            "kode_sub_giat": "7.01.01.2.06.0001",
            "nama_sub_giat": "Penyediaan Komponen Instalasi\r\n\nListrik/Penerangan Bangunan Kantor",
            "pagu": 5000000.0,
            "pagu_indikatif": 5000000.0,
            "rincian": null,
            "kode_bl": "975.975.4451.18376",
            "kode_sbl": "975.975.4451.18376.60635",
            "kunci_bl": 1,
            "kunci_bl_rinci": 1,
            "user_created": "EDI SISWANTO, S.IP",
            "created_date": "30-01-2025",
            "created_time": "21:50",
            "user_updated": "EDI SISWANTO, S.IP",
            "updated_date": "25-03-2025",
            "updated_time": "09:42",
            "is_locked": 0
        },
        {
            "id_sub_bl": 73242,
            "id_daerah": 473,
            "tahun": 2026,
            "id_unit": 975,
            "id_skpd": 975,
            "created_user": 467111,
            "kode_skpd": "7.01.0.00.0.00.09.0000",
            "nama_skpd": "Kecamatan Hulu Palik",
            "id_urusan": 17,
            "kode_urusan": "7",
            "nama_urusan": "UNSUR KEWILAYAHAN",
            "id_bidang_urusan": 243,
            "kode_bidang_urusan": "7.01",
            "nama_bidang_urusan": "KECAMATAN",
            "id_sub_skpd": 975,
            "kode_sub_skpd": "7.01.0.00.0.00.09.0000",
            "nama_sub_skpd": "Kecamatan Hulu Palik",
            "set_pagu_user": 467111,
            "set_pagu_at": "Tue, 25 Mar 2025 11:34:04 GMT",
            "id_program": 4451,
            "kode_program": "7.01.01",
            "nama_program": "PROGRAM PENUNJANG URUSAN PEMERINTAHAN DAERAH KABUPATEN/KOTA",
            "id_giat": 18376,
            "kode_giat": "7.01.01.2.06",
            "nama_giat": "Administrasi Umum Perangkat Daerah",
            "pagu_giat": 83840000.0,
            "rinci_giat": null,
            "id_sub_giat": 60637,
            "kode_sub_giat": "7.01.01.2.06.0003",
            "nama_sub_giat": "Penyediaan Peralatan Rumah Tangga",
            "pagu": 0.0,
            "pagu_indikatif": 0.0,
            "rincian": null,
            "kode_bl": "975.975.4451.18376",
            "kode_sbl": "975.975.4451.18376.60637",
            "kunci_bl": 1,
            "kunci_bl_rinci": 1,
            "user_created": "EDI SISWANTO, S.IP",
            "created_date": "25-03-2025",
            "created_time": "09:44",
            "user_updated": "EDI SISWANTO, S.IP",
            "updated_date": "25-03-2025",
            "updated_time": "10:00",
            "is_locked": 0
        },
        {
            "id_sub_bl": 61935,
            "id_daerah": 473,
            "tahun": 2026,
            "id_unit": 975,
            "id_skpd": 975,
            "created_user": 467111,
            "kode_skpd": "7.01.0.00.0.00.09.0000",
            "nama_skpd": "Kecamatan Hulu Palik",
            "id_urusan": 17,
            "kode_urusan": "7",
            "nama_urusan": "UNSUR KEWILAYAHAN",
            "id_bidang_urusan": 243,
            "kode_bidang_urusan": "7.01",
            "nama_bidang_urusan": "KECAMATAN",
            "id_sub_skpd": 975,
            "kode_sub_skpd": "7.01.0.00.0.00.09.0000",
            "nama_sub_skpd": "Kecamatan Hulu Palik",
            "set_pagu_user": 467111,
            "set_pagu_at": "Tue, 25 Mar 2025 11:34:04 GMT",
            "id_program": 4451,
            "kode_program": "7.01.01",
            "nama_program": "PROGRAM PENUNJANG URUSAN PEMERINTAHAN DAERAH KABUPATEN/KOTA",
            "id_giat": 18376,
            "kode_giat": "7.01.01.2.06",
            "nama_giat": "Administrasi Umum Perangkat Daerah",
            "pagu_giat": 83840000.0,
            "rinci_giat": null,
            "id_sub_giat": 60638,
            "kode_sub_giat": "7.01.01.2.06.0004",
            "nama_sub_giat": "Penyediaan Bahan Logistik Kantor",
            "pagu": 40000000.0,
            "pagu_indikatif": 40000000.0,
            "rincian": null,
            "kode_bl": "975.975.4451.18376",
            "kode_sbl": "975.975.4451.18376.60638",
            "kunci_bl": 1,
            "kunci_bl_rinci": 1,
            "user_created": "EDI SISWANTO, S.IP",
            "created_date": "30-01-2025",
            "created_time": "21:52",
            "user_updated": "EDI SISWANTO, S.IP",
            "updated_date": "25-03-2025",
            "updated_time": "10:00",
            "is_locked": 0
        },
        {
            "id_sub_bl": 61936,
            "id_daerah": 473,
            "tahun": 2026,
            "id_unit": 975,
            "id_skpd": 975,
            "created_user": 467111,
            "kode_skpd": "7.01.0.00.0.00.09.0000",
            "nama_skpd": "Kecamatan Hulu Palik",
            "id_urusan": 17,
            "kode_urusan": "7",
            "nama_urusan": "UNSUR KEWILAYAHAN",
            "id_bidang_urusan": 243,
            "kode_bidang_urusan": "7.01",
            "nama_bidang_urusan": "KECAMATAN",
            "id_sub_skpd": 975,
            "kode_sub_skpd": "7.01.0.00.0.00.09.0000",
            "nama_sub_skpd": "Kecamatan Hulu Palik",
            "set_pagu_user": 467111,
            "set_pagu_at": "Tue, 25 Mar 2025 11:34:04 GMT",
            "id_program": 4451,
            "kode_program": "7.01.01",
            "nama_program": "PROGRAM PENUNJANG URUSAN PEMERINTAHAN DAERAH KABUPATEN/KOTA",
            "id_giat": 18376,
            "kode_giat": "7.01.01.2.06",
            "nama_giat": "Administrasi Umum Perangkat Daerah",
            "pagu_giat": 83840000.0,
            "rinci_giat": null,
            "id_sub_giat": 60639,
            "kode_sub_giat": "7.01.01.2.06.0005",
            "nama_sub_giat": "Penyediaan Barang Cetakan dan Penggandaan",
            "pagu": 5000000.0,
            "pagu_indikatif": 5000000.0,
            "rincian": null,
            "kode_bl": "975.975.4451.18376",
            "kode_sbl": "975.975.4451.18376.60639",
            "kunci_bl": 1,
            "kunci_bl_rinci": 1,
            "user_created": "EDI SISWANTO, S.IP",
            "created_date": "30-01-2025",
            "created_time": "21:55",
            "user_updated": "EDI SISWANTO, S.IP",
            "updated_date": "25-03-2025",
            "updated_time": "09:42",
            "is_locked": 0
        },
        {
            "id_sub_bl": 61937,
            "id_daerah": 473,
            "tahun": 2026,
            "id_unit": 975,
            "id_skpd": 975,
            "created_user": 467111,
            "kode_skpd": "7.01.0.00.0.00.09.0000",
            "nama_skpd": "Kecamatan Hulu Palik",
            "id_urusan": 17,
            "kode_urusan": "7",
            "nama_urusan": "UNSUR KEWILAYAHAN",
            "id_bidang_urusan": 243,
            "kode_bidang_urusan": "7.01",
            "nama_bidang_urusan": "KECAMATAN",
            "id_sub_skpd": 975,
            "kode_sub_skpd": "7.01.0.00.0.00.09.0000",
            "nama_sub_skpd": "Kecamatan Hulu Palik",
            "set_pagu_user": 467111,
            "set_pagu_at": "Tue, 25 Mar 2025 11:34:04 GMT",
            "id_program": 4451,
            "kode_program": "7.01.01",
            "nama_program": "PROGRAM PENUNJANG URUSAN PEMERINTAHAN DAERAH KABUPATEN/KOTA",
            "id_giat": 18376,
            "kode_giat": "7.01.01.2.06",
            "nama_giat": "Administrasi Umum Perangkat Daerah",
            "pagu_giat": 83840000.0,
            "rinci_giat": null,
            "id_sub_giat": 60640,
            "kode_sub_giat": "7.01.01.2.06.0006",
            "nama_sub_giat": "Penyediaan Bahan Bacaan dan Peraturan Perundang-undangan",
            "pagu": 3840000.0,
            "pagu_indikatif": 3840000.0,
            "rincian": null,
            "kode_bl": "975.975.4451.18376",
            "kode_sbl": "975.975.4451.18376.60640",
            "kunci_bl": 1,
            "kunci_bl_rinci": 1,
            "user_created": "EDI SISWANTO, S.IP",
            "created_date": "30-01-2025",
            "created_time": "21:56",
            "user_updated": "EDI SISWANTO, S.IP",
            "updated_date": "25-03-2025",
            "updated_time": "10:27",
            "is_locked": 0
        },
        {
            "id_sub_bl": 61938,
            "id_daerah": 473,
            "tahun": 2026,
            "id_unit": 975,
            "id_skpd": 975,
            "created_user": 467111,
            "kode_skpd": "7.01.0.00.0.00.09.0000",
            "nama_skpd": "Kecamatan Hulu Palik",
            "id_urusan": 17,
            "kode_urusan": "7",
            "nama_urusan": "UNSUR KEWILAYAHAN",
            "id_bidang_urusan": 243,
            "kode_bidang_urusan": "7.01",
            "nama_bidang_urusan": "KECAMATAN",
            "id_sub_skpd": 975,
            "kode_sub_skpd": "7.01.0.00.0.00.09.0000",
            "nama_sub_skpd": "Kecamatan Hulu Palik",
            "set_pagu_user": 467111,
            "set_pagu_at": "Tue, 25 Mar 2025 11:34:04 GMT",
            "id_program": 4451,
            "kode_program": "7.01.01",
            "nama_program": "PROGRAM PENUNJANG URUSAN PEMERINTAHAN DAERAH KABUPATEN/KOTA",
            "id_giat": 18376,
            "kode_giat": "7.01.01.2.06",
            "nama_giat": "Administrasi Umum Perangkat Daerah",
            "pagu_giat": 83840000.0,
            "rinci_giat": null,
            "id_sub_giat": 60643,
            "kode_sub_giat": "7.01.01.2.06.0009",
            "nama_sub_giat": "Penyelenggaraan Rapat Koordinasi dan Konsultasi SKPD",
            "pagu": 30000000.0,
            "pagu_indikatif": 30000000.0,
            "rincian": null,
            "kode_bl": "975.975.4451.18376",
            "kode_sbl": "975.975.4451.18376.60643",
            "kunci_bl": 1,
            "kunci_bl_rinci": 1,
            "user_created": "EDI SISWANTO, S.IP",
            "created_date": "30-01-2025",
            "created_time": "21:57",
            "user_updated": "EDI SISWANTO, S.IP",
            "updated_date": "25-03-2025",
            "updated_time": "10:01",
            "is_locked": 0
        },
        {
            "id_sub_bl": 73252,
            "id_daerah": 473,
            "tahun": 2026,
            "id_unit": 975,
            "id_skpd": 975,
            "created_user": 467111,
            "kode_skpd": "7.01.0.00.0.00.09.0000",
            "nama_skpd": "Kecamatan Hulu Palik",
            "id_urusan": 17,
            "kode_urusan": "7",
            "nama_urusan": "UNSUR KEWILAYAHAN",
            "id_bidang_urusan": 243,
            "kode_bidang_urusan": "7.01",
            "nama_bidang_urusan": "KECAMATAN",
            "id_sub_skpd": 975,
            "kode_sub_skpd": "7.01.0.00.0.00.09.0000",
            "nama_sub_skpd": "Kecamatan Hulu Palik",
            "set_pagu_user": 467111,
            "set_pagu_at": "Tue, 25 Mar 2025 11:34:04 GMT",
            "id_program": 4451,
            "kode_program": "7.01.01",
            "nama_program": "PROGRAM PENUNJANG URUSAN PEMERINTAHAN DAERAH KABUPATEN/KOTA",
            "id_giat": 18377,
            "kode_giat": "7.01.01.2.07",
            "nama_giat": "Pengadaan Barang Milik Daerah Penunjang Urusan Pemerintah Daerah",
            "pagu_giat": 0.0,
            "rinci_giat": null,
            "id_sub_giat": 60650,
            "kode_sub_giat": "7.01.01.2.07.0005",
            "nama_sub_giat": "Pengadaan Mebel",
            "pagu": 0.0,
            "pagu_indikatif": 0.0,
            "rincian": null,
            "kode_bl": "975.975.4451.18377",
            "kode_sbl": "975.975.4451.18377.60650",
            "kunci_bl": 1,
            "kunci_bl_rinci": 1,
            "user_created": "EDI SISWANTO, S.IP",
            "created_date": "25-03-2025",
            "created_time": "10:34",
            "user_updated": null,
            "updated_date": null,
            "updated_time": null,
            "is_locked": 0
        },
        {
            "id_sub_bl": 73253,
            "id_daerah": 473,
            "tahun": 2026,
            "id_unit": 975,
            "id_skpd": 975,
            "created_user": 467111,
            "kode_skpd": "7.01.0.00.0.00.09.0000",
            "nama_skpd": "Kecamatan Hulu Palik",
            "id_urusan": 17,
            "kode_urusan": "7",
            "nama_urusan": "UNSUR KEWILAYAHAN",
            "id_bidang_urusan": 243,
            "kode_bidang_urusan": "7.01",
            "nama_bidang_urusan": "KECAMATAN",
            "id_sub_skpd": 975,
            "kode_sub_skpd": "7.01.0.00.0.00.09.0000",
            "nama_sub_skpd": "Kecamatan Hulu Palik",
            "set_pagu_user": 467111,
            "set_pagu_at": "Tue, 25 Mar 2025 11:34:04 GMT",
            "id_program": 4451,
            "kode_program": "7.01.01",
            "nama_program": "PROGRAM PENUNJANG URUSAN PEMERINTAHAN DAERAH KABUPATEN/KOTA",
            "id_giat": 18377,
            "kode_giat": "7.01.01.2.07",
            "nama_giat": "Pengadaan Barang Milik Daerah Penunjang Urusan Pemerintah Daerah",
            "pagu_giat": 0.0,
            "rinci_giat": null,
            "id_sub_giat": 60651,
            "kode_sub_giat": "7.01.01.2.07.0006",
            "nama_sub_giat": "Pengadaan Peralatan dan Mesin Lainnya",
            "pagu": 0.0,
            "pagu_indikatif": 0.0,
            "rincian": null,
            "kode_bl": "975.975.4451.18377",
            "kode_sbl": "975.975.4451.18377.60651",
            "kunci_bl": 1,
            "kunci_bl_rinci": 1,
            "user_created": "EDI SISWANTO, S.IP",
            "created_date": "25-03-2025",
            "created_time": "10:36",
            "user_updated": null,
            "updated_date": null,
            "updated_time": null,
            "is_locked": 0
        },
        {
            "id_sub_bl": 61940,
            "id_daerah": 473,
            "tahun": 2026,
            "id_unit": 975,
            "id_skpd": 975,
            "created_user": 467111,
            "kode_skpd": "7.01.0.00.0.00.09.0000",
            "nama_skpd": "Kecamatan Hulu Palik",
            "id_urusan": 17,
            "kode_urusan": "7",
            "nama_urusan": "UNSUR KEWILAYAHAN",
            "id_bidang_urusan": 243,
            "kode_bidang_urusan": "7.01",
            "nama_bidang_urusan": "KECAMATAN",
            "id_sub_skpd": 975,
            "kode_sub_skpd": "7.01.0.00.0.00.09.0000",
            "nama_sub_skpd": "Kecamatan Hulu Palik",
            "set_pagu_user": 467111,
            "set_pagu_at": "Tue, 25 Mar 2025 11:34:04 GMT",
            "id_program": 4451,
            "kode_program": "7.01.01",
            "nama_program": "PROGRAM PENUNJANG URUSAN PEMERINTAHAN DAERAH KABUPATEN/KOTA",
            "id_giat": 18378,
            "kode_giat": "7.01.01.2.08",
            "nama_giat": "Penyediaan Jasa Penunjang Urusan Pemerintahan Daerah",
            "pagu_giat": 106800000.0,
            "rinci_giat": null,
            "id_sub_giat": 60658,
            "kode_sub_giat": "7.01.01.2.08.0002",
            "nama_sub_giat": "Penyediaan Jasa Komunikasi, Sumber Daya Air dan Listrik",
            "pagu": 30000000.0,
            "pagu_indikatif": 30000000.0,
            "rincian": null,
            "kode_bl": "975.975.4451.18378",
            "kode_sbl": "975.975.4451.18378.60658",
            "kunci_bl": 1,
            "kunci_bl_rinci": 1,
            "user_created": "EDI SISWANTO, S.IP",
            "created_date": "30-01-2025",
            "created_time": "21:59",
            "user_updated": "EDI SISWANTO, S.IP",
            "updated_date": "25-03-2025",
            "updated_time": "10:42",
            "is_locked": 0
        },
        {
            "id_sub_bl": 61941,
            "id_daerah": 473,
            "tahun": 2026,
            "id_unit": 975,
            "id_skpd": 975,
            "created_user": 467111,
            "kode_skpd": "7.01.0.00.0.00.09.0000",
            "nama_skpd": "Kecamatan Hulu Palik",
            "id_urusan": 17,
            "kode_urusan": "7",
            "nama_urusan": "UNSUR KEWILAYAHAN",
            "id_bidang_urusan": 243,
            "kode_bidang_urusan": "7.01",
            "nama_bidang_urusan": "KECAMATAN",
            "id_sub_skpd": 975,
            "kode_sub_skpd": "7.01.0.00.0.00.09.0000",
            "nama_sub_skpd": "Kecamatan Hulu Palik",
            "set_pagu_user": 467111,
            "set_pagu_at": "Tue, 25 Mar 2025 11:34:04 GMT",
            "id_program": 4451,
            "kode_program": "7.01.01",
            "nama_program": "PROGRAM PENUNJANG URUSAN PEMERINTAHAN DAERAH KABUPATEN/KOTA",
            "id_giat": 18378,
            "kode_giat": "7.01.01.2.08",
            "nama_giat": "Penyediaan Jasa Penunjang Urusan Pemerintahan Daerah",
            "pagu_giat": 106800000.0,
            "rinci_giat": null,
            "id_sub_giat": 60660,
            "kode_sub_giat": "7.01.01.2.08.0004",
            "nama_sub_giat": "Penyediaan Jasa Pelayanan Umum Kantor",
            "pagu": 76800000.0,
            "pagu_indikatif": 76800000.0,
            "rincian": null,
            "kode_bl": "975.975.4451.18378",
            "kode_sbl": "975.975.4451.18378.60660",
            "kunci_bl": 1,
            "kunci_bl_rinci": 1,
            "user_created": "EDI SISWANTO, S.IP",
            "created_date": "30-01-2025",
            "created_time": "22:00",
            "user_updated": "EDI SISWANTO, S.IP",
            "updated_date": "25-03-2025",
            "updated_time": "10:10",
            "is_locked": 0
        },
        {
            "id_sub_bl": 61942,
            "id_daerah": 473,
            "tahun": 2026,
            "id_unit": 975,
            "id_skpd": 975,
            "created_user": 467111,
            "kode_skpd": "7.01.0.00.0.00.09.0000",
            "nama_skpd": "Kecamatan Hulu Palik",
            "id_urusan": 17,
            "kode_urusan": "7",
            "nama_urusan": "UNSUR KEWILAYAHAN",
            "id_bidang_urusan": 243,
            "kode_bidang_urusan": "7.01",
            "nama_bidang_urusan": "KECAMATAN",
            "id_sub_skpd": 975,
            "kode_sub_skpd": "7.01.0.00.0.00.09.0000",
            "nama_sub_skpd": "Kecamatan Hulu Palik",
            "set_pagu_user": 467111,
            "set_pagu_at": "Tue, 25 Mar 2025 11:34:04 GMT",
            "id_program": 4451,
            "kode_program": "7.01.01",
            "nama_program": "PROGRAM PENUNJANG URUSAN PEMERINTAHAN DAERAH KABUPATEN/KOTA",
            "id_giat": 18379,
            "kode_giat": "7.01.01.2.09",
            "nama_giat": "Pemeliharaan Barang Milik Daerah Penunjang Urusan Pemerintahan Daerah",
            "pagu_giat": 50000000.0,
            "rinci_giat": null,
            "id_sub_giat": 60662,
            "kode_sub_giat": "7.01.01.2.09.0002",
            "nama_sub_giat": "Penyediaan Jasa Pemeliharaan, Biaya Pemeliharaan, Pajak dan Perizinan Kendaraan Dinas Operasional atau Lapangan",
            "pagu": 40000000.0,
            "pagu_indikatif": 40000000.0,
            "rincian": null,
            "kode_bl": "975.975.4451.18379",
            "kode_sbl": "975.975.4451.18379.60662",
            "kunci_bl": 1,
            "kunci_bl_rinci": 1,
            "user_created": "EDI SISWANTO, S.IP",
            "created_date": "30-01-2025",
            "created_time": "22:02",
            "user_updated": "EDI SISWANTO, S.IP",
            "updated_date": "25-03-2025",
            "updated_time": "09:28",
            "is_locked": 0
        },
        {
            "id_sub_bl": 61943,
            "id_daerah": 473,
            "tahun": 2026,
            "id_unit": 975,
            "id_skpd": 975,
            "created_user": 467111,
            "kode_skpd": "7.01.0.00.0.00.09.0000",
            "nama_skpd": "Kecamatan Hulu Palik",
            "id_urusan": 17,
            "kode_urusan": "7",
            "nama_urusan": "UNSUR KEWILAYAHAN",
            "id_bidang_urusan": 243,
            "kode_bidang_urusan": "7.01",
            "nama_bidang_urusan": "KECAMATAN",
            "id_sub_skpd": 975,
            "kode_sub_skpd": "7.01.0.00.0.00.09.0000",
            "nama_sub_skpd": "Kecamatan Hulu Palik",
            "set_pagu_user": 467111,
            "set_pagu_at": "Tue, 25 Mar 2025 11:34:04 GMT",
            "id_program": 4451,
            "kode_program": "7.01.01",
            "nama_program": "PROGRAM PENUNJANG URUSAN PEMERINTAHAN DAERAH KABUPATEN/KOTA",
            "id_giat": 18379,
            "kode_giat": "7.01.01.2.09",
            "nama_giat": "Pemeliharaan Barang Milik Daerah Penunjang Urusan Pemerintahan Daerah",
            "pagu_giat": 50000000.0,
            "rinci_giat": null,
            "id_sub_giat": 60666,
            "kode_sub_giat": "7.01.01.2.09.0006",
            "nama_sub_giat": "Pemeliharaan Peralatan dan Mesin Lainnya",
            "pagu": 10000000.0,
            "pagu_indikatif": 10000000.0,
            "rincian": null,
            "kode_bl": "975.975.4451.18379",
            "kode_sbl": "975.975.4451.18379.60666",
            "kunci_bl": 1,
            "kunci_bl_rinci": 1,
            "user_created": "EDI SISWANTO, S.IP",
            "created_date": "30-01-2025",
            "created_time": "22:03",
            "user_updated": "EDI SISWANTO, S.IP",
            "updated_date": "25-03-2025",
            "updated_time": "10:12",
            "is_locked": 0
        },
        {
            "id_sub_bl": 73250,
            "id_daerah": 473,
            "tahun": 2026,
            "id_unit": 975,
            "id_skpd": 975,
            "created_user": 467111,
            "kode_skpd": "7.01.0.00.0.00.09.0000",
            "nama_skpd": "Kecamatan Hulu Palik",
            "id_urusan": 17,
            "kode_urusan": "7",
            "nama_urusan": "UNSUR KEWILAYAHAN",
            "id_bidang_urusan": 243,
            "kode_bidang_urusan": "7.01",
            "nama_bidang_urusan": "KECAMATAN",
            "id_sub_skpd": 975,
            "kode_sub_skpd": "7.01.0.00.0.00.09.0000",
            "nama_sub_skpd": "Kecamatan Hulu Palik",
            "set_pagu_user": 467111,
            "set_pagu_at": "Tue, 25 Mar 2025 11:34:04 GMT",
            "id_program": 4451,
            "kode_program": "7.01.01",
            "nama_program": "PROGRAM PENUNJANG URUSAN PEMERINTAHAN DAERAH KABUPATEN/KOTA",
            "id_giat": 18379,
            "kode_giat": "7.01.01.2.09",
            "nama_giat": "Pemeliharaan Barang Milik Daerah Penunjang Urusan Pemerintahan Daerah",
            "pagu_giat": 50000000.0,
            "rinci_giat": null,
            "id_sub_giat": 60669,
            "kode_sub_giat": "7.01.01.2.09.0009",
            "nama_sub_giat": "Pemeliharaan/Rehabilitasi Gedung Kantor dan Bangunan Lainnya",
            "pagu": 0.0,
            "pagu_indikatif": 0.0,
            "rincian": null,
            "kode_bl": "975.975.4451.18379",
            "kode_sbl": "975.975.4451.18379.60669",
            "kunci_bl": 1,
            "kunci_bl_rinci": 1,
            "user_created": "EDI SISWANTO, S.IP",
            "created_date": "25-03-2025",
            "created_time": "10:16",
            "user_updated": null,
            "updated_date": null,
            "updated_time": null,
            "is_locked": 0
        }
    ]