[
        {
            "id_sub_bl": 73357,
            "id_daerah": 473,
            "tahun": 2026,
            "id_unit": 976,
            "id_skpd": 976,
            "created_user": 23622,
            "kode_skpd": "7.01.0.00.0.00.16.0000",
            "nama_skpd": "Kecamatan Pinang Raya",
            "id_urusan": 17,
            "kode_urusan": "7",
            "nama_urusan": "UNSUR KEWILAYAHAN",
            "id_bidang_urusan": 243,
            "kode_bidang_urusan": "7.01",
            "nama_bidang_urusan": "KECAMATAN",
            "id_sub_skpd": 976,
            "kode_sub_skpd": "7.01.0.00.0.00.16.0000",
            "nama_sub_skpd": "Kecamatan Pinang Raya",
            "set_pagu_user": 23622,
            "set_pagu_at": "Mon, 14 Apr 2025 12:51:24 GMT",
            "id_program": 4416,
            "kode_program": "7.01.02",
            "nama_program": "PROGRAM PENYELENGGARAAN PEMERINTAHAN DAN PELAYANAN PUBLIK",
            "id_giat": 18270,
            "kode_giat": "7.01.02.2.01",
            "nama_giat": "Koordinasi Penyelenggaraan Kegiatan\n\nPemerintahan di Tingkat Kecamatan",
            "pagu_giat": 0.0,
            "rinci_giat": null,
            "id_sub_giat": 59876,
            "kode_sub_giat": "7.01.02.2.01.0001",
            "nama_sub_giat": "Koordinasi/Sinergi Perencanaan dan Pelaksanaan Kegiatan Pemerintahan dengan Perangkat Daerah dan Instansi Vertikal Terkait",
            "pagu": 0.0,
            "pagu_indikatif": 0.0,
            "rincian": null,
            "kode_bl": "976.976.4416.18270",
            "kode_sbl": "976.976.4416.18270.59876",
            "kunci_bl": 1,
            "kunci_bl_rinci": 1,
            "user_created": "M. IRFAN, S.Sos",
            "created_date": "26-03-2025",
            "created_time": "12:33",
            "user_updated": "M. IRFAN, S.Sos",
            "updated_date": "14-04-2025",
            "updated_time": "12:48",
            "is_locked": 0
        },
        {
            "id_sub_bl": 60823,
            "id_daerah": 473,
            "tahun": 2026,
            "id_unit": 976,
            "id_skpd": 976,
            "created_user": 23622,
            "kode_skpd": "7.01.0.00.0.00.16.0000",
            "nama_skpd": "Kecamatan Pinang Raya",
            "id_urusan": 17,
            "kode_urusan": "7",
            "nama_urusan": "UNSUR KEWILAYAHAN",
            "id_bidang_urusan": 243,
            "kode_bidang_urusan": "7.01",
            "nama_bidang_urusan": "KECAMATAN",
            "id_sub_skpd": 976,
            "kode_sub_skpd": "7.01.0.00.0.00.16.0000",
            "nama_sub_skpd": "Kecamatan Pinang Raya",
            "set_pagu_user": 23622,
            "set_pagu_at": "Mon, 14 Apr 2025 12:51:24 GMT",
            "id_program": 4418,
            "kode_program": "7.01.03",
            "nama_program": "PROGRAM PEMBERDAYAAN MASYARAKAT DESA DAN KELURAHAN",
            "id_giat": 18279,
            "kode_giat": "7.01.03.2.01",
            "nama_giat": "Koordinasi Kegiatan Pemberdayaan Desa",
            "pagu_giat": 20610200.0,
            "rinci_giat": null,
            "id_sub_giat": 59913,
            "kode_sub_giat": "7.01.03.2.01.0001",
            "nama_sub_giat": "Peningkatan Partisipasi Masyarakat dalam Forum Musyawarah Perencanaan Pembangunan di Desa",
            "pagu": 20610200.0,
            "pagu_indikatif": 20610200.0,
            "rincian": null,
            "kode_bl": "976.976.4418.18279",
            "kode_sbl": "976.976.4418.18279.59913",
            "kunci_bl": 1,
            "kunci_bl_rinci": 1,
            "user_created": "M. IRFAN, S.Sos",
            "created_date": "26-01-2025",
            "created_time": "22:28",
            "user_updated": "M. IRFAN, S.Sos",
            "updated_date": "24-03-2025",
            "updated_time": "20:38",
            "is_locked": 0
        },
        {
            "id_sub_bl": 60824,
            "id_daerah": 473,
            "tahun": 2026,
            "id_unit": 976,
            "id_skpd": 976,
            "created_user": 23622,
            "kode_skpd": "7.01.0.00.0.00.16.0000",
            "nama_skpd": "Kecamatan Pinang Raya",
            "id_urusan": 17,
            "kode_urusan": "7",
            "nama_urusan": "UNSUR KEWILAYAHAN",
            "id_bidang_urusan": 243,
            "kode_bidang_urusan": "7.01",
            "nama_bidang_urusan": "KECAMATAN",
            "id_sub_skpd": 976,
            "kode_sub_skpd": "7.01.0.00.0.00.16.0000",
            "nama_sub_skpd": "Kecamatan Pinang Raya",
            "set_pagu_user": 23622,
            "set_pagu_at": "Mon, 14 Apr 2025 12:51:24 GMT",
            "id_program": 4423,
            "kode_program": "7.01.06",
            "nama_program": "PROGRAM PEMBINAAN DAN PENGAWASAN PEMERINTAHAN DESA",
            "id_giat": 18290,
            "kode_giat": "7.01.06.2.01",
            "nama_giat": "Fasilitasi, Rekomendasi dan Koordinasi\n\nPembinaan dan Pengawasan Pemerintahan Desa",
            "pagu_giat": 62462000.0,
            "rinci_giat": null,
            "id_sub_giat": 59975,
            "kode_sub_giat": "7.01.06.2.01.0016",
            "nama_sub_giat": "Fasilitasi Penyusunan Program dan Pelaksanaan Pemberdayaan Masyarakat Desa",
            "pagu": 62462000.0,
            "pagu_indikatif": 62462000.0,
            "rincian": null,
            "kode_bl": "976.976.4423.18290",
            "kode_sbl": "976.976.4423.18290.59975",
            "kunci_bl": 1,
            "kunci_bl_rinci": 1,
            "user_created": "M. IRFAN, S.Sos",
            "created_date": "26-01-2025",
            "created_time": "22:30",
            "user_updated": "M. IRFAN, S.Sos",
            "updated_date": "14-04-2025",
            "updated_time": "12:51",
            "is_locked": 0
        },
        {
            "id_sub_bl": 60802,
            "id_daerah": 473,
            "tahun": 2026,
            "id_unit": 976,
            "id_skpd": 976,
            "created_user": 23622,
            "kode_skpd": "7.01.0.00.0.00.16.0000",
            "nama_skpd": "Kecamatan Pinang Raya",
            "id_urusan": 17,
            "kode_urusan": "7",
            "nama_urusan": "UNSUR KEWILAYAHAN",
            "id_bidang_urusan": 243,
            "kode_bidang_urusan": "7.01",
            "nama_bidang_urusan": "KECAMATAN",
            "id_sub_skpd": 976,
            "kode_sub_skpd": "7.01.0.00.0.00.16.0000",
            "nama_sub_skpd": "Kecamatan Pinang Raya",
            "set_pagu_user": 23622,
            "set_pagu_at": "Mon, 14 Apr 2025 12:51:24 GMT",
            "id_program": 4451,
            "kode_program": "7.01.01",
            "nama_program": "PROGRAM PENUNJANG URUSAN PEMERINTAHAN DAERAH KABUPATEN/KOTA",
            "id_giat": 18371,
            "kode_giat": "7.01.01.2.01",
            "nama_giat": "Perencanaan, Penganggaran, dan Evaluasi Kinerja Perangkat Daerah",
            "pagu_giat": 45250000.0,
            "rinci_giat": null,
            "id_sub_giat": 60589,
            "kode_sub_giat": "7.01.01.2.01.0001",
            "nama_sub_giat": "Penyusunan Dokumen Perencanaan Perangkat Daerah",
            "pagu": 30000000.0,
            "pagu_indikatif": 30000000.0,
            "rincian": null,
            "kode_bl": "976.976.4451.18371",
            "kode_sbl": "976.976.4451.18371.60589",
            "kunci_bl": 1,
            "kunci_bl_rinci": 1,
            "user_created": "M. IRFAN, S.Sos",
            "created_date": "26-01-2025",
            "created_time": "20:56",
            "user_updated": "M. IRFAN, S.Sos",
            "updated_date": "24-03-2025",
            "updated_time": "20:39",
            "is_locked": 0
        },
        {
            "id_sub_bl": 60804,
            "id_daerah": 473,
            "tahun": 2026,
            "id_unit": 976,
            "id_skpd": 976,
            "created_user": 23622,
            "kode_skpd": "7.01.0.00.0.00.16.0000",
            "nama_skpd": "Kecamatan Pinang Raya",
            "id_urusan": 17,
            "kode_urusan": "7",
            "nama_urusan": "UNSUR KEWILAYAHAN",
            "id_bidang_urusan": 243,
            "kode_bidang_urusan": "7.01",
            "nama_bidang_urusan": "KECAMATAN",
            "id_sub_skpd": 976,
            "kode_sub_skpd": "7.01.0.00.0.00.16.0000",
            "nama_sub_skpd": "Kecamatan Pinang Raya",
            "set_pagu_user": 23622,
            "set_pagu_at": "Mon, 14 Apr 2025 12:51:24 GMT",
            "id_program": 4451,
            "kode_program": "7.01.01",
            "nama_program": "PROGRAM PENUNJANG URUSAN PEMERINTAHAN DAERAH KABUPATEN/KOTA",
            "id_giat": 18371,
            "kode_giat": "7.01.01.2.01",
            "nama_giat": "Perencanaan, Penganggaran, dan Evaluasi Kinerja Perangkat Daerah",
            "pagu_giat": 45250000.0,
            "rinci_giat": null,
            "id_sub_giat": 60590,
            "kode_sub_giat": "7.01.01.2.01.0002",
            "nama_sub_giat": "Koordinasi dan Penyusunan Dokumen RKA-SKPD",
            "pagu": 4500000.0,
            "pagu_indikatif": 4500000.0,
            "rincian": null,
            "kode_bl": "976.976.4451.18371",
            "kode_sbl": "976.976.4451.18371.60590",
            "kunci_bl": 1,
            "kunci_bl_rinci": 1,
            "user_created": "M. IRFAN, S.Sos",
            "created_date": "26-01-2025",
            "created_time": "20:59",
            "user_updated": "M. IRFAN, S.Sos",
            "updated_date": "24-03-2025",
            "updated_time": "20:39",
            "is_locked": 0
        },
        {
            "id_sub_bl": 60805,
            "id_daerah": 473,
            "tahun": 2026,
            "id_unit": 976,
            "id_skpd": 976,
            "created_user": 23622,
            "kode_skpd": "7.01.0.00.0.00.16.0000",
            "nama_skpd": "Kecamatan Pinang Raya",
            "id_urusan": 17,
            "kode_urusan": "7",
            "nama_urusan": "UNSUR KEWILAYAHAN",
            "id_bidang_urusan": 243,
            "kode_bidang_urusan": "7.01",
            "nama_bidang_urusan": "KECAMATAN",
            "id_sub_skpd": 976,
            "kode_sub_skpd": "7.01.0.00.0.00.16.0000",
            "nama_sub_skpd": "Kecamatan Pinang Raya",
            "set_pagu_user": 23622,
            "set_pagu_at": "Mon, 14 Apr 2025 12:51:24 GMT",
            "id_program": 4451,
            "kode_program": "7.01.01",
            "nama_program": "PROGRAM PENUNJANG URUSAN PEMERINTAHAN DAERAH KABUPATEN/KOTA",
            "id_giat": 18371,
            "kode_giat": "7.01.01.2.01",
            "nama_giat": "Perencanaan, Penganggaran, dan Evaluasi Kinerja Perangkat Daerah",
            "pagu_giat": 45250000.0,
            "rinci_giat": null,
            "id_sub_giat": 60591,
            "kode_sub_giat": "7.01.01.2.01.0003",
            "nama_sub_giat": "Koordinasi dan Penyusunan Dokumen Perubahan RKA-SKPD",
            "pagu": 2000000.0,
            "pagu_indikatif": 2000000.0,
            "rincian": null,
            "kode_bl": "976.976.4451.18371",
            "kode_sbl": "976.976.4451.18371.60591",
            "kunci_bl": 1,
            "kunci_bl_rinci": 1,
            "user_created": "M. IRFAN, S.Sos",
            "created_date": "26-01-2025",
            "created_time": "21:03",
            "user_updated": "M. IRFAN, S.Sos",
            "updated_date": "24-03-2025",
            "updated_time": "21:17",
            "is_locked": 0
        },
        {
            "id_sub_bl": 60806,
            "id_daerah": 473,
            "tahun": 2026,
            "id_unit": 976,
            "id_skpd": 976,
            "created_user": 23622,
            "kode_skpd": "7.01.0.00.0.00.16.0000",
            "nama_skpd": "Kecamatan Pinang Raya",
            "id_urusan": 17,
            "kode_urusan": "7",
            "nama_urusan": "UNSUR KEWILAYAHAN",
            "id_bidang_urusan": 243,
            "kode_bidang_urusan": "7.01",
            "nama_bidang_urusan": "KECAMATAN",
            "id_sub_skpd": 976,
            "kode_sub_skpd": "7.01.0.00.0.00.16.0000",
            "nama_sub_skpd": "Kecamatan Pinang Raya",
            "set_pagu_user": 23622,
            "set_pagu_at": "Mon, 14 Apr 2025 12:51:24 GMT",
            "id_program": 4451,
            "kode_program": "7.01.01",
            "nama_program": "PROGRAM PENUNJANG URUSAN PEMERINTAHAN DAERAH KABUPATEN/KOTA",
            "id_giat": 18371,
            "kode_giat": "7.01.01.2.01",
            "nama_giat": "Perencanaan, Penganggaran, dan Evaluasi Kinerja Perangkat Daerah",
            "pagu_giat": 45250000.0,
            "rinci_giat": null,
            "id_sub_giat": 60592,
            "kode_sub_giat": "7.01.01.2.01.0004",
            "nama_sub_giat": "Koordinasi dan Penyusunan DPA-SKPD",
            "pagu": 2500000.0,
            "pagu_indikatif": 2500000.0,
            "rincian": null,
            "kode_bl": "976.976.4451.18371",
            "kode_sbl": "976.976.4451.18371.60592",
            "kunci_bl": 1,
            "kunci_bl_rinci": 1,
            "user_created": "M. IRFAN, S.Sos",
            "created_date": "26-01-2025",
            "created_time": "21:05",
            "user_updated": "M. IRFAN, S.Sos",
            "updated_date": "24-03-2025",
            "updated_time": "20:40",
            "is_locked": 0
        },
        {
            "id_sub_bl": 60807,
            "id_daerah": 473,
            "tahun": 2026,
            "id_unit": 976,
            "id_skpd": 976,
            "created_user": 23622,
            "kode_skpd": "7.01.0.00.0.00.16.0000",
            "nama_skpd": "Kecamatan Pinang Raya",
            "id_urusan": 17,
            "kode_urusan": "7",
            "nama_urusan": "UNSUR KEWILAYAHAN",
            "id_bidang_urusan": 243,
            "kode_bidang_urusan": "7.01",
            "nama_bidang_urusan": "KECAMATAN",
            "id_sub_skpd": 976,
            "kode_sub_skpd": "7.01.0.00.0.00.16.0000",
            "nama_sub_skpd": "Kecamatan Pinang Raya",
            "set_pagu_user": 23622,
            "set_pagu_at": "Mon, 14 Apr 2025 12:51:24 GMT",
            "id_program": 4451,
            "kode_program": "7.01.01",
            "nama_program": "PROGRAM PENUNJANG URUSAN PEMERINTAHAN DAERAH KABUPATEN/KOTA",
            "id_giat": 18371,
            "kode_giat": "7.01.01.2.01",
            "nama_giat": "Perencanaan, Penganggaran, dan Evaluasi Kinerja Perangkat Daerah",
            "pagu_giat": 45250000.0,
            "rinci_giat": null,
            "id_sub_giat": 60593,
            "kode_sub_giat": "7.01.01.2.01.0005",
            "nama_sub_giat": "Koordinasi dan Penyusunan Perubahan DPA- SKPD",
            "pagu": 2000000.0,
            "pagu_indikatif": 2000000.0,
            "rincian": null,
            "kode_bl": "976.976.4451.18371",
            "kode_sbl": "976.976.4451.18371.60593",
            "kunci_bl": 1,
            "kunci_bl_rinci": 1,
            "user_created": "M. IRFAN, S.Sos",
            "created_date": "26-01-2025",
            "created_time": "21:06",
            "user_updated": "M. IRFAN, S.Sos",
            "updated_date": "24-03-2025",
            "updated_time": "21:18",
            "is_locked": 0
        },
        {
            "id_sub_bl": 60809,
            "id_daerah": 473,
            "tahun": 2026,
            "id_unit": 976,
            "id_skpd": 976,
            "created_user": 23622,
            "kode_skpd": "7.01.0.00.0.00.16.0000",
            "nama_skpd": "Kecamatan Pinang Raya",
            "id_urusan": 17,
            "kode_urusan": "7",
            "nama_urusan": "UNSUR KEWILAYAHAN",
            "id_bidang_urusan": 243,
            "kode_bidang_urusan": "7.01",
            "nama_bidang_urusan": "KECAMATAN",
            "id_sub_skpd": 976,
            "kode_sub_skpd": "7.01.0.00.0.00.16.0000",
            "nama_sub_skpd": "Kecamatan Pinang Raya",
            "set_pagu_user": 23622,
            "set_pagu_at": "Mon, 14 Apr 2025 12:51:24 GMT",
            "id_program": 4451,
            "kode_program": "7.01.01",
            "nama_program": "PROGRAM PENUNJANG URUSAN PEMERINTAHAN DAERAH KABUPATEN/KOTA",
            "id_giat": 18371,
            "kode_giat": "7.01.01.2.01",
            "nama_giat": "Perencanaan, Penganggaran, dan Evaluasi Kinerja Perangkat Daerah",
            "pagu_giat": 45250000.0,
            "rinci_giat": null,
            "id_sub_giat": 60594,
            "kode_sub_giat": "7.01.01.2.01.0006",
            "nama_sub_giat": "Koordinasi dan Penyusunan Laporan Capaian Kinerja dan Ikhtisar Realisasi Kinerja SKPD",
            "pagu": 2100000.0,
            "pagu_indikatif": 2100000.0,
            "rincian": null,
            "kode_bl": "976.976.4451.18371",
            "kode_sbl": "976.976.4451.18371.60594",
            "kunci_bl": 1,
            "kunci_bl_rinci": 1,
            "user_created": "M. IRFAN, S.Sos",
            "created_date": "26-01-2025",
            "created_time": "21:10",
            "user_updated": "M. IRFAN, S.Sos",
            "updated_date": "24-03-2025",
            "updated_time": "20:41",
            "is_locked": 0
        },
        {
            "id_sub_bl": 60808,
            "id_daerah": 473,
            "tahun": 2026,
            "id_unit": 976,
            "id_skpd": 976,
            "created_user": 23622,
            "kode_skpd": "7.01.0.00.0.00.16.0000",
            "nama_skpd": "Kecamatan Pinang Raya",
            "id_urusan": 17,
            "kode_urusan": "7",
            "nama_urusan": "UNSUR KEWILAYAHAN",
            "id_bidang_urusan": 243,
            "kode_bidang_urusan": "7.01",
            "nama_bidang_urusan": "KECAMATAN",
            "id_sub_skpd": 976,
            "kode_sub_skpd": "7.01.0.00.0.00.16.0000",
            "nama_sub_skpd": "Kecamatan Pinang Raya",
            "set_pagu_user": 23622,
            "set_pagu_at": "Mon, 14 Apr 2025 12:51:24 GMT",
            "id_program": 4451,
            "kode_program": "7.01.01",
            "nama_program": "PROGRAM PENUNJANG URUSAN PEMERINTAHAN DAERAH KABUPATEN/KOTA",
            "id_giat": 18371,
            "kode_giat": "7.01.01.2.01",
            "nama_giat": "Perencanaan, Penganggaran, dan Evaluasi Kinerja Perangkat Daerah",
            "pagu_giat": 45250000.0,
            "rinci_giat": null,
            "id_sub_giat": 60595,
            "kode_sub_giat": "7.01.01.2.01.0007",
            "nama_sub_giat": "Evaluasi Kinerja Perangkat Daerah",
            "pagu": 2150000.0,
            "pagu_indikatif": 2150000.0,
            "rincian": null,
            "kode_bl": "976.976.4451.18371",
            "kode_sbl": "976.976.4451.18371.60595",
            "kunci_bl": 1,
            "kunci_bl_rinci": 1,
            "user_created": "M. IRFAN, S.Sos",
            "created_date": "26-01-2025",
            "created_time": "21:09",
            "user_updated": "M. IRFAN, S.Sos",
            "updated_date": "24-03-2025",
            "updated_time": "20:42",
            "is_locked": 0
        },
        {
            "id_sub_bl": 60810,
            "id_daerah": 473,
            "tahun": 2026,
            "id_unit": 976,
            "id_skpd": 976,
            "created_user": 23622,
            "kode_skpd": "7.01.0.00.0.00.16.0000",
            "nama_skpd": "Kecamatan Pinang Raya",
            "id_urusan": 17,
            "kode_urusan": "7",
            "nama_urusan": "UNSUR KEWILAYAHAN",
            "id_bidang_urusan": 243,
            "kode_bidang_urusan": "7.01",
            "nama_bidang_urusan": "KECAMATAN",
            "id_sub_skpd": 976,
            "kode_sub_skpd": "7.01.0.00.0.00.16.0000",
            "nama_sub_skpd": "Kecamatan Pinang Raya",
            "set_pagu_user": 23622,
            "set_pagu_at": "Mon, 14 Apr 2025 12:51:24 GMT",
            "id_program": 4451,
            "kode_program": "7.01.01",
            "nama_program": "PROGRAM PENUNJANG URUSAN PEMERINTAHAN DAERAH KABUPATEN/KOTA",
            "id_giat": 18372,
            "kode_giat": "7.01.01.2.02",
            "nama_giat": "Administrasi Keuangan Perangkat Daerah",
            "pagu_giat": 908172908.0,
            "rinci_giat": null,
            "id_sub_giat": 60602,
            "kode_sub_giat": "7.01.01.2.02.0001",
            "nama_sub_giat": "Penyediaan Gaji dan Tunjangan ASN",
            "pagu": 860872908.0,
            "pagu_indikatif": 860872908.0,
            "rincian": null,
            "kode_bl": "976.976.4451.18372",
            "kode_sbl": "976.976.4451.18372.60602",
            "kunci_bl": 1,
            "kunci_bl_rinci": 1,
            "user_created": "M. IRFAN, S.Sos",
            "created_date": "26-01-2025",
            "created_time": "21:12",
            "user_updated": "M. IRFAN, S.Sos",
            "updated_date": "24-03-2025",
            "updated_time": "20:43",
            "is_locked": 0
        },
        {
            "id_sub_bl": 60811,
            "id_daerah": 473,
            "tahun": 2026,
            "id_unit": 976,
            "id_skpd": 976,
            "created_user": 23622,
            "kode_skpd": "7.01.0.00.0.00.16.0000",
            "nama_skpd": "Kecamatan Pinang Raya",
            "id_urusan": 17,
            "kode_urusan": "7",
            "nama_urusan": "UNSUR KEWILAYAHAN",
            "id_bidang_urusan": 243,
            "kode_bidang_urusan": "7.01",
            "nama_bidang_urusan": "KECAMATAN",
            "id_sub_skpd": 976,
            "kode_sub_skpd": "7.01.0.00.0.00.16.0000",
            "nama_sub_skpd": "Kecamatan Pinang Raya",
            "set_pagu_user": 23622,
            "set_pagu_at": "Mon, 14 Apr 2025 12:51:24 GMT",
            "id_program": 4451,
            "kode_program": "7.01.01",
            "nama_program": "PROGRAM PENUNJANG URUSAN PEMERINTAHAN DAERAH KABUPATEN/KOTA",
            "id_giat": 18372,
            "kode_giat": "7.01.01.2.02",
            "nama_giat": "Administrasi Keuangan Perangkat Daerah",
            "pagu_giat": 908172908.0,
            "rinci_giat": null,
            "id_sub_giat": 60604,
            "kode_sub_giat": "7.01.01.2.02.0003",
            "nama_sub_giat": "Pelaksanaan Penatausahaan dan\r\n\nPengujian/Verifikasi Keuangan SKPD",
            "pagu": 35800000.0,
            "pagu_indikatif": 35800000.0,
            "rincian": null,
            "kode_bl": "976.976.4451.18372",
            "kode_sbl": "976.976.4451.18372.60604",
            "kunci_bl": 1,
            "kunci_bl_rinci": 1,
            "user_created": "M. IRFAN, S.Sos",
            "created_date": "26-01-2025",
            "created_time": "21:14",
            "user_updated": "M. IRFAN, S.Sos",
            "updated_date": "24-03-2025",
            "updated_time": "20:43",
            "is_locked": 0
        },
        {
            "id_sub_bl": 60812,
            "id_daerah": 473,
            "tahun": 2026,
            "id_unit": 976,
            "id_skpd": 976,
            "created_user": 23622,
            "kode_skpd": "7.01.0.00.0.00.16.0000",
            "nama_skpd": "Kecamatan Pinang Raya",
            "id_urusan": 17,
            "kode_urusan": "7",
            "nama_urusan": "UNSUR KEWILAYAHAN",
            "id_bidang_urusan": 243,
            "kode_bidang_urusan": "7.01",
            "nama_bidang_urusan": "KECAMATAN",
            "id_sub_skpd": 976,
            "kode_sub_skpd": "7.01.0.00.0.00.16.0000",
            "nama_sub_skpd": "Kecamatan Pinang Raya",
            "set_pagu_user": 23622,
            "set_pagu_at": "Mon, 14 Apr 2025 12:51:24 GMT",
            "id_program": 4451,
            "kode_program": "7.01.01",
            "nama_program": "PROGRAM PENUNJANG URUSAN PEMERINTAHAN DAERAH KABUPATEN/KOTA",
            "id_giat": 18372,
            "kode_giat": "7.01.01.2.02",
            "nama_giat": "Administrasi Keuangan Perangkat Daerah",
            "pagu_giat": 908172908.0,
            "rinci_giat": null,
            "id_sub_giat": 60606,
            "kode_sub_giat": "7.01.01.2.02.0005",
            "nama_sub_giat": "Koordinasi dan Penyusunan Laporan Keuangan Akhir Tahun SKPD",
            "pagu": 5000000.0,
            "pagu_indikatif": 5000000.0,
            "rincian": null,
            "kode_bl": "976.976.4451.18372",
            "kode_sbl": "976.976.4451.18372.60606",
            "kunci_bl": 1,
            "kunci_bl_rinci": 1,
            "user_created": "M. IRFAN, S.Sos",
            "created_date": "26-01-2025",
            "created_time": "21:15",
            "user_updated": "M. IRFAN, S.Sos",
            "updated_date": "24-03-2025",
            "updated_time": "20:44",
            "is_locked": 0
        },
        {
            "id_sub_bl": 60813,
            "id_daerah": 473,
            "tahun": 2026,
            "id_unit": 976,
            "id_skpd": 976,
            "created_user": 23622,
            "kode_skpd": "7.01.0.00.0.00.16.0000",
            "nama_skpd": "Kecamatan Pinang Raya",
            "id_urusan": 17,
            "kode_urusan": "7",
            "nama_urusan": "UNSUR KEWILAYAHAN",
            "id_bidang_urusan": 243,
            "kode_bidang_urusan": "7.01",
            "nama_bidang_urusan": "KECAMATAN",
            "id_sub_skpd": 976,
            "kode_sub_skpd": "7.01.0.00.0.00.16.0000",
            "nama_sub_skpd": "Kecamatan Pinang Raya",
            "set_pagu_user": 23622,
            "set_pagu_at": "Mon, 14 Apr 2025 12:51:24 GMT",
            "id_program": 4451,
            "kode_program": "7.01.01",
            "nama_program": "PROGRAM PENUNJANG URUSAN PEMERINTAHAN DAERAH KABUPATEN/KOTA",
            "id_giat": 18372,
            "kode_giat": "7.01.01.2.02",
            "nama_giat": "Administrasi Keuangan Perangkat Daerah",
            "pagu_giat": 908172908.0,
            "rinci_giat": null,
            "id_sub_giat": 60608,
            "kode_sub_giat": "7.01.01.2.02.0007",
            "nama_sub_giat": "Koordinasi dan Penyusunan Laporan Keuangan Bulanan/ Triwulanan/ Semesteran SKPD",
            "pagu": 6500000.0,
            "pagu_indikatif": 6500000.0,
            "rincian": null,
            "kode_bl": "976.976.4451.18372",
            "kode_sbl": "976.976.4451.18372.60608",
            "kunci_bl": 1,
            "kunci_bl_rinci": 1,
            "user_created": "M. IRFAN, S.Sos",
            "created_date": "26-01-2025",
            "created_time": "21:16",
            "user_updated": "M. IRFAN, S.Sos",
            "updated_date": "24-03-2025",
            "updated_time": "20:44",
            "is_locked": 0
        },
        {
            "id_sub_bl": 60814,
            "id_daerah": 473,
            "tahun": 2026,
            "id_unit": 976,
            "id_skpd": 976,
            "created_user": 23622,
            "kode_skpd": "7.01.0.00.0.00.16.0000",
            "nama_skpd": "Kecamatan Pinang Raya",
            "id_urusan": 17,
            "kode_urusan": "7",
            "nama_urusan": "UNSUR KEWILAYAHAN",
            "id_bidang_urusan": 243,
            "kode_bidang_urusan": "7.01",
            "nama_bidang_urusan": "KECAMATAN",
            "id_sub_skpd": 976,
            "kode_sub_skpd": "7.01.0.00.0.00.16.0000",
            "nama_sub_skpd": "Kecamatan Pinang Raya",
            "set_pagu_user": 23622,
            "set_pagu_at": "Mon, 14 Apr 2025 12:51:24 GMT",
            "id_program": 4451,
            "kode_program": "7.01.01",
            "nama_program": "PROGRAM PENUNJANG URUSAN PEMERINTAHAN DAERAH KABUPATEN/KOTA",
            "id_giat": 18373,
            "kode_giat": "7.01.01.2.03",
            "nama_giat": "Administrasi Barang Milik Daerah pada Perangkat Daerah",
            "pagu_giat": 30260000.0,
            "rinci_giat": null,
            "id_sub_giat": 60615,
            "kode_sub_giat": "7.01.01.2.03.0006",
            "nama_sub_giat": "Penatausahaan Barang Milik Daerah pada SKPD",
            "pagu": 30260000.0,
            "pagu_indikatif": 30260000.0,
            "rincian": null,
            "kode_bl": "976.976.4451.18373",
            "kode_sbl": "976.976.4451.18373.60615",
            "kunci_bl": 1,
            "kunci_bl_rinci": 1,
            "user_created": "M. IRFAN, S.Sos",
            "created_date": "26-01-2025",
            "created_time": "22:10",
            "user_updated": "M. IRFAN, S.Sos",
            "updated_date": "24-03-2025",
            "updated_time": "20:45",
            "is_locked": 0
        },
        {
            "id_sub_bl": 63676,
            "id_daerah": 473,
            "tahun": 2026,
            "id_unit": 976,
            "id_skpd": 976,
            "created_user": 23622,
            "kode_skpd": "7.01.0.00.0.00.16.0000",
            "nama_skpd": "Kecamatan Pinang Raya",
            "id_urusan": 17,
            "kode_urusan": "7",
            "nama_urusan": "UNSUR KEWILAYAHAN",
            "id_bidang_urusan": 243,
            "kode_bidang_urusan": "7.01",
            "nama_bidang_urusan": "KECAMATAN",
            "id_sub_skpd": 976,
            "kode_sub_skpd": "7.01.0.00.0.00.16.0000",
            "nama_sub_skpd": "Kecamatan Pinang Raya",
            "set_pagu_user": 23622,
            "set_pagu_at": "Mon, 14 Apr 2025 12:51:24 GMT",
            "id_program": 4451,
            "kode_program": "7.01.01",
            "nama_program": "PROGRAM PENUNJANG URUSAN PEMERINTAHAN DAERAH KABUPATEN/KOTA",
            "id_giat": 18375,
            "kode_giat": "7.01.01.2.05",
            "nama_giat": "Administrasi Kepegawaian Perangkat Daerah",
            "pagu_giat": 40000000.0,
            "rinci_giat": null,
            "id_sub_giat": 60625,
            "kode_sub_giat": "7.01.01.2.05.0002",
            "nama_sub_giat": "Pengadaan Pakaian Dinas beserta Atribut Kelengkapannya",
            "pagu": 15000000.0,
            "pagu_indikatif": 15000000.0,
            "rincian": null,
            "kode_bl": "976.976.4451.18375",
            "kode_sbl": "976.976.4451.18375.60625",
            "kunci_bl": 1,
            "kunci_bl_rinci": 1,
            "user_created": "M. IRFAN, S.Sos",
            "created_date": "03-02-2025",
            "created_time": "11:05",
            "user_updated": "M. IRFAN, S.Sos",
            "updated_date": "24-03-2025",
            "updated_time": "20:37",
            "is_locked": 0
        },
        {
            "id_sub_bl": 73228,
            "id_daerah": 473,
            "tahun": 2026,
            "id_unit": 976,
            "id_skpd": 976,
            "created_user": 23622,
            "kode_skpd": "7.01.0.00.0.00.16.0000",
            "nama_skpd": "Kecamatan Pinang Raya",
            "id_urusan": 17,
            "kode_urusan": "7",
            "nama_urusan": "UNSUR KEWILAYAHAN",
            "id_bidang_urusan": 243,
            "kode_bidang_urusan": "7.01",
            "nama_bidang_urusan": "KECAMATAN",
            "id_sub_skpd": 976,
            "kode_sub_skpd": "7.01.0.00.0.00.16.0000",
            "nama_sub_skpd": "Kecamatan Pinang Raya",
            "set_pagu_user": 23622,
            "set_pagu_at": "Mon, 14 Apr 2025 12:51:24 GMT",
            "id_program": 4451,
            "kode_program": "7.01.01",
            "nama_program": "PROGRAM PENUNJANG URUSAN PEMERINTAHAN DAERAH KABUPATEN/KOTA",
            "id_giat": 18375,
            "kode_giat": "7.01.01.2.05",
            "nama_giat": "Administrasi Kepegawaian Perangkat Daerah",
            "pagu_giat": 40000000.0,
            "rinci_giat": null,
            "id_sub_giat": 60632,
            "kode_sub_giat": "7.01.01.2.05.0009",
            "nama_sub_giat": "Pendidikan dan Pelatihan Pegawai Berdasarkan Tugas dan Fungsi",
            "pagu": 25000000.0,
            "pagu_indikatif": 25000000.0,
            "rincian": null,
            "kode_bl": "976.976.4451.18375",
            "kode_sbl": "976.976.4451.18375.60632",
            "kunci_bl": 1,
            "kunci_bl_rinci": 1,
            "user_created": "M. IRFAN, S.Sos",
            "created_date": "24-03-2025",
            "created_time": "20:35",
            "user_updated": "M. IRFAN, S.Sos",
            "updated_date": "24-03-2025",
            "updated_time": "21:24",
            "is_locked": 0
        },
        {
            "id_sub_bl": 60815,
            "id_daerah": 473,
            "tahun": 2026,
            "id_unit": 976,
            "id_skpd": 976,
            "created_user": 23622,
            "kode_skpd": "7.01.0.00.0.00.16.0000",
            "nama_skpd": "Kecamatan Pinang Raya",
            "id_urusan": 17,
            "kode_urusan": "7",
            "nama_urusan": "UNSUR KEWILAYAHAN",
            "id_bidang_urusan": 243,
            "kode_bidang_urusan": "7.01",
            "nama_bidang_urusan": "KECAMATAN",
            "id_sub_skpd": 976,
            "kode_sub_skpd": "7.01.0.00.0.00.16.0000",
            "nama_sub_skpd": "Kecamatan Pinang Raya",
            "set_pagu_user": 23622,
            "set_pagu_at": "Mon, 14 Apr 2025 12:51:24 GMT",
            "id_program": 4451,
            "kode_program": "7.01.01",
            "nama_program": "PROGRAM PENUNJANG URUSAN PEMERINTAHAN DAERAH KABUPATEN/KOTA",
            "id_giat": 18376,
            "kode_giat": "7.01.01.2.06",
            "nama_giat": "Administrasi Umum Perangkat Daerah",
            "pagu_giat": 141216223.0,
            "rinci_giat": null,
            "id_sub_giat": 60635,
            "kode_sub_giat": "7.01.01.2.06.0001",
            "nama_sub_giat": "Penyediaan Komponen Instalasi\r\n\nListrik/Penerangan Bangunan Kantor",
            "pagu": 5000000.0,
            "pagu_indikatif": 5000000.0,
            "rincian": null,
            "kode_bl": "976.976.4451.18376",
            "kode_sbl": "976.976.4451.18376.60635",
            "kunci_bl": 1,
            "kunci_bl_rinci": 1,
            "user_created": "M. IRFAN, S.Sos",
            "created_date": "26-01-2025",
            "created_time": "22:11",
            "user_updated": "M. IRFAN, S.Sos",
            "updated_date": "24-03-2025",
            "updated_time": "20:45",
            "is_locked": 0
        },
        {
            "id_sub_bl": 73229,
            "id_daerah": 473,
            "tahun": 2026,
            "id_unit": 976,
            "id_skpd": 976,
            "created_user": 23622,
            "kode_skpd": "7.01.0.00.0.00.16.0000",
            "nama_skpd": "Kecamatan Pinang Raya",
            "id_urusan": 17,
            "kode_urusan": "7",
            "nama_urusan": "UNSUR KEWILAYAHAN",
            "id_bidang_urusan": 243,
            "kode_bidang_urusan": "7.01",
            "nama_bidang_urusan": "KECAMATAN",
            "id_sub_skpd": 976,
            "kode_sub_skpd": "7.01.0.00.0.00.16.0000",
            "nama_sub_skpd": "Kecamatan Pinang Raya",
            "set_pagu_user": 23622,
            "set_pagu_at": "Mon, 14 Apr 2025 12:51:24 GMT",
            "id_program": 4451,
            "kode_program": "7.01.01",
            "nama_program": "PROGRAM PENUNJANG URUSAN PEMERINTAHAN DAERAH KABUPATEN/KOTA",
            "id_giat": 18376,
            "kode_giat": "7.01.01.2.06",
            "nama_giat": "Administrasi Umum Perangkat Daerah",
            "pagu_giat": 141216223.0,
            "rinci_giat": null,
            "id_sub_giat": 60637,
            "kode_sub_giat": "7.01.01.2.06.0003",
            "nama_sub_giat": "Penyediaan Peralatan Rumah Tangga",
            "pagu": 5000000.0,
            "pagu_indikatif": 5000000.0,
            "rincian": null,
            "kode_bl": "976.976.4451.18376",
            "kode_sbl": "976.976.4451.18376.60637",
            "kunci_bl": 1,
            "kunci_bl_rinci": 1,
            "user_created": "M. IRFAN, S.Sos",
            "created_date": "24-03-2025",
            "created_time": "20:47",
            "user_updated": null,
            "updated_date": null,
            "updated_time": null,
            "is_locked": 0
        },
        {
            "id_sub_bl": 60816,
            "id_daerah": 473,
            "tahun": 2026,
            "id_unit": 976,
            "id_skpd": 976,
            "created_user": 23622,
            "kode_skpd": "7.01.0.00.0.00.16.0000",
            "nama_skpd": "Kecamatan Pinang Raya",
            "id_urusan": 17,
            "kode_urusan": "7",
            "nama_urusan": "UNSUR KEWILAYAHAN",
            "id_bidang_urusan": 243,
            "kode_bidang_urusan": "7.01",
            "nama_bidang_urusan": "KECAMATAN",
            "id_sub_skpd": 976,
            "kode_sub_skpd": "7.01.0.00.0.00.16.0000",
            "nama_sub_skpd": "Kecamatan Pinang Raya",
            "set_pagu_user": 23622,
            "set_pagu_at": "Mon, 14 Apr 2025 12:51:24 GMT",
            "id_program": 4451,
            "kode_program": "7.01.01",
            "nama_program": "PROGRAM PENUNJANG URUSAN PEMERINTAHAN DAERAH KABUPATEN/KOTA",
            "id_giat": 18376,
            "kode_giat": "7.01.01.2.06",
            "nama_giat": "Administrasi Umum Perangkat Daerah",
            "pagu_giat": 141216223.0,
            "rinci_giat": null,
            "id_sub_giat": 60638,
            "kode_sub_giat": "7.01.01.2.06.0004",
            "nama_sub_giat": "Penyediaan Bahan Logistik Kantor",
            "pagu": 72972223.0,
            "pagu_indikatif": 72972223.0,
            "rincian": null,
            "kode_bl": "976.976.4451.18376",
            "kode_sbl": "976.976.4451.18376.60638",
            "kunci_bl": 1,
            "kunci_bl_rinci": 1,
            "user_created": "M. IRFAN, S.Sos",
            "created_date": "26-01-2025",
            "created_time": "22:12",
            "user_updated": "M. IRFAN, S.Sos",
            "updated_date": "24-03-2025",
            "updated_time": "21:01",
            "is_locked": 0
        },
        {
            "id_sub_bl": 60817,
            "id_daerah": 473,
            "tahun": 2026,
            "id_unit": 976,
            "id_skpd": 976,
            "created_user": 23622,
            "kode_skpd": "7.01.0.00.0.00.16.0000",
            "nama_skpd": "Kecamatan Pinang Raya",
            "id_urusan": 17,
            "kode_urusan": "7",
            "nama_urusan": "UNSUR KEWILAYAHAN",
            "id_bidang_urusan": 243,
            "kode_bidang_urusan": "7.01",
            "nama_bidang_urusan": "KECAMATAN",
            "id_sub_skpd": 976,
            "kode_sub_skpd": "7.01.0.00.0.00.16.0000",
            "nama_sub_skpd": "Kecamatan Pinang Raya",
            "set_pagu_user": 23622,
            "set_pagu_at": "Mon, 14 Apr 2025 12:51:24 GMT",
            "id_program": 4451,
            "kode_program": "7.01.01",
            "nama_program": "PROGRAM PENUNJANG URUSAN PEMERINTAHAN DAERAH KABUPATEN/KOTA",
            "id_giat": 18376,
            "kode_giat": "7.01.01.2.06",
            "nama_giat": "Administrasi Umum Perangkat Daerah",
            "pagu_giat": 141216223.0,
            "rinci_giat": null,
            "id_sub_giat": 60639,
            "kode_sub_giat": "7.01.01.2.06.0005",
            "nama_sub_giat": "Penyediaan Barang Cetakan dan Penggandaan",
            "pagu": 5000000.0,
            "pagu_indikatif": 5000000.0,
            "rincian": null,
            "kode_bl": "976.976.4451.18376",
            "kode_sbl": "976.976.4451.18376.60639",
            "kunci_bl": 1,
            "kunci_bl_rinci": 1,
            "user_created": "M. IRFAN, S.Sos",
            "created_date": "26-01-2025",
            "created_time": "22:13",
            "user_updated": "M. IRFAN, S.Sos",
            "updated_date": "24-03-2025",
            "updated_time": "20:48",
            "is_locked": 0
        },
        {
            "id_sub_bl": 60818,
            "id_daerah": 473,
            "tahun": 2026,
            "id_unit": 976,
            "id_skpd": 976,
            "created_user": 23622,
            "kode_skpd": "7.01.0.00.0.00.16.0000",
            "nama_skpd": "Kecamatan Pinang Raya",
            "id_urusan": 17,
            "kode_urusan": "7",
            "nama_urusan": "UNSUR KEWILAYAHAN",
            "id_bidang_urusan": 243,
            "kode_bidang_urusan": "7.01",
            "nama_bidang_urusan": "KECAMATAN",
            "id_sub_skpd": 976,
            "kode_sub_skpd": "7.01.0.00.0.00.16.0000",
            "nama_sub_skpd": "Kecamatan Pinang Raya",
            "set_pagu_user": 23622,
            "set_pagu_at": "Mon, 14 Apr 2025 12:51:24 GMT",
            "id_program": 4451,
            "kode_program": "7.01.01",
            "nama_program": "PROGRAM PENUNJANG URUSAN PEMERINTAHAN DAERAH KABUPATEN/KOTA",
            "id_giat": 18376,
            "kode_giat": "7.01.01.2.06",
            "nama_giat": "Administrasi Umum Perangkat Daerah",
            "pagu_giat": 141216223.0,
            "rinci_giat": null,
            "id_sub_giat": 60640,
            "kode_sub_giat": "7.01.01.2.06.0006",
            "nama_sub_giat": "Penyediaan Bahan Bacaan dan Peraturan Perundang-undangan",
            "pagu": 3000000.0,
            "pagu_indikatif": 3000000.0,
            "rincian": null,
            "kode_bl": "976.976.4451.18376",
            "kode_sbl": "976.976.4451.18376.60640",
            "kunci_bl": 1,
            "kunci_bl_rinci": 1,
            "user_created": "M. IRFAN, S.Sos",
            "created_date": "26-01-2025",
            "created_time": "22:15",
            "user_updated": "M. IRFAN, S.Sos",
            "updated_date": "24-03-2025",
            "updated_time": "20:48",
            "is_locked": 0
        },
        {
            "id_sub_bl": 60819,
            "id_daerah": 473,
            "tahun": 2026,
            "id_unit": 976,
            "id_skpd": 976,
            "created_user": 23622,
            "kode_skpd": "7.01.0.00.0.00.16.0000",
            "nama_skpd": "Kecamatan Pinang Raya",
            "id_urusan": 17,
            "kode_urusan": "7",
            "nama_urusan": "UNSUR KEWILAYAHAN",
            "id_bidang_urusan": 243,
            "kode_bidang_urusan": "7.01",
            "nama_bidang_urusan": "KECAMATAN",
            "id_sub_skpd": 976,
            "kode_sub_skpd": "7.01.0.00.0.00.16.0000",
            "nama_sub_skpd": "Kecamatan Pinang Raya",
            "set_pagu_user": 23622,
            "set_pagu_at": "Mon, 14 Apr 2025 12:51:24 GMT",
            "id_program": 4451,
            "kode_program": "7.01.01",
            "nama_program": "PROGRAM PENUNJANG URUSAN PEMERINTAHAN DAERAH KABUPATEN/KOTA",
            "id_giat": 18376,
            "kode_giat": "7.01.01.2.06",
            "nama_giat": "Administrasi Umum Perangkat Daerah",
            "pagu_giat": 141216223.0,
            "rinci_giat": null,
            "id_sub_giat": 60643,
            "kode_sub_giat": "7.01.01.2.06.0009",
            "nama_sub_giat": "Penyelenggaraan Rapat Koordinasi dan Konsultasi SKPD",
            "pagu": 50244000.0,
            "pagu_indikatif": 50244000.0,
            "rincian": null,
            "kode_bl": "976.976.4451.18376",
            "kode_sbl": "976.976.4451.18376.60643",
            "kunci_bl": 1,
            "kunci_bl_rinci": 1,
            "user_created": "M. IRFAN, S.Sos",
            "created_date": "26-01-2025",
            "created_time": "22:16",
            "user_updated": "M. IRFAN, S.Sos",
            "updated_date": "24-03-2025",
            "updated_time": "20:57",
            "is_locked": 0
        },
        {
            "id_sub_bl": 73358,
            "id_daerah": 473,
            "tahun": 2026,
            "id_unit": 976,
            "id_skpd": 976,
            "created_user": 23622,
            "kode_skpd": "7.01.0.00.0.00.16.0000",
            "nama_skpd": "Kecamatan Pinang Raya",
            "id_urusan": 17,
            "kode_urusan": "7",
            "nama_urusan": "UNSUR KEWILAYAHAN",
            "id_bidang_urusan": 243,
            "kode_bidang_urusan": "7.01",
            "nama_bidang_urusan": "KECAMATAN",
            "id_sub_skpd": 976,
            "kode_sub_skpd": "7.01.0.00.0.00.16.0000",
            "nama_sub_skpd": "Kecamatan Pinang Raya",
            "set_pagu_user": 23622,
            "set_pagu_at": "Mon, 14 Apr 2025 12:51:24 GMT",
            "id_program": 4451,
            "kode_program": "7.01.01",
            "nama_program": "PROGRAM PENUNJANG URUSAN PEMERINTAHAN DAERAH KABUPATEN/KOTA",
            "id_giat": 18377,
            "kode_giat": "7.01.01.2.07",
            "nama_giat": "Pengadaan Barang Milik Daerah Penunjang Urusan Pemerintah Daerah",
            "pagu_giat": 141320000.0,
            "rinci_giat": null,
            "id_sub_giat": 60647,
            "kode_sub_giat": "7.01.01.2.07.0002",
            "nama_sub_giat": "Pengadaan Kendaraan Dinas Operasional atau Lapangan",
            "pagu": 25000000.0,
            "pagu_indikatif": 25000000.0,
            "rincian": null,
            "kode_bl": "976.976.4451.18377",
            "kode_sbl": "976.976.4451.18377.60647",
            "kunci_bl": 1,
            "kunci_bl_rinci": 1,
            "user_created": "M. IRFAN, S.Sos",
            "created_date": "26-03-2025",
            "created_time": "12:52",
            "user_updated": null,
            "updated_date": null,
            "updated_time": null,
            "is_locked": 0
        },
        {
            "id_sub_bl": 73231,
            "id_daerah": 473,
            "tahun": 2026,
            "id_unit": 976,
            "id_skpd": 976,
            "created_user": 23622,
            "kode_skpd": "7.01.0.00.0.00.16.0000",
            "nama_skpd": "Kecamatan Pinang Raya",
            "id_urusan": 17,
            "kode_urusan": "7",
            "nama_urusan": "UNSUR KEWILAYAHAN",
            "id_bidang_urusan": 243,
            "kode_bidang_urusan": "7.01",
            "nama_bidang_urusan": "KECAMATAN",
            "id_sub_skpd": 976,
            "kode_sub_skpd": "7.01.0.00.0.00.16.0000",
            "nama_sub_skpd": "Kecamatan Pinang Raya",
            "set_pagu_user": 23622,
            "set_pagu_at": "Mon, 14 Apr 2025 12:51:24 GMT",
            "id_program": 4451,
            "kode_program": "7.01.01",
            "nama_program": "PROGRAM PENUNJANG URUSAN PEMERINTAHAN DAERAH KABUPATEN/KOTA",
            "id_giat": 18377,
            "kode_giat": "7.01.01.2.07",
            "nama_giat": "Pengadaan Barang Milik Daerah Penunjang Urusan Pemerintah Daerah",
            "pagu_giat": 141320000.0,
            "rinci_giat": null,
            "id_sub_giat": 60650,
            "kode_sub_giat": "7.01.01.2.07.0005",
            "nama_sub_giat": "Pengadaan Mebel",
            "pagu": 5000000.0,
            "pagu_indikatif": 5000000.0,
            "rincian": null,
            "kode_bl": "976.976.4451.18377",
            "kode_sbl": "976.976.4451.18377.60650",
            "kunci_bl": 1,
            "kunci_bl_rinci": 1,
            "user_created": "M. IRFAN, S.Sos",
            "created_date": "24-03-2025",
            "created_time": "20:51",
            "user_updated": null,
            "updated_date": null,
            "updated_time": null,
            "is_locked": 0
        },
        {
            "id_sub_bl": 63683,
            "id_daerah": 473,
            "tahun": 2026,
            "id_unit": 976,
            "id_skpd": 976,
            "created_user": 23622,
            "kode_skpd": "7.01.0.00.0.00.16.0000",
            "nama_skpd": "Kecamatan Pinang Raya",
            "id_urusan": 17,
            "kode_urusan": "7",
            "nama_urusan": "UNSUR KEWILAYAHAN",
            "id_bidang_urusan": 243,
            "kode_bidang_urusan": "7.01",
            "nama_bidang_urusan": "KECAMATAN",
            "id_sub_skpd": 976,
            "kode_sub_skpd": "7.01.0.00.0.00.16.0000",
            "nama_sub_skpd": "Kecamatan Pinang Raya",
            "set_pagu_user": 23622,
            "set_pagu_at": "Mon, 14 Apr 2025 12:51:24 GMT",
            "id_program": 4451,
            "kode_program": "7.01.01",
            "nama_program": "PROGRAM PENUNJANG URUSAN PEMERINTAHAN DAERAH KABUPATEN/KOTA",
            "id_giat": 18377,
            "kode_giat": "7.01.01.2.07",
            "nama_giat": "Pengadaan Barang Milik Daerah Penunjang Urusan Pemerintah Daerah",
            "pagu_giat": 141320000.0,
            "rinci_giat": null,
            "id_sub_giat": 60651,
            "kode_sub_giat": "7.01.01.2.07.0006",
            "nama_sub_giat": "Pengadaan Peralatan dan Mesin Lainnya",
            "pagu": 10000000.0,
            "pagu_indikatif": 10000000.0,
            "rincian": null,
            "kode_bl": "976.976.4451.18377",
            "kode_sbl": "976.976.4451.18377.60651",
            "kunci_bl": 1,
            "kunci_bl_rinci": 1,
            "user_created": "M. IRFAN, S.Sos",
            "created_date": "03-02-2025",
            "created_time": "11:09",
            "user_updated": "M. IRFAN, S.Sos",
            "updated_date": "24-03-2025",
            "updated_time": "20:52",
            "is_locked": 0
        },
        {
            "id_sub_bl": 73232,
            "id_daerah": 473,
            "tahun": 2026,
            "id_unit": 976,
            "id_skpd": 976,
            "created_user": 23622,
            "kode_skpd": "7.01.0.00.0.00.16.0000",
            "nama_skpd": "Kecamatan Pinang Raya",
            "id_urusan": 17,
            "kode_urusan": "7",
            "nama_urusan": "UNSUR KEWILAYAHAN",
            "id_bidang_urusan": 243,
            "kode_bidang_urusan": "7.01",
            "nama_bidang_urusan": "KECAMATAN",
            "id_sub_skpd": 976,
            "kode_sub_skpd": "7.01.0.00.0.00.16.0000",
            "nama_sub_skpd": "Kecamatan Pinang Raya",
            "set_pagu_user": 23622,
            "set_pagu_at": "Mon, 14 Apr 2025 12:51:24 GMT",
            "id_program": 4451,
            "kode_program": "7.01.01",
            "nama_program": "PROGRAM PENUNJANG URUSAN PEMERINTAHAN DAERAH KABUPATEN/KOTA",
            "id_giat": 18377,
            "kode_giat": "7.01.01.2.07",
            "nama_giat": "Pengadaan Barang Milik Daerah Penunjang Urusan Pemerintah Daerah",
            "pagu_giat": 141320000.0,
            "rinci_giat": null,
            "id_sub_giat": 60656,
            "kode_sub_giat": "7.01.01.2.07.0011",
            "nama_sub_giat": "Pengadaan Sarana dan Prasarana Pendukung Gedung Kantor atau Bangunan Lainnya",
            "pagu": 76320000.0,
            "pagu_indikatif": 76320000.0,
            "rincian": null,
            "kode_bl": "976.976.4451.18377",
            "kode_sbl": "976.976.4451.18377.60656",
            "kunci_bl": 1,
            "kunci_bl_rinci": 1,
            "user_created": "M. IRFAN, S.Sos",
            "created_date": "24-03-2025",
            "created_time": "20:53",
            "user_updated": null,
            "updated_date": null,
            "updated_time": null,
            "is_locked": 0
        },
        {
            "id_sub_bl": 60820,
            "id_daerah": 473,
            "tahun": 2026,
            "id_unit": 976,
            "id_skpd": 976,
            "created_user": 23622,
            "kode_skpd": "7.01.0.00.0.00.16.0000",
            "nama_skpd": "Kecamatan Pinang Raya",
            "id_urusan": 17,
            "kode_urusan": "7",
            "nama_urusan": "UNSUR KEWILAYAHAN",
            "id_bidang_urusan": 243,
            "kode_bidang_urusan": "7.01",
            "nama_bidang_urusan": "KECAMATAN",
            "id_sub_skpd": 976,
            "kode_sub_skpd": "7.01.0.00.0.00.16.0000",
            "nama_sub_skpd": "Kecamatan Pinang Raya",
            "set_pagu_user": 23622,
            "set_pagu_at": "Mon, 14 Apr 2025 12:51:24 GMT",
            "id_program": 4451,
            "kode_program": "7.01.01",
            "nama_program": "PROGRAM PENUNJANG URUSAN PEMERINTAHAN DAERAH KABUPATEN/KOTA",
            "id_giat": 18378,
            "kode_giat": "7.01.01.2.08",
            "nama_giat": "Penyediaan Jasa Penunjang Urusan Pemerintahan Daerah",
            "pagu_giat": 99000000.0,
            "rinci_giat": null,
            "id_sub_giat": 60658,
            "kode_sub_giat": "7.01.01.2.08.0002",
            "nama_sub_giat": "Penyediaan Jasa Komunikasi, Sumber Daya Air dan Listrik",
            "pagu": 24000000.0,
            "pagu_indikatif": 24000000.0,
            "rincian": null,
            "kode_bl": "976.976.4451.18378",
            "kode_sbl": "976.976.4451.18378.60658",
            "kunci_bl": 1,
            "kunci_bl_rinci": 1,
            "user_created": "M. IRFAN, S.Sos",
            "created_date": "26-01-2025",
            "created_time": "22:18",
            "user_updated": "M. IRFAN, S.Sos",
            "updated_date": "24-03-2025",
            "updated_time": "20:54",
            "is_locked": 0
        },
        {
            "id_sub_bl": 60821,
            "id_daerah": 473,
            "tahun": 2026,
            "id_unit": 976,
            "id_skpd": 976,
            "created_user": 23622,
            "kode_skpd": "7.01.0.00.0.00.16.0000",
            "nama_skpd": "Kecamatan Pinang Raya",
            "id_urusan": 17,
            "kode_urusan": "7",
            "nama_urusan": "UNSUR KEWILAYAHAN",
            "id_bidang_urusan": 243,
            "kode_bidang_urusan": "7.01",
            "nama_bidang_urusan": "KECAMATAN",
            "id_sub_skpd": 976,
            "kode_sub_skpd": "7.01.0.00.0.00.16.0000",
            "nama_sub_skpd": "Kecamatan Pinang Raya",
            "set_pagu_user": 23622,
            "set_pagu_at": "Mon, 14 Apr 2025 12:51:24 GMT",
            "id_program": 4451,
            "kode_program": "7.01.01",
            "nama_program": "PROGRAM PENUNJANG URUSAN PEMERINTAHAN DAERAH KABUPATEN/KOTA",
            "id_giat": 18378,
            "kode_giat": "7.01.01.2.08",
            "nama_giat": "Penyediaan Jasa Penunjang Urusan Pemerintahan Daerah",
            "pagu_giat": 99000000.0,
            "rinci_giat": null,
            "id_sub_giat": 60660,
            "kode_sub_giat": "7.01.01.2.08.0004",
            "nama_sub_giat": "Penyediaan Jasa Pelayanan Umum Kantor",
            "pagu": 75000000.0,
            "pagu_indikatif": 75000000.0,
            "rincian": null,
            "kode_bl": "976.976.4451.18378",
            "kode_sbl": "976.976.4451.18378.60660",
            "kunci_bl": 1,
            "kunci_bl_rinci": 1,
            "user_created": "M. IRFAN, S.Sos",
            "created_date": "26-01-2025",
            "created_time": "22:19",
            "user_updated": "M. IRFAN, S.Sos",
            "updated_date": "26-03-2025",
            "updated_time": "12:32",
            "is_locked": 0
        },
        {
            "id_sub_bl": 60822,
            "id_daerah": 473,
            "tahun": 2026,
            "id_unit": 976,
            "id_skpd": 976,
            "created_user": 23622,
            "kode_skpd": "7.01.0.00.0.00.16.0000",
            "nama_skpd": "Kecamatan Pinang Raya",
            "id_urusan": 17,
            "kode_urusan": "7",
            "nama_urusan": "UNSUR KEWILAYAHAN",
            "id_bidang_urusan": 243,
            "kode_bidang_urusan": "7.01",
            "nama_bidang_urusan": "KECAMATAN",
            "id_sub_skpd": 976,
            "kode_sub_skpd": "7.01.0.00.0.00.16.0000",
            "nama_sub_skpd": "Kecamatan Pinang Raya",
            "set_pagu_user": 23622,
            "set_pagu_at": "Mon, 14 Apr 2025 12:51:24 GMT",
            "id_program": 4451,
            "kode_program": "7.01.01",
            "nama_program": "PROGRAM PENUNJANG URUSAN PEMERINTAHAN DAERAH KABUPATEN/KOTA",
            "id_giat": 18379,
            "kode_giat": "7.01.01.2.09",
            "nama_giat": "Pemeliharaan Barang Milik Daerah Penunjang Urusan Pemerintahan Daerah",
            "pagu_giat": 50891840.0,
            "rinci_giat": null,
            "id_sub_giat": 60662,
            "kode_sub_giat": "7.01.01.2.09.0002",
            "nama_sub_giat": "Penyediaan Jasa Pemeliharaan, Biaya Pemeliharaan, Pajak dan Perizinan Kendaraan Dinas Operasional atau Lapangan",
            "pagu": 37891840.0,
            "pagu_indikatif": 37891840.0,
            "rincian": null,
            "kode_bl": "976.976.4451.18379",
            "kode_sbl": "976.976.4451.18379.60662",
            "kunci_bl": 1,
            "kunci_bl_rinci": 1,
            "user_created": "M. IRFAN, S.Sos",
            "created_date": "26-01-2025",
            "created_time": "22:22",
            "user_updated": "M. IRFAN, S.Sos",
            "updated_date": "24-03-2025",
            "updated_time": "20:55",
            "is_locked": 0
        },
        {
            "id_sub_bl": 73233,
            "id_daerah": 473,
            "tahun": 2026,
            "id_unit": 976,
            "id_skpd": 976,
            "created_user": 23622,
            "kode_skpd": "7.01.0.00.0.00.16.0000",
            "nama_skpd": "Kecamatan Pinang Raya",
            "id_urusan": 17,
            "kode_urusan": "7",
            "nama_urusan": "UNSUR KEWILAYAHAN",
            "id_bidang_urusan": 243,
            "kode_bidang_urusan": "7.01",
            "nama_bidang_urusan": "KECAMATAN",
            "id_sub_skpd": 976,
            "kode_sub_skpd": "7.01.0.00.0.00.16.0000",
            "nama_sub_skpd": "Kecamatan Pinang Raya",
            "set_pagu_user": 23622,
            "set_pagu_at": "Mon, 14 Apr 2025 12:51:24 GMT",
            "id_program": 4451,
            "kode_program": "7.01.01",
            "nama_program": "PROGRAM PENUNJANG URUSAN PEMERINTAHAN DAERAH KABUPATEN/KOTA",
            "id_giat": 18379,
            "kode_giat": "7.01.01.2.09",
            "nama_giat": "Pemeliharaan Barang Milik Daerah Penunjang Urusan Pemerintahan Daerah",
            "pagu_giat": 50891840.0,
            "rinci_giat": null,
            "id_sub_giat": 60666,
            "kode_sub_giat": "7.01.01.2.09.0006",
            "nama_sub_giat": "Pemeliharaan Peralatan dan Mesin Lainnya",
            "pagu": 3000000.0,
            "pagu_indikatif": 3000000.0,
            "rincian": null,
            "kode_bl": "976.976.4451.18379",
            "kode_sbl": "976.976.4451.18379.60666",
            "kunci_bl": 1,
            "kunci_bl_rinci": 1,
            "user_created": "M. IRFAN, S.Sos",
            "created_date": "24-03-2025",
            "created_time": "20:56",
            "user_updated": null,
            "updated_date": null,
            "updated_time": null,
            "is_locked": 0
        },
        {
            "id_sub_bl": 73234,
            "id_daerah": 473,
            "tahun": 2026,
            "id_unit": 976,
            "id_skpd": 976,
            "created_user": 23622,
            "kode_skpd": "7.01.0.00.0.00.16.0000",
            "nama_skpd": "Kecamatan Pinang Raya",
            "id_urusan": 17,
            "kode_urusan": "7",
            "nama_urusan": "UNSUR KEWILAYAHAN",
            "id_bidang_urusan": 243,
            "kode_bidang_urusan": "7.01",
            "nama_bidang_urusan": "KECAMATAN",
            "id_sub_skpd": 976,
            "kode_sub_skpd": "7.01.0.00.0.00.16.0000",
            "nama_sub_skpd": "Kecamatan Pinang Raya",
            "set_pagu_user": 23622,
            "set_pagu_at": "Mon, 14 Apr 2025 12:51:24 GMT",
            "id_program": 4451,
            "kode_program": "7.01.01",
            "nama_program": "PROGRAM PENUNJANG URUSAN PEMERINTAHAN DAERAH KABUPATEN/KOTA",
            "id_giat": 18379,
            "kode_giat": "7.01.01.2.09",
            "nama_giat": "Pemeliharaan Barang Milik Daerah Penunjang Urusan Pemerintahan Daerah",
            "pagu_giat": 50891840.0,
            "rinci_giat": null,
            "id_sub_giat": 60670,
            "kode_sub_giat": "7.01.01.2.09.0010",
            "nama_sub_giat": "Pemeliharaan/Rehabilitasi Sarana dan Prasarana Gedung Kantor atau Bangunan Lainnya",
            "pagu": 10000000.0,
            "pagu_indikatif": 10000000.0,
            "rincian": null,
            "kode_bl": "976.976.4451.18379",
            "kode_sbl": "976.976.4451.18379.60670",
            "kunci_bl": 1,
            "kunci_bl_rinci": 1,
            "user_created": "M. IRFAN, S.Sos",
            "created_date": "24-03-2025",
            "created_time": "21:00",
            "user_updated": null,
            "updated_date": null,
            "updated_time": null,
            "is_locked": 0
        }
    ]