[
        {
            "id_sub_bl": 63727,
            "id_daerah": 473,
            "tahun": 2026,
            "id_unit": 680,
            "id_skpd": 680,
            "created_user": 22438,
            "kode_skpd": "8.01.0.00.0.00.01.0000",
            "nama_skpd": "Badan Kesatuan Bangsa dan Politik",
            "id_urusan": 18,
            "kode_urusan": "8",
            "nama_urusan": "UNSUR PEMERINTAHAN UMUM",
            "id_bidang_urusan": 247,
            "kode_bidang_urusan": "8.01",
            "nama_bidang_urusan": "KESATUAN BANGSA DAN POLITIK",
            "id_sub_skpd": 680,
            "kode_sub_skpd": "8.01.0.00.0.00.01.0000",
            "nama_sub_skpd": "Badan Kesatuan Bangsa dan Politik",
            "set_pagu_user": 22438,
            "set_pagu_at": "Tue, 24 Jun 2025 10:40:48 GMT",
            "id_program": 4427,
            "kode_program": "8.01.02",
            "nama_program": "PROGRAM PENGUATAN IDEOLOGI PANCASILA DAN KARAKTER KEBANGSAAN",
            "id_giat": 18298,
            "kode_giat": "8.01.02.2.01",
            "nama_giat": "Perumusan Kebijakan Teknis dan Pemantapan Pelaksanaan Bidang Ideologi Pancasila dan Karakter Kebangsaan",
            "pagu_giat": 1490381000.0,
            "rinci_giat": null,
            "id_sub_giat": 60082,
            "kode_sub_giat": "8.01.02.2.01.0002",
            "nama_sub_giat": "Perumusan Kebijakan Teknis di Bidang Ideologi Wawasan Kebangsaan, Bela Negara, Karakter Bangsa, Pembauran Kebangsaan, Bineka Tunggal Ika dan Sejarah Kebangsaan",
            "pagu": 55000000.0,
            "pagu_indikatif": 55000000.0,
            "rincian": null,
            "kode_bl": "680.680.4427.18298",
            "kode_sbl": "680.680.4427.18298.60082",
            "kunci_bl": 1,
            "kunci_bl_rinci": 1,
            "user_created": "Suryadi, S.STP, M.Si",
            "created_date": "03-02-2025",
            "created_time": "11:29",
            "user_updated": "Suryadi, S.STP, M.Si",
            "updated_date": "24-03-2025",
            "updated_time": "09:53",
            "is_locked": 0
        },
        {
            "id_sub_bl": 63730,
            "id_daerah": 473,
            "tahun": 2026,
            "id_unit": 680,
            "id_skpd": 680,
            "created_user": 22438,
            "kode_skpd": "8.01.0.00.0.00.01.0000",
            "nama_skpd": "Badan Kesatuan Bangsa dan Politik",
            "id_urusan": 18,
            "kode_urusan": "8",
            "nama_urusan": "UNSUR PEMERINTAHAN UMUM",
            "id_bidang_urusan": 247,
            "kode_bidang_urusan": "8.01",
            "nama_bidang_urusan": "KESATUAN BANGSA DAN POLITIK",
            "id_sub_skpd": 680,
            "kode_sub_skpd": "8.01.0.00.0.00.01.0000",
            "nama_sub_skpd": "Badan Kesatuan Bangsa dan Politik",
            "set_pagu_user": 22438,
            "set_pagu_at": "Tue, 24 Jun 2025 10:40:48 GMT",
            "id_program": 4427,
            "kode_program": "8.01.02",
            "nama_program": "PROGRAM PENGUATAN IDEOLOGI PANCASILA DAN KARAKTER KEBANGSAAN",
            "id_giat": 18298,
            "kode_giat": "8.01.02.2.01",
            "nama_giat": "Perumusan Kebijakan Teknis dan Pemantapan Pelaksanaan Bidang Ideologi Pancasila dan Karakter Kebangsaan",
            "pagu_giat": 1490381000.0,
            "rinci_giat": null,
            "id_sub_giat": 60083,
            "kode_sub_giat": "8.01.02.2.01.0003",
            "nama_sub_giat": "Pelaksanaan Kebijakan di Bidang Ideologi Wawasan Kebangsaan, Bela Negara, Karakter Bangsa, Pembauran Kebangsaan, Bineka Tunggal Ika dan Sejarah Kebangsaan",
            "pagu": 25000000.0,
            "pagu_indikatif": 25000000.0,
            "rincian": null,
            "kode_bl": "680.680.4427.18298",
            "kode_sbl": "680.680.4427.18298.60083",
            "kunci_bl": 1,
            "kunci_bl_rinci": 1,
            "user_created": "Suryadi, S.STP, M.Si",
            "created_date": "03-02-2025",
            "created_time": "11:30",
            "user_updated": null,
            "updated_date": null,
            "updated_time": null,
            "is_locked": 0
        },
        {
            "id_sub_bl": 63734,
            "id_daerah": 473,
            "tahun": 2026,
            "id_unit": 680,
            "id_skpd": 680,
            "created_user": 22438,
            "kode_skpd": "8.01.0.00.0.00.01.0000",
            "nama_skpd": "Badan Kesatuan Bangsa dan Politik",
            "id_urusan": 18,
            "kode_urusan": "8",
            "nama_urusan": "UNSUR PEMERINTAHAN UMUM",
            "id_bidang_urusan": 247,
            "kode_bidang_urusan": "8.01",
            "nama_bidang_urusan": "KESATUAN BANGSA DAN POLITIK",
            "id_sub_skpd": 680,
            "kode_sub_skpd": "8.01.0.00.0.00.01.0000",
            "nama_sub_skpd": "Badan Kesatuan Bangsa dan Politik",
            "set_pagu_user": 22438,
            "set_pagu_at": "Tue, 24 Jun 2025 10:40:48 GMT",
            "id_program": 4427,
            "kode_program": "8.01.02",
            "nama_program": "PROGRAM PENGUATAN IDEOLOGI PANCASILA DAN KARAKTER KEBANGSAAN",
            "id_giat": 18298,
            "kode_giat": "8.01.02.2.01",
            "nama_giat": "Perumusan Kebijakan Teknis dan Pemantapan Pelaksanaan Bidang Ideologi Pancasila dan Karakter Kebangsaan",
            "pagu_giat": 1490381000.0,
            "rinci_giat": null,
            "id_sub_giat": 60084,
            "kode_sub_giat": "8.01.02.2.01.0004",
            "nama_sub_giat": "Pelaksanaan Koordinasi di Bidang Ideologi Wawasan Kebangsaan, Bela Negara, Karakter Bangsa, Pembauran Kebangsaan, Bineka Tunggal Ika dan Sejarah Kebangsaan",
            "pagu": 348000000.0,
            "pagu_indikatif": 348000000.0,
            "rincian": null,
            "kode_bl": "680.680.4427.18298",
            "kode_sbl": "680.680.4427.18298.60084",
            "kunci_bl": 1,
            "kunci_bl_rinci": 1,
            "user_created": "Suryadi, S.STP, M.Si",
            "created_date": "03-02-2025",
            "created_time": "11:32",
            "user_updated": null,
            "updated_date": null,
            "updated_time": null,
            "is_locked": 0
        },
        {
            "id_sub_bl": 63738,
            "id_daerah": 473,
            "tahun": 2026,
            "id_unit": 680,
            "id_skpd": 680,
            "created_user": 22438,
            "kode_skpd": "8.01.0.00.0.00.01.0000",
            "nama_skpd": "Badan Kesatuan Bangsa dan Politik",
            "id_urusan": 18,
            "kode_urusan": "8",
            "nama_urusan": "UNSUR PEMERINTAHAN UMUM",
            "id_bidang_urusan": 247,
            "kode_bidang_urusan": "8.01",
            "nama_bidang_urusan": "KESATUAN BANGSA DAN POLITIK",
            "id_sub_skpd": 680,
            "kode_sub_skpd": "8.01.0.00.0.00.01.0000",
            "nama_sub_skpd": "Badan Kesatuan Bangsa dan Politik",
            "set_pagu_user": 22438,
            "set_pagu_at": "Tue, 24 Jun 2025 10:40:48 GMT",
            "id_program": 4427,
            "kode_program": "8.01.02",
            "nama_program": "PROGRAM PENGUATAN IDEOLOGI PANCASILA DAN KARAKTER KEBANGSAAN",
            "id_giat": 18298,
            "kode_giat": "8.01.02.2.01",
            "nama_giat": "Perumusan Kebijakan Teknis dan Pemantapan Pelaksanaan Bidang Ideologi Pancasila dan Karakter Kebangsaan",
            "pagu_giat": 1490381000.0,
            "rinci_giat": null,
            "id_sub_giat": 60085,
            "kode_sub_giat": "8.01.02.2.01.0005",
            "nama_sub_giat": "Pelaksanaan Monitoring Evaluasi dan Pelaporan di Bidang Ideologi Wawasan Kebangsaan, Bela Negara, Karakter Bangsa, Pembauran Kebangsaan, Bineka Tunggal Ika dan Sejarah Kebangsaan",
            "pagu": 30000000.0,
            "pagu_indikatif": 30000000.0,
            "rincian": null,
            "kode_bl": "680.680.4427.18298",
            "kode_sbl": "680.680.4427.18298.60085",
            "kunci_bl": 1,
            "kunci_bl_rinci": 1,
            "user_created": "Suryadi, S.STP, M.Si",
            "created_date": "03-02-2025",
            "created_time": "11:34",
            "user_updated": null,
            "updated_date": null,
            "updated_time": null,
            "is_locked": 0
        },
        {
            "id_sub_bl": 63742,
            "id_daerah": 473,
            "tahun": 2026,
            "id_unit": 680,
            "id_skpd": 680,
            "created_user": 22438,
            "kode_skpd": "8.01.0.00.0.00.01.0000",
            "nama_skpd": "Badan Kesatuan Bangsa dan Politik",
            "id_urusan": 18,
            "kode_urusan": "8",
            "nama_urusan": "UNSUR PEMERINTAHAN UMUM",
            "id_bidang_urusan": 247,
            "kode_bidang_urusan": "8.01",
            "nama_bidang_urusan": "KESATUAN BANGSA DAN POLITIK",
            "id_sub_skpd": 680,
            "kode_sub_skpd": "8.01.0.00.0.00.01.0000",
            "nama_sub_skpd": "Badan Kesatuan Bangsa dan Politik",
            "set_pagu_user": 22438,
            "set_pagu_at": "Tue, 24 Jun 2025 10:40:48 GMT",
            "id_program": 4427,
            "kode_program": "8.01.02",
            "nama_program": "PROGRAM PENGUATAN IDEOLOGI PANCASILA DAN KARAKTER KEBANGSAAN",
            "id_giat": 18298,
            "kode_giat": "8.01.02.2.01",
            "nama_giat": "Perumusan Kebijakan Teknis dan Pemantapan Pelaksanaan Bidang Ideologi Pancasila dan Karakter Kebangsaan",
            "pagu_giat": 1490381000.0,
            "rinci_giat": null,
            "id_sub_giat": 60087,
            "kode_sub_giat": "8.01.02.2.01.0007",
            "nama_sub_giat": "Pembinaan terhadap aktivitas kepaskibrakaan dan  Purnapaskibraka",
            "pagu": 919287000.0,
            "pagu_indikatif": 919287000.0,
            "rincian": null,
            "kode_bl": "680.680.4427.18298",
            "kode_sbl": "680.680.4427.18298.60087",
            "kunci_bl": 1,
            "kunci_bl_rinci": 1,
            "user_created": "Suryadi, S.STP, M.Si",
            "created_date": "03-02-2025",
            "created_time": "11:36",
            "user_updated": null,
            "updated_date": null,
            "updated_time": null,
            "is_locked": 0
        },
        {
            "id_sub_bl": 63747,
            "id_daerah": 473,
            "tahun": 2026,
            "id_unit": 680,
            "id_skpd": 680,
            "created_user": 22438,
            "kode_skpd": "8.01.0.00.0.00.01.0000",
            "nama_skpd": "Badan Kesatuan Bangsa dan Politik",
            "id_urusan": 18,
            "kode_urusan": "8",
            "nama_urusan": "UNSUR PEMERINTAHAN UMUM",
            "id_bidang_urusan": 247,
            "kode_bidang_urusan": "8.01",
            "nama_bidang_urusan": "KESATUAN BANGSA DAN POLITIK",
            "id_sub_skpd": 680,
            "kode_sub_skpd": "8.01.0.00.0.00.01.0000",
            "nama_sub_skpd": "Badan Kesatuan Bangsa dan Politik",
            "set_pagu_user": 22438,
            "set_pagu_at": "Tue, 24 Jun 2025 10:40:48 GMT",
            "id_program": 4427,
            "kode_program": "8.01.02",
            "nama_program": "PROGRAM PENGUATAN IDEOLOGI PANCASILA DAN KARAKTER KEBANGSAAN",
            "id_giat": 18298,
            "kode_giat": "8.01.02.2.01",
            "nama_giat": "Perumusan Kebijakan Teknis dan Pemantapan Pelaksanaan Bidang Ideologi Pancasila dan Karakter Kebangsaan",
            "pagu_giat": 1490381000.0,
            "rinci_giat": null,
            "id_sub_giat": 60088,
            "kode_sub_giat": "8.01.02.2.01.0008",
            "nama_sub_giat": "Pembentukan Paskibraka",
            "pagu": 88094000.0,
            "pagu_indikatif": 88094000.0,
            "rincian": null,
            "kode_bl": "680.680.4427.18298",
            "kode_sbl": "680.680.4427.18298.60088",
            "kunci_bl": 1,
            "kunci_bl_rinci": 1,
            "user_created": "Suryadi, S.STP, M.Si",
            "created_date": "03-02-2025",
            "created_time": "11:39",
            "user_updated": null,
            "updated_date": null,
            "updated_time": null,
            "is_locked": 0
        },
        {
            "id_sub_bl": 63750,
            "id_daerah": 473,
            "tahun": 2026,
            "id_unit": 680,
            "id_skpd": 680,
            "created_user": 22438,
            "kode_skpd": "8.01.0.00.0.00.01.0000",
            "nama_skpd": "Badan Kesatuan Bangsa dan Politik",
            "id_urusan": 18,
            "kode_urusan": "8",
            "nama_urusan": "UNSUR PEMERINTAHAN UMUM",
            "id_bidang_urusan": 247,
            "kode_bidang_urusan": "8.01",
            "nama_bidang_urusan": "KESATUAN BANGSA DAN POLITIK",
            "id_sub_skpd": 680,
            "kode_sub_skpd": "8.01.0.00.0.00.01.0000",
            "nama_sub_skpd": "Badan Kesatuan Bangsa dan Politik",
            "set_pagu_user": 22438,
            "set_pagu_at": "Tue, 24 Jun 2025 10:40:48 GMT",
            "id_program": 4427,
            "kode_program": "8.01.02",
            "nama_program": "PROGRAM PENGUATAN IDEOLOGI PANCASILA DAN KARAKTER KEBANGSAAN",
            "id_giat": 18298,
            "kode_giat": "8.01.02.2.01",
            "nama_giat": "Perumusan Kebijakan Teknis dan Pemantapan Pelaksanaan Bidang Ideologi Pancasila dan Karakter Kebangsaan",
            "pagu_giat": 1490381000.0,
            "rinci_giat": null,
            "id_sub_giat": 60089,
            "kode_sub_giat": "8.01.02.2.01.0009",
            "nama_sub_giat": "Pembinaan Lanjutan kepada Purnapaskibraka Duta  Pancasila",
            "pagu": 25000000.0,
            "pagu_indikatif": 25000000.0,
            "rincian": null,
            "kode_bl": "680.680.4427.18298",
            "kode_sbl": "680.680.4427.18298.60089",
            "kunci_bl": 1,
            "kunci_bl_rinci": 1,
            "user_created": "Suryadi, S.STP, M.Si",
            "created_date": "03-02-2025",
            "created_time": "11:41",
            "user_updated": null,
            "updated_date": null,
            "updated_time": null,
            "is_locked": 0
        },
        {
            "id_sub_bl": 63760,
            "id_daerah": 473,
            "tahun": 2026,
            "id_unit": 680,
            "id_skpd": 680,
            "created_user": 22438,
            "kode_skpd": "8.01.0.00.0.00.01.0000",
            "nama_skpd": "Badan Kesatuan Bangsa dan Politik",
            "id_urusan": 18,
            "kode_urusan": "8",
            "nama_urusan": "UNSUR PEMERINTAHAN UMUM",
            "id_bidang_urusan": 247,
            "kode_bidang_urusan": "8.01",
            "nama_bidang_urusan": "KESATUAN BANGSA DAN POLITIK",
            "id_sub_skpd": 680,
            "kode_sub_skpd": "8.01.0.00.0.00.01.0000",
            "nama_sub_skpd": "Badan Kesatuan Bangsa dan Politik",
            "set_pagu_user": 22438,
            "set_pagu_at": "Tue, 24 Jun 2025 10:40:48 GMT",
            "id_program": 4429,
            "kode_program": "8.01.03",
            "nama_program": "PROGRAM PENINGKATAN PERAN PARTAI POLITIK DAN LEMBAGA PENDIDIKAN MELALUI PENDIDIKAN POLITIK DAN PENGEMBANGAN ETIKA SERTA BUDAYA POLITIK",
            "id_giat": 18300,
            "kode_giat": "8.01.03.2.01",
            "nama_giat": "Perumusan Kebijakan Teknis dan Pemantapan Pelaksanaan Bidang Pendidikan Politik, Etika Budaya Politik, Peningkatan Demokrasi, Fasilitasi Kelembagaan Pemerintahan, Perwakilan dan Partai Politik, Pemilihan Umum/Pemilihan Umum Kepala Daerah, serta Pemantauan Situasi Politik",
            "pagu_giat": 6237137959.0,
            "rinci_giat": null,
            "id_sub_giat": 60097,
            "kode_sub_giat": "8.01.03.2.01.0001",
            "nama_sub_giat": "Penyusunan Program Kerja di Bidang Pendidikan Politik, Etika Budaya Politik, Peningkatan Demokrasi, Fasilitasi Kelembagaan Pemerintahan, Perwakilan dan Partai Politik, Pemilihan Umum/Pemilihan Umum Kepala Daerah, serta Pemantauan Situasi Politik di Daerah",
            "pagu": 120000000.0,
            "pagu_indikatif": 120000000.0,
            "rincian": null,
            "kode_bl": "680.680.4429.18300",
            "kode_sbl": "680.680.4429.18300.60097",
            "kunci_bl": 1,
            "kunci_bl_rinci": 1,
            "user_created": "Suryadi, S.STP, M.Si",
            "created_date": "03-02-2025",
            "created_time": "11:43",
            "user_updated": "Suryadi, S.STP, M.Si",
            "updated_date": "26-03-2025",
            "updated_time": "12:30",
            "is_locked": 0
        },
        {
            "id_sub_bl": 63763,
            "id_daerah": 473,
            "tahun": 2026,
            "id_unit": 680,
            "id_skpd": 680,
            "created_user": 22438,
            "kode_skpd": "8.01.0.00.0.00.01.0000",
            "nama_skpd": "Badan Kesatuan Bangsa dan Politik",
            "id_urusan": 18,
            "kode_urusan": "8",
            "nama_urusan": "UNSUR PEMERINTAHAN UMUM",
            "id_bidang_urusan": 247,
            "kode_bidang_urusan": "8.01",
            "nama_bidang_urusan": "KESATUAN BANGSA DAN POLITIK",
            "id_sub_skpd": 680,
            "kode_sub_skpd": "8.01.0.00.0.00.01.0000",
            "nama_sub_skpd": "Badan Kesatuan Bangsa dan Politik",
            "set_pagu_user": 22438,
            "set_pagu_at": "Tue, 24 Jun 2025 10:40:48 GMT",
            "id_program": 4429,
            "kode_program": "8.01.03",
            "nama_program": "PROGRAM PENINGKATAN PERAN PARTAI POLITIK DAN LEMBAGA PENDIDIKAN MELALUI PENDIDIKAN POLITIK DAN PENGEMBANGAN ETIKA SERTA BUDAYA POLITIK",
            "id_giat": 18300,
            "kode_giat": "8.01.03.2.01",
            "nama_giat": "Perumusan Kebijakan Teknis dan Pemantapan Pelaksanaan Bidang Pendidikan Politik, Etika Budaya Politik, Peningkatan Demokrasi, Fasilitasi Kelembagaan Pemerintahan, Perwakilan dan Partai Politik, Pemilihan Umum/Pemilihan Umum Kepala Daerah, serta Pemantauan Situasi Politik",
            "pagu_giat": 6237137959.0,
            "rinci_giat": null,
            "id_sub_giat": 60098,
            "kode_sub_giat": "8.01.03.2.01.0002",
            "nama_sub_giat": "Penyusunan Bahan Perumusan Kebijakan di Bidang Pendidikan Politik, Etika Budaya Politik, Peningkatan Demokrasi, Fasilitasi Kelembagaan Pemerintahan, Perwakilan dan Partai Politik, Pemilihan Umum/Pemilihan Umum Kepala Daerah, serta Pemantauan Situasi Politik di Daerah",
            "pagu": 145000000.0,
            "pagu_indikatif": 145000000.0,
            "rincian": null,
            "kode_bl": "680.680.4429.18300",
            "kode_sbl": "680.680.4429.18300.60098",
            "kunci_bl": 1,
            "kunci_bl_rinci": 1,
            "user_created": "Suryadi, S.STP, M.Si",
            "created_date": "03-02-2025",
            "created_time": "11:44",
            "user_updated": "Suryadi, S.STP, M.Si",
            "updated_date": "26-03-2025",
            "updated_time": "12:31",
            "is_locked": 0
        },
        {
            "id_sub_bl": 63772,
            "id_daerah": 473,
            "tahun": 2026,
            "id_unit": 680,
            "id_skpd": 680,
            "created_user": 22438,
            "kode_skpd": "8.01.0.00.0.00.01.0000",
            "nama_skpd": "Badan Kesatuan Bangsa dan Politik",
            "id_urusan": 18,
            "kode_urusan": "8",
            "nama_urusan": "UNSUR PEMERINTAHAN UMUM",
            "id_bidang_urusan": 247,
            "kode_bidang_urusan": "8.01",
            "nama_bidang_urusan": "KESATUAN BANGSA DAN POLITIK",
            "id_sub_skpd": 680,
            "kode_sub_skpd": "8.01.0.00.0.00.01.0000",
            "nama_sub_skpd": "Badan Kesatuan Bangsa dan Politik",
            "set_pagu_user": 22438,
            "set_pagu_at": "Tue, 24 Jun 2025 10:40:48 GMT",
            "id_program": 4429,
            "kode_program": "8.01.03",
            "nama_program": "PROGRAM PENINGKATAN PERAN PARTAI POLITIK DAN LEMBAGA PENDIDIKAN MELALUI PENDIDIKAN POLITIK DAN PENGEMBANGAN ETIKA SERTA BUDAYA POLITIK",
            "id_giat": 18300,
            "kode_giat": "8.01.03.2.01",
            "nama_giat": "Perumusan Kebijakan Teknis dan Pemantapan Pelaksanaan Bidang Pendidikan Politik, Etika Budaya Politik, Peningkatan Demokrasi, Fasilitasi Kelembagaan Pemerintahan, Perwakilan dan Partai Politik, Pemilihan Umum/Pemilihan Umum Kepala Daerah, serta Pemantauan Situasi Politik",
            "pagu_giat": 6237137959.0,
            "rinci_giat": null,
            "id_sub_giat": 60099,
            "kode_sub_giat": "8.01.03.2.01.0003",
            "nama_sub_giat": "Pelaksanaan Kebijakan di Bidang Pendidikan Politik, Etika Budaya Politik, Peningkatan Demokrasi, Fasilitasi Kelembagaan Pemerintahan, Perwakilan dan Partai Politik, Pemilihan Umum/Pemilihan Umum Kepala Daerah, serta Pemantauan Situasi Politik di Daerah",
            "pagu": 5972137959.0,
            "pagu_indikatif": 5972137959.0,
            "rincian": null,
            "kode_bl": "680.680.4429.18300",
            "kode_sbl": "680.680.4429.18300.60099",
            "kunci_bl": 1,
            "kunci_bl_rinci": 1,
            "user_created": "Suryadi, S.STP, M.Si",
            "created_date": "03-02-2025",
            "created_time": "11:48",
            "user_updated": "Suryadi, S.STP, M.Si",
            "updated_date": "25-03-2025",
            "updated_time": "18:07",
            "is_locked": 0
        },
        {
            "id_sub_bl": 63780,
            "id_daerah": 473,
            "tahun": 2026,
            "id_unit": 680,
            "id_skpd": 680,
            "created_user": 22438,
            "kode_skpd": "8.01.0.00.0.00.01.0000",
            "nama_skpd": "Badan Kesatuan Bangsa dan Politik",
            "id_urusan": 18,
            "kode_urusan": "8",
            "nama_urusan": "UNSUR PEMERINTAHAN UMUM",
            "id_bidang_urusan": 247,
            "kode_bidang_urusan": "8.01",
            "nama_bidang_urusan": "KESATUAN BANGSA DAN POLITIK",
            "id_sub_skpd": 680,
            "kode_sub_skpd": "8.01.0.00.0.00.01.0000",
            "nama_sub_skpd": "Badan Kesatuan Bangsa dan Politik",
            "set_pagu_user": 22438,
            "set_pagu_at": "Tue, 24 Jun 2025 10:40:48 GMT",
            "id_program": 4431,
            "kode_program": "8.01.04",
            "nama_program": "PROGRAM PEMBERDAYAAN DAN PENGAWASAN ORGANISASI KEMASYARAKATAN",
            "id_giat": 18302,
            "kode_giat": "8.01.04.2.01",
            "nama_giat": "Perumusan Kebijakan Teknis dan Pemantapan Pelaksanaan Bidang Pemberdayaan dan Pengawasan Organisasi Kemasyarakatan",
            "pagu_giat": 464000000.0,
            "rinci_giat": null,
            "id_sub_giat": 60111,
            "kode_sub_giat": "8.01.04.2.01.0004",
            "nama_sub_giat": "Pelaksanaan Koordinasi di Bidang Pendaftaran Ormas, Pemberdayaan Ormas, Evaluasi dan Mediasi Sengketa Ormas, Pengawasan Ormas dan Ormas Asing di Daerah",
            "pagu": 249000000.0,
            "pagu_indikatif": 249000000.0,
            "rincian": null,
            "kode_bl": "680.680.4431.18302",
            "kode_sbl": "680.680.4431.18302.60111",
            "kunci_bl": 1,
            "kunci_bl_rinci": 1,
            "user_created": "Suryadi, S.STP, M.Si",
            "created_date": "03-02-2025",
            "created_time": "11:50",
            "user_updated": "Suryadi, S.STP, M.Si",
            "updated_date": "26-03-2025",
            "updated_time": "12:24",
            "is_locked": 0
        },
        {
            "id_sub_bl": 63784,
            "id_daerah": 473,
            "tahun": 2026,
            "id_unit": 680,
            "id_skpd": 680,
            "created_user": 22438,
            "kode_skpd": "8.01.0.00.0.00.01.0000",
            "nama_skpd": "Badan Kesatuan Bangsa dan Politik",
            "id_urusan": 18,
            "kode_urusan": "8",
            "nama_urusan": "UNSUR PEMERINTAHAN UMUM",
            "id_bidang_urusan": 247,
            "kode_bidang_urusan": "8.01",
            "nama_bidang_urusan": "KESATUAN BANGSA DAN POLITIK",
            "id_sub_skpd": 680,
            "kode_sub_skpd": "8.01.0.00.0.00.01.0000",
            "nama_sub_skpd": "Badan Kesatuan Bangsa dan Politik",
            "set_pagu_user": 22438,
            "set_pagu_at": "Tue, 24 Jun 2025 10:40:48 GMT",
            "id_program": 4431,
            "kode_program": "8.01.04",
            "nama_program": "PROGRAM PEMBERDAYAAN DAN PENGAWASAN ORGANISASI KEMASYARAKATAN",
            "id_giat": 18302,
            "kode_giat": "8.01.04.2.01",
            "nama_giat": "Perumusan Kebijakan Teknis dan Pemantapan Pelaksanaan Bidang Pemberdayaan dan Pengawasan Organisasi Kemasyarakatan",
            "pagu_giat": 464000000.0,
            "rinci_giat": null,
            "id_sub_giat": 60112,
            "kode_sub_giat": "8.01.04.2.01.0005",
            "nama_sub_giat": "Pelaksanaan Monitoring, Evaluasi dan Pelaporan di Bidang Pendaftaran Ormas, Pemberdayaan Ormas, Evaluasi dan Mediasi Sengketa Ormas, Pengawasan Ormas dan Ormas Asing di Daerah",
            "pagu": 215000000.0,
            "pagu_indikatif": 215000000.0,
            "rincian": null,
            "kode_bl": "680.680.4431.18302",
            "kode_sbl": "680.680.4431.18302.60112",
            "kunci_bl": 1,
            "kunci_bl_rinci": 1,
            "user_created": "Suryadi, S.STP, M.Si",
            "created_date": "03-02-2025",
            "created_time": "11:51",
            "user_updated": null,
            "updated_date": null,
            "updated_time": null,
            "is_locked": 0
        },
        {
            "id_sub_bl": 63788,
            "id_daerah": 473,
            "tahun": 2026,
            "id_unit": 680,
            "id_skpd": 680,
            "created_user": 22438,
            "kode_skpd": "8.01.0.00.0.00.01.0000",
            "nama_skpd": "Badan Kesatuan Bangsa dan Politik",
            "id_urusan": 18,
            "kode_urusan": "8",
            "nama_urusan": "UNSUR PEMERINTAHAN UMUM",
            "id_bidang_urusan": 247,
            "kode_bidang_urusan": "8.01",
            "nama_bidang_urusan": "KESATUAN BANGSA DAN POLITIK",
            "id_sub_skpd": 680,
            "kode_sub_skpd": "8.01.0.00.0.00.01.0000",
            "nama_sub_skpd": "Badan Kesatuan Bangsa dan Politik",
            "set_pagu_user": 22438,
            "set_pagu_at": "Tue, 24 Jun 2025 10:40:48 GMT",
            "id_program": 4433,
            "kode_program": "8.01.05",
            "nama_program": "PROGRAM PEMBINAAN DAN PENGEMBANGAN KETAHANAN EKONOMI, SOSIAL, DAN BUDAYA",
            "id_giat": 18304,
            "kode_giat": "8.01.05.2.01",
            "nama_giat": "Perumusan Kebijakan Teknis dan Pemantapan Pelaksanaan Bidang Ketahanan Ekonomi, Sosial dan Budaya",
            "pagu_giat": 300000000.0,
            "rinci_giat": null,
            "id_sub_giat": 60119,
            "kode_sub_giat": "8.01.05.2.01.0002",
            "nama_sub_giat": "Penyusunan Bahan Perumusan Kebijakan di Bidang Ketahanan Ekonomi, Sosial, Budaya dan Fasilitasi Pencegahan Penyalagunaan Narkotika, Fasilitasi Kerukunan Umat Beragama dan Penghayat Kepercayaan di Daerah",
            "pagu": 20000000.0,
            "pagu_indikatif": 20000000.0,
            "rincian": null,
            "kode_bl": "680.680.4433.18304",
            "kode_sbl": "680.680.4433.18304.60119",
            "kunci_bl": 1,
            "kunci_bl_rinci": 1,
            "user_created": "Suryadi, S.STP, M.Si",
            "created_date": "03-02-2025",
            "created_time": "11:53",
            "user_updated": null,
            "updated_date": null,
            "updated_time": null,
            "is_locked": 0
        },
        {
            "id_sub_bl": 63792,
            "id_daerah": 473,
            "tahun": 2026,
            "id_unit": 680,
            "id_skpd": 680,
            "created_user": 22438,
            "kode_skpd": "8.01.0.00.0.00.01.0000",
            "nama_skpd": "Badan Kesatuan Bangsa dan Politik",
            "id_urusan": 18,
            "kode_urusan": "8",
            "nama_urusan": "UNSUR PEMERINTAHAN UMUM",
            "id_bidang_urusan": 247,
            "kode_bidang_urusan": "8.01",
            "nama_bidang_urusan": "KESATUAN BANGSA DAN POLITIK",
            "id_sub_skpd": 680,
            "kode_sub_skpd": "8.01.0.00.0.00.01.0000",
            "nama_sub_skpd": "Badan Kesatuan Bangsa dan Politik",
            "set_pagu_user": 22438,
            "set_pagu_at": "Tue, 24 Jun 2025 10:40:48 GMT",
            "id_program": 4433,
            "kode_program": "8.01.05",
            "nama_program": "PROGRAM PEMBINAAN DAN PENGEMBANGAN KETAHANAN EKONOMI, SOSIAL, DAN BUDAYA",
            "id_giat": 18304,
            "kode_giat": "8.01.05.2.01",
            "nama_giat": "Perumusan Kebijakan Teknis dan Pemantapan Pelaksanaan Bidang Ketahanan Ekonomi, Sosial dan Budaya",
            "pagu_giat": 300000000.0,
            "rinci_giat": null,
            "id_sub_giat": 60121,
            "kode_sub_giat": "8.01.05.2.01.0004",
            "nama_sub_giat": "Pelaksanaan Koordinasi di Bidang Ketahanan Ekonomi, Sosial, Budaya dan Fasilitasi Pencegahan Penyalagunaan Narkotika, Fasilitasi Kerukunan Umat Beragama dan Penghayat Kepercayaan di Daerah",
            "pagu": 260000000.0,
            "pagu_indikatif": 260000000.0,
            "rincian": null,
            "kode_bl": "680.680.4433.18304",
            "kode_sbl": "680.680.4433.18304.60121",
            "kunci_bl": 1,
            "kunci_bl_rinci": 1,
            "user_created": "Suryadi, S.STP, M.Si",
            "created_date": "03-02-2025",
            "created_time": "11:56",
            "user_updated": "Suryadi, S.STP, M.Si",
            "updated_date": "26-03-2025",
            "updated_time": "12:27",
            "is_locked": 0
        },
        {
            "id_sub_bl": 63796,
            "id_daerah": 473,
            "tahun": 2026,
            "id_unit": 680,
            "id_skpd": 680,
            "created_user": 22438,
            "kode_skpd": "8.01.0.00.0.00.01.0000",
            "nama_skpd": "Badan Kesatuan Bangsa dan Politik",
            "id_urusan": 18,
            "kode_urusan": "8",
            "nama_urusan": "UNSUR PEMERINTAHAN UMUM",
            "id_bidang_urusan": 247,
            "kode_bidang_urusan": "8.01",
            "nama_bidang_urusan": "KESATUAN BANGSA DAN POLITIK",
            "id_sub_skpd": 680,
            "kode_sub_skpd": "8.01.0.00.0.00.01.0000",
            "nama_sub_skpd": "Badan Kesatuan Bangsa dan Politik",
            "set_pagu_user": 22438,
            "set_pagu_at": "Tue, 24 Jun 2025 10:40:48 GMT",
            "id_program": 4433,
            "kode_program": "8.01.05",
            "nama_program": "PROGRAM PEMBINAAN DAN PENGEMBANGAN KETAHANAN EKONOMI, SOSIAL, DAN BUDAYA",
            "id_giat": 18304,
            "kode_giat": "8.01.05.2.01",
            "nama_giat": "Perumusan Kebijakan Teknis dan Pemantapan Pelaksanaan Bidang Ketahanan Ekonomi, Sosial dan Budaya",
            "pagu_giat": 300000000.0,
            "rinci_giat": null,
            "id_sub_giat": 60122,
            "kode_sub_giat": "8.01.05.2.01.0005",
            "nama_sub_giat": "Pelaksanaan Monitoring, Evaluasi dan Pelaporan di Bidang Ketahanan Ekonomi, Sosial, Budaya dan Fasilitasi Pencegahan Penyalagunaan Narkotika, Fasilitasi Kerukunan Umat Beragama dan Penghayat Kepercayaan di Daerah",
            "pagu": 20000000.0,
            "pagu_indikatif": 20000000.0,
            "rincian": null,
            "kode_bl": "680.680.4433.18304",
            "kode_sbl": "680.680.4433.18304.60122",
            "kunci_bl": 1,
            "kunci_bl_rinci": 1,
            "user_created": "Suryadi, S.STP, M.Si",
            "created_date": "03-02-2025",
            "created_time": "11:58",
            "user_updated": null,
            "updated_date": null,
            "updated_time": null,
            "is_locked": 0
        },
        {
            "id_sub_bl": 63801,
            "id_daerah": 473,
            "tahun": 2026,
            "id_unit": 680,
            "id_skpd": 680,
            "created_user": 22438,
            "kode_skpd": "8.01.0.00.0.00.01.0000",
            "nama_skpd": "Badan Kesatuan Bangsa dan Politik",
            "id_urusan": 18,
            "kode_urusan": "8",
            "nama_urusan": "UNSUR PEMERINTAHAN UMUM",
            "id_bidang_urusan": 247,
            "kode_bidang_urusan": "8.01",
            "nama_bidang_urusan": "KESATUAN BANGSA DAN POLITIK",
            "id_sub_skpd": 680,
            "kode_sub_skpd": "8.01.0.00.0.00.01.0000",
            "nama_sub_skpd": "Badan Kesatuan Bangsa dan Politik",
            "set_pagu_user": 22438,
            "set_pagu_at": "Tue, 24 Jun 2025 10:40:48 GMT",
            "id_program": 4435,
            "kode_program": "8.01.06",
            "nama_program": "PROGRAM PENINGKATAN KEWASPADAAN NASIONAL DAN PENINGKATAN KUALITAS DAN FASILITASI PENANGANAN KONFLIK SOSIAL",
            "id_giat": 18306,
            "kode_giat": "8.01.06.2.01",
            "nama_giat": "Perumusan Kebijakan Teknis dan Pelaksanaan Pemantapan Kewaspadaan Nasional dan Penanganan Konflik Sosial",
            "pagu_giat": 1275000000.0,
            "rinci_giat": null,
            "id_sub_giat": 60132,
            "kode_sub_giat": "8.01.06.2.01.0004",
            "nama_sub_giat": "Pelaksanaan Koordinasi di Bidang Kewaspadaan Dini, Kerja Sama Intelijen, Pemantauan Orang Asing, Tenaga Kerja Asing dan Lembaga Asing, Kewaspadaan Perbatasan antar Negara, Fasilitasi Kelembagaan Bidang Kewaspadaan, serta Penanganan Konflik di Daerah",
            "pagu": 165000000.0,
            "pagu_indikatif": 165000000.0,
            "rincian": null,
            "kode_bl": "680.680.4435.18306",
            "kode_sbl": "680.680.4435.18306.60132",
            "kunci_bl": 1,
            "kunci_bl_rinci": 1,
            "user_created": "Suryadi, S.STP, M.Si",
            "created_date": "03-02-2025",
            "created_time": "12:00",
            "user_updated": "Suryadi, S.STP, M.Si",
            "updated_date": "24-03-2025",
            "updated_time": "14:56",
            "is_locked": 0
        },
        {
            "id_sub_bl": 63803,
            "id_daerah": 473,
            "tahun": 2026,
            "id_unit": 680,
            "id_skpd": 680,
            "created_user": 22438,
            "kode_skpd": "8.01.0.00.0.00.01.0000",
            "nama_skpd": "Badan Kesatuan Bangsa dan Politik",
            "id_urusan": 18,
            "kode_urusan": "8",
            "nama_urusan": "UNSUR PEMERINTAHAN UMUM",
            "id_bidang_urusan": 247,
            "kode_bidang_urusan": "8.01",
            "nama_bidang_urusan": "KESATUAN BANGSA DAN POLITIK",
            "id_sub_skpd": 680,
            "kode_sub_skpd": "8.01.0.00.0.00.01.0000",
            "nama_sub_skpd": "Badan Kesatuan Bangsa dan Politik",
            "set_pagu_user": 22438,
            "set_pagu_at": "Tue, 24 Jun 2025 10:40:48 GMT",
            "id_program": 4435,
            "kode_program": "8.01.06",
            "nama_program": "PROGRAM PENINGKATAN KEWASPADAAN NASIONAL DAN PENINGKATAN KUALITAS DAN FASILITASI PENANGANAN KONFLIK SOSIAL",
            "id_giat": 18306,
            "kode_giat": "8.01.06.2.01",
            "nama_giat": "Perumusan Kebijakan Teknis dan Pelaksanaan Pemantapan Kewaspadaan Nasional dan Penanganan Konflik Sosial",
            "pagu_giat": 1275000000.0,
            "rinci_giat": null,
            "id_sub_giat": 60133,
            "kode_sub_giat": "8.01.06.2.01.0005",
            "nama_sub_giat": "Pelaksanaan Monitoring, Evaluasi dan Pelaporan di Bidang Kewaspadaan Dini, Kerja Sama Intelijen, Pemantauan Orang Asing, Tenaga Kerja Asing dan Lembaga Asing, Kewaspadaan Perbatasan antar Negara, Fasilitasi Kelembagaan Bidang Kewaspadaan, serta Penanganan Konflik di Daerah",
            "pagu": 60000000.0,
            "pagu_indikatif": 60000000.0,
            "rincian": null,
            "kode_bl": "680.680.4435.18306",
            "kode_sbl": "680.680.4435.18306.60133",
            "kunci_bl": 1,
            "kunci_bl_rinci": 1,
            "user_created": "Suryadi, S.STP, M.Si",
            "created_date": "03-02-2025",
            "created_time": "12:01",
            "user_updated": null,
            "updated_date": null,
            "updated_time": null,
            "is_locked": 0
        },
        {
            "id_sub_bl": 63807,
            "id_daerah": 473,
            "tahun": 2026,
            "id_unit": 680,
            "id_skpd": 680,
            "created_user": 22438,
            "kode_skpd": "8.01.0.00.0.00.01.0000",
            "nama_skpd": "Badan Kesatuan Bangsa dan Politik",
            "id_urusan": 18,
            "kode_urusan": "8",
            "nama_urusan": "UNSUR PEMERINTAHAN UMUM",
            "id_bidang_urusan": 247,
            "kode_bidang_urusan": "8.01",
            "nama_bidang_urusan": "KESATUAN BANGSA DAN POLITIK",
            "id_sub_skpd": 680,
            "kode_sub_skpd": "8.01.0.00.0.00.01.0000",
            "nama_sub_skpd": "Badan Kesatuan Bangsa dan Politik",
            "set_pagu_user": 22438,
            "set_pagu_at": "Tue, 24 Jun 2025 10:40:48 GMT",
            "id_program": 4435,
            "kode_program": "8.01.06",
            "nama_program": "PROGRAM PENINGKATAN KEWASPADAAN NASIONAL DAN PENINGKATAN KUALITAS DAN FASILITASI PENANGANAN KONFLIK SOSIAL",
            "id_giat": 18306,
            "kode_giat": "8.01.06.2.01",
            "nama_giat": "Perumusan Kebijakan Teknis dan Pelaksanaan Pemantapan Kewaspadaan Nasional dan Penanganan Konflik Sosial",
            "pagu_giat": 1275000000.0,
            "rinci_giat": null,
            "id_sub_giat": 60134,
            "kode_sub_giat": "8.01.06.2.01.0006",
            "nama_sub_giat": "Pelaksanaan Forum Koordinasi Pimpinan Daerah Kabupaten/Kota",
            "pagu": 1050000000.0,
            "pagu_indikatif": 1050000000.0,
            "rincian": null,
            "kode_bl": "680.680.4435.18306",
            "kode_sbl": "680.680.4435.18306.60134",
            "kunci_bl": 1,
            "kunci_bl_rinci": 1,
            "user_created": "Suryadi, S.STP, M.Si",
            "created_date": "03-02-2025",
            "created_time": "12:03",
            "user_updated": null,
            "updated_date": null,
            "updated_time": null,
            "is_locked": 0
        },
        {
            "id_sub_bl": 63554,
            "id_daerah": 473,
            "tahun": 2026,
            "id_unit": 680,
            "id_skpd": 680,
            "created_user": 22438,
            "kode_skpd": "8.01.0.00.0.00.01.0000",
            "nama_skpd": "Badan Kesatuan Bangsa dan Politik",
            "id_urusan": 18,
            "kode_urusan": "8",
            "nama_urusan": "UNSUR PEMERINTAHAN UMUM",
            "id_bidang_urusan": 247,
            "kode_bidang_urusan": "8.01",
            "nama_bidang_urusan": "KESATUAN BANGSA DAN POLITIK",
            "id_sub_skpd": 680,
            "kode_sub_skpd": "8.01.0.00.0.00.01.0000",
            "nama_sub_skpd": "Badan Kesatuan Bangsa dan Politik",
            "set_pagu_user": 22438,
            "set_pagu_at": "Tue, 24 Jun 2025 10:40:48 GMT",
            "id_program": 4451,
            "kode_program": "8.01.01",
            "nama_program": "PROGRAM PENUNJANG URUSAN PEMERINTAHAN DAERAH KABUPATEN/KOTA",
            "id_giat": 18371,
            "kode_giat": "8.01.01.2.01",
            "nama_giat": "Perencanaan, Penganggaran, dan Evaluasi Kinerja Perangkat Daerah",
            "pagu_giat": 99500000.0,
            "rinci_giat": null,
            "id_sub_giat": 60589,
            "kode_sub_giat": "8.01.01.2.01.0001",
            "nama_sub_giat": "Penyusunan Dokumen Perencanaan Perangkat Daerah",
            "pagu": 34000000.0,
            "pagu_indikatif": 34000000.0,
            "rincian": null,
            "kode_bl": "680.680.4451.18371",
            "kode_sbl": "680.680.4451.18371.60589",
            "kunci_bl": 1,
            "kunci_bl_rinci": 1,
            "user_created": "Suryadi, S.STP, M.Si",
            "created_date": "03-02-2025",
            "created_time": "09:56",
            "user_updated": "Suryadi, S.STP, M.Si",
            "updated_date": "24-03-2025",
            "updated_time": "09:56",
            "is_locked": 0
        },
        {
            "id_sub_bl": 63590,
            "id_daerah": 473,
            "tahun": 2026,
            "id_unit": 680,
            "id_skpd": 680,
            "created_user": 22438,
            "kode_skpd": "8.01.0.00.0.00.01.0000",
            "nama_skpd": "Badan Kesatuan Bangsa dan Politik",
            "id_urusan": 18,
            "kode_urusan": "8",
            "nama_urusan": "UNSUR PEMERINTAHAN UMUM",
            "id_bidang_urusan": 247,
            "kode_bidang_urusan": "8.01",
            "nama_bidang_urusan": "KESATUAN BANGSA DAN POLITIK",
            "id_sub_skpd": 680,
            "kode_sub_skpd": "8.01.0.00.0.00.01.0000",
            "nama_sub_skpd": "Badan Kesatuan Bangsa dan Politik",
            "set_pagu_user": 22438,
            "set_pagu_at": "Tue, 24 Jun 2025 10:40:48 GMT",
            "id_program": 4451,
            "kode_program": "8.01.01",
            "nama_program": "PROGRAM PENUNJANG URUSAN PEMERINTAHAN DAERAH KABUPATEN/KOTA",
            "id_giat": 18371,
            "kode_giat": "8.01.01.2.01",
            "nama_giat": "Perencanaan, Penganggaran, dan Evaluasi Kinerja Perangkat Daerah",
            "pagu_giat": 99500000.0,
            "rinci_giat": null,
            "id_sub_giat": 60590,
            "kode_sub_giat": "8.01.01.2.01.0002",
            "nama_sub_giat": "Koordinasi dan Penyusunan Dokumen RKA-SKPD",
            "pagu": 10000000.0,
            "pagu_indikatif": 10000000.0,
            "rincian": null,
            "kode_bl": "680.680.4451.18371",
            "kode_sbl": "680.680.4451.18371.60590",
            "kunci_bl": 1,
            "kunci_bl_rinci": 1,
            "user_created": "Suryadi, S.STP, M.Si",
            "created_date": "03-02-2025",
            "created_time": "10:21",
            "user_updated": "Suryadi, S.STP, M.Si",
            "updated_date": "24-03-2025",
            "updated_time": "10:11",
            "is_locked": 0
        },
        {
            "id_sub_bl": 63594,
            "id_daerah": 473,
            "tahun": 2026,
            "id_unit": 680,
            "id_skpd": 680,
            "created_user": 22438,
            "kode_skpd": "8.01.0.00.0.00.01.0000",
            "nama_skpd": "Badan Kesatuan Bangsa dan Politik",
            "id_urusan": 18,
            "kode_urusan": "8",
            "nama_urusan": "UNSUR PEMERINTAHAN UMUM",
            "id_bidang_urusan": 247,
            "kode_bidang_urusan": "8.01",
            "nama_bidang_urusan": "KESATUAN BANGSA DAN POLITIK",
            "id_sub_skpd": 680,
            "kode_sub_skpd": "8.01.0.00.0.00.01.0000",
            "nama_sub_skpd": "Badan Kesatuan Bangsa dan Politik",
            "set_pagu_user": 22438,
            "set_pagu_at": "Tue, 24 Jun 2025 10:40:48 GMT",
            "id_program": 4451,
            "kode_program": "8.01.01",
            "nama_program": "PROGRAM PENUNJANG URUSAN PEMERINTAHAN DAERAH KABUPATEN/KOTA",
            "id_giat": 18371,
            "kode_giat": "8.01.01.2.01",
            "nama_giat": "Perencanaan, Penganggaran, dan Evaluasi Kinerja Perangkat Daerah",
            "pagu_giat": 99500000.0,
            "rinci_giat": null,
            "id_sub_giat": 60592,
            "kode_sub_giat": "8.01.01.2.01.0004",
            "nama_sub_giat": "Koordinasi dan Penyusunan DPA-SKPD",
            "pagu": 5500000.0,
            "pagu_indikatif": 5500000.0,
            "rincian": null,
            "kode_bl": "680.680.4451.18371",
            "kode_sbl": "680.680.4451.18371.60592",
            "kunci_bl": 1,
            "kunci_bl_rinci": 1,
            "user_created": "Suryadi, S.STP, M.Si",
            "created_date": "03-02-2025",
            "created_time": "10:24",
            "user_updated": "Suryadi, S.STP, M.Si",
            "updated_date": "25-03-2025",
            "updated_time": "18:02",
            "is_locked": 0
        },
        {
            "id_sub_bl": 63599,
            "id_daerah": 473,
            "tahun": 2026,
            "id_unit": 680,
            "id_skpd": 680,
            "created_user": 22438,
            "kode_skpd": "8.01.0.00.0.00.01.0000",
            "nama_skpd": "Badan Kesatuan Bangsa dan Politik",
            "id_urusan": 18,
            "kode_urusan": "8",
            "nama_urusan": "UNSUR PEMERINTAHAN UMUM",
            "id_bidang_urusan": 247,
            "kode_bidang_urusan": "8.01",
            "nama_bidang_urusan": "KESATUAN BANGSA DAN POLITIK",
            "id_sub_skpd": 680,
            "kode_sub_skpd": "8.01.0.00.0.00.01.0000",
            "nama_sub_skpd": "Badan Kesatuan Bangsa dan Politik",
            "set_pagu_user": 22438,
            "set_pagu_at": "Tue, 24 Jun 2025 10:40:48 GMT",
            "id_program": 4451,
            "kode_program": "8.01.01",
            "nama_program": "PROGRAM PENUNJANG URUSAN PEMERINTAHAN DAERAH KABUPATEN/KOTA",
            "id_giat": 18371,
            "kode_giat": "8.01.01.2.01",
            "nama_giat": "Perencanaan, Penganggaran, dan Evaluasi Kinerja Perangkat Daerah",
            "pagu_giat": 99500000.0,
            "rinci_giat": null,
            "id_sub_giat": 60593,
            "kode_sub_giat": "8.01.01.2.01.0005",
            "nama_sub_giat": "Koordinasi dan Penyusunan Perubahan DPA- SKPD",
            "pagu": 3000000.0,
            "pagu_indikatif": 3000000.0,
            "rincian": null,
            "kode_bl": "680.680.4451.18371",
            "kode_sbl": "680.680.4451.18371.60593",
            "kunci_bl": 1,
            "kunci_bl_rinci": 1,
            "user_created": "Suryadi, S.STP, M.Si",
            "created_date": "03-02-2025",
            "created_time": "10:26",
            "user_updated": "Suryadi, S.STP, M.Si",
            "updated_date": "25-03-2025",
            "updated_time": "18:03",
            "is_locked": 0
        },
        {
            "id_sub_bl": 63603,
            "id_daerah": 473,
            "tahun": 2026,
            "id_unit": 680,
            "id_skpd": 680,
            "created_user": 22438,
            "kode_skpd": "8.01.0.00.0.00.01.0000",
            "nama_skpd": "Badan Kesatuan Bangsa dan Politik",
            "id_urusan": 18,
            "kode_urusan": "8",
            "nama_urusan": "UNSUR PEMERINTAHAN UMUM",
            "id_bidang_urusan": 247,
            "kode_bidang_urusan": "8.01",
            "nama_bidang_urusan": "KESATUAN BANGSA DAN POLITIK",
            "id_sub_skpd": 680,
            "kode_sub_skpd": "8.01.0.00.0.00.01.0000",
            "nama_sub_skpd": "Badan Kesatuan Bangsa dan Politik",
            "set_pagu_user": 22438,
            "set_pagu_at": "Tue, 24 Jun 2025 10:40:48 GMT",
            "id_program": 4451,
            "kode_program": "8.01.01",
            "nama_program": "PROGRAM PENUNJANG URUSAN PEMERINTAHAN DAERAH KABUPATEN/KOTA",
            "id_giat": 18371,
            "kode_giat": "8.01.01.2.01",
            "nama_giat": "Perencanaan, Penganggaran, dan Evaluasi Kinerja Perangkat Daerah",
            "pagu_giat": 99500000.0,
            "rinci_giat": null,
            "id_sub_giat": 60594,
            "kode_sub_giat": "8.01.01.2.01.0006",
            "nama_sub_giat": "Koordinasi dan Penyusunan Laporan Capaian Kinerja dan Ikhtisar Realisasi Kinerja SKPD",
            "pagu": 12000000.0,
            "pagu_indikatif": 12000000.0,
            "rincian": null,
            "kode_bl": "680.680.4451.18371",
            "kode_sbl": "680.680.4451.18371.60594",
            "kunci_bl": 1,
            "kunci_bl_rinci": 1,
            "user_created": "Suryadi, S.STP, M.Si",
            "created_date": "03-02-2025",
            "created_time": "10:28",
            "user_updated": null,
            "updated_date": null,
            "updated_time": null,
            "is_locked": 0
        },
        {
            "id_sub_bl": 63610,
            "id_daerah": 473,
            "tahun": 2026,
            "id_unit": 680,
            "id_skpd": 680,
            "created_user": 22438,
            "kode_skpd": "8.01.0.00.0.00.01.0000",
            "nama_skpd": "Badan Kesatuan Bangsa dan Politik",
            "id_urusan": 18,
            "kode_urusan": "8",
            "nama_urusan": "UNSUR PEMERINTAHAN UMUM",
            "id_bidang_urusan": 247,
            "kode_bidang_urusan": "8.01",
            "nama_bidang_urusan": "KESATUAN BANGSA DAN POLITIK",
            "id_sub_skpd": 680,
            "kode_sub_skpd": "8.01.0.00.0.00.01.0000",
            "nama_sub_skpd": "Badan Kesatuan Bangsa dan Politik",
            "set_pagu_user": 22438,
            "set_pagu_at": "Tue, 24 Jun 2025 10:40:48 GMT",
            "id_program": 4451,
            "kode_program": "8.01.01",
            "nama_program": "PROGRAM PENUNJANG URUSAN PEMERINTAHAN DAERAH KABUPATEN/KOTA",
            "id_giat": 18371,
            "kode_giat": "8.01.01.2.01",
            "nama_giat": "Perencanaan, Penganggaran, dan Evaluasi Kinerja Perangkat Daerah",
            "pagu_giat": 99500000.0,
            "rinci_giat": null,
            "id_sub_giat": 60595,
            "kode_sub_giat": "8.01.01.2.01.0007",
            "nama_sub_giat": "Evaluasi Kinerja Perangkat Daerah",
            "pagu": 35000000.0,
            "pagu_indikatif": 35000000.0,
            "rincian": null,
            "kode_bl": "680.680.4451.18371",
            "kode_sbl": "680.680.4451.18371.60595",
            "kunci_bl": 1,
            "kunci_bl_rinci": 1,
            "user_created": "Suryadi, S.STP, M.Si",
            "created_date": "03-02-2025",
            "created_time": "10:31",
            "user_updated": "Suryadi, S.STP, M.Si",
            "updated_date": "25-03-2025",
            "updated_time": "18:05",
            "is_locked": 0
        },
        {
            "id_sub_bl": 63620,
            "id_daerah": 473,
            "tahun": 2026,
            "id_unit": 680,
            "id_skpd": 680,
            "created_user": 22438,
            "kode_skpd": "8.01.0.00.0.00.01.0000",
            "nama_skpd": "Badan Kesatuan Bangsa dan Politik",
            "id_urusan": 18,
            "kode_urusan": "8",
            "nama_urusan": "UNSUR PEMERINTAHAN UMUM",
            "id_bidang_urusan": 247,
            "kode_bidang_urusan": "8.01",
            "nama_bidang_urusan": "KESATUAN BANGSA DAN POLITIK",
            "id_sub_skpd": 680,
            "kode_sub_skpd": "8.01.0.00.0.00.01.0000",
            "nama_sub_skpd": "Badan Kesatuan Bangsa dan Politik",
            "set_pagu_user": 22438,
            "set_pagu_at": "Tue, 24 Jun 2025 10:40:48 GMT",
            "id_program": 4451,
            "kode_program": "8.01.01",
            "nama_program": "PROGRAM PENUNJANG URUSAN PEMERINTAHAN DAERAH KABUPATEN/KOTA",
            "id_giat": 18372,
            "kode_giat": "8.01.01.2.02",
            "nama_giat": "Administrasi Keuangan Perangkat Daerah",
            "pagu_giat": 2146000000.0,
            "rinci_giat": null,
            "id_sub_giat": 60602,
            "kode_sub_giat": "8.01.01.2.02.0001",
            "nama_sub_giat": "Penyediaan Gaji dan Tunjangan ASN",
            "pagu": 2081000000.0,
            "pagu_indikatif": 2081000000.0,
            "rincian": null,
            "kode_bl": "680.680.4451.18372",
            "kode_sbl": "680.680.4451.18372.60602",
            "kunci_bl": 1,
            "kunci_bl_rinci": 1,
            "user_created": "Suryadi, S.STP, M.Si",
            "created_date": "03-02-2025",
            "created_time": "10:40",
            "user_updated": "Suryadi, S.STP, M.Si",
            "updated_date": "24-03-2025",
            "updated_time": "14:51",
            "is_locked": 0
        },
        {
            "id_sub_bl": 63636,
            "id_daerah": 473,
            "tahun": 2026,
            "id_unit": 680,
            "id_skpd": 680,
            "created_user": 22438,
            "kode_skpd": "8.01.0.00.0.00.01.0000",
            "nama_skpd": "Badan Kesatuan Bangsa dan Politik",
            "id_urusan": 18,
            "kode_urusan": "8",
            "nama_urusan": "UNSUR PEMERINTAHAN UMUM",
            "id_bidang_urusan": 247,
            "kode_bidang_urusan": "8.01",
            "nama_bidang_urusan": "KESATUAN BANGSA DAN POLITIK",
            "id_sub_skpd": 680,
            "kode_sub_skpd": "8.01.0.00.0.00.01.0000",
            "nama_sub_skpd": "Badan Kesatuan Bangsa dan Politik",
            "set_pagu_user": 22438,
            "set_pagu_at": "Tue, 24 Jun 2025 10:40:48 GMT",
            "id_program": 4451,
            "kode_program": "8.01.01",
            "nama_program": "PROGRAM PENUNJANG URUSAN PEMERINTAHAN DAERAH KABUPATEN/KOTA",
            "id_giat": 18372,
            "kode_giat": "8.01.01.2.02",
            "nama_giat": "Administrasi Keuangan Perangkat Daerah",
            "pagu_giat": 2146000000.0,
            "rinci_giat": null,
            "id_sub_giat": 60604,
            "kode_sub_giat": "8.01.01.2.02.0003",
            "nama_sub_giat": "Pelaksanaan Penatausahaan dan\r\n\nPengujian/Verifikasi Keuangan SKPD",
            "pagu": 60000000.0,
            "pagu_indikatif": 60000000.0,
            "rincian": null,
            "kode_bl": "680.680.4451.18372",
            "kode_sbl": "680.680.4451.18372.60604",
            "kunci_bl": 1,
            "kunci_bl_rinci": 1,
            "user_created": "Suryadi, S.STP, M.Si",
            "created_date": "03-02-2025",
            "created_time": "10:46",
            "user_updated": "Suryadi, S.STP, M.Si",
            "updated_date": "24-03-2025",
            "updated_time": "11:03",
            "is_locked": 0
        },
        {
            "id_sub_bl": 63639,
            "id_daerah": 473,
            "tahun": 2026,
            "id_unit": 680,
            "id_skpd": 680,
            "created_user": 22438,
            "kode_skpd": "8.01.0.00.0.00.01.0000",
            "nama_skpd": "Badan Kesatuan Bangsa dan Politik",
            "id_urusan": 18,
            "kode_urusan": "8",
            "nama_urusan": "UNSUR PEMERINTAHAN UMUM",
            "id_bidang_urusan": 247,
            "kode_bidang_urusan": "8.01",
            "nama_bidang_urusan": "KESATUAN BANGSA DAN POLITIK",
            "id_sub_skpd": 680,
            "kode_sub_skpd": "8.01.0.00.0.00.01.0000",
            "nama_sub_skpd": "Badan Kesatuan Bangsa dan Politik",
            "set_pagu_user": 22438,
            "set_pagu_at": "Tue, 24 Jun 2025 10:40:48 GMT",
            "id_program": 4451,
            "kode_program": "8.01.01",
            "nama_program": "PROGRAM PENUNJANG URUSAN PEMERINTAHAN DAERAH KABUPATEN/KOTA",
            "id_giat": 18372,
            "kode_giat": "8.01.01.2.02",
            "nama_giat": "Administrasi Keuangan Perangkat Daerah",
            "pagu_giat": 2146000000.0,
            "rinci_giat": null,
            "id_sub_giat": 60606,
            "kode_sub_giat": "8.01.01.2.02.0005",
            "nama_sub_giat": "Koordinasi dan Penyusunan Laporan Keuangan Akhir Tahun SKPD",
            "pagu": 2500000.0,
            "pagu_indikatif": 2500000.0,
            "rincian": null,
            "kode_bl": "680.680.4451.18372",
            "kode_sbl": "680.680.4451.18372.60606",
            "kunci_bl": 1,
            "kunci_bl_rinci": 1,
            "user_created": "Suryadi, S.STP, M.Si",
            "created_date": "03-02-2025",
            "created_time": "10:48",
            "user_updated": null,
            "updated_date": null,
            "updated_time": null,
            "is_locked": 0
        },
        {
            "id_sub_bl": 63643,
            "id_daerah": 473,
            "tahun": 2026,
            "id_unit": 680,
            "id_skpd": 680,
            "created_user": 22438,
            "kode_skpd": "8.01.0.00.0.00.01.0000",
            "nama_skpd": "Badan Kesatuan Bangsa dan Politik",
            "id_urusan": 18,
            "kode_urusan": "8",
            "nama_urusan": "UNSUR PEMERINTAHAN UMUM",
            "id_bidang_urusan": 247,
            "kode_bidang_urusan": "8.01",
            "nama_bidang_urusan": "KESATUAN BANGSA DAN POLITIK",
            "id_sub_skpd": 680,
            "kode_sub_skpd": "8.01.0.00.0.00.01.0000",
            "nama_sub_skpd": "Badan Kesatuan Bangsa dan Politik",
            "set_pagu_user": 22438,
            "set_pagu_at": "Tue, 24 Jun 2025 10:40:48 GMT",
            "id_program": 4451,
            "kode_program": "8.01.01",
            "nama_program": "PROGRAM PENUNJANG URUSAN PEMERINTAHAN DAERAH KABUPATEN/KOTA",
            "id_giat": 18372,
            "kode_giat": "8.01.01.2.02",
            "nama_giat": "Administrasi Keuangan Perangkat Daerah",
            "pagu_giat": 2146000000.0,
            "rinci_giat": null,
            "id_sub_giat": 60608,
            "kode_sub_giat": "8.01.01.2.02.0007",
            "nama_sub_giat": "Koordinasi dan Penyusunan Laporan Keuangan Bulanan/ Triwulanan/ Semesteran SKPD",
            "pagu": 2500000.0,
            "pagu_indikatif": 2500000.0,
            "rincian": null,
            "kode_bl": "680.680.4451.18372",
            "kode_sbl": "680.680.4451.18372.60608",
            "kunci_bl": 1,
            "kunci_bl_rinci": 1,
            "user_created": "Suryadi, S.STP, M.Si",
            "created_date": "03-02-2025",
            "created_time": "10:50",
            "user_updated": null,
            "updated_date": null,
            "updated_time": null,
            "is_locked": 0
        },
        {
            "id_sub_bl": 63648,
            "id_daerah": 473,
            "tahun": 2026,
            "id_unit": 680,
            "id_skpd": 680,
            "created_user": 22438,
            "kode_skpd": "8.01.0.00.0.00.01.0000",
            "nama_skpd": "Badan Kesatuan Bangsa dan Politik",
            "id_urusan": 18,
            "kode_urusan": "8",
            "nama_urusan": "UNSUR PEMERINTAHAN UMUM",
            "id_bidang_urusan": 247,
            "kode_bidang_urusan": "8.01",
            "nama_bidang_urusan": "KESATUAN BANGSA DAN POLITIK",
            "id_sub_skpd": 680,
            "kode_sub_skpd": "8.01.0.00.0.00.01.0000",
            "nama_sub_skpd": "Badan Kesatuan Bangsa dan Politik",
            "set_pagu_user": 22438,
            "set_pagu_at": "Tue, 24 Jun 2025 10:40:48 GMT",
            "id_program": 4451,
            "kode_program": "8.01.01",
            "nama_program": "PROGRAM PENUNJANG URUSAN PEMERINTAHAN DAERAH KABUPATEN/KOTA",
            "id_giat": 18373,
            "kode_giat": "8.01.01.2.03",
            "nama_giat": "Administrasi Barang Milik Daerah pada Perangkat Daerah",
            "pagu_giat": 24500000.0,
            "rinci_giat": null,
            "id_sub_giat": 60610,
            "kode_sub_giat": "8.01.01.2.03.0001",
            "nama_sub_giat": "Penyusunan Perencanaan Kebutuhan Barang Milik Daerah SKPD",
            "pagu": 4500000.0,
            "pagu_indikatif": 4500000.0,
            "rincian": null,
            "kode_bl": "680.680.4451.18373",
            "kode_sbl": "680.680.4451.18373.60610",
            "kunci_bl": 1,
            "kunci_bl_rinci": 1,
            "user_created": "Suryadi, S.STP, M.Si",
            "created_date": "03-02-2025",
            "created_time": "10:52",
            "user_updated": "Suryadi, S.STP, M.Si",
            "updated_date": "24-03-2025",
            "updated_time": "10:44",
            "is_locked": 0
        },
        {
            "id_sub_bl": 63652,
            "id_daerah": 473,
            "tahun": 2026,
            "id_unit": 680,
            "id_skpd": 680,
            "created_user": 22438,
            "kode_skpd": "8.01.0.00.0.00.01.0000",
            "nama_skpd": "Badan Kesatuan Bangsa dan Politik",
            "id_urusan": 18,
            "kode_urusan": "8",
            "nama_urusan": "UNSUR PEMERINTAHAN UMUM",
            "id_bidang_urusan": 247,
            "kode_bidang_urusan": "8.01",
            "nama_bidang_urusan": "KESATUAN BANGSA DAN POLITIK",
            "id_sub_skpd": 680,
            "kode_sub_skpd": "8.01.0.00.0.00.01.0000",
            "nama_sub_skpd": "Badan Kesatuan Bangsa dan Politik",
            "set_pagu_user": 22438,
            "set_pagu_at": "Tue, 24 Jun 2025 10:40:48 GMT",
            "id_program": 4451,
            "kode_program": "8.01.01",
            "nama_program": "PROGRAM PENUNJANG URUSAN PEMERINTAHAN DAERAH KABUPATEN/KOTA",
            "id_giat": 18373,
            "kode_giat": "8.01.01.2.03",
            "nama_giat": "Administrasi Barang Milik Daerah pada Perangkat Daerah",
            "pagu_giat": 24500000.0,
            "rinci_giat": null,
            "id_sub_giat": 60615,
            "kode_sub_giat": "8.01.01.2.03.0006",
            "nama_sub_giat": "Penatausahaan Barang Milik Daerah pada SKPD",
            "pagu": 20000000.0,
            "pagu_indikatif": 20000000.0,
            "rincian": null,
            "kode_bl": "680.680.4451.18373",
            "kode_sbl": "680.680.4451.18373.60615",
            "kunci_bl": 1,
            "kunci_bl_rinci": 1,
            "user_created": "Suryadi, S.STP, M.Si",
            "created_date": "03-02-2025",
            "created_time": "10:54",
            "user_updated": null,
            "updated_date": null,
            "updated_time": null,
            "is_locked": 0
        },
        {
            "id_sub_bl": 73205,
            "id_daerah": 473,
            "tahun": 2026,
            "id_unit": 680,
            "id_skpd": 680,
            "created_user": 22438,
            "kode_skpd": "8.01.0.00.0.00.01.0000",
            "nama_skpd": "Badan Kesatuan Bangsa dan Politik",
            "id_urusan": 18,
            "kode_urusan": "8",
            "nama_urusan": "UNSUR PEMERINTAHAN UMUM",
            "id_bidang_urusan": 247,
            "kode_bidang_urusan": "8.01",
            "nama_bidang_urusan": "KESATUAN BANGSA DAN POLITIK",
            "id_sub_skpd": 680,
            "kode_sub_skpd": "8.01.0.00.0.00.01.0000",
            "nama_sub_skpd": "Badan Kesatuan Bangsa dan Politik",
            "set_pagu_user": 22438,
            "set_pagu_at": "Tue, 24 Jun 2025 10:40:48 GMT",
            "id_program": 4451,
            "kode_program": "8.01.01",
            "nama_program": "PROGRAM PENUNJANG URUSAN PEMERINTAHAN DAERAH KABUPATEN/KOTA",
            "id_giat": 18375,
            "kode_giat": "8.01.01.2.05",
            "nama_giat": "Administrasi Kepegawaian Perangkat Daerah",
            "pagu_giat": 25000000.0,
            "rinci_giat": null,
            "id_sub_giat": 60632,
            "kode_sub_giat": "8.01.01.2.05.0009",
            "nama_sub_giat": "Pendidikan dan Pelatihan Pegawai Berdasarkan Tugas dan Fungsi",
            "pagu": 25000000.0,
            "pagu_indikatif": 25000000.0,
            "rincian": null,
            "kode_bl": "680.680.4451.18375",
            "kode_sbl": "680.680.4451.18375.60632",
            "kunci_bl": 1,
            "kunci_bl_rinci": 1,
            "user_created": "Suryadi, S.STP, M.Si",
            "created_date": "24-03-2025",
            "created_time": "13:04",
            "user_updated": null,
            "updated_date": null,
            "updated_time": null,
            "is_locked": 0
        },
        {
            "id_sub_bl": 63658,
            "id_daerah": 473,
            "tahun": 2026,
            "id_unit": 680,
            "id_skpd": 680,
            "created_user": 22438,
            "kode_skpd": "8.01.0.00.0.00.01.0000",
            "nama_skpd": "Badan Kesatuan Bangsa dan Politik",
            "id_urusan": 18,
            "kode_urusan": "8",
            "nama_urusan": "UNSUR PEMERINTAHAN UMUM",
            "id_bidang_urusan": 247,
            "kode_bidang_urusan": "8.01",
            "nama_bidang_urusan": "KESATUAN BANGSA DAN POLITIK",
            "id_sub_skpd": 680,
            "kode_sub_skpd": "8.01.0.00.0.00.01.0000",
            "nama_sub_skpd": "Badan Kesatuan Bangsa dan Politik",
            "set_pagu_user": 22438,
            "set_pagu_at": "Tue, 24 Jun 2025 10:40:48 GMT",
            "id_program": 4451,
            "kode_program": "8.01.01",
            "nama_program": "PROGRAM PENUNJANG URUSAN PEMERINTAHAN DAERAH KABUPATEN/KOTA",
            "id_giat": 18376,
            "kode_giat": "8.01.01.2.06",
            "nama_giat": "Administrasi Umum Perangkat Daerah",
            "pagu_giat": 215500000.0,
            "rinci_giat": null,
            "id_sub_giat": 60635,
            "kode_sub_giat": "8.01.01.2.06.0001",
            "nama_sub_giat": "Penyediaan Komponen Instalasi\r\n\nListrik/Penerangan Bangunan Kantor",
            "pagu": 5000000.0,
            "pagu_indikatif": 5000000.0,
            "rincian": null,
            "kode_bl": "680.680.4451.18376",
            "kode_sbl": "680.680.4451.18376.60635",
            "kunci_bl": 1,
            "kunci_bl_rinci": 1,
            "user_created": "Suryadi, S.STP, M.Si",
            "created_date": "03-02-2025",
            "created_time": "10:56",
            "user_updated": "Suryadi, S.STP, M.Si",
            "updated_date": "24-03-2025",
            "updated_time": "10:19",
            "is_locked": 0
        },
        {
            "id_sub_bl": 63663,
            "id_daerah": 473,
            "tahun": 2026,
            "id_unit": 680,
            "id_skpd": 680,
            "created_user": 22438,
            "kode_skpd": "8.01.0.00.0.00.01.0000",
            "nama_skpd": "Badan Kesatuan Bangsa dan Politik",
            "id_urusan": 18,
            "kode_urusan": "8",
            "nama_urusan": "UNSUR PEMERINTAHAN UMUM",
            "id_bidang_urusan": 247,
            "kode_bidang_urusan": "8.01",
            "nama_bidang_urusan": "KESATUAN BANGSA DAN POLITIK",
            "id_sub_skpd": 680,
            "kode_sub_skpd": "8.01.0.00.0.00.01.0000",
            "nama_sub_skpd": "Badan Kesatuan Bangsa dan Politik",
            "set_pagu_user": 22438,
            "set_pagu_at": "Tue, 24 Jun 2025 10:40:48 GMT",
            "id_program": 4451,
            "kode_program": "8.01.01",
            "nama_program": "PROGRAM PENUNJANG URUSAN PEMERINTAHAN DAERAH KABUPATEN/KOTA",
            "id_giat": 18376,
            "kode_giat": "8.01.01.2.06",
            "nama_giat": "Administrasi Umum Perangkat Daerah",
            "pagu_giat": 215500000.0,
            "rinci_giat": null,
            "id_sub_giat": 60636,
            "kode_sub_giat": "8.01.01.2.06.0002",
            "nama_sub_giat": "Penyediaan Peralatan dan Perlengkapan Kantor",
            "pagu": 48500000.0,
            "pagu_indikatif": 48500000.0,
            "rincian": null,
            "kode_bl": "680.680.4451.18376",
            "kode_sbl": "680.680.4451.18376.60636",
            "kunci_bl": 1,
            "kunci_bl_rinci": 1,
            "user_created": "Suryadi, S.STP, M.Si",
            "created_date": "03-02-2025",
            "created_time": "10:58",
            "user_updated": "Suryadi, S.STP, M.Si",
            "updated_date": "24-03-2025",
            "updated_time": "10:21",
            "is_locked": 0
        },
        {
            "id_sub_bl": 63666,
            "id_daerah": 473,
            "tahun": 2026,
            "id_unit": 680,
            "id_skpd": 680,
            "created_user": 22438,
            "kode_skpd": "8.01.0.00.0.00.01.0000",
            "nama_skpd": "Badan Kesatuan Bangsa dan Politik",
            "id_urusan": 18,
            "kode_urusan": "8",
            "nama_urusan": "UNSUR PEMERINTAHAN UMUM",
            "id_bidang_urusan": 247,
            "kode_bidang_urusan": "8.01",
            "nama_bidang_urusan": "KESATUAN BANGSA DAN POLITIK",
            "id_sub_skpd": 680,
            "kode_sub_skpd": "8.01.0.00.0.00.01.0000",
            "nama_sub_skpd": "Badan Kesatuan Bangsa dan Politik",
            "set_pagu_user": 22438,
            "set_pagu_at": "Tue, 24 Jun 2025 10:40:48 GMT",
            "id_program": 4451,
            "kode_program": "8.01.01",
            "nama_program": "PROGRAM PENUNJANG URUSAN PEMERINTAHAN DAERAH KABUPATEN/KOTA",
            "id_giat": 18376,
            "kode_giat": "8.01.01.2.06",
            "nama_giat": "Administrasi Umum Perangkat Daerah",
            "pagu_giat": 215500000.0,
            "rinci_giat": null,
            "id_sub_giat": 60637,
            "kode_sub_giat": "8.01.01.2.06.0003",
            "nama_sub_giat": "Penyediaan Peralatan Rumah Tangga",
            "pagu": 5200000.0,
            "pagu_indikatif": 5200000.0,
            "rincian": null,
            "kode_bl": "680.680.4451.18376",
            "kode_sbl": "680.680.4451.18376.60637",
            "kunci_bl": 1,
            "kunci_bl_rinci": 1,
            "user_created": "Suryadi, S.STP, M.Si",
            "created_date": "03-02-2025",
            "created_time": "11:00",
            "user_updated": "Suryadi, S.STP, M.Si",
            "updated_date": "24-03-2025",
            "updated_time": "10:22",
            "is_locked": 0
        },
        {
            "id_sub_bl": 63669,
            "id_daerah": 473,
            "tahun": 2026,
            "id_unit": 680,
            "id_skpd": 680,
            "created_user": 22438,
            "kode_skpd": "8.01.0.00.0.00.01.0000",
            "nama_skpd": "Badan Kesatuan Bangsa dan Politik",
            "id_urusan": 18,
            "kode_urusan": "8",
            "nama_urusan": "UNSUR PEMERINTAHAN UMUM",
            "id_bidang_urusan": 247,
            "kode_bidang_urusan": "8.01",
            "nama_bidang_urusan": "KESATUAN BANGSA DAN POLITIK",
            "id_sub_skpd": 680,
            "kode_sub_skpd": "8.01.0.00.0.00.01.0000",
            "nama_sub_skpd": "Badan Kesatuan Bangsa dan Politik",
            "set_pagu_user": 22438,
            "set_pagu_at": "Tue, 24 Jun 2025 10:40:48 GMT",
            "id_program": 4451,
            "kode_program": "8.01.01",
            "nama_program": "PROGRAM PENUNJANG URUSAN PEMERINTAHAN DAERAH KABUPATEN/KOTA",
            "id_giat": 18376,
            "kode_giat": "8.01.01.2.06",
            "nama_giat": "Administrasi Umum Perangkat Daerah",
            "pagu_giat": 215500000.0,
            "rinci_giat": null,
            "id_sub_giat": 60638,
            "kode_sub_giat": "8.01.01.2.06.0004",
            "nama_sub_giat": "Penyediaan Bahan Logistik Kantor",
            "pagu": 43800000.0,
            "pagu_indikatif": 43800000.0,
            "rincian": null,
            "kode_bl": "680.680.4451.18376",
            "kode_sbl": "680.680.4451.18376.60638",
            "kunci_bl": 1,
            "kunci_bl_rinci": 1,
            "user_created": "Suryadi, S.STP, M.Si",
            "created_date": "03-02-2025",
            "created_time": "11:01",
            "user_updated": "Suryadi, S.STP, M.Si",
            "updated_date": "24-03-2025",
            "updated_time": "10:24",
            "is_locked": 0
        },
        {
            "id_sub_bl": 63675,
            "id_daerah": 473,
            "tahun": 2026,
            "id_unit": 680,
            "id_skpd": 680,
            "created_user": 22438,
            "kode_skpd": "8.01.0.00.0.00.01.0000",
            "nama_skpd": "Badan Kesatuan Bangsa dan Politik",
            "id_urusan": 18,
            "kode_urusan": "8",
            "nama_urusan": "UNSUR PEMERINTAHAN UMUM",
            "id_bidang_urusan": 247,
            "kode_bidang_urusan": "8.01",
            "nama_bidang_urusan": "KESATUAN BANGSA DAN POLITIK",
            "id_sub_skpd": 680,
            "kode_sub_skpd": "8.01.0.00.0.00.01.0000",
            "nama_sub_skpd": "Badan Kesatuan Bangsa dan Politik",
            "set_pagu_user": 22438,
            "set_pagu_at": "Tue, 24 Jun 2025 10:40:48 GMT",
            "id_program": 4451,
            "kode_program": "8.01.01",
            "nama_program": "PROGRAM PENUNJANG URUSAN PEMERINTAHAN DAERAH KABUPATEN/KOTA",
            "id_giat": 18376,
            "kode_giat": "8.01.01.2.06",
            "nama_giat": "Administrasi Umum Perangkat Daerah",
            "pagu_giat": 215500000.0,
            "rinci_giat": null,
            "id_sub_giat": 60639,
            "kode_sub_giat": "8.01.01.2.06.0005",
            "nama_sub_giat": "Penyediaan Barang Cetakan dan Penggandaan",
            "pagu": 15000000.0,
            "pagu_indikatif": 15000000.0,
            "rincian": null,
            "kode_bl": "680.680.4451.18376",
            "kode_sbl": "680.680.4451.18376.60639",
            "kunci_bl": 1,
            "kunci_bl_rinci": 1,
            "user_created": "Suryadi, S.STP, M.Si",
            "created_date": "03-02-2025",
            "created_time": "11:05",
            "user_updated": "Suryadi, S.STP, M.Si",
            "updated_date": "24-03-2025",
            "updated_time": "10:26",
            "is_locked": 0
        },
        {
            "id_sub_bl": 63678,
            "id_daerah": 473,
            "tahun": 2026,
            "id_unit": 680,
            "id_skpd": 680,
            "created_user": 22438,
            "kode_skpd": "8.01.0.00.0.00.01.0000",
            "nama_skpd": "Badan Kesatuan Bangsa dan Politik",
            "id_urusan": 18,
            "kode_urusan": "8",
            "nama_urusan": "UNSUR PEMERINTAHAN UMUM",
            "id_bidang_urusan": 247,
            "kode_bidang_urusan": "8.01",
            "nama_bidang_urusan": "KESATUAN BANGSA DAN POLITIK",
            "id_sub_skpd": 680,
            "kode_sub_skpd": "8.01.0.00.0.00.01.0000",
            "nama_sub_skpd": "Badan Kesatuan Bangsa dan Politik",
            "set_pagu_user": 22438,
            "set_pagu_at": "Tue, 24 Jun 2025 10:40:48 GMT",
            "id_program": 4451,
            "kode_program": "8.01.01",
            "nama_program": "PROGRAM PENUNJANG URUSAN PEMERINTAHAN DAERAH KABUPATEN/KOTA",
            "id_giat": 18376,
            "kode_giat": "8.01.01.2.06",
            "nama_giat": "Administrasi Umum Perangkat Daerah",
            "pagu_giat": 215500000.0,
            "rinci_giat": null,
            "id_sub_giat": 60640,
            "kode_sub_giat": "8.01.01.2.06.0006",
            "nama_sub_giat": "Penyediaan Bahan Bacaan dan Peraturan Perundang-undangan",
            "pagu": 8000000.0,
            "pagu_indikatif": 8000000.0,
            "rincian": null,
            "kode_bl": "680.680.4451.18376",
            "kode_sbl": "680.680.4451.18376.60640",
            "kunci_bl": 1,
            "kunci_bl_rinci": 1,
            "user_created": "Suryadi, S.STP, M.Si",
            "created_date": "03-02-2025",
            "created_time": "11:07",
            "user_updated": null,
            "updated_date": null,
            "updated_time": null,
            "is_locked": 0
        },
        {
            "id_sub_bl": 63684,
            "id_daerah": 473,
            "tahun": 2026,
            "id_unit": 680,
            "id_skpd": 680,
            "created_user": 22438,
            "kode_skpd": "8.01.0.00.0.00.01.0000",
            "nama_skpd": "Badan Kesatuan Bangsa dan Politik",
            "id_urusan": 18,
            "kode_urusan": "8",
            "nama_urusan": "UNSUR PEMERINTAHAN UMUM",
            "id_bidang_urusan": 247,
            "kode_bidang_urusan": "8.01",
            "nama_bidang_urusan": "KESATUAN BANGSA DAN POLITIK",
            "id_sub_skpd": 680,
            "kode_sub_skpd": "8.01.0.00.0.00.01.0000",
            "nama_sub_skpd": "Badan Kesatuan Bangsa dan Politik",
            "set_pagu_user": 22438,
            "set_pagu_at": "Tue, 24 Jun 2025 10:40:48 GMT",
            "id_program": 4451,
            "kode_program": "8.01.01",
            "nama_program": "PROGRAM PENUNJANG URUSAN PEMERINTAHAN DAERAH KABUPATEN/KOTA",
            "id_giat": 18376,
            "kode_giat": "8.01.01.2.06",
            "nama_giat": "Administrasi Umum Perangkat Daerah",
            "pagu_giat": 215500000.0,
            "rinci_giat": null,
            "id_sub_giat": 60643,
            "kode_sub_giat": "8.01.01.2.06.0009",
            "nama_sub_giat": "Penyelenggaraan Rapat Koordinasi dan Konsultasi SKPD",
            "pagu": 90000000.0,
            "pagu_indikatif": 90000000.0,
            "rincian": null,
            "kode_bl": "680.680.4451.18376",
            "kode_sbl": "680.680.4451.18376.60643",
            "kunci_bl": 1,
            "kunci_bl_rinci": 1,
            "user_created": "Suryadi, S.STP, M.Si",
            "created_date": "03-02-2025",
            "created_time": "11:10",
            "user_updated": "Suryadi, S.STP, M.Si",
            "updated_date": "24-03-2025",
            "updated_time": "13:01",
            "is_locked": 0
        },
        {
            "id_sub_bl": 63687,
            "id_daerah": 473,
            "tahun": 2026,
            "id_unit": 680,
            "id_skpd": 680,
            "created_user": 22438,
            "kode_skpd": "8.01.0.00.0.00.01.0000",
            "nama_skpd": "Badan Kesatuan Bangsa dan Politik",
            "id_urusan": 18,
            "kode_urusan": "8",
            "nama_urusan": "UNSUR PEMERINTAHAN UMUM",
            "id_bidang_urusan": 247,
            "kode_bidang_urusan": "8.01",
            "nama_bidang_urusan": "KESATUAN BANGSA DAN POLITIK",
            "id_sub_skpd": 680,
            "kode_sub_skpd": "8.01.0.00.0.00.01.0000",
            "nama_sub_skpd": "Badan Kesatuan Bangsa dan Politik",
            "set_pagu_user": 22438,
            "set_pagu_at": "Tue, 24 Jun 2025 10:40:48 GMT",
            "id_program": 4451,
            "kode_program": "8.01.01",
            "nama_program": "PROGRAM PENUNJANG URUSAN PEMERINTAHAN DAERAH KABUPATEN/KOTA",
            "id_giat": 18377,
            "kode_giat": "8.01.01.2.07",
            "nama_giat": "Pengadaan Barang Milik Daerah Penunjang Urusan Pemerintah Daerah",
            "pagu_giat": 80000000.0,
            "rinci_giat": null,
            "id_sub_giat": 60647,
            "kode_sub_giat": "8.01.01.2.07.0002",
            "nama_sub_giat": "Pengadaan Kendaraan Dinas Operasional atau Lapangan",
            "pagu": 70000000.0,
            "pagu_indikatif": 70000000.0,
            "rincian": null,
            "kode_bl": "680.680.4451.18377",
            "kode_sbl": "680.680.4451.18377.60647",
            "kunci_bl": 1,
            "kunci_bl_rinci": 1,
            "user_created": "Suryadi, S.STP, M.Si",
            "created_date": "03-02-2025",
            "created_time": "11:11",
            "user_updated": "Suryadi, S.STP, M.Si",
            "updated_date": "24-03-2025",
            "updated_time": "10:35",
            "is_locked": 0
        },
        {
            "id_sub_bl": 63689,
            "id_daerah": 473,
            "tahun": 2026,
            "id_unit": 680,
            "id_skpd": 680,
            "created_user": 22438,
            "kode_skpd": "8.01.0.00.0.00.01.0000",
            "nama_skpd": "Badan Kesatuan Bangsa dan Politik",
            "id_urusan": 18,
            "kode_urusan": "8",
            "nama_urusan": "UNSUR PEMERINTAHAN UMUM",
            "id_bidang_urusan": 247,
            "kode_bidang_urusan": "8.01",
            "nama_bidang_urusan": "KESATUAN BANGSA DAN POLITIK",
            "id_sub_skpd": 680,
            "kode_sub_skpd": "8.01.0.00.0.00.01.0000",
            "nama_sub_skpd": "Badan Kesatuan Bangsa dan Politik",
            "set_pagu_user": 22438,
            "set_pagu_at": "Tue, 24 Jun 2025 10:40:48 GMT",
            "id_program": 4451,
            "kode_program": "8.01.01",
            "nama_program": "PROGRAM PENUNJANG URUSAN PEMERINTAHAN DAERAH KABUPATEN/KOTA",
            "id_giat": 18377,
            "kode_giat": "8.01.01.2.07",
            "nama_giat": "Pengadaan Barang Milik Daerah Penunjang Urusan Pemerintah Daerah",
            "pagu_giat": 80000000.0,
            "rinci_giat": null,
            "id_sub_giat": 60650,
            "kode_sub_giat": "8.01.01.2.07.0005",
            "nama_sub_giat": "Pengadaan Mebel",
            "pagu": 10000000.0,
            "pagu_indikatif": 10000000.0,
            "rincian": null,
            "kode_bl": "680.680.4451.18377",
            "kode_sbl": "680.680.4451.18377.60650",
            "kunci_bl": 1,
            "kunci_bl_rinci": 1,
            "user_created": "Suryadi, S.STP, M.Si",
            "created_date": "03-02-2025",
            "created_time": "11:13",
            "user_updated": null,
            "updated_date": null,
            "updated_time": null,
            "is_locked": 0
        },
        {
            "id_sub_bl": 63699,
            "id_daerah": 473,
            "tahun": 2026,
            "id_unit": 680,
            "id_skpd": 680,
            "created_user": 22438,
            "kode_skpd": "8.01.0.00.0.00.01.0000",
            "nama_skpd": "Badan Kesatuan Bangsa dan Politik",
            "id_urusan": 18,
            "kode_urusan": "8",
            "nama_urusan": "UNSUR PEMERINTAHAN UMUM",
            "id_bidang_urusan": 247,
            "kode_bidang_urusan": "8.01",
            "nama_bidang_urusan": "KESATUAN BANGSA DAN POLITIK",
            "id_sub_skpd": 680,
            "kode_sub_skpd": "8.01.0.00.0.00.01.0000",
            "nama_sub_skpd": "Badan Kesatuan Bangsa dan Politik",
            "set_pagu_user": 22438,
            "set_pagu_at": "Tue, 24 Jun 2025 10:40:48 GMT",
            "id_program": 4451,
            "kode_program": "8.01.01",
            "nama_program": "PROGRAM PENUNJANG URUSAN PEMERINTAHAN DAERAH KABUPATEN/KOTA",
            "id_giat": 18378,
            "kode_giat": "8.01.01.2.08",
            "nama_giat": "Penyediaan Jasa Penunjang Urusan Pemerintahan Daerah",
            "pagu_giat": 267985152.0,
            "rinci_giat": null,
            "id_sub_giat": 60658,
            "kode_sub_giat": "8.01.01.2.08.0002",
            "nama_sub_giat": "Penyediaan Jasa Komunikasi, Sumber Daya Air dan Listrik",
            "pagu": 17985152.0,
            "pagu_indikatif": 17985152.0,
            "rincian": null,
            "kode_bl": "680.680.4451.18378",
            "kode_sbl": "680.680.4451.18378.60658",
            "kunci_bl": 1,
            "kunci_bl_rinci": 1,
            "user_created": "Suryadi, S.STP, M.Si",
            "created_date": "03-02-2025",
            "created_time": "11:18",
            "user_updated": "Suryadi, S.STP, M.Si",
            "updated_date": "24-03-2025",
            "updated_time": "10:16",
            "is_locked": 0
        },
        {
            "id_sub_bl": 63702,
            "id_daerah": 473,
            "tahun": 2026,
            "id_unit": 680,
            "id_skpd": 680,
            "created_user": 22438,
            "kode_skpd": "8.01.0.00.0.00.01.0000",
            "nama_skpd": "Badan Kesatuan Bangsa dan Politik",
            "id_urusan": 18,
            "kode_urusan": "8",
            "nama_urusan": "UNSUR PEMERINTAHAN UMUM",
            "id_bidang_urusan": 247,
            "kode_bidang_urusan": "8.01",
            "nama_bidang_urusan": "KESATUAN BANGSA DAN POLITIK",
            "id_sub_skpd": 680,
            "kode_sub_skpd": "8.01.0.00.0.00.01.0000",
            "nama_sub_skpd": "Badan Kesatuan Bangsa dan Politik",
            "set_pagu_user": 22438,
            "set_pagu_at": "Tue, 24 Jun 2025 10:40:48 GMT",
            "id_program": 4451,
            "kode_program": "8.01.01",
            "nama_program": "PROGRAM PENUNJANG URUSAN PEMERINTAHAN DAERAH KABUPATEN/KOTA",
            "id_giat": 18378,
            "kode_giat": "8.01.01.2.08",
            "nama_giat": "Penyediaan Jasa Penunjang Urusan Pemerintahan Daerah",
            "pagu_giat": 267985152.0,
            "rinci_giat": null,
            "id_sub_giat": 60660,
            "kode_sub_giat": "8.01.01.2.08.0004",
            "nama_sub_giat": "Penyediaan Jasa Pelayanan Umum Kantor",
            "pagu": 250000000.0,
            "pagu_indikatif": 250000000.0,
            "rincian": null,
            "kode_bl": "680.680.4451.18378",
            "kode_sbl": "680.680.4451.18378.60660",
            "kunci_bl": 1,
            "kunci_bl_rinci": 1,
            "user_created": "Suryadi, S.STP, M.Si",
            "created_date": "03-02-2025",
            "created_time": "11:20",
            "user_updated": "Suryadi, S.STP, M.Si",
            "updated_date": "24-03-2025",
            "updated_time": "10:41",
            "is_locked": 0
        },
        {
            "id_sub_bl": 63707,
            "id_daerah": 473,
            "tahun": 2026,
            "id_unit": 680,
            "id_skpd": 680,
            "created_user": 22438,
            "kode_skpd": "8.01.0.00.0.00.01.0000",
            "nama_skpd": "Badan Kesatuan Bangsa dan Politik",
            "id_urusan": 18,
            "kode_urusan": "8",
            "nama_urusan": "UNSUR PEMERINTAHAN UMUM",
            "id_bidang_urusan": 247,
            "kode_bidang_urusan": "8.01",
            "nama_bidang_urusan": "KESATUAN BANGSA DAN POLITIK",
            "id_sub_skpd": 680,
            "kode_sub_skpd": "8.01.0.00.0.00.01.0000",
            "nama_sub_skpd": "Badan Kesatuan Bangsa dan Politik",
            "set_pagu_user": 22438,
            "set_pagu_at": "Tue, 24 Jun 2025 10:40:48 GMT",
            "id_program": 4451,
            "kode_program": "8.01.01",
            "nama_program": "PROGRAM PENUNJANG URUSAN PEMERINTAHAN DAERAH KABUPATEN/KOTA",
            "id_giat": 18379,
            "kode_giat": "8.01.01.2.09",
            "nama_giat": "Pemeliharaan Barang Milik Daerah Penunjang Urusan Pemerintahan Daerah",
            "pagu_giat": 162800000.0,
            "rinci_giat": null,
            "id_sub_giat": 60662,
            "kode_sub_giat": "8.01.01.2.09.0002",
            "nama_sub_giat": "Penyediaan Jasa Pemeliharaan, Biaya Pemeliharaan, Pajak dan Perizinan Kendaraan Dinas Operasional atau Lapangan",
            "pagu": 82000000.0,
            "pagu_indikatif": 82000000.0,
            "rincian": null,
            "kode_bl": "680.680.4451.18379",
            "kode_sbl": "680.680.4451.18379.60662",
            "kunci_bl": 1,
            "kunci_bl_rinci": 1,
            "user_created": "Suryadi, S.STP, M.Si",
            "created_date": "03-02-2025",
            "created_time": "11:22",
            "user_updated": "Suryadi, S.STP, M.Si",
            "updated_date": "24-03-2025",
            "updated_time": "11:08",
            "is_locked": 0
        },
        {
            "id_sub_bl": 63712,
            "id_daerah": 473,
            "tahun": 2026,
            "id_unit": 680,
            "id_skpd": 680,
            "created_user": 22438,
            "kode_skpd": "8.01.0.00.0.00.01.0000",
            "nama_skpd": "Badan Kesatuan Bangsa dan Politik",
            "id_urusan": 18,
            "kode_urusan": "8",
            "nama_urusan": "UNSUR PEMERINTAHAN UMUM",
            "id_bidang_urusan": 247,
            "kode_bidang_urusan": "8.01",
            "nama_bidang_urusan": "KESATUAN BANGSA DAN POLITIK",
            "id_sub_skpd": 680,
            "kode_sub_skpd": "8.01.0.00.0.00.01.0000",
            "nama_sub_skpd": "Badan Kesatuan Bangsa dan Politik",
            "set_pagu_user": 22438,
            "set_pagu_at": "Tue, 24 Jun 2025 10:40:48 GMT",
            "id_program": 4451,
            "kode_program": "8.01.01",
            "nama_program": "PROGRAM PENUNJANG URUSAN PEMERINTAHAN DAERAH KABUPATEN/KOTA",
            "id_giat": 18379,
            "kode_giat": "8.01.01.2.09",
            "nama_giat": "Pemeliharaan Barang Milik Daerah Penunjang Urusan Pemerintahan Daerah",
            "pagu_giat": 162800000.0,
            "rinci_giat": null,
            "id_sub_giat": 60666,
            "kode_sub_giat": "8.01.01.2.09.0006",
            "nama_sub_giat": "Pemeliharaan Peralatan dan Mesin Lainnya",
            "pagu": 3300000.0,
            "pagu_indikatif": 3300000.0,
            "rincian": null,
            "kode_bl": "680.680.4451.18379",
            "kode_sbl": "680.680.4451.18379.60666",
            "kunci_bl": 1,
            "kunci_bl_rinci": 1,
            "user_created": "Suryadi, S.STP, M.Si",
            "created_date": "03-02-2025",
            "created_time": "11:24",
            "user_updated": null,
            "updated_date": null,
            "updated_time": null,
            "is_locked": 0
        },
        {
            "id_sub_bl": 63717,
            "id_daerah": 473,
            "tahun": 2026,
            "id_unit": 680,
            "id_skpd": 680,
            "created_user": 22438,
            "kode_skpd": "8.01.0.00.0.00.01.0000",
            "nama_skpd": "Badan Kesatuan Bangsa dan Politik",
            "id_urusan": 18,
            "kode_urusan": "8",
            "nama_urusan": "UNSUR PEMERINTAHAN UMUM",
            "id_bidang_urusan": 247,
            "kode_bidang_urusan": "8.01",
            "nama_bidang_urusan": "KESATUAN BANGSA DAN POLITIK",
            "id_sub_skpd": 680,
            "kode_sub_skpd": "8.01.0.00.0.00.01.0000",
            "nama_sub_skpd": "Badan Kesatuan Bangsa dan Politik",
            "set_pagu_user": 22438,
            "set_pagu_at": "Tue, 24 Jun 2025 10:40:48 GMT",
            "id_program": 4451,
            "kode_program": "8.01.01",
            "nama_program": "PROGRAM PENUNJANG URUSAN PEMERINTAHAN DAERAH KABUPATEN/KOTA",
            "id_giat": 18379,
            "kode_giat": "8.01.01.2.09",
            "nama_giat": "Pemeliharaan Barang Milik Daerah Penunjang Urusan Pemerintahan Daerah",
            "pagu_giat": 162800000.0,
            "rinci_giat": null,
            "id_sub_giat": 60669,
            "kode_sub_giat": "8.01.01.2.09.0009",
            "nama_sub_giat": "Pemeliharaan/Rehabilitasi Gedung Kantor dan Bangunan Lainnya",
            "pagu": 77500000.0,
            "pagu_indikatif": 77500000.0,
            "rincian": null,
            "kode_bl": "680.680.4451.18379",
            "kode_sbl": "680.680.4451.18379.60669",
            "kunci_bl": 1,
            "kunci_bl_rinci": 1,
            "user_created": "Suryadi, S.STP, M.Si",
            "created_date": "03-02-2025",
            "created_time": "11:26",
            "user_updated": "Suryadi, S.STP, M.Si",
            "updated_date": "24-03-2025",
            "updated_time": "12:46",
            "is_locked": 0
        }
    ]