[
    {
        "migrated_at": null,
        "id_sub_bl": 73257,
        "id_daerah": 473,
        "tahun": 2026,
        "id_unit": 964,
        "id_skpd": 701,
        "created_user": 2252,
        "kode_skpd": "1.02.0.00.0.00.01.0002",
        "nama_skpd": "UPTD RSUD ARGA MAKMUR",
        "id_urusan": 11,
        "kode_urusan": "1",
        "nama_urusan": "URUSAN PEMERINTAHAN WAJIB YANG BERKAITAN DENGAN PELAYANAN DASAR",
        "id_bidang_urusan": 202,
        "kode_bidang_urusan": "1.02",
        "nama_bidang_urusan": "URUSAN PEMERINTAHAN BIDANG KESEHATAN",
        "id_sub_skpd": 964,
        "kode_sub_skpd": "1.02.0.00.0.00.01.0002",
        "nama_sub_skpd": "UPTD RSUD ARGA MAKMUR",
        "id_program": 4451,
        "kode_program": "1.02.01",
        "nama_program": "PROGRAM PENUNJANG URUSAN PEMERINTAHAN DAERAH KABUPATEN/KOTA",
        "outcome": "[ Terselenggaranya Penunjang Urusan pemerintahan Daerah UPTD RSUD Arga Makmur ]",
        "indikator_outcome": "Persentase pemenuhan kebutuhan penunjang Perangkat Daerah (%)",
        "target_akhir": "100",
        "realisasi_capaian": "100",
        "prakiraan": "100",
        "target_maju_1": "100",
        "urai_output": "Tersedianya Dokumen Perencanaan, Penganggaran, dan Evaluasi Kinerja Perangkat Daerah pada RSUD Arga Makmur",
        "id_giat": 18371,
        "kode_giat": "1.02.01.2.01",
        "nama_giat": "Perencanaan, Penganggaran, dan Evaluasi Kinerja Perangkat Daerah",
        "id_sub_giat": 60589,
        "kode_sub_giat": "1.02.01.2.01.0001",
        "nama_sub_giat": "Penyusunan Dokumen Perencanaan Perangkat Daerah",
        "pagu": 12000000,
        "pagu_indikatif": 12000000,
        "pagu_n_depan": 12600000,
        "kode_bl": "701.964.4451.18371",
        "kode_sbl": "701.964.4451.18371.60589",
        "urusan_locked": 0,
        "bidang_urusan_locked": 0,
        "program_locked": 0,
        "giat_locked": 0,
        "sub_giat_locked": 0,
        "kunci_bl": 1,
        "kunci_bl_rinci": 1,
        "id_output_bl": 70917,
        "satuan_output": "Dokumen",
        "tolak_ukur_output": "Jumlah Dokumen Perencanaan Perangkat Daerah ",
        "target_teks_output": "2 Dokumen",
        "satuan_capaian": "%",
        "tolak_ukur_capaian": "Persentase Pemenuhan Kebutuhan Penunjang Perangkat Daerah",
        "target_teks_capaian": "100 %",
        "satuan_sub": "%",
        "tolok_ukur_sub": "Persentase Pemenuhan Dokumen Perencanaan, Penganggaran, dan Evaluasi Kinerja Perangkat Daerah",
        "target_sub_teks": "95 %",
        "tolak_ukur_n": "Jumlah Dokumen Perencanaan Perangkat Daerah ",
        "target_teks_n": "2 Dokumen",
        "kode_dana": "1.2.01.08",
        "nama_dana": "Dana Alokasi Umum (DAU)",
        "lokasi_bl": "Kab. Bengkulu Utara, Semua Kecamatan, Semua Kel/Desa",
        "id_label_pusat": 127,
        "label_pusat": "Memperkuat pembangunan sumber daya manusia (SDM), sains, teknologi, pendidikan, kesehatan, prestasi olahraga, kesetaraan gender, serta penguatan peran perempuan, pemuda (generasi milenial dan generasi Z), dan penyandang disabilitas.",
        "id_label_prov": 395,
        "label_prov": "1. Percepatan Pengentasan Kemiskinan dan Peningkatan Kualitas SDM yang Berdaya Saing\t",
        "id_label_kokab": 5207,
        "label_kokab": "2. Percepatan transformasi sosial kultural berbasis peningkatan kualitas sumber daya manusia",
        "kelompok_sasaran": "Masyarakat Bengkulu Utara",
        "target_akhir_program_renstra": null,
        "target_min_1_program_renstra": null,
        "target_n_program_renstra": null,
        "target_akhir_giat_renstra": null,
        "target_min_1_giat_renstra": null,
        "target_n_giat_renstra": null,
        "target_akhir_sub_giat_renstra": " ",
        "target_min_1_sub_giat_renstra": " ",
        "target_n_sub_giat_renstra": " ",
        "total_pagu_indikatif_sub_skpd": 48096940648,
        "total_pagu_n_depan_sub_skpd": 49531744758,
        "total_pagu_indikatif_urusan": 48096940648,
        "total_pagu_n_depan_urusan": 49531744758,
        "total_pagu_indikatif_bidang_urusan": 48096940648,
        "total_pagu_n_depan_bidang_urusan": 49531744758,
        "total_pagu_indikatif_program": 45877760000,
        "total_pagu_n_depan_program": 45205450000,
        "total_pagu_indikatif_kegiatan": 12000000,
        "total_pagu_n_depan_kegiatan": 12600000,
        "total_pagu_indikatif": 48096940648,
        "total_pagu_n_depan": 49531744758
    },
    {
        "migrated_at": null,
        "id_sub_bl": 76229,
        "id_daerah": 473,
        "tahun": 2026,
        "id_unit": 964,
        "id_skpd": 701,
        "created_user": 600952,
        "kode_skpd": "1.02.0.00.0.00.01.0002",
        "nama_skpd": "UPTD RSUD ARGA MAKMUR",
        "id_urusan": 11,
        "kode_urusan": "1",
        "nama_urusan": "URUSAN PEMERINTAHAN WAJIB YANG BERKAITAN DENGAN PELAYANAN DASAR",
        "id_bidang_urusan": 202,
        "kode_bidang_urusan": "1.02",
        "nama_bidang_urusan": "URUSAN PEMERINTAHAN BIDANG KESEHATAN",
        "id_sub_skpd": 964,
        "kode_sub_skpd": "1.02.0.00.0.00.01.0002",
        "nama_sub_skpd": "UPTD RSUD ARGA MAKMUR",
        "id_program": 4451,
        "kode_program": "1.02.01",
        "nama_program": "PROGRAM PENUNJANG URUSAN PEMERINTAHAN DAERAH KABUPATEN/KOTA",
        "outcome": "[ Terselenggaranya Penunjang Urusan pemerintahan Daerah UPTD RSUD Arga Makmur ]",
        "indikator_outcome": "Persentase pemenuhan kebutuhan penunjang Perangkat Daerah (%)",
        "target_akhir": "100",
        "realisasi_capaian": "100",
        "prakiraan": "100",
        "target_maju_1": "100",
        "urai_output": "Terlaksananya Administrasi Umum Perangkat Daerah",
        "id_giat": 18376,
        "kode_giat": "1.02.01.2.06",
        "nama_giat": "Administrasi Umum Perangkat Daerah",
        "id_sub_giat": 60637,
        "kode_sub_giat": "1.02.01.2.06.0003",
        "nama_sub_giat": "Penyediaan Peralatan Rumah Tangga",
        "pagu": 300000000,
        "pagu_indikatif": 300000000,
        "pagu_n_depan": 315000000,
        "kode_bl": "701.964.4451.18376",
        "kode_sbl": "701.964.4451.18376.60637",
        "urusan_locked": 0,
        "bidang_urusan_locked": 0,
        "program_locked": 0,
        "giat_locked": 0,
        "sub_giat_locked": 0,
        "kunci_bl": 1,
        "kunci_bl_rinci": 1,
        "id_output_bl": 73944,
        "satuan_output": "Paket",
        "tolak_ukur_output": "Jumlah Paket Peralatan Rumah Tangga yang Disediakan",
        "target_teks_output": "20 Paket",
        "satuan_capaian": null,
        "tolak_ukur_capaian": null,
        "target_teks_capaian": null,
        "satuan_sub": null,
        "tolok_ukur_sub": null,
        "target_sub_teks": null,
        "tolak_ukur_n": "Jumlah Paket Peralatan Rumah Tangga yang Disediakan",
        "target_teks_n": "20 Paket",
        "kode_dana": "1.2.01.08",
        "nama_dana": "Dana Alokasi Umum (DAU)",
        "lokasi_bl": "Kab. Bengkulu Utara, Semua Kecamatan, Semua Kel/Desa",
        "id_label_pusat": 0,
        "label_pusat": null,
        "id_label_prov": 395,
        "label_prov": "1. Percepatan Pengentasan Kemiskinan dan Peningkatan Kualitas SDM yang Berdaya Saing\t",
        "id_label_kokab": 5207,
        "label_kokab": "2. Percepatan transformasi sosial kultural berbasis peningkatan kualitas sumber daya manusia",
        "kelompok_sasaran": null,
        "target_akhir_program_renstra": null,
        "target_min_1_program_renstra": null,
        "target_n_program_renstra": null,
        "target_akhir_giat_renstra": null,
        "target_min_1_giat_renstra": null,
        "target_n_giat_renstra": null,
        "target_akhir_sub_giat_renstra": " ",
        "target_min_1_sub_giat_renstra": " ",
        "target_n_sub_giat_renstra": " ",
        "total_pagu_indikatif_sub_skpd": 48096940648,
        "total_pagu_n_depan_sub_skpd": 49531744758,
        "total_pagu_indikatif_urusan": 48096940648,
        "total_pagu_n_depan_urusan": 49531744758,
        "total_pagu_indikatif_bidang_urusan": 48096940648,
        "total_pagu_n_depan_bidang_urusan": 49531744758,
        "total_pagu_indikatif_program": 45877760000,
        "total_pagu_n_depan_program": 45205450000,
        "total_pagu_indikatif_kegiatan": 320000000,
        "total_pagu_n_depan_kegiatan": 340000000,
        "total_pagu_indikatif": 48096940648,
        "total_pagu_n_depan": 49531744758
    },
    {
        "migrated_at": null,
        "id_sub_bl": 76126,
        "id_daerah": 473,
        "tahun": 2026,
        "id_unit": 964,
        "id_skpd": 701,
        "created_user": 600952,
        "kode_skpd": "1.02.0.00.0.00.01.0002",
        "nama_skpd": "UPTD RSUD ARGA MAKMUR",
        "id_urusan": 11,
        "kode_urusan": "1",
        "nama_urusan": "URUSAN PEMERINTAHAN WAJIB YANG BERKAITAN DENGAN PELAYANAN DASAR",
        "id_bidang_urusan": 202,
        "kode_bidang_urusan": "1.02",
        "nama_bidang_urusan": "URUSAN PEMERINTAHAN BIDANG KESEHATAN",
        "id_sub_skpd": 964,
        "kode_sub_skpd": "1.02.0.00.0.00.01.0002",
        "nama_sub_skpd": "UPTD RSUD ARGA MAKMUR",
        "id_program": 4451,
        "kode_program": "1.02.01",
        "nama_program": "PROGRAM PENUNJANG URUSAN PEMERINTAHAN DAERAH KABUPATEN/KOTA",
        "outcome": "[ Terselenggaranya Penunjang Urusan pemerintahan Daerah UPTD RSUD Arga Makmur ]",
        "indikator_outcome": "Persentase pemenuhan kebutuhan penunjang Perangkat Daerah (%)",
        "target_akhir": "100",
        "realisasi_capaian": "100",
        "prakiraan": "100",
        "target_maju_1": "100",
        "urai_output": "Terlaksananya Administrasi Umum Perangkat Daerah",
        "id_giat": 18376,
        "kode_giat": "1.02.01.2.06",
        "nama_giat": "Administrasi Umum Perangkat Daerah",
        "id_sub_giat": 60638,
        "kode_sub_giat": "1.02.01.2.06.0004",
        "nama_sub_giat": "Penyediaan Bahan Logistik Kantor",
        "pagu": 20000000,
        "pagu_indikatif": 20000000,
        "pagu_n_depan": 25000000,
        "kode_bl": "701.964.4451.18376",
        "kode_sbl": "701.964.4451.18376.60638",
        "urusan_locked": 0,
        "bidang_urusan_locked": 0,
        "program_locked": 0,
        "giat_locked": 0,
        "sub_giat_locked": 0,
        "kunci_bl": 1,
        "kunci_bl_rinci": 1,
        "id_output_bl": 73841,
        "satuan_output": "Paket",
        "tolak_ukur_output": "Jumlah Paket Bahan Logistik Kantor yang Disediakan",
        "target_teks_output": "25 Paket",
        "satuan_capaian": null,
        "tolak_ukur_capaian": null,
        "target_teks_capaian": null,
        "satuan_sub": null,
        "tolok_ukur_sub": null,
        "target_sub_teks": null,
        "tolak_ukur_n": "Jumlah Paket Bahan Logistik Kantor yang Disediakan",
        "target_teks_n": "25 Paket",
        "kode_dana": "1.2.01.08",
        "nama_dana": "Dana Alokasi Umum (DAU)",
        "lokasi_bl": "Kab. Bengkulu Utara, Semua Kecamatan, Semua Kel/Desa",
        "id_label_pusat": 0,
        "label_pusat": null,
        "id_label_prov": 395,
        "label_prov": "1. Percepatan Pengentasan Kemiskinan dan Peningkatan Kualitas SDM yang Berdaya Saing\t",
        "id_label_kokab": 5207,
        "label_kokab": "2. Percepatan transformasi sosial kultural berbasis peningkatan kualitas sumber daya manusia",
        "kelompok_sasaran": null,
        "target_akhir_program_renstra": null,
        "target_min_1_program_renstra": null,
        "target_n_program_renstra": null,
        "target_akhir_giat_renstra": null,
        "target_min_1_giat_renstra": null,
        "target_n_giat_renstra": null,
        "target_akhir_sub_giat_renstra": " ",
        "target_min_1_sub_giat_renstra": " ",
        "target_n_sub_giat_renstra": " ",
        "total_pagu_indikatif_sub_skpd": 48096940648,
        "total_pagu_n_depan_sub_skpd": 49531744758,
        "total_pagu_indikatif_urusan": 48096940648,
        "total_pagu_n_depan_urusan": 49531744758,
        "total_pagu_indikatif_bidang_urusan": 48096940648,
        "total_pagu_n_depan_bidang_urusan": 49531744758,
        "total_pagu_indikatif_program": 45877760000,
        "total_pagu_n_depan_program": 45205450000,
        "total_pagu_indikatif_kegiatan": 320000000,
        "total_pagu_n_depan_kegiatan": 340000000,
        "total_pagu_indikatif": 48096940648,
        "total_pagu_n_depan": 49531744758
    },
    {
        "migrated_at": null,
        "id_sub_bl": 62370,
        "id_daerah": 473,
        "tahun": 2026,
        "id_unit": 964,
        "id_skpd": 701,
        "created_user": 2252,
        "kode_skpd": "1.02.0.00.0.00.01.0002",
        "nama_skpd": "UPTD RSUD ARGA MAKMUR",
        "id_urusan": 11,
        "kode_urusan": "1",
        "nama_urusan": "URUSAN PEMERINTAHAN WAJIB YANG BERKAITAN DENGAN PELAYANAN DASAR",
        "id_bidang_urusan": 202,
        "kode_bidang_urusan": "1.02",
        "nama_bidang_urusan": "URUSAN PEMERINTAHAN BIDANG KESEHATAN",
        "id_sub_skpd": 964,
        "kode_sub_skpd": "1.02.0.00.0.00.01.0002",
        "nama_sub_skpd": "UPTD RSUD ARGA MAKMUR",
        "id_program": 4451,
        "kode_program": "1.02.01",
        "nama_program": "PROGRAM PENUNJANG URUSAN PEMERINTAHAN DAERAH KABUPATEN/KOTA",
        "outcome": "[ Terselenggaranya Penunjang Urusan pemerintahan Daerah UPTD RSUD Arga Makmur ]",
        "indikator_outcome": "Persentase pemenuhan kebutuhan penunjang Perangkat Daerah (%)",
        "target_akhir": "100",
        "realisasi_capaian": "100",
        "prakiraan": "100",
        "target_maju_1": "100",
        "urai_output": "Tersedianya Jasa Penunjang Urusan Pemerintahan Daerah",
        "id_giat": 18378,
        "kode_giat": "1.02.01.2.08",
        "nama_giat": "Penyediaan Jasa Penunjang Urusan Pemerintahan Daerah",
        "id_sub_giat": 60658,
        "kode_sub_giat": "1.02.01.2.08.0002",
        "nama_sub_giat": "Penyediaan Jasa Komunikasi, Sumber Daya Air dan Listrik",
        "pagu": 2003160000,
        "pagu_indikatif": 2003160000,
        "pagu_n_depan": 2070600000,
        "kode_bl": "701.964.4451.18378",
        "kode_sbl": "701.964.4451.18378.60658",
        "urusan_locked": 0,
        "bidang_urusan_locked": 0,
        "program_locked": 0,
        "giat_locked": 0,
        "sub_giat_locked": 0,
        "kunci_bl": 1,
        "kunci_bl_rinci": 1,
        "id_output_bl": 60081,
        "satuan_output": "Laporan",
        "tolak_ukur_output": "Jumlah Laporan Penyediaan Jasa Komunikasi, Sumber Daya Air dan Listrik yang Disediakan",
        "target_teks_output": "4 Laporan",
        "satuan_capaian": "%",
        "tolak_ukur_capaian": "Persentase Pemenuhan Kebutuhan Penunjang Perangkat Daerah",
        "target_teks_capaian": "100 %",
        "satuan_sub": "%",
        "tolok_ukur_sub": "Persentase Pemenuhan Jasa Penunjang Urusan Pemerintahan Daerah",
        "target_sub_teks": "95 %",
        "tolak_ukur_n": "Jumlah Laporan Penyediaan Jasa Komunikasi, Sumber Daya Air dan Listrik yang Disediakan",
        "target_teks_n": "4 Laporan",
        "kode_dana": "1.2.01.08",
        "nama_dana": "Dana Alokasi Umum (DAU)",
        "lokasi_bl": "Kab. Bengkulu Utara, Kota Arga Makmur, Semua Kel/Desa",
        "id_label_pusat": 127,
        "label_pusat": "Memperkuat pembangunan sumber daya manusia (SDM), sains, teknologi, pendidikan, kesehatan, prestasi olahraga, kesetaraan gender, serta penguatan peran perempuan, pemuda (generasi milenial dan generasi Z), dan penyandang disabilitas.",
        "id_label_prov": 395,
        "label_prov": "1. Percepatan Pengentasan Kemiskinan dan Peningkatan Kualitas SDM yang Berdaya Saing\t",
        "id_label_kokab": 5207,
        "label_kokab": "2. Percepatan transformasi sosial kultural berbasis peningkatan kualitas sumber daya manusia",
        "kelompok_sasaran": "Masyarakat Bengkulu Utara",
        "target_akhir_program_renstra": null,
        "target_min_1_program_renstra": null,
        "target_n_program_renstra": null,
        "target_akhir_giat_renstra": null,
        "target_min_1_giat_renstra": null,
        "target_n_giat_renstra": null,
        "target_akhir_sub_giat_renstra": " ",
        "target_min_1_sub_giat_renstra": " ",
        "target_n_sub_giat_renstra": " ",
        "total_pagu_indikatif_sub_skpd": 48096940648,
        "total_pagu_n_depan_sub_skpd": 49531744758,
        "total_pagu_indikatif_urusan": 48096940648,
        "total_pagu_n_depan_urusan": 49531744758,
        "total_pagu_indikatif_bidang_urusan": 48096940648,
        "total_pagu_n_depan_bidang_urusan": 49531744758,
        "total_pagu_indikatif_program": 45877760000,
        "total_pagu_n_depan_program": 45205450000,
        "total_pagu_indikatif_kegiatan": 3545760000,
        "total_pagu_n_depan_kegiatan": 2222850000,
        "total_pagu_indikatif": 48096940648,
        "total_pagu_n_depan": 49531744758
    },
    {
        "migrated_at": null,
        "id_sub_bl": 62374,
        "id_daerah": 473,
        "tahun": 2026,
        "id_unit": 964,
        "id_skpd": 701,
        "created_user": 2252,
        "kode_skpd": "1.02.0.00.0.00.01.0002",
        "nama_skpd": "UPTD RSUD ARGA MAKMUR",
        "id_urusan": 11,
        "kode_urusan": "1",
        "nama_urusan": "URUSAN PEMERINTAHAN WAJIB YANG BERKAITAN DENGAN PELAYANAN DASAR",
        "id_bidang_urusan": 202,
        "kode_bidang_urusan": "1.02",
        "nama_bidang_urusan": "URUSAN PEMERINTAHAN BIDANG KESEHATAN",
        "id_sub_skpd": 964,
        "kode_sub_skpd": "1.02.0.00.0.00.01.0002",
        "nama_sub_skpd": "UPTD RSUD ARGA MAKMUR",
        "id_program": 4451,
        "kode_program": "1.02.01",
        "nama_program": "PROGRAM PENUNJANG URUSAN PEMERINTAHAN DAERAH KABUPATEN/KOTA",
        "outcome": "[ Terselenggaranya Penunjang Urusan pemerintahan Daerah UPTD RSUD Arga Makmur ]",
        "indikator_outcome": "Persentase pemenuhan kebutuhan penunjang Perangkat Daerah (%)",
        "target_akhir": "100",
        "realisasi_capaian": "100",
        "prakiraan": "100",
        "target_maju_1": "100",
        "urai_output": "Tersedianya Jasa Penunjang Urusan Pemerintahan Daerah",
        "id_giat": 18378,
        "kode_giat": "1.02.01.2.08",
        "nama_giat": "Penyediaan Jasa Penunjang Urusan Pemerintahan Daerah",
        "id_sub_giat": 60660,
        "kode_sub_giat": "1.02.01.2.08.0004",
        "nama_sub_giat": "Penyediaan Jasa Pelayanan Umum Kantor",
        "pagu": 1542600000,
        "pagu_indikatif": 1542600000,
        "pagu_n_depan": 152250000,
        "kode_bl": "701.964.4451.18378",
        "kode_sbl": "701.964.4451.18378.60660",
        "urusan_locked": 0,
        "bidang_urusan_locked": 0,
        "program_locked": 0,
        "giat_locked": 0,
        "sub_giat_locked": 0,
        "kunci_bl": 1,
        "kunci_bl_rinci": 1,
        "id_output_bl": 60085,
        "satuan_output": "Laporan",
        "tolak_ukur_output": "Jumlah Laporan Penyediaan Jasa Pelayanan Umum Kantor yang Disediakan",
        "target_teks_output": "1 Laporan",
        "satuan_capaian": "%",
        "tolak_ukur_capaian": "Persentase Pemenuhan Kebutuhan Penunjang Perangkat Daerah",
        "target_teks_capaian": "100 %",
        "satuan_sub": "%",
        "tolok_ukur_sub": "Persentase Pemenuhan Jasa Penunjang Urusan Pemerintahan Daerah",
        "target_sub_teks": "95 %",
        "tolak_ukur_n": "Jumlah Laporan Penyediaan Jasa Pelayanan Umum Kantor yang Disediakan",
        "target_teks_n": "1 Laporan",
        "kode_dana": "1.2.01.08",
        "nama_dana": "Dana Alokasi Umum (DAU)",
        "lokasi_bl": "Kab. Bengkulu Utara, Kota Arga Makmur, Semua Kel/Desa",
        "id_label_pusat": 127,
        "label_pusat": "Memperkuat pembangunan sumber daya manusia (SDM), sains, teknologi, pendidikan, kesehatan, prestasi olahraga, kesetaraan gender, serta penguatan peran perempuan, pemuda (generasi milenial dan generasi Z), dan penyandang disabilitas.",
        "id_label_prov": 395,
        "label_prov": "1. Percepatan Pengentasan Kemiskinan dan Peningkatan Kualitas SDM yang Berdaya Saing\t",
        "id_label_kokab": 5207,
        "label_kokab": "2. Percepatan transformasi sosial kultural berbasis peningkatan kualitas sumber daya manusia",
        "kelompok_sasaran": "Masyarakat Bengkulu Utara",
        "target_akhir_program_renstra": null,
        "target_min_1_program_renstra": null,
        "target_n_program_renstra": null,
        "target_akhir_giat_renstra": null,
        "target_min_1_giat_renstra": null,
        "target_n_giat_renstra": null,
        "target_akhir_sub_giat_renstra": " ",
        "target_min_1_sub_giat_renstra": " ",
        "target_n_sub_giat_renstra": " ",
        "total_pagu_indikatif_sub_skpd": 48096940648,
        "total_pagu_n_depan_sub_skpd": 49531744758,
        "total_pagu_indikatif_urusan": 48096940648,
        "total_pagu_n_depan_urusan": 49531744758,
        "total_pagu_indikatif_bidang_urusan": 48096940648,
        "total_pagu_n_depan_bidang_urusan": 49531744758,
        "total_pagu_indikatif_program": 45877760000,
        "total_pagu_n_depan_program": 45205450000,
        "total_pagu_indikatif_kegiatan": 3545760000,
        "total_pagu_n_depan_kegiatan": 2222850000,
        "total_pagu_indikatif": 48096940648,
        "total_pagu_n_depan": 49531744758
    },
    {
        "migrated_at": null,
        "id_sub_bl": 62375,
        "id_daerah": 473,
        "tahun": 2026,
        "id_unit": 964,
        "id_skpd": 701,
        "created_user": 2252,
        "kode_skpd": "1.02.0.00.0.00.01.0002",
        "nama_skpd": "UPTD RSUD ARGA MAKMUR",
        "id_urusan": 11,
        "kode_urusan": "1",
        "nama_urusan": "URUSAN PEMERINTAHAN WAJIB YANG BERKAITAN DENGAN PELAYANAN DASAR",
        "id_bidang_urusan": 202,
        "kode_bidang_urusan": "1.02",
        "nama_bidang_urusan": "URUSAN PEMERINTAHAN BIDANG KESEHATAN",
        "id_sub_skpd": 964,
        "kode_sub_skpd": "1.02.0.00.0.00.01.0002",
        "nama_sub_skpd": "UPTD RSUD ARGA MAKMUR",
        "id_program": 4451,
        "kode_program": "1.02.01",
        "nama_program": "PROGRAM PENUNJANG URUSAN PEMERINTAHAN DAERAH KABUPATEN/KOTA",
        "outcome": "[ Terselenggaranya Penunjang Urusan pemerintahan Daerah UPTD RSUD Arga Makmur ]",
        "indikator_outcome": "Persentase pemenuhan kebutuhan penunjang Perangkat Daerah (%)",
        "target_akhir": "100",
        "realisasi_capaian": "100",
        "prakiraan": "100",
        "target_maju_1": "100",
        "urai_output": "Meningkatnya Kualitas Pelayanan Kesehatan Badan Layanan Umum Daerah",
        "id_giat": 18380,
        "kode_giat": "1.02.01.2.10",
        "nama_giat": "Peningkatan Pelayanan BLUD",
        "id_sub_giat": 60673,
        "kode_sub_giat": "1.02.01.2.10.0001",
        "nama_sub_giat": "Pelayanan dan Penunjang Pelayanan BLUD",
        "pagu": 42000000000,
        "pagu_indikatif": 42000000000,
        "pagu_n_depan": 42630000000,
        "kode_bl": "701.964.4451.18380",
        "kode_sbl": "701.964.4451.18380.60673",
        "urusan_locked": 0,
        "bidang_urusan_locked": 0,
        "program_locked": 0,
        "giat_locked": 0,
        "sub_giat_locked": 0,
        "kunci_bl": 1,
        "kunci_bl_rinci": 1,
        "id_output_bl": 60086,
        "satuan_output": "Unit Kerja",
        "tolak_ukur_output": "Jumlah BLUD yang Menyediakan Pelayanan dan Penunjang Pelayanan",
        "target_teks_output": "1 Unit Kerja",
        "satuan_capaian": "%",
        "tolak_ukur_capaian": "Persentase Pelayanan BLUD",
        "target_teks_capaian": "100 %",
        "satuan_sub": "%",
        "tolok_ukur_sub": "Persentase Peningkatan Pelayanan BLUD",
        "target_sub_teks": "100 %",
        "tolak_ukur_n": "Jumlah BLUD yang Menyediakan Pelayanan dan Penunjang Pelayanan",
        "target_teks_n": "1 Unit Kerja",
        "kode_dana": "1.1.04.16",
        "nama_dana": "Pendapatan dari BLUD",
        "lokasi_bl": "Kab. Bengkulu Utara, Kota Arga Makmur, Semua Kel/Desa",
        "id_label_pusat": 127,
        "label_pusat": "Memperkuat pembangunan sumber daya manusia (SDM), sains, teknologi, pendidikan, kesehatan, prestasi olahraga, kesetaraan gender, serta penguatan peran perempuan, pemuda (generasi milenial dan generasi Z), dan penyandang disabilitas.",
        "id_label_prov": 395,
        "label_prov": "1. Percepatan Pengentasan Kemiskinan dan Peningkatan Kualitas SDM yang Berdaya Saing\t",
        "id_label_kokab": 5207,
        "label_kokab": "2. Percepatan transformasi sosial kultural berbasis peningkatan kualitas sumber daya manusia",
        "kelompok_sasaran": "Masyarakat Bengkulu Utara",
        "target_akhir_program_renstra": null,
        "target_min_1_program_renstra": null,
        "target_n_program_renstra": null,
        "target_akhir_giat_renstra": null,
        "target_min_1_giat_renstra": null,
        "target_n_giat_renstra": null,
        "target_akhir_sub_giat_renstra": " ",
        "target_min_1_sub_giat_renstra": " ",
        "target_n_sub_giat_renstra": " ",
        "total_pagu_indikatif_sub_skpd": 48096940648,
        "total_pagu_n_depan_sub_skpd": 49531744758,
        "total_pagu_indikatif_urusan": 48096940648,
        "total_pagu_n_depan_urusan": 49531744758,
        "total_pagu_indikatif_bidang_urusan": 48096940648,
        "total_pagu_n_depan_bidang_urusan": 49531744758,
        "total_pagu_indikatif_program": 45877760000,
        "total_pagu_n_depan_program": 45205450000,
        "total_pagu_indikatif_kegiatan": 42000000000,
        "total_pagu_n_depan_kegiatan": 42630000000,
        "total_pagu_indikatif": 48096940648,
        "total_pagu_n_depan": 49531744758
    },
    {
        "migrated_at": null,
        "id_sub_bl": 62382,
        "id_daerah": 473,
        "tahun": 2026,
        "id_unit": 964,
        "id_skpd": 701,
        "created_user": 2252,
        "kode_skpd": "1.02.0.00.0.00.01.0002",
        "nama_skpd": "UPTD RSUD ARGA MAKMUR",
        "id_urusan": 11,
        "kode_urusan": "1",
        "nama_urusan": "URUSAN PEMERINTAHAN WAJIB YANG BERKAITAN DENGAN PELAYANAN DASAR",
        "id_bidang_urusan": 202,
        "kode_bidang_urusan": "1.02",
        "nama_bidang_urusan": "URUSAN PEMERINTAHAN BIDANG KESEHATAN",
        "id_sub_skpd": 964,
        "kode_sub_skpd": "1.02.0.00.0.00.01.0002",
        "nama_sub_skpd": "UPTD RSUD ARGA MAKMUR",
        "id_program": 3293,
        "kode_program": "1.02.02",
        "nama_program": "PROGRAM PEMENUHAN UPAYA KESEHATAN PERORANGAN DAN UPAYA KESEHATAN MASYARAKAT",
        "outcome": "[ Meningkatnya kualitas pelayanan kesehatan di UPTD RSUD Arga Makmur ]",
        "indikator_outcome": "Angka Penggunaan Tempat Tidur (BOR)\n\nRata-rata Lamanya Pasien Dirawat (AVLOS)\n\nStandar Pelayanan Minimal (SPM) Rumah Sakit\n\nTenggang Perputaran Tempat Tidur (TOI)",
        "target_akhir": "100\n\n2\n\n6\n\n66",
        "realisasi_capaian": "100\n\n2\n\n6\n\n60",
        "prakiraan": "100\n\n2\n\n6\n\n61",
        "target_maju_1": "100\n\n2\n\n6\n\n62",
        "urai_output": "Tersedianya Fasilitas Pelayanan Kesehatan untuk UKM dan UKP Kewenangan Daerah Kabupaten",
        "id_giat": 15401,
        "kode_giat": "1.02.02.2.01",
        "nama_giat": "Penyediaan Fasilitas Pelayanan Kesehatan untuk UKM dan UKP Kewenangan Daerah Kabupaten/Kota",
        "id_sub_giat": 50935,
        "kode_sub_giat": "1.02.02.2.01.0010",
        "nama_sub_giat": "Rehabilitasi dan Pemeliharaan Fasilitas Kesehatan Lainnya",
        "pagu": 476180648,
        "pagu_indikatif": 476180648,
        "pagu_n_depan": 507500000,
        "kode_bl": "701.964.3293.15401",
        "kode_sbl": "701.964.3293.15401.50935",
        "urusan_locked": 0,
        "bidang_urusan_locked": 0,
        "program_locked": 0,
        "giat_locked": 0,
        "sub_giat_locked": 0,
        "kunci_bl": 1,
        "kunci_bl_rinci": 1,
        "id_output_bl": 60093,
        "satuan_output": "Unit",
        "tolak_ukur_output": "Jumlah Sarana , Prasarana dan Alat Kesehatan yang Telah Dilakukan Rehabilitasi dan Pemeliharaan oleh Fasilitas Kesehatan Lainnya",
        "target_teks_output": "2 Unit",
        "satuan_capaian": "%\nHari\nHari\n%",
        "tolak_ukur_capaian": "Standar Pelayanan Minimal (SPM) Rumah Sakit\nTenggang Perputaran Tempat Tidur (TOI)\nRata-rata Lamanya Pasien Dirawat (AVLOS)\nAngka Penggunaan Tempat Tidur (BOR)",
        "target_teks_capaian": "100 %\n2 Hari\n6 Hari\n60 %",
        "satuan_sub": "%",
        "tolok_ukur_sub": "Persentase Penyediaan Fasilitas Pelayanan Kesehatan untuk UKM dan UKP Kewenangan Daerah",
        "target_sub_teks": "85 %",
        "tolak_ukur_n": "Jumlah Sarana , Prasarana dan Alat Kesehatan yang Telah Dilakukan Rehabilitasi dan Pemeliharaan oleh Fasilitas Kesehatan Lainnya",
        "target_teks_n": "2 Unit",
        "kode_dana": "1.2.01.08",
        "nama_dana": "Dana Alokasi Umum (DAU)",
        "lokasi_bl": "Kab. Bengkulu Utara, Kota Arga Makmur, Semua Kel/Desa",
        "id_label_pusat": 127,
        "label_pusat": "Memperkuat pembangunan sumber daya manusia (SDM), sains, teknologi, pendidikan, kesehatan, prestasi olahraga, kesetaraan gender, serta penguatan peran perempuan, pemuda (generasi milenial dan generasi Z), dan penyandang disabilitas.",
        "id_label_prov": 395,
        "label_prov": "1. Percepatan Pengentasan Kemiskinan dan Peningkatan Kualitas SDM yang Berdaya Saing\t",
        "id_label_kokab": 5207,
        "label_kokab": "2. Percepatan transformasi sosial kultural berbasis peningkatan kualitas sumber daya manusia",
        "kelompok_sasaran": "Masyarakat Bengkulu Utara",
        "target_akhir_program_renstra": null,
        "target_min_1_program_renstra": null,
        "target_n_program_renstra": null,
        "target_akhir_giat_renstra": null,
        "target_min_1_giat_renstra": null,
        "target_n_giat_renstra": null,
        "target_akhir_sub_giat_renstra": " ",
        "target_min_1_sub_giat_renstra": " ",
        "target_n_sub_giat_renstra": " ",
        "total_pagu_indikatif_sub_skpd": 48096940648,
        "total_pagu_n_depan_sub_skpd": 49531744758,
        "total_pagu_indikatif_urusan": 48096940648,
        "total_pagu_n_depan_urusan": 49531744758,
        "total_pagu_indikatif_bidang_urusan": 48096940648,
        "total_pagu_n_depan_bidang_urusan": 49531744758,
        "total_pagu_indikatif_program": 1969180648,
        "total_pagu_n_depan_program": 4072544758,
        "total_pagu_indikatif_kegiatan": 1236180648,
        "total_pagu_n_depan_kegiatan": 3839244758,
        "total_pagu_indikatif": 48096940648,
        "total_pagu_n_depan": 49531744758
    },
    {
        "migrated_at": null,
        "id_sub_bl": 62384,
        "id_daerah": 473,
        "tahun": 2026,
        "id_unit": 964,
        "id_skpd": 701,
        "created_user": 2252,
        "kode_skpd": "1.02.0.00.0.00.01.0002",
        "nama_skpd": "UPTD RSUD ARGA MAKMUR",
        "id_urusan": 11,
        "kode_urusan": "1",
        "nama_urusan": "URUSAN PEMERINTAHAN WAJIB YANG BERKAITAN DENGAN PELAYANAN DASAR",
        "id_bidang_urusan": 202,
        "kode_bidang_urusan": "1.02",
        "nama_bidang_urusan": "URUSAN PEMERINTAHAN BIDANG KESEHATAN",
        "id_sub_skpd": 964,
        "kode_sub_skpd": "1.02.0.00.0.00.01.0002",
        "nama_sub_skpd": "UPTD RSUD ARGA MAKMUR",
        "id_program": 3293,
        "kode_program": "1.02.02",
        "nama_program": "PROGRAM PEMENUHAN UPAYA KESEHATAN PERORANGAN DAN UPAYA KESEHATAN MASYARAKAT",
        "outcome": "[ Meningkatnya kualitas pelayanan kesehatan di UPTD RSUD Arga Makmur ]",
        "indikator_outcome": "Angka Penggunaan Tempat Tidur (BOR)\n\nRata-rata Lamanya Pasien Dirawat (AVLOS)\n\nStandar Pelayanan Minimal (SPM) Rumah Sakit\n\nTenggang Perputaran Tempat Tidur (TOI)",
        "target_akhir": "100\n\n2\n\n6\n\n66",
        "realisasi_capaian": "100\n\n2\n\n6\n\n60",
        "prakiraan": "100\n\n2\n\n6\n\n61",
        "target_maju_1": "100\n\n2\n\n6\n\n62",
        "urai_output": "Tersedianya Fasilitas Pelayanan Kesehatan untuk UKM dan UKP Kewenangan Daerah Kabupaten",
        "id_giat": 15401,
        "kode_giat": "1.02.02.2.01",
        "nama_giat": "Penyediaan Fasilitas Pelayanan Kesehatan untuk UKM dan UKP Kewenangan Daerah Kabupaten/Kota",
        "id_sub_giat": 50937,
        "kode_sub_giat": "1.02.02.2.01.0014",
        "nama_sub_giat": "Pengadaan Alat Kesehatan/Alat Penunjang Medik Fasilitas Pelayanan Kesehatan",
        "pagu": 150000000,
        "pagu_indikatif": 150000000,
        "pagu_n_depan": 1813744758,
        "kode_bl": "701.964.3293.15401",
        "kode_sbl": "701.964.3293.15401.50937",
        "urusan_locked": 0,
        "bidang_urusan_locked": 0,
        "program_locked": 0,
        "giat_locked": 0,
        "sub_giat_locked": 0,
        "kunci_bl": 1,
        "kunci_bl_rinci": 1,
        "id_output_bl": 60095,
        "satuan_output": "Unit",
        "tolak_ukur_output": "Jumlah Alat Kesehatan/Alat Penunjang Medik Fasilitas Pelayanan Kesehatan yang Disediakan",
        "target_teks_output": "5 Unit",
        "satuan_capaian": "%\nHari\nHari\n%",
        "tolak_ukur_capaian": "Standar Pelayanan Minimal (SPM) Rumah Sakit\nTenggang Perputaran Tempat Tidur (TOI)\nRata-rata Lamanya Pasien Dirawat (AVLOS)\nAngka Penggunaan Tempat Tidur (BOR)",
        "target_teks_capaian": "100 %\n2 Hari\n6 Hari\n60 %",
        "satuan_sub": "%",
        "tolok_ukur_sub": "Persentase Penyediaan Fasilitas Pelayanan Kesehatan untuk UKM dan UKP Kewenangan Daerah",
        "target_sub_teks": "85 %",
        "tolak_ukur_n": "Jumlah Alat Kesehatan/Alat Penunjang Medik Fasilitas Pelayanan Kesehatan yang Disediakan",
        "target_teks_n": "5 Unit",
        "kode_dana": "1.2.01.08",
        "nama_dana": "Dana Alokasi Umum (DAU)",
        "lokasi_bl": "Kab. Bengkulu Utara, Kota Arga Makmur, Semua Kel/Desa",
        "id_label_pusat": 127,
        "label_pusat": "Memperkuat pembangunan sumber daya manusia (SDM), sains, teknologi, pendidikan, kesehatan, prestasi olahraga, kesetaraan gender, serta penguatan peran perempuan, pemuda (generasi milenial dan generasi Z), dan penyandang disabilitas.",
        "id_label_prov": 395,
        "label_prov": "1. Percepatan Pengentasan Kemiskinan dan Peningkatan Kualitas SDM yang Berdaya Saing\t",
        "id_label_kokab": 5207,
        "label_kokab": "2. Percepatan transformasi sosial kultural berbasis peningkatan kualitas sumber daya manusia",
        "kelompok_sasaran": "Masyarakat Bengkulu Utara",
        "target_akhir_program_renstra": null,
        "target_min_1_program_renstra": null,
        "target_n_program_renstra": null,
        "target_akhir_giat_renstra": null,
        "target_min_1_giat_renstra": null,
        "target_n_giat_renstra": null,
        "target_akhir_sub_giat_renstra": " ",
        "target_min_1_sub_giat_renstra": " ",
        "target_n_sub_giat_renstra": " ",
        "total_pagu_indikatif_sub_skpd": 48096940648,
        "total_pagu_n_depan_sub_skpd": 49531744758,
        "total_pagu_indikatif_urusan": 48096940648,
        "total_pagu_n_depan_urusan": 49531744758,
        "total_pagu_indikatif_bidang_urusan": 48096940648,
        "total_pagu_n_depan_bidang_urusan": 49531744758,
        "total_pagu_indikatif_program": 1969180648,
        "total_pagu_n_depan_program": 4072544758,
        "total_pagu_indikatif_kegiatan": 1236180648,
        "total_pagu_n_depan_kegiatan": 3839244758,
        "total_pagu_indikatif": 48096940648,
        "total_pagu_n_depan": 49531744758
    },
    {
        "migrated_at": null,
        "id_sub_bl": 62387,
        "id_daerah": 473,
        "tahun": 2026,
        "id_unit": 964,
        "id_skpd": 701,
        "created_user": 2252,
        "kode_skpd": "1.02.0.00.0.00.01.0002",
        "nama_skpd": "UPTD RSUD ARGA MAKMUR",
        "id_urusan": 11,
        "kode_urusan": "1",
        "nama_urusan": "URUSAN PEMERINTAHAN WAJIB YANG BERKAITAN DENGAN PELAYANAN DASAR",
        "id_bidang_urusan": 202,
        "kode_bidang_urusan": "1.02",
        "nama_bidang_urusan": "URUSAN PEMERINTAHAN BIDANG KESEHATAN",
        "id_sub_skpd": 964,
        "kode_sub_skpd": "1.02.0.00.0.00.01.0002",
        "nama_sub_skpd": "UPTD RSUD ARGA MAKMUR",
        "id_program": 3293,
        "kode_program": "1.02.02",
        "nama_program": "PROGRAM PEMENUHAN UPAYA KESEHATAN PERORANGAN DAN UPAYA KESEHATAN MASYARAKAT",
        "outcome": "[ Meningkatnya kualitas pelayanan kesehatan di UPTD RSUD Arga Makmur ]",
        "indikator_outcome": "Angka Penggunaan Tempat Tidur (BOR)\n\nRata-rata Lamanya Pasien Dirawat (AVLOS)\n\nStandar Pelayanan Minimal (SPM) Rumah Sakit\n\nTenggang Perputaran Tempat Tidur (TOI)",
        "target_akhir": "100\n\n2\n\n6\n\n66",
        "realisasi_capaian": "100\n\n2\n\n6\n\n60",
        "prakiraan": "100\n\n2\n\n6\n\n61",
        "target_maju_1": "100\n\n2\n\n6\n\n62",
        "urai_output": "Tersedianya Fasilitas Pelayanan Kesehatan untuk UKM dan UKP Kewenangan Daerah Kabupaten",
        "id_giat": 15401,
        "kode_giat": "1.02.02.2.01",
        "nama_giat": "Penyediaan Fasilitas Pelayanan Kesehatan untuk UKM dan UKP Kewenangan Daerah Kabupaten/Kota",
        "id_sub_giat": 50939,
        "kode_sub_giat": "1.02.02.2.01.0020",
        "nama_sub_giat": "Pemeliharaan Rutin dan Berkala Alat Kesehatan/Alat Penunjang Medik Fasilitas Pelayanan Kesehatan",
        "pagu": 300000000,
        "pagu_indikatif": 300000000,
        "pagu_n_depan": 101500000,
        "kode_bl": "701.964.3293.15401",
        "kode_sbl": "701.964.3293.15401.50939",
        "urusan_locked": 0,
        "bidang_urusan_locked": 0,
        "program_locked": 0,
        "giat_locked": 0,
        "sub_giat_locked": 0,
        "kunci_bl": 1,
        "kunci_bl_rinci": 1,
        "id_output_bl": 60098,
        "satuan_output": "Unit",
        "tolak_ukur_output": "Jumlah Alat Kesehatan/Alat Penunjang Medik Fasilitas Layanan Kesehatan yang Terpelihara Sesuai Standar",
        "target_teks_output": "15 Unit",
        "satuan_capaian": "%\nHari\nHari\n%",
        "tolak_ukur_capaian": "Standar Pelayanan Minimal (SPM) Rumah Sakit\nTenggang Perputaran Tempat Tidur (TOI)\nRata-rata Lamanya Pasien Dirawat (AVLOS)\nAngka Penggunaan Tempat Tidur (BOR)",
        "target_teks_capaian": "100 %\n2 Hari\n6 Hari\n60 %",
        "satuan_sub": "%",
        "tolok_ukur_sub": "Persentase Penyediaan Fasilitas Pelayanan Kesehatan untuk UKM dan UKP Kewenangan Daerah",
        "target_sub_teks": "85 %",
        "tolak_ukur_n": "Jumlah Alat Kesehatan/Alat Penunjang Medik Fasilitas Layanan Kesehatan yang Terpelihara Sesuai Standar",
        "target_teks_n": "15 Unit",
        "kode_dana": "1.2.01.08",
        "nama_dana": "Dana Alokasi Umum (DAU)",
        "lokasi_bl": "Kab. Bengkulu Utara, Kota Arga Makmur, Semua Kel/Desa",
        "id_label_pusat": 127,
        "label_pusat": "Memperkuat pembangunan sumber daya manusia (SDM), sains, teknologi, pendidikan, kesehatan, prestasi olahraga, kesetaraan gender, serta penguatan peran perempuan, pemuda (generasi milenial dan generasi Z), dan penyandang disabilitas.",
        "id_label_prov": 395,
        "label_prov": "1. Percepatan Pengentasan Kemiskinan dan Peningkatan Kualitas SDM yang Berdaya Saing\t",
        "id_label_kokab": 5207,
        "label_kokab": "2. Percepatan transformasi sosial kultural berbasis peningkatan kualitas sumber daya manusia",
        "kelompok_sasaran": "Masyarakat Bengkulu Utara",
        "target_akhir_program_renstra": null,
        "target_min_1_program_renstra": null,
        "target_n_program_renstra": null,
        "target_akhir_giat_renstra": null,
        "target_min_1_giat_renstra": null,
        "target_n_giat_renstra": null,
        "target_akhir_sub_giat_renstra": " ",
        "target_min_1_sub_giat_renstra": " ",
        "target_n_sub_giat_renstra": " ",
        "total_pagu_indikatif_sub_skpd": 48096940648,
        "total_pagu_n_depan_sub_skpd": 49531744758,
        "total_pagu_indikatif_urusan": 48096940648,
        "total_pagu_n_depan_urusan": 49531744758,
        "total_pagu_indikatif_bidang_urusan": 48096940648,
        "total_pagu_n_depan_bidang_urusan": 49531744758,
        "total_pagu_indikatif_program": 1969180648,
        "total_pagu_n_depan_program": 4072544758,
        "total_pagu_indikatif_kegiatan": 1236180648,
        "total_pagu_n_depan_kegiatan": 3839244758,
        "total_pagu_indikatif": 48096940648,
        "total_pagu_n_depan": 49531744758
    },
    {
        "migrated_at": null,
        "id_sub_bl": 62378,
        "id_daerah": 473,
        "tahun": 2026,
        "id_unit": 964,
        "id_skpd": 701,
        "created_user": 2252,
        "kode_skpd": "1.02.0.00.0.00.01.0002",
        "nama_skpd": "UPTD RSUD ARGA MAKMUR",
        "id_urusan": 11,
        "kode_urusan": "1",
        "nama_urusan": "URUSAN PEMERINTAHAN WAJIB YANG BERKAITAN DENGAN PELAYANAN DASAR",
        "id_bidang_urusan": 202,
        "kode_bidang_urusan": "1.02",
        "nama_bidang_urusan": "URUSAN PEMERINTAHAN BIDANG KESEHATAN",
        "id_sub_skpd": 964,
        "kode_sub_skpd": "1.02.0.00.0.00.01.0002",
        "nama_sub_skpd": "UPTD RSUD ARGA MAKMUR",
        "id_program": 3293,
        "kode_program": "1.02.02",
        "nama_program": "PROGRAM PEMENUHAN UPAYA KESEHATAN PERORANGAN DAN UPAYA KESEHATAN MASYARAKAT",
        "outcome": "[ Meningkatnya kualitas pelayanan kesehatan di UPTD RSUD Arga Makmur ]",
        "indikator_outcome": "Angka Penggunaan Tempat Tidur (BOR)\n\nRata-rata Lamanya Pasien Dirawat (AVLOS)\n\nStandar Pelayanan Minimal (SPM) Rumah Sakit\n\nTenggang Perputaran Tempat Tidur (TOI)",
        "target_akhir": "100\n\n2\n\n6\n\n66",
        "realisasi_capaian": "100\n\n2\n\n6\n\n60",
        "prakiraan": "100\n\n2\n\n6\n\n61",
        "target_maju_1": "100\n\n2\n\n6\n\n62",
        "urai_output": "Tersedianya Fasilitas Pelayanan Kesehatan untuk UKM dan UKP Kewenangan Daerah Kabupaten",
        "id_giat": 15401,
        "kode_giat": "1.02.02.2.01",
        "nama_giat": "Penyediaan Fasilitas Pelayanan Kesehatan untuk UKM dan UKP Kewenangan Daerah Kabupaten/Kota",
        "id_sub_giat": 50940,
        "kode_sub_giat": "1.02.02.2.01.0022",
        "nama_sub_giat": "Pengembangan Rumah Sakit",
        "pagu": 210000000,
        "pagu_indikatif": 210000000,
        "pagu_n_depan": 1116500000,
        "kode_bl": "701.964.3293.15401",
        "kode_sbl": "701.964.3293.15401.50940",
        "urusan_locked": 0,
        "bidang_urusan_locked": 0,
        "program_locked": 0,
        "giat_locked": 0,
        "sub_giat_locked": 0,
        "kunci_bl": 1,
        "kunci_bl_rinci": 1,
        "id_output_bl": 60089,
        "satuan_output": "Unit",
        "tolak_ukur_output": "Jumlah Rumah sakit yang ditingkatkan  sarana, prasarana, alat kesehatan  dan SDM agar sesuai standar jenis pelayanan rumah sakit berdasarkan kelas rumah sakit yang memenuhi rasio tempat tidur terhadap jumlah penduduk minimal 1:1000 dan/atau dalam rangka peningkatan kapasitas pelayanan rumah sakit",
        "target_teks_output": "1 Unit",
        "satuan_capaian": "%\nHari\nHari\n%",
        "tolak_ukur_capaian": "Standar Pelayanan Minimal (SPM) Rumah Sakit\nTenggang Perputaran Tempat Tidur (TOI)\nRata-rata Lamanya Pasien Dirawat (AVLOS)\nAngka Penggunaan Tempat Tidur (BOR)",
        "target_teks_capaian": "100 %\n2 Hari\n6 Hari\n60 %",
        "satuan_sub": "%",
        "tolok_ukur_sub": "Persentase Penyediaan Fasilitas Pelayanan Kesehatan untuk UKM dan UKP Kewenangan Daerah",
        "target_sub_teks": "85 %",
        "tolak_ukur_n": "Jumlah Rumah sakit yang ditingkatkan  sarana, prasarana, alat kesehatan  dan SDM agar sesuai standar jenis pelayanan rumah sakit berdasarkan kelas rumah sakit yang memenuhi rasio tempat tidur terhadap jumlah penduduk minimal 1:1000 dan/atau dalam rangka peningkatan kapasitas pelayanan rumah sakit",
        "target_teks_n": "1 Unit",
        "kode_dana": "1.2.01.08",
        "nama_dana": "Dana Alokasi Umum (DAU)",
        "lokasi_bl": "Kab. Bengkulu Utara, Semua Kecamatan, Semua Kel/Desa\nKab. Bengkulu Utara, Kota Arga Makmur, Semua Kel/Desa",
        "id_label_pusat": 127,
        "label_pusat": "Memperkuat pembangunan sumber daya manusia (SDM), sains, teknologi, pendidikan, kesehatan, prestasi olahraga, kesetaraan gender, serta penguatan peran perempuan, pemuda (generasi milenial dan generasi Z), dan penyandang disabilitas.",
        "id_label_prov": 395,
        "label_prov": "1. Percepatan Pengentasan Kemiskinan dan Peningkatan Kualitas SDM yang Berdaya Saing\t",
        "id_label_kokab": 5207,
        "label_kokab": "2. Percepatan transformasi sosial kultural berbasis peningkatan kualitas sumber daya manusia",
        "kelompok_sasaran": "Masyarakat Bengkulu Utara",
        "target_akhir_program_renstra": null,
        "target_min_1_program_renstra": null,
        "target_n_program_renstra": null,
        "target_akhir_giat_renstra": null,
        "target_min_1_giat_renstra": null,
        "target_n_giat_renstra": null,
        "target_akhir_sub_giat_renstra": " ",
        "target_min_1_sub_giat_renstra": " ",
        "target_n_sub_giat_renstra": " ",
        "total_pagu_indikatif_sub_skpd": 48096940648,
        "total_pagu_n_depan_sub_skpd": 49531744758,
        "total_pagu_indikatif_urusan": 48096940648,
        "total_pagu_n_depan_urusan": 49531744758,
        "total_pagu_indikatif_bidang_urusan": 48096940648,
        "total_pagu_n_depan_bidang_urusan": 49531744758,
        "total_pagu_indikatif_program": 1969180648,
        "total_pagu_n_depan_program": 4072544758,
        "total_pagu_indikatif_kegiatan": 1236180648,
        "total_pagu_n_depan_kegiatan": 3839244758,
        "total_pagu_indikatif": 48096940648,
        "total_pagu_n_depan": 49531744758
    },
    {
        "migrated_at": null,
        "id_sub_bl": 76124,
        "id_daerah": 473,
        "tahun": 2026,
        "id_unit": 964,
        "id_skpd": 701,
        "created_user": 600952,
        "kode_skpd": "1.02.0.00.0.00.01.0002",
        "nama_skpd": "UPTD RSUD ARGA MAKMUR",
        "id_urusan": 11,
        "kode_urusan": "1",
        "nama_urusan": "URUSAN PEMERINTAHAN WAJIB YANG BERKAITAN DENGAN PELAYANAN DASAR",
        "id_bidang_urusan": 202,
        "kode_bidang_urusan": "1.02",
        "nama_bidang_urusan": "URUSAN PEMERINTAHAN BIDANG KESEHATAN",
        "id_sub_skpd": 964,
        "kode_sub_skpd": "1.02.0.00.0.00.01.0002",
        "nama_sub_skpd": "UPTD RSUD ARGA MAKMUR",
        "id_program": 3293,
        "kode_program": "1.02.02",
        "nama_program": "PROGRAM PEMENUHAN UPAYA KESEHATAN PERORANGAN DAN UPAYA KESEHATAN MASYARAKAT",
        "outcome": "[ Meningkatnya kualitas pelayanan kesehatan di UPTD RSUD Arga Makmur ]",
        "indikator_outcome": "Angka Penggunaan Tempat Tidur (BOR)\n\nRata-rata Lamanya Pasien Dirawat (AVLOS)\n\nStandar Pelayanan Minimal (SPM) Rumah Sakit\n\nTenggang Perputaran Tempat Tidur (TOI)",
        "target_akhir": "100\n\n2\n\n6\n\n66",
        "realisasi_capaian": "100\n\n2\n\n6\n\n60",
        "prakiraan": "100\n\n2\n\n6\n\n61",
        "target_maju_1": "100\n\n2\n\n6\n\n62",
        "urai_output": "Tersedianya Fasilitas Pelayanan Kesehatan untuk UKM dan UKP Kewenangan Daerah Kabupaten",
        "id_giat": 15401,
        "kode_giat": "1.02.02.2.01",
        "nama_giat": "Penyediaan Fasilitas Pelayanan Kesehatan untuk UKM dan UKP Kewenangan Daerah Kabupaten/Kota",
        "id_sub_giat": 50941,
        "kode_sub_giat": "1.02.02.2.01.0023",
        "nama_sub_giat": "Pengadaan Obat, Bahan Habis Pakai, Bahan Medis Habis Pakai,, Vaksin, Makanan dan Minuman di Fasilitas Kesehatan",
        "pagu": 100000000,
        "pagu_indikatif": 100000000,
        "pagu_n_depan": 300000000,
        "kode_bl": "701.964.3293.15401",
        "kode_sbl": "701.964.3293.15401.50941",
        "urusan_locked": 0,
        "bidang_urusan_locked": 0,
        "program_locked": 0,
        "giat_locked": 0,
        "sub_giat_locked": 0,
        "kunci_bl": 1,
        "kunci_bl_rinci": 1,
        "id_output_bl": 73839,
        "satuan_output": "Paket",
        "tolak_ukur_output": "Jumlah Obat, Bahan Habis Pakai, Bahan Medis Habis Pakai, Vaksin, Makanan dan Minuman di Fasilitas Kesehatan  yang disediakan",
        "target_teks_output": "3 Paket",
        "satuan_capaian": "%\nHari\nHari\n%",
        "tolak_ukur_capaian": "Standar Pelayanan Minimal (SPM) Rumah Sakit\nTenggang Perputaran Tempat Tidur (TOI)\nRata-rata Lamanya Pasien Dirawat (AVLOS)\nAngka Penggunaan Tempat Tidur (BOR)",
        "target_teks_capaian": "100 %\n2 Hari\n6 Hari\n60 %",
        "satuan_sub": "%",
        "tolok_ukur_sub": "Persentase Penyediaan Fasilitas Pelayanan Kesehatan untuk UKM dan UKP Kewenangan Daerah",
        "target_sub_teks": "85 %",
        "tolak_ukur_n": "Jumlah Obat, Bahan Habis Pakai, Bahan Medis Habis Pakai, Vaksin, Makanan dan Minuman di Fasilitas Kesehatan  yang disediakan",
        "target_teks_n": "3 Paket",
        "kode_dana": "1.2.01.08",
        "nama_dana": "Dana Alokasi Umum (DAU)",
        "lokasi_bl": "Kab. Bengkulu Utara, Semua Kecamatan, Semua Kel/Desa",
        "id_label_pusat": 0,
        "label_pusat": null,
        "id_label_prov": 395,
        "label_prov": "1. Percepatan Pengentasan Kemiskinan dan Peningkatan Kualitas SDM yang Berdaya Saing\t",
        "id_label_kokab": 5207,
        "label_kokab": "2. Percepatan transformasi sosial kultural berbasis peningkatan kualitas sumber daya manusia",
        "kelompok_sasaran": "Masyarakat Bengkulu Utara",
        "target_akhir_program_renstra": null,
        "target_min_1_program_renstra": null,
        "target_n_program_renstra": null,
        "target_akhir_giat_renstra": null,
        "target_min_1_giat_renstra": null,
        "target_n_giat_renstra": null,
        "target_akhir_sub_giat_renstra": " ",
        "target_min_1_sub_giat_renstra": " ",
        "target_n_sub_giat_renstra": " ",
        "total_pagu_indikatif_sub_skpd": 48096940648,
        "total_pagu_n_depan_sub_skpd": 49531744758,
        "total_pagu_indikatif_urusan": 48096940648,
        "total_pagu_n_depan_urusan": 49531744758,
        "total_pagu_indikatif_bidang_urusan": 48096940648,
        "total_pagu_n_depan_bidang_urusan": 49531744758,
        "total_pagu_indikatif_program": 1969180648,
        "total_pagu_n_depan_program": 4072544758,
        "total_pagu_indikatif_kegiatan": 1236180648,
        "total_pagu_n_depan_kegiatan": 3839244758,
        "total_pagu_indikatif": 48096940648,
        "total_pagu_n_depan": 49531744758
    },
    {
        "migrated_at": null,
        "id_sub_bl": 76230,
        "id_daerah": 473,
        "tahun": 2026,
        "id_unit": 964,
        "id_skpd": 701,
        "created_user": 600952,
        "kode_skpd": "1.02.0.00.0.00.01.0002",
        "nama_skpd": "UPTD RSUD ARGA MAKMUR",
        "id_urusan": 11,
        "kode_urusan": "1",
        "nama_urusan": "URUSAN PEMERINTAHAN WAJIB YANG BERKAITAN DENGAN PELAYANAN DASAR",
        "id_bidang_urusan": 202,
        "kode_bidang_urusan": "1.02",
        "nama_bidang_urusan": "URUSAN PEMERINTAHAN BIDANG KESEHATAN",
        "id_sub_skpd": 964,
        "kode_sub_skpd": "1.02.0.00.0.00.01.0002",
        "nama_sub_skpd": "UPTD RSUD ARGA MAKMUR",
        "id_program": 3293,
        "kode_program": "1.02.02",
        "nama_program": "PROGRAM PEMENUHAN UPAYA KESEHATAN PERORANGAN DAN UPAYA KESEHATAN MASYARAKAT",
        "outcome": "[ Meningkatnya kualitas pelayanan kesehatan di UPTD RSUD Arga Makmur ]",
        "indikator_outcome": "Angka Penggunaan Tempat Tidur (BOR)\n\nRata-rata Lamanya Pasien Dirawat (AVLOS)\n\nStandar Pelayanan Minimal (SPM) Rumah Sakit\n\nTenggang Perputaran Tempat Tidur (TOI)",
        "target_akhir": "100\n\n2\n\n6\n\n66",
        "realisasi_capaian": "100\n\n2\n\n6\n\n60",
        "prakiraan": "100\n\n2\n\n6\n\n61",
        "target_maju_1": "100\n\n2\n\n6\n\n62",
        "urai_output": "Tersedianya Layanan Kesehatan untuk UKM dan UKP Rujukan Tingkat Daerah Kabupaten",
        "id_giat": 15402,
        "kode_giat": "1.02.02.2.02",
        "nama_giat": "Penyediaan Layanan Kesehatan untuk UKM dan UKP Rujukan Tingkat Daerah Kabupaten/Kota",
        "id_sub_giat": 50962,
        "kode_sub_giat": "1.02.02.2.02.0018",
        "nama_sub_giat": "Pengelolaan Pelayanan Promosi Kesehatan ",
        "pagu": 50000000,
        "pagu_indikatif": 50000000,
        "pagu_n_depan": 52500000,
        "kode_bl": "701.964.3293.15402",
        "kode_sbl": "701.964.3293.15402.50962",
        "urusan_locked": 0,
        "bidang_urusan_locked": 0,
        "program_locked": 0,
        "giat_locked": 0,
        "sub_giat_locked": 0,
        "kunci_bl": 1,
        "kunci_bl_rinci": 1,
        "id_output_bl": 73945,
        "satuan_output": "Dokumen",
        "tolak_ukur_output": "Jumlah Dokumen Hasil Pengelolaan Pelayanan Promosi Kesehatan",
        "target_teks_output": "1 Dokumen",
        "satuan_capaian": "Hari\n%\nHari\n%",
        "tolak_ukur_capaian": "Rata-rata Lamanya Pasien Dirawat (AVLOS)\nStandar Pelayanan Minimal (SPM) Rumah Sakit\nTenggang Perputaran Tempat Tidur (TOI)\nAngka Penggunaan Tempat Tidur (BOR)",
        "target_teks_capaian": "6 Hari\n100 %\n2 Hari\n60 %",
        "satuan_sub": "%",
        "tolok_ukur_sub": "Persentase Penyediaan Layanan Kesehatan untuk UKM dan UKP Rujukan Tingkat Daerah",
        "target_sub_teks": "85 %",
        "tolak_ukur_n": "Jumlah Dokumen Hasil Pengelolaan Pelayanan Promosi Kesehatan",
        "target_teks_n": "1 Dokumen",
        "kode_dana": "1.2.01.08",
        "nama_dana": "Dana Alokasi Umum (DAU)",
        "lokasi_bl": "Kab. Bengkulu Utara, Semua Kecamatan, Semua Kel/Desa",
        "id_label_pusat": 0,
        "label_pusat": null,
        "id_label_prov": 395,
        "label_prov": "1. Percepatan Pengentasan Kemiskinan dan Peningkatan Kualitas SDM yang Berdaya Saing\t",
        "id_label_kokab": 5207,
        "label_kokab": "2. Percepatan transformasi sosial kultural berbasis peningkatan kualitas sumber daya manusia",
        "kelompok_sasaran": "Masyarakat Bengkulu Utara",
        "target_akhir_program_renstra": null,
        "target_min_1_program_renstra": null,
        "target_n_program_renstra": null,
        "target_akhir_giat_renstra": null,
        "target_min_1_giat_renstra": null,
        "target_n_giat_renstra": null,
        "target_akhir_sub_giat_renstra": " ",
        "target_min_1_sub_giat_renstra": " ",
        "target_n_sub_giat_renstra": " ",
        "total_pagu_indikatif_sub_skpd": 48096940648,
        "total_pagu_n_depan_sub_skpd": 49531744758,
        "total_pagu_indikatif_urusan": 48096940648,
        "total_pagu_n_depan_urusan": 49531744758,
        "total_pagu_indikatif_bidang_urusan": 48096940648,
        "total_pagu_n_depan_bidang_urusan": 49531744758,
        "total_pagu_indikatif_program": 1969180648,
        "total_pagu_n_depan_program": 4072544758,
        "total_pagu_indikatif_kegiatan": 508000000,
        "total_pagu_n_depan_kegiatan": 182550000,
        "total_pagu_indikatif": 48096940648,
        "total_pagu_n_depan": 49531744758
    },
    {
        "migrated_at": null,
        "id_sub_bl": 73256,
        "id_daerah": 473,
        "tahun": 2026,
        "id_unit": 964,
        "id_skpd": 701,
        "created_user": 2252,
        "kode_skpd": "1.02.0.00.0.00.01.0002",
        "nama_skpd": "UPTD RSUD ARGA MAKMUR",
        "id_urusan": 11,
        "kode_urusan": "1",
        "nama_urusan": "URUSAN PEMERINTAHAN WAJIB YANG BERKAITAN DENGAN PELAYANAN DASAR",
        "id_bidang_urusan": 202,
        "kode_bidang_urusan": "1.02",
        "nama_bidang_urusan": "URUSAN PEMERINTAHAN BIDANG KESEHATAN",
        "id_sub_skpd": 964,
        "kode_sub_skpd": "1.02.0.00.0.00.01.0002",
        "nama_sub_skpd": "UPTD RSUD ARGA MAKMUR",
        "id_program": 3293,
        "kode_program": "1.02.02",
        "nama_program": "PROGRAM PEMENUHAN UPAYA KESEHATAN PERORANGAN DAN UPAYA KESEHATAN MASYARAKAT",
        "outcome": "[ Meningkatnya kualitas pelayanan kesehatan di UPTD RSUD Arga Makmur ]",
        "indikator_outcome": "Angka Penggunaan Tempat Tidur (BOR)\n\nRata-rata Lamanya Pasien Dirawat (AVLOS)\n\nStandar Pelayanan Minimal (SPM) Rumah Sakit\n\nTenggang Perputaran Tempat Tidur (TOI)",
        "target_akhir": "100\n\n2\n\n6\n\n66",
        "realisasi_capaian": "100\n\n2\n\n6\n\n60",
        "prakiraan": "100\n\n2\n\n6\n\n61",
        "target_maju_1": "100\n\n2\n\n6\n\n62",
        "urai_output": "Tersedianya Layanan Kesehatan untuk UKM dan UKP Rujukan Tingkat Daerah Kabupaten",
        "id_giat": 15402,
        "kode_giat": "1.02.02.2.02",
        "nama_giat": "Penyediaan Layanan Kesehatan untuk UKM dan UKP Rujukan Tingkat Daerah Kabupaten/Kota",
        "id_sub_giat": 50968,
        "kode_sub_giat": "1.02.02.2.02.0025",
        "nama_sub_giat": "Pelayanan Kesehatan Penyakit Menular dan Tidak Menular",
        "pagu": 8000000,
        "pagu_indikatif": 8000000,
        "pagu_n_depan": 8250000,
        "kode_bl": "701.964.3293.15402",
        "kode_sbl": "701.964.3293.15402.50968",
        "urusan_locked": 0,
        "bidang_urusan_locked": 0,
        "program_locked": 0,
        "giat_locked": 0,
        "sub_giat_locked": 0,
        "kunci_bl": 1,
        "kunci_bl_rinci": 1,
        "id_output_bl": 70916,
        "satuan_output": "Dokumen",
        "tolak_ukur_output": "Jumlah Dokumen Hasil Pelayanan Kesehatan Penyakit Menular dan Tidak Menular",
        "target_teks_output": "2 Dokumen",
        "satuan_capaian": "Hari\n%\nHari\n%",
        "tolak_ukur_capaian": "Rata-rata Lamanya Pasien Dirawat (AVLOS)\nStandar Pelayanan Minimal (SPM) Rumah Sakit\nTenggang Perputaran Tempat Tidur (TOI)\nAngka Penggunaan Tempat Tidur (BOR)",
        "target_teks_capaian": "6 Hari\n100 %\n2 Hari\n60 %",
        "satuan_sub": "%",
        "tolok_ukur_sub": "Persentase Penyediaan Layanan Kesehatan untuk UKM dan UKP Rujukan Tingkat Daerah",
        "target_sub_teks": "85 %",
        "tolak_ukur_n": "Jumlah Dokumen Hasil Pelayanan Kesehatan Penyakit Menular dan Tidak Menular",
        "target_teks_n": "2 Dokumen",
        "kode_dana": "1.2.01.08",
        "nama_dana": "Dana Alokasi Umum (DAU)",
        "lokasi_bl": "Kab. Bengkulu Utara, Semua Kecamatan, Semua Kel/Desa",
        "id_label_pusat": 127,
        "label_pusat": "Memperkuat pembangunan sumber daya manusia (SDM), sains, teknologi, pendidikan, kesehatan, prestasi olahraga, kesetaraan gender, serta penguatan peran perempuan, pemuda (generasi milenial dan generasi Z), dan penyandang disabilitas.",
        "id_label_prov": 395,
        "label_prov": "1. Percepatan Pengentasan Kemiskinan dan Peningkatan Kualitas SDM yang Berdaya Saing\t",
        "id_label_kokab": 5207,
        "label_kokab": "2. Percepatan transformasi sosial kultural berbasis peningkatan kualitas sumber daya manusia",
        "kelompok_sasaran": "Masyarakat Bengkulu Utara",
        "target_akhir_program_renstra": null,
        "target_min_1_program_renstra": null,
        "target_n_program_renstra": null,
        "target_akhir_giat_renstra": null,
        "target_min_1_giat_renstra": null,
        "target_n_giat_renstra": null,
        "target_akhir_sub_giat_renstra": " ",
        "target_min_1_sub_giat_renstra": " ",
        "target_n_sub_giat_renstra": " ",
        "total_pagu_indikatif_sub_skpd": 48096940648,
        "total_pagu_n_depan_sub_skpd": 49531744758,
        "total_pagu_indikatif_urusan": 48096940648,
        "total_pagu_n_depan_urusan": 49531744758,
        "total_pagu_indikatif_bidang_urusan": 48096940648,
        "total_pagu_n_depan_bidang_urusan": 49531744758,
        "total_pagu_indikatif_program": 1969180648,
        "total_pagu_n_depan_program": 4072544758,
        "total_pagu_indikatif_kegiatan": 508000000,
        "total_pagu_n_depan_kegiatan": 182550000,
        "total_pagu_indikatif": 48096940648,
        "total_pagu_n_depan": 49531744758
    },
    {
        "migrated_at": null,
        "id_sub_bl": 62389,
        "id_daerah": 473,
        "tahun": 2026,
        "id_unit": 964,
        "id_skpd": 701,
        "created_user": 2252,
        "kode_skpd": "1.02.0.00.0.00.01.0002",
        "nama_skpd": "UPTD RSUD ARGA MAKMUR",
        "id_urusan": 11,
        "kode_urusan": "1",
        "nama_urusan": "URUSAN PEMERINTAHAN WAJIB YANG BERKAITAN DENGAN PELAYANAN DASAR",
        "id_bidang_urusan": 202,
        "kode_bidang_urusan": "1.02",
        "nama_bidang_urusan": "URUSAN PEMERINTAHAN BIDANG KESEHATAN",
        "id_sub_skpd": 964,
        "kode_sub_skpd": "1.02.0.00.0.00.01.0002",
        "nama_sub_skpd": "UPTD RSUD ARGA MAKMUR",
        "id_program": 3293,
        "kode_program": "1.02.02",
        "nama_program": "PROGRAM PEMENUHAN UPAYA KESEHATAN PERORANGAN DAN UPAYA KESEHATAN MASYARAKAT",
        "outcome": "[ Meningkatnya kualitas pelayanan kesehatan di UPTD RSUD Arga Makmur ]",
        "indikator_outcome": "Angka Penggunaan Tempat Tidur (BOR)\n\nRata-rata Lamanya Pasien Dirawat (AVLOS)\n\nStandar Pelayanan Minimal (SPM) Rumah Sakit\n\nTenggang Perputaran Tempat Tidur (TOI)",
        "target_akhir": "100\n\n2\n\n6\n\n66",
        "realisasi_capaian": "100\n\n2\n\n6\n\n60",
        "prakiraan": "100\n\n2\n\n6\n\n61",
        "target_maju_1": "100\n\n2\n\n6\n\n62",
        "urai_output": "Tersedianya Layanan Kesehatan untuk UKM dan UKP Rujukan Tingkat Daerah Kabupaten",
        "id_giat": 15402,
        "kode_giat": "1.02.02.2.02",
        "nama_giat": "Penyediaan Layanan Kesehatan untuk UKM dan UKP Rujukan Tingkat Daerah Kabupaten/Kota",
        "id_sub_giat": 50977,
        "kode_sub_giat": "1.02.02.2.02.0035",
        "nama_sub_giat": "Pelaksanaan Akreditasi Fasilitas Kesehatan di Kabupaten/Kota",
        "pagu": 450000000,
        "pagu_indikatif": 450000000,
        "pagu_n_depan": 121800000,
        "kode_bl": "701.964.3293.15402",
        "kode_sbl": "701.964.3293.15402.50977",
        "urusan_locked": 0,
        "bidang_urusan_locked": 0,
        "program_locked": 0,
        "giat_locked": 0,
        "sub_giat_locked": 0,
        "kunci_bl": 1,
        "kunci_bl_rinci": 1,
        "id_output_bl": 60100,
        "satuan_output": "Unit",
        "tolak_ukur_output": "Jumlah Fasilitas Kesehatan yang Terakreditasi di Kabupaten/Kota",
        "target_teks_output": "16 Unit",
        "satuan_capaian": "Hari\n%\nHari\n%",
        "tolak_ukur_capaian": "Rata-rata Lamanya Pasien Dirawat (AVLOS)\nStandar Pelayanan Minimal (SPM) Rumah Sakit\nTenggang Perputaran Tempat Tidur (TOI)\nAngka Penggunaan Tempat Tidur (BOR)",
        "target_teks_capaian": "6 Hari\n100 %\n2 Hari\n60 %",
        "satuan_sub": "%",
        "tolok_ukur_sub": "Persentase Penyediaan Layanan Kesehatan untuk UKM dan UKP Rujukan Tingkat Daerah",
        "target_sub_teks": "85 %",
        "tolak_ukur_n": "Jumlah Fasilitas Kesehatan yang Terakreditasi di Kabupaten/Kota",
        "target_teks_n": "16 Unit",
        "kode_dana": "1.2.01.08",
        "nama_dana": "Dana Alokasi Umum (DAU)",
        "lokasi_bl": "Kab. Bengkulu Utara, Kota Arga Makmur, Semua Kel/Desa",
        "id_label_pusat": 127,
        "label_pusat": "Memperkuat pembangunan sumber daya manusia (SDM), sains, teknologi, pendidikan, kesehatan, prestasi olahraga, kesetaraan gender, serta penguatan peran perempuan, pemuda (generasi milenial dan generasi Z), dan penyandang disabilitas.",
        "id_label_prov": 395,
        "label_prov": "1. Percepatan Pengentasan Kemiskinan dan Peningkatan Kualitas SDM yang Berdaya Saing\t",
        "id_label_kokab": 5207,
        "label_kokab": "2. Percepatan transformasi sosial kultural berbasis peningkatan kualitas sumber daya manusia",
        "kelompok_sasaran": "Masyarakat Bengkulu Utara",
        "target_akhir_program_renstra": null,
        "target_min_1_program_renstra": null,
        "target_n_program_renstra": null,
        "target_akhir_giat_renstra": null,
        "target_min_1_giat_renstra": null,
        "target_n_giat_renstra": null,
        "target_akhir_sub_giat_renstra": " ",
        "target_min_1_sub_giat_renstra": " ",
        "target_n_sub_giat_renstra": " ",
        "total_pagu_indikatif_sub_skpd": 48096940648,
        "total_pagu_n_depan_sub_skpd": 49531744758,
        "total_pagu_indikatif_urusan": 48096940648,
        "total_pagu_n_depan_urusan": 49531744758,
        "total_pagu_indikatif_bidang_urusan": 48096940648,
        "total_pagu_n_depan_bidang_urusan": 49531744758,
        "total_pagu_indikatif_program": 1969180648,
        "total_pagu_n_depan_program": 4072544758,
        "total_pagu_indikatif_kegiatan": 508000000,
        "total_pagu_n_depan_kegiatan": 182550000,
        "total_pagu_indikatif": 48096940648,
        "total_pagu_n_depan": 49531744758
    },
    {
        "migrated_at": null,
        "id_sub_bl": 62392,
        "id_daerah": 473,
        "tahun": 2026,
        "id_unit": 964,
        "id_skpd": 701,
        "created_user": 2252,
        "kode_skpd": "1.02.0.00.0.00.01.0002",
        "nama_skpd": "UPTD RSUD ARGA MAKMUR",
        "id_urusan": 11,
        "kode_urusan": "1",
        "nama_urusan": "URUSAN PEMERINTAHAN WAJIB YANG BERKAITAN DENGAN PELAYANAN DASAR",
        "id_bidang_urusan": 202,
        "kode_bidang_urusan": "1.02",
        "nama_bidang_urusan": "URUSAN PEMERINTAHAN BIDANG KESEHATAN",
        "id_sub_skpd": 964,
        "kode_sub_skpd": "1.02.0.00.0.00.01.0002",
        "nama_sub_skpd": "UPTD RSUD ARGA MAKMUR",
        "id_program": 3293,
        "kode_program": "1.02.02",
        "nama_program": "PROGRAM PEMENUHAN UPAYA KESEHATAN PERORANGAN DAN UPAYA KESEHATAN MASYARAKAT",
        "outcome": "[ Meningkatnya kualitas pelayanan kesehatan di UPTD RSUD Arga Makmur ]",
        "indikator_outcome": "Angka Penggunaan Tempat Tidur (BOR)\n\nRata-rata Lamanya Pasien Dirawat (AVLOS)\n\nStandar Pelayanan Minimal (SPM) Rumah Sakit\n\nTenggang Perputaran Tempat Tidur (TOI)",
        "target_akhir": "100\n\n2\n\n6\n\n66",
        "realisasi_capaian": "100\n\n2\n\n6\n\n60",
        "prakiraan": "100\n\n2\n\n6\n\n61",
        "target_maju_1": "100\n\n2\n\n6\n\n62",
        "urai_output": "Terselenggaranya Sistem Informasi Kesehatan Secara Terintegrasi",
        "id_giat": 15403,
        "kode_giat": "1.02.02.2.03",
        "nama_giat": "Penyelenggaraan Sistem Informasi Kesehatan Secara Terintegrasi",
        "id_sub_giat": 50992,
        "kode_sub_giat": "1.02.02.2.03.0002",
        "nama_sub_giat": "Pengelolaan Sistem Informasi Kesehatan",
        "pagu": 225000000,
        "pagu_indikatif": 225000000,
        "pagu_n_depan": 50750000,
        "kode_bl": "701.964.3293.15403",
        "kode_sbl": "701.964.3293.15403.50992",
        "urusan_locked": 0,
        "bidang_urusan_locked": 0,
        "program_locked": 0,
        "giat_locked": 0,
        "sub_giat_locked": 0,
        "kunci_bl": 1,
        "kunci_bl_rinci": 1,
        "id_output_bl": 60103,
        "satuan_output": "Dokumen",
        "tolak_ukur_output": "Jumlah Dokumen Hasil Pengelolaan Sistem Informasi Kesehatan",
        "target_teks_output": "1 Dokumen",
        "satuan_capaian": "Hari\n%\nHari\n%",
        "tolak_ukur_capaian": "Rata-rata Lamanya Pasien Dirawat (AVLOS)\nAngka Penggunaan Tempat Tidur (BOR)\nTenggang Perputaran Tempat Tidur (TOI)\nStandar Pelayanan Minimal (SPM) Rumah Sakit",
        "target_teks_capaian": "6 Hari\n60 %\n2 Hari\n100 %",
        "satuan_sub": "%",
        "tolok_ukur_sub": "Persentase Penyelenggaraan Sistem Informasi Kesehatan Secara Terintegrasi",
        "target_sub_teks": "90 %",
        "tolak_ukur_n": "Jumlah Dokumen Hasil Pengelolaan Sistem Informasi Kesehatan",
        "target_teks_n": "1 Dokumen",
        "kode_dana": "1.2.01.08",
        "nama_dana": "Dana Alokasi Umum (DAU)",
        "lokasi_bl": "Kab. Bengkulu Utara, Kota Arga Makmur, Semua Kel/Desa",
        "id_label_pusat": 127,
        "label_pusat": "Memperkuat pembangunan sumber daya manusia (SDM), sains, teknologi, pendidikan, kesehatan, prestasi olahraga, kesetaraan gender, serta penguatan peran perempuan, pemuda (generasi milenial dan generasi Z), dan penyandang disabilitas.",
        "id_label_prov": 395,
        "label_prov": "1. Percepatan Pengentasan Kemiskinan dan Peningkatan Kualitas SDM yang Berdaya Saing\t",
        "id_label_kokab": 5207,
        "label_kokab": "2. Percepatan transformasi sosial kultural berbasis peningkatan kualitas sumber daya manusia",
        "kelompok_sasaran": "Masyarakat Bengkulu Utara",
        "target_akhir_program_renstra": null,
        "target_min_1_program_renstra": null,
        "target_n_program_renstra": null,
        "target_akhir_giat_renstra": null,
        "target_min_1_giat_renstra": null,
        "target_n_giat_renstra": null,
        "target_akhir_sub_giat_renstra": " ",
        "target_min_1_sub_giat_renstra": " ",
        "target_n_sub_giat_renstra": " ",
        "total_pagu_indikatif_sub_skpd": 48096940648,
        "total_pagu_n_depan_sub_skpd": 49531744758,
        "total_pagu_indikatif_urusan": 48096940648,
        "total_pagu_n_depan_urusan": 49531744758,
        "total_pagu_indikatif_bidang_urusan": 48096940648,
        "total_pagu_n_depan_bidang_urusan": 49531744758,
        "total_pagu_indikatif_program": 1969180648,
        "total_pagu_n_depan_program": 4072544758,
        "total_pagu_indikatif_kegiatan": 225000000,
        "total_pagu_n_depan_kegiatan": 50750000,
        "total_pagu_indikatif": 48096940648,
        "total_pagu_n_depan": 49531744758
    },
    {
        "migrated_at": null,
        "id_sub_bl": 62398,
        "id_daerah": 473,
        "tahun": 2026,
        "id_unit": 964,
        "id_skpd": 701,
        "created_user": 2252,
        "kode_skpd": "1.02.0.00.0.00.01.0002",
        "nama_skpd": "UPTD RSUD ARGA MAKMUR",
        "id_urusan": 11,
        "kode_urusan": "1",
        "nama_urusan": "URUSAN PEMERINTAHAN WAJIB YANG BERKAITAN DENGAN PELAYANAN DASAR",
        "id_bidang_urusan": 202,
        "kode_bidang_urusan": "1.02",
        "nama_bidang_urusan": "URUSAN PEMERINTAHAN BIDANG KESEHATAN",
        "id_sub_skpd": 964,
        "kode_sub_skpd": "1.02.0.00.0.00.01.0002",
        "nama_sub_skpd": "UPTD RSUD ARGA MAKMUR",
        "id_program": 3307,
        "kode_program": "1.02.03",
        "nama_program": "PROGRAM PENINGKATAN KAPASITAS SUMBER DAYA MANUSIA KESEHATAN",
        "outcome": "[ Meningkatnya Mutu dan Distribusi tenaga Kesehatan RSUD Arga Makmur ]",
        "indikator_outcome": "Persentase Peningkatan Kompetensi SDM Bidang Kesehatan Rumah Sakit",
        "target_akhir": "80",
        "realisasi_capaian": "65",
        "prakiraan": "0",
        "target_maju_1": "70",
        "urai_output": "Terlaksananya Pengembangan Mutu dan Peningkatan Kompetensi Teknis Sumber Daya Manusia Kesehatan",
        "id_giat": 15427,
        "kode_giat": "1.02.03.2.03",
        "nama_giat": "Pengembangan Mutu dan Peningkatan Kompetensi Teknis Sumber Daya Manusia Kesehatan Tingkat Daerah Kabupaten/Kota",
        "id_sub_giat": 51322,
        "kode_sub_giat": "1.02.03.2.03.0001",
        "nama_sub_giat": "Pengembangan Mutu dan Peningkatan Kompetensi Teknis Sumber Daya Manusia Kesehatan Tingkat Daerah Kabupaten/Kota",
        "pagu": 250000000,
        "pagu_indikatif": 250000000,
        "pagu_n_depan": 253750000,
        "kode_bl": "701.964.3307.15427",
        "kode_sbl": "701.964.3307.15427.51322",
        "urusan_locked": 0,
        "bidang_urusan_locked": 0,
        "program_locked": 0,
        "giat_locked": 0,
        "sub_giat_locked": 0,
        "kunci_bl": 1,
        "kunci_bl_rinci": 1,
        "id_output_bl": 60109,
        "satuan_output": "Orang",
        "tolak_ukur_output": "Jumlah Sumber Daya Manusia Kesehatan Tingkat Daerah Kabupaten/Kota yang Ditingkatkan Mutu dan Kompetensinya",
        "target_teks_output": "20 Orang",
        "satuan_capaian": "‰",
        "tolak_ukur_capaian": "Ratio Tenaga Medis Per Satuan Penduduk",
        "target_teks_capaian": "0,97 ‰",
        "satuan_sub": "Orang",
        "tolok_ukur_sub": "Jumlah Sumber Daya Manusia Kesehatan Tingkat Daerah Kabupaten/Kota yang Ditingkatkan Mutu dan Kompetensinya",
        "target_sub_teks": "10 Orang",
        "tolak_ukur_n": "Jumlah Sumber Daya Manusia Kesehatan Tingkat Daerah Kabupaten/Kota yang Ditingkatkan Mutu dan Kompetensinya",
        "target_teks_n": "20 Orang",
        "kode_dana": "1.2.01.08",
        "nama_dana": "Dana Alokasi Umum (DAU)",
        "lokasi_bl": "Kab. Bengkulu Utara, Kota Arga Makmur, Semua Kel/Desa",
        "id_label_pusat": 127,
        "label_pusat": "Memperkuat pembangunan sumber daya manusia (SDM), sains, teknologi, pendidikan, kesehatan, prestasi olahraga, kesetaraan gender, serta penguatan peran perempuan, pemuda (generasi milenial dan generasi Z), dan penyandang disabilitas.",
        "id_label_prov": 395,
        "label_prov": "1. Percepatan Pengentasan Kemiskinan dan Peningkatan Kualitas SDM yang Berdaya Saing\t",
        "id_label_kokab": 5207,
        "label_kokab": "2. Percepatan transformasi sosial kultural berbasis peningkatan kualitas sumber daya manusia",
        "kelompok_sasaran": "Masyarakat Bengkulu Utara",
        "target_akhir_program_renstra": null,
        "target_min_1_program_renstra": null,
        "target_n_program_renstra": null,
        "target_akhir_giat_renstra": null,
        "target_min_1_giat_renstra": null,
        "target_n_giat_renstra": null,
        "target_akhir_sub_giat_renstra": " ",
        "target_min_1_sub_giat_renstra": " ",
        "target_n_sub_giat_renstra": " ",
        "total_pagu_indikatif_sub_skpd": 48096940648,
        "total_pagu_n_depan_sub_skpd": 49531744758,
        "total_pagu_indikatif_urusan": 48096940648,
        "total_pagu_n_depan_urusan": 49531744758,
        "total_pagu_indikatif_bidang_urusan": 48096940648,
        "total_pagu_n_depan_bidang_urusan": 49531744758,
        "total_pagu_indikatif_program": 250000000,
        "total_pagu_n_depan_program": 253750000,
        "total_pagu_indikatif_kegiatan": 250000000,
        "total_pagu_n_depan_kegiatan": 253750000,
        "total_pagu_indikatif": 48096940648,
        "total_pagu_n_depan": 49531744758
    }
]