[
    {
        "migrated_at": null,
        "id_sub_bl": 62142,
        "id_daerah": 473,
        "tahun": 2026,
        "id_unit": 1106,
        "id_skpd": 1106,
        "created_user": 1623,
        "kode_skpd": "7.01.0.00.0.00.06.0000",
        "nama_skpd": "Kecamatan Batik Nau",
        "id_urusan": 17,
        "kode_urusan": "7",
        "nama_urusan": "UNSUR KEWILAYAHAN",
        "id_bidang_urusan": 243,
        "kode_bidang_urusan": "7.01",
        "nama_bidang_urusan": "KECAMATAN",
        "id_sub_skpd": 1106,
        "kode_sub_skpd": "7.01.0.00.0.00.06.0000",
        "nama_sub_skpd": "Kecamatan Batik Nau",
        "id_program": 4451,
        "kode_program": "7.01.01",
        "nama_program": "PROGRAM PENUNJANG URUSAN PEMERINTAHAN DAERAH KABUPATEN/KOTA",
        "outcome": "[ Terselenggaranya Penunjang urusan Pemerintahan Daerah Kecamatan Batik Nau ]",
        "indikator_outcome": "Persentase pemenuhan kebutuhan penunjang Perangkat Daerah",
        "target_akhir": "100",
        "realisasi_capaian": "100",
        "prakiraan": "100",
        "target_maju_1": "100",
        "urai_output": "Dokumen Perencanaan, Penganggaran dan Evaluasi Perangkat Daerah",
        "id_giat": 18371,
        "kode_giat": "7.01.01.2.01",
        "nama_giat": "Perencanaan, Penganggaran, dan Evaluasi Kinerja Perangkat Daerah",
        "id_sub_giat": 60589,
        "kode_sub_giat": "7.01.01.2.01.0001",
        "nama_sub_giat": "Penyusunan Dokumen Perencanaan Perangkat Daerah",
        "pagu": 15000000,
        "pagu_indikatif": 15000000,
        "pagu_n_depan": 18270000,
        "kode_bl": "1106.1106.4451.18371",
        "kode_sbl": "1106.1106.4451.18371.60589",
        "urusan_locked": 0,
        "bidang_urusan_locked": 0,
        "program_locked": 0,
        "giat_locked": 0,
        "sub_giat_locked": 0,
        "kunci_bl": 1,
        "kunci_bl_rinci": 1,
        "id_output_bl": 59851,
        "satuan_output": "Dokumen",
        "tolak_ukur_output": "Jumlah Dokumen Perencanaan Perangkat Daerah ",
        "target_teks_output": "2 Dokumen",
        "satuan_capaian": null,
        "tolak_ukur_capaian": null,
        "target_teks_capaian": null,
        "satuan_sub": null,
        "tolok_ukur_sub": null,
        "target_sub_teks": null,
        "tolak_ukur_n": "Jumlah Dokumen Perencanaan Perangkat Daerah ",
        "target_teks_n": "2 Dokumen",
        "kode_dana": "1.2.01.08",
        "nama_dana": "Dana Alokasi Umum (DAU)",
        "lokasi_bl": "Kab. Bengkulu Utara, Batik Nau, Semua Kel/Desa",
        "id_label_pusat": 0,
        "label_pusat": null,
        "id_label_prov": 398,
        "label_prov": "4. Inovasi dan Tata Kelola Pemerintahan",
        "id_label_kokab": 5210,
        "label_kokab": "5. Inovasi dan Tata Kelola Pemerintahan",
        "kelompok_sasaran": null,
        "target_akhir_program_renstra": null,
        "target_min_1_program_renstra": null,
        "target_n_program_renstra": null,
        "target_akhir_giat_renstra": null,
        "target_min_1_giat_renstra": null,
        "target_n_giat_renstra": null,
        "target_akhir_sub_giat_renstra": " ",
        "target_min_1_sub_giat_renstra": " ",
        "target_n_sub_giat_renstra": " ",
        "total_pagu_indikatif_sub_skpd": 2206700188,
        "total_pagu_n_depan_sub_skpd": 2178644240,
        "total_pagu_indikatif_urusan": 2206700188,
        "total_pagu_n_depan_urusan": 2178644240,
        "total_pagu_indikatif_bidang_urusan": 2206700188,
        "total_pagu_n_depan_bidang_urusan": 2178644240,
        "total_pagu_indikatif_program": 2050819791,
        "total_pagu_n_depan_program": 2014995997,
        "total_pagu_indikatif_kegiatan": 37815600,
        "total_pagu_n_depan_kegiatan": 36352825,
        "total_pagu_indikatif": 2206700188,
        "total_pagu_n_depan": 2178644240
    },
    {
        "migrated_at": null,
        "id_sub_bl": 62156,
        "id_daerah": 473,
        "tahun": 2026,
        "id_unit": 1106,
        "id_skpd": 1106,
        "created_user": 1623,
        "kode_skpd": "7.01.0.00.0.00.06.0000",
        "nama_skpd": "Kecamatan Batik Nau",
        "id_urusan": 17,
        "kode_urusan": "7",
        "nama_urusan": "UNSUR KEWILAYAHAN",
        "id_bidang_urusan": 243,
        "kode_bidang_urusan": "7.01",
        "nama_bidang_urusan": "KECAMATAN",
        "id_sub_skpd": 1106,
        "kode_sub_skpd": "7.01.0.00.0.00.06.0000",
        "nama_sub_skpd": "Kecamatan Batik Nau",
        "id_program": 4451,
        "kode_program": "7.01.01",
        "nama_program": "PROGRAM PENUNJANG URUSAN PEMERINTAHAN DAERAH KABUPATEN/KOTA",
        "outcome": "[ Terselenggaranya Penunjang urusan Pemerintahan Daerah Kecamatan Batik Nau ]",
        "indikator_outcome": "Persentase pemenuhan kebutuhan penunjang Perangkat Daerah",
        "target_akhir": "100",
        "realisasi_capaian": "100",
        "prakiraan": "100",
        "target_maju_1": "100",
        "urai_output": "Dokumen Perencanaan, Penganggaran dan Evaluasi Perangkat Daerah",
        "id_giat": 18371,
        "kode_giat": "7.01.01.2.01",
        "nama_giat": "Perencanaan, Penganggaran, dan Evaluasi Kinerja Perangkat Daerah",
        "id_sub_giat": 60590,
        "kode_sub_giat": "7.01.01.2.01.0002",
        "nama_sub_giat": "Koordinasi dan Penyusunan Dokumen RKA-SKPD",
        "pagu": 5583600,
        "pagu_indikatif": 5583600,
        "pagu_n_depan": 4652345,
        "kode_bl": "1106.1106.4451.18371",
        "kode_sbl": "1106.1106.4451.18371.60590",
        "urusan_locked": 0,
        "bidang_urusan_locked": 0,
        "program_locked": 0,
        "giat_locked": 0,
        "sub_giat_locked": 0,
        "kunci_bl": 1,
        "kunci_bl_rinci": 1,
        "id_output_bl": 59865,
        "satuan_output": "Dokumen",
        "tolak_ukur_output": "Jumlah Dokumen RKA-SKPD dan Laporan Hasil Koordinasi Penyusunan Dokumen RKA-SKPD",
        "target_teks_output": "1 Dokumen",
        "satuan_capaian": null,
        "tolak_ukur_capaian": null,
        "target_teks_capaian": null,
        "satuan_sub": null,
        "tolok_ukur_sub": null,
        "target_sub_teks": null,
        "tolak_ukur_n": "Jumlah Dokumen RKA-SKPD dan Laporan Hasil Koordinasi Penyusunan Dokumen RKA-SKPD",
        "target_teks_n": "1 Dokumen",
        "kode_dana": "1.2.01.08",
        "nama_dana": "Dana Alokasi Umum (DAU)",
        "lokasi_bl": "Kab. Bengkulu Utara, Batik Nau, Semua Kel/Desa",
        "id_label_pusat": 0,
        "label_pusat": null,
        "id_label_prov": 398,
        "label_prov": "4. Inovasi dan Tata Kelola Pemerintahan",
        "id_label_kokab": 5210,
        "label_kokab": "5. Inovasi dan Tata Kelola Pemerintahan",
        "kelompok_sasaran": null,
        "target_akhir_program_renstra": null,
        "target_min_1_program_renstra": null,
        "target_n_program_renstra": null,
        "target_akhir_giat_renstra": null,
        "target_min_1_giat_renstra": null,
        "target_n_giat_renstra": null,
        "target_akhir_sub_giat_renstra": " ",
        "target_min_1_sub_giat_renstra": " ",
        "target_n_sub_giat_renstra": " ",
        "total_pagu_indikatif_sub_skpd": 2206700188,
        "total_pagu_n_depan_sub_skpd": 2178644240,
        "total_pagu_indikatif_urusan": 2206700188,
        "total_pagu_n_depan_urusan": 2178644240,
        "total_pagu_indikatif_bidang_urusan": 2206700188,
        "total_pagu_n_depan_bidang_urusan": 2178644240,
        "total_pagu_indikatif_program": 2050819791,
        "total_pagu_n_depan_program": 2014995997,
        "total_pagu_indikatif_kegiatan": 37815600,
        "total_pagu_n_depan_kegiatan": 36352825,
        "total_pagu_indikatif": 2206700188,
        "total_pagu_n_depan": 2178644240
    },
    {
        "migrated_at": null,
        "id_sub_bl": 62159,
        "id_daerah": 473,
        "tahun": 2026,
        "id_unit": 1106,
        "id_skpd": 1106,
        "created_user": 1623,
        "kode_skpd": "7.01.0.00.0.00.06.0000",
        "nama_skpd": "Kecamatan Batik Nau",
        "id_urusan": 17,
        "kode_urusan": "7",
        "nama_urusan": "UNSUR KEWILAYAHAN",
        "id_bidang_urusan": 243,
        "kode_bidang_urusan": "7.01",
        "nama_bidang_urusan": "KECAMATAN",
        "id_sub_skpd": 1106,
        "kode_sub_skpd": "7.01.0.00.0.00.06.0000",
        "nama_sub_skpd": "Kecamatan Batik Nau",
        "id_program": 4451,
        "kode_program": "7.01.01",
        "nama_program": "PROGRAM PENUNJANG URUSAN PEMERINTAHAN DAERAH KABUPATEN/KOTA",
        "outcome": "[ Terselenggaranya Penunjang urusan Pemerintahan Daerah Kecamatan Batik Nau ]",
        "indikator_outcome": "Persentase pemenuhan kebutuhan penunjang Perangkat Daerah",
        "target_akhir": "100",
        "realisasi_capaian": "100",
        "prakiraan": "100",
        "target_maju_1": "100",
        "urai_output": "Dokumen Perencanaan, Penganggaran dan Evaluasi Perangkat Daerah",
        "id_giat": 18371,
        "kode_giat": "7.01.01.2.01",
        "nama_giat": "Perencanaan, Penganggaran, dan Evaluasi Kinerja Perangkat Daerah",
        "id_sub_giat": 60592,
        "kode_sub_giat": "7.01.01.2.01.0004",
        "nama_sub_giat": "Koordinasi dan Penyusunan DPA-SKPD",
        "pagu": 5296200,
        "pagu_indikatif": 5296200,
        "pagu_n_depan": 5375643,
        "kode_bl": "1106.1106.4451.18371",
        "kode_sbl": "1106.1106.4451.18371.60592",
        "urusan_locked": 0,
        "bidang_urusan_locked": 0,
        "program_locked": 0,
        "giat_locked": 0,
        "sub_giat_locked": 0,
        "kunci_bl": 1,
        "kunci_bl_rinci": 1,
        "id_output_bl": 59868,
        "satuan_output": "Dokumen",
        "tolak_ukur_output": "Jumlah Dokumen DPA-SKPD dan Laporan Hasil Koordinasi Penyusunan Dokumen DPA-SKPD",
        "target_teks_output": "1 Dokumen",
        "satuan_capaian": null,
        "tolak_ukur_capaian": null,
        "target_teks_capaian": null,
        "satuan_sub": null,
        "tolok_ukur_sub": null,
        "target_sub_teks": null,
        "tolak_ukur_n": "Jumlah Dokumen DPA-SKPD dan Laporan Hasil Koordinasi Penyusunan Dokumen DPA-SKPD",
        "target_teks_n": "1 Dokumen",
        "kode_dana": "1.2.01.08",
        "nama_dana": "Dana Alokasi Umum (DAU)",
        "lokasi_bl": "Kab. Bengkulu Utara, Batik Nau, Semua Kel/Desa",
        "id_label_pusat": 0,
        "label_pusat": null,
        "id_label_prov": 398,
        "label_prov": "4. Inovasi dan Tata Kelola Pemerintahan",
        "id_label_kokab": 5210,
        "label_kokab": "5. Inovasi dan Tata Kelola Pemerintahan",
        "kelompok_sasaran": null,
        "target_akhir_program_renstra": null,
        "target_min_1_program_renstra": null,
        "target_n_program_renstra": null,
        "target_akhir_giat_renstra": null,
        "target_min_1_giat_renstra": null,
        "target_n_giat_renstra": null,
        "target_akhir_sub_giat_renstra": " ",
        "target_min_1_sub_giat_renstra": " ",
        "target_n_sub_giat_renstra": " ",
        "total_pagu_indikatif_sub_skpd": 2206700188,
        "total_pagu_n_depan_sub_skpd": 2178644240,
        "total_pagu_indikatif_urusan": 2206700188,
        "total_pagu_n_depan_urusan": 2178644240,
        "total_pagu_indikatif_bidang_urusan": 2206700188,
        "total_pagu_n_depan_bidang_urusan": 2178644240,
        "total_pagu_indikatif_program": 2050819791,
        "total_pagu_n_depan_program": 2014995997,
        "total_pagu_indikatif_kegiatan": 37815600,
        "total_pagu_n_depan_kegiatan": 36352825,
        "total_pagu_indikatif": 2206700188,
        "total_pagu_n_depan": 2178644240
    },
    {
        "migrated_at": null,
        "id_sub_bl": 62164,
        "id_daerah": 473,
        "tahun": 2026,
        "id_unit": 1106,
        "id_skpd": 1106,
        "created_user": 1623,
        "kode_skpd": "7.01.0.00.0.00.06.0000",
        "nama_skpd": "Kecamatan Batik Nau",
        "id_urusan": 17,
        "kode_urusan": "7",
        "nama_urusan": "UNSUR KEWILAYAHAN",
        "id_bidang_urusan": 243,
        "kode_bidang_urusan": "7.01",
        "nama_bidang_urusan": "KECAMATAN",
        "id_sub_skpd": 1106,
        "kode_sub_skpd": "7.01.0.00.0.00.06.0000",
        "nama_sub_skpd": "Kecamatan Batik Nau",
        "id_program": 4451,
        "kode_program": "7.01.01",
        "nama_program": "PROGRAM PENUNJANG URUSAN PEMERINTAHAN DAERAH KABUPATEN/KOTA",
        "outcome": "[ Terselenggaranya Penunjang urusan Pemerintahan Daerah Kecamatan Batik Nau ]",
        "indikator_outcome": "Persentase pemenuhan kebutuhan penunjang Perangkat Daerah",
        "target_akhir": "100",
        "realisasi_capaian": "100",
        "prakiraan": "100",
        "target_maju_1": "100",
        "urai_output": "Dokumen Perencanaan, Penganggaran dan Evaluasi Perangkat Daerah",
        "id_giat": 18371,
        "kode_giat": "7.01.01.2.01",
        "nama_giat": "Perencanaan, Penganggaran, dan Evaluasi Kinerja Perangkat Daerah",
        "id_sub_giat": 60594,
        "kode_sub_giat": "7.01.01.2.01.0006",
        "nama_sub_giat": "Koordinasi dan Penyusunan Laporan Capaian Kinerja dan Ikhtisar Realisasi Kinerja SKPD",
        "pagu": 5954400,
        "pagu_indikatif": 5954400,
        "pagu_n_depan": 4013716,
        "kode_bl": "1106.1106.4451.18371",
        "kode_sbl": "1106.1106.4451.18371.60594",
        "urusan_locked": 0,
        "bidang_urusan_locked": 0,
        "program_locked": 0,
        "giat_locked": 0,
        "sub_giat_locked": 0,
        "kunci_bl": 1,
        "kunci_bl_rinci": 1,
        "id_output_bl": 59873,
        "satuan_output": "Laporan",
        "tolak_ukur_output": "Jumlah Laporan Capaian Kinerja dan Ikhtisar Realisasi Kinerja SKPD dan Laporan Hasil Koordinasi Penyusunan Laporan Capaian Kinerja dan Ikhtisar Realisasi Kinerja SKPD",
        "target_teks_output": "5 Laporan",
        "satuan_capaian": null,
        "tolak_ukur_capaian": null,
        "target_teks_capaian": null,
        "satuan_sub": null,
        "tolok_ukur_sub": null,
        "target_sub_teks": null,
        "tolak_ukur_n": "Jumlah Laporan Capaian Kinerja dan Ikhtisar Realisasi Kinerja SKPD dan Laporan Hasil Koordinasi Penyusunan Laporan Capaian Kinerja dan Ikhtisar Realisasi Kinerja SKPD",
        "target_teks_n": "5 Laporan",
        "kode_dana": "1.2.01.08",
        "nama_dana": "Dana Alokasi Umum (DAU)",
        "lokasi_bl": "Kab. Bengkulu Utara, Batik Nau, Semua Kel/Desa",
        "id_label_pusat": 0,
        "label_pusat": null,
        "id_label_prov": 398,
        "label_prov": "4. Inovasi dan Tata Kelola Pemerintahan",
        "id_label_kokab": 5210,
        "label_kokab": "5. Inovasi dan Tata Kelola Pemerintahan",
        "kelompok_sasaran": null,
        "target_akhir_program_renstra": null,
        "target_min_1_program_renstra": null,
        "target_n_program_renstra": null,
        "target_akhir_giat_renstra": null,
        "target_min_1_giat_renstra": null,
        "target_n_giat_renstra": null,
        "target_akhir_sub_giat_renstra": " ",
        "target_min_1_sub_giat_renstra": " ",
        "target_n_sub_giat_renstra": " ",
        "total_pagu_indikatif_sub_skpd": 2206700188,
        "total_pagu_n_depan_sub_skpd": 2178644240,
        "total_pagu_indikatif_urusan": 2206700188,
        "total_pagu_n_depan_urusan": 2178644240,
        "total_pagu_indikatif_bidang_urusan": 2206700188,
        "total_pagu_n_depan_bidang_urusan": 2178644240,
        "total_pagu_indikatif_program": 2050819791,
        "total_pagu_n_depan_program": 2014995997,
        "total_pagu_indikatif_kegiatan": 37815600,
        "total_pagu_n_depan_kegiatan": 36352825,
        "total_pagu_indikatif": 2206700188,
        "total_pagu_n_depan": 2178644240
    },
    {
        "migrated_at": null,
        "id_sub_bl": 62174,
        "id_daerah": 473,
        "tahun": 2026,
        "id_unit": 1106,
        "id_skpd": 1106,
        "created_user": 1623,
        "kode_skpd": "7.01.0.00.0.00.06.0000",
        "nama_skpd": "Kecamatan Batik Nau",
        "id_urusan": 17,
        "kode_urusan": "7",
        "nama_urusan": "UNSUR KEWILAYAHAN",
        "id_bidang_urusan": 243,
        "kode_bidang_urusan": "7.01",
        "nama_bidang_urusan": "KECAMATAN",
        "id_sub_skpd": 1106,
        "kode_sub_skpd": "7.01.0.00.0.00.06.0000",
        "nama_sub_skpd": "Kecamatan Batik Nau",
        "id_program": 4451,
        "kode_program": "7.01.01",
        "nama_program": "PROGRAM PENUNJANG URUSAN PEMERINTAHAN DAERAH KABUPATEN/KOTA",
        "outcome": "[ Terselenggaranya Penunjang urusan Pemerintahan Daerah Kecamatan Batik Nau ]",
        "indikator_outcome": "Persentase pemenuhan kebutuhan penunjang Perangkat Daerah",
        "target_akhir": "100",
        "realisasi_capaian": "100",
        "prakiraan": "100",
        "target_maju_1": "100",
        "urai_output": "Dokumen Perencanaan, Penganggaran dan Evaluasi Perangkat Daerah",
        "id_giat": 18371,
        "kode_giat": "7.01.01.2.01",
        "nama_giat": "Perencanaan, Penganggaran, dan Evaluasi Kinerja Perangkat Daerah",
        "id_sub_giat": 60595,
        "kode_sub_giat": "7.01.01.2.01.0007",
        "nama_sub_giat": "Evaluasi Kinerja Perangkat Daerah",
        "pagu": 5981400,
        "pagu_indikatif": 5981400,
        "pagu_n_depan": 4041121,
        "kode_bl": "1106.1106.4451.18371",
        "kode_sbl": "1106.1106.4451.18371.60595",
        "urusan_locked": 0,
        "bidang_urusan_locked": 0,
        "program_locked": 0,
        "giat_locked": 0,
        "sub_giat_locked": 0,
        "kunci_bl": 1,
        "kunci_bl_rinci": 1,
        "id_output_bl": 59883,
        "satuan_output": "Laporan",
        "tolak_ukur_output": "Jumlah Laporan Evaluasi Kinerja Perangkat Daerah",
        "target_teks_output": "1 Laporan",
        "satuan_capaian": null,
        "tolak_ukur_capaian": null,
        "target_teks_capaian": null,
        "satuan_sub": null,
        "tolok_ukur_sub": null,
        "target_sub_teks": null,
        "tolak_ukur_n": "Jumlah Laporan Evaluasi Kinerja Perangkat Daerah",
        "target_teks_n": "1 Laporan",
        "kode_dana": "1.2.01.08",
        "nama_dana": "Dana Alokasi Umum (DAU)",
        "lokasi_bl": "Kab. Bengkulu Utara, Batik Nau, Semua Kel/Desa",
        "id_label_pusat": 0,
        "label_pusat": null,
        "id_label_prov": 398,
        "label_prov": "4. Inovasi dan Tata Kelola Pemerintahan",
        "id_label_kokab": 5210,
        "label_kokab": "5. Inovasi dan Tata Kelola Pemerintahan",
        "kelompok_sasaran": null,
        "target_akhir_program_renstra": null,
        "target_min_1_program_renstra": null,
        "target_n_program_renstra": null,
        "target_akhir_giat_renstra": null,
        "target_min_1_giat_renstra": null,
        "target_n_giat_renstra": null,
        "target_akhir_sub_giat_renstra": " ",
        "target_min_1_sub_giat_renstra": " ",
        "target_n_sub_giat_renstra": " ",
        "total_pagu_indikatif_sub_skpd": 2206700188,
        "total_pagu_n_depan_sub_skpd": 2178644240,
        "total_pagu_indikatif_urusan": 2206700188,
        "total_pagu_n_depan_urusan": 2178644240,
        "total_pagu_indikatif_bidang_urusan": 2206700188,
        "total_pagu_n_depan_bidang_urusan": 2178644240,
        "total_pagu_indikatif_program": 2050819791,
        "total_pagu_n_depan_program": 2014995997,
        "total_pagu_indikatif_kegiatan": 37815600,
        "total_pagu_n_depan_kegiatan": 36352825,
        "total_pagu_indikatif": 2206700188,
        "total_pagu_n_depan": 2178644240
    },
    {
        "migrated_at": null,
        "id_sub_bl": 62176,
        "id_daerah": 473,
        "tahun": 2026,
        "id_unit": 1106,
        "id_skpd": 1106,
        "created_user": 1623,
        "kode_skpd": "7.01.0.00.0.00.06.0000",
        "nama_skpd": "Kecamatan Batik Nau",
        "id_urusan": 17,
        "kode_urusan": "7",
        "nama_urusan": "UNSUR KEWILAYAHAN",
        "id_bidang_urusan": 243,
        "kode_bidang_urusan": "7.01",
        "nama_bidang_urusan": "KECAMATAN",
        "id_sub_skpd": 1106,
        "kode_sub_skpd": "7.01.0.00.0.00.06.0000",
        "nama_sub_skpd": "Kecamatan Batik Nau",
        "id_program": 4451,
        "kode_program": "7.01.01",
        "nama_program": "PROGRAM PENUNJANG URUSAN PEMERINTAHAN DAERAH KABUPATEN/KOTA",
        "outcome": "[ Terselenggaranya Penunjang urusan Pemerintahan Daerah Kecamatan Batik Nau ]",
        "indikator_outcome": "Persentase pemenuhan kebutuhan penunjang Perangkat Daerah",
        "target_akhir": "100",
        "realisasi_capaian": "100",
        "prakiraan": "100",
        "target_maju_1": "100",
        "urai_output": "Pemenuhan Administrasi Keuangan Perangkat Daerah",
        "id_giat": 18372,
        "kode_giat": "7.01.01.2.02",
        "nama_giat": "Administrasi Keuangan Perangkat Daerah",
        "id_sub_giat": 60602,
        "kode_sub_giat": "7.01.01.2.02.0001",
        "nama_sub_giat": "Penyediaan Gaji dan Tunjangan ASN",
        "pagu": 1539682225,
        "pagu_indikatif": 1539682225,
        "pagu_n_depan": 1562777458,
        "kode_bl": "1106.1106.4451.18372",
        "kode_sbl": "1106.1106.4451.18372.60602",
        "urusan_locked": 0,
        "bidang_urusan_locked": 0,
        "program_locked": 0,
        "giat_locked": 0,
        "sub_giat_locked": 0,
        "kunci_bl": 1,
        "kunci_bl_rinci": 1,
        "id_output_bl": 59886,
        "satuan_output": "Orang/bulan",
        "tolak_ukur_output": "Jumlah Orang yang Menerima Gaji dan Tunjangan ASN",
        "target_teks_output": "19 Orang/bulan",
        "satuan_capaian": null,
        "tolak_ukur_capaian": null,
        "target_teks_capaian": null,
        "satuan_sub": null,
        "tolok_ukur_sub": null,
        "target_sub_teks": null,
        "tolak_ukur_n": "Jumlah Orang yang Menerima Gaji dan Tunjangan ASN",
        "target_teks_n": "19 Orang/bulan",
        "kode_dana": "1.2.01.08",
        "nama_dana": "Dana Alokasi Umum (DAU)",
        "lokasi_bl": "Kab. Bengkulu Utara, Batik Nau, Semua Kel/Desa",
        "id_label_pusat": 0,
        "label_pusat": null,
        "id_label_prov": 398,
        "label_prov": "4. Inovasi dan Tata Kelola Pemerintahan",
        "id_label_kokab": 5210,
        "label_kokab": "5. Inovasi dan Tata Kelola Pemerintahan",
        "kelompok_sasaran": null,
        "target_akhir_program_renstra": null,
        "target_min_1_program_renstra": null,
        "target_n_program_renstra": null,
        "target_akhir_giat_renstra": null,
        "target_min_1_giat_renstra": null,
        "target_n_giat_renstra": null,
        "target_akhir_sub_giat_renstra": " ",
        "target_min_1_sub_giat_renstra": " ",
        "target_n_sub_giat_renstra": " ",
        "total_pagu_indikatif_sub_skpd": 2206700188,
        "total_pagu_n_depan_sub_skpd": 2178644240,
        "total_pagu_indikatif_urusan": 2206700188,
        "total_pagu_n_depan_urusan": 2178644240,
        "total_pagu_indikatif_bidang_urusan": 2206700188,
        "total_pagu_n_depan_bidang_urusan": 2178644240,
        "total_pagu_indikatif_program": 2050819791,
        "total_pagu_n_depan_program": 2014995997,
        "total_pagu_indikatif_kegiatan": 1608817191,
        "total_pagu_n_depan_kegiatan": 1615209707,
        "total_pagu_indikatif": 2206700188,
        "total_pagu_n_depan": 2178644240
    },
    {
        "migrated_at": null,
        "id_sub_bl": 62179,
        "id_daerah": 473,
        "tahun": 2026,
        "id_unit": 1106,
        "id_skpd": 1106,
        "created_user": 1623,
        "kode_skpd": "7.01.0.00.0.00.06.0000",
        "nama_skpd": "Kecamatan Batik Nau",
        "id_urusan": 17,
        "kode_urusan": "7",
        "nama_urusan": "UNSUR KEWILAYAHAN",
        "id_bidang_urusan": 243,
        "kode_bidang_urusan": "7.01",
        "nama_bidang_urusan": "KECAMATAN",
        "id_sub_skpd": 1106,
        "kode_sub_skpd": "7.01.0.00.0.00.06.0000",
        "nama_sub_skpd": "Kecamatan Batik Nau",
        "id_program": 4451,
        "kode_program": "7.01.01",
        "nama_program": "PROGRAM PENUNJANG URUSAN PEMERINTAHAN DAERAH KABUPATEN/KOTA",
        "outcome": "[ Terselenggaranya Penunjang urusan Pemerintahan Daerah Kecamatan Batik Nau ]",
        "indikator_outcome": "Persentase pemenuhan kebutuhan penunjang Perangkat Daerah",
        "target_akhir": "100",
        "realisasi_capaian": "100",
        "prakiraan": "100",
        "target_maju_1": "100",
        "urai_output": "Pemenuhan Administrasi Keuangan Perangkat Daerah",
        "id_giat": 18372,
        "kode_giat": "7.01.01.2.02",
        "nama_giat": "Administrasi Keuangan Perangkat Daerah",
        "id_sub_giat": 60604,
        "kode_sub_giat": "7.01.01.2.02.0003",
        "nama_sub_giat": "Pelaksanaan Penatausahaan dan\r\n\nPengujian/Verifikasi Keuangan SKPD",
        "pagu": 57931566,
        "pagu_indikatif": 57931566,
        "pagu_n_depan": 44812500,
        "kode_bl": "1106.1106.4451.18372",
        "kode_sbl": "1106.1106.4451.18372.60604",
        "urusan_locked": 0,
        "bidang_urusan_locked": 0,
        "program_locked": 0,
        "giat_locked": 0,
        "sub_giat_locked": 0,
        "kunci_bl": 1,
        "kunci_bl_rinci": 1,
        "id_output_bl": 59889,
        "satuan_output": "Dokumen",
        "tolak_ukur_output": "Jumlah Dokumen Penatausahaan dan Pengujian/Verifikasi Keuangan SKPD",
        "target_teks_output": "1 Dokumen",
        "satuan_capaian": null,
        "tolak_ukur_capaian": null,
        "target_teks_capaian": null,
        "satuan_sub": null,
        "tolok_ukur_sub": null,
        "target_sub_teks": null,
        "tolak_ukur_n": "Jumlah Dokumen Penatausahaan dan Pengujian/Verifikasi Keuangan SKPD",
        "target_teks_n": "1 Dokumen",
        "kode_dana": "1.2.01.08",
        "nama_dana": "Dana Alokasi Umum (DAU)",
        "lokasi_bl": "Kab. Bengkulu Utara, Batik Nau, Semua Kel/Desa",
        "id_label_pusat": 0,
        "label_pusat": null,
        "id_label_prov": 398,
        "label_prov": "4. Inovasi dan Tata Kelola Pemerintahan",
        "id_label_kokab": 5210,
        "label_kokab": "5. Inovasi dan Tata Kelola Pemerintahan",
        "kelompok_sasaran": null,
        "target_akhir_program_renstra": null,
        "target_min_1_program_renstra": null,
        "target_n_program_renstra": null,
        "target_akhir_giat_renstra": null,
        "target_min_1_giat_renstra": null,
        "target_n_giat_renstra": null,
        "target_akhir_sub_giat_renstra": " ",
        "target_min_1_sub_giat_renstra": " ",
        "target_n_sub_giat_renstra": " ",
        "total_pagu_indikatif_sub_skpd": 2206700188,
        "total_pagu_n_depan_sub_skpd": 2178644240,
        "total_pagu_indikatif_urusan": 2206700188,
        "total_pagu_n_depan_urusan": 2178644240,
        "total_pagu_indikatif_bidang_urusan": 2206700188,
        "total_pagu_n_depan_bidang_urusan": 2178644240,
        "total_pagu_indikatif_program": 2050819791,
        "total_pagu_n_depan_program": 2014995997,
        "total_pagu_indikatif_kegiatan": 1608817191,
        "total_pagu_n_depan_kegiatan": 1615209707,
        "total_pagu_indikatif": 2206700188,
        "total_pagu_n_depan": 2178644240
    },
    {
        "migrated_at": null,
        "id_sub_bl": 62182,
        "id_daerah": 473,
        "tahun": 2026,
        "id_unit": 1106,
        "id_skpd": 1106,
        "created_user": 1623,
        "kode_skpd": "7.01.0.00.0.00.06.0000",
        "nama_skpd": "Kecamatan Batik Nau",
        "id_urusan": 17,
        "kode_urusan": "7",
        "nama_urusan": "UNSUR KEWILAYAHAN",
        "id_bidang_urusan": 243,
        "kode_bidang_urusan": "7.01",
        "nama_bidang_urusan": "KECAMATAN",
        "id_sub_skpd": 1106,
        "kode_sub_skpd": "7.01.0.00.0.00.06.0000",
        "nama_sub_skpd": "Kecamatan Batik Nau",
        "id_program": 4451,
        "kode_program": "7.01.01",
        "nama_program": "PROGRAM PENUNJANG URUSAN PEMERINTAHAN DAERAH KABUPATEN/KOTA",
        "outcome": "[ Terselenggaranya Penunjang urusan Pemerintahan Daerah Kecamatan Batik Nau ]",
        "indikator_outcome": "Persentase pemenuhan kebutuhan penunjang Perangkat Daerah",
        "target_akhir": "100",
        "realisasi_capaian": "100",
        "prakiraan": "100",
        "target_maju_1": "100",
        "urai_output": "Pemenuhan Administrasi Keuangan Perangkat Daerah",
        "id_giat": 18372,
        "kode_giat": "7.01.01.2.02",
        "nama_giat": "Administrasi Keuangan Perangkat Daerah",
        "id_sub_giat": 60606,
        "kode_sub_giat": "7.01.01.2.02.0005",
        "nama_sub_giat": "Koordinasi dan Penyusunan Laporan Keuangan Akhir Tahun SKPD",
        "pagu": 5596800,
        "pagu_indikatif": 5596800,
        "pagu_n_depan": 3959050,
        "kode_bl": "1106.1106.4451.18372",
        "kode_sbl": "1106.1106.4451.18372.60606",
        "urusan_locked": 0,
        "bidang_urusan_locked": 0,
        "program_locked": 0,
        "giat_locked": 0,
        "sub_giat_locked": 0,
        "kunci_bl": 1,
        "kunci_bl_rinci": 1,
        "id_output_bl": 59892,
        "satuan_output": "Laporan",
        "tolak_ukur_output": "Jumlah Laporan Keuangan Akhir Tahun SKPD dan Laporan Hasil Koordinasi Penyusunan Laporan Keuangan Akhir Tahun SKPD",
        "target_teks_output": "1 Laporan",
        "satuan_capaian": null,
        "tolak_ukur_capaian": null,
        "target_teks_capaian": null,
        "satuan_sub": null,
        "tolok_ukur_sub": null,
        "target_sub_teks": null,
        "tolak_ukur_n": "Jumlah Laporan Keuangan Akhir Tahun SKPD dan Laporan Hasil Koordinasi Penyusunan Laporan Keuangan Akhir Tahun SKPD",
        "target_teks_n": "1 Laporan",
        "kode_dana": "1.2.01.08",
        "nama_dana": "Dana Alokasi Umum (DAU)",
        "lokasi_bl": "Kab. Bengkulu Utara, Batik Nau, Semua Kel/Desa",
        "id_label_pusat": 0,
        "label_pusat": null,
        "id_label_prov": 398,
        "label_prov": "4. Inovasi dan Tata Kelola Pemerintahan",
        "id_label_kokab": 5210,
        "label_kokab": "5. Inovasi dan Tata Kelola Pemerintahan",
        "kelompok_sasaran": null,
        "target_akhir_program_renstra": null,
        "target_min_1_program_renstra": null,
        "target_n_program_renstra": null,
        "target_akhir_giat_renstra": null,
        "target_min_1_giat_renstra": null,
        "target_n_giat_renstra": null,
        "target_akhir_sub_giat_renstra": " ",
        "target_min_1_sub_giat_renstra": " ",
        "target_n_sub_giat_renstra": " ",
        "total_pagu_indikatif_sub_skpd": 2206700188,
        "total_pagu_n_depan_sub_skpd": 2178644240,
        "total_pagu_indikatif_urusan": 2206700188,
        "total_pagu_n_depan_urusan": 2178644240,
        "total_pagu_indikatif_bidang_urusan": 2206700188,
        "total_pagu_n_depan_bidang_urusan": 2178644240,
        "total_pagu_indikatif_program": 2050819791,
        "total_pagu_n_depan_program": 2014995997,
        "total_pagu_indikatif_kegiatan": 1608817191,
        "total_pagu_n_depan_kegiatan": 1615209707,
        "total_pagu_indikatif": 2206700188,
        "total_pagu_n_depan": 2178644240
    },
    {
        "migrated_at": null,
        "id_sub_bl": 62184,
        "id_daerah": 473,
        "tahun": 2026,
        "id_unit": 1106,
        "id_skpd": 1106,
        "created_user": 1623,
        "kode_skpd": "7.01.0.00.0.00.06.0000",
        "nama_skpd": "Kecamatan Batik Nau",
        "id_urusan": 17,
        "kode_urusan": "7",
        "nama_urusan": "UNSUR KEWILAYAHAN",
        "id_bidang_urusan": 243,
        "kode_bidang_urusan": "7.01",
        "nama_bidang_urusan": "KECAMATAN",
        "id_sub_skpd": 1106,
        "kode_sub_skpd": "7.01.0.00.0.00.06.0000",
        "nama_sub_skpd": "Kecamatan Batik Nau",
        "id_program": 4451,
        "kode_program": "7.01.01",
        "nama_program": "PROGRAM PENUNJANG URUSAN PEMERINTAHAN DAERAH KABUPATEN/KOTA",
        "outcome": "[ Terselenggaranya Penunjang urusan Pemerintahan Daerah Kecamatan Batik Nau ]",
        "indikator_outcome": "Persentase pemenuhan kebutuhan penunjang Perangkat Daerah",
        "target_akhir": "100",
        "realisasi_capaian": "100",
        "prakiraan": "100",
        "target_maju_1": "100",
        "urai_output": "Pemenuhan Administrasi Keuangan Perangkat Daerah",
        "id_giat": 18372,
        "kode_giat": "7.01.01.2.02",
        "nama_giat": "Administrasi Keuangan Perangkat Daerah",
        "id_sub_giat": 60608,
        "kode_sub_giat": "7.01.01.2.02.0007",
        "nama_sub_giat": "Koordinasi dan Penyusunan Laporan Keuangan Bulanan/ Triwulanan/ Semesteran SKPD",
        "pagu": 5606600,
        "pagu_indikatif": 5606600,
        "pagu_n_depan": 3660699,
        "kode_bl": "1106.1106.4451.18372",
        "kode_sbl": "1106.1106.4451.18372.60608",
        "urusan_locked": 0,
        "bidang_urusan_locked": 0,
        "program_locked": 0,
        "giat_locked": 0,
        "sub_giat_locked": 0,
        "kunci_bl": 1,
        "kunci_bl_rinci": 1,
        "id_output_bl": 59894,
        "satuan_output": "Laporan",
        "tolak_ukur_output": "Jumlah Laporan Keuangan Bulanan/ Triwulanan/ Semesteran SKPD dan Laporan Koordinasi Penyusunan Laporan Keuangan Bulanan/Triwulanan/Semesteran SKPD",
        "target_teks_output": "2 Laporan",
        "satuan_capaian": null,
        "tolak_ukur_capaian": null,
        "target_teks_capaian": null,
        "satuan_sub": null,
        "tolok_ukur_sub": null,
        "target_sub_teks": null,
        "tolak_ukur_n": "Jumlah Laporan Keuangan Bulanan/ Triwulanan/ Semesteran SKPD dan Laporan Koordinasi Penyusunan Laporan Keuangan Bulanan/Triwulanan/Semesteran SKPD",
        "target_teks_n": "2 Laporan",
        "kode_dana": "1.2.01.08",
        "nama_dana": "Dana Alokasi Umum (DAU)",
        "lokasi_bl": "Kab. Bengkulu Utara, Batik Nau, Semua Kel/Desa",
        "id_label_pusat": 0,
        "label_pusat": null,
        "id_label_prov": 398,
        "label_prov": "4. Inovasi dan Tata Kelola Pemerintahan",
        "id_label_kokab": 5210,
        "label_kokab": "5. Inovasi dan Tata Kelola Pemerintahan",
        "kelompok_sasaran": null,
        "target_akhir_program_renstra": null,
        "target_min_1_program_renstra": null,
        "target_n_program_renstra": null,
        "target_akhir_giat_renstra": null,
        "target_min_1_giat_renstra": null,
        "target_n_giat_renstra": null,
        "target_akhir_sub_giat_renstra": " ",
        "target_min_1_sub_giat_renstra": " ",
        "target_n_sub_giat_renstra": " ",
        "total_pagu_indikatif_sub_skpd": 2206700188,
        "total_pagu_n_depan_sub_skpd": 2178644240,
        "total_pagu_indikatif_urusan": 2206700188,
        "total_pagu_n_depan_urusan": 2178644240,
        "total_pagu_indikatif_bidang_urusan": 2206700188,
        "total_pagu_n_depan_bidang_urusan": 2178644240,
        "total_pagu_indikatif_program": 2050819791,
        "total_pagu_n_depan_program": 2014995997,
        "total_pagu_indikatif_kegiatan": 1608817191,
        "total_pagu_n_depan_kegiatan": 1615209707,
        "total_pagu_indikatif": 2206700188,
        "total_pagu_n_depan": 2178644240
    },
    {
        "migrated_at": null,
        "id_sub_bl": 62185,
        "id_daerah": 473,
        "tahun": 2026,
        "id_unit": 1106,
        "id_skpd": 1106,
        "created_user": 1623,
        "kode_skpd": "7.01.0.00.0.00.06.0000",
        "nama_skpd": "Kecamatan Batik Nau",
        "id_urusan": 17,
        "kode_urusan": "7",
        "nama_urusan": "UNSUR KEWILAYAHAN",
        "id_bidang_urusan": 243,
        "kode_bidang_urusan": "7.01",
        "nama_bidang_urusan": "KECAMATAN",
        "id_sub_skpd": 1106,
        "kode_sub_skpd": "7.01.0.00.0.00.06.0000",
        "nama_sub_skpd": "Kecamatan Batik Nau",
        "id_program": 4451,
        "kode_program": "7.01.01",
        "nama_program": "PROGRAM PENUNJANG URUSAN PEMERINTAHAN DAERAH KABUPATEN/KOTA",
        "outcome": "[ Terselenggaranya Penunjang urusan Pemerintahan Daerah Kecamatan Batik Nau ]",
        "indikator_outcome": "Persentase pemenuhan kebutuhan penunjang Perangkat Daerah",
        "target_akhir": "100",
        "realisasi_capaian": "100",
        "prakiraan": "100",
        "target_maju_1": "100",
        "urai_output": "Pemenuhan Administrasi BMD Perangkat Daerah",
        "id_giat": 18373,
        "kode_giat": "7.01.01.2.03",
        "nama_giat": "Administrasi Barang Milik Daerah pada Perangkat Daerah",
        "id_sub_giat": 60615,
        "kode_sub_giat": "7.01.01.2.03.0006",
        "nama_sub_giat": "Penatausahaan Barang Milik Daerah pada SKPD",
        "pagu": 30000000,
        "pagu_indikatif": 30000000,
        "pagu_n_depan": 36641500,
        "kode_bl": "1106.1106.4451.18373",
        "kode_sbl": "1106.1106.4451.18373.60615",
        "urusan_locked": 0,
        "bidang_urusan_locked": 0,
        "program_locked": 0,
        "giat_locked": 0,
        "sub_giat_locked": 0,
        "kunci_bl": 1,
        "kunci_bl_rinci": 1,
        "id_output_bl": 59895,
        "satuan_output": "Laporan",
        "tolak_ukur_output": "Jumlah Laporan Penatausahaan Barang Milik Daerah pada SKPD",
        "target_teks_output": "2 Laporan",
        "satuan_capaian": null,
        "tolak_ukur_capaian": null,
        "target_teks_capaian": null,
        "satuan_sub": null,
        "tolok_ukur_sub": null,
        "target_sub_teks": null,
        "tolak_ukur_n": "Jumlah Laporan Penatausahaan Barang Milik Daerah pada SKPD",
        "target_teks_n": "2 Laporan",
        "kode_dana": "1.2.01.08",
        "nama_dana": "Dana Alokasi Umum (DAU)",
        "lokasi_bl": "Kab. Bengkulu Utara, Batik Nau, Semua Kel/Desa",
        "id_label_pusat": 0,
        "label_pusat": null,
        "id_label_prov": 398,
        "label_prov": "4. Inovasi dan Tata Kelola Pemerintahan",
        "id_label_kokab": 5210,
        "label_kokab": "5. Inovasi dan Tata Kelola Pemerintahan",
        "kelompok_sasaran": null,
        "target_akhir_program_renstra": null,
        "target_min_1_program_renstra": null,
        "target_n_program_renstra": null,
        "target_akhir_giat_renstra": null,
        "target_min_1_giat_renstra": null,
        "target_n_giat_renstra": null,
        "target_akhir_sub_giat_renstra": " ",
        "target_min_1_sub_giat_renstra": " ",
        "target_n_sub_giat_renstra": " ",
        "total_pagu_indikatif_sub_skpd": 2206700188,
        "total_pagu_n_depan_sub_skpd": 2178644240,
        "total_pagu_indikatif_urusan": 2206700188,
        "total_pagu_n_depan_urusan": 2178644240,
        "total_pagu_indikatif_bidang_urusan": 2206700188,
        "total_pagu_n_depan_bidang_urusan": 2178644240,
        "total_pagu_indikatif_program": 2050819791,
        "total_pagu_n_depan_program": 2014995997,
        "total_pagu_indikatif_kegiatan": 30000000,
        "total_pagu_n_depan_kegiatan": 36641500,
        "total_pagu_indikatif": 2206700188,
        "total_pagu_n_depan": 2178644240
    },
    {
        "migrated_at": null,
        "id_sub_bl": 62189,
        "id_daerah": 473,
        "tahun": 2026,
        "id_unit": 1106,
        "id_skpd": 1106,
        "created_user": 1623,
        "kode_skpd": "7.01.0.00.0.00.06.0000",
        "nama_skpd": "Kecamatan Batik Nau",
        "id_urusan": 17,
        "kode_urusan": "7",
        "nama_urusan": "UNSUR KEWILAYAHAN",
        "id_bidang_urusan": 243,
        "kode_bidang_urusan": "7.01",
        "nama_bidang_urusan": "KECAMATAN",
        "id_sub_skpd": 1106,
        "kode_sub_skpd": "7.01.0.00.0.00.06.0000",
        "nama_sub_skpd": "Kecamatan Batik Nau",
        "id_program": 4451,
        "kode_program": "7.01.01",
        "nama_program": "PROGRAM PENUNJANG URUSAN PEMERINTAHAN DAERAH KABUPATEN/KOTA",
        "outcome": "[ Terselenggaranya Penunjang urusan Pemerintahan Daerah Kecamatan Batik Nau ]",
        "indikator_outcome": "Persentase pemenuhan kebutuhan penunjang Perangkat Daerah",
        "target_akhir": "100",
        "realisasi_capaian": "100",
        "prakiraan": "100",
        "target_maju_1": "100",
        "urai_output": "Administrasi Kepegawaian Perangkat Daerah",
        "id_giat": 18375,
        "kode_giat": "7.01.01.2.05",
        "nama_giat": "Administrasi Kepegawaian Perangkat Daerah",
        "id_sub_giat": 60625,
        "kode_sub_giat": "7.01.01.2.05.0002",
        "nama_sub_giat": "Pengadaan Pakaian Dinas beserta Atribut Kelengkapannya",
        "pagu": 25000000,
        "pagu_indikatif": 25000000,
        "pagu_n_depan": 15225000,
        "kode_bl": "1106.1106.4451.18375",
        "kode_sbl": "1106.1106.4451.18375.60625",
        "urusan_locked": 0,
        "bidang_urusan_locked": 0,
        "program_locked": 0,
        "giat_locked": 0,
        "sub_giat_locked": 0,
        "kunci_bl": 1,
        "kunci_bl_rinci": 1,
        "id_output_bl": 59899,
        "satuan_output": "Paket",
        "tolak_ukur_output": "Jumlah Paket Pakaian Dinas beserta Atribut Kelengkapan",
        "target_teks_output": "25 Paket",
        "satuan_capaian": null,
        "tolak_ukur_capaian": null,
        "target_teks_capaian": null,
        "satuan_sub": null,
        "tolok_ukur_sub": null,
        "target_sub_teks": null,
        "tolak_ukur_n": "Jumlah Paket Pakaian Dinas beserta Atribut Kelengkapan",
        "target_teks_n": "25 Paket",
        "kode_dana": "1.2.01.08",
        "nama_dana": "Dana Alokasi Umum (DAU)",
        "lokasi_bl": "Kab. Bengkulu Utara, Batik Nau, Semua Kel/Desa",
        "id_label_pusat": 0,
        "label_pusat": null,
        "id_label_prov": 398,
        "label_prov": "4. Inovasi dan Tata Kelola Pemerintahan",
        "id_label_kokab": 5210,
        "label_kokab": "5. Inovasi dan Tata Kelola Pemerintahan",
        "kelompok_sasaran": null,
        "target_akhir_program_renstra": null,
        "target_min_1_program_renstra": null,
        "target_n_program_renstra": null,
        "target_akhir_giat_renstra": null,
        "target_min_1_giat_renstra": null,
        "target_n_giat_renstra": null,
        "target_akhir_sub_giat_renstra": " ",
        "target_min_1_sub_giat_renstra": " ",
        "target_n_sub_giat_renstra": " ",
        "total_pagu_indikatif_sub_skpd": 2206700188,
        "total_pagu_n_depan_sub_skpd": 2178644240,
        "total_pagu_indikatif_urusan": 2206700188,
        "total_pagu_n_depan_urusan": 2178644240,
        "total_pagu_indikatif_bidang_urusan": 2206700188,
        "total_pagu_n_depan_bidang_urusan": 2178644240,
        "total_pagu_indikatif_program": 2050819791,
        "total_pagu_n_depan_program": 2014995997,
        "total_pagu_indikatif_kegiatan": 25000000,
        "total_pagu_n_depan_kegiatan": 15225000,
        "total_pagu_indikatif": 2206700188,
        "total_pagu_n_depan": 2178644240
    },
    {
        "migrated_at": null,
        "id_sub_bl": 62191,
        "id_daerah": 473,
        "tahun": 2026,
        "id_unit": 1106,
        "id_skpd": 1106,
        "created_user": 1623,
        "kode_skpd": "7.01.0.00.0.00.06.0000",
        "nama_skpd": "Kecamatan Batik Nau",
        "id_urusan": 17,
        "kode_urusan": "7",
        "nama_urusan": "UNSUR KEWILAYAHAN",
        "id_bidang_urusan": 243,
        "kode_bidang_urusan": "7.01",
        "nama_bidang_urusan": "KECAMATAN",
        "id_sub_skpd": 1106,
        "kode_sub_skpd": "7.01.0.00.0.00.06.0000",
        "nama_sub_skpd": "Kecamatan Batik Nau",
        "id_program": 4451,
        "kode_program": "7.01.01",
        "nama_program": "PROGRAM PENUNJANG URUSAN PEMERINTAHAN DAERAH KABUPATEN/KOTA",
        "outcome": "[ Terselenggaranya Penunjang urusan Pemerintahan Daerah Kecamatan Batik Nau ]",
        "indikator_outcome": "Persentase pemenuhan kebutuhan penunjang Perangkat Daerah",
        "target_akhir": "100",
        "realisasi_capaian": "100",
        "prakiraan": "100",
        "target_maju_1": "100",
        "urai_output": "Pemenuhan Administrasi Umum",
        "id_giat": 18376,
        "kode_giat": "7.01.01.2.06",
        "nama_giat": "Administrasi Umum Perangkat Daerah",
        "id_sub_giat": 60635,
        "kode_sub_giat": "7.01.01.2.06.0001",
        "nama_sub_giat": "Penyediaan Komponen Instalasi\r\n\nListrik/Penerangan Bangunan Kantor",
        "pagu": 8997000,
        "pagu_indikatif": 8997000,
        "pagu_n_depan": 3041956,
        "kode_bl": "1106.1106.4451.18376",
        "kode_sbl": "1106.1106.4451.18376.60635",
        "urusan_locked": 0,
        "bidang_urusan_locked": 0,
        "program_locked": 0,
        "giat_locked": 0,
        "sub_giat_locked": 0,
        "kunci_bl": 1,
        "kunci_bl_rinci": 1,
        "id_output_bl": 59901,
        "satuan_output": "Paket",
        "tolak_ukur_output": "Jumlah Paket Komponen Instalasi Listrik/Penerangan Bangunan Kantor yang Disediakan",
        "target_teks_output": "1 Paket",
        "satuan_capaian": null,
        "tolak_ukur_capaian": null,
        "target_teks_capaian": null,
        "satuan_sub": null,
        "tolok_ukur_sub": null,
        "target_sub_teks": null,
        "tolak_ukur_n": "Jumlah Paket Komponen Instalasi Listrik/Penerangan Bangunan Kantor yang Disediakan",
        "target_teks_n": "1 Paket",
        "kode_dana": "1.2.01.08",
        "nama_dana": "Dana Alokasi Umum (DAU)",
        "lokasi_bl": "Kab. Bengkulu Utara, Batik Nau, Semua Kel/Desa",
        "id_label_pusat": 0,
        "label_pusat": null,
        "id_label_prov": 398,
        "label_prov": "4. Inovasi dan Tata Kelola Pemerintahan",
        "id_label_kokab": 5210,
        "label_kokab": "5. Inovasi dan Tata Kelola Pemerintahan",
        "kelompok_sasaran": null,
        "target_akhir_program_renstra": null,
        "target_min_1_program_renstra": null,
        "target_n_program_renstra": null,
        "target_akhir_giat_renstra": null,
        "target_min_1_giat_renstra": null,
        "target_n_giat_renstra": null,
        "target_akhir_sub_giat_renstra": " ",
        "target_min_1_sub_giat_renstra": " ",
        "target_n_sub_giat_renstra": " ",
        "total_pagu_indikatif_sub_skpd": 2206700188,
        "total_pagu_n_depan_sub_skpd": 2178644240,
        "total_pagu_indikatif_urusan": 2206700188,
        "total_pagu_n_depan_urusan": 2178644240,
        "total_pagu_indikatif_bidang_urusan": 2206700188,
        "total_pagu_n_depan_bidang_urusan": 2178644240,
        "total_pagu_indikatif_program": 2050819791,
        "total_pagu_n_depan_program": 2014995997,
        "total_pagu_indikatif_kegiatan": 70147000,
        "total_pagu_n_depan_kegiatan": 99761306,
        "total_pagu_indikatif": 2206700188,
        "total_pagu_n_depan": 2178644240
    },
    {
        "migrated_at": null,
        "id_sub_bl": 62196,
        "id_daerah": 473,
        "tahun": 2026,
        "id_unit": 1106,
        "id_skpd": 1106,
        "created_user": 1623,
        "kode_skpd": "7.01.0.00.0.00.06.0000",
        "nama_skpd": "Kecamatan Batik Nau",
        "id_urusan": 17,
        "kode_urusan": "7",
        "nama_urusan": "UNSUR KEWILAYAHAN",
        "id_bidang_urusan": 243,
        "kode_bidang_urusan": "7.01",
        "nama_bidang_urusan": "KECAMATAN",
        "id_sub_skpd": 1106,
        "kode_sub_skpd": "7.01.0.00.0.00.06.0000",
        "nama_sub_skpd": "Kecamatan Batik Nau",
        "id_program": 4451,
        "kode_program": "7.01.01",
        "nama_program": "PROGRAM PENUNJANG URUSAN PEMERINTAHAN DAERAH KABUPATEN/KOTA",
        "outcome": "[ Terselenggaranya Penunjang urusan Pemerintahan Daerah Kecamatan Batik Nau ]",
        "indikator_outcome": "Persentase pemenuhan kebutuhan penunjang Perangkat Daerah",
        "target_akhir": "100",
        "realisasi_capaian": "100",
        "prakiraan": "100",
        "target_maju_1": "100",
        "urai_output": "Pemenuhan Administrasi Umum",
        "id_giat": 18376,
        "kode_giat": "7.01.01.2.06",
        "nama_giat": "Administrasi Umum Perangkat Daerah",
        "id_sub_giat": 60638,
        "kode_sub_giat": "7.01.01.2.06.0004",
        "nama_sub_giat": "Penyediaan Bahan Logistik Kantor",
        "pagu": 20150000,
        "pagu_indikatif": 20150000,
        "pagu_n_depan": 20452250,
        "kode_bl": "1106.1106.4451.18376",
        "kode_sbl": "1106.1106.4451.18376.60638",
        "urusan_locked": 0,
        "bidang_urusan_locked": 0,
        "program_locked": 0,
        "giat_locked": 0,
        "sub_giat_locked": 0,
        "kunci_bl": 1,
        "kunci_bl_rinci": 1,
        "id_output_bl": 59906,
        "satuan_output": "Paket",
        "tolak_ukur_output": "Jumlah Paket Bahan Logistik Kantor yang Disediakan",
        "target_teks_output": "1 Paket",
        "satuan_capaian": null,
        "tolak_ukur_capaian": null,
        "target_teks_capaian": null,
        "satuan_sub": null,
        "tolok_ukur_sub": null,
        "target_sub_teks": null,
        "tolak_ukur_n": "Jumlah Paket Bahan Logistik Kantor yang Disediakan",
        "target_teks_n": "1 Paket",
        "kode_dana": "1.2.01.08",
        "nama_dana": "Dana Alokasi Umum (DAU)",
        "lokasi_bl": "Kab. Bengkulu Utara, Batik Nau, Semua Kel/Desa",
        "id_label_pusat": 0,
        "label_pusat": null,
        "id_label_prov": 398,
        "label_prov": "4. Inovasi dan Tata Kelola Pemerintahan",
        "id_label_kokab": 5210,
        "label_kokab": "5. Inovasi dan Tata Kelola Pemerintahan",
        "kelompok_sasaran": null,
        "target_akhir_program_renstra": null,
        "target_min_1_program_renstra": null,
        "target_n_program_renstra": null,
        "target_akhir_giat_renstra": null,
        "target_min_1_giat_renstra": null,
        "target_n_giat_renstra": null,
        "target_akhir_sub_giat_renstra": " ",
        "target_min_1_sub_giat_renstra": " ",
        "target_n_sub_giat_renstra": " ",
        "total_pagu_indikatif_sub_skpd": 2206700188,
        "total_pagu_n_depan_sub_skpd": 2178644240,
        "total_pagu_indikatif_urusan": 2206700188,
        "total_pagu_n_depan_urusan": 2178644240,
        "total_pagu_indikatif_bidang_urusan": 2206700188,
        "total_pagu_n_depan_bidang_urusan": 2178644240,
        "total_pagu_indikatif_program": 2050819791,
        "total_pagu_n_depan_program": 2014995997,
        "total_pagu_indikatif_kegiatan": 70147000,
        "total_pagu_n_depan_kegiatan": 99761306,
        "total_pagu_indikatif": 2206700188,
        "total_pagu_n_depan": 2178644240
    },
    {
        "migrated_at": null,
        "id_sub_bl": 62198,
        "id_daerah": 473,
        "tahun": 2026,
        "id_unit": 1106,
        "id_skpd": 1106,
        "created_user": 1623,
        "kode_skpd": "7.01.0.00.0.00.06.0000",
        "nama_skpd": "Kecamatan Batik Nau",
        "id_urusan": 17,
        "kode_urusan": "7",
        "nama_urusan": "UNSUR KEWILAYAHAN",
        "id_bidang_urusan": 243,
        "kode_bidang_urusan": "7.01",
        "nama_bidang_urusan": "KECAMATAN",
        "id_sub_skpd": 1106,
        "kode_sub_skpd": "7.01.0.00.0.00.06.0000",
        "nama_sub_skpd": "Kecamatan Batik Nau",
        "id_program": 4451,
        "kode_program": "7.01.01",
        "nama_program": "PROGRAM PENUNJANG URUSAN PEMERINTAHAN DAERAH KABUPATEN/KOTA",
        "outcome": "[ Terselenggaranya Penunjang urusan Pemerintahan Daerah Kecamatan Batik Nau ]",
        "indikator_outcome": "Persentase pemenuhan kebutuhan penunjang Perangkat Daerah",
        "target_akhir": "100",
        "realisasi_capaian": "100",
        "prakiraan": "100",
        "target_maju_1": "100",
        "urai_output": "Pemenuhan Administrasi Umum",
        "id_giat": 18376,
        "kode_giat": "7.01.01.2.06",
        "nama_giat": "Administrasi Umum Perangkat Daerah",
        "id_sub_giat": 60639,
        "kode_sub_giat": "7.01.01.2.06.0005",
        "nama_sub_giat": "Penyediaan Barang Cetakan dan Penggandaan",
        "pagu": 5000000,
        "pagu_indikatif": 5000000,
        "pagu_n_depan": 4060000,
        "kode_bl": "1106.1106.4451.18376",
        "kode_sbl": "1106.1106.4451.18376.60639",
        "urusan_locked": 0,
        "bidang_urusan_locked": 0,
        "program_locked": 0,
        "giat_locked": 0,
        "sub_giat_locked": 0,
        "kunci_bl": 1,
        "kunci_bl_rinci": 1,
        "id_output_bl": 59908,
        "satuan_output": "Paket",
        "tolak_ukur_output": "Jumlah Paket Barang Cetakan dan Penggandaan yang Disediakan",
        "target_teks_output": "1 Paket",
        "satuan_capaian": null,
        "tolak_ukur_capaian": null,
        "target_teks_capaian": null,
        "satuan_sub": null,
        "tolok_ukur_sub": null,
        "target_sub_teks": null,
        "tolak_ukur_n": "Jumlah Paket Barang Cetakan dan Penggandaan yang Disediakan",
        "target_teks_n": "1 Paket",
        "kode_dana": "1.2.01.08",
        "nama_dana": "Dana Alokasi Umum (DAU)",
        "lokasi_bl": "Kab. Bengkulu Utara, Batik Nau, Semua Kel/Desa",
        "id_label_pusat": 0,
        "label_pusat": null,
        "id_label_prov": 398,
        "label_prov": "4. Inovasi dan Tata Kelola Pemerintahan",
        "id_label_kokab": 5210,
        "label_kokab": "5. Inovasi dan Tata Kelola Pemerintahan",
        "kelompok_sasaran": null,
        "target_akhir_program_renstra": null,
        "target_min_1_program_renstra": null,
        "target_n_program_renstra": null,
        "target_akhir_giat_renstra": null,
        "target_min_1_giat_renstra": null,
        "target_n_giat_renstra": null,
        "target_akhir_sub_giat_renstra": " ",
        "target_min_1_sub_giat_renstra": " ",
        "target_n_sub_giat_renstra": " ",
        "total_pagu_indikatif_sub_skpd": 2206700188,
        "total_pagu_n_depan_sub_skpd": 2178644240,
        "total_pagu_indikatif_urusan": 2206700188,
        "total_pagu_n_depan_urusan": 2178644240,
        "total_pagu_indikatif_bidang_urusan": 2206700188,
        "total_pagu_n_depan_bidang_urusan": 2178644240,
        "total_pagu_indikatif_program": 2050819791,
        "total_pagu_n_depan_program": 2014995997,
        "total_pagu_indikatif_kegiatan": 70147000,
        "total_pagu_n_depan_kegiatan": 99761306,
        "total_pagu_indikatif": 2206700188,
        "total_pagu_n_depan": 2178644240
    },
    {
        "migrated_at": null,
        "id_sub_bl": 62199,
        "id_daerah": 473,
        "tahun": 2026,
        "id_unit": 1106,
        "id_skpd": 1106,
        "created_user": 1623,
        "kode_skpd": "7.01.0.00.0.00.06.0000",
        "nama_skpd": "Kecamatan Batik Nau",
        "id_urusan": 17,
        "kode_urusan": "7",
        "nama_urusan": "UNSUR KEWILAYAHAN",
        "id_bidang_urusan": 243,
        "kode_bidang_urusan": "7.01",
        "nama_bidang_urusan": "KECAMATAN",
        "id_sub_skpd": 1106,
        "kode_sub_skpd": "7.01.0.00.0.00.06.0000",
        "nama_sub_skpd": "Kecamatan Batik Nau",
        "id_program": 4451,
        "kode_program": "7.01.01",
        "nama_program": "PROGRAM PENUNJANG URUSAN PEMERINTAHAN DAERAH KABUPATEN/KOTA",
        "outcome": "[ Terselenggaranya Penunjang urusan Pemerintahan Daerah Kecamatan Batik Nau ]",
        "indikator_outcome": "Persentase pemenuhan kebutuhan penunjang Perangkat Daerah",
        "target_akhir": "100",
        "realisasi_capaian": "100",
        "prakiraan": "100",
        "target_maju_1": "100",
        "urai_output": "Pemenuhan Administrasi Umum",
        "id_giat": 18376,
        "kode_giat": "7.01.01.2.06",
        "nama_giat": "Administrasi Umum Perangkat Daerah",
        "id_sub_giat": 60640,
        "kode_sub_giat": "7.01.01.2.06.0006",
        "nama_sub_giat": "Penyediaan Bahan Bacaan dan Peraturan Perundang-undangan",
        "pagu": 6000000,
        "pagu_indikatif": 6000000,
        "pagu_n_depan": 6090000,
        "kode_bl": "1106.1106.4451.18376",
        "kode_sbl": "1106.1106.4451.18376.60640",
        "urusan_locked": 0,
        "bidang_urusan_locked": 0,
        "program_locked": 0,
        "giat_locked": 0,
        "sub_giat_locked": 0,
        "kunci_bl": 1,
        "kunci_bl_rinci": 1,
        "id_output_bl": 59909,
        "satuan_output": "Dokumen",
        "tolak_ukur_output": "Jumlah Dokumen Bahan Bacaan dan Peraturan Perundang-Undangan yang Disediakan",
        "target_teks_output": "1 Dokumen",
        "satuan_capaian": null,
        "tolak_ukur_capaian": null,
        "target_teks_capaian": null,
        "satuan_sub": null,
        "tolok_ukur_sub": null,
        "target_sub_teks": null,
        "tolak_ukur_n": "Jumlah Dokumen Bahan Bacaan dan Peraturan Perundang-Undangan yang Disediakan",
        "target_teks_n": "1 Dokumen",
        "kode_dana": "1.2.01.08",
        "nama_dana": "Dana Alokasi Umum (DAU)",
        "lokasi_bl": "Kab. Bengkulu Utara, Batik Nau, Semua Kel/Desa",
        "id_label_pusat": 0,
        "label_pusat": null,
        "id_label_prov": 398,
        "label_prov": "4. Inovasi dan Tata Kelola Pemerintahan",
        "id_label_kokab": 5210,
        "label_kokab": "5. Inovasi dan Tata Kelola Pemerintahan",
        "kelompok_sasaran": null,
        "target_akhir_program_renstra": null,
        "target_min_1_program_renstra": null,
        "target_n_program_renstra": null,
        "target_akhir_giat_renstra": null,
        "target_min_1_giat_renstra": null,
        "target_n_giat_renstra": null,
        "target_akhir_sub_giat_renstra": " ",
        "target_min_1_sub_giat_renstra": " ",
        "target_n_sub_giat_renstra": " ",
        "total_pagu_indikatif_sub_skpd": 2206700188,
        "total_pagu_n_depan_sub_skpd": 2178644240,
        "total_pagu_indikatif_urusan": 2206700188,
        "total_pagu_n_depan_urusan": 2178644240,
        "total_pagu_indikatif_bidang_urusan": 2206700188,
        "total_pagu_n_depan_bidang_urusan": 2178644240,
        "total_pagu_indikatif_program": 2050819791,
        "total_pagu_n_depan_program": 2014995997,
        "total_pagu_indikatif_kegiatan": 70147000,
        "total_pagu_n_depan_kegiatan": 99761306,
        "total_pagu_indikatif": 2206700188,
        "total_pagu_n_depan": 2178644240
    },
    {
        "migrated_at": null,
        "id_sub_bl": 62203,
        "id_daerah": 473,
        "tahun": 2026,
        "id_unit": 1106,
        "id_skpd": 1106,
        "created_user": 1623,
        "kode_skpd": "7.01.0.00.0.00.06.0000",
        "nama_skpd": "Kecamatan Batik Nau",
        "id_urusan": 17,
        "kode_urusan": "7",
        "nama_urusan": "UNSUR KEWILAYAHAN",
        "id_bidang_urusan": 243,
        "kode_bidang_urusan": "7.01",
        "nama_bidang_urusan": "KECAMATAN",
        "id_sub_skpd": 1106,
        "kode_sub_skpd": "7.01.0.00.0.00.06.0000",
        "nama_sub_skpd": "Kecamatan Batik Nau",
        "id_program": 4451,
        "kode_program": "7.01.01",
        "nama_program": "PROGRAM PENUNJANG URUSAN PEMERINTAHAN DAERAH KABUPATEN/KOTA",
        "outcome": "[ Terselenggaranya Penunjang urusan Pemerintahan Daerah Kecamatan Batik Nau ]",
        "indikator_outcome": "Persentase pemenuhan kebutuhan penunjang Perangkat Daerah",
        "target_akhir": "100",
        "realisasi_capaian": "100",
        "prakiraan": "100",
        "target_maju_1": "100",
        "urai_output": "Pemenuhan Administrasi Umum",
        "id_giat": 18376,
        "kode_giat": "7.01.01.2.06",
        "nama_giat": "Administrasi Umum Perangkat Daerah",
        "id_sub_giat": 60643,
        "kode_sub_giat": "7.01.01.2.06.0009",
        "nama_sub_giat": "Penyelenggaraan Rapat Koordinasi dan Konsultasi SKPD",
        "pagu": 30000000,
        "pagu_indikatif": 30000000,
        "pagu_n_depan": 66117100,
        "kode_bl": "1106.1106.4451.18376",
        "kode_sbl": "1106.1106.4451.18376.60643",
        "urusan_locked": 0,
        "bidang_urusan_locked": 0,
        "program_locked": 0,
        "giat_locked": 0,
        "sub_giat_locked": 0,
        "kunci_bl": 1,
        "kunci_bl_rinci": 1,
        "id_output_bl": 59913,
        "satuan_output": "Laporan",
        "tolak_ukur_output": "Jumlah Laporan Penyelenggaraan Rapat Koordinasi dan Konsultasi SKPD",
        "target_teks_output": "1 Laporan",
        "satuan_capaian": null,
        "tolak_ukur_capaian": null,
        "target_teks_capaian": null,
        "satuan_sub": null,
        "tolok_ukur_sub": null,
        "target_sub_teks": null,
        "tolak_ukur_n": "Jumlah Laporan Penyelenggaraan Rapat Koordinasi dan Konsultasi SKPD",
        "target_teks_n": "1 Laporan",
        "kode_dana": "1.2.01.08",
        "nama_dana": "Dana Alokasi Umum (DAU)",
        "lokasi_bl": "Kab. Bengkulu Utara, Batik Nau, Semua Kel/Desa",
        "id_label_pusat": 0,
        "label_pusat": null,
        "id_label_prov": 398,
        "label_prov": "4. Inovasi dan Tata Kelola Pemerintahan",
        "id_label_kokab": 5210,
        "label_kokab": "5. Inovasi dan Tata Kelola Pemerintahan",
        "kelompok_sasaran": null,
        "target_akhir_program_renstra": null,
        "target_min_1_program_renstra": null,
        "target_n_program_renstra": null,
        "target_akhir_giat_renstra": null,
        "target_min_1_giat_renstra": null,
        "target_n_giat_renstra": null,
        "target_akhir_sub_giat_renstra": " ",
        "target_min_1_sub_giat_renstra": " ",
        "target_n_sub_giat_renstra": " ",
        "total_pagu_indikatif_sub_skpd": 2206700188,
        "total_pagu_n_depan_sub_skpd": 2178644240,
        "total_pagu_indikatif_urusan": 2206700188,
        "total_pagu_n_depan_urusan": 2178644240,
        "total_pagu_indikatif_bidang_urusan": 2206700188,
        "total_pagu_n_depan_bidang_urusan": 2178644240,
        "total_pagu_indikatif_program": 2050819791,
        "total_pagu_n_depan_program": 2014995997,
        "total_pagu_indikatif_kegiatan": 70147000,
        "total_pagu_n_depan_kegiatan": 99761306,
        "total_pagu_indikatif": 2206700188,
        "total_pagu_n_depan": 2178644240
    },
    {
        "migrated_at": null,
        "id_sub_bl": 62208,
        "id_daerah": 473,
        "tahun": 2026,
        "id_unit": 1106,
        "id_skpd": 1106,
        "created_user": 1623,
        "kode_skpd": "7.01.0.00.0.00.06.0000",
        "nama_skpd": "Kecamatan Batik Nau",
        "id_urusan": 17,
        "kode_urusan": "7",
        "nama_urusan": "UNSUR KEWILAYAHAN",
        "id_bidang_urusan": 243,
        "kode_bidang_urusan": "7.01",
        "nama_bidang_urusan": "KECAMATAN",
        "id_sub_skpd": 1106,
        "kode_sub_skpd": "7.01.0.00.0.00.06.0000",
        "nama_sub_skpd": "Kecamatan Batik Nau",
        "id_program": 4451,
        "kode_program": "7.01.01",
        "nama_program": "PROGRAM PENUNJANG URUSAN PEMERINTAHAN DAERAH KABUPATEN/KOTA",
        "outcome": "[ Terselenggaranya Penunjang urusan Pemerintahan Daerah Kecamatan Batik Nau ]",
        "indikator_outcome": "Persentase pemenuhan kebutuhan penunjang Perangkat Daerah",
        "target_akhir": "100",
        "realisasi_capaian": "100",
        "prakiraan": "100",
        "target_maju_1": "100",
        "urai_output": "Jumlah pengadaan BMD",
        "id_giat": 18377,
        "kode_giat": "7.01.01.2.07",
        "nama_giat": "Pengadaan Barang Milik Daerah Penunjang Urusan Pemerintah Daerah",
        "id_sub_giat": 60650,
        "kode_sub_giat": "7.01.01.2.07.0005",
        "nama_sub_giat": "Pengadaan Mebel",
        "pagu": 40000000,
        "pagu_indikatif": 40000000,
        "pagu_n_depan": 18270000,
        "kode_bl": "1106.1106.4451.18377",
        "kode_sbl": "1106.1106.4451.18377.60650",
        "urusan_locked": 0,
        "bidang_urusan_locked": 0,
        "program_locked": 0,
        "giat_locked": 0,
        "sub_giat_locked": 0,
        "kunci_bl": 1,
        "kunci_bl_rinci": 1,
        "id_output_bl": 59918,
        "satuan_output": "Unit",
        "tolak_ukur_output": "Jumlah Paket Mebel yang Disediakan",
        "target_teks_output": "3 Unit",
        "satuan_capaian": null,
        "tolak_ukur_capaian": null,
        "target_teks_capaian": null,
        "satuan_sub": null,
        "tolok_ukur_sub": null,
        "target_sub_teks": null,
        "tolak_ukur_n": "Jumlah Paket Mebel yang Disediakan",
        "target_teks_n": "3 Unit",
        "kode_dana": "1.2.01.08",
        "nama_dana": "Dana Alokasi Umum (DAU)",
        "lokasi_bl": "Kab. Bengkulu Utara, Batik Nau, Semua Kel/Desa",
        "id_label_pusat": 0,
        "label_pusat": null,
        "id_label_prov": 398,
        "label_prov": "4. Inovasi dan Tata Kelola Pemerintahan",
        "id_label_kokab": 5210,
        "label_kokab": "5. Inovasi dan Tata Kelola Pemerintahan",
        "kelompok_sasaran": null,
        "target_akhir_program_renstra": null,
        "target_min_1_program_renstra": null,
        "target_n_program_renstra": null,
        "target_akhir_giat_renstra": null,
        "target_min_1_giat_renstra": null,
        "target_n_giat_renstra": null,
        "target_akhir_sub_giat_renstra": " ",
        "target_min_1_sub_giat_renstra": " ",
        "target_n_sub_giat_renstra": " ",
        "total_pagu_indikatif_sub_skpd": 2206700188,
        "total_pagu_n_depan_sub_skpd": 2178644240,
        "total_pagu_indikatif_urusan": 2206700188,
        "total_pagu_n_depan_urusan": 2178644240,
        "total_pagu_indikatif_bidang_urusan": 2206700188,
        "total_pagu_n_depan_bidang_urusan": 2178644240,
        "total_pagu_indikatif_program": 2050819791,
        "total_pagu_n_depan_program": 2014995997,
        "total_pagu_indikatif_kegiatan": 125000000,
        "total_pagu_n_depan_kegiatan": 70830354,
        "total_pagu_indikatif": 2206700188,
        "total_pagu_n_depan": 2178644240
    },
    {
        "migrated_at": null,
        "id_sub_bl": 62211,
        "id_daerah": 473,
        "tahun": 2026,
        "id_unit": 1106,
        "id_skpd": 1106,
        "created_user": 1623,
        "kode_skpd": "7.01.0.00.0.00.06.0000",
        "nama_skpd": "Kecamatan Batik Nau",
        "id_urusan": 17,
        "kode_urusan": "7",
        "nama_urusan": "UNSUR KEWILAYAHAN",
        "id_bidang_urusan": 243,
        "kode_bidang_urusan": "7.01",
        "nama_bidang_urusan": "KECAMATAN",
        "id_sub_skpd": 1106,
        "kode_sub_skpd": "7.01.0.00.0.00.06.0000",
        "nama_sub_skpd": "Kecamatan Batik Nau",
        "id_program": 4451,
        "kode_program": "7.01.01",
        "nama_program": "PROGRAM PENUNJANG URUSAN PEMERINTAHAN DAERAH KABUPATEN/KOTA",
        "outcome": "[ Terselenggaranya Penunjang urusan Pemerintahan Daerah Kecamatan Batik Nau ]",
        "indikator_outcome": "Persentase pemenuhan kebutuhan penunjang Perangkat Daerah",
        "target_akhir": "100",
        "realisasi_capaian": "100",
        "prakiraan": "100",
        "target_maju_1": "100",
        "urai_output": "Jumlah pengadaan BMD",
        "id_giat": 18377,
        "kode_giat": "7.01.01.2.07",
        "nama_giat": "Pengadaan Barang Milik Daerah Penunjang Urusan Pemerintah Daerah",
        "id_sub_giat": 60651,
        "kode_sub_giat": "7.01.01.2.07.0006",
        "nama_sub_giat": "Pengadaan Peralatan dan Mesin Lainnya",
        "pagu": 50000000,
        "pagu_indikatif": 50000000,
        "pagu_n_depan": 31464797,
        "kode_bl": "1106.1106.4451.18377",
        "kode_sbl": "1106.1106.4451.18377.60651",
        "urusan_locked": 0,
        "bidang_urusan_locked": 0,
        "program_locked": 0,
        "giat_locked": 0,
        "sub_giat_locked": 0,
        "kunci_bl": 1,
        "kunci_bl_rinci": 1,
        "id_output_bl": 59921,
        "satuan_output": "Unit",
        "tolak_ukur_output": "Jumlah Unit Peralatan dan Mesin Lainnya yang Disediakan",
        "target_teks_output": "4 Unit",
        "satuan_capaian": null,
        "tolak_ukur_capaian": null,
        "target_teks_capaian": null,
        "satuan_sub": null,
        "tolok_ukur_sub": null,
        "target_sub_teks": null,
        "tolak_ukur_n": "Jumlah Unit Peralatan dan Mesin Lainnya yang Disediakan",
        "target_teks_n": "4 Unit",
        "kode_dana": "1.2.01.08",
        "nama_dana": "Dana Alokasi Umum (DAU)",
        "lokasi_bl": "Kab. Bengkulu Utara, Batik Nau, Semua Kel/Desa",
        "id_label_pusat": 0,
        "label_pusat": null,
        "id_label_prov": 398,
        "label_prov": "4. Inovasi dan Tata Kelola Pemerintahan",
        "id_label_kokab": 5210,
        "label_kokab": "5. Inovasi dan Tata Kelola Pemerintahan",
        "kelompok_sasaran": null,
        "target_akhir_program_renstra": null,
        "target_min_1_program_renstra": null,
        "target_n_program_renstra": null,
        "target_akhir_giat_renstra": null,
        "target_min_1_giat_renstra": null,
        "target_n_giat_renstra": null,
        "target_akhir_sub_giat_renstra": " ",
        "target_min_1_sub_giat_renstra": " ",
        "target_n_sub_giat_renstra": " ",
        "total_pagu_indikatif_sub_skpd": 2206700188,
        "total_pagu_n_depan_sub_skpd": 2178644240,
        "total_pagu_indikatif_urusan": 2206700188,
        "total_pagu_n_depan_urusan": 2178644240,
        "total_pagu_indikatif_bidang_urusan": 2206700188,
        "total_pagu_n_depan_bidang_urusan": 2178644240,
        "total_pagu_indikatif_program": 2050819791,
        "total_pagu_n_depan_program": 2014995997,
        "total_pagu_indikatif_kegiatan": 125000000,
        "total_pagu_n_depan_kegiatan": 70830354,
        "total_pagu_indikatif": 2206700188,
        "total_pagu_n_depan": 2178644240
    },
    {
        "migrated_at": null,
        "id_sub_bl": 62230,
        "id_daerah": 473,
        "tahun": 2026,
        "id_unit": 1106,
        "id_skpd": 1106,
        "created_user": 1623,
        "kode_skpd": "7.01.0.00.0.00.06.0000",
        "nama_skpd": "Kecamatan Batik Nau",
        "id_urusan": 17,
        "kode_urusan": "7",
        "nama_urusan": "UNSUR KEWILAYAHAN",
        "id_bidang_urusan": 243,
        "kode_bidang_urusan": "7.01",
        "nama_bidang_urusan": "KECAMATAN",
        "id_sub_skpd": 1106,
        "kode_sub_skpd": "7.01.0.00.0.00.06.0000",
        "nama_sub_skpd": "Kecamatan Batik Nau",
        "id_program": 4451,
        "kode_program": "7.01.01",
        "nama_program": "PROGRAM PENUNJANG URUSAN PEMERINTAHAN DAERAH KABUPATEN/KOTA",
        "outcome": null,
        "indikator_outcome": null,
        "target_akhir": null,
        "realisasi_capaian": null,
        "prakiraan": null,
        "target_maju_1": null,
        "urai_output": null,
        "id_giat": 18377,
        "kode_giat": "7.01.01.2.07",
        "nama_giat": "Pengadaan Barang Milik Daerah Penunjang Urusan Pemerintah Daerah",
        "id_sub_giat": 60656,
        "kode_sub_giat": "7.01.01.2.07.0011",
        "nama_sub_giat": "Pengadaan Sarana dan Prasarana Pendukung Gedung Kantor atau Bangunan Lainnya",
        "pagu": 35000000,
        "pagu_indikatif": 35000000,
        "pagu_n_depan": 21095557,
        "kode_bl": "1106.1106.4451.18377",
        "kode_sbl": "1106.1106.4451.18377.60656",
        "urusan_locked": 0,
        "bidang_urusan_locked": 0,
        "program_locked": 0,
        "giat_locked": 0,
        "sub_giat_locked": 0,
        "kunci_bl": 1,
        "kunci_bl_rinci": 1,
        "id_output_bl": 59940,
        "satuan_output": "Unit",
        "tolak_ukur_output": "Jumlah Unit Sarana dan Prasarana Pendukung Gedung Kantor atau Bangunan Lainnya yang Disediakan",
        "target_teks_output": "1 Unit",
        "satuan_capaian": null,
        "tolak_ukur_capaian": null,
        "target_teks_capaian": null,
        "satuan_sub": null,
        "tolok_ukur_sub": null,
        "target_sub_teks": null,
        "tolak_ukur_n": "Jumlah Unit Sarana dan Prasarana Pendukung Gedung Kantor atau Bangunan Lainnya yang Disediakan",
        "target_teks_n": "1 Unit",
        "kode_dana": "1.2.01.08",
        "nama_dana": "Dana Alokasi Umum (DAU)",
        "lokasi_bl": "Kab. Bengkulu Utara, Batik Nau, Semua Kel/Desa",
        "id_label_pusat": 0,
        "label_pusat": null,
        "id_label_prov": 398,
        "label_prov": "4. Inovasi dan Tata Kelola Pemerintahan",
        "id_label_kokab": 5210,
        "label_kokab": "5. Inovasi dan Tata Kelola Pemerintahan",
        "kelompok_sasaran": null,
        "target_akhir_program_renstra": null,
        "target_min_1_program_renstra": null,
        "target_n_program_renstra": null,
        "target_akhir_giat_renstra": null,
        "target_min_1_giat_renstra": null,
        "target_n_giat_renstra": null,
        "target_akhir_sub_giat_renstra": " ",
        "target_min_1_sub_giat_renstra": " ",
        "target_n_sub_giat_renstra": " ",
        "total_pagu_indikatif_sub_skpd": 2206700188,
        "total_pagu_n_depan_sub_skpd": 2178644240,
        "total_pagu_indikatif_urusan": 2206700188,
        "total_pagu_n_depan_urusan": 2178644240,
        "total_pagu_indikatif_bidang_urusan": 2206700188,
        "total_pagu_n_depan_bidang_urusan": 2178644240,
        "total_pagu_indikatif_program": 2050819791,
        "total_pagu_n_depan_program": 2014995997,
        "total_pagu_indikatif_kegiatan": 125000000,
        "total_pagu_n_depan_kegiatan": 70830354,
        "total_pagu_indikatif": 2206700188,
        "total_pagu_n_depan": 2178644240
    },
    {
        "migrated_at": null,
        "id_sub_bl": 62233,
        "id_daerah": 473,
        "tahun": 2026,
        "id_unit": 1106,
        "id_skpd": 1106,
        "created_user": 1623,
        "kode_skpd": "7.01.0.00.0.00.06.0000",
        "nama_skpd": "Kecamatan Batik Nau",
        "id_urusan": 17,
        "kode_urusan": "7",
        "nama_urusan": "UNSUR KEWILAYAHAN",
        "id_bidang_urusan": 243,
        "kode_bidang_urusan": "7.01",
        "nama_bidang_urusan": "KECAMATAN",
        "id_sub_skpd": 1106,
        "kode_sub_skpd": "7.01.0.00.0.00.06.0000",
        "nama_sub_skpd": "Kecamatan Batik Nau",
        "id_program": 4451,
        "kode_program": "7.01.01",
        "nama_program": "PROGRAM PENUNJANG URUSAN PEMERINTAHAN DAERAH KABUPATEN/KOTA",
        "outcome": "[ Terselenggaranya Penunjang urusan Pemerintahan Daerah Kecamatan Batik Nau ]",
        "indikator_outcome": "Persentase pemenuhan kebutuhan penunjang Perangkat Daerah",
        "target_akhir": "100",
        "realisasi_capaian": "100",
        "prakiraan": "100",
        "target_maju_1": "100",
        "urai_output": "Pemenuhan Jasa Penunjang",
        "id_giat": 18378,
        "kode_giat": "7.01.01.2.08",
        "nama_giat": "Penyediaan Jasa Penunjang Urusan Pemerintahan Daerah",
        "id_sub_giat": 60658,
        "kode_sub_giat": "7.01.01.2.08.0002",
        "nama_sub_giat": "Penyediaan Jasa Komunikasi, Sumber Daya Air dan Listrik",
        "pagu": 19040000,
        "pagu_indikatif": 19040000,
        "pagu_n_depan": 19325600,
        "kode_bl": "1106.1106.4451.18378",
        "kode_sbl": "1106.1106.4451.18378.60658",
        "urusan_locked": 0,
        "bidang_urusan_locked": 0,
        "program_locked": 0,
        "giat_locked": 0,
        "sub_giat_locked": 0,
        "kunci_bl": 1,
        "kunci_bl_rinci": 1,
        "id_output_bl": 59944,
        "satuan_output": "Laporan",
        "tolak_ukur_output": "Jumlah Laporan Penyediaan Jasa Komunikasi, Sumber Daya Air dan Listrik yang Disediakan",
        "target_teks_output": "0 Laporan",
        "satuan_capaian": null,
        "tolak_ukur_capaian": null,
        "target_teks_capaian": null,
        "satuan_sub": null,
        "tolok_ukur_sub": null,
        "target_sub_teks": null,
        "tolak_ukur_n": "Jumlah Laporan Penyediaan Jasa Komunikasi, Sumber Daya Air dan Listrik yang Disediakan",
        "target_teks_n": "0 Laporan",
        "kode_dana": "1.2.01.08",
        "nama_dana": "Dana Alokasi Umum (DAU)",
        "lokasi_bl": "Kab. Bengkulu Utara, Batik Nau, Semua Kel/Desa",
        "id_label_pusat": 0,
        "label_pusat": null,
        "id_label_prov": 398,
        "label_prov": "4. Inovasi dan Tata Kelola Pemerintahan",
        "id_label_kokab": 5210,
        "label_kokab": "5. Inovasi dan Tata Kelola Pemerintahan",
        "kelompok_sasaran": null,
        "target_akhir_program_renstra": null,
        "target_min_1_program_renstra": null,
        "target_n_program_renstra": null,
        "target_akhir_giat_renstra": null,
        "target_min_1_giat_renstra": null,
        "target_n_giat_renstra": null,
        "target_akhir_sub_giat_renstra": " ",
        "target_min_1_sub_giat_renstra": " ",
        "target_n_sub_giat_renstra": " ",
        "total_pagu_indikatif_sub_skpd": 2206700188,
        "total_pagu_n_depan_sub_skpd": 2178644240,
        "total_pagu_indikatif_urusan": 2206700188,
        "total_pagu_n_depan_urusan": 2178644240,
        "total_pagu_indikatif_bidang_urusan": 2206700188,
        "total_pagu_n_depan_bidang_urusan": 2178644240,
        "total_pagu_indikatif_program": 2050819791,
        "total_pagu_n_depan_program": 2014995997,
        "total_pagu_indikatif_kegiatan": 99040000,
        "total_pagu_n_depan_kegiatan": 100525600,
        "total_pagu_indikatif": 2206700188,
        "total_pagu_n_depan": 2178644240
    },
    {
        "migrated_at": null,
        "id_sub_bl": 62237,
        "id_daerah": 473,
        "tahun": 2026,
        "id_unit": 1106,
        "id_skpd": 1106,
        "created_user": 1623,
        "kode_skpd": "7.01.0.00.0.00.06.0000",
        "nama_skpd": "Kecamatan Batik Nau",
        "id_urusan": 17,
        "kode_urusan": "7",
        "nama_urusan": "UNSUR KEWILAYAHAN",
        "id_bidang_urusan": 243,
        "kode_bidang_urusan": "7.01",
        "nama_bidang_urusan": "KECAMATAN",
        "id_sub_skpd": 1106,
        "kode_sub_skpd": "7.01.0.00.0.00.06.0000",
        "nama_sub_skpd": "Kecamatan Batik Nau",
        "id_program": 4451,
        "kode_program": "7.01.01",
        "nama_program": "PROGRAM PENUNJANG URUSAN PEMERINTAHAN DAERAH KABUPATEN/KOTA",
        "outcome": "[ Terselenggaranya Penunjang urusan Pemerintahan Daerah Kecamatan Batik Nau ]",
        "indikator_outcome": "Persentase pemenuhan kebutuhan penunjang Perangkat Daerah",
        "target_akhir": "100",
        "realisasi_capaian": "100",
        "prakiraan": "100",
        "target_maju_1": "100",
        "urai_output": "Pemenuhan Jasa Penunjang",
        "id_giat": 18378,
        "kode_giat": "7.01.01.2.08",
        "nama_giat": "Penyediaan Jasa Penunjang Urusan Pemerintahan Daerah",
        "id_sub_giat": 60660,
        "kode_sub_giat": "7.01.01.2.08.0004",
        "nama_sub_giat": "Penyediaan Jasa Pelayanan Umum Kantor",
        "pagu": 80000000,
        "pagu_indikatif": 80000000,
        "pagu_n_depan": 81200000,
        "kode_bl": "1106.1106.4451.18378",
        "kode_sbl": "1106.1106.4451.18378.60660",
        "urusan_locked": 0,
        "bidang_urusan_locked": 0,
        "program_locked": 0,
        "giat_locked": 0,
        "sub_giat_locked": 0,
        "kunci_bl": 1,
        "kunci_bl_rinci": 1,
        "id_output_bl": 59948,
        "satuan_output": "Laporan",
        "tolak_ukur_output": "Jumlah Laporan Penyediaan Jasa Pelayanan Umum Kantor yang Disediakan",
        "target_teks_output": "4 Laporan",
        "satuan_capaian": null,
        "tolak_ukur_capaian": null,
        "target_teks_capaian": null,
        "satuan_sub": null,
        "tolok_ukur_sub": null,
        "target_sub_teks": null,
        "tolak_ukur_n": "Jumlah Laporan Penyediaan Jasa Pelayanan Umum Kantor yang Disediakan",
        "target_teks_n": "4 Laporan",
        "kode_dana": "1.2.01.08",
        "nama_dana": "Dana Alokasi Umum (DAU)",
        "lokasi_bl": "Kab. Bengkulu Utara, Batik Nau, Semua Kel/Desa",
        "id_label_pusat": 0,
        "label_pusat": null,
        "id_label_prov": 398,
        "label_prov": "4. Inovasi dan Tata Kelola Pemerintahan",
        "id_label_kokab": 5210,
        "label_kokab": "5. Inovasi dan Tata Kelola Pemerintahan",
        "kelompok_sasaran": null,
        "target_akhir_program_renstra": null,
        "target_min_1_program_renstra": null,
        "target_n_program_renstra": null,
        "target_akhir_giat_renstra": null,
        "target_min_1_giat_renstra": null,
        "target_n_giat_renstra": null,
        "target_akhir_sub_giat_renstra": " ",
        "target_min_1_sub_giat_renstra": " ",
        "target_n_sub_giat_renstra": " ",
        "total_pagu_indikatif_sub_skpd": 2206700188,
        "total_pagu_n_depan_sub_skpd": 2178644240,
        "total_pagu_indikatif_urusan": 2206700188,
        "total_pagu_n_depan_urusan": 2178644240,
        "total_pagu_indikatif_bidang_urusan": 2206700188,
        "total_pagu_n_depan_bidang_urusan": 2178644240,
        "total_pagu_indikatif_program": 2050819791,
        "total_pagu_n_depan_program": 2014995997,
        "total_pagu_indikatif_kegiatan": 99040000,
        "total_pagu_n_depan_kegiatan": 100525600,
        "total_pagu_indikatif": 2206700188,
        "total_pagu_n_depan": 2178644240
    },
    {
        "migrated_at": null,
        "id_sub_bl": 62240,
        "id_daerah": 473,
        "tahun": 2026,
        "id_unit": 1106,
        "id_skpd": 1106,
        "created_user": 1623,
        "kode_skpd": "7.01.0.00.0.00.06.0000",
        "nama_skpd": "Kecamatan Batik Nau",
        "id_urusan": 17,
        "kode_urusan": "7",
        "nama_urusan": "UNSUR KEWILAYAHAN",
        "id_bidang_urusan": 243,
        "kode_bidang_urusan": "7.01",
        "nama_bidang_urusan": "KECAMATAN",
        "id_sub_skpd": 1106,
        "kode_sub_skpd": "7.01.0.00.0.00.06.0000",
        "nama_sub_skpd": "Kecamatan Batik Nau",
        "id_program": 4451,
        "kode_program": "7.01.01",
        "nama_program": "PROGRAM PENUNJANG URUSAN PEMERINTAHAN DAERAH KABUPATEN/KOTA",
        "outcome": "[ Terselenggaranya Penunjang urusan Pemerintahan Daerah Kecamatan Batik Nau ]",
        "indikator_outcome": "Persentase pemenuhan kebutuhan penunjang Perangkat Daerah",
        "target_akhir": "100",
        "realisasi_capaian": "100",
        "prakiraan": "100",
        "target_maju_1": "100",
        "urai_output": "Pemenuhan Pemeliharaan BMD",
        "id_giat": 18379,
        "kode_giat": "7.01.01.2.09",
        "nama_giat": "Pemeliharaan Barang Milik Daerah Penunjang Urusan Pemerintahan Daerah",
        "id_sub_giat": 60662,
        "kode_sub_giat": "7.01.01.2.09.0002",
        "nama_sub_giat": "Penyediaan Jasa Pemeliharaan, Biaya Pemeliharaan, Pajak dan Perizinan Kendaraan Dinas Operasional atau Lapangan",
        "pagu": 45000000,
        "pagu_indikatif": 45000000,
        "pagu_n_depan": 30449705,
        "kode_bl": "1106.1106.4451.18379",
        "kode_sbl": "1106.1106.4451.18379.60662",
        "urusan_locked": 0,
        "bidang_urusan_locked": 0,
        "program_locked": 0,
        "giat_locked": 0,
        "sub_giat_locked": 0,
        "kunci_bl": 1,
        "kunci_bl_rinci": 1,
        "id_output_bl": 59951,
        "satuan_output": "Unit",
        "tolak_ukur_output": "Jumlah Kendaraan Dinas Operasional atau Lapangan yang Dipelihara dan dibayarkan Pajak dan Perizinannya",
        "target_teks_output": "2 Unit",
        "satuan_capaian": null,
        "tolak_ukur_capaian": null,
        "target_teks_capaian": null,
        "satuan_sub": null,
        "tolok_ukur_sub": null,
        "target_sub_teks": null,
        "tolak_ukur_n": "Jumlah Kendaraan Dinas Operasional atau Lapangan yang Dipelihara dan dibayarkan Pajak dan Perizinannya",
        "target_teks_n": "2 Unit",
        "kode_dana": "1.2.01.08",
        "nama_dana": "Dana Alokasi Umum (DAU)",
        "lokasi_bl": "Kab. Bengkulu Utara, Batik Nau, Semua Kel/Desa",
        "id_label_pusat": 0,
        "label_pusat": null,
        "id_label_prov": 398,
        "label_prov": "4. Inovasi dan Tata Kelola Pemerintahan",
        "id_label_kokab": 5210,
        "label_kokab": "5. Inovasi dan Tata Kelola Pemerintahan",
        "kelompok_sasaran": null,
        "target_akhir_program_renstra": null,
        "target_min_1_program_renstra": null,
        "target_n_program_renstra": null,
        "target_akhir_giat_renstra": null,
        "target_min_1_giat_renstra": null,
        "target_n_giat_renstra": null,
        "target_akhir_sub_giat_renstra": " ",
        "target_min_1_sub_giat_renstra": " ",
        "target_n_sub_giat_renstra": " ",
        "total_pagu_indikatif_sub_skpd": 2206700188,
        "total_pagu_n_depan_sub_skpd": 2178644240,
        "total_pagu_indikatif_urusan": 2206700188,
        "total_pagu_n_depan_urusan": 2178644240,
        "total_pagu_indikatif_bidang_urusan": 2206700188,
        "total_pagu_n_depan_bidang_urusan": 2178644240,
        "total_pagu_indikatif_program": 2050819791,
        "total_pagu_n_depan_program": 2014995997,
        "total_pagu_indikatif_kegiatan": 55000000,
        "total_pagu_n_depan_kegiatan": 40449705,
        "total_pagu_indikatif": 2206700188,
        "total_pagu_n_depan": 2178644240
    },
    {
        "migrated_at": null,
        "id_sub_bl": 73251,
        "id_daerah": 473,
        "tahun": 2026,
        "id_unit": 1106,
        "id_skpd": 1106,
        "created_user": 1623,
        "kode_skpd": "7.01.0.00.0.00.06.0000",
        "nama_skpd": "Kecamatan Batik Nau",
        "id_urusan": 17,
        "kode_urusan": "7",
        "nama_urusan": "UNSUR KEWILAYAHAN",
        "id_bidang_urusan": 243,
        "kode_bidang_urusan": "7.01",
        "nama_bidang_urusan": "KECAMATAN",
        "id_sub_skpd": 1106,
        "kode_sub_skpd": "7.01.0.00.0.00.06.0000",
        "nama_sub_skpd": "Kecamatan Batik Nau",
        "id_program": 4451,
        "kode_program": "7.01.01",
        "nama_program": "PROGRAM PENUNJANG URUSAN PEMERINTAHAN DAERAH KABUPATEN/KOTA",
        "outcome": "[ Terselenggaranya Penunjang urusan Pemerintahan Daerah Kecamatan Batik Nau ]",
        "indikator_outcome": "Persentase pemenuhan kebutuhan penunjang Perangkat Daerah",
        "target_akhir": "100",
        "realisasi_capaian": "100",
        "prakiraan": "100",
        "target_maju_1": "100",
        "urai_output": "Pemenuhan Pemeliharaan BMD",
        "id_giat": 18379,
        "kode_giat": "7.01.01.2.09",
        "nama_giat": "Pemeliharaan Barang Milik Daerah Penunjang Urusan Pemerintahan Daerah",
        "id_sub_giat": 60666,
        "kode_sub_giat": "7.01.01.2.09.0006",
        "nama_sub_giat": "Pemeliharaan Peralatan dan Mesin Lainnya",
        "pagu": 10000000,
        "pagu_indikatif": 10000000,
        "pagu_n_depan": 10000000,
        "kode_bl": "1106.1106.4451.18379",
        "kode_sbl": "1106.1106.4451.18379.60666",
        "urusan_locked": 0,
        "bidang_urusan_locked": 0,
        "program_locked": 0,
        "giat_locked": 0,
        "sub_giat_locked": 0,
        "kunci_bl": 1,
        "kunci_bl_rinci": 1,
        "id_output_bl": 70911,
        "satuan_output": "Unit",
        "tolak_ukur_output": "Jumlah Peralatan dan Mesin Lainnya yang Dipelihara ",
        "target_teks_output": "1 Unit",
        "satuan_capaian": null,
        "tolak_ukur_capaian": null,
        "target_teks_capaian": null,
        "satuan_sub": null,
        "tolok_ukur_sub": null,
        "target_sub_teks": null,
        "tolak_ukur_n": "Jumlah Peralatan dan Mesin Lainnya yang Dipelihara ",
        "target_teks_n": "1 Unit",
        "kode_dana": "1.2.01.08",
        "nama_dana": "Dana Alokasi Umum (DAU)",
        "lokasi_bl": "Kab. Bengkulu Utara, Batik Nau, Semua Kel/Desa",
        "id_label_pusat": 0,
        "label_pusat": null,
        "id_label_prov": 398,
        "label_prov": "4. Inovasi dan Tata Kelola Pemerintahan",
        "id_label_kokab": 5210,
        "label_kokab": "5. Inovasi dan Tata Kelola Pemerintahan",
        "kelompok_sasaran": null,
        "target_akhir_program_renstra": null,
        "target_min_1_program_renstra": null,
        "target_n_program_renstra": null,
        "target_akhir_giat_renstra": null,
        "target_min_1_giat_renstra": null,
        "target_n_giat_renstra": null,
        "target_akhir_sub_giat_renstra": " ",
        "target_min_1_sub_giat_renstra": " ",
        "target_n_sub_giat_renstra": " ",
        "total_pagu_indikatif_sub_skpd": 2206700188,
        "total_pagu_n_depan_sub_skpd": 2178644240,
        "total_pagu_indikatif_urusan": 2206700188,
        "total_pagu_n_depan_urusan": 2178644240,
        "total_pagu_indikatif_bidang_urusan": 2206700188,
        "total_pagu_n_depan_bidang_urusan": 2178644240,
        "total_pagu_indikatif_program": 2050819791,
        "total_pagu_n_depan_program": 2014995997,
        "total_pagu_indikatif_kegiatan": 55000000,
        "total_pagu_n_depan_kegiatan": 40449705,
        "total_pagu_indikatif": 2206700188,
        "total_pagu_n_depan": 2178644240
    },
    {
        "migrated_at": null,
        "id_sub_bl": 62246,
        "id_daerah": 473,
        "tahun": 2026,
        "id_unit": 1106,
        "id_skpd": 1106,
        "created_user": 1623,
        "kode_skpd": "7.01.0.00.0.00.06.0000",
        "nama_skpd": "Kecamatan Batik Nau",
        "id_urusan": 17,
        "kode_urusan": "7",
        "nama_urusan": "UNSUR KEWILAYAHAN",
        "id_bidang_urusan": 243,
        "kode_bidang_urusan": "7.01",
        "nama_bidang_urusan": "KECAMATAN",
        "id_sub_skpd": 1106,
        "kode_sub_skpd": "7.01.0.00.0.00.06.0000",
        "nama_sub_skpd": "Kecamatan Batik Nau",
        "id_program": 4418,
        "kode_program": "7.01.03",
        "nama_program": "PROGRAM PEMBERDAYAAN MASYARAKAT DESA DAN KELURAHAN",
        "outcome": "[ Terselenggaranya Program Pemberdayaan Masyarakat Desa dan Kelurahan Kecamatan Batik Nau ]",
        "indikator_outcome": "Persentase Pemberdayaan Masyarakat Desa dan Kelurahan",
        "target_akhir": "100",
        "realisasi_capaian": "100",
        "prakiraan": "100",
        "target_maju_1": "100",
        "urai_output": "Terpenuhinya Kegiatan Pemberdayaan Masyarakat Desa",
        "id_giat": 18279,
        "kode_giat": "7.01.03.2.01",
        "nama_giat": "Koordinasi Kegiatan Pemberdayaan Desa",
        "id_sub_giat": 59913,
        "kode_sub_giat": "7.01.03.2.01.0001",
        "nama_sub_giat": "Peningkatan Partisipasi Masyarakat dalam Forum Musyawarah Perencanaan Pembangunan di Desa",
        "pagu": 25000000,
        "pagu_indikatif": 25000000,
        "pagu_n_depan": 30804641,
        "kode_bl": "1106.1106.4418.18279",
        "kode_sbl": "1106.1106.4418.18279.59913",
        "urusan_locked": 0,
        "bidang_urusan_locked": 0,
        "program_locked": 0,
        "giat_locked": 0,
        "sub_giat_locked": 0,
        "kunci_bl": 1,
        "kunci_bl_rinci": 1,
        "id_output_bl": 59957,
        "satuan_output": "Lembaga Kemasyarakatan",
        "tolak_ukur_output": "Jumlah Lembaga Kemasyarakatan yang Berpartisipasi dalam Forum Musyawarah Perencanaan Pembangunan di Desa ",
        "target_teks_output": "15 Lembaga Kemasyarakatan",
        "satuan_capaian": null,
        "tolak_ukur_capaian": null,
        "target_teks_capaian": null,
        "satuan_sub": null,
        "tolok_ukur_sub": null,
        "target_sub_teks": null,
        "tolak_ukur_n": "Jumlah Lembaga Kemasyarakatan yang Berpartisipasi dalam Forum Musyawarah Perencanaan Pembangunan di Desa ",
        "target_teks_n": "15 Lembaga Kemasyarakatan",
        "kode_dana": "1.2.01.08",
        "nama_dana": "Dana Alokasi Umum (DAU)",
        "lokasi_bl": "Kab. Bengkulu Utara, Batik Nau, Semua Kel/Desa",
        "id_label_pusat": 0,
        "label_pusat": null,
        "id_label_prov": 398,
        "label_prov": "4. Inovasi dan Tata Kelola Pemerintahan",
        "id_label_kokab": 5210,
        "label_kokab": "5. Inovasi dan Tata Kelola Pemerintahan",
        "kelompok_sasaran": null,
        "target_akhir_program_renstra": null,
        "target_min_1_program_renstra": null,
        "target_n_program_renstra": null,
        "target_akhir_giat_renstra": null,
        "target_min_1_giat_renstra": null,
        "target_n_giat_renstra": null,
        "target_akhir_sub_giat_renstra": " ",
        "target_min_1_sub_giat_renstra": " ",
        "target_n_sub_giat_renstra": " ",
        "total_pagu_indikatif_sub_skpd": 2206700188,
        "total_pagu_n_depan_sub_skpd": 2178644240,
        "total_pagu_indikatif_urusan": 2206700188,
        "total_pagu_n_depan_urusan": 2178644240,
        "total_pagu_indikatif_bidang_urusan": 2206700188,
        "total_pagu_n_depan_bidang_urusan": 2178644240,
        "total_pagu_indikatif_program": 25000000,
        "total_pagu_n_depan_program": 30804641,
        "total_pagu_indikatif_kegiatan": 25000000,
        "total_pagu_n_depan_kegiatan": 30804641,
        "total_pagu_indikatif": 2206700188,
        "total_pagu_n_depan": 2178644240
    },
    {
        "migrated_at": null,
        "id_sub_bl": 62251,
        "id_daerah": 473,
        "tahun": 2026,
        "id_unit": 1106,
        "id_skpd": 1106,
        "created_user": 1623,
        "kode_skpd": "7.01.0.00.0.00.06.0000",
        "nama_skpd": "Kecamatan Batik Nau",
        "id_urusan": 17,
        "kode_urusan": "7",
        "nama_urusan": "UNSUR KEWILAYAHAN",
        "id_bidang_urusan": 243,
        "kode_bidang_urusan": "7.01",
        "nama_bidang_urusan": "KECAMATAN",
        "id_sub_skpd": 1106,
        "kode_sub_skpd": "7.01.0.00.0.00.06.0000",
        "nama_sub_skpd": "Kecamatan Batik Nau",
        "id_program": 4423,
        "kode_program": "7.01.06",
        "nama_program": "PROGRAM PEMBINAAN DAN PENGAWASAN PEMERINTAHAN DESA",
        "outcome": "[ Terselenggaranya Program Pembinaan dan Pengawasan Pemerintahan Desa Kecamatan Batik Nau ]",
        "indikator_outcome": "Persentase Tingkat Pembinaan dan Pengawasan Desa",
        "target_akhir": "100",
        "realisasi_capaian": "100",
        "prakiraan": "100",
        "target_maju_1": "100",
        "urai_output": "Terpenuhinya Krgiatan Fasilitasi, Rekomendasi dan Koordinasi Pembinaan dan Pengawasan Pemerintahan Desa",
        "id_giat": 18290,
        "kode_giat": "7.01.06.2.01",
        "nama_giat": "Fasilitasi, Rekomendasi dan Koordinasi\n\nPembinaan dan Pengawasan Pemerintahan Desa",
        "id_sub_giat": 59975,
        "kode_sub_giat": "7.01.06.2.01.0016",
        "nama_sub_giat": "Fasilitasi Penyusunan Program dan Pelaksanaan Pemberdayaan Masyarakat Desa",
        "pagu": 130880397,
        "pagu_indikatif": 130880397,
        "pagu_n_depan": 132843602,
        "kode_bl": "1106.1106.4423.18290",
        "kode_sbl": "1106.1106.4423.18290.59975",
        "urusan_locked": 0,
        "bidang_urusan_locked": 0,
        "program_locked": 0,
        "giat_locked": 0,
        "sub_giat_locked": 0,
        "kunci_bl": 1,
        "kunci_bl_rinci": 1,
        "id_output_bl": 59962,
        "satuan_output": "Dokumen",
        "tolak_ukur_output": "Jumlah Dokumen Fasilitasi dalam rangka Program dan Pelaksanaan Pemberdayaan Masyarakat Desa",
        "target_teks_output": "0 Dokumen",
        "satuan_capaian": null,
        "tolak_ukur_capaian": null,
        "target_teks_capaian": null,
        "satuan_sub": null,
        "tolok_ukur_sub": null,
        "target_sub_teks": null,
        "tolak_ukur_n": "Jumlah Dokumen Fasilitasi dalam rangka Program dan Pelaksanaan Pemberdayaan Masyarakat Desa",
        "target_teks_n": "0 Dokumen",
        "kode_dana": "1.2.01.08",
        "nama_dana": "Dana Alokasi Umum (DAU)",
        "lokasi_bl": "Kab. Bengkulu Utara, Batik Nau, Semua Kel/Desa",
        "id_label_pusat": 0,
        "label_pusat": null,
        "id_label_prov": 398,
        "label_prov": "4. Inovasi dan Tata Kelola Pemerintahan",
        "id_label_kokab": 5210,
        "label_kokab": "5. Inovasi dan Tata Kelola Pemerintahan",
        "kelompok_sasaran": null,
        "target_akhir_program_renstra": null,
        "target_min_1_program_renstra": null,
        "target_n_program_renstra": null,
        "target_akhir_giat_renstra": null,
        "target_min_1_giat_renstra": null,
        "target_n_giat_renstra": null,
        "target_akhir_sub_giat_renstra": " ",
        "target_min_1_sub_giat_renstra": " ",
        "target_n_sub_giat_renstra": " ",
        "total_pagu_indikatif_sub_skpd": 2206700188,
        "total_pagu_n_depan_sub_skpd": 2178644240,
        "total_pagu_indikatif_urusan": 2206700188,
        "total_pagu_n_depan_urusan": 2178644240,
        "total_pagu_indikatif_bidang_urusan": 2206700188,
        "total_pagu_n_depan_bidang_urusan": 2178644240,
        "total_pagu_indikatif_program": 130880397,
        "total_pagu_n_depan_program": 132843602,
        "total_pagu_indikatif_kegiatan": 130880397,
        "total_pagu_n_depan_kegiatan": 132843602,
        "total_pagu_indikatif": 2206700188,
        "total_pagu_n_depan": 2178644240
    }
]