[
    {
        "migrated_at": null,
        "id_sub_bl": 63656,
        "id_daerah": 473,
        "tahun": 2026,
        "id_unit": 647,
        "id_skpd": 647,
        "created_user": 2462,
        "kode_skpd": "7.01.0.00.0.00.08.0000",
        "nama_skpd": "Kecamatan Giri Mulya",
        "id_urusan": 17,
        "kode_urusan": "7",
        "nama_urusan": "UNSUR KEWILAYAHAN",
        "id_bidang_urusan": 243,
        "kode_bidang_urusan": "7.01",
        "nama_bidang_urusan": "KECAMATAN",
        "id_sub_skpd": 647,
        "kode_sub_skpd": "7.01.0.00.0.00.08.0000",
        "nama_sub_skpd": "Kecamatan Giri Mulya",
        "id_program": 4451,
        "kode_program": "7.01.01",
        "nama_program": "PROGRAM PENUNJANG URUSAN PEMERINTAHAN DAERAH KABUPATEN/KOTA",
        "outcome": "[ Terselenggaranya Penunjang urusan Pemerintahan Daerah Kecamatan Giri Mulya ]",
        "indikator_outcome": "Persentase pemenuhan kebutuhan penunjang Perangkat Daerah",
        "target_akhir": "100",
        "realisasi_capaian": "100",
        "prakiraan": "100",
        "target_maju_1": "100",
        "urai_output": "Persentase pemenuhan Dokumen Perencanaan, Pengganggaran dan Evaluasi Perangkat Daerah",
        "id_giat": 18371,
        "kode_giat": "7.01.01.2.01",
        "nama_giat": "Perencanaan, Penganggaran, dan Evaluasi Kinerja Perangkat Daerah",
        "id_sub_giat": 60589,
        "kode_sub_giat": "7.01.01.2.01.0001",
        "nama_sub_giat": "Penyusunan Dokumen Perencanaan Perangkat Daerah",
        "pagu": 3500000,
        "pagu_indikatif": 3500000,
        "pagu_n_depan": 3500000,
        "kode_bl": "647.647.4451.18371",
        "kode_sbl": "647.647.4451.18371.60589",
        "urusan_locked": 0,
        "bidang_urusan_locked": 0,
        "program_locked": 0,
        "giat_locked": 0,
        "sub_giat_locked": 0,
        "kunci_bl": 1,
        "kunci_bl_rinci": 1,
        "id_output_bl": 61364,
        "satuan_output": "Dokumen",
        "tolak_ukur_output": "Jumlah Dokumen Perencanaan Perangkat Daerah ",
        "target_teks_output": "1 Dokumen",
        "satuan_capaian": null,
        "tolak_ukur_capaian": null,
        "target_teks_capaian": null,
        "satuan_sub": null,
        "tolok_ukur_sub": null,
        "target_sub_teks": null,
        "tolak_ukur_n": "Jumlah Dokumen Perencanaan Perangkat Daerah ",
        "target_teks_n": "1 Dokumen",
        "kode_dana": "1.2.01.08",
        "nama_dana": "Dana Alokasi Umum (DAU)",
        "lokasi_bl": "Kab. Bengkulu Utara, Giri Mulya, Semua Kel/Desa",
        "id_label_pusat": 0,
        "label_pusat": null,
        "id_label_prov": 398,
        "label_prov": "4. Inovasi dan Tata Kelola Pemerintahan",
        "id_label_kokab": 5210,
        "label_kokab": "5. Inovasi dan Tata Kelola Pemerintahan",
        "kelompok_sasaran": null,
        "target_akhir_program_renstra": null,
        "target_min_1_program_renstra": null,
        "target_n_program_renstra": null,
        "target_akhir_giat_renstra": null,
        "target_min_1_giat_renstra": null,
        "target_n_giat_renstra": null,
        "target_akhir_sub_giat_renstra": " ",
        "target_min_1_sub_giat_renstra": " ",
        "target_n_sub_giat_renstra": " ",
        "total_pagu_indikatif_sub_skpd": 1817285903,
        "total_pagu_n_depan_sub_skpd": 1757556341,
        "total_pagu_indikatif_urusan": 1817285903,
        "total_pagu_n_depan_urusan": 1757556341,
        "total_pagu_indikatif_bidang_urusan": 1817285903,
        "total_pagu_n_depan_bidang_urusan": 1757556341,
        "total_pagu_indikatif_program": 1650285903,
        "total_pagu_n_depan_program": 1585056341,
        "total_pagu_indikatif_kegiatan": 17200000,
        "total_pagu_n_depan_kegiatan": 17900000,
        "total_pagu_indikatif": 1817285903,
        "total_pagu_n_depan": 1757556341
    },
    {
        "migrated_at": null,
        "id_sub_bl": 63673,
        "id_daerah": 473,
        "tahun": 2026,
        "id_unit": 647,
        "id_skpd": 647,
        "created_user": 2462,
        "kode_skpd": "7.01.0.00.0.00.08.0000",
        "nama_skpd": "Kecamatan Giri Mulya",
        "id_urusan": 17,
        "kode_urusan": "7",
        "nama_urusan": "UNSUR KEWILAYAHAN",
        "id_bidang_urusan": 243,
        "kode_bidang_urusan": "7.01",
        "nama_bidang_urusan": "KECAMATAN",
        "id_sub_skpd": 647,
        "kode_sub_skpd": "7.01.0.00.0.00.08.0000",
        "nama_sub_skpd": "Kecamatan Giri Mulya",
        "id_program": 4451,
        "kode_program": "7.01.01",
        "nama_program": "PROGRAM PENUNJANG URUSAN PEMERINTAHAN DAERAH KABUPATEN/KOTA",
        "outcome": "[ Terselenggaranya Penunjang urusan Pemerintahan Daerah Kecamatan Giri Mulya ]",
        "indikator_outcome": "Persentase pemenuhan kebutuhan penunjang Perangkat Daerah",
        "target_akhir": "100",
        "realisasi_capaian": "100",
        "prakiraan": "100",
        "target_maju_1": "100",
        "urai_output": "Persentase pemenuhan Dokumen Perencanaan, Pengganggaran dan Evaluasi Perangkat Daerah",
        "id_giat": 18371,
        "kode_giat": "7.01.01.2.01",
        "nama_giat": "Perencanaan, Penganggaran, dan Evaluasi Kinerja Perangkat Daerah",
        "id_sub_giat": 60590,
        "kode_sub_giat": "7.01.01.2.01.0002",
        "nama_sub_giat": "Koordinasi dan Penyusunan Dokumen RKA-SKPD",
        "pagu": 4250000,
        "pagu_indikatif": 4250000,
        "pagu_n_depan": 4500000,
        "kode_bl": "647.647.4451.18371",
        "kode_sbl": "647.647.4451.18371.60590",
        "urusan_locked": 0,
        "bidang_urusan_locked": 0,
        "program_locked": 0,
        "giat_locked": 0,
        "sub_giat_locked": 0,
        "kunci_bl": 1,
        "kunci_bl_rinci": 1,
        "id_output_bl": 61381,
        "satuan_output": "Dokumen",
        "tolak_ukur_output": "Jumlah Dokumen RKA-SKPD dan Laporan Hasil Koordinasi Penyusunan Dokumen RKA-SKPD",
        "target_teks_output": "1 Dokumen",
        "satuan_capaian": null,
        "tolak_ukur_capaian": null,
        "target_teks_capaian": null,
        "satuan_sub": null,
        "tolok_ukur_sub": null,
        "target_sub_teks": null,
        "tolak_ukur_n": "Jumlah Dokumen RKA-SKPD dan Laporan Hasil Koordinasi Penyusunan Dokumen RKA-SKPD",
        "target_teks_n": "1 Dokumen",
        "kode_dana": "1.2.01.08",
        "nama_dana": "Dana Alokasi Umum (DAU)",
        "lokasi_bl": "Kab. Bengkulu Utara, Giri Mulya, Semua Kel/Desa",
        "id_label_pusat": 0,
        "label_pusat": null,
        "id_label_prov": 398,
        "label_prov": "4. Inovasi dan Tata Kelola Pemerintahan",
        "id_label_kokab": 5210,
        "label_kokab": "5. Inovasi dan Tata Kelola Pemerintahan",
        "kelompok_sasaran": null,
        "target_akhir_program_renstra": null,
        "target_min_1_program_renstra": null,
        "target_n_program_renstra": null,
        "target_akhir_giat_renstra": null,
        "target_min_1_giat_renstra": null,
        "target_n_giat_renstra": null,
        "target_akhir_sub_giat_renstra": " ",
        "target_min_1_sub_giat_renstra": " ",
        "target_n_sub_giat_renstra": " ",
        "total_pagu_indikatif_sub_skpd": 1817285903,
        "total_pagu_n_depan_sub_skpd": 1757556341,
        "total_pagu_indikatif_urusan": 1817285903,
        "total_pagu_n_depan_urusan": 1757556341,
        "total_pagu_indikatif_bidang_urusan": 1817285903,
        "total_pagu_n_depan_bidang_urusan": 1757556341,
        "total_pagu_indikatif_program": 1650285903,
        "total_pagu_n_depan_program": 1585056341,
        "total_pagu_indikatif_kegiatan": 17200000,
        "total_pagu_n_depan_kegiatan": 17900000,
        "total_pagu_indikatif": 1817285903,
        "total_pagu_n_depan": 1757556341
    },
    {
        "migrated_at": null,
        "id_sub_bl": 63682,
        "id_daerah": 473,
        "tahun": 2026,
        "id_unit": 647,
        "id_skpd": 647,
        "created_user": 2462,
        "kode_skpd": "7.01.0.00.0.00.08.0000",
        "nama_skpd": "Kecamatan Giri Mulya",
        "id_urusan": 17,
        "kode_urusan": "7",
        "nama_urusan": "UNSUR KEWILAYAHAN",
        "id_bidang_urusan": 243,
        "kode_bidang_urusan": "7.01",
        "nama_bidang_urusan": "KECAMATAN",
        "id_sub_skpd": 647,
        "kode_sub_skpd": "7.01.0.00.0.00.08.0000",
        "nama_sub_skpd": "Kecamatan Giri Mulya",
        "id_program": 4451,
        "kode_program": "7.01.01",
        "nama_program": "PROGRAM PENUNJANG URUSAN PEMERINTAHAN DAERAH KABUPATEN/KOTA",
        "outcome": "[ Terselenggaranya Penunjang urusan Pemerintahan Daerah Kecamatan Giri Mulya ]",
        "indikator_outcome": "Persentase pemenuhan kebutuhan penunjang Perangkat Daerah",
        "target_akhir": "100",
        "realisasi_capaian": "100",
        "prakiraan": "100",
        "target_maju_1": "100",
        "urai_output": "Persentase pemenuhan Dokumen Perencanaan, Pengganggaran dan Evaluasi Perangkat Daerah",
        "id_giat": 18371,
        "kode_giat": "7.01.01.2.01",
        "nama_giat": "Perencanaan, Penganggaran, dan Evaluasi Kinerja Perangkat Daerah",
        "id_sub_giat": 60592,
        "kode_sub_giat": "7.01.01.2.01.0004",
        "nama_sub_giat": "Koordinasi dan Penyusunan DPA-SKPD",
        "pagu": 4250000,
        "pagu_indikatif": 4250000,
        "pagu_n_depan": 4500000,
        "kode_bl": "647.647.4451.18371",
        "kode_sbl": "647.647.4451.18371.60592",
        "urusan_locked": 0,
        "bidang_urusan_locked": 0,
        "program_locked": 0,
        "giat_locked": 0,
        "sub_giat_locked": 0,
        "kunci_bl": 1,
        "kunci_bl_rinci": 1,
        "id_output_bl": 61390,
        "satuan_output": "Dokumen",
        "tolak_ukur_output": "Jumlah Dokumen DPA-SKPD dan Laporan Hasil Koordinasi Penyusunan Dokumen DPA-SKPD",
        "target_teks_output": "1 Dokumen",
        "satuan_capaian": null,
        "tolak_ukur_capaian": null,
        "target_teks_capaian": null,
        "satuan_sub": null,
        "tolok_ukur_sub": null,
        "target_sub_teks": null,
        "tolak_ukur_n": "Jumlah Dokumen DPA-SKPD dan Laporan Hasil Koordinasi Penyusunan Dokumen DPA-SKPD",
        "target_teks_n": "1 Dokumen",
        "kode_dana": "1.2.01.08",
        "nama_dana": "Dana Alokasi Umum (DAU)",
        "lokasi_bl": "Kab. Bengkulu Utara, Giri Mulya, Semua Kel/Desa",
        "id_label_pusat": 0,
        "label_pusat": null,
        "id_label_prov": 398,
        "label_prov": "4. Inovasi dan Tata Kelola Pemerintahan",
        "id_label_kokab": 5210,
        "label_kokab": "5. Inovasi dan Tata Kelola Pemerintahan",
        "kelompok_sasaran": null,
        "target_akhir_program_renstra": null,
        "target_min_1_program_renstra": null,
        "target_n_program_renstra": null,
        "target_akhir_giat_renstra": null,
        "target_min_1_giat_renstra": null,
        "target_n_giat_renstra": null,
        "target_akhir_sub_giat_renstra": " ",
        "target_min_1_sub_giat_renstra": " ",
        "target_n_sub_giat_renstra": " ",
        "total_pagu_indikatif_sub_skpd": 1817285903,
        "total_pagu_n_depan_sub_skpd": 1757556341,
        "total_pagu_indikatif_urusan": 1817285903,
        "total_pagu_n_depan_urusan": 1757556341,
        "total_pagu_indikatif_bidang_urusan": 1817285903,
        "total_pagu_n_depan_bidang_urusan": 1757556341,
        "total_pagu_indikatif_program": 1650285903,
        "total_pagu_n_depan_program": 1585056341,
        "total_pagu_indikatif_kegiatan": 17200000,
        "total_pagu_n_depan_kegiatan": 17900000,
        "total_pagu_indikatif": 1817285903,
        "total_pagu_n_depan": 1757556341
    },
    {
        "migrated_at": null,
        "id_sub_bl": 63691,
        "id_daerah": 473,
        "tahun": 2026,
        "id_unit": 647,
        "id_skpd": 647,
        "created_user": 2462,
        "kode_skpd": "7.01.0.00.0.00.08.0000",
        "nama_skpd": "Kecamatan Giri Mulya",
        "id_urusan": 17,
        "kode_urusan": "7",
        "nama_urusan": "UNSUR KEWILAYAHAN",
        "id_bidang_urusan": 243,
        "kode_bidang_urusan": "7.01",
        "nama_bidang_urusan": "KECAMATAN",
        "id_sub_skpd": 647,
        "kode_sub_skpd": "7.01.0.00.0.00.08.0000",
        "nama_sub_skpd": "Kecamatan Giri Mulya",
        "id_program": 4451,
        "kode_program": "7.01.01",
        "nama_program": "PROGRAM PENUNJANG URUSAN PEMERINTAHAN DAERAH KABUPATEN/KOTA",
        "outcome": "[ Terselenggaranya Penunjang urusan Pemerintahan Daerah Kecamatan Giri Mulya ]",
        "indikator_outcome": "Persentase pemenuhan kebutuhan penunjang Perangkat Daerah",
        "target_akhir": "100",
        "realisasi_capaian": "100",
        "prakiraan": "100",
        "target_maju_1": "100",
        "urai_output": "Persentase pemenuhan Dokumen Perencanaan, Pengganggaran dan Evaluasi Perangkat Daerah",
        "id_giat": 18371,
        "kode_giat": "7.01.01.2.01",
        "nama_giat": "Perencanaan, Penganggaran, dan Evaluasi Kinerja Perangkat Daerah",
        "id_sub_giat": 60594,
        "kode_sub_giat": "7.01.01.2.01.0006",
        "nama_sub_giat": "Koordinasi dan Penyusunan Laporan Capaian Kinerja dan Ikhtisar Realisasi Kinerja SKPD",
        "pagu": 2600000,
        "pagu_indikatif": 2600000,
        "pagu_n_depan": 2700000,
        "kode_bl": "647.647.4451.18371",
        "kode_sbl": "647.647.4451.18371.60594",
        "urusan_locked": 0,
        "bidang_urusan_locked": 0,
        "program_locked": 0,
        "giat_locked": 0,
        "sub_giat_locked": 0,
        "kunci_bl": 1,
        "kunci_bl_rinci": 1,
        "id_output_bl": 61399,
        "satuan_output": "Laporan",
        "tolak_ukur_output": "Jumlah Laporan Capaian Kinerja dan Ikhtisar Realisasi Kinerja SKPD dan Laporan Hasil Koordinasi Penyusunan Laporan Capaian Kinerja dan Ikhtisar Realisasi Kinerja SKPD",
        "target_teks_output": "1 Laporan",
        "satuan_capaian": null,
        "tolak_ukur_capaian": null,
        "target_teks_capaian": null,
        "satuan_sub": null,
        "tolok_ukur_sub": null,
        "target_sub_teks": null,
        "tolak_ukur_n": "Jumlah Laporan Capaian Kinerja dan Ikhtisar Realisasi Kinerja SKPD dan Laporan Hasil Koordinasi Penyusunan Laporan Capaian Kinerja dan Ikhtisar Realisasi Kinerja SKPD",
        "target_teks_n": "1 Laporan",
        "kode_dana": "1.2.01.08",
        "nama_dana": "Dana Alokasi Umum (DAU)",
        "lokasi_bl": "Kab. Bengkulu Utara, Giri Mulya, Semua Kel/Desa",
        "id_label_pusat": 0,
        "label_pusat": null,
        "id_label_prov": 398,
        "label_prov": "4. Inovasi dan Tata Kelola Pemerintahan",
        "id_label_kokab": 5210,
        "label_kokab": "5. Inovasi dan Tata Kelola Pemerintahan",
        "kelompok_sasaran": null,
        "target_akhir_program_renstra": null,
        "target_min_1_program_renstra": null,
        "target_n_program_renstra": null,
        "target_akhir_giat_renstra": null,
        "target_min_1_giat_renstra": null,
        "target_n_giat_renstra": null,
        "target_akhir_sub_giat_renstra": " ",
        "target_min_1_sub_giat_renstra": " ",
        "target_n_sub_giat_renstra": " ",
        "total_pagu_indikatif_sub_skpd": 1817285903,
        "total_pagu_n_depan_sub_skpd": 1757556341,
        "total_pagu_indikatif_urusan": 1817285903,
        "total_pagu_n_depan_urusan": 1757556341,
        "total_pagu_indikatif_bidang_urusan": 1817285903,
        "total_pagu_n_depan_bidang_urusan": 1757556341,
        "total_pagu_indikatif_program": 1650285903,
        "total_pagu_n_depan_program": 1585056341,
        "total_pagu_indikatif_kegiatan": 17200000,
        "total_pagu_n_depan_kegiatan": 17900000,
        "total_pagu_indikatif": 1817285903,
        "total_pagu_n_depan": 1757556341
    },
    {
        "migrated_at": null,
        "id_sub_bl": 63696,
        "id_daerah": 473,
        "tahun": 2026,
        "id_unit": 647,
        "id_skpd": 647,
        "created_user": 2462,
        "kode_skpd": "7.01.0.00.0.00.08.0000",
        "nama_skpd": "Kecamatan Giri Mulya",
        "id_urusan": 17,
        "kode_urusan": "7",
        "nama_urusan": "UNSUR KEWILAYAHAN",
        "id_bidang_urusan": 243,
        "kode_bidang_urusan": "7.01",
        "nama_bidang_urusan": "KECAMATAN",
        "id_sub_skpd": 647,
        "kode_sub_skpd": "7.01.0.00.0.00.08.0000",
        "nama_sub_skpd": "Kecamatan Giri Mulya",
        "id_program": 4451,
        "kode_program": "7.01.01",
        "nama_program": "PROGRAM PENUNJANG URUSAN PEMERINTAHAN DAERAH KABUPATEN/KOTA",
        "outcome": "[ Terselenggaranya Penunjang urusan Pemerintahan Daerah Kecamatan Giri Mulya ]",
        "indikator_outcome": "Persentase pemenuhan kebutuhan penunjang Perangkat Daerah",
        "target_akhir": "100",
        "realisasi_capaian": "100",
        "prakiraan": "100",
        "target_maju_1": "100",
        "urai_output": "Persentase pemenuhan Dokumen Perencanaan, Pengganggaran dan Evaluasi Perangkat Daerah",
        "id_giat": 18371,
        "kode_giat": "7.01.01.2.01",
        "nama_giat": "Perencanaan, Penganggaran, dan Evaluasi Kinerja Perangkat Daerah",
        "id_sub_giat": 60595,
        "kode_sub_giat": "7.01.01.2.01.0007",
        "nama_sub_giat": "Evaluasi Kinerja Perangkat Daerah",
        "pagu": 2600000,
        "pagu_indikatif": 2600000,
        "pagu_n_depan": 2700000,
        "kode_bl": "647.647.4451.18371",
        "kode_sbl": "647.647.4451.18371.60595",
        "urusan_locked": 0,
        "bidang_urusan_locked": 0,
        "program_locked": 0,
        "giat_locked": 0,
        "sub_giat_locked": 0,
        "kunci_bl": 1,
        "kunci_bl_rinci": 1,
        "id_output_bl": 61404,
        "satuan_output": "Laporan",
        "tolak_ukur_output": "Jumlah Laporan Evaluasi Kinerja Perangkat Daerah",
        "target_teks_output": "1 Laporan",
        "satuan_capaian": null,
        "tolak_ukur_capaian": null,
        "target_teks_capaian": null,
        "satuan_sub": null,
        "tolok_ukur_sub": null,
        "target_sub_teks": null,
        "tolak_ukur_n": "Jumlah Laporan Evaluasi Kinerja Perangkat Daerah",
        "target_teks_n": "1 Laporan",
        "kode_dana": "1.2.01.08",
        "nama_dana": "Dana Alokasi Umum (DAU)",
        "lokasi_bl": "Kab. Bengkulu Utara, Giri Mulya, Semua Kel/Desa",
        "id_label_pusat": 0,
        "label_pusat": null,
        "id_label_prov": 398,
        "label_prov": "4. Inovasi dan Tata Kelola Pemerintahan",
        "id_label_kokab": 5210,
        "label_kokab": "5. Inovasi dan Tata Kelola Pemerintahan",
        "kelompok_sasaran": null,
        "target_akhir_program_renstra": null,
        "target_min_1_program_renstra": null,
        "target_n_program_renstra": null,
        "target_akhir_giat_renstra": null,
        "target_min_1_giat_renstra": null,
        "target_n_giat_renstra": null,
        "target_akhir_sub_giat_renstra": " ",
        "target_min_1_sub_giat_renstra": " ",
        "target_n_sub_giat_renstra": " ",
        "total_pagu_indikatif_sub_skpd": 1817285903,
        "total_pagu_n_depan_sub_skpd": 1757556341,
        "total_pagu_indikatif_urusan": 1817285903,
        "total_pagu_n_depan_urusan": 1757556341,
        "total_pagu_indikatif_bidang_urusan": 1817285903,
        "total_pagu_n_depan_bidang_urusan": 1757556341,
        "total_pagu_indikatif_program": 1650285903,
        "total_pagu_n_depan_program": 1585056341,
        "total_pagu_indikatif_kegiatan": 17200000,
        "total_pagu_n_depan_kegiatan": 17900000,
        "total_pagu_indikatif": 1817285903,
        "total_pagu_n_depan": 1757556341
    },
    {
        "migrated_at": null,
        "id_sub_bl": 63607,
        "id_daerah": 473,
        "tahun": 2026,
        "id_unit": 647,
        "id_skpd": 647,
        "created_user": 2462,
        "kode_skpd": "7.01.0.00.0.00.08.0000",
        "nama_skpd": "Kecamatan Giri Mulya",
        "id_urusan": 17,
        "kode_urusan": "7",
        "nama_urusan": "UNSUR KEWILAYAHAN",
        "id_bidang_urusan": 243,
        "kode_bidang_urusan": "7.01",
        "nama_bidang_urusan": "KECAMATAN",
        "id_sub_skpd": 647,
        "kode_sub_skpd": "7.01.0.00.0.00.08.0000",
        "nama_sub_skpd": "Kecamatan Giri Mulya",
        "id_program": 4451,
        "kode_program": "7.01.01",
        "nama_program": "PROGRAM PENUNJANG URUSAN PEMERINTAHAN DAERAH KABUPATEN/KOTA",
        "outcome": "[ Terselenggaranya Penunjang urusan Pemerintahan Daerah Kecamatan Giri Mulya ]",
        "indikator_outcome": "Persentase pemenuhan kebutuhan penunjang Perangkat Daerah",
        "target_akhir": "100",
        "realisasi_capaian": "100",
        "prakiraan": "100",
        "target_maju_1": "100",
        "urai_output": "Persentase pemenuhan administrasi keuangan Perangkat Daerah (%)",
        "id_giat": 18372,
        "kode_giat": "7.01.01.2.02",
        "nama_giat": "Administrasi Keuangan Perangkat Daerah",
        "id_sub_giat": 60602,
        "kode_sub_giat": "7.01.01.2.02.0001",
        "nama_sub_giat": "Penyediaan Gaji dan Tunjangan ASN",
        "pagu": 1099916903,
        "pagu_indikatif": 1099916903,
        "pagu_n_depan": 1112456341,
        "kode_bl": "647.647.4451.18372",
        "kode_sbl": "647.647.4451.18372.60602",
        "urusan_locked": 0,
        "bidang_urusan_locked": 0,
        "program_locked": 0,
        "giat_locked": 0,
        "sub_giat_locked": 0,
        "kunci_bl": 1,
        "kunci_bl_rinci": 1,
        "id_output_bl": 61314,
        "satuan_output": "Orang/bulan",
        "tolak_ukur_output": "Jumlah Orang yang Menerima Gaji dan Tunjangan ASN",
        "target_teks_output": "10 Orang/bulan",
        "satuan_capaian": null,
        "tolak_ukur_capaian": null,
        "target_teks_capaian": null,
        "satuan_sub": null,
        "tolok_ukur_sub": null,
        "target_sub_teks": null,
        "tolak_ukur_n": "Jumlah Orang yang Menerima Gaji dan Tunjangan ASN",
        "target_teks_n": "10 Orang/bulan",
        "kode_dana": "1.2.01.08",
        "nama_dana": "Dana Alokasi Umum (DAU)",
        "lokasi_bl": "Kab. Bengkulu Utara, Giri Mulya, Semua Kel/Desa",
        "id_label_pusat": 0,
        "label_pusat": null,
        "id_label_prov": 398,
        "label_prov": "4. Inovasi dan Tata Kelola Pemerintahan",
        "id_label_kokab": 5210,
        "label_kokab": "5. Inovasi dan Tata Kelola Pemerintahan",
        "kelompok_sasaran": null,
        "target_akhir_program_renstra": null,
        "target_min_1_program_renstra": null,
        "target_n_program_renstra": null,
        "target_akhir_giat_renstra": null,
        "target_min_1_giat_renstra": null,
        "target_n_giat_renstra": null,
        "target_akhir_sub_giat_renstra": " ",
        "target_min_1_sub_giat_renstra": " ",
        "target_n_sub_giat_renstra": " ",
        "total_pagu_indikatif_sub_skpd": 1817285903,
        "total_pagu_n_depan_sub_skpd": 1757556341,
        "total_pagu_indikatif_urusan": 1817285903,
        "total_pagu_n_depan_urusan": 1757556341,
        "total_pagu_indikatif_bidang_urusan": 1817285903,
        "total_pagu_n_depan_bidang_urusan": 1757556341,
        "total_pagu_indikatif_program": 1650285903,
        "total_pagu_n_depan_program": 1585056341,
        "total_pagu_indikatif_kegiatan": 1149916903,
        "total_pagu_n_depan_kegiatan": 1162456341,
        "total_pagu_indikatif": 1817285903,
        "total_pagu_n_depan": 1757556341
    },
    {
        "migrated_at": null,
        "id_sub_bl": 63700,
        "id_daerah": 473,
        "tahun": 2026,
        "id_unit": 647,
        "id_skpd": 647,
        "created_user": 2462,
        "kode_skpd": "7.01.0.00.0.00.08.0000",
        "nama_skpd": "Kecamatan Giri Mulya",
        "id_urusan": 17,
        "kode_urusan": "7",
        "nama_urusan": "UNSUR KEWILAYAHAN",
        "id_bidang_urusan": 243,
        "kode_bidang_urusan": "7.01",
        "nama_bidang_urusan": "KECAMATAN",
        "id_sub_skpd": 647,
        "kode_sub_skpd": "7.01.0.00.0.00.08.0000",
        "nama_sub_skpd": "Kecamatan Giri Mulya",
        "id_program": 4451,
        "kode_program": "7.01.01",
        "nama_program": "PROGRAM PENUNJANG URUSAN PEMERINTAHAN DAERAH KABUPATEN/KOTA",
        "outcome": "[ Terselenggaranya Penunjang urusan Pemerintahan Daerah Kecamatan Giri Mulya ]",
        "indikator_outcome": "Persentase pemenuhan kebutuhan penunjang Perangkat Daerah",
        "target_akhir": "100",
        "realisasi_capaian": "100",
        "prakiraan": "100",
        "target_maju_1": "100",
        "urai_output": "Persentase pemenuhan administrasi keuangan Perangkat Daerah (%)",
        "id_giat": 18372,
        "kode_giat": "7.01.01.2.02",
        "nama_giat": "Administrasi Keuangan Perangkat Daerah",
        "id_sub_giat": 60604,
        "kode_sub_giat": "7.01.01.2.02.0003",
        "nama_sub_giat": "Pelaksanaan Penatausahaan dan\r\n\nPengujian/Verifikasi Keuangan SKPD",
        "pagu": 47000000,
        "pagu_indikatif": 47000000,
        "pagu_n_depan": 47000000,
        "kode_bl": "647.647.4451.18372",
        "kode_sbl": "647.647.4451.18372.60604",
        "urusan_locked": 0,
        "bidang_urusan_locked": 0,
        "program_locked": 0,
        "giat_locked": 0,
        "sub_giat_locked": 0,
        "kunci_bl": 1,
        "kunci_bl_rinci": 1,
        "id_output_bl": 61408,
        "satuan_output": "Dokumen",
        "tolak_ukur_output": "Jumlah Dokumen Penatausahaan dan Pengujian/Verifikasi Keuangan SKPD",
        "target_teks_output": "1 Dokumen",
        "satuan_capaian": null,
        "tolak_ukur_capaian": null,
        "target_teks_capaian": null,
        "satuan_sub": null,
        "tolok_ukur_sub": null,
        "target_sub_teks": null,
        "tolak_ukur_n": "Jumlah Dokumen Penatausahaan dan Pengujian/Verifikasi Keuangan SKPD",
        "target_teks_n": "1 Dokumen",
        "kode_dana": "1.2.01.08",
        "nama_dana": "Dana Alokasi Umum (DAU)",
        "lokasi_bl": "Kab. Bengkulu Utara, Giri Mulya, Semua Kel/Desa",
        "id_label_pusat": 0,
        "label_pusat": null,
        "id_label_prov": 398,
        "label_prov": "4. Inovasi dan Tata Kelola Pemerintahan",
        "id_label_kokab": 5210,
        "label_kokab": "5. Inovasi dan Tata Kelola Pemerintahan",
        "kelompok_sasaran": null,
        "target_akhir_program_renstra": null,
        "target_min_1_program_renstra": null,
        "target_n_program_renstra": null,
        "target_akhir_giat_renstra": null,
        "target_min_1_giat_renstra": null,
        "target_n_giat_renstra": null,
        "target_akhir_sub_giat_renstra": " ",
        "target_min_1_sub_giat_renstra": " ",
        "target_n_sub_giat_renstra": " ",
        "total_pagu_indikatif_sub_skpd": 1817285903,
        "total_pagu_n_depan_sub_skpd": 1757556341,
        "total_pagu_indikatif_urusan": 1817285903,
        "total_pagu_n_depan_urusan": 1757556341,
        "total_pagu_indikatif_bidang_urusan": 1817285903,
        "total_pagu_n_depan_bidang_urusan": 1757556341,
        "total_pagu_indikatif_program": 1650285903,
        "total_pagu_n_depan_program": 1585056341,
        "total_pagu_indikatif_kegiatan": 1149916903,
        "total_pagu_n_depan_kegiatan": 1162456341,
        "total_pagu_indikatif": 1817285903,
        "total_pagu_n_depan": 1757556341
    },
    {
        "migrated_at": null,
        "id_sub_bl": 63816,
        "id_daerah": 473,
        "tahun": 2026,
        "id_unit": 647,
        "id_skpd": 647,
        "created_user": 2462,
        "kode_skpd": "7.01.0.00.0.00.08.0000",
        "nama_skpd": "Kecamatan Giri Mulya",
        "id_urusan": 17,
        "kode_urusan": "7",
        "nama_urusan": "UNSUR KEWILAYAHAN",
        "id_bidang_urusan": 243,
        "kode_bidang_urusan": "7.01",
        "nama_bidang_urusan": "KECAMATAN",
        "id_sub_skpd": 647,
        "kode_sub_skpd": "7.01.0.00.0.00.08.0000",
        "nama_sub_skpd": "Kecamatan Giri Mulya",
        "id_program": 4451,
        "kode_program": "7.01.01",
        "nama_program": "PROGRAM PENUNJANG URUSAN PEMERINTAHAN DAERAH KABUPATEN/KOTA",
        "outcome": "[ Terselenggaranya Penunjang urusan Pemerintahan Daerah Kecamatan Giri Mulya ]",
        "indikator_outcome": "Persentase pemenuhan kebutuhan penunjang Perangkat Daerah",
        "target_akhir": "100",
        "realisasi_capaian": "100",
        "prakiraan": "100",
        "target_maju_1": "100",
        "urai_output": "Persentase pemenuhan administrasi keuangan Perangkat Daerah (%)",
        "id_giat": 18372,
        "kode_giat": "7.01.01.2.02",
        "nama_giat": "Administrasi Keuangan Perangkat Daerah",
        "id_sub_giat": 60606,
        "kode_sub_giat": "7.01.01.2.02.0005",
        "nama_sub_giat": "Koordinasi dan Penyusunan Laporan Keuangan Akhir Tahun SKPD",
        "pagu": 3000000,
        "pagu_indikatif": 3000000,
        "pagu_n_depan": 3000000,
        "kode_bl": "647.647.4451.18372",
        "kode_sbl": "647.647.4451.18372.60606",
        "urusan_locked": 0,
        "bidang_urusan_locked": 0,
        "program_locked": 0,
        "giat_locked": 0,
        "sub_giat_locked": 0,
        "kunci_bl": 1,
        "kunci_bl_rinci": 1,
        "id_output_bl": 61524,
        "satuan_output": "Laporan",
        "tolak_ukur_output": "Jumlah Laporan Keuangan Akhir Tahun SKPD dan Laporan Hasil Koordinasi Penyusunan Laporan Keuangan Akhir Tahun SKPD",
        "target_teks_output": "1 Laporan",
        "satuan_capaian": null,
        "tolak_ukur_capaian": null,
        "target_teks_capaian": null,
        "satuan_sub": null,
        "tolok_ukur_sub": null,
        "target_sub_teks": null,
        "tolak_ukur_n": "Jumlah Laporan Keuangan Akhir Tahun SKPD dan Laporan Hasil Koordinasi Penyusunan Laporan Keuangan Akhir Tahun SKPD",
        "target_teks_n": "1 Laporan",
        "kode_dana": "1.2.01.08",
        "nama_dana": "Dana Alokasi Umum (DAU)",
        "lokasi_bl": "Kab. Bengkulu Utara, Giri Mulya, Semua Kel/Desa",
        "id_label_pusat": 0,
        "label_pusat": null,
        "id_label_prov": 398,
        "label_prov": "4. Inovasi dan Tata Kelola Pemerintahan",
        "id_label_kokab": 5210,
        "label_kokab": "5. Inovasi dan Tata Kelola Pemerintahan",
        "kelompok_sasaran": null,
        "target_akhir_program_renstra": null,
        "target_min_1_program_renstra": null,
        "target_n_program_renstra": null,
        "target_akhir_giat_renstra": null,
        "target_min_1_giat_renstra": null,
        "target_n_giat_renstra": null,
        "target_akhir_sub_giat_renstra": " ",
        "target_min_1_sub_giat_renstra": " ",
        "target_n_sub_giat_renstra": " ",
        "total_pagu_indikatif_sub_skpd": 1817285903,
        "total_pagu_n_depan_sub_skpd": 1757556341,
        "total_pagu_indikatif_urusan": 1817285903,
        "total_pagu_n_depan_urusan": 1757556341,
        "total_pagu_indikatif_bidang_urusan": 1817285903,
        "total_pagu_n_depan_bidang_urusan": 1757556341,
        "total_pagu_indikatif_program": 1650285903,
        "total_pagu_n_depan_program": 1585056341,
        "total_pagu_indikatif_kegiatan": 1149916903,
        "total_pagu_n_depan_kegiatan": 1162456341,
        "total_pagu_indikatif": 1817285903,
        "total_pagu_n_depan": 1757556341
    },
    {
        "migrated_at": null,
        "id_sub_bl": 63818,
        "id_daerah": 473,
        "tahun": 2026,
        "id_unit": 647,
        "id_skpd": 647,
        "created_user": 2462,
        "kode_skpd": "7.01.0.00.0.00.08.0000",
        "nama_skpd": "Kecamatan Giri Mulya",
        "id_urusan": 17,
        "kode_urusan": "7",
        "nama_urusan": "UNSUR KEWILAYAHAN",
        "id_bidang_urusan": 243,
        "kode_bidang_urusan": "7.01",
        "nama_bidang_urusan": "KECAMATAN",
        "id_sub_skpd": 647,
        "kode_sub_skpd": "7.01.0.00.0.00.08.0000",
        "nama_sub_skpd": "Kecamatan Giri Mulya",
        "id_program": 4451,
        "kode_program": "7.01.01",
        "nama_program": "PROGRAM PENUNJANG URUSAN PEMERINTAHAN DAERAH KABUPATEN/KOTA",
        "outcome": "[ Terselenggaranya Penunjang urusan Pemerintahan Daerah Kecamatan Giri Mulya ]",
        "indikator_outcome": "Persentase pemenuhan kebutuhan penunjang Perangkat Daerah",
        "target_akhir": "100",
        "realisasi_capaian": "100",
        "prakiraan": "100",
        "target_maju_1": "100",
        "urai_output": "Persentase Pemenuhan Administrasi BMD Perangkat Daerah",
        "id_giat": 18373,
        "kode_giat": "7.01.01.2.03",
        "nama_giat": "Administrasi Barang Milik Daerah pada Perangkat Daerah",
        "id_sub_giat": 60615,
        "kode_sub_giat": "7.01.01.2.03.0006",
        "nama_sub_giat": "Penatausahaan Barang Milik Daerah pada SKPD",
        "pagu": 25000000,
        "pagu_indikatif": 25000000,
        "pagu_n_depan": 25000000,
        "kode_bl": "647.647.4451.18373",
        "kode_sbl": "647.647.4451.18373.60615",
        "urusan_locked": 0,
        "bidang_urusan_locked": 0,
        "program_locked": 0,
        "giat_locked": 0,
        "sub_giat_locked": 0,
        "kunci_bl": 1,
        "kunci_bl_rinci": 1,
        "id_output_bl": 61526,
        "satuan_output": "Laporan",
        "tolak_ukur_output": "Jumlah Laporan Penatausahaan Barang Milik Daerah pada SKPD",
        "target_teks_output": "1 Laporan",
        "satuan_capaian": null,
        "tolak_ukur_capaian": null,
        "target_teks_capaian": null,
        "satuan_sub": null,
        "tolok_ukur_sub": null,
        "target_sub_teks": null,
        "tolak_ukur_n": "Jumlah Laporan Penatausahaan Barang Milik Daerah pada SKPD",
        "target_teks_n": "1 Laporan",
        "kode_dana": "1.2.01.08",
        "nama_dana": "Dana Alokasi Umum (DAU)",
        "lokasi_bl": "Kab. Bengkulu Utara, Giri Mulya, Semua Kel/Desa",
        "id_label_pusat": 0,
        "label_pusat": null,
        "id_label_prov": 398,
        "label_prov": "4. Inovasi dan Tata Kelola Pemerintahan",
        "id_label_kokab": 5210,
        "label_kokab": "5. Inovasi dan Tata Kelola Pemerintahan",
        "kelompok_sasaran": null,
        "target_akhir_program_renstra": null,
        "target_min_1_program_renstra": null,
        "target_n_program_renstra": null,
        "target_akhir_giat_renstra": null,
        "target_min_1_giat_renstra": null,
        "target_n_giat_renstra": null,
        "target_akhir_sub_giat_renstra": " ",
        "target_min_1_sub_giat_renstra": " ",
        "target_n_sub_giat_renstra": " ",
        "total_pagu_indikatif_sub_skpd": 1817285903,
        "total_pagu_n_depan_sub_skpd": 1757556341,
        "total_pagu_indikatif_urusan": 1817285903,
        "total_pagu_n_depan_urusan": 1757556341,
        "total_pagu_indikatif_bidang_urusan": 1817285903,
        "total_pagu_n_depan_bidang_urusan": 1757556341,
        "total_pagu_indikatif_program": 1650285903,
        "total_pagu_n_depan_program": 1585056341,
        "total_pagu_indikatif_kegiatan": 25000000,
        "total_pagu_n_depan_kegiatan": 25000000,
        "total_pagu_indikatif": 1817285903,
        "total_pagu_n_depan": 1757556341
    },
    {
        "migrated_at": null,
        "id_sub_bl": 64410,
        "id_daerah": 473,
        "tahun": 2026,
        "id_unit": 647,
        "id_skpd": 647,
        "created_user": 2462,
        "kode_skpd": "7.01.0.00.0.00.08.0000",
        "nama_skpd": "Kecamatan Giri Mulya",
        "id_urusan": 17,
        "kode_urusan": "7",
        "nama_urusan": "UNSUR KEWILAYAHAN",
        "id_bidang_urusan": 243,
        "kode_bidang_urusan": "7.01",
        "nama_bidang_urusan": "KECAMATAN",
        "id_sub_skpd": 647,
        "kode_sub_skpd": "7.01.0.00.0.00.08.0000",
        "nama_sub_skpd": "Kecamatan Giri Mulya",
        "id_program": 4451,
        "kode_program": "7.01.01",
        "nama_program": "PROGRAM PENUNJANG URUSAN PEMERINTAHAN DAERAH KABUPATEN/KOTA",
        "outcome": "[ Terselenggaranya Penunjang urusan Pemerintahan Daerah Kecamatan Giri Mulya ]",
        "indikator_outcome": "Persentase pemenuhan kebutuhan penunjang Perangkat Daerah",
        "target_akhir": "100",
        "realisasi_capaian": "100",
        "prakiraan": "100",
        "target_maju_1": "100",
        "urai_output": "Persentase pemenuhan Administrasi Umum Perangkat Daerah",
        "id_giat": 18376,
        "kode_giat": "7.01.01.2.06",
        "nama_giat": "Administrasi Umum Perangkat Daerah",
        "id_sub_giat": 60635,
        "kode_sub_giat": "7.01.01.2.06.0001",
        "nama_sub_giat": "Penyediaan Komponen Instalasi\r\n\nListrik/Penerangan Bangunan Kantor",
        "pagu": 3000000,
        "pagu_indikatif": 3000000,
        "pagu_n_depan": 2500000,
        "kode_bl": "647.647.4451.18376",
        "kode_sbl": "647.647.4451.18376.60635",
        "urusan_locked": 0,
        "bidang_urusan_locked": 0,
        "program_locked": 0,
        "giat_locked": 0,
        "sub_giat_locked": 0,
        "kunci_bl": 1,
        "kunci_bl_rinci": 1,
        "id_output_bl": 62117,
        "satuan_output": "Paket",
        "tolak_ukur_output": "Jumlah Paket Komponen Instalasi Listrik/Penerangan Bangunan Kantor yang Disediakan",
        "target_teks_output": "1 Paket",
        "satuan_capaian": null,
        "tolak_ukur_capaian": null,
        "target_teks_capaian": null,
        "satuan_sub": null,
        "tolok_ukur_sub": null,
        "target_sub_teks": null,
        "tolak_ukur_n": "Jumlah Paket Komponen Instalasi Listrik/Penerangan Bangunan Kantor yang Disediakan",
        "target_teks_n": "1 Paket",
        "kode_dana": "1.2.01.08",
        "nama_dana": "Dana Alokasi Umum (DAU)",
        "lokasi_bl": "Kab. Bengkulu Utara, Giri Mulya, Semua Kel/Desa",
        "id_label_pusat": 0,
        "label_pusat": null,
        "id_label_prov": 398,
        "label_prov": "4. Inovasi dan Tata Kelola Pemerintahan",
        "id_label_kokab": 5210,
        "label_kokab": "5. Inovasi dan Tata Kelola Pemerintahan",
        "kelompok_sasaran": null,
        "target_akhir_program_renstra": null,
        "target_min_1_program_renstra": null,
        "target_n_program_renstra": null,
        "target_akhir_giat_renstra": null,
        "target_min_1_giat_renstra": null,
        "target_n_giat_renstra": null,
        "target_akhir_sub_giat_renstra": " ",
        "target_min_1_sub_giat_renstra": " ",
        "target_n_sub_giat_renstra": " ",
        "total_pagu_indikatif_sub_skpd": 1817285903,
        "total_pagu_n_depan_sub_skpd": 1757556341,
        "total_pagu_indikatif_urusan": 1817285903,
        "total_pagu_n_depan_urusan": 1757556341,
        "total_pagu_indikatif_bidang_urusan": 1817285903,
        "total_pagu_n_depan_bidang_urusan": 1757556341,
        "total_pagu_indikatif_program": 1650285903,
        "total_pagu_n_depan_program": 1585056341,
        "total_pagu_indikatif_kegiatan": 151169000,
        "total_pagu_n_depan_kegiatan": 147200000,
        "total_pagu_indikatif": 1817285903,
        "total_pagu_n_depan": 1757556341
    },
    {
        "migrated_at": null,
        "id_sub_bl": 63819,
        "id_daerah": 473,
        "tahun": 2026,
        "id_unit": 647,
        "id_skpd": 647,
        "created_user": 2462,
        "kode_skpd": "7.01.0.00.0.00.08.0000",
        "nama_skpd": "Kecamatan Giri Mulya",
        "id_urusan": 17,
        "kode_urusan": "7",
        "nama_urusan": "UNSUR KEWILAYAHAN",
        "id_bidang_urusan": 243,
        "kode_bidang_urusan": "7.01",
        "nama_bidang_urusan": "KECAMATAN",
        "id_sub_skpd": 647,
        "kode_sub_skpd": "7.01.0.00.0.00.08.0000",
        "nama_sub_skpd": "Kecamatan Giri Mulya",
        "id_program": 4451,
        "kode_program": "7.01.01",
        "nama_program": "PROGRAM PENUNJANG URUSAN PEMERINTAHAN DAERAH KABUPATEN/KOTA",
        "outcome": "[ Terselenggaranya Penunjang urusan Pemerintahan Daerah Kecamatan Giri Mulya ]",
        "indikator_outcome": "Persentase pemenuhan kebutuhan penunjang Perangkat Daerah",
        "target_akhir": "100",
        "realisasi_capaian": "100",
        "prakiraan": "100",
        "target_maju_1": "100",
        "urai_output": "Persentase pemenuhan Administrasi Umum Perangkat Daerah",
        "id_giat": 18376,
        "kode_giat": "7.01.01.2.06",
        "nama_giat": "Administrasi Umum Perangkat Daerah",
        "id_sub_giat": 60637,
        "kode_sub_giat": "7.01.01.2.06.0003",
        "nama_sub_giat": "Penyediaan Peralatan Rumah Tangga",
        "pagu": 20000000,
        "pagu_indikatif": 20000000,
        "pagu_n_depan": 20000000,
        "kode_bl": "647.647.4451.18376",
        "kode_sbl": "647.647.4451.18376.60637",
        "urusan_locked": 0,
        "bidang_urusan_locked": 0,
        "program_locked": 0,
        "giat_locked": 0,
        "sub_giat_locked": 0,
        "kunci_bl": 1,
        "kunci_bl_rinci": 1,
        "id_output_bl": 61527,
        "satuan_output": "Paket",
        "tolak_ukur_output": "Jumlah Paket Peralatan Rumah Tangga yang Disediakan",
        "target_teks_output": "1 Paket",
        "satuan_capaian": null,
        "tolak_ukur_capaian": null,
        "target_teks_capaian": null,
        "satuan_sub": null,
        "tolok_ukur_sub": null,
        "target_sub_teks": null,
        "tolak_ukur_n": "Jumlah Paket Peralatan Rumah Tangga yang Disediakan",
        "target_teks_n": "1 Paket",
        "kode_dana": "1.2.01.08",
        "nama_dana": "Dana Alokasi Umum (DAU)",
        "lokasi_bl": "Kab. Bengkulu Utara, Giri Mulya, Semua Kel/Desa",
        "id_label_pusat": 0,
        "label_pusat": null,
        "id_label_prov": 398,
        "label_prov": "4. Inovasi dan Tata Kelola Pemerintahan",
        "id_label_kokab": 5210,
        "label_kokab": "5. Inovasi dan Tata Kelola Pemerintahan",
        "kelompok_sasaran": null,
        "target_akhir_program_renstra": null,
        "target_min_1_program_renstra": null,
        "target_n_program_renstra": null,
        "target_akhir_giat_renstra": null,
        "target_min_1_giat_renstra": null,
        "target_n_giat_renstra": null,
        "target_akhir_sub_giat_renstra": " ",
        "target_min_1_sub_giat_renstra": " ",
        "target_n_sub_giat_renstra": " ",
        "total_pagu_indikatif_sub_skpd": 1817285903,
        "total_pagu_n_depan_sub_skpd": 1757556341,
        "total_pagu_indikatif_urusan": 1817285903,
        "total_pagu_n_depan_urusan": 1757556341,
        "total_pagu_indikatif_bidang_urusan": 1817285903,
        "total_pagu_n_depan_bidang_urusan": 1757556341,
        "total_pagu_indikatif_program": 1650285903,
        "total_pagu_n_depan_program": 1585056341,
        "total_pagu_indikatif_kegiatan": 151169000,
        "total_pagu_n_depan_kegiatan": 147200000,
        "total_pagu_indikatif": 1817285903,
        "total_pagu_n_depan": 1757556341
    },
    {
        "migrated_at": null,
        "id_sub_bl": 63844,
        "id_daerah": 473,
        "tahun": 2026,
        "id_unit": 647,
        "id_skpd": 647,
        "created_user": 2462,
        "kode_skpd": "7.01.0.00.0.00.08.0000",
        "nama_skpd": "Kecamatan Giri Mulya",
        "id_urusan": 17,
        "kode_urusan": "7",
        "nama_urusan": "UNSUR KEWILAYAHAN",
        "id_bidang_urusan": 243,
        "kode_bidang_urusan": "7.01",
        "nama_bidang_urusan": "KECAMATAN",
        "id_sub_skpd": 647,
        "kode_sub_skpd": "7.01.0.00.0.00.08.0000",
        "nama_sub_skpd": "Kecamatan Giri Mulya",
        "id_program": 4451,
        "kode_program": "7.01.01",
        "nama_program": "PROGRAM PENUNJANG URUSAN PEMERINTAHAN DAERAH KABUPATEN/KOTA",
        "outcome": "[ Terselenggaranya Penunjang urusan Pemerintahan Daerah Kecamatan Giri Mulya ]",
        "indikator_outcome": "Persentase pemenuhan kebutuhan penunjang Perangkat Daerah",
        "target_akhir": "100",
        "realisasi_capaian": "100",
        "prakiraan": "100",
        "target_maju_1": "100",
        "urai_output": "Persentase pemenuhan Administrasi Umum Perangkat Daerah",
        "id_giat": 18376,
        "kode_giat": "7.01.01.2.06",
        "nama_giat": "Administrasi Umum Perangkat Daerah",
        "id_sub_giat": 60638,
        "kode_sub_giat": "7.01.01.2.06.0004",
        "nama_sub_giat": "Penyediaan Bahan Logistik Kantor",
        "pagu": 32969000,
        "pagu_indikatif": 32969000,
        "pagu_n_depan": 32500000,
        "kode_bl": "647.647.4451.18376",
        "kode_sbl": "647.647.4451.18376.60638",
        "urusan_locked": 0,
        "bidang_urusan_locked": 0,
        "program_locked": 0,
        "giat_locked": 0,
        "sub_giat_locked": 0,
        "kunci_bl": 1,
        "kunci_bl_rinci": 1,
        "id_output_bl": 61552,
        "satuan_output": "Paket",
        "tolak_ukur_output": "Jumlah Paket Bahan Logistik Kantor yang Disediakan",
        "target_teks_output": "1 Paket",
        "satuan_capaian": null,
        "tolak_ukur_capaian": null,
        "target_teks_capaian": null,
        "satuan_sub": null,
        "tolok_ukur_sub": null,
        "target_sub_teks": null,
        "tolak_ukur_n": "Jumlah Paket Bahan Logistik Kantor yang Disediakan",
        "target_teks_n": "1 Paket",
        "kode_dana": "1.2.01.08",
        "nama_dana": "Dana Alokasi Umum (DAU)",
        "lokasi_bl": "Kab. Bengkulu Utara, Giri Mulya, Semua Kel/Desa",
        "id_label_pusat": 0,
        "label_pusat": null,
        "id_label_prov": 398,
        "label_prov": "4. Inovasi dan Tata Kelola Pemerintahan",
        "id_label_kokab": 5210,
        "label_kokab": "5. Inovasi dan Tata Kelola Pemerintahan",
        "kelompok_sasaran": null,
        "target_akhir_program_renstra": null,
        "target_min_1_program_renstra": null,
        "target_n_program_renstra": null,
        "target_akhir_giat_renstra": null,
        "target_min_1_giat_renstra": null,
        "target_n_giat_renstra": null,
        "target_akhir_sub_giat_renstra": " ",
        "target_min_1_sub_giat_renstra": " ",
        "target_n_sub_giat_renstra": " ",
        "total_pagu_indikatif_sub_skpd": 1817285903,
        "total_pagu_n_depan_sub_skpd": 1757556341,
        "total_pagu_indikatif_urusan": 1817285903,
        "total_pagu_n_depan_urusan": 1757556341,
        "total_pagu_indikatif_bidang_urusan": 1817285903,
        "total_pagu_n_depan_bidang_urusan": 1757556341,
        "total_pagu_indikatif_program": 1650285903,
        "total_pagu_n_depan_program": 1585056341,
        "total_pagu_indikatif_kegiatan": 151169000,
        "total_pagu_n_depan_kegiatan": 147200000,
        "total_pagu_indikatif": 1817285903,
        "total_pagu_n_depan": 1757556341
    },
    {
        "migrated_at": null,
        "id_sub_bl": 63848,
        "id_daerah": 473,
        "tahun": 2026,
        "id_unit": 647,
        "id_skpd": 647,
        "created_user": 2462,
        "kode_skpd": "7.01.0.00.0.00.08.0000",
        "nama_skpd": "Kecamatan Giri Mulya",
        "id_urusan": 17,
        "kode_urusan": "7",
        "nama_urusan": "UNSUR KEWILAYAHAN",
        "id_bidang_urusan": 243,
        "kode_bidang_urusan": "7.01",
        "nama_bidang_urusan": "KECAMATAN",
        "id_sub_skpd": 647,
        "kode_sub_skpd": "7.01.0.00.0.00.08.0000",
        "nama_sub_skpd": "Kecamatan Giri Mulya",
        "id_program": 4451,
        "kode_program": "7.01.01",
        "nama_program": "PROGRAM PENUNJANG URUSAN PEMERINTAHAN DAERAH KABUPATEN/KOTA",
        "outcome": "[ Terselenggaranya Penunjang urusan Pemerintahan Daerah Kecamatan Giri Mulya ]",
        "indikator_outcome": "Persentase pemenuhan kebutuhan penunjang Perangkat Daerah",
        "target_akhir": "100",
        "realisasi_capaian": "100",
        "prakiraan": "100",
        "target_maju_1": "100",
        "urai_output": "Persentase pemenuhan Administrasi Umum Perangkat Daerah",
        "id_giat": 18376,
        "kode_giat": "7.01.01.2.06",
        "nama_giat": "Administrasi Umum Perangkat Daerah",
        "id_sub_giat": 60639,
        "kode_sub_giat": "7.01.01.2.06.0005",
        "nama_sub_giat": "Penyediaan Barang Cetakan dan Penggandaan",
        "pagu": 3600000,
        "pagu_indikatif": 3600000,
        "pagu_n_depan": 3600000,
        "kode_bl": "647.647.4451.18376",
        "kode_sbl": "647.647.4451.18376.60639",
        "urusan_locked": 0,
        "bidang_urusan_locked": 0,
        "program_locked": 0,
        "giat_locked": 0,
        "sub_giat_locked": 0,
        "kunci_bl": 1,
        "kunci_bl_rinci": 1,
        "id_output_bl": 61556,
        "satuan_output": "Paket",
        "tolak_ukur_output": "Jumlah Paket Barang Cetakan dan Penggandaan yang Disediakan",
        "target_teks_output": "2 Paket",
        "satuan_capaian": null,
        "tolak_ukur_capaian": null,
        "target_teks_capaian": null,
        "satuan_sub": null,
        "tolok_ukur_sub": null,
        "target_sub_teks": null,
        "tolak_ukur_n": "Jumlah Paket Barang Cetakan dan Penggandaan yang Disediakan",
        "target_teks_n": "2 Paket",
        "kode_dana": "1.2.01.08",
        "nama_dana": "Dana Alokasi Umum (DAU)",
        "lokasi_bl": "Kab. Bengkulu Utara, Giri Mulya, Semua Kel/Desa",
        "id_label_pusat": 0,
        "label_pusat": null,
        "id_label_prov": 398,
        "label_prov": "4. Inovasi dan Tata Kelola Pemerintahan",
        "id_label_kokab": 5210,
        "label_kokab": "5. Inovasi dan Tata Kelola Pemerintahan",
        "kelompok_sasaran": null,
        "target_akhir_program_renstra": null,
        "target_min_1_program_renstra": null,
        "target_n_program_renstra": null,
        "target_akhir_giat_renstra": null,
        "target_min_1_giat_renstra": null,
        "target_n_giat_renstra": null,
        "target_akhir_sub_giat_renstra": " ",
        "target_min_1_sub_giat_renstra": " ",
        "target_n_sub_giat_renstra": " ",
        "total_pagu_indikatif_sub_skpd": 1817285903,
        "total_pagu_n_depan_sub_skpd": 1757556341,
        "total_pagu_indikatif_urusan": 1817285903,
        "total_pagu_n_depan_urusan": 1757556341,
        "total_pagu_indikatif_bidang_urusan": 1817285903,
        "total_pagu_n_depan_bidang_urusan": 1757556341,
        "total_pagu_indikatif_program": 1650285903,
        "total_pagu_n_depan_program": 1585056341,
        "total_pagu_indikatif_kegiatan": 151169000,
        "total_pagu_n_depan_kegiatan": 147200000,
        "total_pagu_indikatif": 1817285903,
        "total_pagu_n_depan": 1757556341
    },
    {
        "migrated_at": null,
        "id_sub_bl": 64361,
        "id_daerah": 473,
        "tahun": 2026,
        "id_unit": 647,
        "id_skpd": 647,
        "created_user": 2462,
        "kode_skpd": "7.01.0.00.0.00.08.0000",
        "nama_skpd": "Kecamatan Giri Mulya",
        "id_urusan": 17,
        "kode_urusan": "7",
        "nama_urusan": "UNSUR KEWILAYAHAN",
        "id_bidang_urusan": 243,
        "kode_bidang_urusan": "7.01",
        "nama_bidang_urusan": "KECAMATAN",
        "id_sub_skpd": 647,
        "kode_sub_skpd": "7.01.0.00.0.00.08.0000",
        "nama_sub_skpd": "Kecamatan Giri Mulya",
        "id_program": 4451,
        "kode_program": "7.01.01",
        "nama_program": "PROGRAM PENUNJANG URUSAN PEMERINTAHAN DAERAH KABUPATEN/KOTA",
        "outcome": "[ Terselenggaranya Penunjang urusan Pemerintahan Daerah Kecamatan Giri Mulya ]",
        "indikator_outcome": "Persentase pemenuhan kebutuhan penunjang Perangkat Daerah",
        "target_akhir": "100",
        "realisasi_capaian": "100",
        "prakiraan": "100",
        "target_maju_1": "100",
        "urai_output": "Persentase pemenuhan Administrasi Umum Perangkat Daerah",
        "id_giat": 18376,
        "kode_giat": "7.01.01.2.06",
        "nama_giat": "Administrasi Umum Perangkat Daerah",
        "id_sub_giat": 60640,
        "kode_sub_giat": "7.01.01.2.06.0006",
        "nama_sub_giat": "Penyediaan Bahan Bacaan dan Peraturan Perundang-undangan",
        "pagu": 3600000,
        "pagu_indikatif": 3600000,
        "pagu_n_depan": 3600000,
        "kode_bl": "647.647.4451.18376",
        "kode_sbl": "647.647.4451.18376.60640",
        "urusan_locked": 0,
        "bidang_urusan_locked": 0,
        "program_locked": 0,
        "giat_locked": 0,
        "sub_giat_locked": 0,
        "kunci_bl": 1,
        "kunci_bl_rinci": 1,
        "id_output_bl": 62068,
        "satuan_output": "Dokumen",
        "tolak_ukur_output": "Jumlah Dokumen Bahan Bacaan dan Peraturan Perundang-Undangan yang Disediakan",
        "target_teks_output": "1 Dokumen",
        "satuan_capaian": null,
        "tolak_ukur_capaian": null,
        "target_teks_capaian": null,
        "satuan_sub": null,
        "tolok_ukur_sub": null,
        "target_sub_teks": null,
        "tolak_ukur_n": "Jumlah Dokumen Bahan Bacaan dan Peraturan Perundang-Undangan yang Disediakan",
        "target_teks_n": "1 Dokumen",
        "kode_dana": "1.2.01.08",
        "nama_dana": "Dana Alokasi Umum (DAU)",
        "lokasi_bl": "Kab. Bengkulu Utara, Giri Mulya, Semua Kel/Desa",
        "id_label_pusat": 0,
        "label_pusat": null,
        "id_label_prov": 398,
        "label_prov": "4. Inovasi dan Tata Kelola Pemerintahan",
        "id_label_kokab": 5210,
        "label_kokab": "5. Inovasi dan Tata Kelola Pemerintahan",
        "kelompok_sasaran": null,
        "target_akhir_program_renstra": null,
        "target_min_1_program_renstra": null,
        "target_n_program_renstra": null,
        "target_akhir_giat_renstra": null,
        "target_min_1_giat_renstra": null,
        "target_n_giat_renstra": null,
        "target_akhir_sub_giat_renstra": " ",
        "target_min_1_sub_giat_renstra": " ",
        "target_n_sub_giat_renstra": " ",
        "total_pagu_indikatif_sub_skpd": 1817285903,
        "total_pagu_n_depan_sub_skpd": 1757556341,
        "total_pagu_indikatif_urusan": 1817285903,
        "total_pagu_n_depan_urusan": 1757556341,
        "total_pagu_indikatif_bidang_urusan": 1817285903,
        "total_pagu_n_depan_bidang_urusan": 1757556341,
        "total_pagu_indikatif_program": 1650285903,
        "total_pagu_n_depan_program": 1585056341,
        "total_pagu_indikatif_kegiatan": 151169000,
        "total_pagu_n_depan_kegiatan": 147200000,
        "total_pagu_indikatif": 1817285903,
        "total_pagu_n_depan": 1757556341
    },
    {
        "migrated_at": null,
        "id_sub_bl": 64362,
        "id_daerah": 473,
        "tahun": 2026,
        "id_unit": 647,
        "id_skpd": 647,
        "created_user": 2462,
        "kode_skpd": "7.01.0.00.0.00.08.0000",
        "nama_skpd": "Kecamatan Giri Mulya",
        "id_urusan": 17,
        "kode_urusan": "7",
        "nama_urusan": "UNSUR KEWILAYAHAN",
        "id_bidang_urusan": 243,
        "kode_bidang_urusan": "7.01",
        "nama_bidang_urusan": "KECAMATAN",
        "id_sub_skpd": 647,
        "kode_sub_skpd": "7.01.0.00.0.00.08.0000",
        "nama_sub_skpd": "Kecamatan Giri Mulya",
        "id_program": 4451,
        "kode_program": "7.01.01",
        "nama_program": "PROGRAM PENUNJANG URUSAN PEMERINTAHAN DAERAH KABUPATEN/KOTA",
        "outcome": "[ Terselenggaranya Penunjang urusan Pemerintahan Daerah Kecamatan Giri Mulya ]",
        "indikator_outcome": "Persentase pemenuhan kebutuhan penunjang Perangkat Daerah",
        "target_akhir": "100",
        "realisasi_capaian": "100",
        "prakiraan": "100",
        "target_maju_1": "100",
        "urai_output": "Persentase pemenuhan Administrasi Umum Perangkat Daerah",
        "id_giat": 18376,
        "kode_giat": "7.01.01.2.06",
        "nama_giat": "Administrasi Umum Perangkat Daerah",
        "id_sub_giat": 60643,
        "kode_sub_giat": "7.01.01.2.06.0009",
        "nama_sub_giat": "Penyelenggaraan Rapat Koordinasi dan Konsultasi SKPD",
        "pagu": 88000000,
        "pagu_indikatif": 88000000,
        "pagu_n_depan": 85000000,
        "kode_bl": "647.647.4451.18376",
        "kode_sbl": "647.647.4451.18376.60643",
        "urusan_locked": 0,
        "bidang_urusan_locked": 0,
        "program_locked": 0,
        "giat_locked": 0,
        "sub_giat_locked": 0,
        "kunci_bl": 1,
        "kunci_bl_rinci": 1,
        "id_output_bl": 62069,
        "satuan_output": "Laporan",
        "tolak_ukur_output": "Jumlah Laporan Penyelenggaraan Rapat Koordinasi dan Konsultasi SKPD",
        "target_teks_output": "1 Laporan",
        "satuan_capaian": null,
        "tolak_ukur_capaian": null,
        "target_teks_capaian": null,
        "satuan_sub": null,
        "tolok_ukur_sub": null,
        "target_sub_teks": null,
        "tolak_ukur_n": "Jumlah Laporan Penyelenggaraan Rapat Koordinasi dan Konsultasi SKPD",
        "target_teks_n": "1 Laporan",
        "kode_dana": "1.2.01.08",
        "nama_dana": "Dana Alokasi Umum (DAU)",
        "lokasi_bl": "Kab. Bengkulu Utara, Giri Mulya, Semua Kel/Desa",
        "id_label_pusat": 0,
        "label_pusat": null,
        "id_label_prov": 398,
        "label_prov": "4. Inovasi dan Tata Kelola Pemerintahan",
        "id_label_kokab": 5210,
        "label_kokab": "5. Inovasi dan Tata Kelola Pemerintahan",
        "kelompok_sasaran": null,
        "target_akhir_program_renstra": null,
        "target_min_1_program_renstra": null,
        "target_n_program_renstra": null,
        "target_akhir_giat_renstra": null,
        "target_min_1_giat_renstra": null,
        "target_n_giat_renstra": null,
        "target_akhir_sub_giat_renstra": " ",
        "target_min_1_sub_giat_renstra": " ",
        "target_n_sub_giat_renstra": " ",
        "total_pagu_indikatif_sub_skpd": 1817285903,
        "total_pagu_n_depan_sub_skpd": 1757556341,
        "total_pagu_indikatif_urusan": 1817285903,
        "total_pagu_n_depan_urusan": 1757556341,
        "total_pagu_indikatif_bidang_urusan": 1817285903,
        "total_pagu_n_depan_bidang_urusan": 1757556341,
        "total_pagu_indikatif_program": 1650285903,
        "total_pagu_n_depan_program": 1585056341,
        "total_pagu_indikatif_kegiatan": 151169000,
        "total_pagu_n_depan_kegiatan": 147200000,
        "total_pagu_indikatif": 1817285903,
        "total_pagu_n_depan": 1757556341
    },
    {
        "migrated_at": null,
        "id_sub_bl": 73190,
        "id_daerah": 473,
        "tahun": 2026,
        "id_unit": 647,
        "id_skpd": 647,
        "created_user": 2462,
        "kode_skpd": "7.01.0.00.0.00.08.0000",
        "nama_skpd": "Kecamatan Giri Mulya",
        "id_urusan": 17,
        "kode_urusan": "7",
        "nama_urusan": "UNSUR KEWILAYAHAN",
        "id_bidang_urusan": 243,
        "kode_bidang_urusan": "7.01",
        "nama_bidang_urusan": "KECAMATAN",
        "id_sub_skpd": 647,
        "kode_sub_skpd": "7.01.0.00.0.00.08.0000",
        "nama_sub_skpd": "Kecamatan Giri Mulya",
        "id_program": 4451,
        "kode_program": "7.01.01",
        "nama_program": "PROGRAM PENUNJANG URUSAN PEMERINTAHAN DAERAH KABUPATEN/KOTA",
        "outcome": "[ Terselenggaranya Penunjang urusan Pemerintahan Daerah Kecamatan Giri Mulya ]",
        "indikator_outcome": "Persentase pemenuhan kebutuhan penunjang Perangkat Daerah",
        "target_akhir": "100",
        "realisasi_capaian": "100",
        "prakiraan": "100",
        "target_maju_1": "100",
        "urai_output": "Jumlah Pengadaan BMD",
        "id_giat": 18377,
        "kode_giat": "7.01.01.2.07",
        "nama_giat": "Pengadaan Barang Milik Daerah Penunjang Urusan Pemerintah Daerah",
        "id_sub_giat": 60650,
        "kode_sub_giat": "7.01.01.2.07.0005",
        "nama_sub_giat": "Pengadaan Mebel",
        "pagu": 25000000,
        "pagu_indikatif": 25000000,
        "pagu_n_depan": 25000000,
        "kode_bl": "647.647.4451.18377",
        "kode_sbl": "647.647.4451.18377.60650",
        "urusan_locked": 0,
        "bidang_urusan_locked": 0,
        "program_locked": 0,
        "giat_locked": 0,
        "sub_giat_locked": 0,
        "kunci_bl": 1,
        "kunci_bl_rinci": 1,
        "id_output_bl": 70847,
        "satuan_output": "Unit",
        "tolak_ukur_output": "Jumlah Paket Mebel yang Disediakan",
        "target_teks_output": "5 Unit",
        "satuan_capaian": null,
        "tolak_ukur_capaian": null,
        "target_teks_capaian": null,
        "satuan_sub": null,
        "tolok_ukur_sub": null,
        "target_sub_teks": null,
        "tolak_ukur_n": "Jumlah Paket Mebel yang Disediakan",
        "target_teks_n": "5 Unit",
        "kode_dana": "1.2.01.08",
        "nama_dana": "Dana Alokasi Umum (DAU)",
        "lokasi_bl": "Kab. Bengkulu Utara, Giri Mulya, Semua Kel/Desa",
        "id_label_pusat": 0,
        "label_pusat": null,
        "id_label_prov": 398,
        "label_prov": "4. Inovasi dan Tata Kelola Pemerintahan",
        "id_label_kokab": 5210,
        "label_kokab": "5. Inovasi dan Tata Kelola Pemerintahan",
        "kelompok_sasaran": null,
        "target_akhir_program_renstra": null,
        "target_min_1_program_renstra": null,
        "target_n_program_renstra": null,
        "target_akhir_giat_renstra": null,
        "target_min_1_giat_renstra": null,
        "target_n_giat_renstra": null,
        "target_akhir_sub_giat_renstra": " ",
        "target_min_1_sub_giat_renstra": " ",
        "target_n_sub_giat_renstra": " ",
        "total_pagu_indikatif_sub_skpd": 1817285903,
        "total_pagu_n_depan_sub_skpd": 1757556341,
        "total_pagu_indikatif_urusan": 1817285903,
        "total_pagu_n_depan_urusan": 1757556341,
        "total_pagu_indikatif_bidang_urusan": 1817285903,
        "total_pagu_n_depan_bidang_urusan": 1757556341,
        "total_pagu_indikatif_program": 1650285903,
        "total_pagu_n_depan_program": 1585056341,
        "total_pagu_indikatif_kegiatan": 175000000,
        "total_pagu_n_depan_kegiatan": 100000000,
        "total_pagu_indikatif": 1817285903,
        "total_pagu_n_depan": 1757556341
    },
    {
        "migrated_at": null,
        "id_sub_bl": 63834,
        "id_daerah": 473,
        "tahun": 2026,
        "id_unit": 647,
        "id_skpd": 647,
        "created_user": 2462,
        "kode_skpd": "7.01.0.00.0.00.08.0000",
        "nama_skpd": "Kecamatan Giri Mulya",
        "id_urusan": 17,
        "kode_urusan": "7",
        "nama_urusan": "UNSUR KEWILAYAHAN",
        "id_bidang_urusan": 243,
        "kode_bidang_urusan": "7.01",
        "nama_bidang_urusan": "KECAMATAN",
        "id_sub_skpd": 647,
        "kode_sub_skpd": "7.01.0.00.0.00.08.0000",
        "nama_sub_skpd": "Kecamatan Giri Mulya",
        "id_program": 4451,
        "kode_program": "7.01.01",
        "nama_program": "PROGRAM PENUNJANG URUSAN PEMERINTAHAN DAERAH KABUPATEN/KOTA",
        "outcome": null,
        "indikator_outcome": null,
        "target_akhir": null,
        "realisasi_capaian": null,
        "prakiraan": null,
        "target_maju_1": null,
        "urai_output": null,
        "id_giat": 18377,
        "kode_giat": "7.01.01.2.07",
        "nama_giat": "Pengadaan Barang Milik Daerah Penunjang Urusan Pemerintah Daerah",
        "id_sub_giat": 60656,
        "kode_sub_giat": "7.01.01.2.07.0011",
        "nama_sub_giat": "Pengadaan Sarana dan Prasarana Pendukung Gedung Kantor atau Bangunan Lainnya",
        "pagu": 150000000,
        "pagu_indikatif": 150000000,
        "pagu_n_depan": 75000000,
        "kode_bl": "647.647.4451.18377",
        "kode_sbl": "647.647.4451.18377.60656",
        "urusan_locked": 0,
        "bidang_urusan_locked": 0,
        "program_locked": 0,
        "giat_locked": 0,
        "sub_giat_locked": 0,
        "kunci_bl": 1,
        "kunci_bl_rinci": 1,
        "id_output_bl": 61542,
        "satuan_output": "Unit",
        "tolak_ukur_output": "Jumlah Unit Sarana dan Prasarana Pendukung Gedung Kantor atau Bangunan Lainnya yang Disediakan",
        "target_teks_output": "1 Unit",
        "satuan_capaian": null,
        "tolak_ukur_capaian": null,
        "target_teks_capaian": null,
        "satuan_sub": null,
        "tolok_ukur_sub": null,
        "target_sub_teks": null,
        "tolak_ukur_n": "Jumlah Unit Sarana dan Prasarana Pendukung Gedung Kantor atau Bangunan Lainnya yang Disediakan",
        "target_teks_n": "1 Unit",
        "kode_dana": "1.2.01.08",
        "nama_dana": "Dana Alokasi Umum (DAU)",
        "lokasi_bl": "Kab. Bengkulu Utara, Giri Mulya, Semua Kel/Desa",
        "id_label_pusat": 0,
        "label_pusat": null,
        "id_label_prov": 398,
        "label_prov": "4. Inovasi dan Tata Kelola Pemerintahan",
        "id_label_kokab": 5210,
        "label_kokab": "5. Inovasi dan Tata Kelola Pemerintahan",
        "kelompok_sasaran": null,
        "target_akhir_program_renstra": null,
        "target_min_1_program_renstra": null,
        "target_n_program_renstra": null,
        "target_akhir_giat_renstra": null,
        "target_min_1_giat_renstra": null,
        "target_n_giat_renstra": null,
        "target_akhir_sub_giat_renstra": " ",
        "target_min_1_sub_giat_renstra": " ",
        "target_n_sub_giat_renstra": " ",
        "total_pagu_indikatif_sub_skpd": 1817285903,
        "total_pagu_n_depan_sub_skpd": 1757556341,
        "total_pagu_indikatif_urusan": 1817285903,
        "total_pagu_n_depan_urusan": 1757556341,
        "total_pagu_indikatif_bidang_urusan": 1817285903,
        "total_pagu_n_depan_bidang_urusan": 1757556341,
        "total_pagu_indikatif_program": 1650285903,
        "total_pagu_n_depan_program": 1585056341,
        "total_pagu_indikatif_kegiatan": 175000000,
        "total_pagu_n_depan_kegiatan": 100000000,
        "total_pagu_indikatif": 1817285903,
        "total_pagu_n_depan": 1757556341
    },
    {
        "migrated_at": null,
        "id_sub_bl": 64372,
        "id_daerah": 473,
        "tahun": 2026,
        "id_unit": 647,
        "id_skpd": 647,
        "created_user": 2462,
        "kode_skpd": "7.01.0.00.0.00.08.0000",
        "nama_skpd": "Kecamatan Giri Mulya",
        "id_urusan": 17,
        "kode_urusan": "7",
        "nama_urusan": "UNSUR KEWILAYAHAN",
        "id_bidang_urusan": 243,
        "kode_bidang_urusan": "7.01",
        "nama_bidang_urusan": "KECAMATAN",
        "id_sub_skpd": 647,
        "kode_sub_skpd": "7.01.0.00.0.00.08.0000",
        "nama_sub_skpd": "Kecamatan Giri Mulya",
        "id_program": 4451,
        "kode_program": "7.01.01",
        "nama_program": "PROGRAM PENUNJANG URUSAN PEMERINTAHAN DAERAH KABUPATEN/KOTA",
        "outcome": "[ Terselenggaranya Penunjang urusan Pemerintahan Daerah Kecamatan Giri Mulya ]",
        "indikator_outcome": "Persentase pemenuhan kebutuhan penunjang Perangkat Daerah",
        "target_akhir": "100",
        "realisasi_capaian": "100",
        "prakiraan": "100",
        "target_maju_1": "100",
        "urai_output": "Prosentase pemenuhan Jasa penunjang Urusan Pemerintah Daerah",
        "id_giat": 18378,
        "kode_giat": "7.01.01.2.08",
        "nama_giat": "Penyediaan Jasa Penunjang Urusan Pemerintahan Daerah",
        "id_sub_giat": 60658,
        "kode_sub_giat": "7.01.01.2.08.0002",
        "nama_sub_giat": "Penyediaan Jasa Komunikasi, Sumber Daya Air dan Listrik",
        "pagu": 20000000,
        "pagu_indikatif": 20000000,
        "pagu_n_depan": 20000000,
        "kode_bl": "647.647.4451.18378",
        "kode_sbl": "647.647.4451.18378.60658",
        "urusan_locked": 0,
        "bidang_urusan_locked": 0,
        "program_locked": 0,
        "giat_locked": 0,
        "sub_giat_locked": 0,
        "kunci_bl": 1,
        "kunci_bl_rinci": 1,
        "id_output_bl": 62079,
        "satuan_output": "Laporan",
        "tolak_ukur_output": "Jumlah Laporan Penyediaan Jasa Komunikasi, Sumber Daya Air dan Listrik yang Disediakan",
        "target_teks_output": "1 Laporan",
        "satuan_capaian": null,
        "tolak_ukur_capaian": null,
        "target_teks_capaian": null,
        "satuan_sub": null,
        "tolok_ukur_sub": null,
        "target_sub_teks": null,
        "tolak_ukur_n": "Jumlah Laporan Penyediaan Jasa Komunikasi, Sumber Daya Air dan Listrik yang Disediakan",
        "target_teks_n": "1 Laporan",
        "kode_dana": "1.2.01.08",
        "nama_dana": "Dana Alokasi Umum (DAU)",
        "lokasi_bl": "Kab. Bengkulu Utara, Giri Mulya, Semua Kel/Desa",
        "id_label_pusat": 0,
        "label_pusat": null,
        "id_label_prov": 398,
        "label_prov": "4. Inovasi dan Tata Kelola Pemerintahan",
        "id_label_kokab": 5210,
        "label_kokab": "5. Inovasi dan Tata Kelola Pemerintahan",
        "kelompok_sasaran": null,
        "target_akhir_program_renstra": null,
        "target_min_1_program_renstra": null,
        "target_n_program_renstra": null,
        "target_akhir_giat_renstra": null,
        "target_min_1_giat_renstra": null,
        "target_n_giat_renstra": null,
        "target_akhir_sub_giat_renstra": " ",
        "target_min_1_sub_giat_renstra": " ",
        "target_n_sub_giat_renstra": " ",
        "total_pagu_indikatif_sub_skpd": 1817285903,
        "total_pagu_n_depan_sub_skpd": 1757556341,
        "total_pagu_indikatif_urusan": 1817285903,
        "total_pagu_n_depan_urusan": 1757556341,
        "total_pagu_indikatif_bidang_urusan": 1817285903,
        "total_pagu_n_depan_bidang_urusan": 1757556341,
        "total_pagu_indikatif_program": 1650285903,
        "total_pagu_n_depan_program": 1585056341,
        "total_pagu_indikatif_kegiatan": 92000000,
        "total_pagu_n_depan_kegiatan": 92000000,
        "total_pagu_indikatif": 1817285903,
        "total_pagu_n_depan": 1757556341
    },
    {
        "migrated_at": null,
        "id_sub_bl": 64374,
        "id_daerah": 473,
        "tahun": 2026,
        "id_unit": 647,
        "id_skpd": 647,
        "created_user": 2462,
        "kode_skpd": "7.01.0.00.0.00.08.0000",
        "nama_skpd": "Kecamatan Giri Mulya",
        "id_urusan": 17,
        "kode_urusan": "7",
        "nama_urusan": "UNSUR KEWILAYAHAN",
        "id_bidang_urusan": 243,
        "kode_bidang_urusan": "7.01",
        "nama_bidang_urusan": "KECAMATAN",
        "id_sub_skpd": 647,
        "kode_sub_skpd": "7.01.0.00.0.00.08.0000",
        "nama_sub_skpd": "Kecamatan Giri Mulya",
        "id_program": 4451,
        "kode_program": "7.01.01",
        "nama_program": "PROGRAM PENUNJANG URUSAN PEMERINTAHAN DAERAH KABUPATEN/KOTA",
        "outcome": "[ Terselenggaranya Penunjang urusan Pemerintahan Daerah Kecamatan Giri Mulya ]",
        "indikator_outcome": "Persentase pemenuhan kebutuhan penunjang Perangkat Daerah",
        "target_akhir": "100",
        "realisasi_capaian": "100",
        "prakiraan": "100",
        "target_maju_1": "100",
        "urai_output": "Prosentase pemenuhan Jasa penunjang Urusan Pemerintah Daerah",
        "id_giat": 18378,
        "kode_giat": "7.01.01.2.08",
        "nama_giat": "Penyediaan Jasa Penunjang Urusan Pemerintahan Daerah",
        "id_sub_giat": 60660,
        "kode_sub_giat": "7.01.01.2.08.0004",
        "nama_sub_giat": "Penyediaan Jasa Pelayanan Umum Kantor",
        "pagu": 72000000,
        "pagu_indikatif": 72000000,
        "pagu_n_depan": 72000000,
        "kode_bl": "647.647.4451.18378",
        "kode_sbl": "647.647.4451.18378.60660",
        "urusan_locked": 0,
        "bidang_urusan_locked": 0,
        "program_locked": 0,
        "giat_locked": 0,
        "sub_giat_locked": 0,
        "kunci_bl": 1,
        "kunci_bl_rinci": 1,
        "id_output_bl": 62081,
        "satuan_output": "Laporan",
        "tolak_ukur_output": "Jumlah Laporan Penyediaan Jasa Pelayanan Umum Kantor yang Disediakan",
        "target_teks_output": "1 Laporan",
        "satuan_capaian": null,
        "tolak_ukur_capaian": null,
        "target_teks_capaian": null,
        "satuan_sub": null,
        "tolok_ukur_sub": null,
        "target_sub_teks": null,
        "tolak_ukur_n": "Jumlah Laporan Penyediaan Jasa Pelayanan Umum Kantor yang Disediakan",
        "target_teks_n": "1 Laporan",
        "kode_dana": "1.2.01.08",
        "nama_dana": "Dana Alokasi Umum (DAU)",
        "lokasi_bl": "Kab. Bengkulu Utara, Giri Mulya, Semua Kel/Desa",
        "id_label_pusat": 0,
        "label_pusat": null,
        "id_label_prov": 398,
        "label_prov": "4. Inovasi dan Tata Kelola Pemerintahan",
        "id_label_kokab": 5210,
        "label_kokab": "5. Inovasi dan Tata Kelola Pemerintahan",
        "kelompok_sasaran": null,
        "target_akhir_program_renstra": null,
        "target_min_1_program_renstra": null,
        "target_n_program_renstra": null,
        "target_akhir_giat_renstra": null,
        "target_min_1_giat_renstra": null,
        "target_n_giat_renstra": null,
        "target_akhir_sub_giat_renstra": " ",
        "target_min_1_sub_giat_renstra": " ",
        "target_n_sub_giat_renstra": " ",
        "total_pagu_indikatif_sub_skpd": 1817285903,
        "total_pagu_n_depan_sub_skpd": 1757556341,
        "total_pagu_indikatif_urusan": 1817285903,
        "total_pagu_n_depan_urusan": 1757556341,
        "total_pagu_indikatif_bidang_urusan": 1817285903,
        "total_pagu_n_depan_bidang_urusan": 1757556341,
        "total_pagu_indikatif_program": 1650285903,
        "total_pagu_n_depan_program": 1585056341,
        "total_pagu_indikatif_kegiatan": 92000000,
        "total_pagu_n_depan_kegiatan": 92000000,
        "total_pagu_indikatif": 1817285903,
        "total_pagu_n_depan": 1757556341
    },
    {
        "migrated_at": null,
        "id_sub_bl": 64379,
        "id_daerah": 473,
        "tahun": 2026,
        "id_unit": 647,
        "id_skpd": 647,
        "created_user": 2462,
        "kode_skpd": "7.01.0.00.0.00.08.0000",
        "nama_skpd": "Kecamatan Giri Mulya",
        "id_urusan": 17,
        "kode_urusan": "7",
        "nama_urusan": "UNSUR KEWILAYAHAN",
        "id_bidang_urusan": 243,
        "kode_bidang_urusan": "7.01",
        "nama_bidang_urusan": "KECAMATAN",
        "id_sub_skpd": 647,
        "kode_sub_skpd": "7.01.0.00.0.00.08.0000",
        "nama_sub_skpd": "Kecamatan Giri Mulya",
        "id_program": 4451,
        "kode_program": "7.01.01",
        "nama_program": "PROGRAM PENUNJANG URUSAN PEMERINTAHAN DAERAH KABUPATEN/KOTA",
        "outcome": "[ Terselenggaranya Penunjang urusan Pemerintahan Daerah Kecamatan Giri Mulya ]",
        "indikator_outcome": "Persentase pemenuhan kebutuhan penunjang Perangkat Daerah",
        "target_akhir": "100",
        "realisasi_capaian": "100",
        "prakiraan": "100",
        "target_maju_1": "100",
        "urai_output": "Persentase Pemenuhan Pemeliharaan Barang milik Daerah",
        "id_giat": 18379,
        "kode_giat": "7.01.01.2.09",
        "nama_giat": "Pemeliharaan Barang Milik Daerah Penunjang Urusan Pemerintahan Daerah",
        "id_sub_giat": 60662,
        "kode_sub_giat": "7.01.01.2.09.0002",
        "nama_sub_giat": "Penyediaan Jasa Pemeliharaan, Biaya Pemeliharaan, Pajak dan Perizinan Kendaraan Dinas Operasional atau Lapangan",
        "pagu": 35000000,
        "pagu_indikatif": 35000000,
        "pagu_n_depan": 35000000,
        "kode_bl": "647.647.4451.18379",
        "kode_sbl": "647.647.4451.18379.60662",
        "urusan_locked": 0,
        "bidang_urusan_locked": 0,
        "program_locked": 0,
        "giat_locked": 0,
        "sub_giat_locked": 0,
        "kunci_bl": 1,
        "kunci_bl_rinci": 1,
        "id_output_bl": 62086,
        "satuan_output": "Unit",
        "tolak_ukur_output": "Jumlah Kendaraan Dinas Operasional atau Lapangan yang Dipelihara dan dibayarkan Pajak dan Perizinannya",
        "target_teks_output": "6 Unit",
        "satuan_capaian": null,
        "tolak_ukur_capaian": null,
        "target_teks_capaian": null,
        "satuan_sub": null,
        "tolok_ukur_sub": null,
        "target_sub_teks": null,
        "tolak_ukur_n": "Jumlah Kendaraan Dinas Operasional atau Lapangan yang Dipelihara dan dibayarkan Pajak dan Perizinannya",
        "target_teks_n": "6 Unit",
        "kode_dana": "1.2.01.08",
        "nama_dana": "Dana Alokasi Umum (DAU)",
        "lokasi_bl": "Kab. Bengkulu Utara, Giri Mulya, Semua Kel/Desa",
        "id_label_pusat": 0,
        "label_pusat": null,
        "id_label_prov": 398,
        "label_prov": "4. Inovasi dan Tata Kelola Pemerintahan",
        "id_label_kokab": 5210,
        "label_kokab": "5. Inovasi dan Tata Kelola Pemerintahan",
        "kelompok_sasaran": null,
        "target_akhir_program_renstra": null,
        "target_min_1_program_renstra": null,
        "target_n_program_renstra": null,
        "target_akhir_giat_renstra": null,
        "target_min_1_giat_renstra": null,
        "target_n_giat_renstra": null,
        "target_akhir_sub_giat_renstra": " ",
        "target_min_1_sub_giat_renstra": " ",
        "target_n_sub_giat_renstra": " ",
        "total_pagu_indikatif_sub_skpd": 1817285903,
        "total_pagu_n_depan_sub_skpd": 1757556341,
        "total_pagu_indikatif_urusan": 1817285903,
        "total_pagu_n_depan_urusan": 1757556341,
        "total_pagu_indikatif_bidang_urusan": 1817285903,
        "total_pagu_n_depan_bidang_urusan": 1757556341,
        "total_pagu_indikatif_program": 1650285903,
        "total_pagu_n_depan_program": 1585056341,
        "total_pagu_indikatif_kegiatan": 40000000,
        "total_pagu_n_depan_kegiatan": 40500000,
        "total_pagu_indikatif": 1817285903,
        "total_pagu_n_depan": 1757556341
    },
    {
        "migrated_at": null,
        "id_sub_bl": 73408,
        "id_daerah": 473,
        "tahun": 2026,
        "id_unit": 647,
        "id_skpd": 647,
        "created_user": 2462,
        "kode_skpd": "7.01.0.00.0.00.08.0000",
        "nama_skpd": "Kecamatan Giri Mulya",
        "id_urusan": 17,
        "kode_urusan": "7",
        "nama_urusan": "UNSUR KEWILAYAHAN",
        "id_bidang_urusan": 243,
        "kode_bidang_urusan": "7.01",
        "nama_bidang_urusan": "KECAMATAN",
        "id_sub_skpd": 647,
        "kode_sub_skpd": "7.01.0.00.0.00.08.0000",
        "nama_sub_skpd": "Kecamatan Giri Mulya",
        "id_program": 4451,
        "kode_program": "7.01.01",
        "nama_program": "PROGRAM PENUNJANG URUSAN PEMERINTAHAN DAERAH KABUPATEN/KOTA",
        "outcome": "[ Terselenggaranya Penunjang urusan Pemerintahan Daerah Kecamatan Giri Mulya ]",
        "indikator_outcome": "Persentase pemenuhan kebutuhan penunjang Perangkat Daerah",
        "target_akhir": "100",
        "realisasi_capaian": "100",
        "prakiraan": "100",
        "target_maju_1": "100",
        "urai_output": "Persentase Pemenuhan Pemeliharaan Barang milik Daerah",
        "id_giat": 18379,
        "kode_giat": "7.01.01.2.09",
        "nama_giat": "Pemeliharaan Barang Milik Daerah Penunjang Urusan Pemerintahan Daerah",
        "id_sub_giat": 60666,
        "kode_sub_giat": "7.01.01.2.09.0006",
        "nama_sub_giat": "Pemeliharaan Peralatan dan Mesin Lainnya",
        "pagu": 5000000,
        "pagu_indikatif": 5000000,
        "pagu_n_depan": 5500000,
        "kode_bl": "647.647.4451.18379",
        "kode_sbl": "647.647.4451.18379.60666",
        "urusan_locked": 0,
        "bidang_urusan_locked": 0,
        "program_locked": 0,
        "giat_locked": 0,
        "sub_giat_locked": 0,
        "kunci_bl": 1,
        "kunci_bl_rinci": 1,
        "id_output_bl": 71068,
        "satuan_output": "Unit",
        "tolak_ukur_output": "Jumlah Peralatan dan Mesin Lainnya yang Dipelihara ",
        "target_teks_output": "1 Unit",
        "satuan_capaian": null,
        "tolak_ukur_capaian": null,
        "target_teks_capaian": null,
        "satuan_sub": null,
        "tolok_ukur_sub": null,
        "target_sub_teks": null,
        "tolak_ukur_n": "Jumlah Peralatan dan Mesin Lainnya yang Dipelihara ",
        "target_teks_n": "1 Unit",
        "kode_dana": null,
        "nama_dana": null,
        "lokasi_bl": "Kab. Bengkulu Utara, Giri Mulya, Semua Kel/Desa",
        "id_label_pusat": 0,
        "label_pusat": null,
        "id_label_prov": 398,
        "label_prov": "4. Inovasi dan Tata Kelola Pemerintahan",
        "id_label_kokab": 5210,
        "label_kokab": "5. Inovasi dan Tata Kelola Pemerintahan",
        "kelompok_sasaran": null,
        "target_akhir_program_renstra": null,
        "target_min_1_program_renstra": null,
        "target_n_program_renstra": null,
        "target_akhir_giat_renstra": null,
        "target_min_1_giat_renstra": null,
        "target_n_giat_renstra": null,
        "target_akhir_sub_giat_renstra": " ",
        "target_min_1_sub_giat_renstra": " ",
        "target_n_sub_giat_renstra": " ",
        "total_pagu_indikatif_sub_skpd": 1817285903,
        "total_pagu_n_depan_sub_skpd": 1757556341,
        "total_pagu_indikatif_urusan": 1817285903,
        "total_pagu_n_depan_urusan": 1757556341,
        "total_pagu_indikatif_bidang_urusan": 1817285903,
        "total_pagu_n_depan_bidang_urusan": 1757556341,
        "total_pagu_indikatif_program": 1650285903,
        "total_pagu_n_depan_program": 1585056341,
        "total_pagu_indikatif_kegiatan": 40000000,
        "total_pagu_n_depan_kegiatan": 40500000,
        "total_pagu_indikatif": 1817285903,
        "total_pagu_n_depan": 1757556341
    },
    {
        "migrated_at": null,
        "id_sub_bl": 63616,
        "id_daerah": 473,
        "tahun": 2026,
        "id_unit": 647,
        "id_skpd": 647,
        "created_user": 2462,
        "kode_skpd": "7.01.0.00.0.00.08.0000",
        "nama_skpd": "Kecamatan Giri Mulya",
        "id_urusan": 17,
        "kode_urusan": "7",
        "nama_urusan": "UNSUR KEWILAYAHAN",
        "id_bidang_urusan": 243,
        "kode_bidang_urusan": "7.01",
        "nama_bidang_urusan": "KECAMATAN",
        "id_sub_skpd": 647,
        "kode_sub_skpd": "7.01.0.00.0.00.08.0000",
        "nama_sub_skpd": "Kecamatan Giri Mulya",
        "id_program": 4418,
        "kode_program": "7.01.03",
        "nama_program": "PROGRAM PEMBERDAYAAN MASYARAKAT DESA DAN KELURAHAN",
        "outcome": "[ Terselenggaranya Program Pemberdayaan Masyarakat Desa dan Kelurahan Kecamatan Giri Mulya ]",
        "indikator_outcome": "Persentase Pemberdayaan Masyarakat Desa dan Kelurahan",
        "target_akhir": "100",
        "realisasi_capaian": "100",
        "prakiraan": "100",
        "target_maju_1": "100",
        "urai_output": "Persentase Koordinasi Kegiatan Pemberdayaan Desa",
        "id_giat": 18279,
        "kode_giat": "7.01.03.2.01",
        "nama_giat": "Koordinasi Kegiatan Pemberdayaan Desa",
        "id_sub_giat": 59913,
        "kode_sub_giat": "7.01.03.2.01.0001",
        "nama_sub_giat": "Peningkatan Partisipasi Masyarakat dalam Forum Musyawarah Perencanaan Pembangunan di Desa",
        "pagu": 22000000,
        "pagu_indikatif": 22000000,
        "pagu_n_depan": 22500000,
        "kode_bl": "647.647.4418.18279",
        "kode_sbl": "647.647.4418.18279.59913",
        "urusan_locked": 0,
        "bidang_urusan_locked": 0,
        "program_locked": 0,
        "giat_locked": 0,
        "sub_giat_locked": 0,
        "kunci_bl": 1,
        "kunci_bl_rinci": 1,
        "id_output_bl": 61323,
        "satuan_output": "Lembaga Kemasyarakatan",
        "tolak_ukur_output": "Jumlah Lembaga Kemasyarakatan yang Berpartisipasi dalam Forum Musyawarah Perencanaan Pembangunan di Desa ",
        "target_teks_output": "6 Lembaga Kemasyarakatan",
        "satuan_capaian": null,
        "tolak_ukur_capaian": null,
        "target_teks_capaian": null,
        "satuan_sub": null,
        "tolok_ukur_sub": null,
        "target_sub_teks": null,
        "tolak_ukur_n": "Jumlah Lembaga Kemasyarakatan yang Berpartisipasi dalam Forum Musyawarah Perencanaan Pembangunan di Desa ",
        "target_teks_n": "6 Lembaga Kemasyarakatan",
        "kode_dana": "1.2.01.08",
        "nama_dana": "Dana Alokasi Umum (DAU)",
        "lokasi_bl": "Kab. Bengkulu Utara, Giri Mulya, Semua Kel/Desa",
        "id_label_pusat": 0,
        "label_pusat": null,
        "id_label_prov": 398,
        "label_prov": "4. Inovasi dan Tata Kelola Pemerintahan",
        "id_label_kokab": 5210,
        "label_kokab": "5. Inovasi dan Tata Kelola Pemerintahan",
        "kelompok_sasaran": null,
        "target_akhir_program_renstra": null,
        "target_min_1_program_renstra": null,
        "target_n_program_renstra": null,
        "target_akhir_giat_renstra": null,
        "target_min_1_giat_renstra": null,
        "target_n_giat_renstra": null,
        "target_akhir_sub_giat_renstra": " ",
        "target_min_1_sub_giat_renstra": " ",
        "target_n_sub_giat_renstra": " ",
        "total_pagu_indikatif_sub_skpd": 1817285903,
        "total_pagu_n_depan_sub_skpd": 1757556341,
        "total_pagu_indikatif_urusan": 1817285903,
        "total_pagu_n_depan_urusan": 1757556341,
        "total_pagu_indikatif_bidang_urusan": 1817285903,
        "total_pagu_n_depan_bidang_urusan": 1757556341,
        "total_pagu_indikatif_program": 22000000,
        "total_pagu_n_depan_program": 22500000,
        "total_pagu_indikatif_kegiatan": 22000000,
        "total_pagu_n_depan_kegiatan": 22500000,
        "total_pagu_indikatif": 1817285903,
        "total_pagu_n_depan": 1757556341
    },
    {
        "migrated_at": null,
        "id_sub_bl": 63646,
        "id_daerah": 473,
        "tahun": 2026,
        "id_unit": 647,
        "id_skpd": 647,
        "created_user": 2462,
        "kode_skpd": "7.01.0.00.0.00.08.0000",
        "nama_skpd": "Kecamatan Giri Mulya",
        "id_urusan": 17,
        "kode_urusan": "7",
        "nama_urusan": "UNSUR KEWILAYAHAN",
        "id_bidang_urusan": 243,
        "kode_bidang_urusan": "7.01",
        "nama_bidang_urusan": "KECAMATAN",
        "id_sub_skpd": 647,
        "kode_sub_skpd": "7.01.0.00.0.00.08.0000",
        "nama_sub_skpd": "Kecamatan Giri Mulya",
        "id_program": 4423,
        "kode_program": "7.01.06",
        "nama_program": "PROGRAM PEMBINAAN DAN PENGAWASAN PEMERINTAHAN DESA",
        "outcome": "[ Terselenggaranya Program Pembinaan dan Pengawasan Pemerintahan Desa Kecamatan Giri Mulya ]",
        "indikator_outcome": "Persentase Tingkat Pembinaan dan Pengawasan Desa",
        "target_akhir": "100",
        "realisasi_capaian": "100",
        "prakiraan": "100",
        "target_maju_1": "100",
        "urai_output": "Persentase Fasilitasi Rekomendasi dan Koordinasi Pembinaan Pengawasan Pemerintahan Desa",
        "id_giat": 18290,
        "kode_giat": "7.01.06.2.01",
        "nama_giat": "Fasilitasi, Rekomendasi dan Koordinasi\n\nPembinaan dan Pengawasan Pemerintahan Desa",
        "id_sub_giat": 59975,
        "kode_sub_giat": "7.01.06.2.01.0016",
        "nama_sub_giat": "Fasilitasi Penyusunan Program dan Pelaksanaan Pemberdayaan Masyarakat Desa",
        "pagu": 145000000,
        "pagu_indikatif": 145000000,
        "pagu_n_depan": 150000000,
        "kode_bl": "647.647.4423.18290",
        "kode_sbl": "647.647.4423.18290.59975",
        "urusan_locked": 0,
        "bidang_urusan_locked": 0,
        "program_locked": 0,
        "giat_locked": 0,
        "sub_giat_locked": 0,
        "kunci_bl": 1,
        "kunci_bl_rinci": 1,
        "id_output_bl": 61354,
        "satuan_output": "Dokumen",
        "tolak_ukur_output": "Jumlah Dokumen Fasilitasi dalam rangka Program dan Pelaksanaan Pemberdayaan Masyarakat Desa",
        "target_teks_output": "1 Dokumen",
        "satuan_capaian": null,
        "tolak_ukur_capaian": null,
        "target_teks_capaian": null,
        "satuan_sub": null,
        "tolok_ukur_sub": null,
        "target_sub_teks": null,
        "tolak_ukur_n": "Jumlah Dokumen Fasilitasi dalam rangka Program dan Pelaksanaan Pemberdayaan Masyarakat Desa",
        "target_teks_n": "1 Dokumen",
        "kode_dana": "1.2.01.08",
        "nama_dana": "Dana Alokasi Umum (DAU)",
        "lokasi_bl": "Kab. Bengkulu Utara, Giri Mulya, Semua Kel/Desa",
        "id_label_pusat": 0,
        "label_pusat": null,
        "id_label_prov": 398,
        "label_prov": "4. Inovasi dan Tata Kelola Pemerintahan",
        "id_label_kokab": 5210,
        "label_kokab": "5. Inovasi dan Tata Kelola Pemerintahan",
        "kelompok_sasaran": null,
        "target_akhir_program_renstra": null,
        "target_min_1_program_renstra": null,
        "target_n_program_renstra": null,
        "target_akhir_giat_renstra": null,
        "target_min_1_giat_renstra": null,
        "target_n_giat_renstra": null,
        "target_akhir_sub_giat_renstra": " ",
        "target_min_1_sub_giat_renstra": " ",
        "target_n_sub_giat_renstra": " ",
        "total_pagu_indikatif_sub_skpd": 1817285903,
        "total_pagu_n_depan_sub_skpd": 1757556341,
        "total_pagu_indikatif_urusan": 1817285903,
        "total_pagu_n_depan_urusan": 1757556341,
        "total_pagu_indikatif_bidang_urusan": 1817285903,
        "total_pagu_n_depan_bidang_urusan": 1757556341,
        "total_pagu_indikatif_program": 145000000,
        "total_pagu_n_depan_program": 150000000,
        "total_pagu_indikatif_kegiatan": 145000000,
        "total_pagu_n_depan_kegiatan": 150000000,
        "total_pagu_indikatif": 1817285903,
        "total_pagu_n_depan": 1757556341
    }
]