[
    {
        "migrated_at": null,
        "id_sub_bl": 64153,
        "id_daerah": 473,
        "tahun": 2026,
        "id_unit": 687,
        "id_skpd": 687,
        "created_user": 22974,
        "kode_skpd": "7.01.0.00.0.00.05.0000",
        "nama_skpd": "Kecamatan Air Padang",
        "id_urusan": 17,
        "kode_urusan": "7",
        "nama_urusan": "UNSUR KEWILAYAHAN",
        "id_bidang_urusan": 243,
        "kode_bidang_urusan": "7.01",
        "nama_bidang_urusan": "KECAMATAN",
        "id_sub_skpd": 687,
        "kode_sub_skpd": "7.01.0.00.0.00.05.0000",
        "nama_sub_skpd": "Kecamatan Air Padang",
        "id_program": 4451,
        "kode_program": "7.01.01",
        "nama_program": "PROGRAM PENUNJANG URUSAN PEMERINTAHAN DAERAH KABUPATEN/KOTA",
        "outcome": "[ Terselenggaranya Penunjang urusan Pemerintahan Daerah Kecamatan Air Padang ]",
        "indikator_outcome": "Persentase pemenuhan kebutuhan penunjang Perangkat Daerah",
        "target_akhir": "100",
        "realisasi_capaian": "100",
        "prakiraan": "100",
        "target_maju_1": "100",
        "urai_output": "Persentase Pemenuhan Dokumen Perencanaan, Pengganggaran dan Evaluasi Perangkat Daerah",
        "id_giat": 18371,
        "kode_giat": "7.01.01.2.01",
        "nama_giat": "Perencanaan, Penganggaran, dan Evaluasi Kinerja Perangkat Daerah",
        "id_sub_giat": 60589,
        "kode_sub_giat": "7.01.01.2.01.0001",
        "nama_sub_giat": "Penyusunan Dokumen Perencanaan Perangkat Daerah",
        "pagu": 8289723,
        "pagu_indikatif": 8289723,
        "pagu_n_depan": 5000000,
        "kode_bl": "687.687.4451.18371",
        "kode_sbl": "687.687.4451.18371.60589",
        "urusan_locked": 0,
        "bidang_urusan_locked": 0,
        "program_locked": 0,
        "giat_locked": 0,
        "sub_giat_locked": 0,
        "kunci_bl": 1,
        "kunci_bl_rinci": 1,
        "id_output_bl": 61860,
        "satuan_output": "Dokumen",
        "tolak_ukur_output": "Jumlah Dokumen Perencanaan Perangkat Daerah ",
        "target_teks_output": "2 Dokumen",
        "satuan_capaian": null,
        "tolak_ukur_capaian": null,
        "target_teks_capaian": null,
        "satuan_sub": null,
        "tolok_ukur_sub": null,
        "target_sub_teks": null,
        "tolak_ukur_n": "Jumlah Dokumen Perencanaan Perangkat Daerah ",
        "target_teks_n": "2 Dokumen",
        "kode_dana": "1.2.01.08",
        "nama_dana": "Dana Alokasi Umum (DAU)",
        "lokasi_bl": "Kab. Bengkulu Utara, Semua Kecamatan, Semua Kel/Desa",
        "id_label_pusat": 0,
        "label_pusat": null,
        "id_label_prov": 398,
        "label_prov": "4. Inovasi dan Tata Kelola Pemerintahan",
        "id_label_kokab": 5210,
        "label_kokab": "5. Inovasi dan Tata Kelola Pemerintahan",
        "kelompok_sasaran": null,
        "target_akhir_program_renstra": null,
        "target_min_1_program_renstra": null,
        "target_n_program_renstra": null,
        "target_akhir_giat_renstra": null,
        "target_min_1_giat_renstra": null,
        "target_n_giat_renstra": null,
        "target_akhir_sub_giat_renstra": " ",
        "target_min_1_sub_giat_renstra": " ",
        "target_n_sub_giat_renstra": " ",
        "total_pagu_indikatif_sub_skpd": 1722699053,
        "total_pagu_n_depan_sub_skpd": 1788600000,
        "total_pagu_indikatif_urusan": 1722699053,
        "total_pagu_n_depan_urusan": 1788600000,
        "total_pagu_indikatif_bidang_urusan": 1722699053,
        "total_pagu_n_depan_bidang_urusan": 1788600000,
        "total_pagu_indikatif_program": 1599699053,
        "total_pagu_n_depan_program": 1673600000,
        "total_pagu_indikatif_kegiatan": 20564923,
        "total_pagu_n_depan_kegiatan": 19700000,
        "total_pagu_indikatif": 1722699053,
        "total_pagu_n_depan": 1788600000
    },
    {
        "migrated_at": null,
        "id_sub_bl": 64154,
        "id_daerah": 473,
        "tahun": 2026,
        "id_unit": 687,
        "id_skpd": 687,
        "created_user": 22974,
        "kode_skpd": "7.01.0.00.0.00.05.0000",
        "nama_skpd": "Kecamatan Air Padang",
        "id_urusan": 17,
        "kode_urusan": "7",
        "nama_urusan": "UNSUR KEWILAYAHAN",
        "id_bidang_urusan": 243,
        "kode_bidang_urusan": "7.01",
        "nama_bidang_urusan": "KECAMATAN",
        "id_sub_skpd": 687,
        "kode_sub_skpd": "7.01.0.00.0.00.05.0000",
        "nama_sub_skpd": "Kecamatan Air Padang",
        "id_program": 4451,
        "kode_program": "7.01.01",
        "nama_program": "PROGRAM PENUNJANG URUSAN PEMERINTAHAN DAERAH KABUPATEN/KOTA",
        "outcome": "[ Terselenggaranya Penunjang urusan Pemerintahan Daerah Kecamatan Air Padang ]",
        "indikator_outcome": "Persentase pemenuhan kebutuhan penunjang Perangkat Daerah",
        "target_akhir": "100",
        "realisasi_capaian": "100",
        "prakiraan": "100",
        "target_maju_1": "100",
        "urai_output": "Persentase Pemenuhan Dokumen Perencanaan, Pengganggaran dan Evaluasi Perangkat Daerah",
        "id_giat": 18371,
        "kode_giat": "7.01.01.2.01",
        "nama_giat": "Perencanaan, Penganggaran, dan Evaluasi Kinerja Perangkat Daerah",
        "id_sub_giat": 60590,
        "kode_sub_giat": "7.01.01.2.01.0002",
        "nama_sub_giat": "Koordinasi dan Penyusunan Dokumen RKA-SKPD",
        "pagu": 2583200,
        "pagu_indikatif": 2583200,
        "pagu_n_depan": 3000000,
        "kode_bl": "687.687.4451.18371",
        "kode_sbl": "687.687.4451.18371.60590",
        "urusan_locked": 0,
        "bidang_urusan_locked": 0,
        "program_locked": 0,
        "giat_locked": 0,
        "sub_giat_locked": 0,
        "kunci_bl": 1,
        "kunci_bl_rinci": 1,
        "id_output_bl": 61861,
        "satuan_output": "Dokumen",
        "tolak_ukur_output": "Jumlah Dokumen RKA-SKPD dan Laporan Hasil Koordinasi Penyusunan Dokumen RKA-SKPD",
        "target_teks_output": "2 Dokumen",
        "satuan_capaian": null,
        "tolak_ukur_capaian": null,
        "target_teks_capaian": null,
        "satuan_sub": null,
        "tolok_ukur_sub": null,
        "target_sub_teks": null,
        "tolak_ukur_n": "Jumlah Dokumen RKA-SKPD dan Laporan Hasil Koordinasi Penyusunan Dokumen RKA-SKPD",
        "target_teks_n": "2 Dokumen",
        "kode_dana": "1.2.01.08",
        "nama_dana": "Dana Alokasi Umum (DAU)",
        "lokasi_bl": "Kab. Bengkulu Utara, Semua Kecamatan, Semua Kel/Desa",
        "id_label_pusat": 0,
        "label_pusat": null,
        "id_label_prov": 398,
        "label_prov": "4. Inovasi dan Tata Kelola Pemerintahan",
        "id_label_kokab": 5210,
        "label_kokab": "5. Inovasi dan Tata Kelola Pemerintahan",
        "kelompok_sasaran": null,
        "target_akhir_program_renstra": null,
        "target_min_1_program_renstra": null,
        "target_n_program_renstra": null,
        "target_akhir_giat_renstra": null,
        "target_min_1_giat_renstra": null,
        "target_n_giat_renstra": null,
        "target_akhir_sub_giat_renstra": " ",
        "target_min_1_sub_giat_renstra": " ",
        "target_n_sub_giat_renstra": " ",
        "total_pagu_indikatif_sub_skpd": 1722699053,
        "total_pagu_n_depan_sub_skpd": 1788600000,
        "total_pagu_indikatif_urusan": 1722699053,
        "total_pagu_n_depan_urusan": 1788600000,
        "total_pagu_indikatif_bidang_urusan": 1722699053,
        "total_pagu_n_depan_bidang_urusan": 1788600000,
        "total_pagu_indikatif_program": 1599699053,
        "total_pagu_n_depan_program": 1673600000,
        "total_pagu_indikatif_kegiatan": 20564923,
        "total_pagu_n_depan_kegiatan": 19700000,
        "total_pagu_indikatif": 1722699053,
        "total_pagu_n_depan": 1788600000
    },
    {
        "migrated_at": null,
        "id_sub_bl": 64155,
        "id_daerah": 473,
        "tahun": 2026,
        "id_unit": 687,
        "id_skpd": 687,
        "created_user": 22974,
        "kode_skpd": "7.01.0.00.0.00.05.0000",
        "nama_skpd": "Kecamatan Air Padang",
        "id_urusan": 17,
        "kode_urusan": "7",
        "nama_urusan": "UNSUR KEWILAYAHAN",
        "id_bidang_urusan": 243,
        "kode_bidang_urusan": "7.01",
        "nama_bidang_urusan": "KECAMATAN",
        "id_sub_skpd": 687,
        "kode_sub_skpd": "7.01.0.00.0.00.05.0000",
        "nama_sub_skpd": "Kecamatan Air Padang",
        "id_program": 4451,
        "kode_program": "7.01.01",
        "nama_program": "PROGRAM PENUNJANG URUSAN PEMERINTAHAN DAERAH KABUPATEN/KOTA",
        "outcome": "[ Terselenggaranya Penunjang urusan Pemerintahan Daerah Kecamatan Air Padang ]",
        "indikator_outcome": "Persentase pemenuhan kebutuhan penunjang Perangkat Daerah",
        "target_akhir": "100",
        "realisasi_capaian": "100",
        "prakiraan": "100",
        "target_maju_1": "100",
        "urai_output": "Persentase Pemenuhan Dokumen Perencanaan, Pengganggaran dan Evaluasi Perangkat Daerah",
        "id_giat": 18371,
        "kode_giat": "7.01.01.2.01",
        "nama_giat": "Perencanaan, Penganggaran, dan Evaluasi Kinerja Perangkat Daerah",
        "id_sub_giat": 60592,
        "kode_sub_giat": "7.01.01.2.01.0004",
        "nama_sub_giat": "Koordinasi dan Penyusunan DPA-SKPD",
        "pagu": 3533000,
        "pagu_indikatif": 3533000,
        "pagu_n_depan": 4000000,
        "kode_bl": "687.687.4451.18371",
        "kode_sbl": "687.687.4451.18371.60592",
        "urusan_locked": 0,
        "bidang_urusan_locked": 0,
        "program_locked": 0,
        "giat_locked": 0,
        "sub_giat_locked": 0,
        "kunci_bl": 1,
        "kunci_bl_rinci": 1,
        "id_output_bl": 61862,
        "satuan_output": "Dokumen",
        "tolak_ukur_output": "Jumlah Dokumen DPA-SKPD dan Laporan Hasil Koordinasi Penyusunan Dokumen DPA-SKPD",
        "target_teks_output": "2 Dokumen",
        "satuan_capaian": null,
        "tolak_ukur_capaian": null,
        "target_teks_capaian": null,
        "satuan_sub": null,
        "tolok_ukur_sub": null,
        "target_sub_teks": null,
        "tolak_ukur_n": "Jumlah Dokumen DPA-SKPD dan Laporan Hasil Koordinasi Penyusunan Dokumen DPA-SKPD",
        "target_teks_n": "2 Dokumen",
        "kode_dana": "1.2.01.08",
        "nama_dana": "Dana Alokasi Umum (DAU)",
        "lokasi_bl": "Kab. Bengkulu Utara, Semua Kecamatan, Semua Kel/Desa",
        "id_label_pusat": 0,
        "label_pusat": null,
        "id_label_prov": 398,
        "label_prov": "4. Inovasi dan Tata Kelola Pemerintahan",
        "id_label_kokab": 5210,
        "label_kokab": "5. Inovasi dan Tata Kelola Pemerintahan",
        "kelompok_sasaran": null,
        "target_akhir_program_renstra": null,
        "target_min_1_program_renstra": null,
        "target_n_program_renstra": null,
        "target_akhir_giat_renstra": null,
        "target_min_1_giat_renstra": null,
        "target_n_giat_renstra": null,
        "target_akhir_sub_giat_renstra": " ",
        "target_min_1_sub_giat_renstra": " ",
        "target_n_sub_giat_renstra": " ",
        "total_pagu_indikatif_sub_skpd": 1722699053,
        "total_pagu_n_depan_sub_skpd": 1788600000,
        "total_pagu_indikatif_urusan": 1722699053,
        "total_pagu_n_depan_urusan": 1788600000,
        "total_pagu_indikatif_bidang_urusan": 1722699053,
        "total_pagu_n_depan_bidang_urusan": 1788600000,
        "total_pagu_indikatif_program": 1599699053,
        "total_pagu_n_depan_program": 1673600000,
        "total_pagu_indikatif_kegiatan": 20564923,
        "total_pagu_n_depan_kegiatan": 19700000,
        "total_pagu_indikatif": 1722699053,
        "total_pagu_n_depan": 1788600000
    },
    {
        "migrated_at": null,
        "id_sub_bl": 64156,
        "id_daerah": 473,
        "tahun": 2026,
        "id_unit": 687,
        "id_skpd": 687,
        "created_user": 22974,
        "kode_skpd": "7.01.0.00.0.00.05.0000",
        "nama_skpd": "Kecamatan Air Padang",
        "id_urusan": 17,
        "kode_urusan": "7",
        "nama_urusan": "UNSUR KEWILAYAHAN",
        "id_bidang_urusan": 243,
        "kode_bidang_urusan": "7.01",
        "nama_bidang_urusan": "KECAMATAN",
        "id_sub_skpd": 687,
        "kode_sub_skpd": "7.01.0.00.0.00.05.0000",
        "nama_sub_skpd": "Kecamatan Air Padang",
        "id_program": 4451,
        "kode_program": "7.01.01",
        "nama_program": "PROGRAM PENUNJANG URUSAN PEMERINTAHAN DAERAH KABUPATEN/KOTA",
        "outcome": "[ Terselenggaranya Penunjang urusan Pemerintahan Daerah Kecamatan Air Padang ]",
        "indikator_outcome": "Persentase pemenuhan kebutuhan penunjang Perangkat Daerah",
        "target_akhir": "100",
        "realisasi_capaian": "100",
        "prakiraan": "100",
        "target_maju_1": "100",
        "urai_output": "Persentase Pemenuhan Dokumen Perencanaan, Pengganggaran dan Evaluasi Perangkat Daerah",
        "id_giat": 18371,
        "kode_giat": "7.01.01.2.01",
        "nama_giat": "Perencanaan, Penganggaran, dan Evaluasi Kinerja Perangkat Daerah",
        "id_sub_giat": 60594,
        "kode_sub_giat": "7.01.01.2.01.0006",
        "nama_sub_giat": "Koordinasi dan Penyusunan Laporan Capaian Kinerja dan Ikhtisar Realisasi Kinerja SKPD",
        "pagu": 3644800,
        "pagu_indikatif": 3644800,
        "pagu_n_depan": 4500000,
        "kode_bl": "687.687.4451.18371",
        "kode_sbl": "687.687.4451.18371.60594",
        "urusan_locked": 0,
        "bidang_urusan_locked": 0,
        "program_locked": 0,
        "giat_locked": 0,
        "sub_giat_locked": 0,
        "kunci_bl": 1,
        "kunci_bl_rinci": 1,
        "id_output_bl": 61863,
        "satuan_output": "Laporan",
        "tolak_ukur_output": "Jumlah Laporan Capaian Kinerja dan Ikhtisar Realisasi Kinerja SKPD dan Laporan Hasil Koordinasi Penyusunan Laporan Capaian Kinerja dan Ikhtisar Realisasi Kinerja SKPD",
        "target_teks_output": "1 Laporan",
        "satuan_capaian": null,
        "tolak_ukur_capaian": null,
        "target_teks_capaian": null,
        "satuan_sub": null,
        "tolok_ukur_sub": null,
        "target_sub_teks": null,
        "tolak_ukur_n": "Jumlah Laporan Capaian Kinerja dan Ikhtisar Realisasi Kinerja SKPD dan Laporan Hasil Koordinasi Penyusunan Laporan Capaian Kinerja dan Ikhtisar Realisasi Kinerja SKPD",
        "target_teks_n": "1 Laporan",
        "kode_dana": "1.2.01.08",
        "nama_dana": "Dana Alokasi Umum (DAU)",
        "lokasi_bl": "Kab. Bengkulu Utara, Semua Kecamatan, Semua Kel/Desa",
        "id_label_pusat": 0,
        "label_pusat": null,
        "id_label_prov": 398,
        "label_prov": "4. Inovasi dan Tata Kelola Pemerintahan",
        "id_label_kokab": 5210,
        "label_kokab": "5. Inovasi dan Tata Kelola Pemerintahan",
        "kelompok_sasaran": null,
        "target_akhir_program_renstra": null,
        "target_min_1_program_renstra": null,
        "target_n_program_renstra": null,
        "target_akhir_giat_renstra": null,
        "target_min_1_giat_renstra": null,
        "target_n_giat_renstra": null,
        "target_akhir_sub_giat_renstra": " ",
        "target_min_1_sub_giat_renstra": " ",
        "target_n_sub_giat_renstra": " ",
        "total_pagu_indikatif_sub_skpd": 1722699053,
        "total_pagu_n_depan_sub_skpd": 1788600000,
        "total_pagu_indikatif_urusan": 1722699053,
        "total_pagu_n_depan_urusan": 1788600000,
        "total_pagu_indikatif_bidang_urusan": 1722699053,
        "total_pagu_n_depan_bidang_urusan": 1788600000,
        "total_pagu_indikatif_program": 1599699053,
        "total_pagu_n_depan_program": 1673600000,
        "total_pagu_indikatif_kegiatan": 20564923,
        "total_pagu_n_depan_kegiatan": 19700000,
        "total_pagu_indikatif": 1722699053,
        "total_pagu_n_depan": 1788600000
    },
    {
        "migrated_at": null,
        "id_sub_bl": 64157,
        "id_daerah": 473,
        "tahun": 2026,
        "id_unit": 687,
        "id_skpd": 687,
        "created_user": 22974,
        "kode_skpd": "7.01.0.00.0.00.05.0000",
        "nama_skpd": "Kecamatan Air Padang",
        "id_urusan": 17,
        "kode_urusan": "7",
        "nama_urusan": "UNSUR KEWILAYAHAN",
        "id_bidang_urusan": 243,
        "kode_bidang_urusan": "7.01",
        "nama_bidang_urusan": "KECAMATAN",
        "id_sub_skpd": 687,
        "kode_sub_skpd": "7.01.0.00.0.00.05.0000",
        "nama_sub_skpd": "Kecamatan Air Padang",
        "id_program": 4451,
        "kode_program": "7.01.01",
        "nama_program": "PROGRAM PENUNJANG URUSAN PEMERINTAHAN DAERAH KABUPATEN/KOTA",
        "outcome": "[ Terselenggaranya Penunjang urusan Pemerintahan Daerah Kecamatan Air Padang ]",
        "indikator_outcome": "Persentase pemenuhan kebutuhan penunjang Perangkat Daerah",
        "target_akhir": "100",
        "realisasi_capaian": "100",
        "prakiraan": "100",
        "target_maju_1": "100",
        "urai_output": "Persentase Pemenuhan Dokumen Perencanaan, Pengganggaran dan Evaluasi Perangkat Daerah",
        "id_giat": 18371,
        "kode_giat": "7.01.01.2.01",
        "nama_giat": "Perencanaan, Penganggaran, dan Evaluasi Kinerja Perangkat Daerah",
        "id_sub_giat": 60595,
        "kode_sub_giat": "7.01.01.2.01.0007",
        "nama_sub_giat": "Evaluasi Kinerja Perangkat Daerah",
        "pagu": 2514200,
        "pagu_indikatif": 2514200,
        "pagu_n_depan": 3200000,
        "kode_bl": "687.687.4451.18371",
        "kode_sbl": "687.687.4451.18371.60595",
        "urusan_locked": 0,
        "bidang_urusan_locked": 0,
        "program_locked": 0,
        "giat_locked": 0,
        "sub_giat_locked": 0,
        "kunci_bl": 1,
        "kunci_bl_rinci": 1,
        "id_output_bl": 61864,
        "satuan_output": "Laporan",
        "tolak_ukur_output": "Jumlah Laporan Evaluasi Kinerja Perangkat Daerah",
        "target_teks_output": "1 Laporan",
        "satuan_capaian": null,
        "tolak_ukur_capaian": null,
        "target_teks_capaian": null,
        "satuan_sub": null,
        "tolok_ukur_sub": null,
        "target_sub_teks": null,
        "tolak_ukur_n": "Jumlah Laporan Evaluasi Kinerja Perangkat Daerah",
        "target_teks_n": "1 Laporan",
        "kode_dana": "1.2.01.08",
        "nama_dana": "Dana Alokasi Umum (DAU)",
        "lokasi_bl": "Kab. Bengkulu Utara, Semua Kecamatan, Semua Kel/Desa",
        "id_label_pusat": 0,
        "label_pusat": null,
        "id_label_prov": 398,
        "label_prov": "4. Inovasi dan Tata Kelola Pemerintahan",
        "id_label_kokab": 5210,
        "label_kokab": "5. Inovasi dan Tata Kelola Pemerintahan",
        "kelompok_sasaran": null,
        "target_akhir_program_renstra": null,
        "target_min_1_program_renstra": null,
        "target_n_program_renstra": null,
        "target_akhir_giat_renstra": null,
        "target_min_1_giat_renstra": null,
        "target_n_giat_renstra": null,
        "target_akhir_sub_giat_renstra": " ",
        "target_min_1_sub_giat_renstra": " ",
        "target_n_sub_giat_renstra": " ",
        "total_pagu_indikatif_sub_skpd": 1722699053,
        "total_pagu_n_depan_sub_skpd": 1788600000,
        "total_pagu_indikatif_urusan": 1722699053,
        "total_pagu_n_depan_urusan": 1788600000,
        "total_pagu_indikatif_bidang_urusan": 1722699053,
        "total_pagu_n_depan_bidang_urusan": 1788600000,
        "total_pagu_indikatif_program": 1599699053,
        "total_pagu_n_depan_program": 1673600000,
        "total_pagu_indikatif_kegiatan": 20564923,
        "total_pagu_n_depan_kegiatan": 19700000,
        "total_pagu_indikatif": 1722699053,
        "total_pagu_n_depan": 1788600000
    },
    {
        "migrated_at": null,
        "id_sub_bl": 64158,
        "id_daerah": 473,
        "tahun": 2026,
        "id_unit": 687,
        "id_skpd": 687,
        "created_user": 22974,
        "kode_skpd": "7.01.0.00.0.00.05.0000",
        "nama_skpd": "Kecamatan Air Padang",
        "id_urusan": 17,
        "kode_urusan": "7",
        "nama_urusan": "UNSUR KEWILAYAHAN",
        "id_bidang_urusan": 243,
        "kode_bidang_urusan": "7.01",
        "nama_bidang_urusan": "KECAMATAN",
        "id_sub_skpd": 687,
        "kode_sub_skpd": "7.01.0.00.0.00.05.0000",
        "nama_sub_skpd": "Kecamatan Air Padang",
        "id_program": 4451,
        "kode_program": "7.01.01",
        "nama_program": "PROGRAM PENUNJANG URUSAN PEMERINTAHAN DAERAH KABUPATEN/KOTA",
        "outcome": "[ Terselenggaranya Penunjang urusan Pemerintahan Daerah Kecamatan Air Padang ]",
        "indikator_outcome": "Persentase pemenuhan kebutuhan penunjang Perangkat Daerah",
        "target_akhir": "100",
        "realisasi_capaian": "100",
        "prakiraan": "100",
        "target_maju_1": "100",
        "urai_output": "Persentase Pemenenuhan Administrasi Keuangan Perangkat Daerah",
        "id_giat": 18372,
        "kode_giat": "7.01.01.2.02",
        "nama_giat": "Administrasi Keuangan Perangkat Daerah",
        "id_sub_giat": 60602,
        "kode_sub_giat": "7.01.01.2.02.0001",
        "nama_sub_giat": "Penyediaan Gaji dan Tunjangan ASN",
        "pagu": 1325204930,
        "pagu_indikatif": 1325204930,
        "pagu_n_depan": 1400000000,
        "kode_bl": "687.687.4451.18372",
        "kode_sbl": "687.687.4451.18372.60602",
        "urusan_locked": 0,
        "bidang_urusan_locked": 0,
        "program_locked": 0,
        "giat_locked": 0,
        "sub_giat_locked": 0,
        "kunci_bl": 1,
        "kunci_bl_rinci": 1,
        "id_output_bl": 61865,
        "satuan_output": "Orang/bulan",
        "tolak_ukur_output": "Jumlah Orang yang Menerima Gaji dan Tunjangan ASN",
        "target_teks_output": "14 Orang/bulan",
        "satuan_capaian": null,
        "tolak_ukur_capaian": null,
        "target_teks_capaian": null,
        "satuan_sub": null,
        "tolok_ukur_sub": null,
        "target_sub_teks": null,
        "tolak_ukur_n": "Jumlah Orang yang Menerima Gaji dan Tunjangan ASN",
        "target_teks_n": "14 Orang/bulan",
        "kode_dana": "1.2.01.08",
        "nama_dana": "Dana Alokasi Umum (DAU)",
        "lokasi_bl": "Kab. Bengkulu Utara, Semua Kecamatan, Semua Kel/Desa",
        "id_label_pusat": 0,
        "label_pusat": null,
        "id_label_prov": 398,
        "label_prov": "4. Inovasi dan Tata Kelola Pemerintahan",
        "id_label_kokab": 5210,
        "label_kokab": "5. Inovasi dan Tata Kelola Pemerintahan",
        "kelompok_sasaran": null,
        "target_akhir_program_renstra": null,
        "target_min_1_program_renstra": null,
        "target_n_program_renstra": null,
        "target_akhir_giat_renstra": null,
        "target_min_1_giat_renstra": null,
        "target_n_giat_renstra": null,
        "target_akhir_sub_giat_renstra": " ",
        "target_min_1_sub_giat_renstra": " ",
        "target_n_sub_giat_renstra": " ",
        "total_pagu_indikatif_sub_skpd": 1722699053,
        "total_pagu_n_depan_sub_skpd": 1788600000,
        "total_pagu_indikatif_urusan": 1722699053,
        "total_pagu_n_depan_urusan": 1788600000,
        "total_pagu_indikatif_bidang_urusan": 1722699053,
        "total_pagu_n_depan_bidang_urusan": 1788600000,
        "total_pagu_indikatif_program": 1599699053,
        "total_pagu_n_depan_program": 1673600000,
        "total_pagu_indikatif_kegiatan": 1367086930,
        "total_pagu_n_depan_kegiatan": 1444200000,
        "total_pagu_indikatif": 1722699053,
        "total_pagu_n_depan": 1788600000
    },
    {
        "migrated_at": null,
        "id_sub_bl": 64159,
        "id_daerah": 473,
        "tahun": 2026,
        "id_unit": 687,
        "id_skpd": 687,
        "created_user": 22974,
        "kode_skpd": "7.01.0.00.0.00.05.0000",
        "nama_skpd": "Kecamatan Air Padang",
        "id_urusan": 17,
        "kode_urusan": "7",
        "nama_urusan": "UNSUR KEWILAYAHAN",
        "id_bidang_urusan": 243,
        "kode_bidang_urusan": "7.01",
        "nama_bidang_urusan": "KECAMATAN",
        "id_sub_skpd": 687,
        "kode_sub_skpd": "7.01.0.00.0.00.05.0000",
        "nama_sub_skpd": "Kecamatan Air Padang",
        "id_program": 4451,
        "kode_program": "7.01.01",
        "nama_program": "PROGRAM PENUNJANG URUSAN PEMERINTAHAN DAERAH KABUPATEN/KOTA",
        "outcome": "[ Terselenggaranya Penunjang urusan Pemerintahan Daerah Kecamatan Air Padang ]",
        "indikator_outcome": "Persentase pemenuhan kebutuhan penunjang Perangkat Daerah",
        "target_akhir": "100",
        "realisasi_capaian": "100",
        "prakiraan": "100",
        "target_maju_1": "100",
        "urai_output": "Persentase Pemenenuhan Administrasi Keuangan Perangkat Daerah",
        "id_giat": 18372,
        "kode_giat": "7.01.01.2.02",
        "nama_giat": "Administrasi Keuangan Perangkat Daerah",
        "id_sub_giat": 60604,
        "kode_sub_giat": "7.01.01.2.02.0003",
        "nama_sub_giat": "Pelaksanaan Penatausahaan dan\r\n\nPengujian/Verifikasi Keuangan SKPD",
        "pagu": 34800000,
        "pagu_indikatif": 34800000,
        "pagu_n_depan": 38000000,
        "kode_bl": "687.687.4451.18372",
        "kode_sbl": "687.687.4451.18372.60604",
        "urusan_locked": 0,
        "bidang_urusan_locked": 0,
        "program_locked": 0,
        "giat_locked": 0,
        "sub_giat_locked": 0,
        "kunci_bl": 1,
        "kunci_bl_rinci": 1,
        "id_output_bl": 61866,
        "satuan_output": "Dokumen",
        "tolak_ukur_output": "Jumlah Dokumen Penatausahaan dan Pengujian/Verifikasi Keuangan SKPD",
        "target_teks_output": "2 Dokumen",
        "satuan_capaian": null,
        "tolak_ukur_capaian": null,
        "target_teks_capaian": null,
        "satuan_sub": null,
        "tolok_ukur_sub": null,
        "target_sub_teks": null,
        "tolak_ukur_n": "Jumlah Dokumen Penatausahaan dan Pengujian/Verifikasi Keuangan SKPD",
        "target_teks_n": "2 Dokumen",
        "kode_dana": "1.2.01.08",
        "nama_dana": "Dana Alokasi Umum (DAU)",
        "lokasi_bl": "Kab. Bengkulu Utara, Semua Kecamatan, Semua Kel/Desa",
        "id_label_pusat": 0,
        "label_pusat": null,
        "id_label_prov": 398,
        "label_prov": "4. Inovasi dan Tata Kelola Pemerintahan",
        "id_label_kokab": 5210,
        "label_kokab": "5. Inovasi dan Tata Kelola Pemerintahan",
        "kelompok_sasaran": null,
        "target_akhir_program_renstra": null,
        "target_min_1_program_renstra": null,
        "target_n_program_renstra": null,
        "target_akhir_giat_renstra": null,
        "target_min_1_giat_renstra": null,
        "target_n_giat_renstra": null,
        "target_akhir_sub_giat_renstra": " ",
        "target_min_1_sub_giat_renstra": " ",
        "target_n_sub_giat_renstra": " ",
        "total_pagu_indikatif_sub_skpd": 1722699053,
        "total_pagu_n_depan_sub_skpd": 1788600000,
        "total_pagu_indikatif_urusan": 1722699053,
        "total_pagu_n_depan_urusan": 1788600000,
        "total_pagu_indikatif_bidang_urusan": 1722699053,
        "total_pagu_n_depan_bidang_urusan": 1788600000,
        "total_pagu_indikatif_program": 1599699053,
        "total_pagu_n_depan_program": 1673600000,
        "total_pagu_indikatif_kegiatan": 1367086930,
        "total_pagu_n_depan_kegiatan": 1444200000,
        "total_pagu_indikatif": 1722699053,
        "total_pagu_n_depan": 1788600000
    },
    {
        "migrated_at": null,
        "id_sub_bl": 64160,
        "id_daerah": 473,
        "tahun": 2026,
        "id_unit": 687,
        "id_skpd": 687,
        "created_user": 22974,
        "kode_skpd": "7.01.0.00.0.00.05.0000",
        "nama_skpd": "Kecamatan Air Padang",
        "id_urusan": 17,
        "kode_urusan": "7",
        "nama_urusan": "UNSUR KEWILAYAHAN",
        "id_bidang_urusan": 243,
        "kode_bidang_urusan": "7.01",
        "nama_bidang_urusan": "KECAMATAN",
        "id_sub_skpd": 687,
        "kode_sub_skpd": "7.01.0.00.0.00.05.0000",
        "nama_sub_skpd": "Kecamatan Air Padang",
        "id_program": 4451,
        "kode_program": "7.01.01",
        "nama_program": "PROGRAM PENUNJANG URUSAN PEMERINTAHAN DAERAH KABUPATEN/KOTA",
        "outcome": "[ Terselenggaranya Penunjang urusan Pemerintahan Daerah Kecamatan Air Padang ]",
        "indikator_outcome": "Persentase pemenuhan kebutuhan penunjang Perangkat Daerah",
        "target_akhir": "100",
        "realisasi_capaian": "100",
        "prakiraan": "100",
        "target_maju_1": "100",
        "urai_output": "Persentase Pemenenuhan Administrasi Keuangan Perangkat Daerah",
        "id_giat": 18372,
        "kode_giat": "7.01.01.2.02",
        "nama_giat": "Administrasi Keuangan Perangkat Daerah",
        "id_sub_giat": 60606,
        "kode_sub_giat": "7.01.01.2.02.0005",
        "nama_sub_giat": "Koordinasi dan Penyusunan Laporan Keuangan Akhir Tahun SKPD",
        "pagu": 5000000,
        "pagu_indikatif": 5000000,
        "pagu_n_depan": 3200000,
        "kode_bl": "687.687.4451.18372",
        "kode_sbl": "687.687.4451.18372.60606",
        "urusan_locked": 0,
        "bidang_urusan_locked": 0,
        "program_locked": 0,
        "giat_locked": 0,
        "sub_giat_locked": 0,
        "kunci_bl": 1,
        "kunci_bl_rinci": 1,
        "id_output_bl": 61867,
        "satuan_output": "Laporan",
        "tolak_ukur_output": "Jumlah Laporan Keuangan Akhir Tahun SKPD dan Laporan Hasil Koordinasi Penyusunan Laporan Keuangan Akhir Tahun SKPD",
        "target_teks_output": "2 Laporan",
        "satuan_capaian": null,
        "tolak_ukur_capaian": null,
        "target_teks_capaian": null,
        "satuan_sub": null,
        "tolok_ukur_sub": null,
        "target_sub_teks": null,
        "tolak_ukur_n": "Jumlah Laporan Keuangan Akhir Tahun SKPD dan Laporan Hasil Koordinasi Penyusunan Laporan Keuangan Akhir Tahun SKPD",
        "target_teks_n": "2 Laporan",
        "kode_dana": "1.2.01.08",
        "nama_dana": "Dana Alokasi Umum (DAU)",
        "lokasi_bl": "Kab. Bengkulu Utara, Semua Kecamatan, Semua Kel/Desa",
        "id_label_pusat": 0,
        "label_pusat": null,
        "id_label_prov": 398,
        "label_prov": "4. Inovasi dan Tata Kelola Pemerintahan",
        "id_label_kokab": 5210,
        "label_kokab": "5. Inovasi dan Tata Kelola Pemerintahan",
        "kelompok_sasaran": null,
        "target_akhir_program_renstra": null,
        "target_min_1_program_renstra": null,
        "target_n_program_renstra": null,
        "target_akhir_giat_renstra": null,
        "target_min_1_giat_renstra": null,
        "target_n_giat_renstra": null,
        "target_akhir_sub_giat_renstra": " ",
        "target_min_1_sub_giat_renstra": " ",
        "target_n_sub_giat_renstra": " ",
        "total_pagu_indikatif_sub_skpd": 1722699053,
        "total_pagu_n_depan_sub_skpd": 1788600000,
        "total_pagu_indikatif_urusan": 1722699053,
        "total_pagu_n_depan_urusan": 1788600000,
        "total_pagu_indikatif_bidang_urusan": 1722699053,
        "total_pagu_n_depan_bidang_urusan": 1788600000,
        "total_pagu_indikatif_program": 1599699053,
        "total_pagu_n_depan_program": 1673600000,
        "total_pagu_indikatif_kegiatan": 1367086930,
        "total_pagu_n_depan_kegiatan": 1444200000,
        "total_pagu_indikatif": 1722699053,
        "total_pagu_n_depan": 1788600000
    },
    {
        "migrated_at": null,
        "id_sub_bl": 64161,
        "id_daerah": 473,
        "tahun": 2026,
        "id_unit": 687,
        "id_skpd": 687,
        "created_user": 22974,
        "kode_skpd": "7.01.0.00.0.00.05.0000",
        "nama_skpd": "Kecamatan Air Padang",
        "id_urusan": 17,
        "kode_urusan": "7",
        "nama_urusan": "UNSUR KEWILAYAHAN",
        "id_bidang_urusan": 243,
        "kode_bidang_urusan": "7.01",
        "nama_bidang_urusan": "KECAMATAN",
        "id_sub_skpd": 687,
        "kode_sub_skpd": "7.01.0.00.0.00.05.0000",
        "nama_sub_skpd": "Kecamatan Air Padang",
        "id_program": 4451,
        "kode_program": "7.01.01",
        "nama_program": "PROGRAM PENUNJANG URUSAN PEMERINTAHAN DAERAH KABUPATEN/KOTA",
        "outcome": "[ Terselenggaranya Penunjang urusan Pemerintahan Daerah Kecamatan Air Padang ]",
        "indikator_outcome": "Persentase pemenuhan kebutuhan penunjang Perangkat Daerah",
        "target_akhir": "100",
        "realisasi_capaian": "100",
        "prakiraan": "100",
        "target_maju_1": "100",
        "urai_output": "Persentase Pemenenuhan Administrasi Keuangan Perangkat Daerah",
        "id_giat": 18372,
        "kode_giat": "7.01.01.2.02",
        "nama_giat": "Administrasi Keuangan Perangkat Daerah",
        "id_sub_giat": 60608,
        "kode_sub_giat": "7.01.01.2.02.0007",
        "nama_sub_giat": "Koordinasi dan Penyusunan Laporan Keuangan Bulanan/ Triwulanan/ Semesteran SKPD",
        "pagu": 2082000,
        "pagu_indikatif": 2082000,
        "pagu_n_depan": 3000000,
        "kode_bl": "687.687.4451.18372",
        "kode_sbl": "687.687.4451.18372.60608",
        "urusan_locked": 0,
        "bidang_urusan_locked": 0,
        "program_locked": 0,
        "giat_locked": 0,
        "sub_giat_locked": 0,
        "kunci_bl": 1,
        "kunci_bl_rinci": 1,
        "id_output_bl": 61868,
        "satuan_output": "Laporan",
        "tolak_ukur_output": "Jumlah Laporan Keuangan Bulanan/ Triwulanan/ Semesteran SKPD dan Laporan Koordinasi Penyusunan Laporan Keuangan Bulanan/Triwulanan/Semesteran SKPD",
        "target_teks_output": "2 Laporan",
        "satuan_capaian": null,
        "tolak_ukur_capaian": null,
        "target_teks_capaian": null,
        "satuan_sub": null,
        "tolok_ukur_sub": null,
        "target_sub_teks": null,
        "tolak_ukur_n": "Jumlah Laporan Keuangan Bulanan/ Triwulanan/ Semesteran SKPD dan Laporan Koordinasi Penyusunan Laporan Keuangan Bulanan/Triwulanan/Semesteran SKPD",
        "target_teks_n": "2 Laporan",
        "kode_dana": "1.2.01.08",
        "nama_dana": "Dana Alokasi Umum (DAU)",
        "lokasi_bl": "Kab. Bengkulu Utara, Semua Kecamatan, Semua Kel/Desa",
        "id_label_pusat": 0,
        "label_pusat": null,
        "id_label_prov": 398,
        "label_prov": "4. Inovasi dan Tata Kelola Pemerintahan",
        "id_label_kokab": 5210,
        "label_kokab": "5. Inovasi dan Tata Kelola Pemerintahan",
        "kelompok_sasaran": null,
        "target_akhir_program_renstra": null,
        "target_min_1_program_renstra": null,
        "target_n_program_renstra": null,
        "target_akhir_giat_renstra": null,
        "target_min_1_giat_renstra": null,
        "target_n_giat_renstra": null,
        "target_akhir_sub_giat_renstra": " ",
        "target_min_1_sub_giat_renstra": " ",
        "target_n_sub_giat_renstra": " ",
        "total_pagu_indikatif_sub_skpd": 1722699053,
        "total_pagu_n_depan_sub_skpd": 1788600000,
        "total_pagu_indikatif_urusan": 1722699053,
        "total_pagu_n_depan_urusan": 1788600000,
        "total_pagu_indikatif_bidang_urusan": 1722699053,
        "total_pagu_n_depan_bidang_urusan": 1788600000,
        "total_pagu_indikatif_program": 1599699053,
        "total_pagu_n_depan_program": 1673600000,
        "total_pagu_indikatif_kegiatan": 1367086930,
        "total_pagu_n_depan_kegiatan": 1444200000,
        "total_pagu_indikatif": 1722699053,
        "total_pagu_n_depan": 1788600000
    },
    {
        "migrated_at": null,
        "id_sub_bl": 64162,
        "id_daerah": 473,
        "tahun": 2026,
        "id_unit": 687,
        "id_skpd": 687,
        "created_user": 22974,
        "kode_skpd": "7.01.0.00.0.00.05.0000",
        "nama_skpd": "Kecamatan Air Padang",
        "id_urusan": 17,
        "kode_urusan": "7",
        "nama_urusan": "UNSUR KEWILAYAHAN",
        "id_bidang_urusan": 243,
        "kode_bidang_urusan": "7.01",
        "nama_bidang_urusan": "KECAMATAN",
        "id_sub_skpd": 687,
        "kode_sub_skpd": "7.01.0.00.0.00.05.0000",
        "nama_sub_skpd": "Kecamatan Air Padang",
        "id_program": 4451,
        "kode_program": "7.01.01",
        "nama_program": "PROGRAM PENUNJANG URUSAN PEMERINTAHAN DAERAH KABUPATEN/KOTA",
        "outcome": "[ Terselenggaranya Penunjang urusan Pemerintahan Daerah Kecamatan Air Padang ]",
        "indikator_outcome": "Persentase pemenuhan kebutuhan penunjang Perangkat Daerah",
        "target_akhir": "100",
        "realisasi_capaian": "100",
        "prakiraan": "100",
        "target_maju_1": "100",
        "urai_output": "Persentase Pemenuhan Administrasi Barang Milik Daerah(BMD) Perangkat Daerah",
        "id_giat": 18373,
        "kode_giat": "7.01.01.2.03",
        "nama_giat": "Administrasi Barang Milik Daerah pada Perangkat Daerah",
        "id_sub_giat": 60615,
        "kode_sub_giat": "7.01.01.2.03.0006",
        "nama_sub_giat": "Penatausahaan Barang Milik Daerah pada SKPD",
        "pagu": 25099000,
        "pagu_indikatif": 25099000,
        "pagu_n_depan": 27000000,
        "kode_bl": "687.687.4451.18373",
        "kode_sbl": "687.687.4451.18373.60615",
        "urusan_locked": 0,
        "bidang_urusan_locked": 0,
        "program_locked": 0,
        "giat_locked": 0,
        "sub_giat_locked": 0,
        "kunci_bl": 1,
        "kunci_bl_rinci": 1,
        "id_output_bl": 61869,
        "satuan_output": "Laporan",
        "tolak_ukur_output": "Jumlah Laporan Penatausahaan Barang Milik Daerah pada SKPD",
        "target_teks_output": "4 Laporan",
        "satuan_capaian": null,
        "tolak_ukur_capaian": null,
        "target_teks_capaian": null,
        "satuan_sub": null,
        "tolok_ukur_sub": null,
        "target_sub_teks": null,
        "tolak_ukur_n": "Jumlah Laporan Penatausahaan Barang Milik Daerah pada SKPD",
        "target_teks_n": "4 Laporan",
        "kode_dana": "1.2.01.08",
        "nama_dana": "Dana Alokasi Umum (DAU)",
        "lokasi_bl": "Kab. Bengkulu Utara, Semua Kecamatan, Semua Kel/Desa",
        "id_label_pusat": 0,
        "label_pusat": null,
        "id_label_prov": 398,
        "label_prov": "4. Inovasi dan Tata Kelola Pemerintahan",
        "id_label_kokab": 5210,
        "label_kokab": "5. Inovasi dan Tata Kelola Pemerintahan",
        "kelompok_sasaran": null,
        "target_akhir_program_renstra": null,
        "target_min_1_program_renstra": null,
        "target_n_program_renstra": null,
        "target_akhir_giat_renstra": null,
        "target_min_1_giat_renstra": null,
        "target_n_giat_renstra": null,
        "target_akhir_sub_giat_renstra": " ",
        "target_min_1_sub_giat_renstra": " ",
        "target_n_sub_giat_renstra": " ",
        "total_pagu_indikatif_sub_skpd": 1722699053,
        "total_pagu_n_depan_sub_skpd": 1788600000,
        "total_pagu_indikatif_urusan": 1722699053,
        "total_pagu_n_depan_urusan": 1788600000,
        "total_pagu_indikatif_bidang_urusan": 1722699053,
        "total_pagu_n_depan_bidang_urusan": 1788600000,
        "total_pagu_indikatif_program": 1599699053,
        "total_pagu_n_depan_program": 1673600000,
        "total_pagu_indikatif_kegiatan": 25099000,
        "total_pagu_n_depan_kegiatan": 27000000,
        "total_pagu_indikatif": 1722699053,
        "total_pagu_n_depan": 1788600000
    },
    {
        "migrated_at": null,
        "id_sub_bl": 64163,
        "id_daerah": 473,
        "tahun": 2026,
        "id_unit": 687,
        "id_skpd": 687,
        "created_user": 22974,
        "kode_skpd": "7.01.0.00.0.00.05.0000",
        "nama_skpd": "Kecamatan Air Padang",
        "id_urusan": 17,
        "kode_urusan": "7",
        "nama_urusan": "UNSUR KEWILAYAHAN",
        "id_bidang_urusan": 243,
        "kode_bidang_urusan": "7.01",
        "nama_bidang_urusan": "KECAMATAN",
        "id_sub_skpd": 687,
        "kode_sub_skpd": "7.01.0.00.0.00.05.0000",
        "nama_sub_skpd": "Kecamatan Air Padang",
        "id_program": 4451,
        "kode_program": "7.01.01",
        "nama_program": "PROGRAM PENUNJANG URUSAN PEMERINTAHAN DAERAH KABUPATEN/KOTA",
        "outcome": "[ Terselenggaranya Penunjang urusan Pemerintahan Daerah Kecamatan Air Padang ]",
        "indikator_outcome": "Persentase pemenuhan kebutuhan penunjang Perangkat Daerah",
        "target_akhir": "100",
        "realisasi_capaian": "100",
        "prakiraan": "100",
        "target_maju_1": "100",
        "urai_output": "Persentase Pemenuhan Administrasi Umum Perangkat Daerah",
        "id_giat": 18376,
        "kode_giat": "7.01.01.2.06",
        "nama_giat": "Administrasi Umum Perangkat Daerah",
        "id_sub_giat": 60635,
        "kode_sub_giat": "7.01.01.2.06.0001",
        "nama_sub_giat": "Penyediaan Komponen Instalasi\r\n\nListrik/Penerangan Bangunan Kantor",
        "pagu": 861000,
        "pagu_indikatif": 861000,
        "pagu_n_depan": 900000,
        "kode_bl": "687.687.4451.18376",
        "kode_sbl": "687.687.4451.18376.60635",
        "urusan_locked": 0,
        "bidang_urusan_locked": 0,
        "program_locked": 0,
        "giat_locked": 0,
        "sub_giat_locked": 0,
        "kunci_bl": 1,
        "kunci_bl_rinci": 1,
        "id_output_bl": 61870,
        "satuan_output": "Paket",
        "tolak_ukur_output": "Jumlah Paket Komponen Instalasi Listrik/Penerangan Bangunan Kantor yang Disediakan",
        "target_teks_output": "1 Paket",
        "satuan_capaian": null,
        "tolak_ukur_capaian": null,
        "target_teks_capaian": null,
        "satuan_sub": null,
        "tolok_ukur_sub": null,
        "target_sub_teks": null,
        "tolak_ukur_n": "Jumlah Paket Komponen Instalasi Listrik/Penerangan Bangunan Kantor yang Disediakan",
        "target_teks_n": "1 Paket",
        "kode_dana": "1.2.01.08",
        "nama_dana": "Dana Alokasi Umum (DAU)",
        "lokasi_bl": "Kab. Bengkulu Utara, Semua Kecamatan, Semua Kel/Desa",
        "id_label_pusat": 0,
        "label_pusat": null,
        "id_label_prov": 398,
        "label_prov": "4. Inovasi dan Tata Kelola Pemerintahan",
        "id_label_kokab": 5210,
        "label_kokab": "5. Inovasi dan Tata Kelola Pemerintahan",
        "kelompok_sasaran": null,
        "target_akhir_program_renstra": null,
        "target_min_1_program_renstra": null,
        "target_n_program_renstra": null,
        "target_akhir_giat_renstra": null,
        "target_min_1_giat_renstra": null,
        "target_n_giat_renstra": null,
        "target_akhir_sub_giat_renstra": " ",
        "target_min_1_sub_giat_renstra": " ",
        "target_n_sub_giat_renstra": " ",
        "total_pagu_indikatif_sub_skpd": 1722699053,
        "total_pagu_n_depan_sub_skpd": 1788600000,
        "total_pagu_indikatif_urusan": 1722699053,
        "total_pagu_n_depan_urusan": 1788600000,
        "total_pagu_indikatif_bidang_urusan": 1722699053,
        "total_pagu_n_depan_bidang_urusan": 1788600000,
        "total_pagu_indikatif_program": 1599699053,
        "total_pagu_n_depan_program": 1673600000,
        "total_pagu_indikatif_kegiatan": 41748200,
        "total_pagu_n_depan_kegiatan": 44700000,
        "total_pagu_indikatif": 1722699053,
        "total_pagu_n_depan": 1788600000
    },
    {
        "migrated_at": null,
        "id_sub_bl": 64164,
        "id_daerah": 473,
        "tahun": 2026,
        "id_unit": 687,
        "id_skpd": 687,
        "created_user": 22974,
        "kode_skpd": "7.01.0.00.0.00.05.0000",
        "nama_skpd": "Kecamatan Air Padang",
        "id_urusan": 17,
        "kode_urusan": "7",
        "nama_urusan": "UNSUR KEWILAYAHAN",
        "id_bidang_urusan": 243,
        "kode_bidang_urusan": "7.01",
        "nama_bidang_urusan": "KECAMATAN",
        "id_sub_skpd": 687,
        "kode_sub_skpd": "7.01.0.00.0.00.05.0000",
        "nama_sub_skpd": "Kecamatan Air Padang",
        "id_program": 4451,
        "kode_program": "7.01.01",
        "nama_program": "PROGRAM PENUNJANG URUSAN PEMERINTAHAN DAERAH KABUPATEN/KOTA",
        "outcome": "[ Terselenggaranya Penunjang urusan Pemerintahan Daerah Kecamatan Air Padang ]",
        "indikator_outcome": "Persentase pemenuhan kebutuhan penunjang Perangkat Daerah",
        "target_akhir": "100",
        "realisasi_capaian": "100",
        "prakiraan": "100",
        "target_maju_1": "100",
        "urai_output": "Persentase Pemenuhan Administrasi Umum Perangkat Daerah",
        "id_giat": 18376,
        "kode_giat": "7.01.01.2.06",
        "nama_giat": "Administrasi Umum Perangkat Daerah",
        "id_sub_giat": 60638,
        "kode_sub_giat": "7.01.01.2.06.0004",
        "nama_sub_giat": "Penyediaan Bahan Logistik Kantor",
        "pagu": 18596200,
        "pagu_indikatif": 18596200,
        "pagu_n_depan": 19000000,
        "kode_bl": "687.687.4451.18376",
        "kode_sbl": "687.687.4451.18376.60638",
        "urusan_locked": 0,
        "bidang_urusan_locked": 0,
        "program_locked": 0,
        "giat_locked": 0,
        "sub_giat_locked": 0,
        "kunci_bl": 1,
        "kunci_bl_rinci": 1,
        "id_output_bl": 61871,
        "satuan_output": "Paket",
        "tolak_ukur_output": "Jumlah Paket Bahan Logistik Kantor yang Disediakan",
        "target_teks_output": "1 Paket",
        "satuan_capaian": null,
        "tolak_ukur_capaian": null,
        "target_teks_capaian": null,
        "satuan_sub": null,
        "tolok_ukur_sub": null,
        "target_sub_teks": null,
        "tolak_ukur_n": "Jumlah Paket Bahan Logistik Kantor yang Disediakan",
        "target_teks_n": "1 Paket",
        "kode_dana": "1.2.01.08",
        "nama_dana": "Dana Alokasi Umum (DAU)",
        "lokasi_bl": "Kab. Bengkulu Utara, Semua Kecamatan, Semua Kel/Desa",
        "id_label_pusat": 0,
        "label_pusat": null,
        "id_label_prov": 398,
        "label_prov": "4. Inovasi dan Tata Kelola Pemerintahan",
        "id_label_kokab": 5210,
        "label_kokab": "5. Inovasi dan Tata Kelola Pemerintahan",
        "kelompok_sasaran": null,
        "target_akhir_program_renstra": null,
        "target_min_1_program_renstra": null,
        "target_n_program_renstra": null,
        "target_akhir_giat_renstra": null,
        "target_min_1_giat_renstra": null,
        "target_n_giat_renstra": null,
        "target_akhir_sub_giat_renstra": " ",
        "target_min_1_sub_giat_renstra": " ",
        "target_n_sub_giat_renstra": " ",
        "total_pagu_indikatif_sub_skpd": 1722699053,
        "total_pagu_n_depan_sub_skpd": 1788600000,
        "total_pagu_indikatif_urusan": 1722699053,
        "total_pagu_n_depan_urusan": 1788600000,
        "total_pagu_indikatif_bidang_urusan": 1722699053,
        "total_pagu_n_depan_bidang_urusan": 1788600000,
        "total_pagu_indikatif_program": 1599699053,
        "total_pagu_n_depan_program": 1673600000,
        "total_pagu_indikatif_kegiatan": 41748200,
        "total_pagu_n_depan_kegiatan": 44700000,
        "total_pagu_indikatif": 1722699053,
        "total_pagu_n_depan": 1788600000
    },
    {
        "migrated_at": null,
        "id_sub_bl": 64165,
        "id_daerah": 473,
        "tahun": 2026,
        "id_unit": 687,
        "id_skpd": 687,
        "created_user": 22974,
        "kode_skpd": "7.01.0.00.0.00.05.0000",
        "nama_skpd": "Kecamatan Air Padang",
        "id_urusan": 17,
        "kode_urusan": "7",
        "nama_urusan": "UNSUR KEWILAYAHAN",
        "id_bidang_urusan": 243,
        "kode_bidang_urusan": "7.01",
        "nama_bidang_urusan": "KECAMATAN",
        "id_sub_skpd": 687,
        "kode_sub_skpd": "7.01.0.00.0.00.05.0000",
        "nama_sub_skpd": "Kecamatan Air Padang",
        "id_program": 4451,
        "kode_program": "7.01.01",
        "nama_program": "PROGRAM PENUNJANG URUSAN PEMERINTAHAN DAERAH KABUPATEN/KOTA",
        "outcome": "[ Terselenggaranya Penunjang urusan Pemerintahan Daerah Kecamatan Air Padang ]",
        "indikator_outcome": "Persentase pemenuhan kebutuhan penunjang Perangkat Daerah",
        "target_akhir": "100",
        "realisasi_capaian": "100",
        "prakiraan": "100",
        "target_maju_1": "100",
        "urai_output": "Persentase Pemenuhan Administrasi Umum Perangkat Daerah",
        "id_giat": 18376,
        "kode_giat": "7.01.01.2.06",
        "nama_giat": "Administrasi Umum Perangkat Daerah",
        "id_sub_giat": 60639,
        "kode_sub_giat": "7.01.01.2.06.0005",
        "nama_sub_giat": "Penyediaan Barang Cetakan dan Penggandaan",
        "pagu": 1508400,
        "pagu_indikatif": 1508400,
        "pagu_n_depan": 1800000,
        "kode_bl": "687.687.4451.18376",
        "kode_sbl": "687.687.4451.18376.60639",
        "urusan_locked": 0,
        "bidang_urusan_locked": 0,
        "program_locked": 0,
        "giat_locked": 0,
        "sub_giat_locked": 0,
        "kunci_bl": 1,
        "kunci_bl_rinci": 1,
        "id_output_bl": 61872,
        "satuan_output": "Paket",
        "tolak_ukur_output": "Jumlah Paket Barang Cetakan dan Penggandaan yang Disediakan",
        "target_teks_output": "1 Paket",
        "satuan_capaian": null,
        "tolak_ukur_capaian": null,
        "target_teks_capaian": null,
        "satuan_sub": null,
        "tolok_ukur_sub": null,
        "target_sub_teks": null,
        "tolak_ukur_n": "Jumlah Paket Barang Cetakan dan Penggandaan yang Disediakan",
        "target_teks_n": "1 Paket",
        "kode_dana": "1.2.01.08",
        "nama_dana": "Dana Alokasi Umum (DAU)",
        "lokasi_bl": "Kab. Bengkulu Utara, Semua Kecamatan, Semua Kel/Desa",
        "id_label_pusat": 0,
        "label_pusat": null,
        "id_label_prov": 398,
        "label_prov": "4. Inovasi dan Tata Kelola Pemerintahan",
        "id_label_kokab": 5210,
        "label_kokab": "5. Inovasi dan Tata Kelola Pemerintahan",
        "kelompok_sasaran": null,
        "target_akhir_program_renstra": null,
        "target_min_1_program_renstra": null,
        "target_n_program_renstra": null,
        "target_akhir_giat_renstra": null,
        "target_min_1_giat_renstra": null,
        "target_n_giat_renstra": null,
        "target_akhir_sub_giat_renstra": " ",
        "target_min_1_sub_giat_renstra": " ",
        "target_n_sub_giat_renstra": " ",
        "total_pagu_indikatif_sub_skpd": 1722699053,
        "total_pagu_n_depan_sub_skpd": 1788600000,
        "total_pagu_indikatif_urusan": 1722699053,
        "total_pagu_n_depan_urusan": 1788600000,
        "total_pagu_indikatif_bidang_urusan": 1722699053,
        "total_pagu_n_depan_bidang_urusan": 1788600000,
        "total_pagu_indikatif_program": 1599699053,
        "total_pagu_n_depan_program": 1673600000,
        "total_pagu_indikatif_kegiatan": 41748200,
        "total_pagu_n_depan_kegiatan": 44700000,
        "total_pagu_indikatif": 1722699053,
        "total_pagu_n_depan": 1788600000
    },
    {
        "migrated_at": null,
        "id_sub_bl": 64166,
        "id_daerah": 473,
        "tahun": 2026,
        "id_unit": 687,
        "id_skpd": 687,
        "created_user": 22974,
        "kode_skpd": "7.01.0.00.0.00.05.0000",
        "nama_skpd": "Kecamatan Air Padang",
        "id_urusan": 17,
        "kode_urusan": "7",
        "nama_urusan": "UNSUR KEWILAYAHAN",
        "id_bidang_urusan": 243,
        "kode_bidang_urusan": "7.01",
        "nama_bidang_urusan": "KECAMATAN",
        "id_sub_skpd": 687,
        "kode_sub_skpd": "7.01.0.00.0.00.05.0000",
        "nama_sub_skpd": "Kecamatan Air Padang",
        "id_program": 4451,
        "kode_program": "7.01.01",
        "nama_program": "PROGRAM PENUNJANG URUSAN PEMERINTAHAN DAERAH KABUPATEN/KOTA",
        "outcome": "[ Terselenggaranya Penunjang urusan Pemerintahan Daerah Kecamatan Air Padang ]",
        "indikator_outcome": "Persentase pemenuhan kebutuhan penunjang Perangkat Daerah",
        "target_akhir": "100",
        "realisasi_capaian": "100",
        "prakiraan": "100",
        "target_maju_1": "100",
        "urai_output": "Persentase Pemenuhan Administrasi Umum Perangkat Daerah",
        "id_giat": 18376,
        "kode_giat": "7.01.01.2.06",
        "nama_giat": "Administrasi Umum Perangkat Daerah",
        "id_sub_giat": 60640,
        "kode_sub_giat": "7.01.01.2.06.0006",
        "nama_sub_giat": "Penyediaan Bahan Bacaan dan Peraturan Perundang-undangan",
        "pagu": 4032000,
        "pagu_indikatif": 4032000,
        "pagu_n_depan": 5000000,
        "kode_bl": "687.687.4451.18376",
        "kode_sbl": "687.687.4451.18376.60640",
        "urusan_locked": 0,
        "bidang_urusan_locked": 0,
        "program_locked": 0,
        "giat_locked": 0,
        "sub_giat_locked": 0,
        "kunci_bl": 1,
        "kunci_bl_rinci": 1,
        "id_output_bl": 61873,
        "satuan_output": "Dokumen",
        "tolak_ukur_output": "Jumlah Dokumen Bahan Bacaan dan Peraturan Perundang-Undangan yang Disediakan",
        "target_teks_output": "2 Dokumen",
        "satuan_capaian": null,
        "tolak_ukur_capaian": null,
        "target_teks_capaian": null,
        "satuan_sub": null,
        "tolok_ukur_sub": null,
        "target_sub_teks": null,
        "tolak_ukur_n": "Jumlah Dokumen Bahan Bacaan dan Peraturan Perundang-Undangan yang Disediakan",
        "target_teks_n": "2 Dokumen",
        "kode_dana": "1.2.01.08",
        "nama_dana": "Dana Alokasi Umum (DAU)",
        "lokasi_bl": "Kab. Bengkulu Utara, Semua Kecamatan, Semua Kel/Desa",
        "id_label_pusat": 0,
        "label_pusat": null,
        "id_label_prov": 398,
        "label_prov": "4. Inovasi dan Tata Kelola Pemerintahan",
        "id_label_kokab": 5210,
        "label_kokab": "5. Inovasi dan Tata Kelola Pemerintahan",
        "kelompok_sasaran": null,
        "target_akhir_program_renstra": null,
        "target_min_1_program_renstra": null,
        "target_n_program_renstra": null,
        "target_akhir_giat_renstra": null,
        "target_min_1_giat_renstra": null,
        "target_n_giat_renstra": null,
        "target_akhir_sub_giat_renstra": " ",
        "target_min_1_sub_giat_renstra": " ",
        "target_n_sub_giat_renstra": " ",
        "total_pagu_indikatif_sub_skpd": 1722699053,
        "total_pagu_n_depan_sub_skpd": 1788600000,
        "total_pagu_indikatif_urusan": 1722699053,
        "total_pagu_n_depan_urusan": 1788600000,
        "total_pagu_indikatif_bidang_urusan": 1722699053,
        "total_pagu_n_depan_bidang_urusan": 1788600000,
        "total_pagu_indikatif_program": 1599699053,
        "total_pagu_n_depan_program": 1673600000,
        "total_pagu_indikatif_kegiatan": 41748200,
        "total_pagu_n_depan_kegiatan": 44700000,
        "total_pagu_indikatif": 1722699053,
        "total_pagu_n_depan": 1788600000
    },
    {
        "migrated_at": null,
        "id_sub_bl": 64167,
        "id_daerah": 473,
        "tahun": 2026,
        "id_unit": 687,
        "id_skpd": 687,
        "created_user": 22974,
        "kode_skpd": "7.01.0.00.0.00.05.0000",
        "nama_skpd": "Kecamatan Air Padang",
        "id_urusan": 17,
        "kode_urusan": "7",
        "nama_urusan": "UNSUR KEWILAYAHAN",
        "id_bidang_urusan": 243,
        "kode_bidang_urusan": "7.01",
        "nama_bidang_urusan": "KECAMATAN",
        "id_sub_skpd": 687,
        "kode_sub_skpd": "7.01.0.00.0.00.05.0000",
        "nama_sub_skpd": "Kecamatan Air Padang",
        "id_program": 4451,
        "kode_program": "7.01.01",
        "nama_program": "PROGRAM PENUNJANG URUSAN PEMERINTAHAN DAERAH KABUPATEN/KOTA",
        "outcome": "[ Terselenggaranya Penunjang urusan Pemerintahan Daerah Kecamatan Air Padang ]",
        "indikator_outcome": "Persentase pemenuhan kebutuhan penunjang Perangkat Daerah",
        "target_akhir": "100",
        "realisasi_capaian": "100",
        "prakiraan": "100",
        "target_maju_1": "100",
        "urai_output": "Persentase Pemenuhan Administrasi Umum Perangkat Daerah",
        "id_giat": 18376,
        "kode_giat": "7.01.01.2.06",
        "nama_giat": "Administrasi Umum Perangkat Daerah",
        "id_sub_giat": 60643,
        "kode_sub_giat": "7.01.01.2.06.0009",
        "nama_sub_giat": "Penyelenggaraan Rapat Koordinasi dan Konsultasi SKPD",
        "pagu": 16750600,
        "pagu_indikatif": 16750600,
        "pagu_n_depan": 18000000,
        "kode_bl": "687.687.4451.18376",
        "kode_sbl": "687.687.4451.18376.60643",
        "urusan_locked": 0,
        "bidang_urusan_locked": 0,
        "program_locked": 0,
        "giat_locked": 0,
        "sub_giat_locked": 0,
        "kunci_bl": 1,
        "kunci_bl_rinci": 1,
        "id_output_bl": 61874,
        "satuan_output": "Laporan",
        "tolak_ukur_output": "Jumlah Laporan Penyelenggaraan Rapat Koordinasi dan Konsultasi SKPD",
        "target_teks_output": "80 Laporan",
        "satuan_capaian": null,
        "tolak_ukur_capaian": null,
        "target_teks_capaian": null,
        "satuan_sub": null,
        "tolok_ukur_sub": null,
        "target_sub_teks": null,
        "tolak_ukur_n": "Jumlah Laporan Penyelenggaraan Rapat Koordinasi dan Konsultasi SKPD",
        "target_teks_n": "80 Laporan",
        "kode_dana": "1.2.01.08",
        "nama_dana": "Dana Alokasi Umum (DAU)",
        "lokasi_bl": "Kab. Bengkulu Utara, Semua Kecamatan, Semua Kel/Desa",
        "id_label_pusat": 0,
        "label_pusat": null,
        "id_label_prov": 398,
        "label_prov": "4. Inovasi dan Tata Kelola Pemerintahan",
        "id_label_kokab": 5210,
        "label_kokab": "5. Inovasi dan Tata Kelola Pemerintahan",
        "kelompok_sasaran": null,
        "target_akhir_program_renstra": null,
        "target_min_1_program_renstra": null,
        "target_n_program_renstra": null,
        "target_akhir_giat_renstra": null,
        "target_min_1_giat_renstra": null,
        "target_n_giat_renstra": null,
        "target_akhir_sub_giat_renstra": " ",
        "target_min_1_sub_giat_renstra": " ",
        "target_n_sub_giat_renstra": " ",
        "total_pagu_indikatif_sub_skpd": 1722699053,
        "total_pagu_n_depan_sub_skpd": 1788600000,
        "total_pagu_indikatif_urusan": 1722699053,
        "total_pagu_n_depan_urusan": 1788600000,
        "total_pagu_indikatif_bidang_urusan": 1722699053,
        "total_pagu_n_depan_bidang_urusan": 1788600000,
        "total_pagu_indikatif_program": 1599699053,
        "total_pagu_n_depan_program": 1673600000,
        "total_pagu_indikatif_kegiatan": 41748200,
        "total_pagu_n_depan_kegiatan": 44700000,
        "total_pagu_indikatif": 1722699053,
        "total_pagu_n_depan": 1788600000
    },
    {
        "migrated_at": null,
        "id_sub_bl": 64168,
        "id_daerah": 473,
        "tahun": 2026,
        "id_unit": 687,
        "id_skpd": 687,
        "created_user": 22974,
        "kode_skpd": "7.01.0.00.0.00.05.0000",
        "nama_skpd": "Kecamatan Air Padang",
        "id_urusan": 17,
        "kode_urusan": "7",
        "nama_urusan": "UNSUR KEWILAYAHAN",
        "id_bidang_urusan": 243,
        "kode_bidang_urusan": "7.01",
        "nama_bidang_urusan": "KECAMATAN",
        "id_sub_skpd": 687,
        "kode_sub_skpd": "7.01.0.00.0.00.05.0000",
        "nama_sub_skpd": "Kecamatan Air Padang",
        "id_program": 4451,
        "kode_program": "7.01.01",
        "nama_program": "PROGRAM PENUNJANG URUSAN PEMERINTAHAN DAERAH KABUPATEN/KOTA",
        "outcome": "[ Terselenggaranya Penunjang urusan Pemerintahan Daerah Kecamatan Air Padang ]",
        "indikator_outcome": "Persentase pemenuhan kebutuhan penunjang Perangkat Daerah",
        "target_akhir": "100",
        "realisasi_capaian": "100",
        "prakiraan": "100",
        "target_maju_1": "100",
        "urai_output": "Persentase Tingkat Pengadaan BMD",
        "id_giat": 18377,
        "kode_giat": "7.01.01.2.07",
        "nama_giat": "Pengadaan Barang Milik Daerah Penunjang Urusan Pemerintah Daerah",
        "id_sub_giat": 60655,
        "kode_sub_giat": "7.01.01.2.07.0010",
        "nama_sub_giat": "Pengadaan Sarana dan Prasarana Gedung Kantor atau Bangunan Lainnya",
        "pagu": 30000000,
        "pagu_indikatif": 30000000,
        "pagu_n_depan": 17000000,
        "kode_bl": "687.687.4451.18377",
        "kode_sbl": "687.687.4451.18377.60655",
        "urusan_locked": 0,
        "bidang_urusan_locked": 0,
        "program_locked": 0,
        "giat_locked": 0,
        "sub_giat_locked": 0,
        "kunci_bl": 1,
        "kunci_bl_rinci": 1,
        "id_output_bl": 61875,
        "satuan_output": "Unit",
        "tolak_ukur_output": "Jumlah Unit Sarana dan Prasarana Gedung Kantor atau Bangunan Lainnya yang Disediakan",
        "target_teks_output": "10 Unit",
        "satuan_capaian": null,
        "tolak_ukur_capaian": null,
        "target_teks_capaian": null,
        "satuan_sub": null,
        "tolok_ukur_sub": null,
        "target_sub_teks": null,
        "tolak_ukur_n": "Jumlah Unit Sarana dan Prasarana Gedung Kantor atau Bangunan Lainnya yang Disediakan",
        "target_teks_n": "10 Unit",
        "kode_dana": "1.2.01.08",
        "nama_dana": "Dana Alokasi Umum (DAU)",
        "lokasi_bl": "Kab. Bengkulu Utara, Semua Kecamatan, Semua Kel/Desa",
        "id_label_pusat": 0,
        "label_pusat": null,
        "id_label_prov": 398,
        "label_prov": "4. Inovasi dan Tata Kelola Pemerintahan",
        "id_label_kokab": 5210,
        "label_kokab": "5. Inovasi dan Tata Kelola Pemerintahan",
        "kelompok_sasaran": null,
        "target_akhir_program_renstra": null,
        "target_min_1_program_renstra": null,
        "target_n_program_renstra": null,
        "target_akhir_giat_renstra": null,
        "target_min_1_giat_renstra": null,
        "target_n_giat_renstra": null,
        "target_akhir_sub_giat_renstra": " ",
        "target_min_1_sub_giat_renstra": " ",
        "target_n_sub_giat_renstra": " ",
        "total_pagu_indikatif_sub_skpd": 1722699053,
        "total_pagu_n_depan_sub_skpd": 1788600000,
        "total_pagu_indikatif_urusan": 1722699053,
        "total_pagu_n_depan_urusan": 1788600000,
        "total_pagu_indikatif_bidang_urusan": 1722699053,
        "total_pagu_n_depan_bidang_urusan": 1788600000,
        "total_pagu_indikatif_program": 1599699053,
        "total_pagu_n_depan_program": 1673600000,
        "total_pagu_indikatif_kegiatan": 30000000,
        "total_pagu_n_depan_kegiatan": 17000000,
        "total_pagu_indikatif": 1722699053,
        "total_pagu_n_depan": 1788600000
    },
    {
        "migrated_at": null,
        "id_sub_bl": 64169,
        "id_daerah": 473,
        "tahun": 2026,
        "id_unit": 687,
        "id_skpd": 687,
        "created_user": 22974,
        "kode_skpd": "7.01.0.00.0.00.05.0000",
        "nama_skpd": "Kecamatan Air Padang",
        "id_urusan": 17,
        "kode_urusan": "7",
        "nama_urusan": "UNSUR KEWILAYAHAN",
        "id_bidang_urusan": 243,
        "kode_bidang_urusan": "7.01",
        "nama_bidang_urusan": "KECAMATAN",
        "id_sub_skpd": 687,
        "kode_sub_skpd": "7.01.0.00.0.00.05.0000",
        "nama_sub_skpd": "Kecamatan Air Padang",
        "id_program": 4451,
        "kode_program": "7.01.01",
        "nama_program": "PROGRAM PENUNJANG URUSAN PEMERINTAHAN DAERAH KABUPATEN/KOTA",
        "outcome": "[ Terselenggaranya Penunjang urusan Pemerintahan Daerah Kecamatan Air Padang ]",
        "indikator_outcome": "Persentase pemenuhan kebutuhan penunjang Perangkat Daerah",
        "target_akhir": "100",
        "realisasi_capaian": "100",
        "prakiraan": "100",
        "target_maju_1": "100",
        "urai_output": "Persentase Penyediaan Jasa Penunjang Urusan Pemerintah Daerah",
        "id_giat": 18378,
        "kode_giat": "7.01.01.2.08",
        "nama_giat": "Penyediaan Jasa Penunjang Urusan Pemerintahan Daerah",
        "id_sub_giat": 60658,
        "kode_sub_giat": "7.01.01.2.08.0002",
        "nama_sub_giat": "Penyediaan Jasa Komunikasi, Sumber Daya Air dan Listrik",
        "pagu": 26200000,
        "pagu_indikatif": 26200000,
        "pagu_n_depan": 28000000,
        "kode_bl": "687.687.4451.18378",
        "kode_sbl": "687.687.4451.18378.60658",
        "urusan_locked": 0,
        "bidang_urusan_locked": 0,
        "program_locked": 0,
        "giat_locked": 0,
        "sub_giat_locked": 0,
        "kunci_bl": 1,
        "kunci_bl_rinci": 1,
        "id_output_bl": 61876,
        "satuan_output": "Laporan",
        "tolak_ukur_output": "Jumlah Laporan Penyediaan Jasa Komunikasi, Sumber Daya Air dan Listrik yang Disediakan",
        "target_teks_output": "12 Laporan",
        "satuan_capaian": null,
        "tolak_ukur_capaian": null,
        "target_teks_capaian": null,
        "satuan_sub": null,
        "tolok_ukur_sub": null,
        "target_sub_teks": null,
        "tolak_ukur_n": "Jumlah Laporan Penyediaan Jasa Komunikasi, Sumber Daya Air dan Listrik yang Disediakan",
        "target_teks_n": "12 Laporan",
        "kode_dana": "1.2.01.08",
        "nama_dana": "Dana Alokasi Umum (DAU)",
        "lokasi_bl": "Kab. Bengkulu Utara, Semua Kecamatan, Semua Kel/Desa",
        "id_label_pusat": 0,
        "label_pusat": null,
        "id_label_prov": 398,
        "label_prov": "4. Inovasi dan Tata Kelola Pemerintahan",
        "id_label_kokab": 5210,
        "label_kokab": "5. Inovasi dan Tata Kelola Pemerintahan",
        "kelompok_sasaran": null,
        "target_akhir_program_renstra": null,
        "target_min_1_program_renstra": null,
        "target_n_program_renstra": null,
        "target_akhir_giat_renstra": null,
        "target_min_1_giat_renstra": null,
        "target_n_giat_renstra": null,
        "target_akhir_sub_giat_renstra": " ",
        "target_min_1_sub_giat_renstra": " ",
        "target_n_sub_giat_renstra": " ",
        "total_pagu_indikatif_sub_skpd": 1722699053,
        "total_pagu_n_depan_sub_skpd": 1788600000,
        "total_pagu_indikatif_urusan": 1722699053,
        "total_pagu_n_depan_urusan": 1788600000,
        "total_pagu_indikatif_bidang_urusan": 1722699053,
        "total_pagu_n_depan_bidang_urusan": 1788600000,
        "total_pagu_indikatif_program": 1599699053,
        "total_pagu_n_depan_program": 1673600000,
        "total_pagu_indikatif_kegiatan": 95200000,
        "total_pagu_n_depan_kegiatan": 98000000,
        "total_pagu_indikatif": 1722699053,
        "total_pagu_n_depan": 1788600000
    },
    {
        "migrated_at": null,
        "id_sub_bl": 64170,
        "id_daerah": 473,
        "tahun": 2026,
        "id_unit": 687,
        "id_skpd": 687,
        "created_user": 22974,
        "kode_skpd": "7.01.0.00.0.00.05.0000",
        "nama_skpd": "Kecamatan Air Padang",
        "id_urusan": 17,
        "kode_urusan": "7",
        "nama_urusan": "UNSUR KEWILAYAHAN",
        "id_bidang_urusan": 243,
        "kode_bidang_urusan": "7.01",
        "nama_bidang_urusan": "KECAMATAN",
        "id_sub_skpd": 687,
        "kode_sub_skpd": "7.01.0.00.0.00.05.0000",
        "nama_sub_skpd": "Kecamatan Air Padang",
        "id_program": 4451,
        "kode_program": "7.01.01",
        "nama_program": "PROGRAM PENUNJANG URUSAN PEMERINTAHAN DAERAH KABUPATEN/KOTA",
        "outcome": "[ Terselenggaranya Penunjang urusan Pemerintahan Daerah Kecamatan Air Padang ]",
        "indikator_outcome": "Persentase pemenuhan kebutuhan penunjang Perangkat Daerah",
        "target_akhir": "100",
        "realisasi_capaian": "100",
        "prakiraan": "100",
        "target_maju_1": "100",
        "urai_output": "Persentase Penyediaan Jasa Penunjang Urusan Pemerintah Daerah",
        "id_giat": 18378,
        "kode_giat": "7.01.01.2.08",
        "nama_giat": "Penyediaan Jasa Penunjang Urusan Pemerintahan Daerah",
        "id_sub_giat": 60660,
        "kode_sub_giat": "7.01.01.2.08.0004",
        "nama_sub_giat": "Penyediaan Jasa Pelayanan Umum Kantor",
        "pagu": 69000000,
        "pagu_indikatif": 69000000,
        "pagu_n_depan": 70000000,
        "kode_bl": "687.687.4451.18378",
        "kode_sbl": "687.687.4451.18378.60660",
        "urusan_locked": 0,
        "bidang_urusan_locked": 0,
        "program_locked": 0,
        "giat_locked": 0,
        "sub_giat_locked": 0,
        "kunci_bl": 1,
        "kunci_bl_rinci": 1,
        "id_output_bl": 61877,
        "satuan_output": "Laporan",
        "tolak_ukur_output": "Jumlah Laporan Penyediaan Jasa Pelayanan Umum Kantor yang Disediakan",
        "target_teks_output": "12 Laporan",
        "satuan_capaian": null,
        "tolak_ukur_capaian": null,
        "target_teks_capaian": null,
        "satuan_sub": null,
        "tolok_ukur_sub": null,
        "target_sub_teks": null,
        "tolak_ukur_n": "Jumlah Laporan Penyediaan Jasa Pelayanan Umum Kantor yang Disediakan",
        "target_teks_n": "12 Laporan",
        "kode_dana": "1.2.01.08",
        "nama_dana": "Dana Alokasi Umum (DAU)",
        "lokasi_bl": "Kab. Bengkulu Utara, Semua Kecamatan, Semua Kel/Desa",
        "id_label_pusat": 0,
        "label_pusat": null,
        "id_label_prov": 398,
        "label_prov": "4. Inovasi dan Tata Kelola Pemerintahan",
        "id_label_kokab": 5210,
        "label_kokab": "5. Inovasi dan Tata Kelola Pemerintahan",
        "kelompok_sasaran": null,
        "target_akhir_program_renstra": null,
        "target_min_1_program_renstra": null,
        "target_n_program_renstra": null,
        "target_akhir_giat_renstra": null,
        "target_min_1_giat_renstra": null,
        "target_n_giat_renstra": null,
        "target_akhir_sub_giat_renstra": " ",
        "target_min_1_sub_giat_renstra": " ",
        "target_n_sub_giat_renstra": " ",
        "total_pagu_indikatif_sub_skpd": 1722699053,
        "total_pagu_n_depan_sub_skpd": 1788600000,
        "total_pagu_indikatif_urusan": 1722699053,
        "total_pagu_n_depan_urusan": 1788600000,
        "total_pagu_indikatif_bidang_urusan": 1722699053,
        "total_pagu_n_depan_bidang_urusan": 1788600000,
        "total_pagu_indikatif_program": 1599699053,
        "total_pagu_n_depan_program": 1673600000,
        "total_pagu_indikatif_kegiatan": 95200000,
        "total_pagu_n_depan_kegiatan": 98000000,
        "total_pagu_indikatif": 1722699053,
        "total_pagu_n_depan": 1788600000
    },
    {
        "migrated_at": null,
        "id_sub_bl": 64172,
        "id_daerah": 473,
        "tahun": 2026,
        "id_unit": 687,
        "id_skpd": 687,
        "created_user": 22974,
        "kode_skpd": "7.01.0.00.0.00.05.0000",
        "nama_skpd": "Kecamatan Air Padang",
        "id_urusan": 17,
        "kode_urusan": "7",
        "nama_urusan": "UNSUR KEWILAYAHAN",
        "id_bidang_urusan": 243,
        "kode_bidang_urusan": "7.01",
        "nama_bidang_urusan": "KECAMATAN",
        "id_sub_skpd": 687,
        "kode_sub_skpd": "7.01.0.00.0.00.05.0000",
        "nama_sub_skpd": "Kecamatan Air Padang",
        "id_program": 4451,
        "kode_program": "7.01.01",
        "nama_program": "PROGRAM PENUNJANG URUSAN PEMERINTAHAN DAERAH KABUPATEN/KOTA",
        "outcome": "[ Terselenggaranya Penunjang urusan Pemerintahan Daerah Kecamatan Air Padang ]",
        "indikator_outcome": "Persentase pemenuhan kebutuhan penunjang Perangkat Daerah",
        "target_akhir": "100",
        "realisasi_capaian": "100",
        "prakiraan": "100",
        "target_maju_1": "100",
        "urai_output": "Persentase Pemenuhan Pemeliharaan BMD",
        "id_giat": 18379,
        "kode_giat": "7.01.01.2.09",
        "nama_giat": "Pemeliharaan Barang Milik Daerah Penunjang Urusan Pemerintahan Daerah",
        "id_sub_giat": 60662,
        "kode_sub_giat": "7.01.01.2.09.0002",
        "nama_sub_giat": "Penyediaan Jasa Pemeliharaan, Biaya Pemeliharaan, Pajak dan Perizinan Kendaraan Dinas Operasional atau Lapangan",
        "pagu": 16000000,
        "pagu_indikatif": 16000000,
        "pagu_n_depan": 18000000,
        "kode_bl": "687.687.4451.18379",
        "kode_sbl": "687.687.4451.18379.60662",
        "urusan_locked": 0,
        "bidang_urusan_locked": 0,
        "program_locked": 0,
        "giat_locked": 0,
        "sub_giat_locked": 0,
        "kunci_bl": 1,
        "kunci_bl_rinci": 1,
        "id_output_bl": 61879,
        "satuan_output": "Unit",
        "tolak_ukur_output": "Jumlah Kendaraan Dinas Operasional atau Lapangan yang Dipelihara dan dibayarkan Pajak dan Perizinannya",
        "target_teks_output": "4 Unit",
        "satuan_capaian": null,
        "tolak_ukur_capaian": null,
        "target_teks_capaian": null,
        "satuan_sub": null,
        "tolok_ukur_sub": null,
        "target_sub_teks": null,
        "tolak_ukur_n": "Jumlah Kendaraan Dinas Operasional atau Lapangan yang Dipelihara dan dibayarkan Pajak dan Perizinannya",
        "target_teks_n": "4 Unit",
        "kode_dana": "1.2.01.08",
        "nama_dana": "Dana Alokasi Umum (DAU)",
        "lokasi_bl": "Kab. Bengkulu Utara, Semua Kecamatan, Semua Kel/Desa",
        "id_label_pusat": 0,
        "label_pusat": null,
        "id_label_prov": 398,
        "label_prov": "4. Inovasi dan Tata Kelola Pemerintahan",
        "id_label_kokab": 5210,
        "label_kokab": "5. Inovasi dan Tata Kelola Pemerintahan",
        "kelompok_sasaran": null,
        "target_akhir_program_renstra": null,
        "target_min_1_program_renstra": null,
        "target_n_program_renstra": null,
        "target_akhir_giat_renstra": null,
        "target_min_1_giat_renstra": null,
        "target_n_giat_renstra": null,
        "target_akhir_sub_giat_renstra": " ",
        "target_min_1_sub_giat_renstra": " ",
        "target_n_sub_giat_renstra": " ",
        "total_pagu_indikatif_sub_skpd": 1722699053,
        "total_pagu_n_depan_sub_skpd": 1788600000,
        "total_pagu_indikatif_urusan": 1722699053,
        "total_pagu_n_depan_urusan": 1788600000,
        "total_pagu_indikatif_bidang_urusan": 1722699053,
        "total_pagu_n_depan_bidang_urusan": 1788600000,
        "total_pagu_indikatif_program": 1599699053,
        "total_pagu_n_depan_program": 1673600000,
        "total_pagu_indikatif_kegiatan": 20000000,
        "total_pagu_n_depan_kegiatan": 23000000,
        "total_pagu_indikatif": 1722699053,
        "total_pagu_n_depan": 1788600000
    },
    {
        "migrated_at": null,
        "id_sub_bl": 64174,
        "id_daerah": 473,
        "tahun": 2026,
        "id_unit": 687,
        "id_skpd": 687,
        "created_user": 22974,
        "kode_skpd": "7.01.0.00.0.00.05.0000",
        "nama_skpd": "Kecamatan Air Padang",
        "id_urusan": 17,
        "kode_urusan": "7",
        "nama_urusan": "UNSUR KEWILAYAHAN",
        "id_bidang_urusan": 243,
        "kode_bidang_urusan": "7.01",
        "nama_bidang_urusan": "KECAMATAN",
        "id_sub_skpd": 687,
        "kode_sub_skpd": "7.01.0.00.0.00.05.0000",
        "nama_sub_skpd": "Kecamatan Air Padang",
        "id_program": 4451,
        "kode_program": "7.01.01",
        "nama_program": "PROGRAM PENUNJANG URUSAN PEMERINTAHAN DAERAH KABUPATEN/KOTA",
        "outcome": "[ Terselenggaranya Penunjang urusan Pemerintahan Daerah Kecamatan Air Padang ]",
        "indikator_outcome": "Persentase pemenuhan kebutuhan penunjang Perangkat Daerah",
        "target_akhir": "100",
        "realisasi_capaian": "100",
        "prakiraan": "100",
        "target_maju_1": "100",
        "urai_output": "Persentase Pemenuhan Pemeliharaan BMD",
        "id_giat": 18379,
        "kode_giat": "7.01.01.2.09",
        "nama_giat": "Pemeliharaan Barang Milik Daerah Penunjang Urusan Pemerintahan Daerah",
        "id_sub_giat": 60666,
        "kode_sub_giat": "7.01.01.2.09.0006",
        "nama_sub_giat": "Pemeliharaan Peralatan dan Mesin Lainnya",
        "pagu": 4000000,
        "pagu_indikatif": 4000000,
        "pagu_n_depan": 5000000,
        "kode_bl": "687.687.4451.18379",
        "kode_sbl": "687.687.4451.18379.60666",
        "urusan_locked": 0,
        "bidang_urusan_locked": 0,
        "program_locked": 0,
        "giat_locked": 0,
        "sub_giat_locked": 0,
        "kunci_bl": 1,
        "kunci_bl_rinci": 1,
        "id_output_bl": 61881,
        "satuan_output": "Unit",
        "tolak_ukur_output": "Jumlah Peralatan dan Mesin Lainnya yang Dipelihara ",
        "target_teks_output": "3 Unit",
        "satuan_capaian": null,
        "tolak_ukur_capaian": null,
        "target_teks_capaian": null,
        "satuan_sub": null,
        "tolok_ukur_sub": null,
        "target_sub_teks": null,
        "tolak_ukur_n": "Jumlah Peralatan dan Mesin Lainnya yang Dipelihara ",
        "target_teks_n": "3 Unit",
        "kode_dana": "1.2.01.08",
        "nama_dana": "Dana Alokasi Umum (DAU)",
        "lokasi_bl": "Kab. Bengkulu Utara, Semua Kecamatan, Semua Kel/Desa",
        "id_label_pusat": 0,
        "label_pusat": null,
        "id_label_prov": 398,
        "label_prov": "4. Inovasi dan Tata Kelola Pemerintahan",
        "id_label_kokab": 5210,
        "label_kokab": "5. Inovasi dan Tata Kelola Pemerintahan",
        "kelompok_sasaran": null,
        "target_akhir_program_renstra": null,
        "target_min_1_program_renstra": null,
        "target_n_program_renstra": null,
        "target_akhir_giat_renstra": null,
        "target_min_1_giat_renstra": null,
        "target_n_giat_renstra": null,
        "target_akhir_sub_giat_renstra": " ",
        "target_min_1_sub_giat_renstra": " ",
        "target_n_sub_giat_renstra": " ",
        "total_pagu_indikatif_sub_skpd": 1722699053,
        "total_pagu_n_depan_sub_skpd": 1788600000,
        "total_pagu_indikatif_urusan": 1722699053,
        "total_pagu_n_depan_urusan": 1788600000,
        "total_pagu_indikatif_bidang_urusan": 1722699053,
        "total_pagu_n_depan_bidang_urusan": 1788600000,
        "total_pagu_indikatif_program": 1599699053,
        "total_pagu_n_depan_program": 1673600000,
        "total_pagu_indikatif_kegiatan": 20000000,
        "total_pagu_n_depan_kegiatan": 23000000,
        "total_pagu_indikatif": 1722699053,
        "total_pagu_n_depan": 1788600000
    },
    {
        "migrated_at": null,
        "id_sub_bl": 64176,
        "id_daerah": 473,
        "tahun": 2026,
        "id_unit": 687,
        "id_skpd": 687,
        "created_user": 22974,
        "kode_skpd": "7.01.0.00.0.00.05.0000",
        "nama_skpd": "Kecamatan Air Padang",
        "id_urusan": 17,
        "kode_urusan": "7",
        "nama_urusan": "UNSUR KEWILAYAHAN",
        "id_bidang_urusan": 243,
        "kode_bidang_urusan": "7.01",
        "nama_bidang_urusan": "KECAMATAN",
        "id_sub_skpd": 687,
        "kode_sub_skpd": "7.01.0.00.0.00.05.0000",
        "nama_sub_skpd": "Kecamatan Air Padang",
        "id_program": 4418,
        "kode_program": "7.01.03",
        "nama_program": "PROGRAM PEMBERDAYAAN MASYARAKAT DESA DAN KELURAHAN",
        "outcome": "[ Terselenggaranya Program Pemberdayaan Masyarakat Desa dan Kelurahan Kecamatan Air Padang ]",
        "indikator_outcome": "Persentase Pemberdayaan Masyarakat Desa dan Kelurahan",
        "target_akhir": "100",
        "realisasi_capaian": "100",
        "prakiraan": "100",
        "target_maju_1": "100",
        "urai_output": "Persentase  Koordinasi Kegiatan Pemberdayaan Desa",
        "id_giat": 18279,
        "kode_giat": "7.01.03.2.01",
        "nama_giat": "Koordinasi Kegiatan Pemberdayaan Desa",
        "id_sub_giat": 59913,
        "kode_sub_giat": "7.01.03.2.01.0001",
        "nama_sub_giat": "Peningkatan Partisipasi Masyarakat dalam Forum Musyawarah Perencanaan Pembangunan di Desa",
        "pagu": 23000000,
        "pagu_indikatif": 23000000,
        "pagu_n_depan": 25000000,
        "kode_bl": "687.687.4418.18279",
        "kode_sbl": "687.687.4418.18279.59913",
        "urusan_locked": 0,
        "bidang_urusan_locked": 0,
        "program_locked": 0,
        "giat_locked": 0,
        "sub_giat_locked": 0,
        "kunci_bl": 1,
        "kunci_bl_rinci": 1,
        "id_output_bl": 61883,
        "satuan_output": "Lembaga Kemasyarakatan",
        "tolak_ukur_output": "Jumlah Lembaga Kemasyarakatan yang Berpartisipasi dalam Forum Musyawarah Perencanaan Pembangunan di Desa ",
        "target_teks_output": "10 Lembaga Kemasyarakatan",
        "satuan_capaian": null,
        "tolak_ukur_capaian": null,
        "target_teks_capaian": null,
        "satuan_sub": null,
        "tolok_ukur_sub": null,
        "target_sub_teks": null,
        "tolak_ukur_n": "Jumlah Lembaga Kemasyarakatan yang Berpartisipasi dalam Forum Musyawarah Perencanaan Pembangunan di Desa ",
        "target_teks_n": "10 Lembaga Kemasyarakatan",
        "kode_dana": "1.2.01.08",
        "nama_dana": "Dana Alokasi Umum (DAU)",
        "lokasi_bl": "Kab. Bengkulu Utara, Semua Kecamatan, Semua Kel/Desa",
        "id_label_pusat": 0,
        "label_pusat": null,
        "id_label_prov": 398,
        "label_prov": "4. Inovasi dan Tata Kelola Pemerintahan",
        "id_label_kokab": 5210,
        "label_kokab": "5. Inovasi dan Tata Kelola Pemerintahan",
        "kelompok_sasaran": null,
        "target_akhir_program_renstra": null,
        "target_min_1_program_renstra": null,
        "target_n_program_renstra": null,
        "target_akhir_giat_renstra": null,
        "target_min_1_giat_renstra": null,
        "target_n_giat_renstra": null,
        "target_akhir_sub_giat_renstra": " ",
        "target_min_1_sub_giat_renstra": " ",
        "target_n_sub_giat_renstra": " ",
        "total_pagu_indikatif_sub_skpd": 1722699053,
        "total_pagu_n_depan_sub_skpd": 1788600000,
        "total_pagu_indikatif_urusan": 1722699053,
        "total_pagu_n_depan_urusan": 1788600000,
        "total_pagu_indikatif_bidang_urusan": 1722699053,
        "total_pagu_n_depan_bidang_urusan": 1788600000,
        "total_pagu_indikatif_program": 23000000,
        "total_pagu_n_depan_program": 25000000,
        "total_pagu_indikatif_kegiatan": 23000000,
        "total_pagu_n_depan_kegiatan": 25000000,
        "total_pagu_indikatif": 1722699053,
        "total_pagu_n_depan": 1788600000
    },
    {
        "migrated_at": null,
        "id_sub_bl": 64178,
        "id_daerah": 473,
        "tahun": 2026,
        "id_unit": 687,
        "id_skpd": 687,
        "created_user": 22974,
        "kode_skpd": "7.01.0.00.0.00.05.0000",
        "nama_skpd": "Kecamatan Air Padang",
        "id_urusan": 17,
        "kode_urusan": "7",
        "nama_urusan": "UNSUR KEWILAYAHAN",
        "id_bidang_urusan": 243,
        "kode_bidang_urusan": "7.01",
        "nama_bidang_urusan": "KECAMATAN",
        "id_sub_skpd": 687,
        "kode_sub_skpd": "7.01.0.00.0.00.05.0000",
        "nama_sub_skpd": "Kecamatan Air Padang",
        "id_program": 4423,
        "kode_program": "7.01.06",
        "nama_program": "PROGRAM PEMBINAAN DAN PENGAWASAN PEMERINTAHAN DESA",
        "outcome": "[ Terselenggaranya Program Pembinaan dan Pengawasan Pemerintahan Desa Kecamatan Air Padang ]",
        "indikator_outcome": "Persentase Tingkat Pembinaan dan Pengawasan Desa",
        "target_akhir": "100",
        "realisasi_capaian": "100",
        "prakiraan": "100",
        "target_maju_1": "100",
        "urai_output": "Persentase Fasilitasi Rekomendasi dan Koordinasi Pembinaan Pengawasan Pemerintahan Desa",
        "id_giat": 18290,
        "kode_giat": "7.01.06.2.01",
        "nama_giat": "Fasilitasi, Rekomendasi dan Koordinasi\n\nPembinaan dan Pengawasan Pemerintahan Desa",
        "id_sub_giat": 59975,
        "kode_sub_giat": "7.01.06.2.01.0016",
        "nama_sub_giat": "Fasilitasi Penyusunan Program dan Pelaksanaan Pemberdayaan Masyarakat Desa",
        "pagu": 100000000,
        "pagu_indikatif": 100000000,
        "pagu_n_depan": 90000000,
        "kode_bl": "687.687.4423.18290",
        "kode_sbl": "687.687.4423.18290.59975",
        "urusan_locked": 0,
        "bidang_urusan_locked": 0,
        "program_locked": 0,
        "giat_locked": 0,
        "sub_giat_locked": 0,
        "kunci_bl": 1,
        "kunci_bl_rinci": 1,
        "id_output_bl": 61885,
        "satuan_output": "Dokumen",
        "tolak_ukur_output": "Jumlah Dokumen Fasilitasi dalam rangka Program dan Pelaksanaan Pemberdayaan Masyarakat Desa",
        "target_teks_output": "1 Dokumen",
        "satuan_capaian": null,
        "tolak_ukur_capaian": null,
        "target_teks_capaian": null,
        "satuan_sub": null,
        "tolok_ukur_sub": null,
        "target_sub_teks": null,
        "tolak_ukur_n": "Jumlah Dokumen Fasilitasi dalam rangka Program dan Pelaksanaan Pemberdayaan Masyarakat Desa",
        "target_teks_n": "1 Dokumen",
        "kode_dana": "1.2.01.08",
        "nama_dana": "Dana Alokasi Umum (DAU)",
        "lokasi_bl": "Kab. Bengkulu Utara, Semua Kecamatan, Semua Kel/Desa",
        "id_label_pusat": 0,
        "label_pusat": null,
        "id_label_prov": 398,
        "label_prov": "4. Inovasi dan Tata Kelola Pemerintahan",
        "id_label_kokab": 5210,
        "label_kokab": "5. Inovasi dan Tata Kelola Pemerintahan",
        "kelompok_sasaran": null,
        "target_akhir_program_renstra": null,
        "target_min_1_program_renstra": null,
        "target_n_program_renstra": null,
        "target_akhir_giat_renstra": null,
        "target_min_1_giat_renstra": null,
        "target_n_giat_renstra": null,
        "target_akhir_sub_giat_renstra": " ",
        "target_min_1_sub_giat_renstra": " ",
        "target_n_sub_giat_renstra": " ",
        "total_pagu_indikatif_sub_skpd": 1722699053,
        "total_pagu_n_depan_sub_skpd": 1788600000,
        "total_pagu_indikatif_urusan": 1722699053,
        "total_pagu_n_depan_urusan": 1788600000,
        "total_pagu_indikatif_bidang_urusan": 1722699053,
        "total_pagu_n_depan_bidang_urusan": 1788600000,
        "total_pagu_indikatif_program": 100000000,
        "total_pagu_n_depan_program": 90000000,
        "total_pagu_indikatif_kegiatan": 100000000,
        "total_pagu_n_depan_kegiatan": 90000000,
        "total_pagu_indikatif": 1722699053,
        "total_pagu_n_depan": 1788600000
    }
]